condition,class_label,feature,feature_group,weight_type,mean_weight_missing_as_zero,sample_std_weight_missing_as_zero,median_weight_missing_as_zero,mean_absolute_weight_missing_as_zero,minimum_weight,maximum_weight,fold_presence_count,fold_presence_fraction,nonzero_fold_count,positive_fold_fraction,negative_fold_fraction,sign_consistency_nonzero,top_k_fold_count,top_k_fold_fraction
A_RIDGE,1,symptoms,textual,coefficient,0.46617713415694706,0.09100993249774465,0.5014174415984316,0.46617713415694706,0.33344254226487374,0.5592680221391345,5,1.0,5,1.0,0.0,1.0,5,1.0
A_RIDGE,1,tasks,textual,coefficient,0.27850537460966224,0.04544322275748675,0.29122124486041423,0.27850537460966224,0.2041063348114056,0.32360640355849396,5,1.0,5,1.0,0.0,1.0,5,1.0
A_RIDGE,1,brain,textual,coefficient,-0.25383164206284564,0.04591224524221027,-0.2563608252232563,0.25383164206284564,-0.32408033940278047,-0.2080828140992531,5,1.0,5,0.0,1.0,1.0,5,1.0
A_RIDGE,1,dopamine,textual,coefficient,-0.24235137527095807,0.03254793877567507,-0.2287322529103526,0.24235137527095807,-0.2985727476279412,-0.21715424650562123,5,1.0,5,0.0,1.0,1.0,5,1.0
A_RIDGE,1,music,textual,coefficient,0.2408684424862829,0.039528542442934834,0.23112609162061665,0.2408684424862829,0.19820671277717383,0.29360916549454436,5,1.0,5,1.0,0.0,1.0,5,1.0
A_RIDGE,1,stimulant,textual,coefficient,0.22095265910722675,0.04150007272103973,0.22174162723934582,0.22095265910722675,0.15443145060118774,0.2649963235221253,5,1.0,5,1.0,0.0,1.0,4,0.8
A_RIDGE,1,trouble,textual,coefficient,0.21494575411712794,0.03932435657942706,0.22650159271891734,0.21494575411712794,0.1485368605527438,0.2489473793748498,5,1.0,5,1.0,0.0,1.0,4,0.8
A_RIDGE,1,need,textual,coefficient,-0.2036057772662093,0.04291700294127099,-0.2034179018172152,0.2036057772662093,-0.2583828811220332,-0.15225786218369122,5,1.0,5,0.0,1.0,1.0,4,0.8
A_RIDGE,1,good,textual,coefficient,-0.18378527666102146,0.029609113156109496,-0.16900328626284622,0.18378527666102146,-0.22571965439027344,-0.15636238220328214,5,1.0,5,0.0,1.0,1.0,4,0.8
A_RIDGE,1,having,textual,coefficient,0.17484282440959648,0.040555610853379574,0.1747719321988549,0.17484282440959648,0.12165004962709405,0.2323701358683618,5,1.0,5,1.0,0.0,1.0,4,0.8
A_RIDGE,1,actually,textual,coefficient,-0.19003295566558545,0.046949930182720305,-0.19254213805464407,0.19003295566558545,-0.2612222521166577,-0.14208396909181706,5,1.0,5,0.0,1.0,1.0,3,0.6
A_RIDGE,1,common,textual,coefficient,0.1743586787658665,0.02883124786982763,0.1906036043217336,0.1743586787658665,0.1391958587240998,0.20117480927294656,5,1.0,5,1.0,0.0,1.0,3,0.6
A_RIDGE,1,impulsivity,textual,coefficient,0.17188961334478578,0.03616271804276728,0.16690054661191403,0.17188961334478578,0.13059281246538781,0.22514046992500641,5,1.0,5,1.0,0.0,1.0,3,0.6
A_RIDGE,1,medication,textual,coefficient,0.1660047296673431,0.05808350775347226,0.1735831050589052,0.1660047296673431,0.09401637028401026,0.23958787815927735,5,1.0,5,1.0,0.0,1.0,3,0.6
A_RIDGE,1,way,textual,coefficient,-0.1644820952743951,0.02634103678001886,-0.15937994756261473,0.1644820952743951,-0.19140308183847066,-0.12570848991706732,5,1.0,5,0.0,1.0,1.0,3,0.6
A_RIDGE,1,problems,textual,coefficient,0.14924662597714577,0.07795170170028323,0.17692487008875615,0.14924662597714577,0.0221127003562634,0.21453206075767547,5,1.0,5,1.0,0.0,1.0,3,0.6
A_RIDGE,1,test,textual,coefficient,-0.1447436480444663,0.03159389116563165,-0.16380917419098034,0.1447436480444663,-0.16994907697400297,-0.10201755295230078,5,1.0,5,0.0,1.0,1.0,3,0.6
A_RIDGE,1,diet,textual,coefficient,-0.14071953993020198,0.08173593084142633,-0.1685188300124225,0.14071953993020198,-0.20198981535749172,0.0,4,0.8,4,0.0,0.8,1.0,3,0.6
A_RIDGE,1,want,textual,coefficient,-0.13294452408436802,0.05424880671489088,-0.16295230825489018,0.13294452408436802,-0.17748549505654365,-0.06454596168143598,5,1.0,5,0.0,1.0,1.0,3,0.6
A_RIDGE,1,higher,textual,coefficient,0.14878755705825017,0.03811758125918793,0.1604925724063642,0.14878755705825017,0.08926745679294236,0.1918650456219851,5,1.0,5,1.0,0.0,1.0,2,0.4
A_RIDGE,1,difficulty,textual,coefficient,0.1484068026270935,0.031051331095163347,0.13592255193055244,0.1484068026270935,0.12087021638606758,0.19056959503092233,5,1.0,5,1.0,0.0,1.0,2,0.4
A_RIDGE,1,sugar,textual,coefficient,-0.14772028017321903,0.02598731330770184,-0.14260916292971226,0.14772028017321903,-0.18201755447085943,-0.11500585299267178,5,1.0,5,0.0,1.0,1.0,2,0.4
A_RIDGE,1,harder,textual,coefficient,0.13344605222008482,0.04719522247723474,0.15274472849191117,0.13344605222008482,0.06038906317847733,0.1825474115952686,5,1.0,5,1.0,0.0,1.0,2,0.4
A_RIDGE,1,signs,textual,coefficient,0.1142712789566713,0.057170856399875083,0.09110820410131859,0.1142712789566713,0.052510412394309446,0.18457403127805405,5,1.0,5,1.0,0.0,1.0,2,0.4
A_RIDGE,1,activities,textual,coefficient,0.10006385220879646,0.09359704615868021,0.13768114186254993,0.10006385220879646,0.0,0.19539388155301454,3,0.6,3,0.6,0.0,1.0,2,0.4
A_RIDGE,1,ve,textual,coefficient,-0.14957377399112842,0.029644696878630396,-0.1498191572848293,0.14957377399112842,-0.18792672072601013,-0.10783074604899683,5,1.0,5,0.0,1.0,1.0,1,0.2
A_RIDGE,1,thing,textual,coefficient,-0.13311738250009036,0.047019323981937575,-0.11928265370813594,0.13311738250009036,-0.20230101481063353,-0.08076355952241404,5,1.0,5,0.0,1.0,1.0,1,0.2
A_RIDGE,1,difference,textual,coefficient,0.13174743359821411,0.0432337035037829,0.1262294494780212,0.13174743359821411,0.09154795865357578,0.19691891400405365,5,1.0,5,1.0,0.0,1.0,1,0.2
A_RIDGE,1,going,textual,coefficient,-0.1273210434443771,0.03017702548353165,-0.12892248170040999,0.1273210434443771,-0.1599715730884912,-0.0804939612301109,5,1.0,5,0.0,1.0,1.0,1,0.2
A_RIDGE,1,think,textual,coefficient,0.12242499833445648,0.044154512974164,0.11378545083326841,0.12242499833445648,0.06120648544652601,0.18070273292585862,5,1.0,5,1.0,0.0,1.0,1,0.2
A_RIDGE,1,experience,textual,coefficient,0.1212321830890544,0.06156592327216742,0.14766307917129806,0.1212321830890544,0.011788111349147173,0.15555820404840856,5,1.0,5,1.0,0.0,1.0,1,0.2
A_RIDGE,1,emotions,textual,coefficient,0.11785700354335552,0.035941882748783245,0.10124062925262957,0.11785700354335552,0.08138750189575333,0.16132785101976024,5,1.0,5,1.0,0.0,1.0,1,0.2
A_RIDGE,1,increase,textual,coefficient,-0.10464387965698667,0.07078768392359315,-0.1301919581412506,0.10464387965698667,-0.17585628981019888,0.0,4,0.8,4,0.0,0.8,1.0,1,0.2
A_RIDGE,1,type,textual,coefficient,-0.10020960040466001,0.042893132593204916,-0.10410682633146802,0.10020960040466001,-0.15766795080864926,-0.04119512578213267,5,1.0,5,0.0,1.0,1.0,1,0.2
A_RIDGE,1,doing,textual,coefficient,0.09425068831559162,0.04577825829311393,0.07999584127715587,0.09425068831559162,0.037740892271806326,0.1604078548101711,5,1.0,5,1.0,0.0,1.0,1,0.2
A_RIDGE,1,time,textual,coefficient,-0.09312266305521737,0.07011219213166581,-0.06347069211648272,0.09312266305521737,-0.2146300065522596,-0.04042669520439838,5,1.0,5,0.0,1.0,1.0,1,0.2
A_RIDGE,1,emotional,textual,coefficient,0.08895040253435567,0.061852246232266414,0.09604707775712379,0.09042700211358304,-0.0036914989480684034,0.16972443492625122,5,1.0,5,0.8,0.2,0.8,1,0.2
A_RIDGE,1,ll,textual,coefficient,-0.0852309305586906,0.0533849840017078,-0.0752238594490317,0.0852309305586906,-0.16915237431477073,-0.03379251413205006,5,1.0,5,0.0,1.0,1.0,1,0.2
A_RIDGE,1,comes,textual,coefficient,-0.08267407212351836,0.060352038676385084,-0.0800815484914036,0.08267407212351836,-0.17274473895143935,-0.004204474875719765,5,1.0,5,0.0,1.0,1.0,1,0.2
A_RIDGE,1,look,textual,coefficient,0.07973121901169168,0.05545527837205522,0.07527456807756872,0.07973121901169168,0.016483277712224107,0.158602957634752,5,1.0,5,1.0,0.0,1.0,1,0.2
A_RIDGE,1,number,textual,coefficient,-0.04981311982370919,0.08982339218600761,-0.021320804125660547,0.05428950538329752,-0.20812739449626194,0.011190963898970847,5,1.0,5,0.2,0.8,0.8,1,0.2
A_RIDGE,1,impulsive,textual,coefficient,0.12655329814672023,0.019816982247862533,0.13240029784910556,0.12655329814672023,0.09247597225335782,0.14031874982558798,5,1.0,5,1.0,0.0,1.0,0,0.0
A_RIDGE,1,don,textual,coefficient,-0.12465613433513187,0.03537375453985051,-0.1336584243340659,0.12465613433513187,-0.16737786903585314,-0.07681435300103703,5,1.0,5,0.0,1.0,1.0,0,0.0
A_RIDGE,1,easily,textual,coefficient,0.12290433140748239,0.017363439529894442,0.12722652247978988,0.12290433140748239,0.10165488830081464,0.13962762739306422,5,1.0,5,1.0,0.0,1.0,0,0.0
A_RIDGE,1,medications,textual,coefficient,0.1183191378204679,0.04032485305727158,0.12712771861645855,0.1183191378204679,0.060157041901079934,0.15644240582158878,5,1.0,5,1.0,0.0,1.0,0,0.0
A_RIDGE,1,anxiety,textual,coefficient,0.11716730265421464,0.0513775796405998,0.14330331990116885,0.11716730265421464,0.03313037775396364,0.15636663522728228,5,1.0,5,1.0,0.0,1.0,0,0.0
A_RIDGE,1,mind,textual,coefficient,-0.11340989961540218,0.019582269218724205,-0.11155621983924399,0.11340989961540218,-0.14511706786452763,-0.09490165534027248,5,1.0,5,0.0,1.0,1.0,0,0.0
A_RIDGE,1,motivation,textual,coefficient,-0.11338257158502194,0.02621547063815523,-0.11845985392123543,0.11338257158502194,-0.14676669379234514,-0.08031780461953643,5,1.0,5,0.0,1.0,1.0,0,0.0
A_RIDGE,1,worse,textual,coefficient,-0.11213591392839602,0.014775700860754146,-0.11732223646018351,0.11213591392839602,-0.12723287522726998,-0.09355286822837061,5,1.0,5,0.0,1.0,1.0,0,0.0
A_RIDGE,1,patients,textual,coefficient,-0.1110806455484582,0.0290212008789397,-0.10464625177377014,0.1110806455484582,-0.15492277085163175,-0.07967225829018197,5,1.0,5,0.0,1.0,1.0,0,0.0
A_RIDGE,1,bit,textual,coefficient,-0.11089830407111523,0.020134176710796977,-0.10538353525953863,0.11089830407111523,-0.13429143923749873,-0.08564505369518331,5,1.0,5,0.0,1.0,1.0,0,0.0
A_RIDGE,1,sit,textual,coefficient,-0.11005606580572089,0.021188310342199142,-0.1087327606777287,0.11005606580572089,-0.1440344281812681,-0.08967614421194085,5,1.0,5,0.0,1.0,1.0,0,0.0
A_RIDGE,1,attention deficit,textual,coefficient,-0.10978606125410836,0.06307636978635425,-0.12851042520957118,0.10978606125410836,-0.15978144509295292,0.0,4,0.8,4,0.0,0.8,1.0,0,0.0
A_RIDGE,1,deficit,textual,coefficient,-0.10880878119637064,0.01845174580162169,-0.10510778055970316,0.10880878119637064,-0.13003242399984546,-0.08524460276836983,5,1.0,5,0.0,1.0,1.0,0,0.0
A_RIDGE,1,foods,textual,coefficient,-0.10707541566349581,0.0633087664170512,-0.13933249653535218,0.10707541566349581,-0.1508489988101408,0.0,4,0.8,4,0.0,0.8,1.0,0,0.0
A_RIDGE,1,fast,textual,coefficient,-0.10224609725225586,0.013695087659485456,-0.10609408077815491,0.10224609725225586,-0.11686492413721257,-0.08001096841939266,5,1.0,5,0.0,1.0,1.0,0,0.0
A_RIDGE,1,people,textual,coefficient,-0.10168866529835227,0.05133841276082243,-0.11341847292751527,0.10168866529835227,-0.14436263316505143,-0.01326723218251428,5,1.0,5,0.0,1.0,1.0,0,0.0
A_RIDGE,1,support,textual,coefficient,0.10060068225243177,0.021707715234697722,0.09016237475626114,0.10060068225243177,0.07889765763024575,0.13274697346275863,5,1.0,5,1.0,0.0,1.0,0,0.0
A_RIDGE,1,right,textual,coefficient,-0.0981361107387088,0.025318835088648992,-0.09613319896461824,0.0981361107387088,-0.12828281492290586,-0.06040593637782784,5,1.0,5,0.0,1.0,1.0,0,0.0
A_RIDGE,1,add,textual,coefficient,-0.09677181405177267,0.03919559864194282,-0.08941548651642531,0.09677181405177267,-0.1608300923957239,-0.05441907401981489,5,1.0,5,0.0,1.0,1.0,0,0.0
A_RIDGE,1,inattentive,textual,coefficient,0.09668363341357762,0.05452301772528313,0.12320642610354053,0.09668363341357762,0.0,0.125941981005318,4,0.8,4,0.8,0.0,1.0,0,0.0
A_RIDGE,1,real,textual,coefficient,0.09321250010041013,0.05147739774488533,0.1014916956693786,0.09321250010041013,0.02431011304673326,0.16363535405663318,5,1.0,5,1.0,0.0,1.0,0,0.0
A_RIDGE,1,late,textual,coefficient,-0.09281997519062717,0.023346368206566555,-0.09344465611739672,0.09281997519062717,-0.11558978548593321,-0.059011238740885624,5,1.0,5,0.0,1.0,1.0,0,0.0
A_RIDGE,1,person,textual,coefficient,0.06944093316364014,0.0702613987526484,0.08455969331739596,0.0898145557465651,-0.05093405645731242,0.13225103434554758,5,1.0,5,0.8,0.2,0.8,0,0.0
A_RIDGE,1,reason,textual,coefficient,-0.08681661585615472,0.01840014888565288,-0.08769059145343878,0.08681661585615472,-0.11114550315242269,-0.06058576667372961,5,1.0,5,0.0,1.0,1.0,0,0.0
A_RIDGE,1,called,textual,coefficient,-0.08662547025174021,0.028160109405593246,-0.08560330299870568,0.08662547025174021,-0.13046298613229193,-0.05869764391675478,5,1.0,5,0.0,1.0,1.0,0,0.0
A_RIDGE,1,brains,textual,coefficient,-0.08634359900803952,0.013970797847094535,-0.0915522347042225,0.08634359900803952,-0.09809870516081153,-0.0622459895583705,5,1.0,5,0.0,1.0,1.0,0,0.0
A_RIDGE,1,times,textual,coefficient,0.08615987628614219,0.03311187237998933,0.06782779419300573,0.08615987628614219,0.05948334295722079,0.1399440823032912,5,1.0,5,1.0,0.0,1.0,0,0.0
A_RIDGE,1,issues,textual,coefficient,-0.08613861267175753,0.03214447822797644,-0.09810190768555277,0.08613861267175753,-0.123622919948655,-0.04819682184228579,5,1.0,5,0.0,1.0,1.0,0,0.0
A_RIDGE,1,nervous,textual,coefficient,-0.0852303565091449,0.01257509537391987,-0.08533959265354539,0.0852303565091449,-0.09944664563191082,-0.06563681271319854,5,1.0,5,0.0,1.0,1.0,0,0.0
A_RIDGE,1,focus,textual,coefficient,-0.08329750259658489,0.040926301195753384,-0.09030184274681462,0.08329750259658489,-0.12781241136031798,-0.0331567949490089,5,1.0,5,0.0,1.0,1.0,0,0.0
A_RIDGE,1,food,textual,coefficient,-0.0832349968830975,0.008708054175183007,-0.08559240728231059,0.0832349968830975,-0.09476897633835765,-0.07324368121099903,5,1.0,5,0.0,1.0,1.0,0,0.0
A_RIDGE,1,try,textual,coefficient,-0.08280328232586805,0.03304614244117462,-0.09105360041115315,0.08280328232586805,-0.11486814433819514,-0.028417793713195128,5,1.0,5,0.0,1.0,1.0,0,0.0
A_RIDGE,1,day,textual,coefficient,-0.08267778622191081,0.03583352255758339,-0.09959931087134864,0.08267778622191081,-0.11399601360880857,-0.04318545746216616,5,1.0,5,0.0,1.0,1.0,0,0.0
A_RIDGE,1,new,textual,coefficient,-0.08252476916739457,0.01951970217732921,-0.08545850229444198,0.08252476916739457,-0.10393054100787857,-0.05069770326911473,5,1.0,5,0.0,1.0,1.0,0,0.0
A_RIDGE,1,morning,textual,coefficient,-0.08136224758248725,0.04594508336661056,-0.09996162264787065,0.08136224758248725,-0.1077591190985444,0.0,4,0.8,4,0.0,0.8,1.0,0,0.0
A_RIDGE,1,means,textual,coefficient,-0.08033471293997244,0.01395871461641075,-0.08817968269510701,0.08033471293997244,-0.09153799907885488,-0.05790653713884364,5,1.0,5,0.0,1.0,1.0,0,0.0
A_RIDGE,1,adults,textual,coefficient,0.0783641747905961,0.048508856732987105,0.09089451011722736,0.08026089111757628,-0.004741790817450477,0.12151041331064237,5,1.0,5,0.8,0.2,0.8,0,0.0
A_RIDGE,1,yes,textual,coefficient,0.06164111639295047,0.06082042958764999,0.08408595323594838,0.07715127105734958,-0.03877538666099779,0.11843704234252903,5,1.0,5,0.8,0.2,0.8,0,0.0
A_RIDGE,1,little bit,textual,coefficient,-0.07702177052089258,0.01846217293944043,-0.0710512871812268,0.07702177052089258,-0.10283024293202392,-0.05589196124807523,5,1.0,5,0.0,1.0,1.0,0,0.0
A_RIDGE,1,adhd symptoms,textual,coefficient,0.06964621796800459,0.051250300924633195,0.08839328192823555,0.07695060898889078,-0.018260977552215486,0.10993872552248922,5,1.0,5,0.8,0.2,0.8,0,0.0
A_RIDGE,1,years,textual,coefficient,-0.0769251136329439,0.022314983836841638,-0.07123954763213548,0.0769251136329439,-0.1140666858503997,-0.05409492224536927,5,1.0,5,0.0,1.0,1.0,0,0.0
A_RIDGE,1,physical,textual,coefficient,-0.07614946034900152,0.02112641323562962,-0.07309151099667618,0.07614946034900152,-0.09727000785671219,-0.04632844756800009,5,1.0,5,0.0,1.0,1.0,0,0.0
A_RIDGE,1,instead,textual,coefficient,0.07229098484064916,0.04992475175859705,0.07800914120724844,0.07578945473134954,-0.008746174726750955,0.1186793806488124,5,1.0,5,0.8,0.2,0.8,0,0.0
A_RIDGE,1,calm,textual,coefficient,-0.07549656581953026,0.008093345861160091,-0.0786314081191768,0.07549656581953026,-0.08438317119675635,-0.06578292728733814,5,1.0,5,0.0,1.0,1.0,0,0.0
A_RIDGE,1,control,textual,coefficient,-0.0744853372537131,0.03261161721928357,-0.08312634106881595,0.0744853372537131,-0.11073924788015668,-0.03496595380522602,5,1.0,5,0.0,1.0,1.0,0,0.0
A_RIDGE,1,feel like,textual,coefficient,0.07447072518034532,0.048872239308191616,0.09926297891969862,0.07447072518034532,0.014930740336752985,0.11995343819431005,5,1.0,5,1.0,0.0,1.0,0,0.0
A_RIDGE,1,start,textual,coefficient,0.07414047630015143,0.03620658273983911,0.09361615707927634,0.07414047630015143,0.010796152660903146,0.09541635500174435,5,1.0,5,1.0,0.0,1.0,0,0.0
A_RIDGE,1,happens,textual,coefficient,-0.07410008727364434,0.014363997932657491,-0.07103641897204133,0.07410008727364434,-0.09841925781678597,-0.061528878784412114,5,1.0,5,0.0,1.0,1.0,0,0.0
A_RIDGE,1,um,textual,coefficient,0.0736078725450068,0.04476922098874594,0.08006804312320108,0.0736078725450068,0.0,0.11041940644610085,4,0.8,4,0.8,0.0,1.0,0,0.0
A_RIDGE,1,body,textual,coefficient,-0.07360429867522907,0.028912765798753157,-0.06787179810195594,0.07360429867522907,-0.11108613891492591,-0.04377290908868899,5,1.0,5,0.0,1.0,1.0,0,0.0
A_RIDGE,1,sensitive,textual,coefficient,-0.07287507877300362,0.0344234653296314,-0.059208097225331505,0.07287507877300362,-0.12823771146966575,-0.046478614587719465,5,1.0,5,0.0,1.0,1.0,0,0.0
A_RIDGE,1,levels,textual,coefficient,-0.07282515138677116,0.0412488217346832,-0.08778773508971678,0.07282515138677116,-0.09994150004207036,0.0,4,0.8,4,0.0,0.8,1.0,0,0.0
A_RIDGE,1,stay,textual,coefficient,-0.07256645565465106,0.008281528059713788,-0.06998626228105327,0.07256645565465106,-0.08165631660923017,-0.06274520221208166,5,1.0,5,0.0,1.0,1.0,0,0.0
A_RIDGE,1,diagnosis,textual,coefficient,0.0725331013078033,0.04390502604923585,0.06848361342393339,0.0725331013078033,0.009145238312614606,0.11806669390278725,5,1.0,5,1.0,0.0,1.0,0,0.0
A_RIDGE,1,adhd brain,textual,coefficient,-0.07243158542656344,0.0382063188072262,-0.08793927591874412,0.07243158542656344,-0.09892139997470344,-0.006518134877998496,5,1.0,5,0.0,1.0,1.0,0,0.0
A_RIDGE,1,helps,textual,coefficient,-0.07213932352570875,0.008195409785030354,-0.07110675331500012,0.07213932352570875,-0.08522149123123758,-0.0644067143080169,5,1.0,5,0.0,1.0,1.0,0,0.0
A_RIDGE,1,studies,textual,coefficient,0.07172217025171948,0.03530551353561828,0.08305468617017966,0.07172217025171948,0.01567869785588777,0.10783675624029623,5,1.0,5,1.0,0.0,1.0,0,0.0
A_RIDGE,1,care,textual,coefficient,-0.07128288845287259,0.021176004242920606,-0.07558603461172043,0.07128288845287259,-0.0894176033237895,-0.035993128443879654,5,1.0,5,0.0,1.0,1.0,0,0.0
A_RIDGE,1,doesn,textual,coefficient,-0.07048673075294559,0.0058205505203469095,-0.07249807881019275,0.07048673075294559,-0.07683300457069245,-0.06276804118394536,5,1.0,5,0.0,1.0,1.0,0,0.0
A_RIDGE,1,little,textual,coefficient,-0.0704284267240988,0.03751249185282366,-0.0653615492069909,0.0704284267240988,-0.12548073531637893,-0.02776756146420591,5,1.0,5,0.0,1.0,1.0,0,0.0
A_RIDGE,1,talking,textual,coefficient,0.0696612939406392,0.02856402058451278,0.08205153711717049,0.0696612939406392,0.02403668940494935,0.0947519691575685,5,1.0,5,1.0,0.0,1.0,0,0.0
A_RIDGE,1,hyper,textual,coefficient,-0.06836160714249773,0.04450239974742852,-0.07094882528272789,0.06836160714249773,-0.10788247398596312,0.0,4,0.8,4,0.0,0.8,1.0,0,0.0
A_RIDGE,1,taking,textual,coefficient,-0.06785404502406231,0.0256289442567376,-0.08075861570126498,0.06785404502406231,-0.08896809088192402,-0.029842065477465957,5,1.0,5,0.0,1.0,1.0,0,0.0
A_RIDGE,1,constantly,textual,coefficient,0.067161141159615,0.0295087016684122,0.07223606804082933,0.067161141159615,0.0205733094104697,0.10101814330740227,5,1.0,5,1.0,0.0,1.0,0,0.0
A_RIDGE,1,know adhd,textual,coefficient,0.06683006105375064,0.0643805229471356,0.08108365365831621,0.06683006105375064,0.0,0.13907860923736717,3,0.6,3,0.6,0.0,1.0,0,0.0
A_RIDGE,1,hyperactivity,textual,coefficient,-0.04814143742656898,0.055632279097166594,-0.0655666803748976,0.06606789625527464,-0.10277434930582452,0.04481614707176415,5,1.0,5,0.2,0.8,0.8,0,0.0
A_RIDGE,1,people adhd,textual,coefficient,-0.06590269563904473,0.041628111642504045,-0.07731554215408236,0.06590269563904473,-0.10597836995280513,-0.004800068680365003,5,1.0,5,0.0,1.0,1.0,0,0.0
A_RIDGE,1,adhd medication,textual,coefficient,0.06564272828354939,0.05666524428614529,0.05512833229061559,0.06564272828354939,0.0,0.13994688869990524,4,0.8,4,0.8,0.0,1.0,0,0.0
A_RIDGE,1,love,textual,coefficient,-0.06551298262886338,0.014152271817578756,-0.06751841906035223,0.06551298262886338,-0.08242619381583674,-0.04769069413077696,5,1.0,5,0.0,1.0,1.0,0,0.0
A_RIDGE,1,impact,textual,coefficient,0.06527056425852218,0.06379775014797626,0.07183263180527784,0.06527056425852218,0.0,0.13123841527482097,3,0.6,3,0.6,0.0,1.0,0,0.0
A_RIDGE,1,great,textual,coefficient,-0.06471818067037356,0.021516152199371925,-0.06192576455523667,0.06471818067037356,-0.10126310268943059,-0.04830649156446792,5,1.0,5,0.0,1.0,1.0,0,0.0
A_RIDGE,1,say,textual,coefficient,-0.06459957990637347,0.030823667297496693,-0.056832512936114264,0.06459957990637347,-0.11483379689934108,-0.03884198229795727,5,1.0,5,0.0,1.0,1.0,0,0.0
A_RIDGE,1,condition,textual,coefficient,0.06438348991784808,0.02735118728756965,0.06722576686246033,0.06438348991784808,0.036167480241723504,0.09501101886481014,5,1.0,5,1.0,0.0,1.0,0,0.0
A_RIDGE,1,end,textual,coefficient,0.06422482859944631,0.031166160261426358,0.0793588457598449,0.06422482859944631,0.017258528812431447,0.08902448708641841,5,1.0,5,1.0,0.0,1.0,0,0.0
A_RIDGE,1,away,textual,coefficient,-0.06411852451563023,0.037721517928760155,-0.07639006022999893,0.06411852451563023,-0.09643416942075224,0.0,4,0.8,4,0.0,0.8,1.0,0,0.0
A_RIDGE,1,depression,textual,coefficient,-0.034748197488795256,0.07958363292494912,-0.029870482073626876,0.0624286949255324,-0.15179860466587752,0.06920124359184285,5,1.0,5,0.2,0.8,0.8,0,0.0
A_RIDGE,1,ve got,textual,coefficient,-0.06225103602779505,0.016836929691487666,-0.056267538151298556,0.06225103602779505,-0.0896791855189847,-0.04717105818401241,5,1.0,5,0.0,1.0,1.0,0,0.0
A_RIDGE,1,social,textual,coefficient,-0.06192742094850664,0.019949833605393368,-0.05484180564936185,0.06192742094850664,-0.08388844121484695,-0.041998196488164635,5,1.0,5,0.0,1.0,1.0,0,0.0
A_RIDGE,1,using,textual,coefficient,0.06167750039080887,0.0024404688499644537,0.06215814267159004,0.06167750039080887,0.0579031509548984,0.06468547100373932,5,1.0,5,1.0,0.0,1.0,0,0.0
A_RIDGE,1,high,textual,coefficient,-0.06151539764191627,0.03578004846459298,-0.05380920051430383,0.06151539764191627,-0.11283367319724584,-0.021543692994898417,5,1.0,5,0.0,1.0,1.0,0,0.0
A_RIDGE,1,caffeine,textual,coefficient,-0.061153623338523665,0.03422190532590586,-0.07515294544484172,0.061153623338523665,-0.07894009706925058,0.0,4,0.8,4,0.0,0.8,1.0,0,0.0
A_RIDGE,1,long,textual,coefficient,-0.06108576832799565,0.026665500264870433,-0.05811714061698057,0.06108576832799565,-0.09721666996530262,-0.02392806281221754,5,1.0,5,0.0,1.0,1.0,0,0.0
A_RIDGE,1,regulate,textual,coefficient,-0.06095427393425721,0.055740030817405195,-0.09629985448335457,0.06095427393425721,-0.10496835587140921,0.0,3,0.6,3,0.0,0.6,1.0,0,0.0
A_RIDGE,1,help,textual,coefficient,-0.06069886302467699,0.023200986258047493,-0.05826186834306622,0.06069886302467699,-0.09281377627322723,-0.032014258969135526,5,1.0,5,0.0,1.0,1.0,0,0.0
A_RIDGE,1,adhd people,textual,coefficient,-0.05942722827181107,0.022204894898303986,-0.06386349842284826,0.05942722827181107,-0.08199368897512133,-0.028935818232861014,5,1.0,5,0.0,1.0,1.0,0,0.0
A_RIDGE,1,struggle,textual,coefficient,-0.059400064456210634,0.028643468221010458,-0.07267088850670139,0.059400064456210634,-0.08702707364991712,-0.02742876048664435,5,1.0,5,0.0,1.0,1.0,0,0.0
A_RIDGE,1,regulation,textual,coefficient,0.04759126719884723,0.05099285723991638,0.061953043789571,0.05917631551479707,-0.028962620789874594,0.10758630869822648,5,1.0,5,0.8,0.2,0.8,0,0.0
A_RIDGE,1,rejection,textual,coefficient,-0.05901780441993639,0.04358883176321217,-0.06099627296866782,0.05901780441993639,-0.10841439531504542,0.0,4,0.8,4,0.0,0.8,1.0,0,0.0
A_RIDGE,1,big,textual,coefficient,0.05748029337532531,0.040646481755184115,0.06408553263691344,0.05748029337532531,0.014366044881646856,0.10848589927312377,5,1.0,5,1.0,0.0,1.0,0,0.0
A_RIDGE,1,tell,textual,coefficient,-0.05739118875258371,0.018837726383400276,-0.05821667298688895,0.05739118875258371,-0.08496725755476912,-0.03246004105771318,5,1.0,5,0.0,1.0,1.0,0,0.0
A_RIDGE,1,especially,textual,coefficient,-0.057207652072695084,0.02011720622253709,-0.055893443727950125,0.057207652072695084,-0.08796928827531973,-0.03179945392042375,5,1.0,5,0.0,1.0,1.0,0,0.0
A_RIDGE,1,gut,textual,coefficient,-0.05701477670043984,0.04268927395406844,-0.05976115517747801,0.05701477670043984,-0.11672787570455734,0.0,4,0.8,4,0.0,0.8,1.0,0,0.0
A_RIDGE,1,life,textual,coefficient,0.05674062865077214,0.028439533871826655,0.062252268679471826,0.05674062865077214,0.013510210330630096,0.09178261213308538,5,1.0,5,1.0,0.0,1.0,0,0.0
A_RIDGE,1,bad,textual,coefficient,-0.05648500329459587,0.01310103775124604,-0.05520464228719926,0.05648500329459587,-0.0755574344633861,-0.03883768915572297,5,1.0,5,0.0,1.0,1.0,0,0.0
A_RIDGE,1,attention,textual,coefficient,-0.0033582841637069772,0.06607434263372693,-0.031757398300906445,0.05537254640749778,-0.07454952661391787,0.08571785886499302,5,1.0,5,0.4,0.6,0.6,0,0.0
A_RIDGE,1,highly,textual,coefficient,-0.055248700934285265,0.03346814842139187,-0.05986573025922335,0.055248700934285265,-0.08718988262990536,0.0,4,0.8,4,0.0,0.8,1.0,0,0.0
A_RIDGE,1,did,textual,coefficient,-0.054561106795752434,0.015444951024301367,-0.0512677625065055,0.054561106795752434,-0.08059136777162246,-0.039143214172790076,5,1.0,5,0.0,1.0,1.0,0,0.0
A_RIDGE,1,stimulants,textual,coefficient,0.05412920657836057,0.06624583642875438,0.01883552419950548,0.054145890106830095,-4.170882117383042e-05,0.1509398562090217,5,1.0,5,0.8,0.2,0.8,0,0.0
A_RIDGE,1,thought,textual,coefficient,-0.05380934338022627,0.032699280984090244,-0.06110239752203148,0.05380934338022627,-0.08848430701715658,0.0,4,0.8,4,0.0,0.8,1.0,0,0.0
A_RIDGE,1,helpful,textual,coefficient,-0.05283964344548112,0.02049980986772942,-0.04943904186437285,0.05283964344548112,-0.08300510535889785,-0.029475177127592116,5,1.0,5,0.0,1.0,1.0,0,0.0
A_RIDGE,1,fact,textual,coefficient,-0.05202982779127063,0.028144738538278462,-0.0670016695489755,0.05202982779127063,-0.07214609071290638,-0.005015982782372437,5,1.0,5,0.0,1.0,1.0,0,0.0
A_RIDGE,1,kind,textual,coefficient,-0.05191588215162997,0.01564603947305042,-0.04488796491645808,0.05191588215162997,-0.07472050235679824,-0.03512894088248948,5,1.0,5,0.0,1.0,1.0,0,0.0
A_RIDGE,1,got,textual,coefficient,-0.05162070600575204,0.011543677808261033,-0.05738773611990162,0.05162070600575204,-0.06264549602634,-0.034239822206903296,5,1.0,5,0.0,1.0,1.0,0,0.0
A_RIDGE,1,sensory,textual,coefficient,-0.051183612571474434,0.03374440658965182,-0.058798068659939,0.051183612571474434,-0.08697009192180212,0.0,4,0.8,4,0.0,0.8,1.0,0,0.0
A_RIDGE,1,disorder,textual,coefficient,-0.05064045513936104,0.0425094246539359,-0.041536054904440164,0.05064045513936104,-0.09526264268212506,-0.005668277454448388,5,1.0,5,0.0,1.0,1.0,0,0.0
A_RIDGE,1,sleep,textual,coefficient,-0.012426741408566408,0.07119767505190079,0.0033599057174847824,0.04982857663983482,-0.1262402516579464,0.05438331046014462,5,1.0,5,0.6,0.4,0.6,0,0.0
A_RIDGE,1,feel,textual,coefficient,-0.01770926918253616,0.0647731086145266,-0.0026481572194075784,0.04932622361976541,-0.10683697981678644,0.05417184716493077,5,1.0,5,0.4,0.6,0.6,0,0.0
A_RIDGE,1,treatment,textual,coefficient,0.04911555363193706,0.04807715623603214,0.059342570531857944,0.04911555363193706,0.0,0.10801767859167523,3,0.6,3,0.6,0.0,1.0,0,0.0
A_RIDGE,1,making,textual,coefficient,0.04911227563139062,0.021048737083454346,0.049755909302157314,0.04911227563139062,0.018557179737699422,0.07729518599988834,5,1.0,5,1.0,0.0,1.0,0,0.0
A_RIDGE,1,memory,textual,coefficient,-0.045275127213704316,0.043620151360219656,-0.034476455325657115,0.04910884951690249,-0.09765096053848901,0.009584305757995433,5,1.0,5,0.2,0.8,0.8,0,0.0
A_RIDGE,1,adhd brains,textual,coefficient,-0.0487997665170609,0.013576264884885657,-0.053051356009932805,0.0487997665170609,-0.06273552740873423,-0.027103853039364575,5,1.0,5,0.0,1.0,1.0,0,0.0
A_RIDGE,1,stress,textual,coefficient,0.04527734235332022,0.03591012676607421,0.052475727609789226,0.04822605945365173,-0.007371792750828786,0.09201132275146111,5,1.0,5,0.8,0.2,0.8,0,0.0
A_RIDGE,1,sure,textual,coefficient,0.029961609831511433,0.05381458032466426,0.034468101636142674,0.04807233174147786,-0.044130633514636614,0.08459669913545613,5,1.0,5,0.6,0.4,0.6,0,0.0
A_RIDGE,1,protein,textual,coefficient,-0.047678090745840486,0.041703957481337324,-0.04288931159421991,0.047678090745840486,-0.11589290549830364,-0.006414898511971363,5,1.0,5,0.0,1.0,1.0,0,0.0
A_RIDGE,1,school,textual,coefficient,0.04759970233665638,0.02113652236313685,0.05764347880486936,0.04759970233665638,0.01390012839327366,0.0639152443206393,5,1.0,5,1.0,0.0,1.0,0,0.0
A_RIDGE,1,term,textual,coefficient,-0.015765306399079998,0.06676672418586464,-0.012304031155433144,0.04724088194708217,-0.12394823519622988,0.04171656302073106,5,1.0,5,0.4,0.6,0.6,0,0.0
A_RIDGE,1,neurotypical,textual,coefficient,-0.04719985592375446,0.018172133351468844,-0.04277599363740466,0.04719985592375446,-0.07877353129850877,-0.03473532694801284,5,1.0,5,0.0,1.0,1.0,0,0.0
A_RIDGE,1,study,textual,coefficient,0.0471512788088513,0.03306293618179372,0.04036760199986507,0.0471512788088513,0.005642869115189973,0.08758671131582725,5,1.0,5,1.0,0.0,1.0,0,0.0
A_RIDGE,1,women,textual,coefficient,-0.01830000288567835,0.057068769479072724,-0.01975653259708171,0.046893638587681766,-0.08734267898730042,0.05815471405057028,5,1.0,5,0.4,0.6,0.6,0,0.0
A_RIDGE,1,things,textual,coefficient,-0.009736420294725028,0.05870253432639876,-0.006529480729506848,0.04643145650169737,-0.07722545942647305,0.06627402726445678,5,1.0,5,0.4,0.6,0.6,0,0.0
A_RIDGE,1,state,textual,coefficient,-0.046250669074817875,0.017196236990783008,-0.04782305003616407,0.046250669074817875,-0.06423058152536384,-0.018130238440654308,5,1.0,5,0.0,1.0,1.0,0,0.0
A_RIDGE,1,alcohol,textual,coefficient,-0.04607615672445488,0.01721830585097054,-0.04504607998567214,0.04607615672445488,-0.06663903944983772,-0.02400119856210813,5,1.0,5,0.0,1.0,1.0,0,0.0
A_RIDGE,1,kids,textual,coefficient,0.03448471263670088,0.040119882370508855,0.03472217712289944,0.04555388254176531,-0.02767292476266107,0.08353358524081267,5,1.0,5,0.8,0.2,0.8,0,0.0
A_RIDGE,1,hyperactive,textual,coefficient,0.04521440012658229,0.016148634998224644,0.040290382624202745,0.04521440012658229,0.030082582313745575,0.07268073926130018,5,1.0,5,1.0,0.0,1.0,0,0.0
A_RIDGE,1,burnout,textual,coefficient,0.01727402050823078,0.049243701542460064,0.035651268878037295,0.04417846908405826,-0.0672611214395687,0.05485012666680778,5,1.0,5,0.8,0.2,0.8,0,0.0
A_RIDGE,1,lower,textual,coefficient,-0.04399018040503235,0.04052038153532173,-0.0653439757129663,0.04399018040503235,-0.0806049132601871,0.0,3,0.6,3,0.0,0.6,1.0,0,0.0
A_RIDGE,1,okay,textual,coefficient,-0.03670025921155118,0.0321369531875524,-0.046037815131318376,0.0438637794808952,-0.06532256637630161,0.01790880067336005,5,1.0,5,0.2,0.8,0.8,0,0.0
A_RIDGE,1,probably,textual,coefficient,-0.04358914191352016,0.012316076385046351,-0.039654513001708414,0.04358914191352016,-0.06518323178463513,-0.03411694790505101,5,1.0,5,0.0,1.0,1.0,0,0.0
A_RIDGE,1,quickly,textual,coefficient,0.04343645485603431,0.05948290713848174,0.0,0.04343645485603431,0.0,0.10969179333724033,2,0.4,2,0.4,0.0,1.0,0,0.0
A_RIDGE,1,adhd,textual,coefficient,0.04337897693457079,0.03325152766759857,0.039947542269150045,0.04337897693457079,0.010517319188559478,0.0960707798632591,5,1.0,5,1.0,0.0,1.0,0,0.0
A_RIDGE,1,told,textual,coefficient,-0.04333518985204793,0.05935011018613431,0.0,0.04333518985204793,-0.1099507703514289,0.0,2,0.4,2,0.0,0.4,1.0,0,0.0
A_RIDGE,1,just,textual,coefficient,-0.04298224949072958,0.03260656436929553,-0.05382135779774117,0.04298224949072958,-0.0782757553044104,-0.00619816959836464,5,1.0,5,0.0,1.0,1.0,0,0.0
A_RIDGE,1,looking,textual,coefficient,0.042776173395878254,0.03602272050683737,0.05231528512746921,0.042776173395878254,0.0,0.09020366017902459,4,0.8,4,0.8,0.0,1.0,0,0.0
A_RIDGE,1,oh,textual,coefficient,0.0372275880146019,0.037281378153618885,0.04125820243688828,0.04269237933568312,-0.01366197830270306,0.08383368157907854,5,1.0,5,0.8,0.2,0.8,0,0.0
A_RIDGE,1,therapy,textual,coefficient,0.0425113279385206,0.03888480666305936,0.06805718915375163,0.0425113279385206,0.0,0.074734798090464,3,0.6,3,0.6,0.0,1.0,0,0.0
A_RIDGE,1,things like,textual,coefficient,-0.029716406312873832,0.03783830549399807,-0.03259527564022119,0.04243445883128828,-0.06429361806157051,0.031795131296036123,5,1.0,5,0.2,0.8,0.8,0,0.0
A_RIDGE,1,children,textual,coefficient,0.036485742459783345,0.03869120771758451,0.037796722352676344,0.04208259968301192,-0.013992143058071461,0.08697874360757071,5,1.0,5,0.8,0.2,0.8,0,0.0
A_RIDGE,1,problem,textual,coefficient,0.0417104972682325,0.006048064478660278,0.040878142679136864,0.0417104972682325,0.03524336674647733,0.048594709802787524,5,1.0,5,1.0,0.0,1.0,0,0.0
A_RIDGE,1,long term,textual,coefficient,-0.04155809217557473,0.039631321590310825,-0.05309659588923883,0.04155809217557473,-0.08551997668728037,0.0,3,0.6,3,0.0,0.6,1.0,0,0.0
A_RIDGE,1,trying,textual,coefficient,-0.04145768511518106,0.017120215236223472,-0.04405527816522139,0.04145768511518106,-0.053967591002418686,-0.012161218241854494,5,1.0,5,0.0,1.0,1.0,0,0.0
A_RIDGE,1,task,textual,coefficient,0.02978889043507148,0.038122436387990996,0.03997692993496015,0.04134550215161285,-0.028891529291353406,0.0753178050608963,5,1.0,5,0.8,0.2,0.8,0,0.0
A_RIDGE,1,gets,textual,coefficient,-0.041200680112097696,0.024851933857689655,-0.05295411486273476,0.041200680112097696,-0.061218874627984574,0.0,4,0.8,4,0.0,0.8,1.0,0,0.0
A_RIDGE,1,anger,textual,coefficient,-0.041191307657170335,0.028905063356966708,-0.04921100277998383,0.041191307657170335,-0.0780852256895507,0.0,4,0.8,4,0.0,0.8,1.0,0,0.0
A_RIDGE,1,lack,textual,coefficient,-0.028932385207922774,0.03986349822907846,-0.0456212094359793,0.04090940099985997,-0.0683689591758443,0.029942539479842996,5,1.0,5,0.2,0.8,0.8,0,0.0
A_RIDGE,1,gonna,textual,coefficient,-0.04052179041863816,0.03719652492163298,-0.06261037663247736,0.04052179041863816,-0.07350239571239403,0.0,3,0.6,3,0.0,0.6,1.0,0,0.0
A_RIDGE,1,let,textual,coefficient,-0.028250258159969344,0.04513948239912418,-0.020831752227278923,0.04050374758856571,-0.09157336426575993,0.03063372357149091,5,1.0,5,0.2,0.8,0.8,0,0.0
A_RIDGE,1,10,textual,coefficient,-0.028941018041881855,0.03808993409231028,-0.03976028301404981,0.04047684626864816,-0.06312208820665315,0.028839570566915763,5,1.0,5,0.2,0.8,0.8,0,0.0
A_RIDGE,1,fucking,textual,coefficient,-0.04045297320316789,0.037209305462163056,-0.06118222084847286,0.04045297320316789,-0.07407150141240322,0.0,3,0.6,3,0.0,0.6,1.0,0,0.0
A_RIDGE,1,thinking,textual,coefficient,0.04005848697951601,0.03828656346881114,0.05098722567698666,0.04005848697951601,0.0,0.08305307281174037,3,0.6,3,0.6,0.0,1.0,0,0.0
A_RIDGE,1,makes,textual,coefficient,-0.039931234405122515,0.022931795323201425,-0.04469716341091249,0.039931234405122515,-0.06680148385800384,-0.006974966535696211,5,1.0,5,0.0,1.0,1.0,0,0.0
A_RIDGE,1,doctor,textual,coefficient,-0.01670099805614874,0.048859894323677315,-0.020323942356747744,0.03981193327228475,-0.07577415002491253,0.05777733804034002,5,1.0,5,0.2,0.8,0.8,0,0.0
A_RIDGE,1,isn,textual,coefficient,0.01868655446134595,0.04792503665762685,0.02690767950023572,0.03972880556626538,-0.052605627762298574,0.07725045237347505,5,1.0,5,0.8,0.2,0.8,0,0.0
A_RIDGE,1,use,textual,coefficient,-0.03971292249862063,0.0325226063026237,-0.029495151138558304,0.03971292249862063,-0.09525271753208167,-0.00976384101952929,5,1.0,5,0.0,1.0,1.0,0,0.0
A_RIDGE,1,understand,textual,coefficient,-0.030938293863090438,0.049871627314539466,-0.02358533979634576,0.03949941667269509,-0.11307871019933391,0.021402807024011615,5,1.0,5,0.2,0.8,0.8,0,0.0
A_RIDGE,1,place,textual,coefficient,-0.03946501860784213,0.016522411885421938,-0.04510939095353406,0.03946501860784213,-0.06019567000175294,-0.021657587217650723,5,1.0,5,0.0,1.0,1.0,0,0.0
A_RIDGE,1,absolutely,textual,coefficient,0.03942631188933993,0.05415718599548732,0.0,0.03942631188933993,0.0,0.10463816232134746,2,0.4,2,0.4,0.0,1.0,0,0.0
A_RIDGE,1,strategies,textual,coefficient,0.03835197514473694,0.0525450348916082,0.0,0.03835197514473694,0.0,0.09836668129175151,2,0.4,2,0.4,0.0,1.0,0,0.0
A_RIDGE,1,usually,textual,coefficient,-0.03833639124520079,0.024276775662772834,-0.03458648049105005,0.03833639124520079,-0.06611096440329689,-0.013027952766456527,5,1.0,5,0.0,1.0,1.0,0,0.0
A_RIDGE,1,thoughts,textual,coefficient,-0.03820629402967363,0.03589674806284639,-0.03239922549769105,0.03820629402967363,-0.08282547455486973,0.0,4,0.8,4,0.0,0.8,1.0,0,0.0
A_RIDGE,1,work,textual,coefficient,0.03145425829151699,0.02699981741086686,0.042353949865232755,0.037935537837842426,-0.016203198865813586,0.050105039589284917,5,1.0,5,0.8,0.2,0.8,0,0.0
A_RIDGE,1,hard,textual,coefficient,-0.03584320956448782,0.03123884737395851,-0.0446492238461791,0.037916766662020054,-0.07608260157751072,0.005183892743830621,5,1.0,5,0.2,0.8,0.8,0,0.0
A_RIDGE,1,mental,textual,coefficient,0.016445545255788348,0.045812531309041934,0.02183149024567831,0.037723872268887765,-0.053195817532748546,0.06522216090169959,5,1.0,5,0.8,0.2,0.8,0,0.0
A_RIDGE,1,eating,textual,coefficient,-0.03771648598177763,0.020623866291032505,-0.03409485450375549,0.03771648598177763,-0.06471986494140038,-0.009191825471815056,5,1.0,5,0.0,1.0,1.0,0,0.0
A_RIDGE,1,affect,textual,coefficient,0.037405099170434844,0.03799598707933645,0.046714587672055004,0.037405099170434844,0.0,0.08945129791389511,3,0.6,3,0.6,0.0,1.0,0,0.0
A_RIDGE,1,sense,textual,coefficient,0.0032508598936119536,0.05114866801635318,0.01453716891041345,0.037355773809037714,-0.0852622847885644,0.045046149943754735,5,1.0,5,0.8,0.2,0.8,0,0.0
A_RIDGE,1,uh,textual,coefficient,-0.037326670857904844,0.029472687858276073,-0.037121593045734626,0.037326670857904844,-0.07961966797685414,0.0,4,0.8,4,0.0,0.8,1.0,0,0.0
A_RIDGE,1,dysfunction,textual,coefficient,-0.03714808366156758,0.0244628845708464,-0.03452538097100144,0.03714808366156758,-0.061785490044093144,0.0,4,0.8,4,0.0,0.8,1.0,0,0.0
A_RIDGE,1,hours,textual,coefficient,0.03697573545084835,0.018696874026297557,0.04007870786466034,0.03697573545084835,0.016035268582194007,0.05484059230444303,5,1.0,5,1.0,0.0,1.0,0,0.0
A_RIDGE,1,know,textual,coefficient,-0.0030815130378917697,0.050728943304306585,0.020949173365062624,0.03666020576392864,-0.08796668865639674,0.03650634255588767,5,1.0,5,0.6,0.4,0.6,0,0.0
A_RIDGE,1,hear,textual,coefficient,0.03584186146971316,0.03056504752610225,0.036025681245773905,0.03584186146971316,0.0,0.08260094602655403,4,0.8,4,0.8,0.0,1.0,0,0.0
A_RIDGE,1,pay,textual,coefficient,-0.035306877637127705,0.0210651896636949,-0.044563220308199876,0.035306877637127705,-0.0509430378137974,0.0,4,0.8,4,0.0,0.8,1.0,0,0.0
A_RIDGE,1,lot,textual,coefficient,-0.02419908882137128,0.04536707843111444,-0.013259946916324913,0.034409765403629,-0.09642094040344279,0.014305944103308968,5,1.0,5,0.4,0.6,0.6,0,0.0
A_RIDGE,1,minutes,textual,coefficient,-0.02856051579256192,0.0251814241171539,-0.03619584439802751,0.034250750285844234,-0.05036085261402584,0.014225586233205785,5,1.0,5,0.2,0.8,0.8,0,0.0
A_RIDGE,1,talk,textual,coefficient,-0.03419580738463453,0.03178728358395416,-0.018380351950530987,0.03419580738463453,-0.07476628719282383,-0.0019462870595654887,5,1.0,5,0.0,1.0,1.0,0,0.0
A_RIDGE,1,function,textual,coefficient,0.008748060848791055,0.03727287139100157,0.030514479277877905,0.033988774791694855,-0.03427866207328716,0.04486552383911351,5,1.0,5,0.6,0.4,0.6,0,0.0
A_RIDGE,1,addiction,textual,coefficient,-0.03376280326392779,0.04626018380300197,0.0,0.03376280326392779,-0.08670557185916573,0.0,2,0.4,2,0.0,0.4,1.0,0,0.0
A_RIDGE,1,executive,textual,coefficient,-0.007157598004791731,0.05105556988884334,-0.0035725264940090085,0.03340419950065836,-0.08830603743788755,0.050536979947298534,5,1.0,5,0.4,0.6,0.6,0,0.0
A_RIDGE,1,change,textual,coefficient,-0.03324130538922983,0.02524284598065746,-0.03199503729641531,0.03324130538922983,-0.06502035861655478,-0.0010594571505506357,5,1.0,5,0.0,1.0,1.0,0,0.0
A_RIDGE,1,cortex,textual,coefficient,-0.032950213672983265,0.045585545790560206,0.0,0.032950213672983265,-0.09157590324784479,0.0,2,0.4,2,0.0,0.4,1.0,0,0.0
A_RIDGE,1,saying,textual,coefficient,0.032688418030645434,0.019950988035309234,0.0242396924103161,0.032688418030645434,0.01713715979700355,0.0663177020479366,5,1.0,5,1.0,0.0,1.0,0,0.0
A_RIDGE,1,autism,textual,coefficient,-0.021382962886557916,0.04456796256549174,-0.0065320783802909595,0.032458002130671695,-0.09215195374134595,0.01725601497921827,5,1.0,5,0.4,0.6,0.6,0,0.0
A_RIDGE,1,consequences,textual,coefficient,-0.03228990892611476,0.04431226137824249,0.0,0.03228990892611476,-0.08487925154792447,0.0,2,0.4,2,0.0,0.4,1.0,0,0.0
A_RIDGE,1,maybe,textual,coefficient,-0.029857576995383234,0.03188578350820872,-0.029086734489649983,0.03221839365713757,-0.08063161888066757,0.005902041654385853,5,1.0,5,0.2,0.8,0.8,0,0.0
A_RIDGE,1,come,textual,coefficient,-0.015263068280900575,0.03400843376978187,-0.02599276711648007,0.03189784043447569,-0.04768093635395488,0.02404171532323336,5,1.0,5,0.4,0.6,0.6,0,0.0
A_RIDGE,1,best,textual,coefficient,0.03178724224190632,0.015678229922486617,0.038126847606746686,0.03178724224190632,0.00806436487849259,0.049086288433708256,5,1.0,5,1.0,0.0,1.0,0,0.0
A_RIDGE,1,video,textual,coefficient,0.011784446841199503,0.035785195530717656,0.027942985751348463,0.03156603901563309,-0.04945398043608397,0.03847194596300201,5,1.0,5,0.8,0.2,0.8,0,0.0
A_RIDGE,1,finally,textual,coefficient,-0.031462093145722674,0.03522817511018071,-0.01977393221827276,0.031462093145722674,-0.09174340404749262,0.0,4,0.8,4,0.0,0.8,1.0,0,0.0
A_RIDGE,1,second,textual,coefficient,-0.03122721320913342,0.013321055815710659,-0.031065849870736906,0.03122721320913342,-0.050508935844655184,-0.012915988988789366,5,1.0,5,0.0,1.0,1.0,0,0.0
A_RIDGE,1,energy,textual,coefficient,-0.019766573953703976,0.036051080668007246,-0.025180151918341203,0.031212985818068317,-0.07183326930519315,0.01766162173639262,5,1.0,5,0.4,0.6,0.6,0,0.0
A_RIDGE,1,everybody,textual,coefficient,0.02486178358884532,0.02866945311573775,0.033892249820607706,0.031119973469030567,-0.0156454747004631,0.05679155117001245,5,1.0,5,0.8,0.2,0.8,0,0.0
A_RIDGE,1,research,textual,coefficient,0.030566569833310554,0.032339706294106485,0.02040823616088817,0.030810323057865206,-0.0006093830613866416,0.07738423026473522,5,1.0,5,0.8,0.2,0.8,0,0.0
A_RIDGE,1,likely,textual,coefficient,-0.03061525551200255,0.02409100382908718,-0.029394547678503417,0.030707855350463664,-0.06582479883623008,0.0002314995961528059,5,1.0,5,0.2,0.8,0.8,0,0.0
A_RIDGE,1,working memory,textual,coefficient,-0.03054087025104722,0.02852483113902826,-0.04125846838800061,0.03054087025104722,-0.05745991102810973,0.0,3,0.6,3,0.0,0.6,1.0,0,0.0
A_RIDGE,1,able,textual,coefficient,-0.019927969941538535,0.032570005851727,-0.01572474082723688,0.030349479605726225,-0.06134132839220237,0.026053774160469226,5,1.0,5,0.2,0.8,0.8,0,0.0
A_RIDGE,1,diagnosed,textual,coefficient,0.024307392160888112,0.0293885449702857,0.029910386313755383,0.030313702005741194,-0.015015774612132705,0.05854038921612874,5,1.0,5,0.8,0.2,0.8,0,0.0
A_RIDGE,1,feeling,textual,coefficient,-0.01990923875838318,0.04033672875346413,-0.0036540068346256295,0.030084996758605938,-0.07795146319001804,0.022591303071139882,5,1.0,5,0.4,0.6,0.6,0,0.0
A_RIDGE,1,important,textual,coefficient,-0.023640369495829438,0.03125546071849485,-0.023366461941148775,0.029788546175193793,-0.06771280881532131,0.015370441698410885,5,1.0,5,0.2,0.8,0.8,0,0.0
A_RIDGE,1,feels,textual,coefficient,-0.026790426480829067,0.02812728762730473,-0.02742519392141601,0.029691727054007012,-0.06631782282373476,0.007253251432944876,5,1.0,5,0.2,0.8,0.8,0,0.0
A_RIDGE,1,distracted,textual,coefficient,0.029499108265976837,0.026187721746772613,0.029562675875356124,0.029499108265976837,0.0021155843088613243,0.062466969576448074,5,1.0,5,1.0,0.0,1.0,0,0.0
A_RIDGE,1,overwhelmed,textual,coefficient,0.02919212836967728,0.020740233932738602,0.03166652225821845,0.02919212836967728,0.0,0.04935734618485037,4,0.8,4,0.8,0.0,1.0,0,0.0
A_RIDGE,1,really,textual,coefficient,0.008629846819309252,0.036214982221470154,0.009347183350981716,0.028508501006275222,-0.04969663546741492,0.039455383998624895,5,1.0,5,0.8,0.2,0.8,0,0.0
A_RIDGE,1,world,textual,coefficient,-0.02836109586072454,0.027441350783526237,-0.012349566075704371,0.02836109586072454,-0.06732545488245233,-0.0063018061027631175,5,1.0,5,0.0,1.0,1.0,0,0.0
A_RIDGE,1,literally,textual,coefficient,-0.0283526655264286,0.021018329052203372,-0.030760742382205053,0.0283526655264286,-0.05085734700456601,0.0,4,0.8,4,0.0,0.8,1.0,0,0.0
A_RIDGE,1,make,textual,coefficient,0.02808171494847469,0.019011869372629706,0.026917137615776073,0.02808171494847469,0.006257460264180621,0.05845814852160342,5,1.0,5,1.0,0.0,1.0,0,0.0
A_RIDGE,1,remember,textual,coefficient,0.004237674530455271,0.03560585372825111,0.0019023549018141147,0.027896428863599453,-0.042374504798662116,0.0407174759561527,5,1.0,5,0.6,0.4,0.6,0,0.0
A_RIDGE,1,low,textual,coefficient,-0.012199636459488988,0.04477394934366123,-0.0019156401721339249,0.027798204655198354,-0.08665783157663899,0.032894659728085224,5,1.0,5,0.4,0.6,0.6,0,0.0
A_RIDGE,1,information,textual,coefficient,-0.025661732747567008,0.026444072614073822,-0.03862491793483582,0.027616036693632634,-0.05443765111443516,0.00488575986516406,4,0.8,4,0.2,0.6,0.75,0,0.0
A_RIDGE,1,affects,textual,coefficient,-0.027589296434049636,0.03941076803045251,0.0,0.027589296434049636,-0.08484877200627079,0.0,2,0.4,2,0.0,0.4,1.0,0,0.0
A_RIDGE,1,family,textual,coefficient,0.027484180328965067,0.038701176254360065,0.0,0.027484180328965067,0.0,0.08147314864107834,2,0.4,2,0.4,0.0,1.0,0,0.0
A_RIDGE,1,short,textual,coefficient,-0.027438108469996024,0.01575153105917655,-0.03178092228329861,0.027438108469996024,-0.03955180660054598,0.0,4,0.8,4,0.0,0.8,1.0,0,0.0
A_RIDGE,1,open,textual,coefficient,-0.027367088309638264,0.03750197806144183,0.0,0.027367088309638264,-0.07046857608065805,0.0,2,0.4,2,0.0,0.4,1.0,0,0.0
A_RIDGE,1,manage,textual,coefficient,-0.02734620134474721,0.02889364356071477,-0.02183495279427036,0.02734620134474721,-0.058198834857088315,0.0,3,0.6,3,0.0,0.6,1.0,0,0.0
A_RIDGE,1,sort,textual,coefficient,-0.026834799319368663,0.038139751922962206,0.0,0.026834799319368663,-0.08153975405899341,0.0,2,0.4,2,0.0,0.4,1.0,0,0.0
A_RIDGE,1,stimulation,textual,coefficient,-0.02665280081768967,0.025429089912049056,-0.03389257149850581,0.02665280081768967,-0.05480265883360802,0.0,3,0.6,3,0.0,0.6,1.0,0,0.0
A_RIDGE,1,adult,textual,coefficient,0.02575546063429801,0.023533370092465537,0.04159282518516875,0.02575546063429801,0.0,0.044448710330246104,3,0.6,3,0.6,0.0,1.0,0,0.0
A_RIDGE,1,20,textual,coefficient,0.0022755825780939633,0.03896437080414058,0.0,0.025719570755889175,-0.05860997044448803,0.04535008976030961,3,0.6,3,0.4,0.2,0.6666666666666666,0,0.0
A_RIDGE,1,didn,textual,coefficient,-0.025587045786196656,0.01812833602585561,-0.015510495377909779,0.025587045786196656,-0.05259773115516204,-0.009273153726523813,5,1.0,5,0.0,1.0,1.0,0,0.0
A_RIDGE,1,risk,textual,coefficient,0.025108529038627914,0.05614437774539946,0.0,0.025108529038627914,0.0,0.12554264519313957,1,0.2,1,0.2,0.0,1.0,0,0.0
A_RIDGE,1,based,textual,coefficient,0.02497048815379116,0.03312810542625153,0.017868249597202967,0.02497048815379116,0.0,0.08056079472085005,3,0.6,3,0.6,0.0,1.0,0,0.0
A_RIDGE,1,don know,textual,coefficient,-0.024820508993992626,0.01910876396264825,-0.026495517273186043,0.024820508993992626,-0.04335878031444041,0.0,4,0.8,4,0.0,0.8,1.0,0,0.0
A_RIDGE,1,working,textual,coefficient,-0.016277766891968384,0.02840289185057648,-0.013543636276987818,0.0247426176337359,-0.05407497214613016,0.010634708687063215,5,1.0,5,0.4,0.6,0.6,0,0.0
A_RIDGE,1,seen,textual,coefficient,0.024478831525171326,0.024118564276523452,0.03159651835327596,0.024478831525171326,0.0,0.05545965743555025,3,0.6,3,0.6,0.0,1.0,0,0.0
A_RIDGE,1,adhders,textual,coefficient,-0.024388675990507095,0.02398108178816772,-0.030444655799756064,0.024388675990507095,-0.05473605752616474,0.0,3,0.6,3,0.0,0.6,1.0,0,0.0
A_RIDGE,1,days,textual,coefficient,-0.024359763981416233,0.05447008817829762,0.0,0.024359763981416233,-0.12179881990708116,0.0,1,0.2,1,0.0,0.2,1.0,0,0.0
A_RIDGE,1,better,textual,coefficient,-0.009752200508198236,0.0313288262709803,-0.007213957823115422,0.024351129089304573,-0.042601503711357035,0.03574659566119867,5,1.0,5,0.4,0.6,0.6,0,0.0
A_RIDGE,1,yeah,textual,coefficient,-0.0009864726706871733,0.03634900163588462,0.005003782276403772,0.023920804019857574,-0.06226819172636187,0.03096354970797261,5,1.0,5,0.8,0.2,0.8,0,0.0
A_RIDGE,1,ask,textual,coefficient,-0.023724822588754028,0.028820304510148657,-0.00819982167520907,0.023724822588754028,-0.06100998117883345,0.0,4,0.8,4,0.0,0.8,1.0,0,0.0
A_RIDGE,1,behavior,textual,coefficient,0.022560990289194525,0.02028910489534658,0.01944859143241671,0.02346646699895919,-0.0022636917744116563,0.04819401913439792,5,1.0,5,0.8,0.2,0.8,0,0.0
A_RIDGE,1,point,textual,coefficient,-0.02333735802498694,0.022137599799600723,-0.015534931475421513,0.02333735802498694,-0.05824037500783048,0.0,4,0.8,4,0.0,0.8,1.0,0,0.0
A_RIDGE,1,forget,textual,coefficient,0.023181663309712726,0.017239196114887546,0.017438051821238868,0.023181663309712726,0.006079943003021457,0.04490932748451602,5,1.0,5,1.0,0.0,1.0,0,0.0
A_RIDGE,1,parents,textual,coefficient,0.023171273405593346,0.03381556446675495,0.0,0.023171273405593346,0.0,0.07446844147063805,2,0.4,2,0.4,0.0,1.0,0,0.0
A_RIDGE,1,wrong,textual,coefficient,0.02040079485848065,0.02868035494139933,0.009408778818664575,0.022961275396410016,-0.006401201344823412,0.06390130793076018,5,1.0,5,0.8,0.2,0.8,0,0.0
A_RIDGE,1,job,textual,coefficient,0.0014373871166477748,0.033411990052712476,0.0,0.022864147741269127,-0.0314960868584137,0.05436791701748714,4,0.8,4,0.4,0.4,0.5,0,0.0
A_RIDGE,1,lead,textual,coefficient,0.02275182307750975,0.050874623013360265,0.0,0.02275182307750975,0.0,0.11375911538754875,1,0.2,1,0.2,0.0,1.0,0,0.0
A_RIDGE,1,lot people,textual,coefficient,-0.0006065188413865094,0.03466404154203685,0.0017174990602531034,0.022592873111716705,-0.05799847988275803,0.030070468059138593,4,0.8,4,0.6,0.2,0.75,0,0.0
A_RIDGE,1,goes,textual,coefficient,-0.022583338408989646,0.02093072660888475,-0.015172909031637122,0.022583338408989646,-0.050995829470228946,0.0,4,0.8,4,0.0,0.8,1.0,0,0.0
A_RIDGE,1,different,textual,coefficient,-0.011757344592777965,0.026930598982692358,-0.010160725181532172,0.022573945994450055,-0.04689439163674158,0.027041503504180216,5,1.0,5,0.2,0.8,0.8,0,0.0
A_RIDGE,1,ability,textual,coefficient,-0.022242792718259286,0.02073794611875882,-0.03225097286177774,0.022242792718259286,-0.04584998089224448,0.0,4,0.8,4,0.0,0.8,1.0,0,0.0
A_RIDGE,1,later,textual,coefficient,-0.01567658774738321,0.020201936447488803,-0.015250896732616002,0.022009476678524126,-0.037566054279351675,0.01583222232785229,5,1.0,5,0.2,0.8,0.8,0,0.0
A_RIDGE,1,does,textual,coefficient,0.0023093345683039826,0.029529334384316406,-0.001590278038780939,0.021928626290513297,-0.031371286706520854,0.045015688295138634,5,1.0,5,0.4,0.6,0.6,0,0.0
A_RIDGE,1,eat,textual,coefficient,-0.01950428601069199,0.021585694820232093,-0.01934019539606983,0.021906136433184134,-0.04177412731696342,0.006004626056230357,5,1.0,5,0.2,0.8,0.8,0,0.0
A_RIDGE,1,hyperfocus,textual,coefficient,0.021777755263408482,0.048696541166335205,0.0,0.021777755263408482,0.0,0.10888877631704241,1,0.2,1,0.2,0.0,1.0,0,0.0
A_RIDGE,1,health,textual,coefficient,0.021582715188109804,0.01231552013578655,0.020632744751954254,0.021582715188109804,0.008247499062507251,0.03417273242368023,5,1.0,5,1.0,0.0,1.0,0,0.0
A_RIDGE,1,single,textual,coefficient,-0.021506664965066948,0.017217197932293024,-0.018913771362345875,0.021506664965066948,-0.04389056771423545,0.0,4,0.8,4,0.0,0.8,1.0,0,0.0
A_RIDGE,1,small,textual,coefficient,0.006867132176840563,0.02857817219626562,0.002406651830779467,0.02136058660279419,-0.03312799377406325,0.039854587348636845,5,1.0,5,0.6,0.4,0.6,0,0.0
A_RIDGE,1,child,textual,coefficient,-0.019288889098294442,0.024925854581555953,-0.017559669684982675,0.021222531060250936,-0.057884650987493506,0.004344821860731698,5,1.0,5,0.4,0.6,0.6,0,0.0
A_RIDGE,1,needs,textual,coefficient,-0.021036608739462566,0.018132151576693376,-0.024094430467100122,0.021036608739462566,-0.04732694595360194,-0.00034249228580229975,5,1.0,5,0.0,1.0,1.0,0,0.0
A_RIDGE,1,level,textual,coefficient,0.010928463466523677,0.02526017629989277,0.010887052620796912,0.02066053511570995,-0.024330179122965673,0.04182614126523799,4,0.8,4,0.6,0.2,0.75,0,0.0
A_RIDGE,1,stop,textual,coefficient,0.011745240245334432,0.02746647710291022,-0.004792853587080515,0.020626512268656975,-0.009121297833939362,0.05181640652302457,5,1.0,5,0.4,0.6,0.6,0,0.0
A_RIDGE,1,learning,textual,coefficient,-0.0199076963411843,0.027264209441141135,0.0,0.0199076963411843,-0.050467690459452604,0.0,2,0.4,2,0.0,0.4,1.0,0,0.0
A_RIDGE,1,self,textual,coefficient,-0.011008995621861545,0.025918014650902155,-0.008440132898008535,0.019866138406086586,-0.04905074250193962,0.022142856960562604,5,1.0,5,0.2,0.8,0.8,0,0.0
A_RIDGE,1,follow,textual,coefficient,0.003744498248527229,0.028172759942514714,0.003864291712998635,0.019456394915185964,-0.03758256138223184,0.04028266646425041,5,1.0,5,0.6,0.4,0.6,0,0.0
A_RIDGE,1,pain,textual,coefficient,-0.019312569620017234,0.04318421849055582,0.0,0.019312569620017234,-0.09656284810008617,0.0,1,0.2,1,0.0,0.2,1.0,0,0.0
A_RIDGE,1,avoid,textual,coefficient,-0.01915802198360621,0.015910160365598496,-0.017764247034361393,0.01915802198360621,-0.03909466220584723,0.0,4,0.8,4,0.0,0.8,1.0,0,0.0
A_RIDGE,1,typically,textual,coefficient,0.018879331578334844,0.042215468778915105,0.0,0.018879331578334844,0.0,0.09439665789167422,1,0.2,1,0.2,0.0,1.0,0,0.0
A_RIDGE,1,medicine,textual,coefficient,-0.018739657233422278,0.04190314744897786,0.0,0.018739657233422278,-0.09369828616711139,0.0,1,0.2,1,0.0,0.2,1.0,0,0.0
A_RIDGE,1,completely,textual,coefficient,-0.01870189188751887,0.019811812682504443,-0.015262213627552357,0.01870189188751887,-0.0472564654493243,0.0,4,0.8,4,0.0,0.8,1.0,0,0.0
A_RIDGE,1,seven,textual,coefficient,0.007005874449877018,0.02277423592511855,0.012858857667221996,0.01862102306559909,-0.029037871539305177,0.026038395379523585,4,0.8,4,0.6,0.2,0.75,0,0.0
A_RIDGE,1,struggling,textual,coefficient,-0.00268248047440598,0.024229178067578194,-5.58669090871202e-05,0.018579351751867694,-0.03178026193427562,0.027933528847044226,5,1.0,5,0.4,0.6,0.6,0,0.0
A_RIDGE,1,phone,textual,coefficient,-0.003244841865978447,0.03089835217383393,0.0,0.018393104562858656,-0.051732764876331536,0.034306175079357695,4,0.8,4,0.4,0.4,0.5,0,0.0
A_RIDGE,1,somebody,textual,coefficient,-0.018335796099944603,0.018639964462329555,-0.009338884855381242,0.018335796099944603,-0.0419967938035761,0.0,4,0.8,4,0.0,0.8,1.0,0,0.0
A_RIDGE,1,drink,textual,coefficient,-0.018282645028300726,0.025288753751447776,0.0,0.018282645028300726,-0.05076482104678787,0.0,2,0.4,2,0.0,0.4,1.0,0,0.0
A_RIDGE,1,stuff,textual,coefficient,-0.01546360514581561,0.019140375367584755,-0.015293472815519557,0.01826721076587684,-0.03964401570393289,0.0070090140501530805,5,1.0,5,0.2,0.8,0.8,0,0.0
A_RIDGE,1,getting,textual,coefficient,0.016961821796060043,0.015563943253789228,0.010883076569413758,0.0176425732139213,-0.001701878544653144,0.03353330779346286,5,1.0,5,0.8,0.2,0.8,0,0.0
A_RIDGE,1,ways,textual,coefficient,0.009876842416862297,0.027749029230117857,0.0054096666787834,0.01745535231346702,-0.01764945197637499,0.05641867895959494,5,1.0,5,0.6,0.4,0.6,0,0.0
A_RIDGE,1,works,textual,coefficient,0.00015492565435329744,0.02145399778039855,-0.012111092035363197,0.01735574923927736,-0.015509259468880918,0.03327263798152459,5,1.0,5,0.4,0.6,0.6,0,0.0
A_RIDGE,1,running,textual,coefficient,-0.01709818307641991,0.03823269965061141,0.0,0.01709818307641991,-0.08549091538209956,0.0,1,0.2,1,0.0,0.2,1.0,0,0.0
A_RIDGE,1,certain,textual,coefficient,-0.010526082187050808,0.02033586078377806,-0.005924075478169055,0.017088261235028476,-0.036352993256202025,0.008889742322993995,5,1.0,5,0.4,0.6,0.6,0,0.0
A_RIDGE,1,tend,textual,coefficient,-0.00814651213176813,0.024626118351709324,0.0007863582527881845,0.01658429223842516,-0.048453741143776284,0.013630688384933183,5,1.0,5,0.6,0.4,0.6,0,0.0
A_RIDGE,1,basically,textual,coefficient,-0.016352771236896508,0.03656590810620391,0.0,0.016352771236896508,-0.08176385618448254,0.0,1,0.2,1,0.0,0.2,1.0,0,0.0
A_RIDGE,1,prefrontal cortex,textual,coefficient,-0.016316684631865735,0.036485216004277905,0.0,0.016316684631865735,-0.08158342315932868,0.0,1,0.2,1,0.0,0.2,1.0,0,0.0
A_RIDGE,1,pay attention,textual,coefficient,-0.016275999490376742,0.022475490474118846,0.0,0.016275999490376742,-0.04479971237948564,0.0,2,0.4,2,0.0,0.4,1.0,0,0.0
A_RIDGE,1,activity,textual,coefficient,-0.014546391607056286,0.01842294517870257,-0.00539403287579661,0.015227864828711773,-0.03486520299126869,0.001703683054138722,4,0.8,4,0.2,0.6,0.75,0,0.0
A_RIDGE,1,dr,textual,coefficient,-0.01505851679312517,0.015740713413176136,-0.015376367008529982,0.01505851679312517,-0.03679425086520269,0.0,3,0.6,3,0.0,0.6,1.0,0,0.0
A_RIDGE,1,learn,textual,coefficient,-0.0010548197696210993,0.023069358364527406,0.005966794296487567,0.014907510333420115,-0.03990582525760304,0.02156709935748436,5,1.0,5,0.8,0.2,0.8,0,0.0
A_RIDGE,1,listen,textual,coefficient,0.014702836590849963,0.03287654207921178,0.0,0.014702836590849963,0.0,0.07351418295424982,1,0.2,1,0.2,0.0,1.0,0,0.0
A_RIDGE,1,example,textual,coefficient,0.004995298791715006,0.01981992947414806,0.0,0.014628995960406324,-0.022068386221935674,0.02540448720770073,4,0.8,4,0.4,0.4,0.5,0,0.0
A_RIDGE,1,normal,textual,coefficient,-0.014614645880373917,0.019220336830117157,-0.007942655811382116,0.014614645880373917,-0.046010419242439066,0.0,3,0.6,3,0.0,0.6,1.0,0,0.0
A_RIDGE,1,create,textual,coefficient,0.010954342207849766,0.01613489922276584,0.011709662011434653,0.014584963161654968,-0.009076552384513005,0.031664436608044175,4,0.8,4,0.6,0.2,0.75,0,0.0
A_RIDGE,1,norepinephrine,textual,coefficient,-0.014513516438583072,0.032453209349232404,0.0,0.014513516438583072,-0.07256758219291536,0.0,1,0.2,1,0.0,0.2,1.0,0,0.0
A_RIDGE,1,knowing,textual,coefficient,0.014379595118814526,0.032153752174593445,0.0,0.014379595118814526,0.0,0.07189797559407263,1,0.2,1,0.2,0.0,1.0,0,0.0
A_RIDGE,1,sensitivity,textual,coefficient,-0.014173954545571032,0.03169392587388897,0.0,0.014173954545571032,-0.07086977272785516,0.0,1,0.2,1,0.0,0.2,1.0,0,0.0
A_RIDGE,1,sound,textual,coefficient,-0.014016026467350229,0.02037171498630587,0.0,0.014016026467350229,-0.04470080116712569,0.0,2,0.4,2,0.0,0.4,1.0,0,0.0
A_RIDGE,1,wait,textual,coefficient,-0.013937728799732518,0.01970763592792189,-0.0032101474889178394,0.013937728799732518,-0.04558559953664503,0.0,3,0.6,3,0.0,0.6,1.0,0,0.0
A_RIDGE,1,aren,textual,coefficient,0.013824844003412131,0.021993749095185776,0.0,0.013824844003412131,0.0,0.05039645020883293,2,0.4,2,0.4,0.0,1.0,0,0.0
A_RIDGE,1,meds,textual,coefficient,-0.007205596466803318,0.024237969036816277,0.0,0.012553517791457913,-0.04939778564565308,0.013009560830069797,3,0.6,3,0.4,0.2,0.6666666666666666,0,0.0
A_RIDGE,1,mean,textual,coefficient,-0.006869793880051861,0.01373974165938999,-0.006601888802571385,0.012001737123000076,-0.022122452358895244,0.01061217894365101,5,1.0,5,0.4,0.6,0.6,0,0.0
A_RIDGE,1,like,textual,coefficient,-0.005768847723827907,0.012446794060666353,-0.011204725443425921,0.011682048812012211,-0.01696657958157523,0.014783002720460757,5,1.0,5,0.2,0.8,0.8,0,0.0
A_RIDGE,1,order,textual,coefficient,-0.01107105721037469,0.01535497246226745,-0.006818930388784618,0.01107105721037469,-0.0371436493543838,0.0,3,0.6,3,0.0,0.6,1.0,0,0.0
A_RIDGE,1,mood,textual,coefficient,-0.010957510238104493,0.024501737756551553,0.0,0.010957510238104493,-0.05478755119052246,0.0,1,0.2,1,0.0,0.2,1.0,0,0.0
A_RIDGE,1,30,textual,coefficient,-0.0108283104551487,0.02421283825918418,0.0,0.0108283104551487,-0.0541415522757435,0.0,1,0.2,1,0.0,0.2,1.0,0,0.0
A_RIDGE,1,shame,textual,coefficient,-0.010461168381381544,0.023391883624840577,0.0,0.010461168381381544,-0.05230584190690772,0.0,1,0.2,1,0.0,0.2,1.0,0,0.0
A_RIDGE,1,realize,textual,coefficient,0.01003357797266515,0.01404825628716457,0.0,0.01003357797266515,0.0,0.0292293560595126,2,0.4,2,0.4,0.0,1.0,0,0.0
A_RIDGE,1,effects,textual,coefficient,0.00937738647685899,0.02096847361354396,0.0,0.00937738647685899,0.0,0.04688693238429495,1,0.2,1,0.2,0.0,1.0,0,0.0
A_RIDGE,1,differently,textual,coefficient,-0.0007002759224684054,0.014660956949575683,0.001640732712972758,0.009344976198789805,-0.025113130303145523,0.013822465435995973,4,0.8,4,0.6,0.2,0.75,0,0.0
A_RIDGE,1,shows,textual,coefficient,0.00831504946679952,0.01859301584403711,0.0,0.00831504946679952,0.0,0.0415752473339976,1,0.2,1,0.2,0.0,1.0,0,0.0
A_RIDGE,1,adhd just,textual,coefficient,0.008152480984273413,0.018229501666109742,0.0,0.008152480984273413,0.0,0.04076240492136706,1,0.2,1,0.2,0.0,1.0,0,0.0
A_RIDGE,1,constant,textual,coefficient,0.00601114824080775,0.012301581990829279,0.0,0.008136165174526885,-0.004241151146921603,0.0260922393965066,4,0.8,4,0.4,0.4,0.5,0,0.0
A_RIDGE,1,starting,textual,coefficient,0.007513304845064318,0.016800260369242342,0.0,0.007513304845064318,0.0,0.03756652422532159,1,0.2,1,0.2,0.0,1.0,0,0.0
A_RIDGE,1,let talk,textual,coefficient,-0.007448646486696307,0.016655679884617927,0.0,0.007448646486696307,-0.037243232433481537,0.0,1,0.2,1,0.0,0.2,1.0,0,0.0
A_RIDGE,1,sign,textual,coefficient,0.0069429662960417155,0.015524944603439204,0.0,0.0069429662960417155,0.0,0.034714831480208576,1,0.2,1,0.2,0.0,1.0,0,0.0
A_RIDGE,1,coming,textual,coefficient,0.006601468429212168,0.014761332159037164,0.0,0.006601468429212168,0.0,0.03300734214606084,1,0.2,1,0.2,0.0,1.0,0,0.0
A_RIDGE,1,effective,textual,coefficient,-0.006572666541371688,0.01469692917994553,0.0,0.006572666541371688,-0.03286333270685844,0.0,1,0.2,1,0.0,0.2,1.0,0,0.0
A_RIDGE,1,home,textual,coefficient,0.006446353410237288,0.014414484432278165,0.0,0.006446353410237288,0.0,0.03223176705118644,1,0.2,1,0.2,0.0,1.0,0,0.0
A_RIDGE,1,chronic,textual,coefficient,-0.006204171033935967,0.013872948175915977,0.0,0.006204171033935967,-0.031020855169679836,0.0,1,0.2,1,0.0,0.2,1.0,0,0.0
A_RIDGE,1,relationships,textual,coefficient,-0.0017520714433066856,0.007841901630673404,0.0,0.005943634155643224,-0.012800369107008311,0.005987081676156729,4,0.8,4,0.4,0.4,0.5,0,0.0
A_RIDGE,1,definitely,textual,coefficient,-0.005690156626133809,0.012723577018656052,0.0,0.005690156626133809,-0.028450783130669045,0.0,1,0.2,1,0.0,0.2,1.0,0,0.0
A_RIDGE,1,used,textual,coefficient,0.003265756803316524,0.008395919483151519,0.0,0.005633216514327753,-0.005918649277528073,0.016261183922082884,3,0.6,3,0.4,0.2,0.6666666666666666,0,0.0
A_RIDGE,1,exercise,textual,coefficient,0.0024925956113000677,0.006809097979120823,0.0020102825995884934,0.0052237145079148395,-0.00682779724153693,0.011517107513072286,4,0.8,4,0.6,0.2,0.75,0,0.0
A_RIDGE,1,hour,textual,coefficient,0.004522221653334942,0.010111995026178417,0.0,0.004522221653334942,0.0,0.022611108266674708,1,0.2,1,0.2,0.0,1.0,0,0.0
A_RIDGE,1,turn,textual,coefficient,0.004282391980939397,0.009575719575680477,0.0,0.004282391980939397,0.0,0.02141195990469699,1,0.2,1,0.2,0.0,1.0,0,0.0
A_RIDGE,1,said,textual,coefficient,-0.0020054784312640815,0.0077248089937277074,0.0,0.004084371363344083,-0.015224624486520412,0.005197232330200004,2,0.4,2,0.2,0.2,0.5,0,0.0
A_RIDGE,1,functioning,textual,coefficient,-0.003110802636124662,0.007321498005236573,0.0,0.003368550244313793,-0.016198382201096137,0.0006443690204728285,2,0.4,2,0.2,0.2,0.5,0,0.0
A_RIDGE,1,difficult,textual,coefficient,0.003035040087933652,0.006786555951056585,0.0,0.003035040087933652,0.0,0.01517520043966826,1,0.2,1,0.2,0.0,1.0,0,0.0
A_RIDGE,1,diagnosed adhd,textual,coefficient,-0.0021009728924828034,0.004431855870816437,0.0,0.002273621289422485,-0.009976355834954334,0.0004316209923492052,3,0.6,3,0.2,0.4,0.6666666666666666,0,0.0
A_RIDGE,1,focused,textual,coefficient,0.00186061221430835,0.004160455390959878,0.0,0.00186061221430835,0.0,0.00930306107154175,1,0.2,1,0.2,0.0,1.0,0,0.0
A_RIDGE,1,share,textual,coefficient,0.0018589604840953023,0.0041567620099230125,0.0,0.0018589604840953023,0.0,0.00929480242047651,1,0.2,1,0.2,0.0,1.0,0,0.0
A_RIDGE,1,half,textual,coefficient,0.0015886103395206831,0.003552240708927268,0.0,0.0015886103395206831,0.0,0.007943051697603416,1,0.2,1,0.2,0.0,1.0,0,0.0
A_RIDGE,1,lots,textual,coefficient,0.0012076545321115684,0.0027003976271371697,0.0,0.0012076545321115684,0.0,0.006038272660557842,1,0.2,1,0.2,0.0,1.0,0,0.0
A_RIDGE,1,shown,textual,coefficient,0.0010918392395970317,0.0024414267602406426,0.0,0.0010918392395970317,0.0,0.005459196197985158,1,0.2,1,0.2,0.0,1.0,0,0.0
A_RIDGE,1,present,textual,coefficient,-0.0006554620462036171,0.0014656576919823956,0.0,0.0006554620462036171,-0.0032773102310180856,0.0,1,0.2,1,0.0,0.2,1.0,0,0.0
A_RIDGE,1,interesting,textual,coefficient,0.0006335813921968657,0.0009220685816080945,0.0,0.0006335813921968657,0.0,0.0020256272983256215,2,0.4,2,0.4,0.0,1.0,0,0.0
A_RIDGE,1,comments,textual,coefficient,-0.0005370227893595329,0.0012008194624744662,0.0,0.0005370227893595329,-0.0026851139467976644,0.0,1,0.2,1,0.0,0.2,1.0,0,0.0
A_RIDGE,2,hyperactivity,textual,coefficient,0.3107228497898567,0.09985726862579858,0.30610891781753014,0.3107228497898567,0.17401115012298432,0.4213754863460197,5,1.0,5,1.0,0.0,1.0,5,1.0
A_RIDGE,2,life,textual,coefficient,-0.20511479258740178,0.04491766827153219,-0.1910427919186968,0.20511479258740178,-0.2846724332198802,-0.17600624079051094,5,1.0,5,0.0,1.0,1.0,5,1.0
A_RIDGE,2,diet,textual,coefficient,0.24121045261786644,0.14318703871392582,0.28420090023359934,0.24121045261786644,0.0,0.35425966426028827,4,0.8,4,0.8,0.0,1.0,4,0.8
A_RIDGE,2,stimulants,textual,coefficient,0.1326305230483696,0.12776998212245247,0.18268028957898022,0.17060164102731365,-0.0949277949473602,0.20974267997659152,5,1.0,5,0.8,0.2,0.8,4,0.8
A_RIDGE,2,motivation,textual,coefficient,0.15825260101136035,0.06360033771583855,0.18026190907883277,0.15825260101136035,0.045832198995718894,0.2025842453154174,5,1.0,5,1.0,0.0,1.0,4,0.8
A_RIDGE,2,increase,textual,coefficient,0.20157018958712408,0.13890588109267804,0.2674425482589583,0.20157018958712408,0.0,0.33558950549623734,4,0.8,4,0.8,0.0,1.0,3,0.6
A_RIDGE,2,way,textual,coefficient,0.20000899051903365,0.05948618026637023,0.22768105611224365,0.20000899051903365,0.13464324810839592,0.26708430300579,5,1.0,5,1.0,0.0,1.0,3,0.6
A_RIDGE,2,fast,textual,coefficient,0.1906014701553363,0.04871735326351145,0.21431789948942329,0.1906014701553363,0.12127954187263018,0.240965551937286,5,1.0,5,1.0,0.0,1.0,3,0.6
A_RIDGE,2,really,textual,coefficient,-0.17517968347527602,0.04132653079601799,-0.16960319598998227,0.17517968347527602,-0.23609654588599632,-0.12157837765390349,5,1.0,5,0.0,1.0,1.0,3,0.6
A_RIDGE,2,autism,textual,coefficient,0.17062695133086295,0.09774184778497053,0.2003073931026666,0.17062695133086295,0.029200023917936475,0.26668321309610876,5,1.0,5,1.0,0.0,1.0,3,0.6
A_RIDGE,2,talk,textual,coefficient,0.16449478908781234,0.045375118845658875,0.16638942972602794,0.16449478908781234,0.1087232620337505,0.22273396969173528,5,1.0,5,1.0,0.0,1.0,3,0.6
A_RIDGE,2,attention,textual,coefficient,0.16403513321051483,0.08990639317373895,0.17533589015521817,0.16403513321051483,0.030048064121108747,0.28021634447417315,5,1.0,5,1.0,0.0,1.0,3,0.6
A_RIDGE,2,patients,textual,coefficient,0.15425943843428863,0.063720285584554,0.1909702299417046,0.15425943843428863,0.0631117073185618,0.2114032556041873,5,1.0,5,1.0,0.0,1.0,3,0.6
A_RIDGE,2,rejection,textual,coefficient,0.15259269269302467,0.10986699792405295,0.17841508992049335,0.15259269269302467,0.0,0.2577200460533114,4,0.8,4,0.8,0.0,1.0,3,0.6
A_RIDGE,2,thoughts,textual,coefficient,0.1403176407215784,0.10493579263057608,0.17948437920669388,0.1403176407215784,0.0,0.24015541993595257,4,0.8,4,0.8,0.0,1.0,3,0.6
A_RIDGE,2,foods,textual,coefficient,0.13814057078640743,0.1022928894756796,0.19717990343111488,0.13814057078640743,0.0,0.22145735912574704,4,0.8,4,0.8,0.0,1.0,3,0.6
A_RIDGE,2,test,textual,coefficient,0.13431019089613722,0.08208484572467602,0.16733180311217416,0.13685793569709284,-0.0063693620023890785,0.19782122033803923,5,1.0,5,0.8,0.2,0.8,3,0.6
A_RIDGE,2,high,textual,coefficient,0.13630921675496774,0.0708062272095258,0.16090945906802462,0.13630921675496774,0.0275045080347967,0.21054372479867808,5,1.0,5,1.0,0.0,1.0,3,0.6
A_RIDGE,2,good,textual,coefficient,0.1648290274789071,0.09048170381518762,0.1586040529184475,0.1648290274789071,0.06771924768700716,0.30530463398442925,5,1.0,5,1.0,0.0,1.0,2,0.4
A_RIDGE,2,depression,textual,coefficient,0.11397953176344047,0.122503898215889,0.16328727340646584,0.15547541209254462,-0.10373970082276036,0.19092961634754724,5,1.0,5,0.8,0.2,0.8,2,0.4
A_RIDGE,2,usually,textual,coefficient,0.15093772963081872,0.0758578736484402,0.15949388850556864,0.15093772963081872,0.034049648369935105,0.23027541362510112,5,1.0,5,1.0,0.0,1.0,2,0.4
A_RIDGE,2,care,textual,coefficient,0.1434834057482068,0.052425017417659855,0.15030031853805606,0.1434834057482068,0.061248421421278176,0.190429373105714,5,1.0,5,1.0,0.0,1.0,2,0.4
A_RIDGE,2,uh,textual,coefficient,0.1332055002590144,0.07875279264057984,0.1512404186144275,0.1332055002590144,0.0,0.1963102997616432,4,0.8,4,0.8,0.0,1.0,2,0.4
A_RIDGE,2,sit,textual,coefficient,0.1330911093623178,0.054941825108701145,0.144094954627086,0.1330911093623178,0.06990880610603448,0.18634959620208696,5,1.0,5,1.0,0.0,1.0,2,0.4
A_RIDGE,2,type,textual,coefficient,0.10783870115905332,0.09841556773756713,0.1355818493518371,0.13220925561918043,-0.06092638615031776,0.18450489607584286,5,1.0,5,0.8,0.2,0.8,2,0.4
A_RIDGE,2,focus,textual,coefficient,0.11424992103335659,0.09712603948502657,0.16418772258546607,0.12550229356914652,-0.02813093133947487,0.20973836130067156,5,1.0,5,0.8,0.2,0.8,2,0.4
A_RIDGE,2,attention deficit,textual,coefficient,0.12143250183905374,0.07236231444606588,0.1451151053350616,0.12143250183905374,0.0,0.17715453604155254,4,0.8,4,0.8,0.0,1.0,2,0.4
A_RIDGE,2,sensory,textual,coefficient,0.11296774720044248,0.07175557913847541,0.12094319842058748,0.11296774720044248,0.0,0.18532310548446274,4,0.8,4,0.8,0.0,1.0,2,0.4
A_RIDGE,2,affects,textual,coefficient,0.08247200281401164,0.11313029383968484,0.0,0.08247200281401164,0.0,0.21570941351854558,2,0.4,2,0.4,0.0,1.0,2,0.4
A_RIDGE,2,adhd symptoms,textual,coefficient,0.12260963811379813,0.02106297966669361,0.11906704806801917,0.12260963811379813,0.10244058325809587,0.15781962007580666,5,1.0,5,1.0,0.0,1.0,1,0.2
A_RIDGE,2,issues,textual,coefficient,0.12095057501023627,0.04778307828842639,0.12001593732166559,0.12095057501023627,0.05396325152122183,0.17098381225013312,5,1.0,5,1.0,0.0,1.0,1,0.2
A_RIDGE,2,anxiety,textual,coefficient,-0.12045771313378077,0.03307401044428057,-0.11545994334387677,0.12045771313378077,-0.17627953512258424,-0.08880125084312464,5,1.0,5,0.0,1.0,1.0,1,0.2
A_RIDGE,2,remember,textual,coefficient,0.11698297720383437,0.05433536427761464,0.12746492150542352,0.11698297720383437,0.034141267124172696,0.18013472173655054,5,1.0,5,1.0,0.0,1.0,1,0.2
A_RIDGE,2,kind,textual,coefficient,0.11662112724331775,0.059221774456040654,0.14486356992132576,0.11662112724331775,0.05190616151957286,0.17461340628057678,5,1.0,5,1.0,0.0,1.0,1,0.2
A_RIDGE,2,time,textual,coefficient,0.10693307949360223,0.08369938533275434,0.09841639325255379,0.11274619864464083,-0.014532797877596457,0.20936136825078422,5,1.0,5,0.8,0.2,0.8,1,0.2
A_RIDGE,2,term,textual,coefficient,0.11165525407910457,0.07710434576088457,0.10981604307378849,0.11165525407910457,0.022984728538397118,0.2173996799701341,5,1.0,5,1.0,0.0,1.0,1,0.2
A_RIDGE,2,lack,textual,coefficient,0.11061421565012874,0.04712406369782334,0.0878278053377475,0.11061421565012874,0.06171207493627726,0.16541327324428667,5,1.0,5,1.0,0.0,1.0,1,0.2
A_RIDGE,2,little,textual,coefficient,0.11052651946942982,0.04525674268366905,0.11841373294369432,0.11052651946942982,0.043131024552528575,0.16879422939312796,5,1.0,5,1.0,0.0,1.0,1,0.2
A_RIDGE,2,just,textual,coefficient,0.10489452262437444,0.055725068478993285,0.10911126168571786,0.10489452262437444,0.031121189803391177,0.16608729939293437,5,1.0,5,1.0,0.0,1.0,1,0.2
A_RIDGE,2,dopamine,textual,coefficient,-0.09949009682826097,0.05939296126537288,-0.1026044470872483,0.09949009682826097,-0.1883743365193824,-0.025365395838765393,5,1.0,5,0.0,1.0,1.0,1,0.2
A_RIDGE,2,actually,textual,coefficient,0.09330780949231156,0.04812673592385461,0.09442028249775831,0.09330780949231156,0.03336544738708682,0.15529635233782518,5,1.0,5,1.0,0.0,1.0,1,0.2
A_RIDGE,2,isn,textual,coefficient,0.09026439725897187,0.058326110528564915,0.10783621576009493,0.09026439725897187,0.019423138607390488,0.16318841385040717,5,1.0,5,1.0,0.0,1.0,1,0.2
A_RIDGE,2,number,textual,coefficient,-0.0769165628297391,0.07586597670399528,-0.06172632696153356,0.0769165628297391,-0.19672325637335727,-0.0076614741032704275,5,1.0,5,0.0,1.0,1.0,1,0.2
A_RIDGE,2,video,textual,coefficient,0.06726169214625823,0.07531051812941414,0.03180135200036732,0.07363523878685815,-0.015933866601499806,0.16504233375693014,5,1.0,5,0.8,0.2,0.8,1,0.2
A_RIDGE,2,pain,textual,coefficient,0.05323741966447619,0.11904248931645281,0.0,0.05323741966447619,0.0,0.26618709832238097,1,0.2,1,0.2,0.0,1.0,1,0.2
A_RIDGE,2,sensitivity,textual,coefficient,0.051925336527147536,0.11610858222925474,0.0,0.051925336527147536,0.0,0.2596266826357377,1,0.2,1,0.2,0.0,1.0,1,0.2
A_RIDGE,2,doctor,textual,coefficient,0.1062782888409008,0.0992927155919017,0.1445723730185324,0.1343733051235664,-0.07023754070666399,0.16835543456041097,5,1.0,5,0.8,0.2,0.8,0,0.0
A_RIDGE,2,problem,textual,coefficient,-0.1336153899238645,0.010825560132706424,-0.13270386755408234,0.1336153899238645,-0.15099279320354575,-0.12386651453186323,5,1.0,5,0.0,1.0,1.0,0,0.0
A_RIDGE,2,thing,textual,coefficient,-0.13162611340607505,0.010067932384324525,-0.12734521594493062,0.13162611340607505,-0.1443070624950398,-0.12089200603715634,5,1.0,5,0.0,1.0,1.0,0,0.0
A_RIDGE,2,instead,textual,coefficient,-0.12642992003099235,0.021959734149337152,-0.1144463660123369,0.12642992003099235,-0.15843418446000376,-0.10598828757143056,5,1.0,5,0.0,1.0,1.0,0,0.0
A_RIDGE,2,neurotypical,textual,coefficient,-0.1258690361572802,0.008884010706050308,-0.12385642462130501,0.1258690361572802,-0.1405742960430508,-0.1177837458709491,5,1.0,5,0.0,1.0,1.0,0,0.0
A_RIDGE,2,stress,textual,coefficient,-0.12491835126119939,0.019271520874576648,-0.12018842347652466,0.12491835126119939,-0.15357041459693707,-0.10128350783285298,5,1.0,5,0.0,1.0,1.0,0,0.0
A_RIDGE,2,love,textual,coefficient,-0.12327712138452351,0.023458248974466623,-0.13103237925883354,0.12327712138452351,-0.1458751296869172,-0.08443990098882924,5,1.0,5,0.0,1.0,1.0,0,0.0
A_RIDGE,2,tasks,textual,coefficient,-0.12232626322928779,0.032030449836934434,-0.10792077205695051,0.12232626322928779,-0.16107202607598814,-0.08510155292942025,5,1.0,5,0.0,1.0,1.0,0,0.0
A_RIDGE,2,best,textual,coefficient,-0.12089781649785258,0.016143068298164708,-0.12515839170611387,0.12089781649785258,-0.13640099214728987,-0.09913458058134388,5,1.0,5,0.0,1.0,1.0,0,0.0
A_RIDGE,2,think,textual,coefficient,-0.12027477787242276,0.026446683274866385,-0.12335798376519838,0.12027477787242276,-0.15216586455938053,-0.07862339645156877,5,1.0,5,0.0,1.0,1.0,0,0.0
A_RIDGE,2,emotional,textual,coefficient,-0.1173216746733547,0.015306426531749937,-0.1131742472177173,0.1173216746733547,-0.13491076792163134,-0.09970648281629493,5,1.0,5,0.0,1.0,1.0,0,0.0
A_RIDGE,2,adhd brains,textual,coefficient,-0.11465253258734957,0.009928382250573466,-0.11232946745278077,0.11465253258734957,-0.12653402295947316,-0.10128246237731339,5,1.0,5,0.0,1.0,1.0,0,0.0
A_RIDGE,2,harder,textual,coefficient,-0.11243273720351676,0.019707126862565476,-0.10434279869921682,0.11243273720351676,-0.14681236899771558,-0.09907714139217452,5,1.0,5,0.0,1.0,1.0,0,0.0
A_RIDGE,2,make,textual,coefficient,-0.11079638700025365,0.021222264246251007,-0.11316967307080479,0.11079638700025365,-0.13310771022499643,-0.07588846065080676,5,1.0,5,0.0,1.0,1.0,0,0.0
A_RIDGE,2,adhd,textual,coefficient,0.11056836987178262,0.05293456559845389,0.10857066767769502,0.11056836987178262,0.03570895136879084,0.1668278896461075,5,1.0,5,1.0,0.0,1.0,0,0.0
A_RIDGE,2,little bit,textual,coefficient,0.10919052477123703,0.0355362412206628,0.10856024653943036,0.10919052477123703,0.06818043642027619,0.1501679940288162,5,1.0,5,1.0,0.0,1.0,0,0.0
A_RIDGE,2,lot,textual,coefficient,-0.10874970164125379,0.05798010023179382,-0.1383583626520597,0.10874970164125379,-0.14447958835435112,-0.008181929547196203,5,1.0,5,0.0,1.0,1.0,0,0.0
A_RIDGE,2,stay,textual,coefficient,0.10860529681583608,0.0335647641075402,0.11793215502236669,0.10860529681583608,0.05005691454367634,0.13496958469966072,5,1.0,5,1.0,0.0,1.0,0,0.0
A_RIDGE,2,trouble,textual,coefficient,-0.1085823220811863,0.02821848326675414,-0.1006959074024133,0.1085823220811863,-0.15531052190260367,-0.08077691096755302,5,1.0,5,0.0,1.0,1.0,0,0.0
A_RIDGE,2,did,textual,coefficient,-0.10848057908898012,0.01861874254633098,-0.11141406938340936,0.10848057908898012,-0.13380253980392443,-0.08824455992952322,5,1.0,5,0.0,1.0,1.0,0,0.0
A_RIDGE,2,helpful,textual,coefficient,-0.10770259741624737,0.020014656233538073,-0.10256188361048363,0.10770259741624737,-0.13327701652212348,-0.08190470241831985,5,1.0,5,0.0,1.0,1.0,0,0.0
A_RIDGE,2,understand,textual,coefficient,0.10651411489415981,0.040141195208690486,0.12098447225754883,0.10651411489415981,0.0357774739208279,0.13599917807423909,5,1.0,5,1.0,0.0,1.0,0,0.0
A_RIDGE,2,got,textual,coefficient,-0.10622435926504781,0.028743156237160037,-0.09481997748730008,0.10622435926504781,-0.1544507760105314,-0.08526735102831583,5,1.0,5,0.0,1.0,1.0,0,0.0
A_RIDGE,2,stimulant,textual,coefficient,-0.10297820918139655,0.03563503823529559,-0.10681244552205964,0.10297820918139655,-0.1491258515689253,-0.06420434778993454,5,1.0,5,0.0,1.0,1.0,0,0.0
A_RIDGE,2,constantly,textual,coefficient,-0.10178300926946678,0.02570971653871962,-0.09864663840271996,0.10178300926946678,-0.1446596418946887,-0.0812024153932502,5,1.0,5,0.0,1.0,1.0,0,0.0
A_RIDGE,2,stop,textual,coefficient,-0.09839464704685234,0.018965286462840895,-0.09258455088208474,0.09839464704685234,-0.13076506947852531,-0.08079733874950289,5,1.0,5,0.0,1.0,1.0,0,0.0
A_RIDGE,2,physical,textual,coefficient,0.09472431917735932,0.0581047886829308,0.11200132530590845,0.09697404984742666,-0.005624326675168332,0.1456531077783339,5,1.0,5,0.8,0.2,0.8,0,0.0
A_RIDGE,2,times,textual,coefficient,-0.09606188789478327,0.009698192312207086,-0.094185716740713,0.09606188789478327,-0.10662875431467922,-0.08237614250661249,5,1.0,5,0.0,1.0,1.0,0,0.0
A_RIDGE,2,energy,textual,coefficient,-0.09389115226868691,0.02492362105945685,-0.08650269369398941,0.09389115226868691,-0.13702927345673185,-0.0744567801863231,5,1.0,5,0.0,1.0,1.0,0,0.0
A_RIDGE,2,children,textual,coefficient,0.09365987221998069,0.04213794583215947,0.08930175208381419,0.09365987221998069,0.034210180123544265,0.1510689467025458,5,1.0,5,1.0,0.0,1.0,0,0.0
A_RIDGE,2,day,textual,coefficient,-0.0908224956140368,0.02654577709684056,-0.09021788889190269,0.0908224956140368,-0.12086006633136605,-0.057298475039963985,5,1.0,5,0.0,1.0,1.0,0,0.0
A_RIDGE,2,disorder,textual,coefficient,0.08758669324874221,0.06709883260355856,0.07082055528633857,0.09024081110235946,-0.0066352946340430975,0.16533082489799766,5,1.0,5,0.8,0.2,0.8,0,0.0
A_RIDGE,2,trying,textual,coefficient,-0.09000027281585735,0.03351730076384535,-0.08273149211417971,0.09000027281585735,-0.1449830994956278,-0.06077846257915163,5,1.0,5,0.0,1.0,1.0,0,0.0
A_RIDGE,2,emotions,textual,coefficient,-0.08934112037823869,0.01784413254069724,-0.08613416639850249,0.08934112037823869,-0.11480663390329575,-0.06671208353640518,5,1.0,5,0.0,1.0,1.0,0,0.0
A_RIDGE,2,hard,textual,coefficient,0.08297384933761494,0.061815557162395555,0.0921048398118916,0.08921645526959003,-0.015606514829937732,0.13916379583080335,5,1.0,5,0.8,0.2,0.8,0,0.0
A_RIDGE,2,long,textual,coefficient,0.08884310766964536,0.05577707740284779,0.09374149185447199,0.08884310766964536,0.008408365244793213,0.15428216775086534,5,1.0,5,1.0,0.0,1.0,0,0.0
A_RIDGE,2,things like,textual,coefficient,0.07945971527479856,0.06116065357703157,0.10193232759266962,0.08875701455542995,-0.023243248201578474,0.12501763808131341,5,1.0,5,0.8,0.2,0.8,0,0.0
A_RIDGE,2,late,textual,coefficient,0.08863953991284033,0.032818769650884705,0.07336810914325535,0.08863953991284033,0.055854335258376284,0.1323012448047294,5,1.0,5,1.0,0.0,1.0,0,0.0
A_RIDGE,2,feels,textual,coefficient,-0.0882279458344114,0.01406921710831018,-0.08694666649317905,0.0882279458344114,-0.10292384030171375,-0.07262441712642888,5,1.0,5,0.0,1.0,1.0,0,0.0
A_RIDGE,2,signs,textual,coefficient,0.08110486207128076,0.0719112918267214,0.13012133541596888,0.08803727827092642,-0.01733104049911418,0.13550260710982187,5,1.0,5,0.8,0.2,0.8,0,0.0
A_RIDGE,2,big,textual,coefficient,-0.08794993216636338,0.02288066386031733,-0.08964094849414407,0.08794993216636338,-0.11517186909519436,-0.05583706139505324,5,1.0,5,0.0,1.0,1.0,0,0.0
A_RIDGE,2,comes,textual,coefficient,0.08469263983837261,0.06626369942576552,0.07833884427815728,0.08725989337644027,-0.006418133845169175,0.15091571688384062,5,1.0,5,0.8,0.2,0.8,0,0.0
A_RIDGE,2,hyper,textual,coefficient,0.08694614630576561,0.05313495148895625,0.09465981013647519,0.08694614630576561,0.0,0.14562182694462125,4,0.8,4,0.8,0.0,1.0,0,0.0
A_RIDGE,2,end,textual,coefficient,-0.08635649601453639,0.019691921110892303,-0.08897005633946409,0.08635649601453639,-0.11332180195624109,-0.061801395756910855,5,1.0,5,0.0,1.0,1.0,0,0.0
A_RIDGE,2,wrong,textual,coefficient,-0.08616415993130097,0.011412933140948284,-0.09197030683767671,0.08616415993130097,-0.09603802548803636,-0.0692805224160244,5,1.0,5,0.0,1.0,1.0,0,0.0
A_RIDGE,2,mental,textual,coefficient,0.0859572514625802,0.039555677682055014,0.08294009866745951,0.0859572514625802,0.029189237980088687,0.14002842573737126,5,1.0,5,1.0,0.0,1.0,0,0.0
A_RIDGE,2,thought,textual,coefficient,-0.08592103660703351,0.049735476174055306,-0.11161980260726409,0.08592103660703351,-0.11698577249406739,0.0,4,0.8,4,0.0,0.8,1.0,0,0.0
A_RIDGE,2,low,textual,coefficient,-0.08584836782024524,0.030636690522652114,-0.07444102919369162,0.08584836782024524,-0.12035015378663579,-0.05380515621721851,5,1.0,5,0.0,1.0,1.0,0,0.0
A_RIDGE,2,able,textual,coefficient,0.0853556777562576,0.027106082486616837,0.0921851182872001,0.0853556777562576,0.05590174719530385,0.12334368007711737,5,1.0,5,1.0,0.0,1.0,0,0.0
A_RIDGE,2,gut,textual,coefficient,-0.08435837178595243,0.04907610042799618,-0.10464383175996628,0.08435837178595243,-0.12053455231767343,0.0,4,0.8,4,0.0,0.8,1.0,0,0.0
A_RIDGE,2,higher,textual,coefficient,-0.08396504602558974,0.0159859666560663,-0.07592220935702343,0.08396504602558974,-0.1081881303193711,-0.06838165466965,5,1.0,5,0.0,1.0,1.0,0,0.0
A_RIDGE,2,important,textual,coefficient,-0.08392179610032732,0.04350108829190833,-0.06737884302331515,0.08392179610032732,-0.15802121995327764,-0.052785274719968946,5,1.0,5,0.0,1.0,1.0,0,0.0
A_RIDGE,2,deficit,textual,coefficient,0.0807277929457265,0.05255197527588779,0.09975487904756619,0.0827130886137854,-0.0049632391701472595,0.12837407364333134,5,1.0,5,0.8,0.2,0.8,0,0.0
A_RIDGE,2,things,textual,coefficient,-0.08221339748733328,0.033031568154079635,-0.09534147135365469,0.08221339748733328,-0.11275831762592177,-0.03673596994251364,5,1.0,5,0.0,1.0,1.0,0,0.0
A_RIDGE,2,difference,textual,coefficient,-0.08106168556651219,0.028865446946606123,-0.07278696785426257,0.08106168556651219,-0.13049412987809034,-0.06002372097418404,5,1.0,5,0.0,1.0,1.0,0,0.0
A_RIDGE,2,state,textual,coefficient,-0.07953569877409883,0.009644297553468774,-0.07492560513337115,0.07953569877409883,-0.09026765001336828,-0.07037476866047394,5,1.0,5,0.0,1.0,1.0,0,0.0
A_RIDGE,2,bit,textual,coefficient,0.07935338014362306,0.03073467163255962,0.06469364099298346,0.07935338014362306,0.052830533686375414,0.12522191429213075,5,1.0,5,1.0,0.0,1.0,0,0.0
A_RIDGE,2,alcohol,textual,coefficient,-0.0788606478414838,0.006542733055427901,-0.07824357595272902,0.0788606478414838,-0.08803144930995527,-0.07112512020907368,5,1.0,5,0.0,1.0,1.0,0,0.0
A_RIDGE,2,adults,textual,coefficient,0.07799953838269877,0.039769511220028156,0.07863955890569492,0.07799953838269877,0.025772909667132422,0.13533018557309107,5,1.0,5,1.0,0.0,1.0,0,0.0
A_RIDGE,2,10,textual,coefficient,-0.07775831621665472,0.025457133083849445,-0.09454101294269329,0.07775831621665472,-0.0966402602883046,-0.03951955668001307,5,1.0,5,0.0,1.0,1.0,0,0.0
A_RIDGE,2,sense,textual,coefficient,-0.07738889041109075,0.02674622668478165,-0.08280935142068659,0.07738889041109075,-0.11504644313006428,-0.04943133847855803,5,1.0,5,0.0,1.0,1.0,0,0.0
A_RIDGE,2,studies,textual,coefficient,0.07718701204207992,0.04331449024744081,0.08814339628588995,0.07718701204207992,0.02802514566603161,0.1279517873387517,5,1.0,5,1.0,0.0,1.0,0,0.0
A_RIDGE,2,right,textual,coefficient,0.07696584749919111,0.04796592327868882,0.08682054592418365,0.07712576749647074,-0.000399799993199044,0.1280687751842304,5,1.0,5,0.8,0.2,0.8,0,0.0
A_RIDGE,2,diagnosis,textual,coefficient,0.07498292476282825,0.06799163531456322,0.04833850880360612,0.0766626217861765,-0.004199242558370636,0.17012347661983984,5,1.0,5,0.8,0.2,0.8,0,0.0
A_RIDGE,2,called,textual,coefficient,-0.07607653622577151,0.014532459193211052,-0.071451647900729,0.07607653622577151,-0.09901887646371238,-0.06418452083103048,5,1.0,5,0.0,1.0,1.0,0,0.0
A_RIDGE,2,worse,textual,coefficient,-0.07606710885330119,0.02168773661283992,-0.06702776141546937,0.07606710885330119,-0.11018117977161188,-0.05582119672821352,5,1.0,5,0.0,1.0,1.0,0,0.0
A_RIDGE,2,wait,textual,coefficient,0.07601549917556341,0.0744912499855405,0.0908806914473936,0.07601549917556341,0.0,0.16708028322907373,3,0.6,3,0.6,0.0,1.0,0,0.0
A_RIDGE,2,people adhd,textual,coefficient,-0.048045320240285495,0.08212403766804996,-0.051130656427580475,0.07586733820494311,-0.13350642630347984,0.035398193513905434,5,1.0,5,0.4,0.6,0.6,0,0.0
A_RIDGE,2,add,textual,coefficient,0.07505687292940563,0.01990225373606894,0.06664567408285296,0.07505687292940563,0.053773079061013335,0.10127334708003365,5,1.0,5,1.0,0.0,1.0,0,0.0
A_RIDGE,2,certain,textual,coefficient,0.07505594872432678,0.044176293099544295,0.10233592878433899,0.07505594872432678,0.016607044982463428,0.10912368562346468,5,1.0,5,1.0,0.0,1.0,0,0.0
A_RIDGE,2,ve,textual,coefficient,-0.07309844870531745,0.06386871863816973,-0.07358376786094296,0.07465492382754815,-0.14907742001828023,0.003891187805576761,5,1.0,5,0.2,0.8,0.8,0,0.0
A_RIDGE,2,common,textual,coefficient,-0.0745534848040446,0.015009823893432847,-0.07205650959286128,0.0745534848040446,-0.09701544704913648,-0.06049116192106487,5,1.0,5,0.0,1.0,1.0,0,0.0
A_RIDGE,2,use,textual,coefficient,0.0731987595230292,0.042703968067209,0.08850520318293335,0.07407808886597862,-0.0021983233573735265,0.10239355301413772,5,1.0,5,0.8,0.2,0.8,0,0.0
A_RIDGE,2,let,textual,coefficient,0.06020724980979501,0.05968764769421383,0.06599034382952837,0.07302243588779131,-0.032037965194990775,0.1322749545935417,5,1.0,5,0.8,0.2,0.8,0,0.0
A_RIDGE,2,anger,textual,coefficient,-0.0724377758230718,0.040834285105573305,-0.08799575080241923,0.0724377758230718,-0.09839484492033185,0.0,4,0.8,4,0.0,0.8,1.0,0,0.0
A_RIDGE,2,probably,textual,coefficient,-0.07234148457820418,0.036096713514602564,-0.07888993168959475,0.07234148457820418,-0.11096913376909268,-0.016136140626526057,5,1.0,5,0.0,1.0,1.0,0,0.0
A_RIDGE,2,health,textual,coefficient,-0.07172398131615974,0.029148797892369533,-0.07022389441809608,0.07172398131615974,-0.1124937796523615,-0.03254118898719539,5,1.0,5,0.0,1.0,1.0,0,0.0
A_RIDGE,2,having,textual,coefficient,-0.07146863964686417,0.020924766005553368,-0.07401225370725883,0.07146863964686417,-0.10083554815542609,-0.042954503323976066,5,1.0,5,0.0,1.0,1.0,0,0.0
A_RIDGE,2,talking,textual,coefficient,0.07137957035952809,0.028149383675945105,0.07579566927079678,0.07137957035952809,0.027406489430739384,0.09889727353069899,5,1.0,5,1.0,0.0,1.0,0,0.0
A_RIDGE,2,dr,textual,coefficient,0.07061147719873227,0.06534757335902079,0.10075051334609068,0.07061147719873227,0.0,0.130095517277186,3,0.6,3,0.6,0.0,1.0,0,0.0
A_RIDGE,2,hyperactive,textual,coefficient,0.06909912203265127,0.03918157368405611,0.07299763074979022,0.06909912203265127,0.01626605183950369,0.11747075678007926,5,1.0,5,1.0,0.0,1.0,0,0.0
A_RIDGE,2,seen,textual,coefficient,0.06850845305376124,0.06511484968225141,0.0992433654337557,0.06850845305376124,0.0,0.14378982460467632,3,0.6,3,0.6,0.0,1.0,0,0.0
A_RIDGE,2,highly,textual,coefficient,0.0683765767127967,0.04708524331940443,0.06295900343514065,0.0683765767127967,0.0,0.12106923389445098,4,0.8,4,0.8,0.0,1.0,0,0.0
A_RIDGE,2,oh,textual,coefficient,-0.06794037269877991,0.021693048149363944,-0.06320471281030454,0.06794037269877991,-0.10337756480698444,-0.04732111563254658,5,1.0,5,0.0,1.0,1.0,0,0.0
A_RIDGE,2,information,textual,coefficient,0.06769444605026377,0.04689351288564449,0.09205607158403392,0.06769444605026377,0.0,0.1101251707575049,4,0.8,4,0.8,0.0,1.0,0,0.0
A_RIDGE,2,know,textual,coefficient,-0.0676213591494138,0.045364703613842955,-0.06005480059258111,0.0676213591494138,-0.11396436984241727,-0.005120027445280549,5,1.0,5,0.0,1.0,1.0,0,0.0
A_RIDGE,2,protein,textual,coefficient,-0.06735475985684074,0.039536211274135334,-0.06630641797549143,0.06735475985684074,-0.12327889903255641,-0.021521657962510342,5,1.0,5,0.0,1.0,1.0,0,0.0
A_RIDGE,2,lot people,textual,coefficient,-0.06668039835926914,0.03758044972942997,-0.08097840687530644,0.06668039835926914,-0.09008439800127438,0.0,4,0.8,4,0.0,0.8,1.0,0,0.0
A_RIDGE,2,avoid,textual,coefficient,-0.06660172307920123,0.03745521709164468,-0.08442876279592473,0.06660172307920123,-0.08651286354962623,0.0,4,0.8,4,0.0,0.8,1.0,0,0.0
A_RIDGE,2,look,textual,coefficient,0.05105952859319203,0.06817388851262386,0.043748145669816066,0.06649825992783913,-0.03859682833661776,0.13253507426828762,5,1.0,5,0.8,0.2,0.8,0,0.0
A_RIDGE,2,need,textual,coefficient,0.06575703422611169,0.05623690607128222,0.08082591548658036,0.06575703422611169,0.0005389405212355346,0.13478335744933903,5,1.0,5,1.0,0.0,1.0,0,0.0
A_RIDGE,2,people,textual,coefficient,-0.023864132698612466,0.07880180263818833,-0.043429255707765534,0.06512026976182636,-0.11211843456303057,0.10314034265803476,5,1.0,5,0.2,0.8,0.8,0,0.0
A_RIDGE,2,come,textual,coefficient,-0.06505726660138836,0.02368446292240289,-0.055203724606047735,0.06505726660138836,-0.10101525169508634,-0.03940857309909488,5,1.0,5,0.0,1.0,1.0,0,0.0
A_RIDGE,2,real,textual,coefficient,0.04713929812661513,0.05109338872351684,0.0663816237828261,0.06421788915168702,-0.04269647756267974,0.0807736726021701,5,1.0,5,0.8,0.2,0.8,0,0.0
A_RIDGE,2,impulsive,textual,coefficient,0.0640502559874349,0.03263631811966909,0.05455349747608294,0.0640502559874349,0.034826014755622386,0.11622581521263348,5,1.0,5,1.0,0.0,1.0,0,0.0
A_RIDGE,2,brain,textual,coefficient,0.04939858259802314,0.06502487676097664,0.03562887793282075,0.0636383074249874,-0.03559931206741063,0.1261814260330085,5,1.0,5,0.8,0.2,0.8,0,0.0
A_RIDGE,2,finally,textual,coefficient,0.06362474637071605,0.04052109549741061,0.07508047937322322,0.06362474637071605,0.0,0.09948940631295508,4,0.8,4,0.8,0.0,1.0,0,0.0
A_RIDGE,2,eating,textual,coefficient,0.0634739711231712,0.04490581497091225,0.055264031314323586,0.0634739711231712,0.013081878362469818,0.1279602222831899,5,1.0,5,1.0,0.0,1.0,0,0.0
A_RIDGE,2,going,textual,coefficient,-0.063371246410059,0.015071109244918071,-0.0618041261586703,0.063371246410059,-0.0874530723945262,-0.04610829394674448,5,1.0,5,0.0,1.0,1.0,0,0.0
A_RIDGE,2,normal,textual,coefficient,-0.06320209736085339,0.058108317464927506,-0.09754630285136949,0.06320209736085339,-0.11631201970910754,0.0,3,0.6,3,0.0,0.6,1.0,0,0.0
A_RIDGE,2,adhd people,textual,coefficient,0.06298084328494938,0.026657546366804848,0.07195850220004867,0.06298084328494938,0.0180225516319037,0.08312172070730624,5,1.0,5,1.0,0.0,1.0,0,0.0
A_RIDGE,2,didn,textual,coefficient,-0.06242005776967048,0.020070318098057024,-0.06300752236046772,0.06242005776967048,-0.0860458894909731,-0.0336054563208979,5,1.0,5,0.0,1.0,1.0,0,0.0
A_RIDGE,2,learn,textual,coefficient,-0.06217710491862986,0.025495489242035735,-0.0670263202844186,0.06217710491862986,-0.09274623616466539,-0.025027388697623176,5,1.0,5,0.0,1.0,1.0,0,0.0
A_RIDGE,2,symptoms,textual,coefficient,0.03667995177485706,0.06365247294790358,0.0565878625026002,0.062018003948132006,-0.06334513043318737,0.09810303712228906,5,1.0,5,0.8,0.2,0.8,0,0.0
A_RIDGE,2,function,textual,coefficient,-0.061853912349499385,0.03289093453183954,-0.04975414449052318,0.061853912349499385,-0.1177000813962558,-0.03708178978561928,5,1.0,5,0.0,1.0,1.0,0,0.0
A_RIDGE,2,literally,textual,coefficient,-0.06169679829875703,0.03619435090378313,-0.0677906631164187,0.06169679829875703,-0.09313086976181409,0.0,4,0.8,4,0.0,0.8,1.0,0,0.0
A_RIDGE,2,eat,textual,coefficient,-0.061344189407601744,0.013292555361427994,-0.05711403213500733,0.061344189407601744,-0.08245420953585704,-0.04932404940145499,5,1.0,5,0.0,1.0,1.0,0,0.0
A_RIDGE,2,person,textual,coefficient,-0.060971165570968,0.04281706956573255,-0.03971851018860692,0.060971165570968,-0.1141534986372921,-0.023233176889538965,5,1.0,5,0.0,1.0,1.0,0,0.0
A_RIDGE,2,know adhd,textual,coefficient,-0.0607918369838206,0.05550876887834592,-0.0999326652062887,0.0607918369838206,-0.10327479871861124,0.0,3,0.6,3,0.0,0.6,1.0,0,0.0
A_RIDGE,2,sure,textual,coefficient,0.039917192122053934,0.04904139262951891,0.05551683635361547,0.05866824001100633,-0.04687761972238098,0.07169831429530046,5,1.0,5,0.8,0.2,0.8,0,0.0
A_RIDGE,2,second,textual,coefficient,0.058566473786527316,0.03219467359694841,0.07088564326893687,0.058566473786527316,0.013200609200162352,0.08999295662926834,5,1.0,5,1.0,0.0,1.0,0,0.0
A_RIDGE,2,doing,textual,coefficient,-0.05843574720323012,0.007157899741747864,-0.06004297305788687,0.05843574720323012,-0.06699212590836978,-0.05038949749596271,5,1.0,5,0.0,1.0,1.0,0,0.0
A_RIDGE,2,distracted,textual,coefficient,0.05835307601873637,0.033822406672981094,0.06582463838638783,0.05835307601873637,0.02379269787464055,0.1048827613791967,5,1.0,5,1.0,0.0,1.0,0,0.0
A_RIDGE,2,long term,textual,coefficient,0.056778947780178404,0.0676439440287534,0.0239187980568389,0.056778947780178404,0.0,0.1352890741194878,3,0.6,3,0.6,0.0,1.0,0,0.0
A_RIDGE,2,child,textual,coefficient,-0.050942519204616274,0.04258723452183211,-0.06699845653809663,0.05573282014567864,-0.09067169994766242,0.011975752352655926,5,1.0,5,0.2,0.8,0.8,0,0.0
A_RIDGE,2,feeling,textual,coefficient,0.05536590870180347,0.03895996428267418,0.05359961458032614,0.05541663178595635,-0.00012680771038218954,0.09993102803444881,5,1.0,5,0.8,0.2,0.8,0,0.0
A_RIDGE,2,sleep,textual,coefficient,0.0026927991009313796,0.06691470383868285,0.021503909898293472,0.05523152901821822,-0.0907045462992191,0.06282423627978534,5,1.0,5,0.6,0.4,0.6,0,0.0
A_RIDGE,2,forget,textual,coefficient,-0.05510499269817724,0.047886041187715354,-0.04330139859187095,0.05510499269817724,-0.13522054523468566,-0.01053325088397188,5,1.0,5,0.0,1.0,1.0,0,0.0
A_RIDGE,2,getting,textual,coefficient,0.03348381522967272,0.060926669379179135,0.02504012642799961,0.055018911764931025,-0.05383774133814577,0.10835376919102009,5,1.0,5,0.8,0.2,0.8,0,0.0
A_RIDGE,2,feel,textual,coefficient,-0.05161612027460176,0.05763047742212437,-0.03570032623745421,0.05476322758487201,-0.13430285466110314,0.007867768275675627,5,1.0,5,0.2,0.8,0.8,0,0.0
A_RIDGE,2,create,textual,coefficient,-0.05473172657577987,0.03376609273850368,-0.05955941944096085,0.05473172657577987,-0.09280592227501316,0.0,4,0.8,4,0.0,0.8,1.0,0,0.0
A_RIDGE,2,tend,textual,coefficient,-0.05460464231401364,0.04803256582344191,-0.03845459160977474,0.05460464231401364,-0.1307713819667743,-0.014628393610811082,5,1.0,5,0.0,1.0,1.0,0,0.0
A_RIDGE,2,tell,textual,coefficient,0.054493952972705095,0.03999282116011529,0.03563703048633448,0.054493952972705095,0.01202813822499422,0.11275572922066886,5,1.0,5,1.0,0.0,1.0,0,0.0
A_RIDGE,2,experience,textual,coefficient,0.0008522656927830274,0.06629255907802001,-0.006165570594056742,0.053877375850069485,-0.06444279438939401,0.078230164365979,5,1.0,5,0.4,0.6,0.6,0,0.0
A_RIDGE,2,ve got,textual,coefficient,-0.05337902521629737,0.02787222989025963,-0.04270092255205887,0.05337902521629737,-0.10266371418480003,-0.03450422263566251,5,1.0,5,0.0,1.0,1.0,0,0.0
A_RIDGE,2,change,textual,coefficient,0.008517475833255305,0.0689612928075333,0.03647688292422527,0.05336783241962841,-0.11212589146593274,0.054079234910325145,5,1.0,5,0.8,0.2,0.8,0,0.0
A_RIDGE,2,point,textual,coefficient,-0.053272457107263374,0.030309350659192543,-0.0646303087075837,0.053272457107263374,-0.07551424339392163,0.0,4,0.8,4,0.0,0.8,1.0,0,0.0
A_RIDGE,2,music,textual,coefficient,-0.052981908390104845,0.02213321877849061,-0.05668091210259795,0.052981908390104845,-0.07833698157833209,-0.030106395209526095,5,1.0,5,0.0,1.0,1.0,0,0.0
A_RIDGE,2,like,textual,coefficient,-0.04326677757232463,0.041195921561191264,-0.054265291746664945,0.052790213885521006,-0.0757567286583547,0.023808590782990927,5,1.0,5,0.2,0.8,0.8,0,0.0
A_RIDGE,2,hours,textual,coefficient,-0.05266919762015358,0.022848148478067543,-0.04838442325982276,0.05266919762015358,-0.0902043146372522,-0.02961944199556064,5,1.0,5,0.0,1.0,1.0,0,0.0
A_RIDGE,2,ability,textual,coefficient,-0.0523240769737202,0.03741749561117616,-0.05210351445857424,0.0523240769737202,-0.10450379203893624,0.0,4,0.8,4,0.0,0.8,1.0,0,0.0
A_RIDGE,2,social,textual,coefficient,0.05199960640093763,0.03579235178089834,0.059552876673297166,0.05199960640093763,0.0017764093928036352,0.09250385017795103,5,1.0,5,1.0,0.0,1.0,0,0.0
A_RIDGE,2,used,textual,coefficient,-0.051796791060349734,0.047534630421253214,-0.07895746488964311,0.051796791060349734,-0.0926259345330646,0.0,3,0.6,3,0.0,0.6,1.0,0,0.0
A_RIDGE,2,problems,textual,coefficient,0.03073023862845426,0.06171336700195614,0.03092659201388956,0.05136269217306087,-0.05158113386151654,0.11774809432524631,5,1.0,5,0.8,0.2,0.8,0,0.0
A_RIDGE,2,burnout,textual,coefficient,-0.05131380736028481,0.028156795274421536,-0.041449194338541516,0.05131380736028481,-0.10008897000453662,-0.028222113788469925,5,1.0,5,0.0,1.0,1.0,0,0.0
A_RIDGE,2,saying,textual,coefficient,-0.050780973740471136,0.01749023164420417,-0.04376922587935311,0.050780973740471136,-0.07876386259343632,-0.0351452271113476,5,1.0,5,0.0,1.0,1.0,0,0.0
A_RIDGE,2,memory,textual,coefficient,-0.013896323108378811,0.08384402857875191,0.011095985583989113,0.05058645875875032,-0.1603431412303455,0.040808213636694346,5,1.0,5,0.6,0.4,0.6,0,0.0
A_RIDGE,2,minutes,textual,coefficient,0.05019712768283047,0.021203562393881895,0.05471528634993033,0.05019712768283047,0.016031238050543448,0.06902437604358906,5,1.0,5,1.0,0.0,1.0,0,0.0
A_RIDGE,2,open,textual,coefficient,0.04928803105581161,0.06791722089799238,0.0,0.04928803105581161,0.0,0.133971136606833,2,0.4,2,0.4,0.0,1.0,0,0.0
A_RIDGE,2,reason,textual,coefficient,0.041409151702275264,0.03742003787000158,0.041047514849361554,0.04879973814439453,-0.01847646610529817,0.07726643618057591,5,1.0,5,0.8,0.2,0.8,0,0.0
A_RIDGE,2,mean,textual,coefficient,0.04856438020978883,0.032343443182015194,0.055844272723334004,0.04856438020978883,0.010313915924247645,0.08875271793204735,5,1.0,5,1.0,0.0,1.0,0,0.0
A_RIDGE,2,manage,textual,coefficient,0.048497016700809525,0.04703296349818809,0.06446988962760229,0.048497016700809525,0.0,0.10643072053950514,3,0.6,3,0.6,0.0,1.0,0,0.0
A_RIDGE,2,research,textual,coefficient,-0.04849153069320632,0.029779231478410238,-0.0414424603136529,0.04849153069320632,-0.09376638557992946,-0.01383702436906366,5,1.0,5,0.0,1.0,1.0,0,0.0
A_RIDGE,2,say,textual,coefficient,-0.04813425216137977,0.02160718438102532,-0.0505410026014636,0.04813425216137977,-0.07467815022983665,-0.014378863666899857,5,1.0,5,0.0,1.0,1.0,0,0.0
A_RIDGE,2,affect,textual,coefficient,-0.04781090028883701,0.04583898248503756,-0.06517330410970498,0.04781090028883701,-0.10225995295173265,0.0,3,0.6,3,0.0,0.6,1.0,0,0.0
A_RIDGE,2,diagnosed,textual,coefficient,0.028152274845115254,0.0597893805693328,0.014496475353328877,0.04744085543465021,-0.04628739554209144,0.10571854290412486,5,1.0,5,0.6,0.4,0.6,0,0.0
A_RIDGE,2,brains,textual,coefficient,-0.047165463099245755,0.04157142337916253,-0.04601439319284678,0.047165463099245755,-0.11284838341996335,-0.005316544571638276,5,1.0,5,0.0,1.0,1.0,0,0.0
A_RIDGE,2,place,textual,coefficient,0.038048866771084495,0.038605447085788065,0.040493701642836465,0.046599868306378835,-0.02137750383823587,0.08188336109177831,5,1.0,5,0.8,0.2,0.8,0,0.0
A_RIDGE,2,working,textual,coefficient,-0.04610285910075619,0.033449962444906486,-0.04345931150233306,0.046521297973152624,-0.08797380061307725,0.001046097180991074,5,1.0,5,0.2,0.8,0.8,0,0.0
A_RIDGE,2,looking,textual,coefficient,0.045551565915321696,0.041695175393344386,0.053425501290593654,0.045551565915321696,0.0,0.0887018674710055,4,0.8,4,0.8,0.0,1.0,0,0.0
A_RIDGE,2,sugar,textual,coefficient,0.030792260614962486,0.03850541055680531,0.04043951097012778,0.044920124434373314,-0.03531965954852707,0.061647640097616356,5,1.0,5,0.8,0.2,0.8,0,0.0
A_RIDGE,2,better,textual,coefficient,-0.02892988048998929,0.05348584971503182,-0.02308643611295526,0.044912641527269294,-0.10179789438346275,0.033521868429947026,5,1.0,5,0.4,0.6,0.6,0,0.0
A_RIDGE,2,adhders,textual,coefficient,-0.04462014499453764,0.04077260598504821,-0.07152488526659952,0.04462014499453764,-0.07648845115591266,0.0,3,0.6,3,0.0,0.6,1.0,0,0.0
A_RIDGE,2,adult,textual,coefficient,0.04421198163764819,0.05196348685879512,0.020562710736717484,0.04421198163764819,0.0,0.1053439054847256,3,0.6,3,0.6,0.0,1.0,0,0.0
A_RIDGE,2,later,textual,coefficient,-0.043941619599577,0.03694312693056659,-0.02953974324428787,0.043941619599577,-0.10677083011453244,-0.01600360840794201,5,1.0,5,0.0,1.0,1.0,0,0.0
A_RIDGE,2,fucking,textual,coefficient,-0.04362627282427841,0.03994725780485562,-0.06763134170288812,0.04362627282427841,-0.0756142039359438,0.0,3,0.6,3,0.0,0.6,1.0,0,0.0
A_RIDGE,2,makes,textual,coefficient,0.02115380069812161,0.04506681799752153,0.040177500090564415,0.0433155190501722,-0.05540429588012649,0.05411650571469827,5,1.0,5,0.8,0.2,0.8,0,0.0
A_RIDGE,2,thinking,textual,coefficient,0.042917721538400906,0.04122308406806084,0.05118134393493525,0.042917721538400906,0.0,0.0859772637821919,3,0.6,3,0.6,0.0,1.0,0,0.0
A_RIDGE,2,struggle,textual,coefficient,0.02511031170558504,0.059727731626513625,0.0023510034986577396,0.04274593034328912,-0.03865103072149021,0.1144696256706132,5,1.0,5,0.6,0.4,0.6,0,0.0
A_RIDGE,2,diagnosed adhd,textual,coefficient,0.04271369694829068,0.03924124993779031,0.0671810038957196,0.04271369694829068,0.0,0.07838352669283327,3,0.6,3,0.6,0.0,1.0,0,0.0
A_RIDGE,2,means,textual,coefficient,0.04245341894901754,0.027988314096781448,0.05541569547138959,0.04245341894901754,0.0060191536072437685,0.06676318492808792,5,1.0,5,1.0,0.0,1.0,0,0.0
A_RIDGE,2,happens,textual,coefficient,-0.042394874481633066,0.02044910473267248,-0.03935427628788535,0.042394874481633066,-0.06444624997742542,-0.020218855931397363,5,1.0,5,0.0,1.0,1.0,0,0.0
A_RIDGE,2,work,textual,coefficient,-0.023765561913599055,0.055376098303798124,0.00943559585256555,0.04208324256858598,-0.10115738614936473,0.02448321978064558,5,1.0,5,0.6,0.4,0.6,0,0.0
A_RIDGE,2,body,textual,coefficient,0.02775934745436275,0.04775708317402223,0.0326578062405241,0.042070120724374896,-0.03516327313129601,0.08831365028924704,5,1.0,5,0.6,0.4,0.6,0,0.0
A_RIDGE,2,start,textual,coefficient,0.04195801901762607,0.026696810869063736,0.042179973704664586,0.04195801901762607,0.014800691001536767,0.07955601566102798,5,1.0,5,1.0,0.0,1.0,0,0.0
A_RIDGE,2,medication,textual,coefficient,-0.029785341538995626,0.034840871693539145,-0.03627633648144261,0.04166932639152626,-0.06037008988521651,0.029709962131326602,5,1.0,5,0.2,0.8,0.8,0,0.0
A_RIDGE,2,feel like,textual,coefficient,-0.04070732338574989,0.04171289155317007,-0.02052760134195374,0.0414683265357909,-0.10121219899163438,0.0019025078751025147,5,1.0,5,0.2,0.8,0.8,0,0.0
A_RIDGE,2,seven,textual,coefficient,0.04145313778057372,0.029140169696676238,0.04719801922492795,0.04145313778057372,0.0,0.07403711613690592,4,0.8,4,0.8,0.0,1.0,0,0.0
A_RIDGE,2,needs,textual,coefficient,0.04116444560095127,0.02740680597979136,0.055662515105347136,0.04116444560095127,0.007440278492370003,0.06760298325794553,5,1.0,5,1.0,0.0,1.0,0,0.0
A_RIDGE,2,meds,textual,coefficient,-0.04096198301743126,0.03927501430592987,-0.05318729895758684,0.04096198301743126,-0.08667246884838685,0.0,3,0.6,3,0.0,0.6,1.0,0,0.0
A_RIDGE,2,yes,textual,coefficient,-0.0406009441102792,0.02313312809053027,-0.04580260172480888,0.0406009441102792,-0.06718105678284574,-0.00845443597628886,5,1.0,5,0.0,1.0,1.0,0,0.0
A_RIDGE,2,control,textual,coefficient,-0.003698285509201317,0.04897977620969722,0.01115004982972227,0.040531444231526936,-0.06071852027833589,0.047275759472872485,5,1.0,5,0.6,0.4,0.6,0,0.0
A_RIDGE,2,behavior,textual,coefficient,0.00952013428985982,0.04436212184038585,0.03195083183642154,0.04033119698652632,-0.041427121578556124,0.049953777548725285,5,1.0,5,0.6,0.4,0.6,0,0.0
A_RIDGE,2,self,textual,coefficient,0.02609289659516298,0.04192230636800855,0.040967485955265615,0.04021370461107593,-0.021154042582244396,0.07506292690089504,5,1.0,5,0.6,0.4,0.6,0,0.0
A_RIDGE,2,helps,textual,coefficient,-0.03986412290257693,0.03327562942838261,-0.01994280284931762,0.03986412290257693,-0.08768610590945508,-0.014538087263132757,5,1.0,5,0.0,1.0,1.0,0,0.0
A_RIDGE,2,impact,textual,coefficient,-0.039803821151763244,0.03651876926826512,-0.062353942394385985,0.039803821151763244,-0.07217350318930855,0.0,3,0.6,3,0.0,0.6,1.0,0,0.0
A_RIDGE,2,example,textual,coefficient,-0.039795322213117754,0.032448764933150666,-0.046720697329693826,0.039795322213117754,-0.0742821551025022,0.0,4,0.8,4,0.0,0.8,1.0,0,0.0
A_RIDGE,2,therapy,textual,coefficient,-0.03947557827077021,0.03604255578306086,-0.06479932817553674,0.03947557827077021,-0.06672463738887242,0.0,3,0.6,3,0.0,0.6,1.0,0,0.0
A_RIDGE,2,years,textual,coefficient,-0.011255252442474245,0.049318391691546414,-0.0002757910926076552,0.03908433480240121,-0.06651577160322193,0.03867459185461218,5,1.0,5,0.4,0.6,0.6,0,0.0
A_RIDGE,2,goes,textual,coefficient,-0.038912786939275266,0.027344981342208523,-0.04014245831274453,0.038912786939275266,-0.07695951721127699,0.0,4,0.8,4,0.0,0.8,1.0,0,0.0
A_RIDGE,2,task,textual,coefficient,0.007252019980754679,0.047534992811985234,0.005932524271954853,0.038683187089894225,-0.05016663958614045,0.05689923284430044,5,1.0,5,0.6,0.4,0.6,0,0.0
A_RIDGE,2,activities,textual,coefficient,-0.038632679192090985,0.04086511285373046,-0.0401697920080547,0.038632679192090985,-0.09680832194449993,0.0,3,0.6,3,0.0,0.6,1.0,0,0.0
A_RIDGE,2,um,textual,coefficient,-0.03856677643762022,0.0284169528288014,-0.037892554526727365,0.03856677643762022,-0.07992016441911705,0.0,4,0.8,4,0.0,0.8,1.0,0,0.0
A_RIDGE,2,study,textual,coefficient,-0.038402671163436417,0.02164133149207842,-0.038562481908478476,0.038402671163436417,-0.07238332951525124,-0.013778898614556431,5,1.0,5,0.0,1.0,1.0,0,0.0
A_RIDGE,2,fact,textual,coefficient,0.03832754939448187,0.021912886511531268,0.03403063823760712,0.03832754939448187,0.007687170789429486,0.06519195820648159,5,1.0,5,1.0,0.0,1.0,0,0.0
A_RIDGE,2,don,textual,coefficient,0.03797608156626603,0.024140654059838042,0.040348900239979765,0.03821533882323587,-0.0005981431424246051,0.05924005416941996,5,1.0,5,0.8,0.2,0.8,0,0.0
A_RIDGE,2,women,textual,coefficient,-0.03803536442387992,0.04163706402216223,-0.024781204395774116,0.03814183179944509,-0.10216344699802142,0.000266168438912926,5,1.0,5,0.2,0.8,0.8,0,0.0
A_RIDGE,2,new,textual,coefficient,-0.0344514592265016,0.02889689140170031,-0.03181277757210232,0.03793320505183728,-0.0615080029101756,0.00870436456333922,5,1.0,5,0.2,0.8,0.8,0,0.0
A_RIDGE,2,easily,textual,coefficient,-0.036853412093230134,0.022267180557777322,-0.042312395472250054,0.036853412093230134,-0.0654494613094229,-0.00579968240555192,5,1.0,5,0.0,1.0,1.0,0,0.0
A_RIDGE,2,using,textual,coefficient,-0.036646750182317056,0.02864610986604619,-0.030153644465457694,0.036646750182317056,-0.0761168721125369,-0.006513384552850334,5,1.0,5,0.0,1.0,1.0,0,0.0
A_RIDGE,2,struggling,textual,coefficient,0.019205215169482898,0.035924095860562534,0.0348280632556044,0.03645914305660753,-0.04313481971781158,0.046117277562039455,5,1.0,5,0.8,0.2,0.8,0,0.0
A_RIDGE,2,different,textual,coefficient,-0.016852564618772867,0.040977992797413314,-0.022651405936233413,0.03614490550176931,-0.05739076124549444,0.0385337186931932,5,1.0,5,0.4,0.6,0.6,0,0.0
A_RIDGE,2,inattentive,textual,coefficient,-0.03606661890200369,0.030368373141404316,-0.03815017428011145,0.03606661890200369,-0.07458944729520273,0.0,4,0.8,4,0.0,0.8,1.0,0,0.0
A_RIDGE,2,support,textual,coefficient,-0.036046533794292145,0.021301616427580654,-0.030102513260166913,0.036046533794292145,-0.07192416246423174,-0.016462544049516154,5,1.0,5,0.0,1.0,1.0,0,0.0
A_RIDGE,2,gonna,textual,coefficient,-0.03583187051929524,0.032715700925899024,-0.05871147485865285,0.03583187051929524,-0.06023307665120771,0.0,3,0.6,3,0.0,0.6,1.0,0,0.0
A_RIDGE,2,kids,textual,coefficient,-0.021865955458250576,0.04314545108221628,-0.0067735373943657315,0.034776814068938317,-0.07689938712105836,0.01632285469770859,5,1.0,5,0.4,0.6,0.6,0,0.0
A_RIDGE,2,yeah,textual,coefficient,-0.013263553969995717,0.03926229309719561,-0.02743161796265982,0.034025801956092526,-0.05974622593604072,0.04031756138462507,5,1.0,5,0.4,0.6,0.6,0,0.0
A_RIDGE,2,activity,textual,coefficient,0.029032740838315852,0.032891288352830915,0.047683658267046916,0.03400266728215813,-0.012424816109605708,0.06104344614194189,4,0.8,4,0.6,0.2,0.75,0,0.0
A_RIDGE,2,adhd brain,textual,coefficient,0.02186765476414075,0.0410658461717297,0.01642995570454437,0.03369017151593447,-0.02955629187948429,0.08353982072205428,5,1.0,5,0.8,0.2,0.8,0,0.0
A_RIDGE,2,impulsivity,textual,coefficient,-0.03322087370848226,0.01735655579137618,-0.028265399905313824,0.03322087370848226,-0.06239151893195521,-0.018324273871139097,5,1.0,5,0.0,1.0,1.0,0,0.0
A_RIDGE,2,school,textual,coefficient,-0.01600251519021717,0.04092334792967322,-0.007928989350308065,0.03300234864508765,-0.06629583416018578,0.04249958363717621,5,1.0,5,0.2,0.8,0.8,0,0.0
A_RIDGE,2,medications,textual,coefficient,0.020360130073194448,0.03372597288385171,0.022168044562012604,0.03289486312758002,-0.031336832635963936,0.05968349056288025,5,1.0,5,0.8,0.2,0.8,0,0.0
A_RIDGE,2,exercise,textual,coefficient,-0.032407315325938636,0.02560779760732776,-0.032357268832231285,0.032407315325938636,-0.06256761211514442,0.0,4,0.8,4,0.0,0.8,1.0,0,0.0
A_RIDGE,2,relationships,textual,coefficient,-0.0322188267097327,0.01996052091791535,-0.0355338859864808,0.0322188267097327,-0.055061210836282265,0.0,4,0.8,4,0.0,0.8,1.0,0,0.0
A_RIDGE,2,pay,textual,coefficient,-0.03220798783630295,0.024858911148093597,-0.02795213305067016,0.03220798783630295,-0.06176031333898275,0.0,4,0.8,4,0.0,0.8,1.0,0,0.0
A_RIDGE,2,taking,textual,coefficient,-0.02509833481567437,0.03866458716917329,-0.022031088123592203,0.03216886644792722,-0.08433399395120147,0.012090899663568262,5,1.0,5,0.4,0.6,0.6,0,0.0
A_RIDGE,2,job,textual,coefficient,0.026428238166160932,0.03526066190558978,0.023998674181557763,0.031721079113653385,-0.01323210236873112,0.07388943071107369,4,0.8,4,0.6,0.2,0.75,0,0.0
A_RIDGE,2,constant,textual,coefficient,-0.031376426732856226,0.018902544943576707,-0.0337164030745612,0.031376426732856226,-0.048552075560130754,0.0,4,0.8,4,0.0,0.8,1.0,0,0.0
A_RIDGE,2,stuff,textual,coefficient,-0.03068076958187186,0.017249855272289852,-0.034455857474480545,0.03068076958187186,-0.054077808021816755,-0.009733948304481524,5,1.0,5,0.0,1.0,1.0,0,0.0
A_RIDGE,2,does,textual,coefficient,-0.030620505185116397,0.02959280444895445,-0.0291375955934345,0.030620505185116397,-0.0698652303773764,-0.0013769308389267616,5,1.0,5,0.0,1.0,1.0,0,0.0
A_RIDGE,2,parents,textual,coefficient,0.030248729087867708,0.04147326311630977,0.0,0.030248729087867708,0.0,0.07859958432232787,2,0.4,2,0.4,0.0,1.0,0,0.0
A_RIDGE,2,sensitive,textual,coefficient,-0.020895090771210705,0.0440162761088795,-0.00958412829552163,0.030128846920192985,-0.09448505033695354,0.01844212923365971,5,1.0,5,0.4,0.6,0.6,0,0.0
A_RIDGE,2,everybody,textual,coefficient,-0.022898889116148874,0.03873762471174703,-0.003781662867561208,0.029965237036567904,-0.07272904689656685,0.01464131536149575,5,1.0,5,0.4,0.6,0.6,0,0.0
A_RIDGE,2,okay,textual,coefficient,-0.029797672565261613,0.036631841531934654,-0.01986514951954069,0.029797672565261613,-0.09381426507041275,-0.0009976843191986013,5,1.0,5,0.0,1.0,1.0,0,0.0
A_RIDGE,2,making,textual,coefficient,-0.022857388088726685,0.028316983811846386,-0.02096837758514083,0.029452221899119484,-0.05668197567349133,0.016487084525982004,5,1.0,5,0.2,0.8,0.8,0,0.0
A_RIDGE,2,absolutely,textual,coefficient,-0.029249200732633363,0.04455352854123337,0.0,0.029249200732633363,-0.10072462810309037,0.0,2,0.4,2,0.0,0.4,1.0,0,0.0
A_RIDGE,2,adhd medication,textual,coefficient,-0.010425238154340336,0.0486240597854251,0.0,0.02916356572074667,-0.09292562456323868,0.034184620856348893,4,0.8,4,0.4,0.4,0.5,0,0.0
A_RIDGE,2,works,textual,coefficient,-0.024049930466673072,0.02392769078176117,-0.022227417513244314,0.02910790606427009,-0.04617969726762216,0.012644938993992548,5,1.0,5,0.2,0.8,0.8,0,0.0
A_RIDGE,2,short,textual,coefficient,0.02600786432826089,0.031027787093876685,0.021827113728244946,0.029023370780732156,-0.007538766131178166,0.05839483169411449,4,0.8,4,0.6,0.2,0.75,0,0.0
A_RIDGE,2,realize,textual,coefficient,-0.02900224480295352,0.04314417604712906,0.0,0.02900224480295352,-0.09635098032142253,0.0,2,0.4,2,0.0,0.4,1.0,0,0.0
A_RIDGE,2,follow,textual,coefficient,-0.028992423915609113,0.020297053664750556,-0.023739258769953555,0.028992423915609113,-0.06424566860179834,-0.012149812883580064,5,1.0,5,0.0,1.0,1.0,0,0.0
A_RIDGE,2,want,textual,coefficient,-0.004301480103165207,0.0355648219753092,-0.01872139041720694,0.02829784635797807,-0.03892820425899158,0.05141773433610491,5,1.0,5,0.4,0.6,0.6,0,0.0
A_RIDGE,2,days,textual,coefficient,0.028017731865495395,0.0626495530266097,0.0,0.028017731865495395,0.0,0.14008865932747697,1,0.2,1,0.2,0.0,1.0,0,0.0
A_RIDGE,2,interesting,textual,coefficient,-0.027952626386123124,0.03914045138961527,0.0,0.027952626386123124,-0.08145264685291172,0.0,2,0.4,2,0.0,0.4,1.0,0,0.0
A_RIDGE,2,stimulation,textual,coefficient,-0.02792928738479531,0.03353242145775766,-0.016713717019349695,0.02792928738479531,-0.07823453630243507,0.0,3,0.6,3,0.0,0.6,1.0,0,0.0
A_RIDGE,2,levels,textual,coefficient,0.004125260870601346,0.04035789537468461,0.0017349270694885124,0.02782248542215724,-0.05924306137888973,0.04324347462299325,4,0.8,4,0.6,0.2,0.75,0,0.0
A_RIDGE,2,maybe,textual,coefficient,-0.026872941262399218,0.023582712540959345,-0.018979901557744698,0.027603291267104098,-0.0578196708599505,0.0018258750117621893,5,1.0,5,0.2,0.8,0.8,0,0.0
A_RIDGE,2,order,textual,coefficient,0.027238137658396944,0.025184534037538155,0.03901176052353436,0.027238137658396944,0.0,0.04977989951502193,3,0.6,3,0.6,0.0,1.0,0,0.0
A_RIDGE,2,small,textual,coefficient,-0.022837872791761908,0.026503913539807723,-0.01844494889156354,0.02695911785220842,-0.06168766442582658,0.010303112651116282,5,1.0,5,0.2,0.8,0.8,0,0.0
A_RIDGE,2,don know,textual,coefficient,0.006452226471213856,0.03466027467226294,0.021381847600735714,0.026947470893527496,-0.0512381110557841,0.03197571236633035,4,0.8,4,0.6,0.2,0.75,0,0.0
A_RIDGE,2,calm,textual,coefficient,-0.021165852114975937,0.02658751572928815,-0.02284126434588586,0.026632709229820813,-0.05054925083438718,0.01366714278711218,5,1.0,5,0.2,0.8,0.8,0,0.0
A_RIDGE,2,gets,textual,coefficient,-0.026087421287112954,0.021815141151898806,-0.023571835354265006,0.026087421287112954,-0.05931901567114819,0.0,4,0.8,4,0.0,0.8,1.0,0,0.0
A_RIDGE,2,family,textual,coefficient,-0.025923903882342857,0.03937112902755623,0.0,0.025923903882342857,-0.08889271280406327,0.0,2,0.4,2,0.0,0.4,1.0,0,0.0
A_RIDGE,2,chronic,textual,coefficient,0.025602795334535206,0.05724959078203519,0.0,0.025602795334535206,0.0,0.12801397667267603,1,0.2,1,0.2,0.0,1.0,0,0.0
A_RIDGE,2,sign,textual,coefficient,0.025289343502897865,0.056548691178822275,0.0,0.025289343502897865,0.0,0.12644671751448933,1,0.2,1,0.2,0.0,1.0,0,0.0
A_RIDGE,2,level,textual,coefficient,-0.02512063151654642,0.02027650460846776,-0.028380356112790352,0.02512063151654642,-0.051439479479271064,0.0,4,0.8,4,0.0,0.8,1.0,0,0.0
A_RIDGE,2,likely,textual,coefficient,0.004274551051723206,0.0326972583781707,0.012842034185792358,0.025095386775690974,-0.052052089309919426,0.028861269488768073,5,1.0,5,0.8,0.2,0.8,0,0.0
A_RIDGE,2,world,textual,coefficient,-0.0027108640398669725,0.03317281598371471,0.011986952560508031,0.02489867806805976,-0.05425534705523982,0.031428415669539696,5,1.0,5,0.6,0.4,0.6,0,0.0
A_RIDGE,2,nervous,textual,coefficient,-0.001047974647555134,0.03702241756280496,0.009092719279513276,0.02486364922864049,-0.06477905969048905,0.025787581594956997,5,1.0,5,0.8,0.2,0.8,0,0.0
A_RIDGE,2,ways,textual,coefficient,-0.023157803996214806,0.033020099311102225,-0.010320103116592977,0.024859438791510993,-0.07754811815751723,0.004254086988240461,5,1.0,5,0.2,0.8,0.8,0,0.0
A_RIDGE,2,morning,textual,coefficient,-0.02413712513537669,0.028239614799968806,-0.01351482759048308,0.024629775665952758,-0.05884863879042179,0.0012316263264401683,4,0.8,4,0.2,0.6,0.75,0,0.0
A_RIDGE,2,food,textual,coefficient,-0.011279348677878163,0.027315494326237963,-0.023181967628139222,0.024613731025028774,-0.031682860275941895,0.03333595586787652,5,1.0,5,0.2,0.8,0.8,0,0.0
A_RIDGE,2,doesn,textual,coefficient,0.009137190633230648,0.027699652126886923,0.016686702970200498,0.023889755896957642,-0.036881413159317485,0.03569802584115698,5,1.0,5,0.8,0.2,0.8,0,0.0
A_RIDGE,2,quickly,textual,coefficient,-0.0238580804378613,0.03267392453837382,0.0,0.0238580804378613,-0.060445626797462855,0.0,2,0.4,2,0.0,0.4,1.0,0,0.0
A_RIDGE,2,great,textual,coefficient,0.004936488958162041,0.029765511319064276,0.02108531244349082,0.023791245308558025,-0.04713689087598996,0.021914185723805574,5,1.0,5,0.8,0.2,0.8,0,0.0
A_RIDGE,2,typically,textual,coefficient,-0.023749132342866953,0.05310467432528934,0.0,0.023749132342866953,-0.11874566171433476,0.0,1,0.2,1,0.0,0.2,1.0,0,0.0
A_RIDGE,2,running,textual,coefficient,0.023562898855084884,0.05268824358692177,0.0,0.023562898855084884,0.0,0.11781449427542441,1,0.2,1,0.2,0.0,1.0,0,0.0
A_RIDGE,2,somebody,textual,coefficient,0.0015304491801824867,0.031336322763387804,0.0,0.02347212302939424,-0.04294406931913304,0.03127564436896237,4,0.8,4,0.4,0.4,0.5,0,0.0
A_RIDGE,2,cortex,textual,coefficient,-0.023042642250816703,0.034462525966461564,0.0,0.023042642250816703,-0.07720810518336049,0.0,2,0.4,2,0.0,0.4,1.0,0,0.0
A_RIDGE,2,especially,textual,coefficient,-0.01315849196579259,0.03291003654634994,8.130198000386899e-05,0.02296416758383187,-0.0653209637056704,0.014266957863911994,5,1.0,5,0.6,0.4,0.6,0,0.0
A_RIDGE,2,let talk,textual,coefficient,0.022940871606299366,0.05129734837478018,0.0,0.022940871606299366,0.0,0.11470435803149683,1,0.2,1,0.2,0.0,1.0,0,0.0
A_RIDGE,2,help,textual,coefficient,0.008143713849756396,0.025127834179963546,0.023739446591278572,0.022674216233265765,-0.02838123363786059,0.028122681991357732,5,1.0,5,0.6,0.4,0.6,0,0.0
A_RIDGE,2,completely,textual,coefficient,-0.022598519937315258,0.021967154234734356,-0.012151739564315306,0.022598519937315258,-0.05493981695166276,0.0,4,0.8,4,0.0,0.8,1.0,0,0.0
A_RIDGE,2,ll,textual,coefficient,-0.020127480012881883,0.026045277236365127,-0.010709304567049936,0.022364171890203167,-0.05254130205503186,0.003480819688924215,5,1.0,5,0.4,0.6,0.6,0,0.0
A_RIDGE,2,bad,textual,coefficient,0.002322897244116817,0.02811445197028025,0.010331961648089416,0.02213492194090382,-0.0414062928809066,0.02769575709701307,5,1.0,5,0.6,0.4,0.6,0,0.0
A_RIDGE,2,regulation,textual,coefficient,0.003286461206701578,0.02914148732329056,0.010652611137302646,0.02198734653394542,-0.04675221331810961,0.029255122845282828,5,1.0,5,0.8,0.2,0.8,0,0.0
A_RIDGE,2,sound,textual,coefficient,-0.02176991287051187,0.03183562195066393,0.0,0.02176991287051187,-0.07022919614864502,0.0,2,0.4,2,0.0,0.4,1.0,0,0.0
A_RIDGE,2,sort,textual,coefficient,0.021744426107048326,0.03001504245793429,0.0,0.021744426107048326,0.0,0.05972113031245729,2,0.4,2,0.4,0.0,1.0,0,0.0
A_RIDGE,2,try,textual,coefficient,0.013003536634358959,0.023342871175370882,0.02118815431320901,0.021646301879810786,-0.014896531580600655,0.041888298363176577,5,1.0,5,0.6,0.4,0.6,0,0.0
A_RIDGE,2,away,textual,coefficient,-0.02162547748189466,0.021273896463951652,-0.01312943084434283,0.02162547748189466,-0.055371244294776106,0.0,4,0.8,4,0.0,0.8,1.0,0,0.0
A_RIDGE,2,mind,textual,coefficient,-0.017805266553697723,0.01783334372526355,-0.01782067501894289,0.021526000288288574,-0.03646930049056434,0.009301834336477119,5,1.0,5,0.2,0.8,0.8,0,0.0
A_RIDGE,2,drink,textual,coefficient,-0.021316371097065506,0.029199198645130618,0.0,0.021316371097065506,-0.05440115980458117,0.0,2,0.4,2,0.0,0.4,1.0,0,0.0
A_RIDGE,2,difficulty,textual,coefficient,0.020340145322565787,0.013102108753550461,0.017281921617015448,0.020340145322565787,0.003993418151851455,0.036156282085409955,5,1.0,5,1.0,0.0,1.0,0,0.0
A_RIDGE,2,hear,textual,coefficient,-0.019794716046329798,0.022461705177996387,-0.011187377670147106,0.019794716046329798,-0.05809873326849014,0.0,4,0.8,4,0.0,0.8,1.0,0,0.0
A_RIDGE,2,strategies,textual,coefficient,0.019678364503993413,0.027428074648646526,0.0,0.019678364503993413,0.0,0.05643855905228629,2,0.4,2,0.4,0.0,1.0,0,0.0
A_RIDGE,2,regulate,textual,coefficient,0.019532947546475037,0.018009492801573643,0.028887568081595254,0.019532947546475037,0.0,0.036032726074123604,3,0.6,3,0.6,0.0,1.0,0,0.0
A_RIDGE,2,knowing,textual,coefficient,-0.019486182956720437,0.04357242971322474,0.0,0.019486182956720437,-0.09743091478360219,0.0,1,0.2,1,0.0,0.2,1.0,0,0.0
A_RIDGE,2,condition,textual,coefficient,0.005647017970481041,0.024184525557058117,0.010394077774490949,0.019244584756793203,-0.022752196219789696,0.04012140165306945,5,1.0,5,0.6,0.4,0.6,0,0.0
A_RIDGE,2,overwhelmed,textual,coefficient,-0.01877432901947634,0.01980173460428981,-0.010886988209668479,0.01877432901947634,-0.05137151978402116,0.0,4,0.8,4,0.0,0.8,1.0,0,0.0
A_RIDGE,2,ask,textual,coefficient,0.014497781425858586,0.018745190827984613,0.01878917670128834,0.01790601658468361,-0.008520587897062561,0.03800724052387535,4,0.8,4,0.6,0.2,0.75,0,0.0
A_RIDGE,2,single,textual,coefficient,0.010475900739226959,0.02020314212391985,0.009525312440468992,0.017188503314416074,-0.016781506437972785,0.033744140550710996,4,0.8,4,0.6,0.2,0.75,0,0.0
A_RIDGE,2,coming,textual,coefficient,-0.01716841418439919,0.0383897411821882,0.0,0.01716841418439919,-0.08584207092199596,0.0,1,0.2,1,0.0,0.2,1.0,0,0.0
A_RIDGE,2,working memory,textual,coefficient,-0.010371790849522148,0.030202675737330476,0.0,0.01635496099940118,-0.06282518233273902,0.014957925374697593,3,0.6,3,0.2,0.4,0.6666666666666666,0,0.0
A_RIDGE,2,shown,textual,coefficient,-0.01628386633093527,0.03641183205249134,0.0,0.01628386633093527,-0.08141933165467635,0.0,1,0.2,1,0.0,0.2,1.0,0,0.0
A_RIDGE,2,20,textual,coefficient,-0.009016336991450508,0.02601018632730659,0.0,0.01621886954151417,-0.051522921585989936,0.018006331375159154,3,0.6,3,0.2,0.4,0.6666666666666666,0,0.0
A_RIDGE,2,dysfunction,textual,coefficient,-0.0004621498355433941,0.02367219310719904,0.007219403325848823,0.015945484442087522,-0.04101908569407729,0.01820385534786976,4,0.8,4,0.6,0.2,0.75,0,0.0
A_RIDGE,2,norepinephrine,textual,coefficient,-0.015121117305155581,0.03381184619007631,0.0,0.015121117305155581,-0.07560558652577791,0.0,1,0.2,1,0.0,0.2,1.0,0,0.0
A_RIDGE,2,comments,textual,coefficient,-0.014410106880299256,0.032221978547386565,0.0,0.014410106880299256,-0.07205053440149628,0.0,1,0.2,1,0.0,0.2,1.0,0,0.0
A_RIDGE,2,effective,textual,coefficient,-0.014389889715910043,0.03217677159349999,0.0,0.014389889715910043,-0.07194944857955021,0.0,1,0.2,1,0.0,0.2,1.0,0,0.0
A_RIDGE,2,consequences,textual,coefficient,-0.014363282600515174,0.01981793158882414,0.0,0.014363282600515174,-0.03935222282458626,0.0,2,0.4,2,0.0,0.4,1.0,0,0.0
A_RIDGE,2,present,textual,coefficient,0.014044679096779866,0.03140485718257013,0.0,0.014044679096779866,0.0,0.07022339548389933,1,0.2,1,0.2,0.0,1.0,0,0.0
A_RIDGE,2,starting,textual,coefficient,-0.013754861852773812,0.030756806123920948,0.0,0.013754861852773812,-0.06877430926386906,0.0,1,0.2,1,0.0,0.2,1.0,0,0.0
A_RIDGE,2,phone,textual,coefficient,-0.0111147545246384,0.017701804749328566,-0.007232130138674575,0.01355494602075101,-0.03946059853907486,0.006100478740281525,4,0.8,4,0.2,0.6,0.75,0,0.0
A_RIDGE,2,executive,textual,coefficient,-0.00309426861887547,0.014959151730724247,-0.008905972354076778,0.012812619213952603,-0.021042805850444664,0.015976433612267724,5,1.0,5,0.4,0.6,0.6,0,0.0
A_RIDGE,2,pay attention,textual,coefficient,-0.001815468254189164,0.022446720986657252,0.0,0.012619672562619338,-0.03608785204202126,0.027010510771075438,2,0.4,2,0.2,0.2,0.5,0,0.0
A_RIDGE,2,shame,textual,coefficient,-0.012400258527640385,0.027727821006375355,0.0,0.012400258527640385,-0.06200129263820193,0.0,1,0.2,1,0.0,0.2,1.0,0,0.0
A_RIDGE,2,listen,textual,coefficient,-0.012060914916171027,0.026969025623399596,0.0,0.012060914916171027,-0.060304574580855135,0.0,1,0.2,1,0.0,0.2,1.0,0,0.0
A_RIDGE,2,mood,textual,coefficient,0.011918337870248534,0.026650213656685788,0.0,0.011918337870248534,0.0,0.05959168935124267,1,0.2,1,0.2,0.0,1.0,0,0.0
A_RIDGE,2,lower,textual,coefficient,-0.011708859699472468,0.021752329012425783,-0.0020756394002419206,0.011708859699472468,-0.050364390982452545,0.0,3,0.6,3,0.0,0.6,1.0,0,0.0
A_RIDGE,2,functioning,textual,coefficient,-0.008214963528967419,0.022579488094035524,0.0,0.011074984196784323,-0.04822486931437935,0.00715005166954226,2,0.4,2,0.2,0.2,0.5,0,0.0
A_RIDGE,2,based,textual,coefficient,0.010356030686560042,0.01504505234058266,0.0,0.011074178927806379,-0.0017953706031158445,0.028064381413923714,3,0.6,3,0.4,0.2,0.6666666666666666,0,0.0
A_RIDGE,2,treatment,textual,coefficient,0.0103424516843865,0.014340686798552514,0.00017141287580970733,0.0103424516843865,0.0,0.029591022428705982,3,0.6,3,0.6,0.0,1.0,0,0.0
A_RIDGE,2,addiction,textual,coefficient,0.010056368251531148,0.01377279803333107,0.0,0.010056368251531148,0.0,0.025515616898949083,2,0.4,2,0.4,0.0,1.0,0,0.0
A_RIDGE,2,differently,textual,coefficient,-0.0055017915041734155,0.014177763825581486,0.0,0.009864478240274175,-0.028085884716313902,0.00589198504501772,4,0.8,4,0.4,0.4,0.5,0,0.0
A_RIDGE,2,caffeine,textual,coefficient,-0.009696468871967593,0.007782021437263641,-0.013136054820877215,0.009696468871967593,-0.018245792105437725,0.0,4,0.8,4,0.0,0.8,1.0,0,0.0
A_RIDGE,2,half,textual,coefficient,-0.009142228380492553,0.02044264412460916,0.0,0.009142228380492553,-0.04571114190246277,0.0,1,0.2,1,0.0,0.2,1.0,0,0.0
A_RIDGE,2,adhd just,textual,coefficient,0.009018688603631959,0.020166400785623716,0.0,0.009018688603631959,0.0,0.0450934430181598,1,0.2,1,0.2,0.0,1.0,0,0.0
A_RIDGE,2,told,textual,coefficient,0.005901653708740564,0.017755572668520576,0.0,0.00894346719975771,-0.007604533727542862,0.037112802271245686,2,0.4,2,0.2,0.2,0.5,0,0.0
A_RIDGE,2,effects,textual,coefficient,0.008899788509041015,0.019900532091587212,0.0,0.008899788509041015,0.0,0.044498942545205075,1,0.2,1,0.2,0.0,1.0,0,0.0
A_RIDGE,2,said,textual,coefficient,-0.008770085053026221,0.017046547073022264,0.0,0.008770085053026221,-0.03903487554086391,0.0,2,0.4,2,0.0,0.4,1.0,0,0.0
A_RIDGE,2,focused,textual,coefficient,-0.00870677146006881,0.019468932849268955,0.0,0.00870677146006881,-0.04353385730034405,0.0,1,0.2,1,0.0,0.2,1.0,0,0.0
A_RIDGE,2,aren,textual,coefficient,0.004707115254089859,0.016014435008178757,0.0,0.008292992267740685,-0.008964692534127062,0.032500268804576356,2,0.4,2,0.2,0.2,0.5,0,0.0
A_RIDGE,2,lead,textual,coefficient,-0.00690906328047584,0.015449135155991674,0.0,0.00690906328047584,-0.0345453164023792,0.0,1,0.2,1,0.0,0.2,1.0,0,0.0
A_RIDGE,2,shows,textual,coefficient,-0.006304903977979036,0.014098193886369962,0.0,0.006304903977979036,-0.03152451988989518,0.0,1,0.2,1,0.0,0.2,1.0,0,0.0
A_RIDGE,2,risk,textual,coefficient,0.005728108379732664,0.012808439719568413,0.0,0.005728108379732664,0.0,0.02864054189866332,1,0.2,1,0.2,0.0,1.0,0,0.0
A_RIDGE,2,home,textual,coefficient,-0.005582833209325034,0.01248359456309409,0.0,0.005582833209325034,-0.027914166046625166,0.0,1,0.2,1,0.0,0.2,1.0,0,0.0
A_RIDGE,2,hour,textual,coefficient,-0.005490617633798508,0.01227739426763251,0.0,0.005490617633798508,-0.02745308816899254,0.0,1,0.2,1,0.0,0.2,1.0,0,0.0
A_RIDGE,2,definitely,textual,coefficient,0.005346997712420122,0.011956250360507266,0.0,0.005346997712420122,0.0,0.02673498856210061,1,0.2,1,0.2,0.0,1.0,0,0.0
A_RIDGE,2,prefrontal cortex,textual,coefficient,-0.005168212265679854,0.011556473948208358,0.0,0.005168212265679854,-0.02584106132839927,0.0,1,0.2,1,0.0,0.2,1.0,0,0.0
A_RIDGE,2,learning,textual,coefficient,-0.005114068145532341,0.007045411361081223,0.0,0.005114068145532341,-0.013880293075857919,0.0,2,0.4,2,0.0,0.4,1.0,0,0.0
A_RIDGE,2,difficult,textual,coefficient,-0.004977493414168852,0.011130013631639069,0.0,0.004977493414168852,-0.02488746707084426,0.0,1,0.2,1,0.0,0.2,1.0,0,0.0
A_RIDGE,2,lots,textual,coefficient,0.00494227705881315,0.01105126746714393,0.0,0.00494227705881315,0.0,0.02471138529406575,1,0.2,1,0.2,0.0,1.0,0,0.0
A_RIDGE,2,turn,textual,coefficient,0.004496168543299641,0.010053738501114204,0.0,0.004496168543299641,0.0,0.022480842716498205,1,0.2,1,0.2,0.0,1.0,0,0.0
A_RIDGE,2,30,textual,coefficient,0.004458532719817882,0.009969582241419807,0.0,0.004458532719817882,0.0,0.022292663599089407,1,0.2,1,0.2,0.0,1.0,0,0.0
A_RIDGE,2,basically,textual,coefficient,-0.003291915943906322,0.007360947826789921,0.0,0.003291915943906322,-0.01645957971953161,0.0,1,0.2,1,0.0,0.2,1.0,0,0.0
A_RIDGE,2,hyperfocus,textual,coefficient,-0.0023945671830465872,0.005354414997982351,0.0,0.0023945671830465872,-0.011972835915232936,0.0,1,0.2,1,0.0,0.2,1.0,0,0.0
A_RIDGE,2,share,textual,coefficient,0.0017739359479691259,0.0039666413673894955,0.0,0.0017739359479691259,0.0,0.00886967973984563,1,0.2,1,0.2,0.0,1.0,0,0.0
A_RIDGE,2,medicine,textual,coefficient,0.0007340452081292706,0.0016413749839350302,0.0,0.0007340452081292706,0.0,0.0036702260406463526,1,0.2,1,0.2,0.0,1.0,0,0.0
A_RIDGE,3,symptoms,textual,coefficient,-0.2224381695177055,0.05614214386278503,-0.19777290450140997,0.2224381695177055,-0.29934285711928016,-0.17463553512238073,5,1.0,5,0.0,1.0,1.0,5,1.0
A_RIDGE,3,really,textual,coefficient,0.20706989883704555,0.053975527393619334,0.2042519938700009,0.20706989883704555,0.13852848642201615,0.26712568739949305,5,1.0,5,1.0,0.0,1.0,5,1.0
A_RIDGE,3,just,textual,coefficient,-0.1795498981980692,0.021666968962234624,-0.1908910035649539,0.1795498981980692,-0.19873790961373117,-0.14567286181487915,5,1.0,5,0.0,1.0,1.0,5,1.0
A_RIDGE,3,dopamine,textual,coefficient,0.20843894206163543,0.07425707577441826,0.2195583769694731,0.20843894206163543,0.09223645377361155,0.2967104208058088,5,1.0,5,1.0,0.0,1.0,4,0.8
A_RIDGE,3,important,textual,coefficient,0.18427511922009426,0.05694492327849731,0.19831530404694228,0.18427511922009426,0.08580056547310293,0.22677993140072583,5,1.0,5,1.0,0.0,1.0,4,0.8
A_RIDGE,3,gut,textual,coefficient,0.1816821942849354,0.1149022184483082,0.24125794431752218,0.1816821942849354,0.0,0.2722048473554307,4,0.8,4,0.8,0.0,1.0,4,0.8
A_RIDGE,3,thing,textual,coefficient,0.17682301864824324,0.06749084332911272,0.167238409759046,0.17682301864824324,0.11843349142865778,0.28725624749131573,5,1.0,5,1.0,0.0,1.0,4,0.8
A_RIDGE,3,taking,textual,coefficient,0.14549903970179434,0.05371881157329522,0.1327361793276312,0.14549903970179434,0.0726958591529998,0.21519469019750098,5,1.0,5,1.0,0.0,1.0,4,0.8
A_RIDGE,3,protein,textual,coefficient,0.12852859379884407,0.055776059510085886,0.1520185088625563,0.12852859379884407,0.029095605586442322,0.16073411259802575,5,1.0,5,1.0,0.0,1.0,4,0.8
A_RIDGE,3,helpful,textual,coefficient,0.15703318849372488,0.050564808549589293,0.1459876592973781,0.15703318849372488,0.11030030806991989,0.22435372267692047,5,1.0,5,1.0,0.0,1.0,3,0.6
A_RIDGE,3,alcohol,textual,coefficient,0.13405957890502823,0.0421902634078753,0.13799087428324308,0.13405957890502823,0.07888718796648998,0.190536547171577,5,1.0,5,1.0,0.0,1.0,3,0.6
A_RIDGE,3,sleep,textual,coefficient,0.13239974736725607,0.06804588880276814,0.1485485862102088,0.13239974736725607,0.01880422420609439,0.19579883567573975,5,1.0,5,1.0,0.0,1.0,3,0.6
A_RIDGE,3,time,textual,coefficient,0.13083106476814788,0.050470017309985626,0.13916930845704276,0.13083106476814788,0.051089918724095275,0.18415373872332363,5,1.0,5,1.0,0.0,1.0,3,0.6
A_RIDGE,3,isn,textual,coefficient,-0.13044412128558172,0.015390311562121188,-0.13282633397707624,0.13044412128558172,-0.14454500820875202,-0.10595382096091055,5,1.0,5,0.0,1.0,1.0,3,0.6
A_RIDGE,3,problems,textual,coefficient,-0.12710844460713797,0.024122825165350806,-0.1376094972879389,0.12710844460713797,-0.14655192217935611,-0.08639308198629017,5,1.0,5,0.0,1.0,1.0,3,0.6
A_RIDGE,3,lot,textual,coefficient,0.12467297141948427,0.056250695631699106,0.14344837668908203,0.12467297141948427,0.044513964525695476,0.1864621977741267,5,1.0,5,1.0,0.0,1.0,3,0.6
A_RIDGE,3,anger,textual,coefficient,0.11952462877443541,0.07642778942267917,0.14356644370101074,0.11952462877443541,0.0,0.20244141965631698,4,0.8,4,0.8,0.0,1.0,3,0.6
A_RIDGE,3,people adhd,textual,coefficient,0.11295393198379544,0.0770581175337003,0.14558738040032942,0.11619625866890326,-0.008105816712769599,0.1742576851667547,5,1.0,5,0.8,0.2,0.8,3,0.6
A_RIDGE,3,trying,textual,coefficient,0.11524980307744244,0.04019586500892793,0.12630949300650574,0.11524980307744244,0.06318614460026684,0.1607444789564515,5,1.0,5,1.0,0.0,1.0,2,0.4
A_RIDGE,3,anxiety,textual,coefficient,-0.11134647658212474,0.027630950602379797,-0.10901784564536837,0.11134647658212474,-0.14893821692251308,-0.08249893936649846,5,1.0,5,0.0,1.0,1.0,2,0.4
A_RIDGE,3,memory,textual,coefficient,0.10396143858681747,0.04997353509124702,0.07176108710201655,0.10396143858681747,0.06454387810274843,0.16964438278716085,5,1.0,5,1.0,0.0,1.0,2,0.4
A_RIDGE,3,like,textual,coefficient,-0.09843812721358969,0.05467146756821715,-0.09582530423305789,0.09843812721358969,-0.16145028104131087,-0.019143452270599173,5,1.0,5,0.0,1.0,1.0,2,0.4
A_RIDGE,3,example,textual,coefficient,0.08497531082671293,0.059741604554188484,0.11531382152442247,0.08497531082671293,0.0,0.133572175314597,4,0.8,4,0.8,0.0,1.0,2,0.4
A_RIDGE,3,cortex,textual,coefficient,0.05254212250590917,0.07203660279338157,0.0,0.05254212250590917,0.0,0.1364557369990819,2,0.4,2,0.4,0.0,1.0,2,0.4
A_RIDGE,3,food,textual,coefficient,0.11842325542707659,0.024461368329449912,0.12174727738980863,0.11842325542707659,0.09316177183722324,0.1478537389806243,5,1.0,5,1.0,0.0,1.0,1,0.2
A_RIDGE,3,studies,textual,coefficient,-0.11092674424660047,0.026064323951828464,-0.09899121391109032,0.11092674424660047,-0.14406068005124334,-0.0837526450667921,5,1.0,5,0.0,1.0,1.0,1,0.2
A_RIDGE,3,problem,textual,coefficient,0.10818248538247308,0.030092524159160795,0.11181010979489524,0.10818248538247308,0.06288869032517783,0.14741769754622364,5,1.0,5,1.0,0.0,1.0,1,0.2
A_RIDGE,3,sensitive,textual,coefficient,0.10530650552439377,0.03998481038012645,0.10876590279779427,0.10530650552439377,0.03878988775803096,0.14345597278814218,5,1.0,5,1.0,0.0,1.0,1,0.2
A_RIDGE,3,children,textual,coefficient,-0.10434756477969138,0.02311660296236125,-0.10375443686655639,0.10434756477969138,-0.1367312335298942,-0.07634095689908205,5,1.0,5,0.0,1.0,1.0,1,0.2
A_RIDGE,3,high,textual,coefficient,-0.10295432995966573,0.028560286017148256,-0.1111912634652293,0.10295432995966573,-0.12963548460428764,-0.054313159638667036,5,1.0,5,0.0,1.0,1.0,1,0.2
A_RIDGE,3,issues,textual,coefficient,0.10069140545315844,0.030818911409902845,0.09487013815222407,0.10069140545315844,0.06497058631577188,0.1382706067848292,5,1.0,5,1.0,0.0,1.0,1,0.2
A_RIDGE,3,happens,textual,coefficient,0.10059815660500715,0.043078974620567666,0.11573181621507563,0.10059815660500715,0.02649200372253534,0.13547168913518073,5,1.0,5,1.0,0.0,1.0,1,0.2
A_RIDGE,3,called,textual,coefficient,0.09773000338206078,0.03516085207509901,0.10477155241182211,0.09773000338206078,0.037742487794251066,0.12635247589302434,5,1.0,5,1.0,0.0,1.0,1,0.2
A_RIDGE,3,people,textual,coefficient,0.09349321406004621,0.06104427928372573,0.09744756384795077,0.09349321406004621,0.0020647326305495203,0.17402687678695083,5,1.0,5,1.0,0.0,1.0,1,0.2
A_RIDGE,3,test,textual,coefficient,0.08771009012237961,0.049082465548125565,0.07193040371844465,0.08771009012237961,0.055919991812058194,0.17412843195393246,5,1.0,5,1.0,0.0,1.0,1,0.2
A_RIDGE,3,point,textual,coefficient,0.08223769912151382,0.05077079972135932,0.10222244238240094,0.08223769912151382,0.0,0.13109664932087473,4,0.8,4,0.8,0.0,1.0,1,0.2
A_RIDGE,3,child,textual,coefficient,0.0821854236487267,0.043873842490258316,0.07949823591970627,0.0821854236487267,0.03078504516876053,0.140442194841606,5,1.0,5,1.0,0.0,1.0,1,0.2
A_RIDGE,3,ve,textual,coefficient,0.0622771075692518,0.060622948034260216,0.0699987119576587,0.07544209965682011,-0.032912480218920806,0.12841843694828026,5,1.0,5,0.8,0.2,0.8,1,0.2
A_RIDGE,3,kind,textual,coefficient,-0.07293921499113298,0.043792771465426046,-0.07445093242153845,0.07293921499113298,-0.13912726586302368,-0.032514794854667683,5,1.0,5,0.0,1.0,1.0,1,0.2
A_RIDGE,3,emotional,textual,coefficient,0.07245043932644049,0.04281763351454747,0.05620550930093641,0.07245043932644049,0.042894380840419626,0.14640607725057905,5,1.0,5,1.0,0.0,1.0,1,0.2
A_RIDGE,3,late,textual,coefficient,0.06788182392798033,0.0472669042227636,0.05257674329698369,0.06788182392798033,0.02614582224699556,0.14345241981045725,5,1.0,5,1.0,0.0,1.0,1,0.2
A_RIDGE,3,lower,textual,coefficient,0.06658757349277308,0.06137362217478601,0.10171425170718947,0.06658757349277308,0.0,0.12451241099110143,3,0.6,3,0.6,0.0,1.0,1,0.2
A_RIDGE,3,hyperactivity,textual,coefficient,-0.06596925226414616,0.0473435856496648,-0.06001179286341589,0.06596925226414616,-0.13359767899129074,-0.012273444461334498,5,1.0,5,0.0,1.0,1.0,1,0.2
A_RIDGE,3,pain,textual,coefficient,-0.031053309693082537,0.06943731140008569,0.0,0.031053309693082537,-0.15526654846541268,0.0,1,0.2,1,0.0,0.2,1.0,1,0.2
A_RIDGE,3,norepinephrine,textual,coefficient,0.03087529188565368,0.06903925148146929,0.0,0.03087529188565368,0.0,0.15437645942826841,1,0.2,1,0.2,0.0,1.0,1,0.2
A_RIDGE,3,medicine,textual,coefficient,0.029379349107570885,0.06569422173922627,0.0,0.029379349107570885,0.0,0.14689674553785442,1,0.2,1,0.2,0.0,1.0,1,0.2
A_RIDGE,3,needs,textual,coefficient,-0.09865703133639336,0.018243093028790368,-0.10913803393673434,0.09865703133639336,-0.11398098219252586,-0.07721675195927434,5,1.0,5,0.0,1.0,1.0,0,0.0
A_RIDGE,3,remember,textual,coefficient,-0.09430194330091904,0.014665273656464996,-0.10340998282727062,0.09430194330091904,-0.10502439024343947,-0.07202364331124234,5,1.0,5,0.0,1.0,1.0,0,0.0
A_RIDGE,3,real,textual,coefficient,-0.09421844638725799,0.009681202858792351,-0.09050492669729773,0.09421844638725799,-0.10737758090048308,-0.08412278001257456,5,1.0,5,0.0,1.0,1.0,0,0.0
A_RIDGE,3,relationships,textual,coefficient,0.09348191402630557,0.052693035862656445,0.11281205030396234,0.09348191402630557,0.0,0.12829821692698584,4,0.8,4,0.8,0.0,1.0,0,0.0
A_RIDGE,3,burnout,textual,coefficient,-0.09264896221302497,0.010189940772610656,-0.09279220548564385,0.09264896221302497,-0.10363452843507841,-0.07876044496240707,5,1.0,5,0.0,1.0,1.0,0,0.0
A_RIDGE,3,tasks,textual,coefficient,-0.09153329536015772,0.01453899515623262,-0.08386244049517964,0.09153329536015772,-0.11398401343649295,-0.07812213256834817,5,1.0,5,0.0,1.0,1.0,0,0.0
A_RIDGE,3,look,textual,coefficient,-0.0911529740078281,0.015580167499230389,-0.09391936362296038,0.0911529740078281,-0.10202570657496564,-0.06428424851463196,5,1.0,5,0.0,1.0,1.0,0,0.0
A_RIDGE,3,easily,textual,coefficient,-0.08386759031982707,0.014159192197461125,-0.08230801929816672,0.08386759031982707,-0.10534801911963013,-0.06925765746893627,5,1.0,5,0.0,1.0,1.0,0,0.0
A_RIDGE,3,activity,textual,coefficient,0.08355027555736216,0.054976833438787134,0.11759391892693857,0.08355027555736216,0.0,0.1234256867139195,4,0.8,4,0.8,0.0,1.0,0,0.0
A_RIDGE,3,bad,textual,coefficient,0.08288040773448549,0.023476370630721985,0.09260887780417958,0.08288040773448549,0.05249742904803271,0.10318481837895477,5,1.0,5,1.0,0.0,1.0,0,0.0
A_RIDGE,3,did,textual,coefficient,0.08216242162984043,0.031924413412228424,0.07537740302051099,0.08216242162984043,0.0371199971413388,0.11882835676286639,5,1.0,5,1.0,0.0,1.0,0,0.0
A_RIDGE,3,school,textual,coefficient,0.08114229064125542,0.011934182651278078,0.08127936334748666,0.08114229064125542,0.06475523169826214,0.09837144937239858,5,1.0,5,1.0,0.0,1.0,0,0.0
A_RIDGE,3,women,textual,coefficient,0.07868127799270715,0.02904718955358995,0.08986721111491554,0.07868127799270715,0.03087281836816278,0.10192250398498724,5,1.0,5,1.0,0.0,1.0,0,0.0
A_RIDGE,3,music,textual,coefficient,-0.0783039920070285,0.019746715347777444,-0.08044984770604263,0.0783039920070285,-0.1027564545230947,-0.05335650435614539,5,1.0,5,0.0,1.0,1.0,0,0.0
A_RIDGE,3,differently,textual,coefficient,0.07801318091612634,0.04427240809883536,0.09102211406040928,0.07801318091612634,0.0,0.10687177469400826,4,0.8,4,0.8,0.0,1.0,0,0.0
A_RIDGE,3,emotions,textual,coefficient,0.07798605705130399,0.04372596012188585,0.07193206673947695,0.07798605705130399,0.015204483300338377,0.12417191066777296,5,1.0,5,1.0,0.0,1.0,0,0.0
A_RIDGE,3,ll,textual,coefficient,0.07797312123945237,0.04060943792366984,0.09475734239369465,0.07797312123945237,0.016556095670828674,0.11197217065856828,5,1.0,5,1.0,0.0,1.0,0,0.0
A_RIDGE,3,diagnosis,textual,coefficient,0.025786210121231935,0.09467900607832197,0.07953813679216117,0.07797167294556193,-0.1291266552036942,0.09152688234468606,5,1.0,5,0.6,0.4,0.6,0,0.0
A_RIDGE,3,focus,textual,coefficient,-0.05953517911701515,0.060464884937879645,-0.08873513198096979,0.07662507618317886,-0.10324247876978529,0.04272474266540929,5,1.0,5,0.2,0.8,0.8,0,0.0
A_RIDGE,3,lack,textual,coefficient,-0.07497863923807396,0.031806112840264966,-0.07821195297002348,0.07497863923807396,-0.10957807416199901,-0.02479899150302283,5,1.0,5,0.0,1.0,1.0,0,0.0
A_RIDGE,3,bit,textual,coefficient,0.07422897693003089,0.0144130343172442,0.07447722151886009,0.07422897693003089,0.06083747253998919,0.09706922465130585,5,1.0,5,1.0,0.0,1.0,0,0.0
A_RIDGE,3,work,textual,coefficient,-0.07400850590835717,0.03292364505589287,-0.08507645094841637,0.07400850590835717,-0.1136173675262001,-0.028637417962640323,5,1.0,5,0.0,1.0,1.0,0,0.0
A_RIDGE,3,sense,textual,coefficient,0.06315237101671704,0.0554110787742762,0.07669644904093509,0.07386269977083938,-0.026775821885305834,0.12495396303370665,5,1.0,5,0.8,0.2,0.8,0,0.0
A_RIDGE,3,things,textual,coefficient,0.07330121800881192,0.030555040870114077,0.05617093142327489,0.07330121800881192,0.04385656492815763,0.11343197593321488,5,1.0,5,1.0,0.0,1.0,0,0.0
A_RIDGE,3,love,textual,coefficient,0.07217407071780493,0.04778335741873906,0.08675552924487549,0.07330096846334773,-0.00281724436385698,0.12251529326155239,5,1.0,5,0.8,0.2,0.8,0,0.0
A_RIDGE,3,neurotypical,textual,coefficient,0.072531453459086,0.0320284310603215,0.06994945014999779,0.072531453459086,0.03483016348765823,0.1225730071510141,5,1.0,5,1.0,0.0,1.0,0,0.0
A_RIDGE,3,stimulant,textual,coefficient,-0.0720565518693964,0.033728160522936604,-0.06526465509637261,0.0720565518693964,-0.12142715597428091,-0.041104681663606875,5,1.0,5,0.0,1.0,1.0,0,0.0
A_RIDGE,3,impulsivity,textual,coefficient,-0.07160474933278689,0.014378637923308075,-0.07528160863584879,0.07160474933278689,-0.08419220666377465,-0.0480287233535279,5,1.0,5,0.0,1.0,1.0,0,0.0
A_RIDGE,3,motivation,textual,coefficient,-0.071498799265679,0.01805019682599089,-0.07645281230930709,0.071498799265679,-0.09321358689301706,-0.045449973809054106,5,1.0,5,0.0,1.0,1.0,0,0.0
A_RIDGE,3,control,textual,coefficient,0.07088946491764067,0.02742051480591211,0.0699923388269312,0.07088946491764067,0.04005398893545024,0.11411922697334201,5,1.0,5,1.0,0.0,1.0,0,0.0
A_RIDGE,3,struggle,textual,coefficient,0.07083194481379552,0.03685369023473008,0.08490684598504544,0.07083194481379552,0.009743385473144121,0.1020130841186229,5,1.0,5,1.0,0.0,1.0,0,0.0
A_RIDGE,3,probably,textual,coefficient,0.07022264715227876,0.022117773786112342,0.07483753338551467,0.07022264715227876,0.03218902805701581,0.08960022995200806,5,1.0,5,1.0,0.0,1.0,0,0.0
A_RIDGE,3,sit,textual,coefficient,-0.07016757030803969,0.03776462115432337,-0.050658702165171335,0.07016757030803969,-0.13306183314409697,-0.044217559819437986,5,1.0,5,0.0,1.0,1.0,0,0.0
A_RIDGE,3,ability,textual,coefficient,0.06871306977304673,0.04295018066330764,0.08184936260016787,0.06871306977304673,0.0,0.10419988525740043,4,0.8,4,0.8,0.0,1.0,0,0.0
A_RIDGE,3,way,textual,coefficient,-0.06521551548972326,0.04366398451962289,-0.08801418114977452,0.06742675360907166,-0.10263171153618,0.0055280952983709965,5,1.0,5,0.2,0.8,0.8,0,0.0
A_RIDGE,3,normal,textual,coefficient,0.06708229505355862,0.06147232759367195,0.1044621463256231,0.06708229505355862,0.0,0.1196233692703659,3,0.6,3,0.6,0.0,1.0,0,0.0
A_RIDGE,3,start,textual,coefficient,-0.06621450438115799,0.05535942781654437,-0.05001377626313788,0.06621450438115799,-0.1303203425055618,-0.007170893843617758,5,1.0,5,0.0,1.0,1.0,0,0.0
A_RIDGE,3,gets,textual,coefficient,0.06598679448620409,0.04381561367570695,0.07594751742940195,0.06598679448620409,0.0,0.11866281177666638,4,0.8,4,0.8,0.0,1.0,0,0.0
A_RIDGE,3,task,textual,coefficient,-0.06459817271078586,0.011962943755125638,-0.058403498661285504,0.06459817271078586,-0.07944123246402682,-0.054695060726933274,5,1.0,5,0.0,1.0,1.0,0,0.0
A_RIDGE,3,say,textual,coefficient,-0.0645136064714413,0.019340504292348827,-0.07148275136462666,0.0645136064714413,-0.0867889496176454,-0.03742716493350112,5,1.0,5,0.0,1.0,1.0,0,0.0
A_RIDGE,3,stimulants,textual,coefficient,-0.04741980310133788,0.05771259607700457,-0.05503295801543925,0.06417339318593042,-0.1166770317283389,0.04188397521148134,5,1.0,5,0.2,0.8,0.8,0,0.0
A_RIDGE,3,information,textual,coefficient,-0.06396482923329051,0.03859726040350414,-0.06730567206872576,0.06396482923329051,-0.10209690615249072,0.0,4,0.8,4,0.0,0.8,1.0,0,0.0
A_RIDGE,3,want,textual,coefficient,0.0628402214094857,0.020762570280547087,0.06482395372675634,0.0628402214094857,0.02996996371253737,0.08707058769617725,5,1.0,5,1.0,0.0,1.0,0,0.0
A_RIDGE,3,actually,textual,coefficient,-0.062385675440170985,0.03851449075570828,-0.07579288515758888,0.062385675440170985,-0.10348511059114324,-0.011872211840549858,5,1.0,5,0.0,1.0,1.0,0,0.0
A_RIDGE,3,comes,textual,coefficient,0.06210110147857698,0.023428275605422447,0.07120713039868556,0.06210110147857698,0.028662839750776072,0.08845585769184322,5,1.0,5,1.0,0.0,1.0,0,0.0
A_RIDGE,3,looking,textual,coefficient,-0.061779644696911974,0.03602166519001966,-0.07467829011686139,0.061779644696911974,-0.09308728614621926,0.0,4,0.8,4,0.0,0.8,1.0,0,0.0
A_RIDGE,3,usually,textual,coefficient,-0.061705845014341676,0.02922604359119374,-0.07433336601385905,0.061705845014341676,-0.08077131138933262,-0.010672756788697028,5,1.0,5,0.0,1.0,1.0,0,0.0
A_RIDGE,3,got,textual,coefficient,0.06161676166177012,0.022586278956066706,0.05625079739092589,0.06161676166177012,0.0444746257067225,0.10080076619987854,5,1.0,5,1.0,0.0,1.0,0,0.0
A_RIDGE,3,better,textual,coefficient,0.04892695363065306,0.049327850368863474,0.05765479851511362,0.06122874094631377,-0.030754468289151755,0.10420237504939599,5,1.0,5,0.8,0.2,0.8,0,0.0
A_RIDGE,3,number,textual,coefficient,-0.019755575915102293,0.07191351655803843,-0.026711370036484786,0.06107490787332949,-0.10651527292671333,0.06750938893503747,5,1.0,5,0.4,0.6,0.6,0,0.0
A_RIDGE,3,doing,textual,coefficient,-0.06065686595736238,0.04147558449801517,-0.0405492310994329,0.06065686595736238,-0.11660824247822177,-0.026259342867692784,5,1.0,5,0.0,1.0,1.0,0,0.0
A_RIDGE,3,make,textual,coefficient,0.05949136449348676,0.04432711665561637,0.060256014754513636,0.05949136449348676,0.004428982650514106,0.10573385103595136,5,1.0,5,1.0,0.0,1.0,0,0.0
A_RIDGE,3,likely,textual,coefficient,0.0590055774427183,0.04051822391335589,0.042644987579847186,0.0590055774427183,0.026278391495547483,0.12925328102337347,5,1.0,5,1.0,0.0,1.0,0,0.0
A_RIDGE,3,level,textual,coefficient,0.05873390942600136,0.03379754698888168,0.06601517855949554,0.05873390942600136,0.0,0.0837694491495329,4,0.8,4,0.8,0.0,1.0,0,0.0
A_RIDGE,3,low,textual,coefficient,0.03449004254306734,0.056746318839631035,0.048781434834460485,0.0586516510447313,-0.06040402125415991,0.0793566157899095,5,1.0,5,0.8,0.2,0.8,0,0.0
A_RIDGE,3,autism,textual,coefficient,-0.05841850601945845,0.04756722648269694,-0.059209630632940456,0.05841850601945845,-0.11648048831132177,-0.0045145670896072744,5,1.0,5,0.0,1.0,1.0,0,0.0
A_RIDGE,3,having,textual,coefficient,-0.05794037867325652,0.012905254489934159,-0.056007695950307024,0.05794037867325652,-0.07845405699899385,-0.04324293324255621,5,1.0,5,0.0,1.0,1.0,0,0.0
A_RIDGE,3,help,textual,coefficient,-0.057798173158238694,0.030787334316988144,-0.054264314374406576,0.057798173158238694,-0.10291224224403864,-0.022173258504915753,5,1.0,5,0.0,1.0,1.0,0,0.0
A_RIDGE,3,don,textual,coefficient,-0.055477360553436814,0.03479329049186773,-0.06793677098640785,0.05765627945910283,-0.0803458116615049,0.005447297264165,5,1.0,5,0.2,0.8,0.8,0,0.0
A_RIDGE,3,medication,textual,coefficient,0.0035931038375573445,0.07297572298116639,0.01598320014764799,0.05763915003577499,-0.09767984068132252,0.08817407730779428,5,1.0,5,0.6,0.4,0.6,0,0.0
A_RIDGE,3,medications,textual,coefficient,-0.055239131471719015,0.03783569300911623,-0.06427624003657807,0.05712797508889629,-0.09005474949934292,0.004722109042943196,5,1.0,5,0.2,0.8,0.8,0,0.0
A_RIDGE,3,forget,textual,coefficient,0.05347887363236538,0.04291562889224266,0.05468780416158004,0.056785975520068845,-0.008267754719258665,0.10898839379118914,5,1.0,5,0.8,0.2,0.8,0,0.0
A_RIDGE,3,kids,textual,coefficient,-0.055963059728954545,0.01741813901825514,-0.06240393045612989,0.055963059728954545,-0.07153274927599564,-0.03689884329251997,5,1.0,5,0.0,1.0,1.0,0,0.0
A_RIDGE,3,different,textual,coefficient,0.055695132282689554,0.027634882773637435,0.06676940821342763,0.055695132282689554,0.023225790436011785,0.08921801125516281,5,1.0,5,1.0,0.0,1.0,0,0.0
A_RIDGE,3,working memory,textual,coefficient,0.05561367510235775,0.05217742145092901,0.07985024609241309,0.05561367510235775,0.0,0.11201375983873657,3,0.6,3,0.6,0.0,1.0,0,0.0
A_RIDGE,3,rejection,textual,coefficient,-0.055343723452722815,0.041307031796390684,-0.07550441180564349,0.055343723452722815,-0.0962531048036398,0.0,4,0.8,4,0.0,0.8,1.0,0,0.0
A_RIDGE,3,pay,textual,coefficient,0.05469120574601545,0.03438922147758566,0.06469466114074839,0.05469120574601545,0.0,0.09166363406364793,4,0.8,4,0.8,0.0,1.0,0,0.0
A_RIDGE,3,doesn,textual,coefficient,0.05416026676995319,0.039072892887490676,0.04974747155527264,0.05416026676995319,0.016561120099486567,0.1163238237627398,5,1.0,5,1.0,0.0,1.0,0,0.0
A_RIDGE,3,care,textual,coefficient,-0.05366921631920879,0.03896345278802813,-0.05389623318165766,0.05366921631920879,-0.09982405739579277,-0.007898261632238474,5,1.0,5,0.0,1.0,1.0,0,0.0
A_RIDGE,3,drink,textual,coefficient,0.053478554132709896,0.07322856720908236,0.0,0.053478554132709896,0.0,0.1338061146384594,2,0.4,2,0.4,0.0,1.0,0,0.0
A_RIDGE,3,20,textual,coefficient,-0.05345865362942952,0.04973459118769902,-0.07867706499051713,0.05345865362942952,-0.10443578343679295,0.0,3,0.6,3,0.0,0.6,1.0,0,0.0
A_RIDGE,3,um,textual,coefficient,-0.053028417115836224,0.03356282101611078,-0.05669000884963741,0.053028417115836224,-0.0864086379015957,0.0,4,0.8,4,0.0,0.8,1.0,0,0.0
A_RIDGE,3,adhd symptoms,textual,coefficient,-0.05088035125958329,0.03093174924937417,-0.05869749316354542,0.05178545365008398,-0.07722804790235802,0.002262755976251703,5,1.0,5,0.2,0.8,0.8,0,0.0
A_RIDGE,3,understand,textual,coefficient,-0.05149702838679926,0.018009224360351215,-0.05520265349854889,0.05149702838679926,-0.07256741971549287,-0.029255349561501078,5,1.0,5,0.0,1.0,1.0,0,0.0
A_RIDGE,3,brain,textual,coefficient,0.04937501726303249,0.03299351300760719,0.05341777091161182,0.05063011233150795,-0.003137737671188643,0.08082604121037949,5,1.0,5,0.8,0.2,0.8,0,0.0
A_RIDGE,3,stop,textual,coefficient,-0.05013599121621243,0.01468355584056867,-0.05310295175644646,0.05013599121621243,-0.06667881920583647,-0.026639149425062826,5,1.0,5,0.0,1.0,1.0,0,0.0
A_RIDGE,3,mental,textual,coefficient,-0.050080465464250636,0.020554102155766772,-0.04477676981358757,0.050080465464250636,-0.08428985623454131,-0.02879354170835199,5,1.0,5,0.0,1.0,1.0,0,0.0
A_RIDGE,3,increase,textual,coefficient,-0.049731102765275134,0.05005097141370695,-0.04582832991781507,0.049731102765275134,-0.1105027884969633,0.0,4,0.8,4,0.0,0.8,1.0,0,0.0
A_RIDGE,3,depression,textual,coefficient,-0.036733438774283964,0.050280425445992,-0.034478988658584675,0.04875276727623769,-0.09589821865849071,0.030048321254884314,5,1.0,5,0.2,0.8,0.8,0,0.0
A_RIDGE,3,activities,textual,coefficient,-0.04856219823681499,0.04468411064829805,-0.07193833759918417,0.04856219823681499,-0.08689546653399177,0.0,3,0.6,3,0.0,0.6,1.0,0,0.0
A_RIDGE,3,behavior,textual,coefficient,-0.04847365535401577,0.034932850554513166,-0.04224680761665635,0.04847365535401577,-0.10206742550323679,-0.00582388236576416,5,1.0,5,0.0,1.0,1.0,0,0.0
A_RIDGE,3,making,textual,coefficient,-0.04846500831850345,0.019705562379991395,-0.04343186254882324,0.04846500831850345,-0.06917380680877962,-0.026980474104177976,5,1.0,5,0.0,1.0,1.0,0,0.0
A_RIDGE,3,able,textual,coefficient,-0.04834576624223187,0.0429778325344019,-0.04280677993180093,0.04834576624223187,-0.1123049537077191,-0.0012212204311364497,5,1.0,5,0.0,1.0,1.0,0,0.0
A_RIDGE,3,stress,textual,coefficient,-0.04779175515458154,0.020253241540438,-0.03900669289325433,0.04779175515458154,-0.07331187793936184,-0.02601646658323277,5,1.0,5,0.0,1.0,1.0,0,0.0
A_RIDGE,3,sure,textual,coefficient,0.027502857253128444,0.047306492762898195,0.036359262654714584,0.047729825111304525,-0.05056741964544022,0.07580877504965408,5,1.0,5,0.8,0.2,0.8,0,0.0
A_RIDGE,3,levels,textual,coefficient,0.04770226609286173,0.03634252885147582,0.05232708383900714,0.04770226609286173,0.0,0.09411397858139697,4,0.8,4,0.8,0.0,1.0,0,0.0
A_RIDGE,3,means,textual,coefficient,-0.047348800631790686,0.010002396831174038,-0.04486805052723193,0.047348800631790686,-0.05927414715369669,-0.036136283920505885,5,1.0,5,0.0,1.0,1.0,0,0.0
A_RIDGE,3,impulsive,textual,coefficient,-0.047101029855490285,0.012078752125056177,-0.050719342673418294,0.047101029855490285,-0.060172308451157994,-0.028338778932954327,5,1.0,5,0.0,1.0,1.0,0,0.0
A_RIDGE,3,adhd,textual,coefficient,-0.04620989443504504,0.038397051431771294,-0.04804153970776739,0.046339608084041514,-0.09181831641814656,0.00032428412249117355,5,1.0,5,0.2,0.8,0.8,0,0.0
A_RIDGE,3,feel like,textual,coefficient,-0.045748170024141575,0.019384969177262408,-0.0404348682789981,0.045748170024141575,-0.0773438655438101,-0.029311692701149673,5,1.0,5,0.0,1.0,1.0,0,0.0
A_RIDGE,3,right,textual,coefficient,-0.045501584389757724,0.02185546940533509,-0.044585990038684464,0.045501584389757724,-0.07371868950911915,-0.01853942746278877,5,1.0,5,0.0,1.0,1.0,0,0.0
A_RIDGE,3,learn,textual,coefficient,0.03232611620686311,0.03458224007031623,0.04422735219345788,0.043704966934134726,-0.028447126818179038,0.05835877759172272,5,1.0,5,0.8,0.2,0.8,0,0.0
A_RIDGE,3,sugar,textual,coefficient,-0.016489429143631773,0.04883530645735513,-0.0287318706328631,0.04367348389521564,-0.06788546625639882,0.04543541029556513,5,1.0,5,0.4,0.6,0.6,0,0.0
A_RIDGE,3,instead,textual,coefficient,0.03638171696488897,0.036562738319975426,0.04539777586892165,0.04360402711992288,-0.01805577538758477,0.07698178530770369,5,1.0,5,0.8,0.2,0.8,0,0.0
A_RIDGE,3,big,textual,coefficient,0.0368925047768082,0.033773606708282514,0.038440457268824293,0.04313485852896185,-0.015605884380384115,0.06805523792675504,5,1.0,5,0.8,0.2,0.8,0,0.0
A_RIDGE,3,distracted,textual,coefficient,-0.042803881192498075,0.028045793420440997,-0.0359364018966145,0.042803881192498075,-0.08971581707828004,-0.013958362927331377,5,1.0,5,0.0,1.0,1.0,0,0.0
A_RIDGE,3,single,textual,coefficient,-0.04255310006023928,0.026132743068271163,-0.055732625118630565,0.04255310006023928,-0.06134654706353591,0.0,4,0.8,4,0.0,0.8,1.0,0,0.0
A_RIDGE,3,seen,textual,coefficient,-0.04253235658816049,0.04011654111268583,-0.059216623665657116,0.04253235658816049,-0.08679822595053996,0.0,3,0.6,3,0.0,0.6,1.0,0,0.0
A_RIDGE,3,ve got,textual,coefficient,0.04177820801863941,0.030613733129107285,0.03211783860183928,0.04177820801863941,0.01121213029837545,0.07743076347311811,5,1.0,5,1.0,0.0,1.0,0,0.0
A_RIDGE,3,hard,textual,coefficient,0.004253270291415609,0.04938724521625062,-0.02777835560087716,0.04173121123667718,-0.033801458278156636,0.06958970986045125,5,1.0,5,0.4,0.6,0.6,0,0.0
A_RIDGE,3,hyper,textual,coefficient,-0.040879514972246546,0.030277272767417228,-0.04836268681693712,0.040879514972246546,-0.08152674487661211,0.0,4,0.8,4,0.0,0.8,1.0,0,0.0
A_RIDGE,3,lot people,textual,coefficient,0.04038391421908911,0.03387671876983108,0.028095223508793555,0.04038391421908911,0.0,0.08632345869108504,4,0.8,4,0.8,0.0,1.0,0,0.0
A_RIDGE,3,oh,textual,coefficient,0.04031681645409666,0.01994971055001249,0.037800601983561055,0.04031681645409666,0.01210257342676871,0.06415477409849925,5,1.0,5,1.0,0.0,1.0,0,0.0
A_RIDGE,3,used,textual,coefficient,0.0397584554951253,0.04206278401592656,0.04651855962784513,0.0397584554951253,0.0,0.10086706464512352,3,0.6,3,0.6,0.0,1.0,0,0.0
A_RIDGE,3,stimulation,textual,coefficient,-0.03968411081573141,0.036249386965401593,-0.06503726143353011,0.03968411081573141,-0.06824385836426897,0.0,3,0.6,3,0.0,0.6,1.0,0,0.0
A_RIDGE,3,term,textual,coefficient,-0.03879116909197946,0.008112097064296282,-0.0405331757353095,0.03879116909197946,-0.04651492316169816,-0.0262271832773951,5,1.0,5,0.0,1.0,1.0,0,0.0
A_RIDGE,3,based,textual,coefficient,-0.03870371491487077,0.03554054115775404,-0.05822637777734056,0.03870371491487077,-0.06787813077935378,0.0,3,0.6,3,0.0,0.6,1.0,0,0.0
A_RIDGE,3,certain,textual,coefficient,0.03836219803950487,0.022818069807096178,0.030344600184879972,0.03836219803950487,0.01023264909082107,0.06344341066583994,5,1.0,5,1.0,0.0,1.0,0,0.0
A_RIDGE,3,deficit,textual,coefficient,0.038308205403326086,0.02514795268561353,0.031232065075776083,0.038308205403326086,0.004935636685557361,0.06494921288126548,5,1.0,5,1.0,0.0,1.0,0,0.0
A_RIDGE,3,stuff,textual,coefficient,0.03821697985404017,0.009187818247755953,0.034546146936667785,0.03821697985404017,0.027038502082367126,0.04792546106127212,5,1.0,5,1.0,0.0,1.0,0,0.0
A_RIDGE,3,talking,textual,coefficient,-0.037938979061550505,0.046856459096683886,-0.02157689830629789,0.037938979061550505,-0.11951784932127209,-0.0033731902038923707,5,1.0,5,0.0,1.0,1.0,0,0.0
A_RIDGE,3,signs,textual,coefficient,-0.017713276490556124,0.054024842768989834,-0.01337072806328245,0.03786298062392245,-0.0999170167560886,0.049213100828330136,5,1.0,5,0.4,0.6,0.6,0,0.0
A_RIDGE,3,thoughts,textual,coefficient,-0.03496583263071967,0.04046556541651588,-0.0343960718051697,0.03771529302051655,-0.09072557364780615,0.006873650974492187,4,0.8,4,0.2,0.6,0.75,0,0.0
A_RIDGE,3,getting,textual,coefficient,0.014749554678771171,0.040407917072304796,0.03164516582583815,0.0374602542322201,-0.035843313407009386,0.05117374014263476,5,1.0,5,0.6,0.4,0.6,0,0.0
A_RIDGE,3,feeling,textual,coefficient,-0.03742403935437577,0.022442265733616518,-0.04159935424398849,0.03742403935437577,-0.062496027441507694,-0.00989040177335749,5,1.0,5,0.0,1.0,1.0,0,0.0
A_RIDGE,3,later,textual,coefficient,-0.02554774378226064,0.044584640717576576,-0.023429018628248536,0.03738548325626449,-0.09039956355811087,0.02382612279379677,5,1.0,5,0.4,0.6,0.6,0,0.0
A_RIDGE,3,morning,textual,coefficient,0.0372752646079402,0.022821193174028465,0.04898491429384644,0.0372752646079402,0.0,0.054629255488375,4,0.8,4,0.8,0.0,1.0,0,0.0
A_RIDGE,3,hear,textual,coefficient,-0.03725563497189856,0.02115230709997047,-0.04376704569302259,0.03725563497189856,-0.05048029998998296,0.0,4,0.8,4,0.0,0.8,1.0,0,0.0
A_RIDGE,3,life,textual,coefficient,-0.006997995820597437,0.04596241050301024,0.020864675722238366,0.0370216969500979,-0.07349477766314097,0.032267452361041726,5,1.0,5,0.6,0.4,0.6,0,0.0
A_RIDGE,3,day,textual,coefficient,0.03701041903470379,0.03239338998135842,0.031184224339241815,0.03701041903470379,0.004151397588262578,0.0803226237422214,5,1.0,5,1.0,0.0,1.0,0,0.0
A_RIDGE,3,video,textual,coefficient,-0.022601436170998534,0.04806079307842277,0.0068065024143979256,0.03688613656468735,-0.08332224627989346,0.02187136846555558,5,1.0,5,0.6,0.4,0.6,0,0.0
A_RIDGE,3,good,textual,coefficient,0.01286309845759411,0.04126621963416456,0.02474429586490156,0.036565333841224346,-0.05925558845907558,0.04499598307092577,5,1.0,5,0.8,0.2,0.8,0,0.0
A_RIDGE,3,literally,textual,coefficient,0.03643985465637527,0.02677991072742587,0.03970228728481922,0.03643985465637527,0.0,0.0694710566872654,4,0.8,4,0.8,0.0,1.0,0,0.0
A_RIDGE,3,think,textual,coefficient,0.023668398111480058,0.03530528128420884,0.035237585085642,0.03620738937043766,-0.03134747814739399,0.05424718271920127,5,1.0,5,0.8,0.2,0.8,0,0.0
A_RIDGE,3,place,textual,coefficient,-0.035975145798760405,0.010256659185499133,-0.03740120640868435,0.035975145798760405,-0.05026668224070747,-0.022229669829091386,5,1.0,5,0.0,1.0,1.0,0,0.0
A_RIDGE,3,working,textual,coefficient,-0.03157052947470894,0.026224524229705826,-0.030809332341203026,0.03580678329302703,-0.053710354057667276,0.010590634545795239,5,1.0,5,0.2,0.8,0.8,0,0.0
A_RIDGE,3,realize,textual,coefficient,0.03579650375766637,0.05437298837092193,0.0,0.03579650375766637,0.0,0.12277237151495432,2,0.4,2,0.4,0.0,1.0,0,0.0
A_RIDGE,3,use,textual,coefficient,-0.00521507307953117,0.04601696350316571,-0.0028490842469691634,0.03569670632342248,-0.051171485312638244,0.057429999641399825,5,1.0,5,0.4,0.6,0.6,0,0.0
A_RIDGE,3,adhd brains,textual,coefficient,0.031224615464360193,0.023937520711986286,0.04267624970636765,0.03528049202639223,-0.01013969140508009,0.048292111866230135,5,1.0,5,0.8,0.2,0.8,0,0.0
A_RIDGE,3,change,textual,coefficient,0.02433681101791901,0.039770381550926166,0.03207867617516563,0.03523383200911177,-0.019329006986579095,0.08074143792771993,5,1.0,5,0.6,0.4,0.6,0,0.0
A_RIDGE,3,regulate,textual,coefficient,0.03503869761749741,0.0341437641463425,0.038939255173972426,0.03503869761749741,0.0,0.06932390111730935,3,0.6,3,0.6,0.0,1.0,0,0.0
A_RIDGE,3,going,textual,coefficient,0.0226303155208201,0.03181155237516753,0.027057362738956474,0.03485789969699019,-0.030568960440425234,0.047590516245995536,5,1.0,5,0.8,0.2,0.8,0,0.0
A_RIDGE,3,common,textual,coefficient,0.023212539308619873,0.03348429689300569,0.02984086308447101,0.03479254244930592,-0.028950007851715122,0.060860404740835615,5,1.0,5,0.8,0.2,0.8,0,0.0
A_RIDGE,3,experience,textual,coefficient,-0.024207048649268224,0.04523793740729238,-0.015946332569750515,0.034766864415201645,-0.09568366965472402,0.026399539414833556,5,1.0,5,0.2,0.8,0.8,0,0.0
A_RIDGE,3,makes,textual,coefficient,-0.02141247866532265,0.037310691140489696,-0.03543506257511697,0.03475900436408032,-0.055668707616297365,0.03336631424689417,5,1.0,5,0.2,0.8,0.8,0,0.0
A_RIDGE,3,sound,textual,coefficient,0.034727877077350346,0.04757885543836248,0.0,0.034727877077350346,0.0,0.08903318451081214,2,0.4,2,0.4,0.0,1.0,0,0.0
A_RIDGE,3,adults,textual,coefficient,-0.03353429681630519,0.02271698163054041,-0.027560303215872498,0.03353429681630519,-0.05778396301735043,-0.008305675253605663,5,1.0,5,0.0,1.0,1.0,0,0.0
A_RIDGE,3,calm,textual,coefficient,0.026392203430324824,0.03256884266420625,0.03614648154507523,0.03332722800315012,-0.017337561432063234,0.06851493695936119,5,1.0,5,0.8,0.2,0.8,0,0.0
A_RIDGE,3,goes,textual,coefficient,0.03149370328945563,0.03207269911889261,0.043170704387715815,0.03281769271971978,-0.00330997357566037,0.07070846307638248,4,0.8,4,0.6,0.2,0.75,0,0.0
A_RIDGE,3,regulation,textual,coefficient,-0.024125343497433845,0.03467114735875949,-0.025688873065504877,0.03231077720541013,-0.06336169575837633,0.018180980707906837,5,1.0,5,0.4,0.6,0.6,0,0.0
A_RIDGE,3,talk,textual,coefficient,-0.020776893254077215,0.04078918562382821,-0.012546866914746841,0.032290110307295325,-0.08050187255513394,0.028783042633045267,5,1.0,5,0.2,0.8,0.8,0,0.0
A_RIDGE,3,disorder,textual,coefficient,0.027334976454312775,0.025386922506818118,0.03173799323344198,0.0321807337927736,-0.012114393346152077,0.05220191723277833,5,1.0,5,0.8,0.2,0.8,0,0.0
A_RIDGE,3,parents,textual,coefficient,-0.031778653506127186,0.04379817247969126,0.0,0.031778653506127186,-0.08648220446976221,0.0,2,0.4,2,0.0,0.4,1.0,0,0.0
A_RIDGE,3,dysfunction,textual,coefficient,0.031651448714084415,0.030393394976019814,0.024926581587673607,0.031651448714084415,0.0,0.0758283877571689,4,0.8,4,0.8,0.0,1.0,0,0.0
A_RIDGE,3,fucking,textual,coefficient,-0.030753355358227142,0.03518172027853492,-0.030957125418878833,0.030753355358227142,-0.08569895302883677,0.0,3,0.6,3,0.0,0.6,1.0,0,0.0
A_RIDGE,3,works,textual,coefficient,0.00017911354971186859,0.043355866620604366,0.020137263040283,0.030734002649921415,-0.07638722275052387,0.02488262580270221,5,1.0,5,0.8,0.2,0.8,0,0.0
A_RIDGE,3,self,textual,coefficient,-0.030648279471611483,0.020740326277285722,-0.02594210802878695,0.030648279471611483,-0.0667780392680527,-0.01606373716554776,5,1.0,5,0.0,1.0,1.0,0,0.0
A_RIDGE,3,minutes,textual,coefficient,0.015872454804076203,0.035537475999150386,0.011946451021241701,0.03051691591273952,-0.022808418678702286,0.05686425803157961,5,1.0,5,0.6,0.4,0.6,0,0.0
A_RIDGE,3,research,textual,coefficient,-0.03027424352375228,0.0190221709049099,-0.02587261286897211,0.03027424352375228,-0.05594950958089899,-0.00975535804698832,5,1.0,5,0.0,1.0,1.0,0,0.0
A_RIDGE,3,maybe,textual,coefficient,-0.030175325706331003,0.011930656999223285,-0.027628462919322,0.030175325706331003,-0.05014398475943048,-0.018394812148421227,5,1.0,5,0.0,1.0,1.0,0,0.0
A_RIDGE,3,worse,textual,coefficient,0.029845452352729906,0.025571553754830098,0.020324604192366,0.029845452352729906,0.0016823047063190136,0.0691827972072976,5,1.0,5,1.0,0.0,1.0,0,0.0
A_RIDGE,3,fact,textual,coefficient,-0.0292209901687139,0.014226828477500456,-0.03388454600095098,0.0292209901687139,-0.04454946235021837,-0.00786041356530961,5,1.0,5,0.0,1.0,1.0,0,0.0
A_RIDGE,3,wait,textual,coefficient,-0.029177633063051732,0.03016455038226922,-0.03181096342435958,0.029177633063051732,-0.07077778515074105,0.0,3,0.6,3,0.0,0.6,1.0,0,0.0
A_RIDGE,3,nervous,textual,coefficient,-0.024402268932019754,0.028661713598748823,-0.03110086548365051,0.028789015137845236,-0.05210394926697498,0.010158720241889668,5,1.0,5,0.4,0.6,0.6,0,0.0
A_RIDGE,3,away,textual,coefficient,-0.028330606381542407,0.023745686210315406,-0.018897319434393888,0.028330606381542407,-0.05770551887606972,0.0,4,0.8,4,0.0,0.8,1.0,0,0.0
A_RIDGE,3,years,textual,coefficient,0.021615107687320823,0.03307734311940525,0.010387675734904449,0.028327867190242217,-0.01678189875730348,0.06843710206941622,5,1.0,5,0.8,0.2,0.8,0,0.0
A_RIDGE,3,especially,textual,coefficient,0.02824205356081925,0.016209201364335055,0.028357898744570356,0.02824205356081925,0.009685562213878916,0.05116729865984905,5,1.0,5,1.0,0.0,1.0,0,0.0
A_RIDGE,3,diagnosed,textual,coefficient,0.018776820571910224,0.034184996755896827,0.019475574050269666,0.02811034191479146,-0.023333803357203094,0.06849521761916452,5,1.0,5,0.8,0.2,0.8,0,0.0
A_RIDGE,3,doctor,textual,coefficient,-0.00149367479059688,0.03734746662139641,-0.022680207596289043,0.028095340185304286,-0.028003167728783907,0.06098412279743548,5,1.0,5,0.4,0.6,0.6,0,0.0
A_RIDGE,3,person,textual,coefficient,-0.013873566606434882,0.032793297080222425,-0.016490670438803093,0.027857102185884903,-0.055257272460600575,0.03495883894862505,5,1.0,5,0.2,0.8,0.8,0,0.0
A_RIDGE,3,eat,textual,coefficient,0.017337650626511845,0.025649758664063473,0.022998564223393886,0.027728161246099486,-0.025976276548969095,0.042766685630667246,5,1.0,5,0.8,0.2,0.8,0,0.0
A_RIDGE,3,learning,textual,coefficient,0.02762974058990083,0.03783402902267081,0.0,0.02762974058990083,0.0,0.06933489932456849,2,0.4,2,0.4,0.0,1.0,0,0.0
A_RIDGE,3,quickly,textual,coefficient,-0.027594480097031266,0.03828945650332349,0.0,0.027594480097031266,-0.07774447999914835,0.0,2,0.4,2,0.0,0.4,1.0,0,0.0
A_RIDGE,3,trouble,textual,coefficient,0.006302378462746791,0.03226663650355917,0.019713206979069007,0.027288369537425406,-0.036845184765311796,0.04454307446398058,5,1.0,5,0.6,0.4,0.6,0,0.0
A_RIDGE,3,little,textual,coefficient,-0.02064939657255263,0.03628973599711503,-0.014206613260753068,0.02717961774532469,-0.08094896674167176,0.016325552931930144,5,1.0,5,0.2,0.8,0.8,0,0.0
A_RIDGE,3,reason,textual,coefficient,-0.027151493815421018,0.010294604393218621,-0.03221055150263664,0.027151493815421018,-0.035738090202818575,-0.010135875455817228,5,1.0,5,0.0,1.0,1.0,0,0.0
A_RIDGE,3,affects,textual,coefficient,-0.026986882869923918,0.037011961937730875,0.0,0.026986882869923918,-0.07041275068643112,0.0,2,0.4,2,0.0,0.4,1.0,0,0.0
A_RIDGE,3,know,textual,coefficient,-0.024372593807898947,0.022204806641193377,-0.03192833874331266,0.026827709566675306,-0.05156924608077923,0.006137789396940896,5,1.0,5,0.2,0.8,0.8,0,0.0
A_RIDGE,3,helps,textual,coefficient,-0.019958282383182504,0.028561920692343427,-0.0194483414488104,0.026672986386031383,-0.05700014032993736,0.01678676000712221,5,1.0,5,0.2,0.8,0.8,0,0.0
A_RIDGE,3,yeah,textual,coefficient,-0.025757486668875413,0.023683106933681423,-0.022718617477432153,0.026369805029409436,-0.05415811690832284,0.0015307959013350573,5,1.0,5,0.2,0.8,0.8,0,0.0
A_RIDGE,3,end,textual,coefficient,-0.020864695458637388,0.02092959529234311,-0.02773981834652891,0.026337982635350865,-0.03887390105425795,0.013683217941783685,5,1.0,5,0.2,0.8,0.8,0,0.0
A_RIDGE,3,harder,textual,coefficient,-0.02589266819832482,0.029126665182579812,-0.00873975351999855,0.026328116425874924,-0.06231989280829662,0.0010886205688752709,5,1.0,5,0.2,0.8,0.8,0,0.0
A_RIDGE,3,affect,textual,coefficient,0.026187981806379535,0.024506557049379013,0.03534284989463969,0.026187981806379535,0.0,0.050330466830190546,3,0.6,3,0.6,0.0,1.0,0,0.0
A_RIDGE,3,great,textual,coefficient,-0.020628107470776168,0.03490934589176922,-0.0051607374244005385,0.02605890921304459,-0.07389623446119273,0.008283676094943817,5,1.0,5,0.4,0.6,0.6,0,0.0
A_RIDGE,3,does,textual,coefficient,0.016827865267244006,0.031136146729438388,0.016945940325673304,0.026047239578798148,-0.015778181698785473,0.06291076859963972,5,1.0,5,0.6,0.4,0.6,0,0.0
A_RIDGE,3,sensory,textual,coefficient,0.003622403350344558,0.03646748265252103,0.011933965433707654,0.025864850563955,-0.05560611803402611,0.04189245987786713,4,0.8,4,0.6,0.2,0.75,0,0.0
A_RIDGE,3,finally,textual,coefficient,0.021787452207666494,0.02601964783521632,0.028486656323499147,0.025746583822452967,-0.00989782903696619,0.05190761548067764,4,0.8,4,0.6,0.2,0.75,0,0.0
A_RIDGE,3,short,textual,coefficient,0.020900231868305707,0.028072076502740028,0.018069813398143418,0.025625747362157968,-0.011813788734630655,0.053819767195652506,4,0.8,4,0.6,0.2,0.75,0,0.0
A_RIDGE,3,support,textual,coefficient,-0.025521138966023017,0.010145911769211619,-0.02977680893023441,0.025521138966023017,-0.03598051511923111,-0.013153112013408831,5,1.0,5,0.0,1.0,1.0,0,0.0
A_RIDGE,3,mind,textual,coefficient,-0.013393544318908273,0.029571363004356352,-0.021295961681978694,0.025441594802110314,-0.05162758580369658,0.025976728707085898,5,1.0,5,0.4,0.6,0.6,0,0.0
A_RIDGE,3,ways,textual,coefficient,0.01404025022705133,0.03402981550785505,0.0030532551531580964,0.02541937650943856,-0.02800496981560825,0.05908241040004969,5,1.0,5,0.6,0.4,0.6,0,0.0
A_RIDGE,3,tell,textual,coefficient,-0.010817037030418053,0.034614910359978546,-0.007380537949815193,0.025343047009756835,-0.05976411939895784,0.034761366955257965,5,1.0,5,0.4,0.6,0.6,0,0.0
A_RIDGE,3,10,textual,coefficient,0.025202080351947376,0.014616044559210228,0.02766806215185874,0.025202080351947376,0.001661885790822405,0.03772498407828633,5,1.0,5,1.0,0.0,1.0,0,0.0
A_RIDGE,3,best,textual,coefficient,-0.02449893641008713,0.02995351056545437,-0.006608098343558999,0.025184783122099385,-0.061769576249729355,0.0017146167800306414,5,1.0,5,0.2,0.8,0.8,0,0.0
A_RIDGE,3,diagnosed adhd,textual,coefficient,-0.025183949991538133,0.02357435069680711,-0.033522355778389135,0.025183949991538133,-0.047139219946936775,0.0,3,0.6,3,0.0,0.6,1.0,0,0.0
A_RIDGE,3,physical,textual,coefficient,0.008063419501500774,0.03985415037587579,-0.0021998196364979594,0.025027721593255038,-0.024305078452820414,0.07606252672493068,5,1.0,5,0.4,0.6,0.6,0,0.0
A_RIDGE,3,eating,textual,coefficient,-0.024732437038474935,0.025585738053918946,-0.010113647478223312,0.024732437038474935,-0.06494711326379132,-0.005180751559420538,5,1.0,5,0.0,1.0,1.0,0,0.0
A_RIDGE,3,difference,textual,coefficient,0.004238908985494389,0.032981317588586044,0.014020902414081934,0.024656884644311962,-0.05104493914704394,0.037160452530964824,5,1.0,5,0.8,0.2,0.8,0,0.0
A_RIDGE,3,energy,textual,coefficient,-0.02134542516787692,0.03542299555630466,-0.0045004619045448556,0.024619066913192555,-0.0789885585119617,0.008184104363289096,5,1.0,5,0.2,0.8,0.8,0,0.0
A_RIDGE,3,type,textual,coefficient,0.0012594649930447043,0.03446068541991013,0.011458381003017114,0.024606697539038568,-0.05608281540921199,0.032116847714937564,5,1.0,5,0.6,0.4,0.6,0,0.0
A_RIDGE,3,function,textual,coefficient,-0.01845901564500977,0.04310172906131445,-0.003580585072392329,0.024603235942007654,-0.09437475250852868,0.008950919334947046,5,1.0,5,0.4,0.6,0.6,0,0.0
A_RIDGE,3,saying,textual,coefficient,-0.017224129993156694,0.030696969148591154,-0.01645265574003975,0.024521513067280728,-0.06574213792280265,0.010111676648208823,5,1.0,5,0.4,0.6,0.6,0,0.0
A_RIDGE,3,yes,textual,coefficient,0.005593981415515708,0.03776425207611102,0.0021710802146733487,0.024358033692817894,-0.030166468072642,0.06815575392686098,5,1.0,5,0.6,0.4,0.6,0,0.0
A_RIDGE,3,fast,textual,coefficient,-0.00876262111205609,0.03008474000680408,-0.012546008667776954,0.024357116966281157,-0.05082032529685731,0.02744833213838819,5,1.0,5,0.4,0.6,0.6,0,0.0
A_RIDGE,3,feels,textual,coefficient,-0.021800703405812753,0.022975922547386184,-0.027847676269748527,0.024221973112768826,-0.04478303708398888,0.006053174267390186,5,1.0,5,0.2,0.8,0.8,0,0.0
A_RIDGE,3,study,textual,coefficient,-0.011416315327190585,0.02900739097822895,-0.006627960309149999,0.023896373381264185,-0.045484113541489506,0.02300526676723297,5,1.0,5,0.4,0.6,0.6,0,0.0
A_RIDGE,3,impact,textual,coefficient,-0.023739691146463453,0.02395069679849597,-0.023687837434144342,0.023739691146463453,-0.05185190265287257,0.0,3,0.6,3,0.0,0.6,1.0,0,0.0
A_RIDGE,3,hyperactive,textual,coefficient,-0.002171916577977052,0.028893814419533224,-0.016721029663059817,0.023610963797001772,-0.024145033579695472,0.04272875829357687,5,1.0,5,0.4,0.6,0.6,0,0.0
A_RIDGE,3,overwhelmed,textual,coefficient,0.023197201884332847,0.017181684813977617,0.01975341808943132,0.023197201884332847,0.0,0.04357213601377435,4,0.8,4,0.8,0.0,1.0,0,0.0
A_RIDGE,3,add,textual,coefficient,0.013206970367951099,0.02830435366231376,0.018029716127693204,0.023133802241103323,-0.02478649097487198,0.05199454144600123,5,1.0,5,0.6,0.4,0.6,0,0.0
A_RIDGE,3,constantly,textual,coefficient,-0.00182740889286094,0.027111223545776834,0.008673116792250985,0.02289245861156628,-0.03151567921645536,0.023345954247250226,5,1.0,5,0.6,0.4,0.6,0,0.0
A_RIDGE,3,adhders,textual,coefficient,0.0227754547709977,0.023858360445347948,0.019973813988077033,0.0227754547709977,0.0,0.052546773274251064,3,0.6,3,0.6,0.0,1.0,0,0.0
A_RIDGE,3,treatment,textual,coefficient,-0.022581869908650846,0.02703521707249784,-0.010561447219670785,0.022581869908650846,-0.059055111263315044,0.0,3,0.6,3,0.0,0.6,1.0,0,0.0
A_RIDGE,3,chronic,textual,coefficient,-0.022438319418667252,0.05017360752099354,0.0,0.022438319418667252,-0.11219159709333626,0.0,1,0.2,1,0.0,0.2,1.0,0,0.0
A_RIDGE,3,executive,textual,coefficient,-0.004234463143327909,0.028360525240327582,-0.011269106686482375,0.022195299557704724,-0.03869446570586748,0.03685622935805669,5,1.0,5,0.4,0.6,0.6,0,0.0
A_RIDGE,3,everybody,textual,coefficient,-0.008530249062081073,0.02572855045646493,-0.0072456384616213015,0.021686157548352326,-0.04038132625490674,0.018499803989552116,5,1.0,5,0.4,0.6,0.6,0,0.0
A_RIDGE,3,stay,textual,coefficient,-0.004796203728277442,0.02571565011514675,-0.01789489445808623,0.021667741690734488,-0.026412496045780425,0.03478780269358964,5,1.0,5,0.4,0.6,0.6,0,0.0
A_RIDGE,3,inattentive,textual,coefficient,0.021604117229530012,0.01715452984760996,0.02357633406554064,0.021604117229530012,0.0,0.04168220991788057,4,0.8,4,0.8,0.0,1.0,0,0.0
A_RIDGE,3,adult,textual,coefficient,-0.013631948595150017,0.028941117431122577,0.0,0.02158166215568271,-0.046198884248654856,0.019874283901331745,3,0.6,3,0.2,0.4,0.6666666666666666,0,0.0
A_RIDGE,3,sensitivity,textual,coefficient,-0.02142815554863612,0.04791481243918967,0.0,0.02142815554863612,-0.1071407777431806,0.0,1,0.2,1,0.0,0.2,1.0,0,0.0
A_RIDGE,3,feel,textual,coefficient,0.0032851711924252853,0.036597151019090154,-0.0011595766006210894,0.021371754375081074,-0.04115592044134583,0.06088700292743012,5,1.0,5,0.4,0.6,0.6,0,0.0
A_RIDGE,3,foods,textual,coefficient,-0.014644239382844263,0.025195445260093523,-0.009530650320972656,0.021352158617214255,-0.04135214083260457,0.01676979808592498,4,0.8,4,0.2,0.6,0.75,0,0.0
A_RIDGE,3,social,textual,coefficient,-0.01689044473756282,0.028108314380524,-0.0068050576858302595,0.02125519851496826,-0.06261489594737497,0.010911884443513592,5,1.0,5,0.2,0.8,0.8,0,0.0
A_RIDGE,3,diet,textual,coefficient,0.021026463393549376,0.015417199232267857,0.020345389567339677,0.021026463393549376,0.0,0.03977784911848217,4,0.8,4,0.8,0.0,1.0,0,0.0
A_RIDGE,3,create,textual,coefficient,0.020990432326685064,0.016988443236690538,0.016485503617017182,0.020990432326685064,0.0,0.0454014545477841,4,0.8,4,0.8,0.0,1.0,0,0.0
A_RIDGE,3,risk,textual,coefficient,-0.020983782902292497,0.04692116499462385,0.0,0.020983782902292497,-0.10491891451146249,0.0,1,0.2,1,0.0,0.2,1.0,0,0.0
A_RIDGE,3,difficult,textual,coefficient,0.020391358135717012,0.04559646294500662,0.0,0.020391358135717012,0.0,0.10195679067858507,1,0.2,1,0.2,0.0,1.0,0,0.0
A_RIDGE,3,okay,textual,coefficient,-0.009778708080925584,0.022312418337730608,-0.014664223905114453,0.020360223163899804,-0.03326846906144662,0.01803301226380581,5,1.0,5,0.4,0.6,0.6,0,0.0
A_RIDGE,3,meds,textual,coefficient,0.020214059974285513,0.02033407608360079,0.023662560936306955,0.020214059974285513,0.0,0.04710160399320432,3,0.6,3,0.6,0.0,1.0,0,0.0
A_RIDGE,3,adhd people,textual,coefficient,-0.012892410968707654,0.022223825329391426,-0.014009802551175097,0.0201710430388417,-0.04434973010465466,0.018196580175335108,5,1.0,5,0.2,0.8,0.8,0,0.0
A_RIDGE,3,somebody,textual,coefficient,0.01997633813265955,0.02268048499397311,0.011594355174611212,0.01997633813265955,0.0,0.055065213698645234,4,0.8,4,0.8,0.0,1.0,0,0.0
A_RIDGE,3,struggling,textual,coefficient,0.010377894360083066,0.023984836356058022,0.014040956646807665,0.01984842884870599,-0.023676336221557317,0.04292965004277233,5,1.0,5,0.8,0.2,0.8,0,0.0
A_RIDGE,3,state,textual,coefficient,0.011780041737140727,0.023286575716465426,0.009701310330724838,0.019819635782722528,-0.0200989851139545,0.042337519176272535,5,1.0,5,0.8,0.2,0.8,0,0.0
A_RIDGE,3,attention deficit,textual,coefficient,0.01438411601744086,0.02283587705813158,0.010486394319068431,0.01959509104853408,-0.013027437577733055,0.04308221410161113,4,0.8,4,0.6,0.2,0.75,0,0.0
A_RIDGE,3,aren,textual,coefficient,-0.019383284700031433,0.02717712127475271,0.0,0.019383284700031433,-0.056720951607774725,0.0,2,0.4,2,0.0,0.4,1.0,0,0.0
A_RIDGE,3,condition,textual,coefficient,0.009012336531561074,0.028075527174957537,0.007490048059462903,0.019360784355540738,-0.01892193517569801,0.055003653723304256,5,1.0,5,0.6,0.4,0.6,0,0.0
A_RIDGE,3,absolutely,textual,coefficient,-0.019341511056367083,0.027448294481389447,0.0,0.019341511056367083,-0.0585501030861828,0.0,2,0.4,2,0.0,0.4,1.0,0,0.0
A_RIDGE,3,patients,textual,coefficient,0.00819903793196754,0.020586709565593424,0.014694379163419334,0.019320235143693486,-0.027802993029314868,0.022003805817065104,5,1.0,5,0.8,0.2,0.8,0,0.0
A_RIDGE,3,follow,textual,coefficient,-0.014068163781610146,0.02088239946230899,-0.011915728305558137,0.01923240131545435,-0.043603030464729596,0.012910593834610514,5,1.0,5,0.2,0.8,0.8,0,0.0
A_RIDGE,3,need,textual,coefficient,-0.019037206353896767,0.012637309129893533,-0.02347085273315627,0.019037206353896767,-0.03399137480471223,-0.005257565982023315,5,1.0,5,0.0,1.0,1.0,0,0.0
A_RIDGE,3,mean,textual,coefficient,-0.009147672185986288,0.024161432845224786,-0.005564524094593695,0.018971050304636153,-0.04433880703759098,0.016703739492789412,5,1.0,5,0.4,0.6,0.6,0,0.0
A_RIDGE,3,job,textual,coefficient,-0.008021753250377498,0.02732565163983286,-0.002409584996144346,0.018931955037450467,-0.04745219234252183,0.027275504467682427,4,0.8,4,0.2,0.6,0.75,0,0.0
A_RIDGE,3,difficulty,textual,coefficient,-0.018870201925352093,0.027123132042207142,-0.007044831168321698,0.018870201925352093,-0.06721937751421697,-0.0033923794307752016,5,1.0,5,0.0,1.0,1.0,0,0.0
A_RIDGE,3,prefrontal cortex,textual,coefficient,0.01864313371556412,0.0416873143016196,0.0,0.01864313371556412,0.0,0.09321566857782061,1,0.2,1,0.2,0.0,1.0,0,0.0
A_RIDGE,3,didn,textual,coefficient,-0.004990841821827421,0.025414474409804554,-0.002018393906719609,0.01859470620728017,-0.0364512340044487,0.030734646448176636,5,1.0,5,0.4,0.6,0.6,0,0.0
A_RIDGE,3,higher,textual,coefficient,0.009965762647987134,0.024492223949098276,-0.0027249491014455767,0.01849003521191856,-0.011736613729223107,0.04488534009757892,5,1.0,5,0.4,0.6,0.6,0,0.0
A_RIDGE,3,thinking,textual,coefficient,-0.018261887466246598,0.019089450780322762,-0.021688459780255766,0.018261887466246598,-0.045561806097336316,0.0,3,0.6,3,0.0,0.6,1.0,0,0.0
A_RIDGE,3,hours,textual,coefficient,-0.0056777466026800266,0.026028689302825047,-0.0058830171415706276,0.01810928548671342,-0.0431178099471908,0.029412040179539613,5,1.0,5,0.4,0.6,0.6,0,0.0
A_RIDGE,3,health,textual,coefficient,0.012681392894879873,0.015980029521840935,0.016315740213721088,0.01791324986140296,-0.013079642416307708,0.029673038566303885,5,1.0,5,0.8,0.2,0.8,0,0.0
A_RIDGE,3,know adhd,textual,coefficient,0.017446932041458807,0.023606510083001284,0.005571609179000727,0.017446932041458807,0.0,0.05471634962220492,3,0.6,3,0.6,0.0,1.0,0,0.0
A_RIDGE,3,phone,textual,coefficient,-0.017298535077629094,0.019991768189057887,-0.0057248015825213374,0.017298535077629094,-0.04361215561350465,0.0,4,0.8,4,0.0,0.8,1.0,0,0.0
A_RIDGE,3,order,textual,coefficient,-0.01720132929752682,0.021023218632092843,-0.006456496103739007,0.01720132929752682,-0.04433204675391256,0.0,3,0.6,3,0.0,0.6,1.0,0,0.0
A_RIDGE,3,world,textual,coefficient,0.001892554003619009,0.023042942431210744,-0.0006080300836226218,0.01708294915453494,-0.02417099475136168,0.03507352334773529,5,1.0,5,0.4,0.6,0.6,0,0.0
A_RIDGE,3,thought,textual,coefficient,-0.016957180830580572,0.01689176106009845,-0.018935313705422997,0.016957180830580572,-0.04284090982826203,0.0,4,0.8,4,0.0,0.8,1.0,0,0.0
A_RIDGE,3,try,textual,coefficient,-0.0062639003290866245,0.023203309710842213,0.00047925915410715374,0.016785468106262892,-0.03849760708715196,0.022083148573352845,5,1.0,5,0.6,0.4,0.6,0,0.0
A_RIDGE,3,attention,textual,coefficient,-0.015852104808157724,0.017832605823134656,-0.010223475893772007,0.016574853690043828,-0.04351930633339045,0.0018068722047152614,5,1.0,5,0.2,0.8,0.8,0,0.0
A_RIDGE,3,constant,textual,coefficient,-0.01652832790958405,0.011569855035241822,-0.021283888249996094,0.01652832790958405,-0.02877337235403435,0.0,4,0.8,4,0.0,0.8,1.0,0,0.0
A_RIDGE,3,strategies,textual,coefficient,-0.01649987174098642,0.02334056590448226,0.0,0.01649987174098642,-0.04953475059381342,0.0,2,0.4,2,0.0,0.4,1.0,0,0.0
A_RIDGE,3,tend,textual,coefficient,-0.011918818723635049,0.017700671802958798,-0.015009115652178764,0.01642595237564761,-0.03532318306084119,0.0073069087588239325,5,1.0,5,0.4,0.6,0.6,0,0.0
A_RIDGE,3,brains,textual,coefficient,-0.012817139218088466,0.02728980024053814,-0.0028706812449697332,0.016391095038637955,-0.06047028992347227,0.00542144716389686,5,1.0,5,0.4,0.6,0.6,0,0.0
A_RIDGE,3,lots,textual,coefficient,-0.016182076665481937,0.03618422344113074,0.0,0.016182076665481937,-0.08091038332740969,0.0,1,0.2,1,0.0,0.2,1.0,0,0.0
A_RIDGE,3,small,textual,coefficient,-0.01595401606261236,0.01055231618693245,-0.019718324161200222,0.01595401606261236,-0.025646187885695917,-0.0027387779690856407,5,1.0,5,0.0,1.0,1.0,0,0.0
A_RIDGE,3,long,textual,coefficient,-0.005365894622241532,0.02217135719174872,0.0033807555899820186,0.015806361913254137,-0.04026969600231788,0.016780280482521743,5,1.0,5,0.6,0.4,0.6,0,0.0
A_RIDGE,3,second,textual,coefficient,0.0005021133681766737,0.023571671299070215,0.004583328560431169,0.015462793630906062,-0.037401700656823474,0.02766519760168479,5,1.0,5,0.8,0.2,0.8,0,0.0
A_RIDGE,3,uh,textual,coefficient,0.01248854383357027,0.015068716656750861,0.020657296699936486,0.01540702538111311,-0.007296203868857097,0.025886547608089425,4,0.8,4,0.6,0.2,0.75,0,0.0
A_RIDGE,3,therapy,textual,coefficient,0.015300876368078387,0.01632726481683016,0.016549721960901265,0.015300876368078387,0.0,0.03908030956555623,3,0.6,3,0.6,0.0,1.0,0,0.0
A_RIDGE,3,open,textual,coefficient,-0.015015512151390329,0.021002214717457026,0.0,0.015015512151390329,-0.04359600967034453,0.0,2,0.4,2,0.0,0.4,1.0,0,0.0
A_RIDGE,3,avoid,textual,coefficient,-0.014774019561307656,0.014160978291894716,-0.008590733991035023,0.014774019561307656,-0.03468549390448667,0.0,4,0.8,4,0.0,0.8,1.0,0,0.0
A_RIDGE,3,things like,textual,coefficient,-0.011480744081006484,0.014264081442777164,-0.018853964649848898,0.014526294973273063,-0.026265332930983702,0.007613877230666447,5,1.0,5,0.2,0.8,0.8,0,0.0
A_RIDGE,3,new,textual,coefficient,0.00836164865152561,0.020928366408484084,0.005861606610248971,0.01418589918942984,-0.014502119923706236,0.042303657568690714,5,1.0,5,0.6,0.4,0.6,0,0.0
A_RIDGE,3,times,textual,coefficient,-0.014002065286078478,0.013754275382805551,-0.0056220555939029,0.014002065286078478,-0.029098104510635932,-0.0011037579278862088,5,1.0,5,0.0,1.0,1.0,0,0.0
A_RIDGE,3,sort,textual,coefficient,0.013031005155312664,0.019535427662023635,0.0,0.013031005155312664,0.0,0.04382425731876562,2,0.4,2,0.4,0.0,1.0,0,0.0
A_RIDGE,3,starting,textual,coefficient,0.01299732581806988,0.029062904054917318,0.0,0.01299732581806988,0.0,0.0649866290903494,1,0.2,1,0.2,0.0,1.0,0,0.0
A_RIDGE,3,exercise,textual,coefficient,-0.001483207716692839,0.017112252514552215,0.0,0.012962756467652112,-0.02071766905113972,0.021567704175679187,4,0.8,4,0.4,0.4,0.5,0,0.0
A_RIDGE,3,let,textual,coefficient,-0.012438289053981979,0.011745231895326539,-0.009228585355539881,0.012438289053981979,-0.03301838909829165,-0.004049367103986208,5,1.0,5,0.0,1.0,1.0,0,0.0
A_RIDGE,3,completely,textual,coefficient,-0.010573448962885822,0.020466544567881273,-0.0019420062628076908,0.012293807554493885,-0.046150526982446774,0.0043008964790201545,4,0.8,4,0.2,0.6,0.75,0,0.0
A_RIDGE,3,come,textual,coefficient,-0.004841671877536143,0.01261112201068579,-0.010365441121473336,0.011718786004454907,-0.01818458118807303,0.009669212165415832,5,1.0,5,0.4,0.6,0.6,0,0.0
A_RIDGE,3,body,textual,coefficient,-0.0008986405363492215,0.014080881816577576,0.004723524825779106,0.011676363572390233,-0.01982197289749643,0.011331871453631055,5,1.0,5,0.6,0.4,0.6,0,0.0
A_RIDGE,3,days,textual,coefficient,-0.011412607096579711,0.02551936526844874,0.0,0.011412607096579711,-0.05706303548289855,0.0,1,0.2,1,0.0,0.2,1.0,0,0.0
A_RIDGE,3,adhd medication,textual,coefficient,-0.010228471524335552,0.011713578689773544,-0.010815019609888649,0.011370922383466538,-0.024276123429148352,0.0028561271478274633,4,0.8,4,0.2,0.6,0.75,0,0.0
A_RIDGE,3,highly,textual,coefficient,0.001625750846954563,0.017714574073866944,-0.0051506313370141815,0.011338750754772847,-0.011616212660015406,0.032411254004318525,4,0.8,4,0.2,0.6,0.75,0,0.0
A_RIDGE,3,focused,textual,coefficient,0.011159307417443672,0.024952969967221673,0.0,0.011159307417443672,0.0,0.05579653708721836,1,0.2,1,0.2,0.0,1.0,0,0.0
A_RIDGE,3,pay attention,textual,coefficient,0.010145966295508676,0.020722163168389384,0.0,0.010145966295508676,0.0,0.04710862109213119,2,0.4,2,0.4,0.0,1.0,0,0.0
A_RIDGE,3,dr,textual,coefficient,-0.0018794156538606108,0.017252242693767884,0.0,0.010095900460736457,-0.02993829028649267,0.01737513298133135,3,0.6,3,0.4,0.2,0.6666666666666666,0,0.0
A_RIDGE,3,shows,textual,coefficient,-0.010065394780537857,0.022506906949654223,0.0,0.010065394780537857,-0.05032697390268928,0.0,1,0.2,1,0.0,0.2,1.0,0,0.0
A_RIDGE,3,ask,textual,coefficient,0.002035741419972969,0.013505200817136513,0.0,0.010059166484679938,-0.01680029940412272,0.015486351651281243,4,0.8,4,0.4,0.4,0.5,0,0.0
A_RIDGE,3,little bit,textual,coefficient,-0.004514115951638218,0.014002886656221054,0.0010246495034705498,0.010026323111466085,-0.02649987392281939,0.00788020415990889,5,1.0,5,0.6,0.4,0.6,0,0.0
A_RIDGE,3,adhd brain,textual,coefficient,-0.009070898613611355,0.011959374209015616,-0.0019415433607645114,0.00982472060944112,-0.024080893900214156,0.0018845549895744064,5,1.0,5,0.2,0.8,0.8,0,0.0
A_RIDGE,3,hyperfocus,textual,coefficient,-0.009788595863308724,0.021887965754631547,0.0,0.009788595863308724,-0.048942979316543615,0.0,1,0.2,1,0.0,0.2,1.0,0,0.0
A_RIDGE,3,sign,textual,coefficient,-0.00952462854584066,0.021297716888934688,0.0,0.00952462854584066,-0.047623142729203295,0.0,1,0.2,1,0.0,0.2,1.0,0,0.0
A_RIDGE,3,using,textual,coefficient,0.005893411902703476,0.015090537183711113,-0.0017010523677348927,0.009466443510917973,-0.004121033510646349,0.0318042031379758,5,1.0,5,0.4,0.6,0.6,0,0.0
A_RIDGE,3,seven,textual,coefficient,-0.002409567690395573,0.01374359193324435,0.0,0.009276872222113736,-0.023464539092499476,0.013757896965302071,4,0.8,4,0.4,0.4,0.5,0,0.0
A_RIDGE,3,coming,textual,coefficient,0.009271089082473403,0.020730785413866682,0.0,0.009271089082473403,0.0,0.04635544541236701,1,0.2,1,0.2,0.0,1.0,0,0.0
A_RIDGE,3,typically,textual,coefficient,0.00889928241155607,0.019899400423207633,0.0,0.00889928241155607,0.0,0.04449641205778035,1,0.2,1,0.2,0.0,1.0,0,0.0
A_RIDGE,3,30,textual,coefficient,0.00869479344748688,0.019442149198900412,0.0,0.00869479344748688,0.0,0.0434739672374344,1,0.2,1,0.2,0.0,1.0,0,0.0
A_RIDGE,3,consequences,textual,coefficient,0.006662396105380354,0.016539220619313292,0.0,0.00780398288460382,-0.0028539669480586653,0.036165947474960436,2,0.4,2,0.2,0.2,0.5,0,0.0
A_RIDGE,3,adhd just,textual,coefficient,-0.007480489069082689,0.016726882063413013,0.0,0.007480489069082689,-0.03740244534541345,0.0,1,0.2,1,0.0,0.2,1.0,0,0.0
A_RIDGE,3,long term,textual,coefficient,-0.00016297822320642913,0.010690571006740077,0.0,0.0069760148768326395,-0.010912528100221731,0.017032591634065525,3,0.6,3,0.2,0.4,0.6666666666666666,0,0.0
A_RIDGE,3,wrong,textual,coefficient,0.0011532146367111658,0.009347654969871168,0.0022607203258657588,0.006912103398846847,-0.013538510414912547,0.010791604757873633,5,1.0,5,0.6,0.4,0.6,0,0.0
A_RIDGE,3,knowing,textual,coefficient,-0.006855075804112045,0.015328415488908564,0.0,0.006855075804112045,-0.03427537902056022,0.0,1,0.2,1,0.0,0.2,1.0,0,0.0
A_RIDGE,3,effective,textual,coefficient,0.006812213187933057,0.015232571765438867,0.0,0.006812213187933057,0.0,0.034061065939665285,1,0.2,1,0.2,0.0,1.0,0,0.0
A_RIDGE,3,hour,textual,coefficient,-0.006791140956154515,0.015185452822744415,0.0,0.006791140956154515,-0.033955704780772575,0.0,1,0.2,1,0.0,0.2,1.0,0,0.0
A_RIDGE,3,mood,textual,coefficient,0.0067595751700162314,0.015114869579175991,0.0,0.0067595751700162314,0.0,0.033797875850081156,1,0.2,1,0.2,0.0,1.0,0,0.0
A_RIDGE,3,gonna,textual,coefficient,-0.006460438801875716,0.006035723946275639,-0.00867810040323261,0.006460438801875716,-0.011966765615645926,0.0,3,0.6,3,0.0,0.6,1.0,0,0.0
A_RIDGE,3,functioning,textual,coefficient,-0.006150304803689561,0.00907201817990765,0.0,0.006150304803689561,-0.020145939500111853,0.0,2,0.4,2,0.0,0.4,1.0,0,0.0
A_RIDGE,3,turn,textual,coefficient,-0.006061551851380259,0.013554041988825961,0.0,0.006061551851380259,-0.030307759256901295,0.0,1,0.2,1,0.0,0.2,1.0,0,0.0
A_RIDGE,3,shame,textual,coefficient,0.005048364221709029,0.011288485574919209,0.0,0.005048364221709029,0.0,0.025241821108545146,1,0.2,1,0.2,0.0,1.0,0,0.0
A_RIDGE,3,addiction,textual,coefficient,-0.004993328880589761,0.007948672784934009,0.0,0.004993328880589761,-0.018215930523382235,0.0,2,0.4,2,0.0,0.4,1.0,0,0.0
A_RIDGE,3,don know,textual,coefficient,-0.0030394969469170934,0.006603902817328509,0.0,0.00491147259707445,-0.010892474572318067,0.0046107191102408105,4,0.8,4,0.4,0.4,0.5,0,0.0
A_RIDGE,3,comments,textual,coefficient,0.004841449157520859,0.010825809425825728,0.0,0.004841449157520859,0.0,0.024207245787604293,1,0.2,1,0.2,0.0,1.0,0,0.0
A_RIDGE,3,manage,textual,coefficient,-0.004747236694669929,0.007168753283766079,-0.0004456928215152802,0.004747236694669929,-0.01648380173549788,0.0,3,0.6,3,0.0,0.6,1.0,0,0.0
A_RIDGE,3,family,textual,coefficient,-0.0031192006655243595,0.007755579832864843,0.0,0.0036619719085454762,-0.01695293143517459,0.0013569281075527923,2,0.4,2,0.2,0.2,0.5,0,0.0
A_RIDGE,3,interesting,textual,coefficient,0.0036160665752252167,0.006324452482331531,0.0,0.0036160665752252167,0.0,0.014604574121348843,2,0.4,2,0.4,0.0,1.0,0,0.0
A_RIDGE,3,shown,textual,coefficient,0.0036158871702709054,0.008085369511695101,0.0,0.0036158871702709054,0.0,0.018079435851354526,1,0.2,1,0.2,0.0,1.0,0,0.0
A_RIDGE,3,definitely,textual,coefficient,-0.003530954493521611,0.007895454272972663,0.0,0.003530954493521611,-0.017654772467608056,0.0,1,0.2,1,0.0,0.2,1.0,0,0.0
A_RIDGE,3,lead,textual,coefficient,-0.003437046224814407,0.007685469000494038,0.0,0.003437046224814407,-0.017185231124072036,0.0,1,0.2,1,0.0,0.2,1.0,0,0.0
A_RIDGE,3,caffeine,textual,coefficient,0.0016212045827306162,0.006009200587911059,0.00030968779678705545,0.0034163199696758254,-0.004487788467363024,0.01170522143132832,4,0.8,4,0.6,0.2,0.75,0,0.0
A_RIDGE,3,told,textual,coefficient,-0.00047046873995824825,0.005555935891621731,0.0,0.0031217128408956253,-0.008980453952134685,0.0066281102523434434,2,0.4,2,0.2,0.2,0.5,0,0.0
A_RIDGE,3,said,textual,coefficient,0.0030985403686189855,0.0052838702201031635,0.0,0.0030985403686189855,0.0,0.012200000823137234,2,0.4,2,0.4,0.0,1.0,0,0.0
A_RIDGE,3,let talk,textual,coefficient,-0.0017954138966480547,0.004014667520652832,0.0,0.0017954138966480547,-0.008977069483240273,0.0,1,0.2,1,0.0,0.2,1.0,0,0.0
A_RIDGE,3,effects,textual,coefficient,-0.001525788216601294,0.003411766171588666,0.0,0.001525788216601294,-0.00762894108300647,0.0,1,0.2,1,0.0,0.2,1.0,0,0.0
A_RIDGE,3,listen,textual,coefficient,0.0014775397905255408,0.0033038794110759086,0.0,0.0014775397905255408,0.0,0.007387698952627704,1,0.2,1,0.2,0.0,1.0,0,0.0
A_RIDGE,3,basically,textual,coefficient,-0.0011361270808982074,0.0025404573839667944,0.0,0.0011361270808982074,-0.005680635404491037,0.0,1,0.2,1,0.0,0.2,1.0,0,0.0
A_RIDGE,3,home,textual,coefficient,-0.0007977386124734519,0.001783797765767,0.0,0.0007977386124734519,-0.0039886930623672595,0.0,1,0.2,1,0.0,0.2,1.0,0,0.0
A_RIDGE,3,half,textual,coefficient,0.0003174862688582025,0.0007099208790897153,0.0,0.0003174862688582025,0.0,0.0015874313442910124,1,0.2,1,0.2,0.0,1.0,0,0.0
A_RIDGE,3,present,textual,coefficient,-0.00027653861218867465,0.0006183591352573284,0.0,0.00027653861218867465,-0.0013826930609433731,0.0,1,0.2,1,0.0,0.2,1.0,0,0.0
A_RIDGE,3,share,textual,coefficient,0.00022864108824451802,0.0005112570157642703,0.0,0.00022864108824451802,0.0,0.0011432054412225902,1,0.2,1,0.2,0.0,1.0,0,0.0
A_RIDGE,3,running,textual,coefficient,8.680094723356868e-05,0.0001940928185256319,0.0,8.680094723356868e-05,0.0,0.00043400473616784336,1,0.2,1,0.2,0.0,1.0,0,0.0
A_RIDGE,4,symptoms,textual,coefficient,-0.2804218558354784,0.04535797773613064,-0.2742899177881915,0.2804218558354784,-0.35562576000201,-0.23326714512882224,5,1.0,5,0.0,1.0,1.0,5,1.0
A_RIDGE,4,hyperactivity,textual,coefficient,-0.19660599814108357,0.01721742666554063,-0.19950702038260218,0.19660599814108357,-0.21840764944817526,-0.17804425452113745,5,1.0,5,0.0,1.0,1.0,5,1.0
A_RIDGE,4,signs,textual,coefficient,-0.17766101286688302,0.02251222320327811,-0.18529795129918197,0.17766101286688302,-0.20002679982645888,-0.15353772270826654,5,1.0,5,0.0,1.0,1.0,4,0.8
A_RIDGE,4,say,textual,coefficient,0.17724920499837576,0.025538502884689097,0.18294050136249942,0.17724920499837576,0.14001502707760358,0.20104548237075792,5,1.0,5,1.0,0.0,1.0,4,0.8
A_RIDGE,4,diagnosis,textual,coefficient,-0.1733059595245711,0.019796131742971318,-0.18213876865910436,0.1733059595245711,-0.19372603046224185,-0.14634065625457296,5,1.0,5,0.0,1.0,1.0,4,0.8
A_RIDGE,4,going,textual,coefficient,0.16806221896980214,0.04405040301968707,0.17044318332349598,0.16806221896980214,0.09730653589475577,0.21089061352221103,5,1.0,5,1.0,0.0,1.0,4,0.8
A_RIDGE,4,need,textual,coefficient,0.156888128764758,0.03635872677286175,0.15579011249935046,0.156888128764758,0.10211001444883645,0.19375231503714854,5,1.0,5,1.0,0.0,1.0,4,0.8
A_RIDGE,4,thought,textual,coefficient,0.1566867526003373,0.09134950319331794,0.18445181919448986,0.1566867526003373,0.0,0.22440282660812616,4,0.8,4,0.8,0.0,1.0,4,0.8
A_RIDGE,4,brain,textual,coefficient,0.15506946480614942,0.035683473532187364,0.16929030972881973,0.15506946480614942,0.09393162866298793,0.1851135325205522,5,1.0,5,1.0,0.0,1.0,4,0.8
A_RIDGE,4,ve,textual,coefficient,0.1603961223311584,0.04924633731712101,0.17257447701847112,0.1603961223311584,0.10081473926581697,0.21694646711934587,5,1.0,5,1.0,0.0,1.0,3,0.6
A_RIDGE,4,actually,textual,coefficient,0.15911253358940408,0.04107021816271252,0.1722639547549883,0.15911253358940408,0.10999481902163966,0.19654397788291414,5,1.0,5,1.0,0.0,1.0,3,0.6
A_RIDGE,4,worse,textual,coefficient,0.158357422604221,0.011176834757932946,0.1583182795913347,0.158357422604221,0.14720593760788056,0.17265470275594766,5,1.0,5,1.0,0.0,1.0,3,0.6
A_RIDGE,4,fucking,textual,coefficient,0.11483373226647524,0.10732201747500357,0.16702645107557923,0.11483373226647524,0.0,0.2283275893857066,3,0.6,3,0.6,0.0,1.0,3,0.6
A_RIDGE,4,life,textual,coefficient,0.15536836660381992,0.04163705571501804,0.1358168061648392,0.15536836660381992,0.1110810929539043,0.20048286110232125,5,1.0,5,1.0,0.0,1.0,2,0.4
A_RIDGE,4,difficulty,textual,coefficient,-0.14987798466234994,0.013376810942036507,-0.14485964692826747,0.14987798466234994,-0.17204784414070132,-0.13950938084088557,5,1.0,5,0.0,1.0,1.0,2,0.4
A_RIDGE,4,like,textual,coefficient,0.14747361150359528,0.03358900015058013,0.13821797226824467,0.14747361150359528,0.1065251048070558,0.18278729400878838,5,1.0,5,1.0,0.0,1.0,2,0.4
A_RIDGE,4,number,textual,coefficient,0.1464863191053118,0.06579576436025328,0.15703477880230157,0.1464863191053118,0.062176267088651954,0.23870856281525799,5,1.0,5,1.0,0.0,1.0,2,0.4
A_RIDGE,4,brains,textual,coefficient,0.1463300418735532,0.05591358510101033,0.14698803913732286,0.1463300418735532,0.09196707508797754,0.23556631658743718,5,1.0,5,1.0,0.0,1.0,2,0.4
A_RIDGE,4,attention,textual,coefficient,-0.14481867555799316,0.03348886333972314,-0.13333319948608702,0.14481867555799316,-0.1942763597306431,-0.11085965064002254,5,1.0,5,0.0,1.0,1.0,2,0.4
A_RIDGE,4,time,textual,coefficient,-0.14464318266794904,0.06382103195959161,-0.13389849727156103,0.14464318266794904,-0.24999245376195264,-0.08603408676284646,5,1.0,5,0.0,1.0,1.0,2,0.4
A_RIDGE,4,don,textual,coefficient,0.142160233251933,0.03354914478355155,0.14268204627430936,0.142160233251933,0.09320505633754715,0.17608131691147638,5,1.0,5,1.0,0.0,1.0,2,0.4
A_RIDGE,4,adhd symptoms,textual,coefficient,-0.14137551292833542,0.02806292463865148,-0.14875776776601296,0.14137551292833542,-0.16526471812956173,-0.09589322856834105,5,1.0,5,0.0,1.0,1.0,2,0.4
A_RIDGE,4,medication,textual,coefficient,-0.13981655451951322,0.047149848218164196,-0.11628635406469644,0.13981655451951322,-0.20139147324773043,-0.09432220602185712,5,1.0,5,0.0,1.0,1.0,2,0.4
A_RIDGE,4,feels,textual,coefficient,0.13682043015291284,0.050983279534733125,0.15485508448346502,0.13682043015291284,0.05931895275545666,0.18521385037949287,5,1.0,5,1.0,0.0,1.0,2,0.4
A_RIDGE,4,stop,textual,coefficient,0.13678853685935258,0.045021613910531826,0.11245118733401549,0.13678853685935258,0.09547359922408237,0.2057342379170618,5,1.0,5,1.0,0.0,1.0,2,0.4
A_RIDGE,4,day,textual,coefficient,0.1364886692559816,0.03339347983279042,0.1450466064867797,0.1364886692559816,0.08372232529409424,0.165147432573885,5,1.0,5,1.0,0.0,1.0,2,0.4
A_RIDGE,4,issues,textual,coefficient,-0.13550355095440308,0.029901240464418596,-0.1330771883535442,0.13550355095440308,-0.17879980914432922,-0.10063911597398945,5,1.0,5,0.0,1.0,1.0,2,0.4
A_RIDGE,4,sugar,textual,coefficient,0.1334200940803837,0.06190253253860604,0.15540190074566174,0.1334200940803837,0.029132914936352602,0.17864441363929331,5,1.0,5,1.0,0.0,1.0,2,0.4
A_RIDGE,4,adhd brains,textual,coefficient,0.13222986434215103,0.029426425862864588,0.12378908296899463,0.13222986434215103,0.10092764032176563,0.16811914250354723,5,1.0,5,1.0,0.0,1.0,2,0.4
A_RIDGE,4,stress,textual,coefficient,0.12743155126287883,0.044187560194497794,0.1221188172024993,0.12743155126287883,0.06530258873133668,0.17434018221259076,5,1.0,5,1.0,0.0,1.0,2,0.4
A_RIDGE,4,diet,textual,coefficient,-0.12151288540488758,0.0731387234293896,-0.13440155358069095,0.12151288540488758,-0.18841133101472396,0.0,4,0.8,4,0.0,0.8,1.0,2,0.4
A_RIDGE,4,love,textual,coefficient,0.11661482613710264,0.04671609952379709,0.11905924241185535,0.11661482613710264,0.06670554840064456,0.16968307984627168,5,1.0,5,1.0,0.0,1.0,2,0.4
A_RIDGE,4,stimulation,textual,coefficient,0.09426674164539428,0.08814378978109728,0.12642738162463973,0.09426674164539428,0.0,0.17716133282207353,3,0.6,3,0.6,0.0,1.0,2,0.4
A_RIDGE,4,mind,textual,coefficient,0.14461213102130105,0.02219487253339627,0.13696026911929648,0.14461213102130105,0.12642101846849052,0.18300970386485338,5,1.0,5,1.0,0.0,1.0,1,0.2
A_RIDGE,4,stimulants,textual,coefficient,-0.13933995073814362,0.024140066579453234,-0.14724775313552352,0.13933995073814362,-0.16103188140898875,-0.09790046294308113,5,1.0,5,0.0,1.0,1.0,1,0.2
A_RIDGE,4,energy,textual,coefficient,0.135004194950994,0.044277073399189376,0.14836262251646165,0.135004194950994,0.05705800283072538,0.16747785146345598,5,1.0,5,1.0,0.0,1.0,1,0.2
A_RIDGE,4,dopamine,textual,coefficient,0.13341196601295807,0.05604775892031264,0.11537280686265029,0.13341196601295807,0.09009971731355317,0.2317067335766803,5,1.0,5,1.0,0.0,1.0,1,0.2
A_RIDGE,4,burnout,textual,coefficient,0.1266882235577455,0.04008669932529564,0.1086600789572397,0.1266882235577455,0.0994542151091475,0.19651251095596353,5,1.0,5,1.0,0.0,1.0,1,0.2
A_RIDGE,4,common,textual,coefficient,-0.12301936969623087,0.025541974499355045,-0.10854909546877739,0.12301936969623087,-0.15444691579481576,-0.10016682255047049,5,1.0,5,0.0,1.0,1.0,1,0.2
A_RIDGE,4,anxiety,textual,coefficient,0.11463381605492043,0.046302259614949,0.10826568403899764,0.11463381605492043,0.04796814022941725,0.16468471406315013,5,1.0,5,1.0,0.0,1.0,1,0.2
A_RIDGE,4,away,textual,coefficient,0.11407659623406192,0.06485239201340398,0.1382843662443201,0.11407659623406192,0.0,0.15926330618683518,4,0.8,4,0.8,0.0,1.0,1,0.2
A_RIDGE,4,help,textual,coefficient,0.11035532450355232,0.03297861171418249,0.08980307340741932,0.11035532450355232,0.08388427891195276,0.15896720108172638,5,1.0,5,1.0,0.0,1.0,1,0.2
A_RIDGE,4,talk,textual,coefficient,-0.10951995242770207,0.030606982296331936,-0.11382581713682864,0.10951995242770207,-0.14902895827758592,-0.06750662328409832,5,1.0,5,0.0,1.0,1.0,1,0.2
A_RIDGE,4,impulsive,textual,coefficient,-0.14350604632093633,0.017238150143154215,-0.14769577620102925,0.14350604632093633,-0.15798746138263872,-0.11369054109121049,5,1.0,5,0.0,1.0,1.0,0,0.0
A_RIDGE,4,helps,textual,coefficient,0.13196257839909517,0.009393849329226345,0.13194504421147557,0.13196257839909517,0.12214964430786122,0.1457987657030815,5,1.0,5,1.0,0.0,1.0,0,0.0
A_RIDGE,4,adults,textual,coefficient,-0.12283260062047667,0.01651891184549577,-0.13005081437147525,0.12283260062047667,-0.14236631978486375,-0.10303341478390575,5,1.0,5,0.0,1.0,1.0,0,0.0
A_RIDGE,4,sleep,textual,coefficient,-0.12266842077069437,0.009752142473111966,-0.12207351754989798,0.12266842077069437,-0.1325570406004834,-0.11126720138051323,5,1.0,5,0.0,1.0,1.0,0,0.0
A_RIDGE,4,just,textual,coefficient,0.1176453887989001,0.03635066822836356,0.13560783221255152,0.1176453887989001,0.05786815113787027,0.14563489789411374,5,1.0,5,1.0,0.0,1.0,0,0.0
A_RIDGE,4,state,textual,coefficient,0.11400631057695139,0.011596153149291894,0.11375249518041772,0.11400631057695139,0.0968192139804949,0.1272510871493469,5,1.0,5,1.0,0.0,1.0,0,0.0
A_RIDGE,4,best,textual,coefficient,0.11360734557857273,0.031913299426856646,0.11754144898081877,0.11360734557857273,0.06957328182752744,0.14699495215863767,5,1.0,5,1.0,0.0,1.0,0,0.0
A_RIDGE,4,school,textual,coefficient,-0.11274248848309318,0.020378605239985567,-0.1211559193967722,0.11274248848309318,-0.12934692746960166,-0.07760004374017425,5,1.0,5,0.0,1.0,1.0,0,0.0
A_RIDGE,4,trouble,textual,coefficient,-0.11266801290553385,0.006840588729413978,-0.11230247635251517,0.11266801290553385,-0.12317798125374599,-0.10430485486339898,5,1.0,5,0.0,1.0,1.0,0,0.0
A_RIDGE,4,hyperactive,textual,coefficient,-0.11213947384793703,0.029898099524140444,-0.12340317209802214,0.11213947384793703,-0.1428357628727124,-0.06699842325624543,5,1.0,5,0.0,1.0,1.0,0,0.0
A_RIDGE,4,nervous,textual,coefficient,0.11068079334346123,0.013867864484212993,0.11415672310554152,0.11068079334346123,0.08972411524141277,0.12450738245798983,5,1.0,5,1.0,0.0,1.0,0,0.0
A_RIDGE,4,music,textual,coefficient,-0.1095793153815698,0.015101496057150774,-0.11034042447173911,0.1095793153815698,-0.12566243429995125,-0.0881665212914531,5,1.0,5,0.0,1.0,1.0,0,0.0
A_RIDGE,4,new,textual,coefficient,0.10861389668581045,0.03903850141857432,0.1227670994606397,0.10861389668581045,0.04204999465084351,0.13906151778093737,5,1.0,5,1.0,0.0,1.0,0,0.0
A_RIDGE,4,uh,textual,coefficient,-0.10836807382561058,0.0607293394776594,-0.13287849076053204,0.10836807382561058,-0.1425795136654559,0.0,4,0.8,4,0.0,0.8,1.0,0,0.0
A_RIDGE,4,adhd,textual,coefficient,-0.10774219535160774,0.021924077710661675,-0.10204090425163748,0.10774219535160774,-0.1394754749260692,-0.08570101958461744,5,1.0,5,0.0,1.0,1.0,0,0.0
A_RIDGE,4,emotions,textual,coefficient,-0.10650326495519606,0.019996408745813914,-0.11061112991038344,0.10650326495519606,-0.12641278623457275,-0.07868557371778619,5,1.0,5,0.0,1.0,1.0,0,0.0
A_RIDGE,4,talking,textual,coefficient,-0.10309875310974988,0.03998608277505077,-0.11018724908244207,0.10309875310974988,-0.14607708953284906,-0.03832936810308025,5,1.0,5,0.0,1.0,1.0,0,0.0
A_RIDGE,4,certain,textual,coefficient,-0.10289369893444167,0.009689393639264826,-0.10664709299348221,0.10289369893444167,-0.11270996864903124,-0.0875665094356492,5,1.0,5,0.0,1.0,1.0,0,0.0
A_RIDGE,4,avoid,textual,coefficient,0.1005345625000031,0.05990319859121779,0.1281942236561689,0.1005345625000031,0.0,0.15101499847549454,4,0.8,4,0.8,0.0,1.0,0,0.0
A_RIDGE,4,neurotypical,textual,coefficient,0.10053424387939773,0.024842363731502875,0.09489412018417777,0.10053424387939773,0.0739834190201941,0.14105588209268066,5,1.0,5,1.0,0.0,1.0,0,0.0
A_RIDGE,4,activity,textual,coefficient,-0.09803814766676397,0.056611494565604506,-0.11000804216349878,0.09803814766676397,-0.13810925910495356,0.0,4,0.8,4,0.0,0.8,1.0,0,0.0
A_RIDGE,4,experience,textual,coefficient,-0.0978795544256719,0.021252781208893935,-0.10069970542090173,0.0978795544256719,-0.11792196653401849,-0.06727651098439266,5,1.0,5,0.0,1.0,1.0,0,0.0
A_RIDGE,4,sure,textual,coefficient,-0.09738143259078136,0.01858692480847492,-0.09112649760415784,0.09738143259078136,-0.12634706010758423,-0.0777376596186943,5,1.0,5,0.0,1.0,1.0,0,0.0
A_RIDGE,4,got,textual,coefficient,0.09622585019520441,0.014383123555186226,0.09582716810861225,0.09622585019520441,0.07588176414125533,0.11629098771916624,5,1.0,5,1.0,0.0,1.0,0,0.0
A_RIDGE,4,know,textual,coefficient,0.09507551208594989,0.028623443119626626,0.10440910558032558,0.09507551208594989,0.06422402830713585,0.12501437526445605,5,1.0,5,1.0,0.0,1.0,0,0.0
A_RIDGE,4,working,textual,coefficient,0.09395194159249722,0.021520341511721233,0.10653735370455746,0.09395194159249722,0.06363707154972383,0.11231488812988255,5,1.0,5,1.0,0.0,1.0,0,0.0
A_RIDGE,4,didn,textual,coefficient,0.09299709701219833,0.009749674431515426,0.09687617745023241,0.09299709701219833,0.07933029267460466,0.10357270106476464,5,1.0,5,1.0,0.0,1.0,0,0.0
A_RIDGE,4,autism,textual,coefficient,-0.09083104258636782,0.03048460890443358,-0.10519178164371172,0.09083104258636782,-0.11863458997626322,-0.04194399336095046,5,1.0,5,0.0,1.0,1.0,0,0.0
A_RIDGE,4,doctor,textual,coefficient,-0.08808237697432773,0.025421244984810295,-0.09528677611969065,0.08808237697432773,-0.11396086653114994,-0.04852573707891191,5,1.0,5,0.0,1.0,1.0,0,0.0
A_RIDGE,4,thing,textual,coefficient,0.08791807774707042,0.021551038894728956,0.09219392039594214,0.08791807774707042,0.059346823446215384,0.1149514341015021,5,1.0,5,1.0,0.0,1.0,0,0.0
A_RIDGE,4,maybe,textual,coefficient,0.08690399474459702,0.009745820521533942,0.08621734695558629,0.08690399474459702,0.07709408405907482,0.0972033926412089,5,1.0,5,1.0,0.0,1.0,0,0.0
A_RIDGE,4,means,textual,coefficient,0.08522964554206562,0.016869516021930084,0.07941714986337753,0.08522964554206562,0.06844495492781831,0.1127230119583664,5,1.0,5,1.0,0.0,1.0,0,0.0
A_RIDGE,4,later,textual,coefficient,0.0851670297337912,0.022432864385480516,0.09573995695371038,0.0851670297337912,0.047802132305327476,0.10301641010895757,5,1.0,5,1.0,0.0,1.0,0,0.0
A_RIDGE,4,come,textual,coefficient,0.08516253605441175,0.04409773223541465,0.09508910735103954,0.08516253605441175,0.03355423727922262,0.1398612798339393,5,1.0,5,1.0,0.0,1.0,0,0.0
A_RIDGE,4,medications,textual,coefficient,-0.08343998464039598,0.030759520468221693,-0.09881284690811956,0.08343998464039598,-0.10615273795547059,-0.03353708431774238,5,1.0,5,0.0,1.0,1.0,0,0.0
A_RIDGE,4,gonna,textual,coefficient,0.08281490028485387,0.07565310947315186,0.13448271911023352,0.08281490028485387,0.0,0.1424156554333099,3,0.6,3,0.6,0.0,1.0,0,0.0
A_RIDGE,4,inattentive,textual,coefficient,-0.08222092402217038,0.04819247197421482,-0.090303607644222,0.08222092402217038,-0.12207798215796996,0.0,4,0.8,4,0.0,0.8,1.0,0,0.0
A_RIDGE,4,10,textual,coefficient,0.08149539920300446,0.043005441141511676,0.09450529047892166,0.08149539920300446,0.009016737690251126,0.12317731569585823,5,1.0,5,1.0,0.0,1.0,0,0.0
A_RIDGE,4,did,textual,coefficient,0.08087797908434333,0.02798416635996749,0.0902663297102643,0.08087797908434333,0.042689400586052785,0.11179574229598674,5,1.0,5,1.0,0.0,1.0,0,0.0
A_RIDGE,4,great,textual,coefficient,0.0804119429523558,0.02409918347359541,0.07928775996869897,0.0804119429523558,0.04734277545061281,0.11421068143056536,5,1.0,5,1.0,0.0,1.0,0,0.0
A_RIDGE,4,fast,textual,coefficient,-0.0795892515521662,0.032875702279697536,-0.09077450726012387,0.0795892515521662,-0.10757138292165579,-0.025509978713288962,5,1.0,5,0.0,1.0,1.0,0,0.0
A_RIDGE,4,condition,textual,coefficient,-0.07904189720387714,0.009120363340398814,-0.08286613429803755,0.07904189720387714,-0.08780314549876324,-0.06914313478073625,5,1.0,5,0.0,1.0,1.0,0,0.0
A_RIDGE,4,needs,textual,coefficient,0.07852849907348454,0.03340818830893335,0.07874915931955302,0.07852849907348454,0.02963516348718244,0.11174763653281751,5,1.0,5,1.0,0.0,1.0,0,0.0
A_RIDGE,4,test,textual,coefficient,-0.07727394504556694,0.007883492410683389,-0.0805793749023977,0.07727394504556694,-0.08561001007178093,-0.06573805924894581,5,1.0,5,0.0,1.0,1.0,0,0.0
A_RIDGE,4,important,textual,coefficient,-0.0767151007846216,0.0258837571569485,-0.07606997396584828,0.0767151007846216,-0.11510814067588783,-0.04605598359491944,5,1.0,5,0.0,1.0,1.0,0,0.0
A_RIDGE,4,okay,textual,coefficient,0.0762774100755298,0.02079133310622923,0.07234693597258413,0.0762774100755298,0.04828705526216605,0.10010184088276113,5,1.0,5,1.0,0.0,1.0,0,0.0
A_RIDGE,4,try,textual,coefficient,0.07606321016987347,0.031165240033979993,0.0818116910511177,0.07606321016987347,0.02707990337251115,0.11280636217288098,5,1.0,5,1.0,0.0,1.0,0,0.0
A_RIDGE,4,higher,textual,coefficient,-0.07479166919229423,0.03110397655175665,-0.0801483657910236,0.07479166919229423,-0.10421197734426824,-0.025965760421019068,5,1.0,5,0.0,1.0,1.0,0,0.0
A_RIDGE,4,tend,textual,coefficient,0.07466561807697057,0.035187533470934534,0.08495528022095294,0.07466561807697057,0.028474649315951926,0.10982156587259075,5,1.0,5,1.0,0.0,1.0,0,0.0
A_RIDGE,4,want,textual,coefficient,0.07440631164004519,0.03800768537909278,0.06731000300403708,0.07440631164004519,0.023567447451093754,0.12427600989966132,5,1.0,5,1.0,0.0,1.0,0,0.0
A_RIDGE,4,ve got,textual,coefficient,0.07384921437846399,0.02778996434560619,0.07046168657169317,0.07384921437846399,0.03787684420919471,0.11490754362381013,5,1.0,5,1.0,0.0,1.0,0,0.0
A_RIDGE,4,feel,textual,coefficient,0.06603737437594381,0.05941258881340062,0.06905652522678589,0.07296201380656224,-0.017311598576546117,0.130179001602576,5,1.0,5,0.8,0.2,0.8,0,0.0
A_RIDGE,4,reason,textual,coefficient,0.07255887811855599,0.013838960385693575,0.07597815670547282,0.07255887811855599,0.057748989332784335,0.08920174422640359,5,1.0,5,1.0,0.0,1.0,0,0.0
A_RIDGE,4,differently,textual,coefficient,-0.07181248597335169,0.04066962510134833,-0.08765294397330824,0.07181248597335169,-0.10021913047680277,0.0,4,0.8,4,0.0,0.8,1.0,0,0.0
A_RIDGE,4,function,textual,coefficient,0.07156376524382284,0.019283529122943597,0.072166204510444,0.07156376524382284,0.0421881974510213,0.09076370735881027,5,1.0,5,1.0,0.0,1.0,0,0.0
A_RIDGE,4,diagnosed,textual,coefficient,-0.07124157098031567,0.03364180298970969,-0.07307468355817762,0.07124157098031567,-0.10397978280747538,-0.016018724016744215,5,1.0,5,0.0,1.0,1.0,0,0.0
A_RIDGE,4,calm,textual,coefficient,0.07027241307433399,0.018910830991646217,0.07028004521218802,0.07027241307433399,0.04195424213772405,0.0949267791301853,5,1.0,5,1.0,0.0,1.0,0,0.0
A_RIDGE,4,caffeine,textual,coefficient,0.06922945444123862,0.03988005307929702,0.08863508504421609,0.06922945444123862,0.0,0.09455109402132919,4,0.8,4,0.8,0.0,1.0,0,0.0
A_RIDGE,4,morning,textual,coefficient,0.06822551734489832,0.049909072245081273,0.07229067943969233,0.06822551734489832,0.0,0.1186667618257372,4,0.8,4,0.8,0.0,1.0,0,0.0
A_RIDGE,4,thoughts,textual,coefficient,-0.0671426864865726,0.040981595078147144,-0.0826256995527713,0.0671426864865726,-0.10391977030789903,0.0,4,0.8,4,0.0,0.8,1.0,0,0.0
A_RIDGE,4,impulsivity,textual,coefficient,-0.06706172194250849,0.010785764744291824,-0.06729628454156161,0.06706172194250849,-0.07855285976344993,-0.05429473353455856,5,1.0,5,0.0,1.0,1.0,0,0.0
A_RIDGE,4,right,textual,coefficient,0.06667648161967435,0.03989869537833188,0.059457867556741234,0.06667648161967435,0.020346717493910697,0.11507065726044328,5,1.0,5,1.0,0.0,1.0,0,0.0
A_RIDGE,4,years,textual,coefficient,0.06656658718491762,0.032060368474357,0.07717671819252381,0.06656658718491762,0.022178450259988085,0.0958023558306782,5,1.0,5,1.0,0.0,1.0,0,0.0
A_RIDGE,4,work,textual,coefficient,0.06631848534523933,0.034932976284655144,0.05128608369846064,0.06631848534523933,0.02628624448036588,0.11243294114181346,5,1.0,5,1.0,0.0,1.0,0,0.0
A_RIDGE,4,sensory,textual,coefficient,-0.0654068859407804,0.03896491777445531,-0.08589287703747037,0.0654068859407804,-0.09146585890865373,0.0,4,0.8,4,0.0,0.8,1.0,0,0.0
A_RIDGE,4,getting,textual,coefficient,-0.0651934324397713,0.023989945744546187,-0.0802161771076284,0.0651934324397713,-0.08181742085543121,-0.027403846423973494,5,1.0,5,0.0,1.0,1.0,0,0.0
A_RIDGE,4,called,textual,coefficient,0.06497239412375751,0.02636771495616167,0.05244520105316203,0.06497239412375751,0.03846381753270503,0.102030768795424,5,1.0,5,1.0,0.0,1.0,0,0.0
A_RIDGE,4,thinking,textual,coefficient,-0.064713824074835,0.05909241595453434,-0.10666776957938025,0.064713824074835,-0.11017383673273778,0.0,3,0.6,3,0.0,0.6,1.0,0,0.0
A_RIDGE,4,tasks,textual,coefficient,-0.06464882335920559,0.04556448169428335,-0.042951849543104596,0.06464882335920559,-0.1382412753142572,-0.027860314685012728,5,1.0,5,0.0,1.0,1.0,0,0.0
A_RIDGE,4,wrong,textual,coefficient,0.06460913257941463,0.02891673261481202,0.07544845192784179,0.06460913257941463,0.013391671356984573,0.08417284003566335,5,1.0,5,1.0,0.0,1.0,0,0.0
A_RIDGE,4,disorder,textual,coefficient,-0.06427793003527962,0.026956569039381886,-0.0748515829786569,0.06427793003527962,-0.08959117943945509,-0.02259576697953425,5,1.0,5,0.0,1.0,1.0,0,0.0
A_RIDGE,4,comes,textual,coefficient,-0.06411743502610291,0.041450918016194035,-0.051459128477249774,0.06411743502610291,-0.1287546982235215,-0.018035628589252603,5,1.0,5,0.0,1.0,1.0,0,0.0
A_RIDGE,4,late,textual,coefficient,-0.06370009959094577,0.02712214949983481,-0.051107200539261426,0.06370009959094577,-0.10585715309160909,-0.041941050018104456,5,1.0,5,0.0,1.0,1.0,0,0.0
A_RIDGE,4,low,textual,coefficient,0.06355872461321646,0.030103718435729645,0.08131728150329634,0.06355872461321646,0.02682126683484241,0.08860492156531265,5,1.0,5,1.0,0.0,1.0,0,0.0
A_RIDGE,4,eat,textual,coefficient,0.06351203898324477,0.024984860390820093,0.0624335588397742,0.06351203898324477,0.03018153788262887,0.09952338324089637,5,1.0,5,1.0,0.0,1.0,0,0.0
A_RIDGE,4,20,textual,coefficient,0.06019919276122608,0.05616691159935751,0.09035441158017514,0.06019919276122608,0.0,0.11928054734815244,3,0.6,3,0.6,0.0,1.0,0,0.0
A_RIDGE,4,adhd brain,textual,coefficient,0.05963702213584632,0.02712053302414393,0.06649222767445849,0.05963702213584632,0.013500200342544913,0.08175099806299631,5,1.0,5,1.0,0.0,1.0,0,0.0
A_RIDGE,4,high,textual,coefficient,0.02816380425910848,0.06568463633241467,0.043328680081089366,0.05954982132618265,-0.045540347144715304,0.10679793745948564,5,1.0,5,0.6,0.4,0.6,0,0.0
A_RIDGE,4,relationships,textual,coefficient,-0.059510410520711286,0.035601560638656854,-0.06858203960825658,0.059510410520711286,-0.09604119556059879,0.0,4,0.8,4,0.0,0.8,1.0,0,0.0
A_RIDGE,4,term,textual,coefficient,-0.05710341186668201,0.02285840767166469,-0.05302538011824066,0.05710341186668201,-0.09483460743370063,-0.03373100966961108,5,1.0,5,0.0,1.0,1.0,0,0.0
A_RIDGE,4,video,textual,coefficient,-0.056444118368253915,0.017096026948646384,-0.06393073508725453,0.056444118368253915,-0.07094675710746631,-0.029342899745263586,5,1.0,5,0.0,1.0,1.0,0,0.0
A_RIDGE,4,adult,textual,coefficient,-0.05633733880430105,0.05195959840912448,-0.08203274905734802,0.05633733880430105,-0.10188335247150077,0.0,3,0.6,3,0.0,0.6,1.0,0,0.0
A_RIDGE,4,sit,textual,coefficient,0.0471333512502053,0.038488556611171204,0.058332455335543494,0.055119740882202305,-0.019965974079992527,0.07786804235113022,5,1.0,5,0.8,0.2,0.8,0,0.0
A_RIDGE,4,difference,textual,coefficient,-0.05492668673252761,0.010721006943400134,-0.052133679246201464,0.05492668673252761,-0.07309042138609548,-0.04630397638135961,5,1.0,5,0.0,1.0,1.0,0,0.0
A_RIDGE,4,finally,textual,coefficient,-0.053949642518616794,0.031217784674724407,-0.06981698184863123,0.053949642518616794,-0.07532841047216234,0.0,4,0.8,4,0.0,0.8,1.0,0,0.0
A_RIDGE,4,dr,textual,coefficient,-0.053674186906510435,0.049133664069916906,-0.0847809016646596,0.053674186906510435,-0.09500500933325584,0.0,3,0.6,3,0.0,0.6,1.0,0,0.0
A_RIDGE,4,literally,textual,coefficient,0.0536096499176012,0.030248420493475432,0.06568371915850123,0.0536096499176012,0.0,0.07246444577287138,4,0.8,4,0.8,0.0,1.0,0,0.0
A_RIDGE,4,single,textual,coefficient,0.053586218886950365,0.033742360304496996,0.06365049379265028,0.053586218886950365,0.0,0.09010080368067186,4,0.8,4,0.8,0.0,1.0,0,0.0
A_RIDGE,4,start,textual,coefficient,-0.04988130674392849,0.04923357686922346,-0.040332787710186085,0.05313830312416099,-0.11089207268400708,0.008142490950581248,5,1.0,5,0.2,0.8,0.8,0,0.0
A_RIDGE,4,problems,textual,coefficient,-0.052867598843471496,0.021766373615574226,-0.0553152253388699,0.052867598843471496,-0.07024042111163603,-0.016405484529754242,5,1.0,5,0.0,1.0,1.0,0,0.0
A_RIDGE,4,taking,textual,coefficient,-0.05254525474581936,0.03155982088008812,-0.05010109229160375,0.05254525474581936,-0.09174222907347247,-0.006049462759900783,5,1.0,5,0.0,1.0,1.0,0,0.0
A_RIDGE,4,mental,textual,coefficient,-0.05232158641448381,0.013498087082020108,-0.04598265856737153,0.05232158641448381,-0.07311867061378725,-0.03907866262133307,5,1.0,5,0.0,1.0,1.0,0,0.0
A_RIDGE,4,completely,textual,coefficient,0.05187280347126124,0.03218479490943054,0.05248651699663005,0.05187280347126124,0.0,0.08364128623557701,4,0.8,4,0.8,0.0,1.0,0,0.0
A_RIDGE,4,hard,textual,coefficient,-0.05137977684302446,0.010350910016443065,-0.05694150881574064,0.05137977684302446,-0.06138235833892339,-0.03782340418933032,5,1.0,5,0.0,1.0,1.0,0,0.0
A_RIDGE,4,patients,textual,coefficient,-0.051375367604177255,0.0420212252289722,-0.0409274134277583,0.051375367604177255,-0.11439859816077645,-0.0041269874336239175,5,1.0,5,0.0,1.0,1.0,0,0.0
A_RIDGE,4,usually,textual,coefficient,-0.05089495263523407,0.03423365563994538,-0.04637757521933611,0.05089495263523407,-0.09993460917673913,-0.010348126199484312,5,1.0,5,0.0,1.0,1.0,0,0.0
A_RIDGE,4,seen,textual,coefficient,-0.05045291013324906,0.046347683736733196,-0.07563021659952905,0.05045291013324906,-0.0885800425948518,0.0,3,0.6,3,0.0,0.6,1.0,0,0.0
A_RIDGE,4,example,textual,coefficient,-0.05017513030175984,0.03082976925647154,-0.0574400113618437,0.05017513030175984,-0.0829452570737678,0.0,4,0.8,4,0.0,0.8,1.0,0,0.0
A_RIDGE,4,yeah,textual,coefficient,0.040010013106271204,0.04646287273256087,0.04915424140106142,0.04905092104367078,-0.022602269843498946,0.08422779671469273,5,1.0,5,0.8,0.2,0.8,0,0.0
A_RIDGE,4,kids,textual,coefficient,0.04334581076129353,0.043609335891670646,0.05577135257989005,0.0488568289139162,-0.013777545381556667,0.08297398152123593,5,1.0,5,0.8,0.2,0.8,0,0.0
A_RIDGE,4,research,textual,coefficient,0.04819965196748491,0.01673898396166166,0.04833839387909803,0.04819965196748491,0.023957024762011468,0.06803564055140589,5,1.0,5,1.0,0.0,1.0,0,0.0
A_RIDGE,4,support,textual,coefficient,-0.039036763864215195,0.03816367445748097,-0.04690854587516829,0.048156699644259185,-0.08028282381072875,0.022799839450109983,5,1.0,5,0.2,0.8,0.8,0,0.0
A_RIDGE,4,people,textual,coefficient,0.03205551385344424,0.049713625299165246,0.05108081004276385,0.04813513098041261,-0.04019904281742092,0.08245987303540915,5,1.0,5,0.8,0.2,0.8,0,0.0
A_RIDGE,4,increase,textual,coefficient,-0.04719395483126025,0.02902042565047901,-0.04778077216033102,0.04719395483126025,-0.07217227314477286,0.0,4,0.8,4,0.0,0.8,1.0,0,0.0
A_RIDGE,4,body,textual,coefficient,0.04674445938497999,0.027760272864136053,0.046018974716629246,0.04674445938497999,0.0033821333310422685,0.07412045389286455,5,1.0,5,1.0,0.0,1.0,0,0.0
A_RIDGE,4,adhders,textual,coefficient,0.04623233537191138,0.042726574613953565,0.0669285684546923,0.04623233537191138,0.0,0.08555854919915792,3,0.6,3,0.6,0.0,1.0,0,0.0
A_RIDGE,4,real,textual,coefficient,-0.04613374253364971,0.032155210047135896,-0.03656801968872999,0.04613374253364971,-0.08627976845233297,-0.01356069301146294,5,1.0,5,0.0,1.0,1.0,0,0.0
A_RIDGE,4,seven,textual,coefficient,-0.04604810309700871,0.026566113144713136,-0.05545563436372149,0.04604810309700871,-0.06713330355536111,0.0,4,0.8,4,0.0,0.8,1.0,0,0.0
A_RIDGE,4,stimulant,textual,coefficient,-0.045921256660608596,0.01622928971787456,-0.04211507065549811,0.045921256660608596,-0.0691233601227499,-0.029191665094833272,5,1.0,5,0.0,1.0,1.0,0,0.0
A_RIDGE,4,probably,textual,coefficient,0.045707226394860564,0.01676944764716688,0.044025303994156,0.045707226394860564,0.024367247489655127,0.06956532550244476,5,1.0,5,1.0,0.0,1.0,0,0.0
A_RIDGE,4,having,textual,coefficient,-0.045434658071781084,0.028490306330632095,-0.05163827918596342,0.045434658071781084,-0.07552839560973877,-0.0002425916164023759,5,1.0,5,0.0,1.0,1.0,0,0.0
A_RIDGE,4,mean,textual,coefficient,-0.0325447542057512,0.03814421036342194,-0.04879274310746834,0.04526773135266474,-0.06175243152022001,0.031807442867283854,5,1.0,5,0.2,0.8,0.8,0,0.0
A_RIDGE,4,distracted,textual,coefficient,-0.045046721061780745,0.015193452037538194,-0.04219259117286664,0.045046721061780745,-0.07105862463186131,-0.032852392129672774,5,1.0,5,0.0,1.0,1.0,0,0.0
A_RIDGE,4,adhd medication,textual,coefficient,-0.04499132488641503,0.030040070830571097,-0.043999789388342134,0.04499132488641503,-0.07433900579033587,0.0,4,0.8,4,0.0,0.8,1.0,0,0.0
A_RIDGE,4,memory,textual,coefficient,-0.04478786614962512,0.028633983478523035,-0.04439107368126603,0.04478786614962512,-0.08119655869443844,-0.014914604406313642,5,1.0,5,0.0,1.0,1.0,0,0.0
A_RIDGE,4,level,textual,coefficient,-0.04454025594784894,0.03515011904640351,-0.04175740226328886,0.04454025594784894,-0.09639233661658908,0.0,4,0.8,4,0.0,0.8,1.0,0,0.0
A_RIDGE,4,depression,textual,coefficient,-0.042502422055184175,0.030095393198618516,-0.05638705628192983,0.044297179207388536,-0.06819560666926433,0.004486892880510909,5,1.0,5,0.2,0.8,0.8,0,0.0
A_RIDGE,4,emotional,textual,coefficient,-0.0440818975626852,0.0287216024553654,-0.041196264848690586,0.0440818975626852,-0.09102183306403205,-0.013560207118893709,5,1.0,5,0.0,1.0,1.0,0,0.0
A_RIDGE,4,likely,textual,coefficient,-0.032669690607932025,0.03391861367460963,-0.04199983534963103,0.04335046748805884,-0.05788772558283223,0.026701942200317044,5,1.0,5,0.2,0.8,0.8,0,0.0
A_RIDGE,4,end,textual,coefficient,0.04299707396264853,0.019542864538281964,0.03516940516678069,0.04299707396264853,0.02217755187699225,0.07228366545049614,5,1.0,5,1.0,0.0,1.0,0,0.0
A_RIDGE,4,fact,textual,coefficient,0.04292294325856757,0.02811081065055582,0.037402057736968176,0.04292294325856757,0.015319828239146363,0.07232170120123645,5,1.0,5,1.0,0.0,1.0,0,0.0
A_RIDGE,4,bit,textual,coefficient,-0.04268177866718692,0.016040084358371114,-0.04377244130000255,0.04268177866718692,-0.06540429045350178,-0.026816802706904935,5,1.0,5,0.0,1.0,1.0,0,0.0
A_RIDGE,4,place,textual,coefficient,0.03739123977932644,0.039995274980699866,0.032699141525994645,0.04247592532226127,-0.012711713857337064,0.09506709237145612,5,1.0,5,0.8,0.2,0.8,0,0.0
A_RIDGE,4,task,textual,coefficient,0.027560304440929724,0.037155333956307796,0.04211865225104375,0.04240734574222858,-0.037117603253247144,0.05429105155938673,5,1.0,5,0.8,0.2,0.8,0,0.0
A_RIDGE,4,especially,textual,coefficient,0.04212514766145752,0.021257385102425138,0.04710044878159989,0.04212514766145752,0.019588115411881553,0.06642233312738598,5,1.0,5,1.0,0.0,1.0,0,0.0
A_RIDGE,4,constant,textual,coefficient,0.04189243598721471,0.026777523049442725,0.04506633721714901,0.04189243598721471,0.0,0.0709048748155084,4,0.8,4,0.8,0.0,1.0,0,0.0
A_RIDGE,4,strategies,textual,coefficient,-0.041531044104269145,0.05687786109367695,0.0,0.041531044104269145,-0.10526933621171698,0.0,2,0.4,2,0.0,0.4,1.0,0,0.0
A_RIDGE,4,type,textual,coefficient,-0.008885841831185062,0.05233402949729835,-0.03131080277520994,0.041298627805128024,-0.04606609399382692,0.08103196493485741,5,1.0,5,0.2,0.8,0.8,0,0.0
A_RIDGE,4,learn,textual,coefficient,0.03090304263315407,0.045435124936045596,0.020296478052761996,0.0409717350777849,-0.025171731111577066,0.0965300231463406,5,1.0,5,0.8,0.2,0.8,0,0.0
A_RIDGE,4,focus,textual,coefficient,0.028585481448447962,0.04301497902052022,0.03519762774464735,0.04074115566997115,-0.03038918555380795,0.0837889236438071,5,1.0,5,0.8,0.2,0.8,0,0.0
A_RIDGE,4,doesn,textual,coefficient,0.007189749610608906,0.05593903974350026,0.019672879709519645,0.04062023541704397,-0.07952268965804248,0.07297638319544002,5,1.0,5,0.6,0.4,0.6,0,0.0
A_RIDGE,4,really,textual,coefficient,-0.04052520331075884,0.021937748096326117,-0.027026744969065878,0.04052520331075884,-0.07302580464954866,-0.022623570337627054,5,1.0,5,0.0,1.0,1.0,0,0.0
A_RIDGE,4,gut,textual,coefficient,-0.040313802593577516,0.03694450632329684,-0.0428932638661218,0.040313802593577516,-0.09455202689851362,0.0,4,0.8,4,0.0,0.8,1.0,0,0.0
A_RIDGE,4,makes,textual,coefficient,0.04018892705733275,0.008506273909830657,0.03995222727058169,0.04018892705733275,0.029009088352534875,0.04978221172780407,5,1.0,5,1.0,0.0,1.0,0,0.0
A_RIDGE,4,consequences,textual,coefficient,0.03998989085019997,0.055402367956411805,0.0,0.03998989085019997,0.0,0.1118859450340259,2,0.4,2,0.4,0.0,1.0,0,0.0
A_RIDGE,4,struggling,textual,coefficient,-0.02690183047980142,0.036258856833857905,-0.04882072067309046,0.03969632224972386,-0.05193135243904046,0.0319862294248061,5,1.0,5,0.2,0.8,0.8,0,0.0
A_RIDGE,4,different,textual,coefficient,-0.027088031734824974,0.03728750590043292,-0.03642553495901682,0.03965747318745235,-0.06068680030857631,0.031423603631568445,5,1.0,5,0.2,0.8,0.8,0,0.0
A_RIDGE,4,look,textual,coefficient,-0.03963801485186309,0.0284132721949624,-0.02547328706163796,0.03963801485186309,-0.08115968781434953,-0.016548194238722874,5,1.0,5,0.0,1.0,1.0,0,0.0
A_RIDGE,4,study,textual,coefficient,0.002667311787449428,0.052755653461404185,0.020964791249967363,0.03945188463419388,-0.08195874064331958,0.05549613249150011,5,1.0,5,0.6,0.4,0.6,0,0.0
A_RIDGE,4,follow,textual,coefficient,0.03931466492192864,0.02431144696522245,0.04208800258182392,0.03931466492192864,0.011051329832728787,0.07000683234215727,5,1.0,5,1.0,0.0,1.0,0,0.0
A_RIDGE,4,things like,textual,coefficient,-0.03826360203753863,0.014278610441156626,-0.03868478965524926,0.03826360203753863,-0.055980922334144034,-0.016166308529805683,5,1.0,5,0.0,1.0,1.0,0,0.0
A_RIDGE,4,rejection,textual,coefficient,-0.03823273855132649,0.02907175964501419,-0.03608376624536306,0.03823273855132649,-0.07716862606846897,0.0,4,0.8,4,0.0,0.8,1.0,0,0.0
A_RIDGE,4,studies,textual,coefficient,-0.03798312216616082,0.03354754716083723,-0.03432765723918951,0.03798312216616082,-0.0917277334207452,-0.004831619318910812,5,1.0,5,0.0,1.0,1.0,0,0.0
A_RIDGE,4,told,textual,coefficient,0.03790556380128707,0.05270502879684042,0.0,0.03790556380128707,0.0,0.10770689966589413,2,0.4,2,0.4,0.0,1.0,0,0.0
A_RIDGE,4,minutes,textual,coefficient,-0.03750856209891147,0.021914886801511522,-0.02713079287262569,0.03750856209891147,-0.07538505024994412,-0.02151143943997141,5,1.0,5,0.0,1.0,1.0,0,0.0
A_RIDGE,4,health,textual,coefficient,0.03745938382304605,0.019633055009091863,0.03116229230603034,0.03745938382304605,0.02498825769306373,0.07196715209105067,5,1.0,5,1.0,0.0,1.0,0,0.0
A_RIDGE,4,everybody,textual,coefficient,0.006568504179253079,0.050449761910284684,0.013076626263984632,0.03712955777080394,-0.07420767128547921,0.05477951269818336,5,1.0,5,0.6,0.4,0.6,0,0.0
A_RIDGE,4,treatment,textual,coefficient,-0.0368762122373746,0.03532664176854723,-0.049134300685301516,0.0368762122373746,-0.07837370588618409,0.0,3,0.6,3,0.0,0.6,1.0,0,0.0
A_RIDGE,4,struggle,textual,coefficient,-0.03654471433301064,0.012519237256968869,-0.031695105178429495,0.03654471433301064,-0.057491631636709506,-0.02470164106752303,5,1.0,5,0.0,1.0,1.0,0,0.0
A_RIDGE,4,constantly,textual,coefficient,0.036448180757505555,0.01516834608188449,0.034328855004887006,0.036448180757505555,0.02100644305711046,0.054731013718606114,5,1.0,5,1.0,0.0,1.0,0,0.0
A_RIDGE,4,way,textual,coefficient,0.029692826850919653,0.04649363177794384,0.012781138831209796,0.035476943334519215,-0.014460291208998928,0.10766430185095921,5,1.0,5,0.8,0.2,0.8,0,0.0
A_RIDGE,4,saying,textual,coefficient,0.035314557959511814,0.015250879805793208,0.03456759225404015,0.035314557959511814,0.012716051926939382,0.051963638348985486,5,1.0,5,1.0,0.0,1.0,0,0.0
A_RIDGE,4,people adhd,textual,coefficient,0.0009910105691337324,0.04964296151302935,-0.022264927636322453,0.03456280459020745,-0.03916857587117284,0.08552998583675293,5,1.0,5,0.4,0.6,0.6,0,0.0
A_RIDGE,4,bad,textual,coefficient,-0.028717333564419505,0.04245924649322744,-0.006124082997145647,0.03380937048003861,-0.076887625693727,0.012730092289047753,5,1.0,5,0.2,0.8,0.8,0,0.0
A_RIDGE,4,long,textual,coefficient,-0.022391520017270745,0.03367305507281363,-0.016789965554940153,0.033663677462675845,-0.05421942940666189,0.028180393613512746,5,1.0,5,0.2,0.8,0.8,0,0.0
A_RIDGE,4,overwhelmed,textual,coefficient,-0.03361460096754938,0.03160339366557575,-0.02660167091945501,0.03361460096754938,-0.08318924092869628,0.0,4,0.8,4,0.0,0.8,1.0,0,0.0
A_RIDGE,4,child,textual,coefficient,-0.011955641647051221,0.039204259913261,-0.023935691245229613,0.03338010322750591,-0.04615591677812665,0.04745096644817114,5,1.0,5,0.4,0.6,0.6,0,0.0
A_RIDGE,4,control,textual,coefficient,0.007295204559970204,0.04287840062538735,0.01482929294249026,0.03298027456058499,-0.06421267500153696,0.04977061874230258,5,1.0,5,0.8,0.2,0.8,0,0.0
A_RIDGE,4,wait,textual,coefficient,-0.03290053879077409,0.031412744321219585,-0.04437560564739869,0.03290053879077409,-0.06941277507637954,0.0,3,0.6,3,0.0,0.6,1.0,0,0.0
A_RIDGE,4,understand,textual,coefficient,-0.024081442428907928,0.03496582885633677,-0.031570277135548594,0.03247101535876906,-0.07028748843110189,0.020973932324652826,5,1.0,5,0.2,0.8,0.8,0,0.0
A_RIDGE,4,ll,textual,coefficient,0.02738652418651654,0.030640149517635044,0.016004864038252044,0.03198625875434808,-0.011499336419578838,0.06070512301181208,5,1.0,5,0.8,0.2,0.8,0,0.0
A_RIDGE,4,small,textual,coefficient,0.03192601394169601,0.01662316950350119,0.028369862725619102,0.03192601394169601,0.009179370299954205,0.049035699099036635,5,1.0,5,1.0,0.0,1.0,0,0.0
A_RIDGE,4,phone,textual,coefficient,0.031658024675427096,0.026139006761632964,0.045075923425627835,0.031658024675427096,0.0,0.05502790959992341,4,0.8,4,0.8,0.0,1.0,0,0.0
A_RIDGE,4,exercise,textual,coefficient,0.03139852835356017,0.031121777253277187,0.02439353947145663,0.03139852835356017,0.0,0.08127646249630897,4,0.8,4,0.8,0.0,1.0,0,0.0
A_RIDGE,4,making,textual,coefficient,0.02221095369594587,0.027053280775474222,0.029391350476984747,0.03133511213073027,-0.022810396086961,0.048562007106721,5,1.0,5,0.8,0.2,0.8,0,0.0
A_RIDGE,4,self,textual,coefficient,0.015564279487121377,0.03482824451124768,0.025940637586812386,0.031274126062863075,-0.039274616439354246,0.04565552352761871,5,1.0,5,0.8,0.2,0.8,0,0.0
A_RIDGE,4,stay,textual,coefficient,-0.031242645781419685,0.010877682071495875,-0.03333298090452943,0.031242645781419685,-0.04256425146412457,-0.014859352651133037,5,1.0,5,0.0,1.0,1.0,0,0.0
A_RIDGE,4,using,textual,coefficient,-0.03092231906066964,0.02204993742899172,-0.038596238739775114,0.03092231906066964,-0.05505770392543898,-0.0024919022439272493,5,1.0,5,0.0,1.0,1.0,0,0.0
A_RIDGE,4,tell,textual,coefficient,0.013714542781357083,0.03962368924675463,0.004202560968168144,0.030515391965994343,-0.03128065932399071,0.06821891759226502,5,1.0,5,0.6,0.4,0.6,0,0.0
A_RIDGE,4,world,textual,coefficient,0.02918286101097107,0.022741780987176465,0.04003302722433802,0.03031606389012262,-0.0028330071978788815,0.04819725148504784,5,1.0,5,0.8,0.2,0.8,0,0.0
A_RIDGE,4,think,textual,coefficient,-0.02582059274127214,0.026844905102036874,-0.028390042704369643,0.03014178593878288,-0.056105565040362126,0.010802982993776838,5,1.0,5,0.2,0.8,0.8,0,0.0
A_RIDGE,4,use,textual,coefficient,-0.028268397857007,0.028580718224157555,-0.026853929266705014,0.030136680293017915,-0.07314020945153028,0.004670706090027297,5,1.0,5,0.2,0.8,0.8,0,0.0
A_RIDGE,4,goes,textual,coefficient,0.03000239138696976,0.02214987463618115,0.02525236883846134,0.03000239138696976,0.0,0.055369201000027644,4,0.8,4,0.8,0.0,1.0,0,0.0
A_RIDGE,4,works,textual,coefficient,0.02371460660400184,0.0225123344063047,0.030468138539104513,0.029836194262388826,-0.01530396914596746,0.04142314757082926,5,1.0,5,0.8,0.2,0.8,0,0.0
A_RIDGE,4,levels,textual,coefficient,0.020998886047421263,0.030296041825824842,0.03934695090780711,0.029726404659410392,-0.021818796529972827,0.04739029142030026,4,0.8,4,0.6,0.2,0.75,0,0.0
A_RIDGE,4,better,textual,coefficient,-0.010244124177826875,0.03463782608229425,-0.01842371842322492,0.029535918301553294,-0.04522812686917333,0.039834990943916605,5,1.0,5,0.4,0.6,0.6,0,0.0
A_RIDGE,4,remember,textual,coefficient,-0.026916789914035278,0.03268863544361217,-0.01690796202610931,0.02909005198379664,-0.06316156249834716,0.005268177684337272,5,1.0,5,0.4,0.6,0.6,0,0.0
A_RIDGE,4,motivation,textual,coefficient,0.02663419966727515,0.04068475087933321,0.01248667524190238,0.029068537386279753,-0.006085844297511507,0.09766199809391399,5,1.0,5,0.8,0.2,0.8,0,0.0
A_RIDGE,4,addiction,textual,coefficient,0.028698972946776785,0.039389886540217356,0.0,0.028698972946776785,0.0,0.07555661765425037,2,0.4,2,0.4,0.0,1.0,0,0.0
A_RIDGE,4,food,textual,coefficient,-0.023906251970604513,0.02554580186789615,-0.025471428919317043,0.02861195886468562,-0.058248120089544206,0.011764267235202772,5,1.0,5,0.2,0.8,0.8,0,0.0
A_RIDGE,4,kind,textual,coefficient,0.008233629142873613,0.03125233932601474,0.025203842866721414,0.02845550330636848,-0.025439673272234318,0.04101306402578722,5,1.0,5,0.6,0.4,0.6,0,0.0
A_RIDGE,4,make,textual,coefficient,0.023222231906248746,0.03919732953545422,0.00021988408497462445,0.028432114264380415,-0.011286897211029842,0.07863465009856792,5,1.0,5,0.6,0.4,0.6,0,0.0
A_RIDGE,4,trying,textual,coefficient,0.01620802499174232,0.03530934691808164,0.007486436517588823,0.028332540603921826,-0.024046684651769363,0.06272596997935483,5,1.0,5,0.6,0.4,0.6,0,0.0
A_RIDGE,4,happens,textual,coefficient,0.015895573464673705,0.03118787054706751,0.019748840177503807,0.028315140022547536,-0.03104891639468459,0.05525653231387537,5,1.0,5,0.8,0.2,0.8,0,0.0
A_RIDGE,4,forget,textual,coefficient,-0.02155638222843852,0.02579896573069051,-0.036011194458783216,0.028142307032532832,-0.0452816549395918,0.016464812010235787,5,1.0,5,0.2,0.8,0.8,0,0.0
A_RIDGE,4,person,textual,coefficient,0.0054010285658176605,0.03415884327009401,-0.006070356998523437,0.028032722334047723,-0.025587496635944004,0.043708349300519304,5,1.0,5,0.4,0.6,0.6,0,0.0
A_RIDGE,4,helpful,textual,coefficient,0.0035089679335190286,0.032129585521215434,0.017487040277919173,0.027954944253880197,-0.038785270329857846,0.032936403717761124,5,1.0,5,0.6,0.4,0.6,0,0.0
A_RIDGE,4,meds,textual,coefficient,0.027952315775075554,0.026105424915252036,0.04092665822049643,0.027952315775075554,0.0,0.05547842157321107,3,0.6,3,0.6,0.0,1.0,0,0.0
A_RIDGE,4,affects,textual,coefficient,-0.02789502528213631,0.03827256574637148,0.0,0.02789502528213631,-0.07314078881192569,0.0,2,0.4,2,0.0,0.4,1.0,0,0.0
A_RIDGE,4,second,textual,coefficient,-0.027839966239551834,0.02295227225278713,-0.026389878618591232,0.027839966239551834,-0.05598506704162831,-0.002418867636943715,5,1.0,5,0.0,1.0,1.0,0,0.0
A_RIDGE,4,regulation,textual,coefficient,-0.026753027250919832,0.019377746415747844,-0.030953620405531016,0.027764870487843846,-0.044376201650740826,0.002529608092310035,5,1.0,5,0.2,0.8,0.8,0,0.0
A_RIDGE,4,little,textual,coefficient,-0.019448377111868732,0.046104369955004346,-0.0011585492217513346,0.027707255109894868,-0.0993077656478148,0.012928201907739603,5,1.0,5,0.4,0.6,0.6,0,0.0
A_RIDGE,4,physical,textual,coefficient,-0.02663614278575247,0.018013422072339313,-0.03247556578903882,0.027699413725466016,-0.043768585382989764,0.0026581773492838725,5,1.0,5,0.2,0.8,0.8,0,0.0
A_RIDGE,4,little bit,textual,coefficient,-0.02765352507968564,0.012203621632150798,-0.024063176782619367,0.02765352507968564,-0.04836073549485938,-0.01716310037322652,5,1.0,5,0.0,1.0,1.0,0,0.0
A_RIDGE,4,isn,textual,coefficient,0.021494476867501933,0.029038139073670713,0.022249465857302763,0.027636294497558007,-0.015354544075140178,0.0630976780787577,5,1.0,5,0.8,0.2,0.8,0,0.0
A_RIDGE,4,eating,textual,coefficient,-0.0010286052853549763,0.034859840606297154,0.0009447971678393441,0.027456636595928684,-0.04359718477151225,0.0389355040178706,5,1.0,5,0.6,0.4,0.6,0,0.0
A_RIDGE,4,lot people,textual,coefficient,0.026900619601218916,0.02057903063374644,0.02124523122525562,0.026900619601218916,0.0,0.05265105666665317,4,0.8,4,0.8,0.0,1.0,0,0.0
A_RIDGE,4,social,textual,coefficient,0.026818776882258144,0.016447697622242786,0.02139219915249725,0.026818776882258144,0.012069356222509832,0.053998662859150656,5,1.0,5,1.0,0.0,1.0,0,0.0
A_RIDGE,4,women,textual,coefficient,-0.022349655673173485,0.027153842908393042,-0.016826765824572685,0.02674884267396786,-0.05430141737595453,0.010997967501985926,5,1.0,5,0.2,0.8,0.8,0,0.0
A_RIDGE,4,yes,textual,coefficient,-0.02663407224960001,0.017820097618672422,-0.02108949670331717,0.02663407224960001,-0.0478506692844644,-0.0028478915642470852,5,1.0,5,0.0,1.0,1.0,0,0.0
A_RIDGE,4,looking,textual,coefficient,-0.026549718064315823,0.020271690425149192,-0.01999931931295004,0.026549718064315823,-0.04793244766540005,0.0,4,0.8,4,0.0,0.8,1.0,0,0.0
A_RIDGE,4,executive,textual,coefficient,0.014482571499747743,0.032231594162925495,0.011359122633416437,0.02626300738046944,-0.029451089701804246,0.060353647893357586,5,1.0,5,0.8,0.2,0.8,0,0.0
A_RIDGE,4,foods,textual,coefficient,-0.016420350603989293,0.028206916155982625,-0.02686799255449816,0.02625291860477284,-0.04301349559032112,0.024581420001958877,4,0.8,4,0.2,0.6,0.75,0,0.0
A_RIDGE,4,attention deficit,textual,coefficient,-0.026027280276509558,0.01873931145088815,-0.027848815138714685,0.026027280276509558,-0.0487121660705623,0.0,4,0.8,4,0.0,0.8,1.0,0,0.0
A_RIDGE,4,children,textual,coefficient,-0.02579855605152393,0.03257883294230395,-0.014763041618334609,0.02579855605152393,-0.08277888856574502,-0.0003435313388081384,5,1.0,5,0.0,1.0,1.0,0,0.0
A_RIDGE,4,times,textual,coefficient,0.023901195186505422,0.022691526064026146,0.01995271378170626,0.025715745145508402,-0.004536374897507445,0.055767774044990975,5,1.0,5,0.8,0.2,0.8,0,0.0
A_RIDGE,4,doing,textual,coefficient,0.0248412056747579,0.022879464076593067,0.019149372855352707,0.02531786955113129,-0.0011916596909334642,0.056306938304600984,5,1.0,5,0.8,0.2,0.8,0,0.0
A_RIDGE,4,um,textual,coefficient,0.017990510438318102,0.02887923166621304,0.01737259729609122,0.02507142468115798,-0.017702285607099685,0.05662399637331971,4,0.8,4,0.6,0.2,0.75,0,0.0
A_RIDGE,4,problem,textual,coefficient,-0.016279501347270305,0.03338095804461901,-0.012221153769063842,0.024768010083237584,-0.06930808539011749,0.0212212718399182,5,1.0,5,0.2,0.8,0.8,0,0.0
A_RIDGE,4,let,textual,coefficient,-0.01951880489674897,0.029332871095333866,-0.007682765858959704,0.024110755981221067,-0.056850335470960044,0.007446654639847896,5,1.0,5,0.4,0.6,0.6,0,0.0
A_RIDGE,4,things,textual,coefficient,0.018645959258448686,0.03296158971529871,0.0036322704591994874,0.024079903226972788,-0.013584859921310262,0.07009994224266525,5,1.0,5,0.8,0.2,0.8,0,0.0
A_RIDGE,4,ways,textual,coefficient,-0.0007599277751465378,0.03276358772480832,-0.0027880202402364627,0.0238399850901188,-0.03559161414289392,0.049135135339694276,5,1.0,5,0.4,0.6,0.6,0,0.0
A_RIDGE,4,interesting,textual,coefficient,0.023702065563862416,0.03453549086514449,0.0,0.023702065563862416,0.0,0.07594934219481984,2,0.4,2,0.4,0.0,1.0,0,0.0
A_RIDGE,4,oh,textual,coefficient,-0.009605875739612838,0.02678069482366072,-0.0185417946159368,0.023498050361760524,-0.034159921059968255,0.03473043655536921,5,1.0,5,0.2,0.8,0.8,0,0.0
A_RIDGE,4,know adhd,textual,coefficient,-0.023485111837159102,0.021877304836479528,-0.03252434159795294,0.023485111837159102,-0.04471744439922318,0.0,3,0.6,3,0.0,0.6,1.0,0,0.0
A_RIDGE,4,deficit,textual,coefficient,-0.010224356139427708,0.02703101839877829,-0.017172695028138542,0.023422664277034565,-0.040149141133578814,0.028248743875491245,5,1.0,5,0.4,0.6,0.6,0,0.0
A_RIDGE,4,big,textual,coefficient,-0.006427315850941803,0.029214749953993046,0.010772938584842675,0.023322125660406905,-0.04778621118720898,0.018822060977084987,5,1.0,5,0.6,0.4,0.6,0,0.0
A_RIDGE,4,harder,textual,coefficient,0.004880448744283691,0.030284718049748437,0.003867931070151312,0.023218167280799916,-0.037613029262340066,0.039793697143123766,5,1.0,5,0.6,0.4,0.6,0,0.0
A_RIDGE,4,sensitive,textual,coefficient,-0.011538566699502484,0.030828068801045515,-0.01037085542653496,0.023153956974485516,-0.06076261193590141,0.0156622722275011,5,1.0,5,0.4,0.6,0.6,0,0.0
A_RIDGE,4,good,textual,coefficient,0.006099013839839883,0.037014972478230546,-0.002737844236320351,0.022976481145017,-0.020308026034011824,0.06979617318167627,5,1.0,5,0.4,0.6,0.6,0,0.0
A_RIDGE,4,create,textual,coefficient,0.022788454556421374,0.01519511350482013,0.026930801018301295,0.022788454556421374,0.0,0.03790239427249919,4,0.8,4,0.8,0.0,1.0,0,0.0
A_RIDGE,4,sign,textual,coefficient,-0.02270678713102876,0.05077391957559773,0.0,0.02270678713102876,-0.1135339356551438,0.0,1,0.2,1,0.0,0.2,1.0,0,0.0
A_RIDGE,4,job,textual,coefficient,-0.019845186808100834,0.021470006724845375,-0.02920442543461399,0.022371158606482054,-0.03998470766341839,0.006314929495953057,4,0.8,4,0.2,0.6,0.75,0,0.0
A_RIDGE,4,hyper,textual,coefficient,0.0222955261483031,0.02349321428204361,0.010942822771313709,0.0222955261483031,0.0,0.058414977676945076,4,0.8,4,0.8,0.0,1.0,0,0.0
A_RIDGE,4,alcohol,textual,coefficient,-0.009121148544360492,0.029289940858570094,-0.005112414009281092,0.022111442623351314,-0.05276986535437537,0.023359648229893,5,1.0,5,0.4,0.6,0.6,0,0.0
A_RIDGE,4,information,textual,coefficient,0.021931667663179288,0.018160753943900012,0.023691251890918037,0.021931667663179288,0.0,0.046411322021774726,4,0.8,4,0.8,0.0,1.0,0,0.0
A_RIDGE,4,parents,textual,coefficient,-0.021641096076072723,0.029990624367086684,0.0,0.021641096076072723,-0.06063046584339356,0.0,2,0.4,2,0.0,0.4,1.0,0,0.0
A_RIDGE,4,able,textual,coefficient,-0.017081227000892076,0.024958409055757295,-0.016994586308496276,0.021581836798922508,-0.05337827486180613,0.011251524495076076,5,1.0,5,0.2,0.8,0.8,0,0.0
A_RIDGE,4,hours,textual,coefficient,0.021370387230256246,0.02520196337022555,0.005948774299760773,0.021531973117758393,-0.0004039647187553661,0.053540055569326825,5,1.0,5,0.8,0.2,0.8,0,0.0
A_RIDGE,4,don know,textual,coefficient,0.02140824115218823,0.022266146890523555,0.014098072227703214,0.02140824115218823,0.0,0.05814059633369343,4,0.8,4,0.8,0.0,1.0,0,0.0
A_RIDGE,4,hear,textual,coefficient,0.021208964137576003,0.01486975660387969,0.020688757481089615,0.021208964137576003,0.0,0.04094656135512927,4,0.8,4,0.8,0.0,1.0,0,0.0
A_RIDGE,4,somebody,textual,coefficient,-0.0031708552178063955,0.03065702059598735,0.0,0.02078223278777668,-0.05143339290631144,0.029876991503166802,4,0.8,4,0.4,0.4,0.5,0,0.0
A_RIDGE,4,basically,textual,coefficient,0.020781261475675147,0.04646831331780722,0.0,0.020781261475675147,0.0,0.10390630737837574,1,0.2,1,0.2,0.0,1.0,0,0.0
A_RIDGE,4,add,textual,coefficient,0.008514099813645915,0.02428659176506819,0.012276774827094005,0.020615401755278595,-0.030253254854081698,0.035685853439935106,5,1.0,5,0.8,0.2,0.8,0,0.0
A_RIDGE,4,instead,textual,coefficient,0.017758298904899283,0.02788759146817148,0.01211461329137567,0.02022443446275643,-0.006165338894642869,0.06557361981476442,5,1.0,5,0.8,0.2,0.8,0,0.0
A_RIDGE,4,lot,textual,coefficient,0.008271226375619455,0.02781393752360735,0.008162460453849973,0.02021493147670108,-0.024712733697175283,0.05082489225898112,5,1.0,5,0.6,0.4,0.6,0,0.0
A_RIDGE,4,long term,textual,coefficient,-0.015059206716110805,0.027841031362543647,0.0,0.019918415676983534,-0.055202113624182425,0.012148022402181824,3,0.6,3,0.2,0.4,0.6666666666666666,0,0.0
A_RIDGE,4,short,textual,coefficient,-0.019468100933870698,0.01806237587565583,-0.013762522059293762,0.019468100933870698,-0.04091327825159263,0.0,4,0.8,4,0.0,0.8,1.0,0,0.0
A_RIDGE,4,behavior,textual,coefficient,0.016392194096677613,0.01615423534480287,0.012252366870941864,0.018568831331928874,-0.005441593088128155,0.03620036236491714,5,1.0,5,0.8,0.2,0.8,0,0.0
A_RIDGE,4,care,textual,coefficient,-0.01852693176461259,0.011707067248256216,-0.017356859498714336,0.01852693176461259,-0.03666065289447535,-0.005195559163700559,5,1.0,5,0.0,1.0,1.0,0,0.0
A_RIDGE,4,difficult,textual,coefficient,-0.018449262619929123,0.04125380535290738,0.0,0.018449262619929123,-0.09224631309964561,0.0,1,0.2,1,0.0,0.2,1.0,0,0.0
A_RIDGE,4,therapy,textual,coefficient,-0.018338190091715063,0.018169893539251115,-0.02151606455365733,0.018338190091715063,-0.04128534035193983,0.0,3,0.6,3,0.0,0.6,1.0,0,0.0
A_RIDGE,4,shame,textual,coefficient,0.017813208690380035,0.03983154552907976,0.0,0.017813208690380035,0.0,0.08906604345190018,1,0.2,1,0.2,0.0,1.0,0,0.0
A_RIDGE,4,lack,textual,coefficient,-0.0067038172624494545,0.02062996218204343,-0.008195243334026518,0.017681651037356656,-0.03282212764169954,0.015744126732978845,5,1.0,5,0.4,0.6,0.6,0,0.0
A_RIDGE,4,functioning,textual,coefficient,0.017477169707984394,0.02603465453429228,0.0,0.017477169707984394,0.0,0.058189941021126165,2,0.4,2,0.4,0.0,1.0,0,0.0
A_RIDGE,4,protein,textual,coefficient,-0.013496453296435918,0.02324588664691527,-0.005815319672784598,0.016921410409808428,-0.051539578355207914,0.008562392783431266,5,1.0,5,0.2,0.8,0.8,0,0.0
A_RIDGE,4,realize,textual,coefficient,-0.016827651188044343,0.024963807723729522,0.0,0.016827651188044343,-0.05565207592831703,0.0,2,0.4,2,0.0,0.4,1.0,0,0.0
A_RIDGE,4,effects,textual,coefficient,-0.016753257626200193,0.03746142289675039,0.0,0.016753257626200193,-0.08376628813100097,0.0,1,0.2,1,0.0,0.2,1.0,0,0.0
A_RIDGE,4,highly,textual,coefficient,-0.014753989615931187,0.022326880032860263,-2.00236495917038e-05,0.01652195925387632,-0.04102922320887737,0.004419924094862828,4,0.8,4,0.2,0.6,0.75,0,0.0
A_RIDGE,4,manage,textual,coefficient,-0.016402670609397204,0.018361383570925108,-0.012936684711778808,0.016402670609397204,-0.04292429793685479,0.0,3,0.6,3,0.0,0.6,1.0,0,0.0
A_RIDGE,4,sensitivity,textual,coefficient,-0.016323417167952808,0.036500270412629585,0.0,0.016323417167952808,-0.08161708583976404,0.0,1,0.2,1,0.0,0.2,1.0,0,0.0
A_RIDGE,4,sense,textual,coefficient,0.010985693065198306,0.01684262758230502,0.014043332966593679,0.015959159059822488,-0.0071201392299688575,0.031161146193565595,5,1.0,5,0.6,0.4,0.6,0,0.0
A_RIDGE,4,easily,textual,coefficient,-0.0021825863182655236,0.02008470317734712,0.009649800871963191,0.01590080599715172,-0.03284508261080676,0.014434916271059865,5,1.0,5,0.6,0.4,0.6,0,0.0
A_RIDGE,4,affect,textual,coefficient,-0.01578277652356609,0.015964129711146708,-0.020358579203860583,0.01578277652356609,-0.03752569382467907,0.0,3,0.6,3,0.0,0.6,1.0,0,0.0
A_RIDGE,4,adhd people,textual,coefficient,0.009339924124718065,0.017992038871753453,0.00647059606035673,0.015472372064344559,-0.008051607069187137,0.031513143641649394,5,1.0,5,0.6,0.4,0.6,0,0.0
A_RIDGE,4,diagnosed adhd,textual,coefficient,-0.015431324547340978,0.018163213408347128,-0.012773262587695195,0.015431324547340978,-0.043906486998281403,0.0,3,0.6,3,0.0,0.6,1.0,0,0.0
A_RIDGE,4,feel like,textual,coefficient,0.011981620182621205,0.016394490476447955,0.012475561592658576,0.015365985427004097,-0.0052209685501568145,0.03227563948409295,5,1.0,5,0.6,0.4,0.6,0,0.0
A_RIDGE,4,does,textual,coefficient,0.011483155928702766,0.011581415544122717,0.017666118604336246,0.01493359776294117,-0.00862610458559601,0.018747191856016455,5,1.0,5,0.8,0.2,0.8,0,0.0
A_RIDGE,4,stuff,textual,coefficient,0.007926912891462223,0.020157935389863234,0.004535320313656878,0.014928733755490118,-0.009813993157588406,0.04008488030512989,5,1.0,5,0.6,0.4,0.6,0,0.0
A_RIDGE,4,working memory,textual,coefficient,-0.014699866409929995,0.017128637936623045,-0.007933323654108034,0.014699866409929995,-0.03734386814781711,0.0,3,0.6,3,0.0,0.6,1.0,0,0.0
A_RIDGE,4,change,textual,coefficient,0.0003860014686651675,0.02124551789603588,0.0015325115566716112,0.014577372307569109,-0.02516513671378103,0.032441332273203956,5,1.0,5,0.6,0.4,0.6,0,0.0
A_RIDGE,4,normal,textual,coefficient,0.010734141161111802,0.020150604390956738,0.0,0.014546165817403025,-0.009530061640728062,0.03909390705468948,3,0.6,3,0.4,0.2,0.6666666666666666,0,0.0
A_RIDGE,4,point,textual,coefficient,-0.005627430701455792,0.01838134328968801,0.0,0.014478080971373786,-0.026081145214981484,0.011150785245320906,4,0.8,4,0.4,0.4,0.5,0,0.0
A_RIDGE,4,gets,textual,coefficient,0.0013008946831987865,0.019347489917597768,0.0,0.014340831900197562,-0.02654234295852384,0.019556601872400412,4,0.8,4,0.4,0.4,0.5,0,0.0
A_RIDGE,4,effective,textual,coefficient,0.014149904577711061,0.03164014851089739,0.0,0.014149904577711061,0.0,0.07074952288855531,1,0.2,1,0.2,0.0,1.0,0,0.0
A_RIDGE,4,drink,textual,coefficient,-0.013879681248261458,0.01951738783221142,0.0,0.013879681248261458,-0.040979015001664176,0.0,2,0.4,2,0.0,0.4,1.0,0,0.0
A_RIDGE,4,anger,textual,coefficient,-0.0058963145253297326,0.019744808447743355,0.0,0.013739050669215241,-0.03636380473982354,0.015132886514811638,4,0.8,4,0.4,0.4,0.5,0,0.0
A_RIDGE,4,let talk,textual,coefficient,-0.013696486938470687,0.030626275847358435,0.0,0.013696486938470687,-0.06848243469235343,0.0,1,0.2,1,0.0,0.2,1.0,0,0.0
A_RIDGE,4,present,textual,coefficient,-0.013112621730445658,0.02932071355251742,0.0,0.013112621730445658,-0.0655631086522283,0.0,1,0.2,1,0.0,0.2,1.0,0,0.0
A_RIDGE,4,activities,textual,coefficient,-0.012870805201956164,0.012741170141280036,-0.013532704634103655,0.012870805201956164,-0.026655721150400907,0.0,3,0.6,3,0.0,0.6,1.0,0,0.0
A_RIDGE,4,pay,textual,coefficient,0.012823799686701984,0.014541957914978493,0.009342579857677691,0.012823799686701984,0.0,0.036076166854444494,4,0.8,4,0.8,0.0,1.0,0,0.0
A_RIDGE,4,lead,textual,coefficient,-0.01240610216235368,0.02774088777082996,0.0,0.01240610216235368,-0.0620305108117684,0.0,1,0.2,1,0.0,0.2,1.0,0,0.0
A_RIDGE,4,knowing,textual,coefficient,0.011961356089151736,0.026746405318424316,0.0,0.011961356089151736,0.0,0.05980678044575868,1,0.2,1,0.2,0.0,1.0,0,0.0
A_RIDGE,4,based,textual,coefficient,0.0033767372827397573,0.016476043454794347,0.0,0.011591662871839247,-0.020537313972748727,0.021943525471797804,3,0.6,3,0.4,0.2,0.6666666666666666,0,0.0
A_RIDGE,4,shown,textual,coefficient,0.011576113942857296,0.025884977691512028,0.0,0.011576113942857296,0.0,0.057880569714286484,1,0.2,1,0.2,0.0,1.0,0,0.0
A_RIDGE,4,medicine,textual,coefficient,-0.011374591521142782,0.025434359857567996,0.0,0.011374591521142782,-0.05687295760571391,0.0,1,0.2,1,0.0,0.2,1.0,0,0.0
A_RIDGE,4,lower,textual,coefficient,-0.010889450984793264,0.015007392784526737,-0.00014555500988599953,0.010889450984793264,-0.030267705220524257,0.0,3,0.6,3,0.0,0.6,1.0,0,0.0
A_RIDGE,4,comments,textual,coefficient,0.010104919970148268,0.022595287960446672,0.0,0.010104919970148268,0.0,0.050524599850741335,1,0.2,1,0.2,0.0,1.0,0,0.0
A_RIDGE,4,dysfunction,textual,coefficient,0.005956293243560082,0.012052560726780797,0.007378415918878555,0.010102253241393558,-0.010364899994583687,0.02184760808276003,4,0.8,4,0.6,0.2,0.75,0,0.0
A_RIDGE,4,lots,textual,coefficient,0.01003203854723257,0.02243232014451026,0.0,0.01003203854723257,0.0,0.05016019273616285,1,0.2,1,0.2,0.0,1.0,0,0.0
A_RIDGE,4,risk,textual,coefficient,-0.009851583900626081,0.02202881128784245,0.0,0.009851583900626081,-0.0492579195031304,0.0,1,0.2,1,0.0,0.2,1.0,0,0.0
A_RIDGE,4,used,textual,coefficient,0.008771389449832008,0.013319683301844833,0.0,0.009700914718929803,-0.002323813172744487,0.026452730074842456,3,0.6,3,0.4,0.2,0.6666666666666666,0,0.0
A_RIDGE,4,adhd just,textual,coefficient,-0.009690147930232878,0.021667829484029608,0.0,0.009690147930232878,-0.04845073965116439,0.0,1,0.2,1,0.0,0.2,1.0,0,0.0
A_RIDGE,4,hyperfocus,textual,coefficient,-0.009594843785121956,0.02145472293702408,0.0,0.009594843785121956,-0.04797421892560978,0.0,1,0.2,1,0.0,0.2,1.0,0,0.0
A_RIDGE,4,ability,textual,coefficient,0.005853996381505541,0.016772584629193493,0.0,0.009301342695152207,-0.005281328408353817,0.035373310389500326,4,0.8,4,0.4,0.4,0.5,0,0.0
A_RIDGE,4,absolutely,textual,coefficient,0.009163703945727302,0.014888857397086168,0.0,0.009163703945727302,0.0,0.03424308696124439,2,0.4,2,0.4,0.0,1.0,0,0.0
A_RIDGE,4,regulate,textual,coefficient,0.006383435944513198,0.014990611320180447,0.0,0.009048190749364863,-0.006661887012129163,0.031820735418168516,3,0.6,3,0.4,0.2,0.6666666666666666,0,0.0
A_RIDGE,4,feeling,textual,coefficient,0.0019660702966222575,0.013045784568909634,-0.001492381909840355,0.008739448499821629,-0.012578279198717833,0.02269078891159916,5,1.0,5,0.4,0.6,0.6,0,0.0
A_RIDGE,4,shows,textual,coefficient,0.008055585934606284,0.018012837748370824,0.0,0.008055585934606284,0.0,0.04027792967303142,1,0.2,1,0.2,0.0,1.0,0,0.0
A_RIDGE,4,quickly,textual,coefficient,0.008013960431326623,0.012706268840219246,0.0,0.008013960431326623,0.0,0.029093608433623665,2,0.4,2,0.4,0.0,1.0,0,0.0
A_RIDGE,4,pay attention,textual,coefficient,0.007944718415943536,0.011599961490258562,0.0,0.007944718415943536,0.0,0.025555972713759284,2,0.4,2,0.4,0.0,1.0,0,0.0
A_RIDGE,4,sort,textual,coefficient,-0.007939496248810341,0.012444844256844547,0.0,0.007939496248810341,-0.028414065752221315,0.0,2,0.4,2,0.0,0.4,1.0,0,0.0
A_RIDGE,4,hour,textual,coefficient,0.007760166837736006,0.01735226056591729,0.0,0.007760166837736006,0.0,0.03880083418868003,1,0.2,1,0.2,0.0,1.0,0,0.0
A_RIDGE,4,days,textual,coefficient,0.00775494854632121,0.0173405921115874,0.0,0.00775494854632121,0.0,0.03877474273160605,1,0.2,1,0.2,0.0,1.0,0,0.0
A_RIDGE,4,mood,textual,coefficient,-0.007720001031532843,0.017262447092875933,0.0,0.007720001031532843,-0.038600005157664215,0.0,1,0.2,1,0.0,0.2,1.0,0,0.0
A_RIDGE,4,said,textual,coefficient,0.007676442875078587,0.010652585692694222,0.0,0.007676442875078587,0.0,0.021635694438459734,2,0.4,2,0.4,0.0,1.0,0,0.0
A_RIDGE,4,impact,textual,coefficient,-0.0017272500691642126,0.010863418806810271,0.0,0.007410780047730438,-0.014896224288859264,0.014208824946415562,3,0.6,3,0.2,0.4,0.6666666666666666,0,0.0
A_RIDGE,4,half,textual,coefficient,0.007236289551617805,0.016180835342288886,0.0,0.007236289551617805,0.0,0.03618144775808903,1,0.2,1,0.2,0.0,1.0,0,0.0
A_RIDGE,4,ask,textual,coefficient,0.007190583911246093,0.006767731609324087,0.007516212376260964,0.007190583911246093,0.0,0.014898290398179612,4,0.8,4,0.8,0.0,1.0,0,0.0
A_RIDGE,4,open,textual,coefficient,-0.006905736312488862,0.010590056928144754,0.0,0.006905736312488862,-0.024007050467734777,0.0,2,0.4,2,0.0,0.4,1.0,0,0.0
A_RIDGE,4,starting,textual,coefficient,-0.006755697596573035,0.015106199061369256,0.0,0.006755697596573035,-0.033778487982865174,0.0,1,0.2,1,0.0,0.2,1.0,0,0.0
A_RIDGE,4,running,textual,coefficient,-0.006551678200908978,0.014649997823935999,0.0,0.006551678200908978,-0.03275839100454489,0.0,1,0.2,1,0.0,0.2,1.0,0,0.0
A_RIDGE,4,focused,textual,coefficient,-0.0043132299558809005,0.009644675383938112,0.0,0.0043132299558809005,-0.021566149779404502,0.0,1,0.2,1,0.0,0.2,1.0,0,0.0
A_RIDGE,4,listen,textual,coefficient,-0.0041191279373459025,0.009210650075923933,0.0,0.0041191279373459025,-0.020595639686729512,0.0,1,0.2,1,0.0,0.2,1.0,0,0.0
A_RIDGE,4,typically,textual,coefficient,-0.0040292116217796065,0.009009591082031372,0.0,0.0040292116217796065,-0.020146058108898034,0.0,1,0.2,1,0.0,0.2,1.0,0,0.0
A_RIDGE,4,definitely,textual,coefficient,0.003874020807586544,0.008662573872012145,0.0,0.003874020807586544,0.0,0.01937010403793272,1,0.2,1,0.2,0.0,1.0,0,0.0
A_RIDGE,4,share,textual,coefficient,-0.003861432261771168,0.008634425027831094,0.0,0.003861432261771168,-0.01930716130885584,0.0,1,0.2,1,0.0,0.2,1.0,0,0.0
A_RIDGE,4,order,textual,coefficient,0.0010346191344265412,0.0052732900998095755,0.0,0.0035050257819643064,-0.0061760166188444135,0.008323912812753277,3,0.6,3,0.4,0.2,0.6666666666666666,0,0.0
A_RIDGE,4,cortex,textual,coefficient,0.0034507727312024458,0.006031231772930244,0.0,0.0034507727312024458,0.0,0.013927605534108729,2,0.4,2,0.4,0.0,1.0,0,0.0
A_RIDGE,4,sound,textual,coefficient,0.0010587438551602866,0.006084409135825501,0.0,0.003342730608316139,-0.0057099668828896315,0.011003686158691064,2,0.4,2,0.2,0.2,0.5,0,0.0
A_RIDGE,4,chronic,textual,coefficient,0.003039960688140896,0.006797558747610082,0.0,0.003039960688140896,0.0,0.01519980344070448,1,0.2,1,0.2,0.0,1.0,0,0.0
A_RIDGE,4,pain,textual,coefficient,-0.002870213606574443,0.006417992734245292,0.0,0.002870213606574443,-0.014351068032872215,0.0,1,0.2,1,0.0,0.2,1.0,0,0.0
A_RIDGE,4,prefrontal cortex,textual,coefficient,0.0028415884067825546,0.006353984841641116,0.0,0.0028415884067825546,0.0,0.014207942033912773,1,0.2,1,0.2,0.0,1.0,0,0.0
A_RIDGE,4,turn,textual,coefficient,-0.002717229460684728,0.006075909784556144,0.0,0.002717229460684728,-0.01358614730342364,0.0,1,0.2,1,0.0,0.2,1.0,0,0.0
A_RIDGE,4,learning,textual,coefficient,-0.0026077093042899844,0.003571998610684796,0.0,0.0026077093042899844,-0.006652666816289462,0.0,2,0.4,2,0.0,0.4,1.0,0,0.0
A_RIDGE,4,30,textual,coefficient,-0.002324291108939323,0.005197272919086695,0.0,0.002324291108939323,-0.011621455544696615,0.0,1,0.2,1,0.0,0.2,1.0,0,0.0
A_RIDGE,4,family,textual,coefficient,0.0015587519985964659,0.0026260031759318707,0.0,0.0015587519985964659,0.0,0.006060298850013699,2,0.4,2,0.4,0.0,1.0,0,0.0
A_RIDGE,4,aren,textual,coefficient,0.0008511546607958718,0.002650801106014211,0.0,0.00134680374487527,-0.0012391227101984953,0.005494896014177854,2,0.4,2,0.2,0.2,0.5,0,0.0
A_RIDGE,4,coming,textual,coefficient,0.001295285842829152,0.0028963471948590925,0.0,0.001295285842829152,0.0,0.00647642921414576,1,0.2,1,0.2,0.0,1.0,0,0.0
A_RIDGE,4,norepinephrine,textual,coefficient,-0.0012399109510548981,0.0027725251726051668,0.0,0.0012399109510548981,-0.006199554755274491,0.0,1,0.2,1,0.0,0.2,1.0,0,0.0
A_RIDGE,4,home,textual,coefficient,-6.65988544287147e-05,0.00014891956572621898,0.0,6.65988544287147e-05,-0.0003329942721435735,0.0,1,0.2,1,0.0,0.2,1.0,0,0.0
