condition,fold,class_label,feature_index,feature,feature_group,weight_type,weight,absolute_weight,direction,absolute_rank,positive_rank,negative_rank
B_LOGISTIC_REGRESSION,final_training_fit,1,253,symptoms,textual,coefficient,1.6261414070310753,1.6261414070310753,positive,1,1,
B_LOGISTIC_REGRESSION,final_training_fit,1,185,music,textual,coefficient,1.0785963489655574,1.0785963489655574,positive,2,2,
B_LOGISTIC_REGRESSION,final_training_fit,1,258,tasks,textual,coefficient,0.9921673162600609,0.9921673162600609,positive,3,3,
B_LOGISTIC_REGRESSION,final_training_fit,1,240,stimulant,textual,coefficient,0.9481162429522231,0.9481162429522231,positive,4,4,
B_LOGISTIC_REGRESSION,final_training_fit,1,78,dopamine,textual,coefficient,-0.9393066053156633,0.9393066053156633,negative,5,,1
B_LOGISTIC_REGRESSION,final_training_fit,1,118,having,textual,coefficient,0.9146610517275268,0.9146610517275268,positive,6,5,
B_LOGISTIC_REGRESSION,final_training_fit,1,186,need,textual,coefficient,-0.8843785925611266,0.8843785925611266,negative,7,,2
B_LOGISTIC_REGRESSION,final_training_fit,1,125,higher,textual,coefficient,0.824376196914298,0.824376196914298,positive,8,6,
B_LOGISTIC_REGRESSION,final_training_fit,1,7,actually,textual,coefficient,-0.7979485028459484,0.7979485028459484,negative,9,,3
B_LOGISTIC_REGRESSION,final_training_fit,1,65,diet,textual,coefficient,-0.7967745428604531,0.7967745428604531,negative,10,,4
B_LOGISTIC_REGRESSION,final_training_fit,1,262,test,textual,coefficient,-0.7773440564415824,0.7773440564415824,negative,11,,5
B_LOGISTIC_REGRESSION,final_training_fit,1,273,trouble,textual,coefficient,0.7660948899254275,0.7660948899254275,positive,12,7,
B_LOGISTIC_REGRESSION,final_training_fit,1,111,good,textual,coefficient,-0.7653415320871152,0.7653415320871152,negative,13,,6
B_LOGISTIC_REGRESSION,final_training_fit,1,133,impulsivity,textual,coefficient,0.7473075328380291,0.7473075328380291,positive,14,8,
B_LOGISTIC_REGRESSION,final_training_fit,1,288,way,textual,coefficient,-0.7207432805007228,0.7207432805007228,negative,15,,7
B_LOGISTIC_REGRESSION,final_training_fit,1,36,brain,textual,coefficient,-0.7176786465266236,0.7176786465266236,negative,16,,8
B_LOGISTIC_REGRESSION,final_training_fit,1,49,common,textual,coefficient,0.7125792517549938,0.7125792517549938,positive,17,9,
B_LOGISTIC_REGRESSION,final_training_fit,1,207,problems,textual,coefficient,0.7002437617725734,0.7002437617725734,positive,18,10,
B_LOGISTIC_REGRESSION,final_training_fit,1,215,rejection,textual,coefficient,-0.6464456135163354,0.6464456135163354,negative,19,,9
B_LOGISTIC_REGRESSION,final_training_fit,1,284,ve,textual,coefficient,-0.6252385582951557,0.6252385582951557,negative,20,,10
B_LOGISTIC_REGRESSION,final_training_fit,1,176,medication,textual,coefficient,0.6235612310002479,0.6235612310002479,positive,21,11,
B_LOGISTIC_REGRESSION,final_training_fit,1,132,impulsive,textual,coefficient,0.6070430679381698,0.6070430679381698,positive,22,12,
B_LOGISTIC_REGRESSION,final_training_fit,1,295,worse,textual,coefficient,-0.5937373726191322,0.5937373726191322,negative,23,,11
B_LOGISTIC_REGRESSION,final_training_fit,1,137,instead,textual,coefficient,0.5834519018974332,0.5834519018974332,positive,24,13,
B_LOGISTIC_REGRESSION,final_training_fit,1,80,easily,textual,coefficient,0.5832440620668463,0.5832440620668463,positive,25,14,
B_LOGISTIC_REGRESSION,final_training_fit,1,250,sugar,textual,coefficient,-0.5746670684433033,0.5746670684433033,negative,26,,12
B_LOGISTIC_REGRESSION,final_training_fit,1,66,difference,textual,coefficient,0.5657901222925725,0.5657901222925725,positive,27,15,
B_LOGISTIC_REGRESSION,final_training_fit,1,34,bit,textual,coefficient,-0.5579689926860568,0.5579689926860568,negative,28,,13
B_LOGISTIC_REGRESSION,final_training_fit,1,276,type,textual,coefficient,-0.5578777540666338,0.5578777540666338,negative,29,,14
B_LOGISTIC_REGRESSION,final_training_fit,1,24,attention deficit,textual,coefficient,-0.5525785194446927,0.5525785194446927,negative,30,,15
B_LOGISTIC_REGRESSION,final_training_fit,1,21,anxiety,textual,coefficient,0.5438798013934449,0.5438798013934449,positive,31,16,
B_LOGISTIC_REGRESSION,final_training_fit,1,134,inattentive,textual,coefficient,0.5388661923801745,0.5388661923801745,positive,32,17,
B_LOGISTIC_REGRESSION,final_training_fit,1,263,thing,textual,coefficient,-0.536082446046412,0.536082446046412,negative,33,,16
B_LOGISTIC_REGRESSION,final_training_fit,1,210,real,textual,coefficient,0.5358086060554124,0.5358086060554124,positive,34,18,
B_LOGISTIC_REGRESSION,final_training_fit,1,232,sit,textual,coefficient,-0.5357657327726429,0.5357657327726429,negative,35,,17
B_LOGISTIC_REGRESSION,final_training_fit,1,270,time,textual,coefficient,-0.5321925190014377,0.5321925190014377,negative,36,,18
B_LOGISTIC_REGRESSION,final_training_fit,1,135,increase,textual,coefficient,-0.5291549198882609,0.5291549198882609,negative,37,,19
B_LOGISTIC_REGRESSION,final_training_fit,1,251,support,textual,coefficient,0.5250341776994538,0.5250341776994538,positive,38,19,
B_LOGISTIC_REGRESSION,final_training_fit,1,117,harder,textual,coefficient,0.5223730485237317,0.5223730485237317,positive,39,20,
B_LOGISTIC_REGRESSION,final_training_fit,1,184,motivation,textual,coefficient,-0.5157719492531038,0.5157719492531038,negative,40,,20
B_LOGISTIC_REGRESSION,final_training_fit,1,103,foods,textual,coefficient,-0.5135845532588083,0.5135845532588083,negative,41,,21
B_LOGISTIC_REGRESSION,final_training_fit,1,237,start,textual,coefficient,0.5121225063844643,0.5121225063844643,positive,42,21,
B_LOGISTIC_REGRESSION,final_training_fit,1,196,patients,textual,coefficient,-0.5117587171430802,0.5117587171430802,negative,43,,22
B_LOGISTIC_REGRESSION,final_training_fit,1,181,mind,textual,coefficient,-0.5110711486213986,0.5110711486213986,negative,44,,23
B_LOGISTIC_REGRESSION,final_training_fit,1,146,late,textual,coefficient,-0.5057772407668008,0.5057772407668008,negative,45,,24
B_LOGISTIC_REGRESSION,final_training_fit,1,266,think,textual,coefficient,0.4959115752793761,0.4959115752793761,positive,46,22,
B_LOGISTIC_REGRESSION,final_training_fit,1,287,want,textual,coefficient,-0.49383845147068195,0.49383845147068195,negative,47,,25
B_LOGISTIC_REGRESSION,final_training_fit,1,128,hyper,textual,coefficient,-0.4906916649258374,0.4906916649258374,negative,48,,26
B_LOGISTIC_REGRESSION,final_training_fit,1,59,deficit,textual,coefficient,-0.48822265702777934,0.48822265702777934,negative,49,,27
B_LOGISTIC_REGRESSION,final_training_fit,1,278,um,textual,coefficient,0.4839192641672405,0.4839192641672405,positive,50,23,
B_LOGISTIC_REGRESSION,final_training_fit,1,75,doing,textual,coefficient,0.48240075951955985,0.48240075951955985,positive,51,24,
B_LOGISTIC_REGRESSION,final_training_fit,1,198,people,textual,coefficient,-0.47733312052448645,0.47733312052448645,negative,52,,28
B_LOGISTIC_REGRESSION,final_training_fit,1,76,don,textual,coefficient,-0.47340500785867257,0.47340500785867257,negative,53,,29
B_LOGISTIC_REGRESSION,final_training_fit,1,226,sensitive,textual,coefficient,-0.45964818533663754,0.45964818533663754,negative,54,,30
B_LOGISTIC_REGRESSION,final_training_fit,1,84,emotions,textual,coefficient,0.4581659354603377,0.4581659354603377,positive,55,25,
B_LOGISTIC_REGRESSION,final_training_fit,1,4,absolutely,textual,coefficient,0.456589502136266,0.456589502136266,positive,56,26,
B_LOGISTIC_REGRESSION,final_training_fit,1,152,levels,textual,coefficient,-0.45614397659694594,0.45614397659694594,negative,57,,31
B_LOGISTIC_REGRESSION,final_training_fit,1,190,new,textual,coefficient,-0.44559255923499597,0.44559255923499597,negative,58,,32
B_LOGISTIC_REGRESSION,final_training_fit,1,48,comes,textual,coefficient,-0.4409158798604692,0.4409158798604692,negative,59,,33
B_LOGISTIC_REGRESSION,final_training_fit,1,5,activities,textual,coefficient,0.4375475891274619,0.4375475891274619,positive,60,27,
B_LOGISTIC_REGRESSION,final_training_fit,1,110,going,textual,coefficient,-0.43223820271340513,0.43223820271340513,negative,61,,34
B_LOGISTIC_REGRESSION,final_training_fit,1,92,experience,textual,coefficient,0.431187019472577,0.431187019472577,positive,62,28,
B_LOGISTIC_REGRESSION,final_training_fit,1,94,fast,textual,coefficient,-0.42569142685473105,0.42569142685473105,negative,63,,35
B_LOGISTIC_REGRESSION,final_training_fit,1,177,medications,textual,coefficient,0.42555626781604583,0.42555626781604583,positive,64,29,
B_LOGISTIC_REGRESSION,final_training_fit,1,271,times,textual,coefficient,0.42554732999275025,0.42554732999275025,positive,65,30,
B_LOGISTIC_REGRESSION,final_training_fit,1,168,lower,textual,coefficient,-0.4245349528992957,0.4245349528992957,negative,66,,36
B_LOGISTIC_REGRESSION,final_training_fit,1,42,care,textual,coefficient,-0.42212179041698894,0.42212179041698894,negative,67,,37
B_LOGISTIC_REGRESSION,final_training_fit,1,247,studies,textual,coefficient,0.42189060381661386,0.42189060381661386,positive,68,31,
B_LOGISTIC_REGRESSION,final_training_fit,1,230,signs,textual,coefficient,0.42170905781288603,0.42170905781288603,positive,69,32,
B_LOGISTIC_REGRESSION,final_training_fit,1,113,great,textual,coefficient,-0.42062011901173635,0.42062011901173635,negative,70,,38
B_LOGISTIC_REGRESSION,final_training_fit,1,212,reason,textual,coefficient,-0.41989264396933745,0.41989264396933745,negative,71,,39
B_LOGISTIC_REGRESSION,final_training_fit,1,183,morning,textual,coefficient,-0.4184296676578137,0.4184296676578137,negative,72,,40
B_LOGISTIC_REGRESSION,final_training_fit,1,175,means,textual,coefficient,-0.41221984335181266,0.41221984335181266,negative,73,,41
B_LOGISTIC_REGRESSION,final_training_fit,1,274,try,textual,coefficient,-0.41032661620741595,0.41032661620741595,negative,74,,42
B_LOGISTIC_REGRESSION,final_training_fit,1,298,years,textual,coefficient,-0.40705050756920336,0.40705050756920336,negative,75,,43
B_LOGISTIC_REGRESSION,final_training_fit,1,41,calm,textual,coefficient,-0.401522027762191,0.401522027762191,negative,76,,44
B_LOGISTIC_REGRESSION,final_training_fit,1,188,nervous,textual,coefficient,-0.3997010876144897,0.3997010876144897,negative,77,,45
B_LOGISTIC_REGRESSION,final_training_fit,1,56,cortex,textual,coefficient,-0.39288872105721856,0.39288872105721856,negative,78,,46
B_LOGISTIC_REGRESSION,final_training_fit,1,219,right,textual,coefficient,-0.3846267813202904,0.3846267813202904,negative,79,,47
B_LOGISTIC_REGRESSION,final_training_fit,1,95,feel,textual,coefficient,-0.38000602722722865,0.38000602722722865,negative,80,,48
B_LOGISTIC_REGRESSION,final_training_fit,1,282,using,textual,coefficient,0.37825310258022943,0.37825310258022943,positive,81,33,
B_LOGISTIC_REGRESSION,final_training_fit,1,62,diagnosis,textual,coefficient,0.3773183718963627,0.3773183718963627,positive,82,34,
B_LOGISTIC_REGRESSION,final_training_fit,1,213,regulate,textual,coefficient,-0.37602140738464435,0.37602140738464435,negative,83,,49
B_LOGISTIC_REGRESSION,final_training_fit,1,8,add,textual,coefficient,-0.375033018082251,0.375033018082251,negative,84,,50
B_LOGISTIC_REGRESSION,final_training_fit,1,158,little bit,textual,coefficient,-0.37500126611948936,0.37500126611948936,negative,85,,51
B_LOGISTIC_REGRESSION,final_training_fit,1,239,stay,textual,coefficient,-0.37311521362292077,0.37311521362292077,negative,86,,52
B_LOGISTIC_REGRESSION,final_training_fit,1,85,end,textual,coefficient,0.3673036894611534,0.3673036894611534,positive,87,35,
B_LOGISTIC_REGRESSION,final_training_fit,1,58,day,textual,coefficient,-0.3617658000448642,0.3617658000448642,negative,88,,53
B_LOGISTIC_REGRESSION,final_training_fit,1,51,condition,textual,coefficient,0.36163050955068743,0.36163050955068743,positive,89,36,
B_LOGISTIC_REGRESSION,final_training_fit,1,74,doesn,textual,coefficient,-0.3557953007001725,0.3557953007001725,negative,90,,54
B_LOGISTIC_REGRESSION,final_training_fit,1,155,likely,textual,coefficient,-0.35408837739883103,0.35408837739883103,negative,91,,55
B_LOGISTIC_REGRESSION,final_training_fit,1,115,happens,textual,coefficient,-0.35086033667181343,0.35086033667181343,negative,92,,56
B_LOGISTIC_REGRESSION,final_training_fit,1,243,strategies,textual,coefficient,0.3501785120414228,0.3501785120414228,positive,93,37,
B_LOGISTIC_REGRESSION,final_training_fit,1,83,emotional,textual,coefficient,0.3493786015492951,0.3493786015492951,positive,94,38,
B_LOGISTIC_REGRESSION,final_training_fit,1,69,difficulty,textual,coefficient,0.34933063584537843,0.34933063584537843,positive,95,39,
B_LOGISTIC_REGRESSION,final_training_fit,1,139,issues,textual,coefficient,-0.34842498174003256,0.34842498174003256,negative,96,,57
B_LOGISTIC_REGRESSION,final_training_fit,1,162,look,textual,coefficient,0.3469992625447548,0.3469992625447548,positive,97,40,
B_LOGISTIC_REGRESSION,final_training_fit,1,40,called,textual,coefficient,-0.3459529112318411,0.3459529112318411,negative,98,,58
B_LOGISTIC_REGRESSION,final_training_fit,1,255,talk,textual,coefficient,-0.3455710401123482,0.3455710401123482,negative,99,,59
B_LOGISTIC_REGRESSION,final_training_fit,1,124,high,textual,coefficient,-0.34018889596120117,0.34018889596120117,negative,100,,60
B_LOGISTIC_REGRESSION,final_training_fit,1,12,adhd medication,textual,coefficient,0.33964463619575347,0.33964463619575347,positive,101,41,
B_LOGISTIC_REGRESSION,final_training_fit,1,299,yes,textual,coefficient,0.3387290967658841,0.3387290967658841,positive,102,42,
B_LOGISTIC_REGRESSION,final_training_fit,1,245,struggle,textual,coefficient,-0.33834739477049625,0.33834739477049625,negative,103,,61
B_LOGISTIC_REGRESSION,final_training_fit,1,55,control,textual,coefficient,-0.338278398769061,0.338278398769061,negative,104,,62
B_LOGISTIC_REGRESSION,final_training_fit,1,143,kind,textual,coefficient,-0.3292900377982105,0.3292900377982105,negative,105,,63
B_LOGISTIC_REGRESSION,final_training_fit,1,254,taking,textual,coefficient,-0.3265522104855587,0.3265522104855587,negative,106,,64
B_LOGISTIC_REGRESSION,final_training_fit,1,283,usually,textual,coefficient,-0.3208938993916267,0.3208938993916267,negative,107,,65
B_LOGISTIC_REGRESSION,final_training_fit,1,199,people adhd,textual,coefficient,-0.31905392339999084,0.31905392339999084,negative,108,,66
B_LOGISTIC_REGRESSION,final_training_fit,1,60,depression,textual,coefficient,-0.31381812509505386,0.31381812509505386,negative,109,,67
B_LOGISTIC_REGRESSION,final_training_fit,1,260,tend,textual,coefficient,-0.3126973114958351,0.3126973114958351,negative,110,,68
B_LOGISTIC_REGRESSION,final_training_fit,1,54,constantly,textual,coefficient,0.30989797220078713,0.30989797220078713,positive,111,43,
B_LOGISTIC_REGRESSION,final_training_fit,1,27,away,textual,coefficient,-0.30969582648221394,0.30969582648221394,negative,112,,69
B_LOGISTIC_REGRESSION,final_training_fit,1,159,ll,textual,coefficient,-0.30878745553566656,0.30878745553566656,negative,113,,70
B_LOGISTIC_REGRESSION,final_training_fit,1,114,gut,textual,coefficient,-0.30860738484989514,0.30860738484989514,negative,114,,71
B_LOGISTIC_REGRESSION,final_training_fit,1,52,consequences,textual,coefficient,-0.30395141417983745,0.30395141417983745,negative,115,,72
B_LOGISTIC_REGRESSION,final_training_fit,1,102,food,textual,coefficient,-0.30064229106577295,0.30064229106577295,negative,116,,73
B_LOGISTIC_REGRESSION,final_training_fit,1,163,looking,textual,coefficient,0.3001744330129216,0.3001744330129216,positive,117,44,
B_LOGISTIC_REGRESSION,final_training_fit,1,202,physical,textual,coefficient,-0.2996608898702333,0.2996608898702333,negative,118,,74
B_LOGISTIC_REGRESSION,final_training_fit,1,301,hedge_score,handcrafted_linguistic,coefficient,0.2988416483533423,0.2988416483533423,positive,119,45,
B_LOGISTIC_REGRESSION,final_training_fit,1,87,especially,textual,coefficient,-0.2987918247202195,0.2987918247202195,negative,120,,75
B_LOGISTIC_REGRESSION,final_training_fit,1,209,quickly,textual,coefficient,0.29838047049244454,0.29838047049244454,positive,121,46,
B_LOGISTIC_REGRESSION,final_training_fit,1,160,long,textual,coefficient,-0.29155419229419616,0.29155419229419616,negative,122,,76
B_LOGISTIC_REGRESSION,final_training_fit,1,235,social,textual,coefficient,-0.29076947042959594,0.29076947042959594,negative,123,,77
B_LOGISTIC_REGRESSION,final_training_fit,1,37,brains,textual,coefficient,-0.2867123206025863,0.2867123206025863,negative,124,,78
B_LOGISTIC_REGRESSION,final_training_fit,1,206,problem,textual,coefficient,0.28002570910297586,0.28002570910297586,positive,125,47,
B_LOGISTIC_REGRESSION,final_training_fit,1,154,like,textual,coefficient,0.27856562354710096,0.27856562354710096,positive,126,48,
B_LOGISTIC_REGRESSION,final_training_fit,1,157,little,textual,coefficient,-0.2780513505476767,0.2780513505476767,negative,127,,79
B_LOGISTIC_REGRESSION,final_training_fit,1,10,adhd brain,textual,coefficient,-0.27715429259458607,0.27715429259458607,negative,128,,80
B_LOGISTIC_REGRESSION,final_training_fit,1,193,oh,textual,coefficient,0.2755277696242332,0.2755277696242332,positive,129,49,
B_LOGISTIC_REGRESSION,final_training_fit,1,130,hyperactivity,textual,coefficient,-0.27537217632446737,0.27537217632446737,negative,130,,81
B_LOGISTIC_REGRESSION,final_training_fit,1,161,long term,textual,coefficient,-0.275290552827052,0.275290552827052,negative,131,,82
B_LOGISTIC_REGRESSION,final_training_fit,1,227,sensory,textual,coefficient,-0.2750064421991539,0.2750064421991539,negative,132,,83
B_LOGISTIC_REGRESSION,final_training_fit,1,277,uh,textual,coefficient,-0.2730822441197758,0.2730822441197758,negative,133,,84
B_LOGISTIC_REGRESSION,final_training_fit,1,120,hear,textual,coefficient,0.2724287095847402,0.2724287095847402,positive,134,50,
B_LOGISTIC_REGRESSION,final_training_fit,1,18,affect,textual,coefficient,0.2692591338330216,0.2692591338330216,positive,135,51,
B_LOGISTIC_REGRESSION,final_training_fit,1,123,helps,textual,coefficient,-0.26591725315155196,0.26591725315155196,negative,136,,85
B_LOGISTIC_REGRESSION,final_training_fit,1,105,fucking,textual,coefficient,-0.2646777835188252,0.2646777835188252,negative,137,,86
B_LOGISTIC_REGRESSION,final_training_fit,1,63,did,textual,coefficient,-0.26447341553510556,0.26447341553510556,negative,138,,87
B_LOGISTIC_REGRESSION,final_training_fit,1,39,caffeine,textual,coefficient,-0.26098317154192574,0.26098317154192574,negative,139,,88
B_LOGISTIC_REGRESSION,final_training_fit,1,82,eating,textual,coefficient,-0.2595755692980862,0.2595755692980862,negative,140,,89
B_LOGISTIC_REGRESSION,final_training_fit,1,129,hyperactive,textual,coefficient,0.25919925962680734,0.25919925962680734,positive,141,52,
B_LOGISTIC_REGRESSION,final_training_fit,1,173,maybe,textual,coefficient,-0.2582409556990214,0.2582409556990214,negative,142,,90
B_LOGISTIC_REGRESSION,final_training_fit,1,166,love,textual,coefficient,-0.25764190114757934,0.25764190114757934,negative,143,,91
B_LOGISTIC_REGRESSION,final_training_fit,1,127,hours,textual,coefficient,0.2574793037505246,0.2574793037505246,positive,144,53,
B_LOGISTIC_REGRESSION,final_training_fit,1,100,focus,textual,coefficient,-0.2570658207271247,0.2570658207271247,negative,145,,92
B_LOGISTIC_REGRESSION,final_training_fit,1,13,adhd people,textual,coefficient,-0.2569306670743928,0.2569306670743928,negative,146,,93
B_LOGISTIC_REGRESSION,final_training_fit,1,200,person,textual,coefficient,0.2565208352821681,0.2565208352821681,positive,147,54,
B_LOGISTIC_REGRESSION,final_training_fit,1,229,short,textual,coefficient,-0.2552768626080637,0.2552768626080637,negative,148,,94
B_LOGISTIC_REGRESSION,final_training_fit,1,136,information,textual,coefficient,-0.25322053610401735,0.25322053610401735,negative,149,,95
B_LOGISTIC_REGRESSION,final_training_fit,1,35,body,textual,coefficient,-0.25035582148551927,0.25035582148551927,negative,150,,96
B_LOGISTIC_REGRESSION,final_training_fit,1,33,big,textual,coefficient,0.24805612337997776,0.24805612337997776,positive,151,55,
B_LOGISTIC_REGRESSION,final_training_fit,1,28,bad,textual,coefficient,-0.24497340866808184,0.24497340866808184,negative,152,,97
B_LOGISTIC_REGRESSION,final_training_fit,1,96,feel like,textual,coefficient,0.24403007500834203,0.24403007500834203,positive,153,56,
B_LOGISTIC_REGRESSION,final_training_fit,1,241,stimulants,textual,coefficient,0.243497241370125,0.243497241370125,positive,154,57,
B_LOGISTIC_REGRESSION,final_training_fit,1,172,manage,textual,coefficient,-0.23976815374226587,0.23976815374226587,negative,155,,98
B_LOGISTIC_REGRESSION,final_training_fit,1,14,adhd symptoms,textual,coefficient,0.23815620417425468,0.23815620417425468,positive,156,58,
B_LOGISTIC_REGRESSION,final_training_fit,1,248,study,textual,coefficient,0.2371522008910472,0.2371522008910472,positive,157,59,
B_LOGISTIC_REGRESSION,final_training_fit,1,170,makes,textual,coefficient,-0.23647441721214263,0.23647441721214263,negative,158,,99
B_LOGISTIC_REGRESSION,final_training_fit,1,20,anger,textual,coefficient,-0.23581374239744168,0.23581374239744168,negative,159,,100
B_LOGISTIC_REGRESSION,final_training_fit,1,31,best,textual,coefficient,0.22984238892807443,0.22984238892807443,positive,160,60,
B_LOGISTIC_REGRESSION,final_training_fit,1,214,regulation,textual,coefficient,0.22930632602128267,0.22930632602128267,positive,161,61,
B_LOGISTIC_REGRESSION,final_training_fit,1,107,gets,textual,coefficient,-0.22749821073429546,0.22749821073429546,negative,162,,101
B_LOGISTIC_REGRESSION,final_training_fit,1,153,life,textual,coefficient,0.22516825239670912,0.22516825239670912,positive,163,62,
B_LOGISTIC_REGRESSION,final_training_fit,1,205,probably,textual,coefficient,-0.2243489946858712,0.2243489946858712,negative,164,,102
B_LOGISTIC_REGRESSION,final_training_fit,1,79,dysfunction,textual,coefficient,-0.2233769912290827,0.2233769912290827,negative,165,,103
B_LOGISTIC_REGRESSION,final_training_fit,1,29,based,textual,coefficient,0.2203503564458694,0.2203503564458694,positive,166,63,
B_LOGISTIC_REGRESSION,final_training_fit,1,150,let,textual,coefficient,-0.21889086527662707,0.21889086527662707,negative,167,,104
B_LOGISTIC_REGRESSION,final_training_fit,1,285,ve got,textual,coefficient,-0.2149710990379679,0.2149710990379679,negative,168,,105
B_LOGISTIC_REGRESSION,final_training_fit,1,269,thoughts,textual,coefficient,-0.21482272665284313,0.21482272665284313,negative,169,,106
B_LOGISTIC_REGRESSION,final_training_fit,1,106,function,textual,coefficient,0.21425438196728347,0.21425438196728347,positive,170,64,
B_LOGISTIC_REGRESSION,final_training_fit,1,259,tell,textual,coefficient,-0.21352293915033058,0.21352293915033058,negative,171,,107
B_LOGISTIC_REGRESSION,final_training_fit,1,19,alcohol,textual,coefficient,-0.2077800159499781,0.2077800159499781,negative,172,,108
B_LOGISTIC_REGRESSION,final_training_fit,1,290,women,textual,coefficient,-0.2066079268744387,0.2066079268744387,negative,173,,109
B_LOGISTIC_REGRESSION,final_training_fit,1,244,stress,textual,coefficient,0.2053967641619068,0.2053967641619068,positive,174,65,
B_LOGISTIC_REGRESSION,final_training_fit,1,1,20,textual,coefficient,0.2047994171950754,0.2047994171950754,positive,175,66,
B_LOGISTIC_REGRESSION,final_training_fit,1,93,fact,textual,coefficient,-0.20428834754957695,0.20428834754957695,negative,176,,110
B_LOGISTIC_REGRESSION,final_training_fit,1,286,video,textual,coefficient,0.20343945574984001,0.20343945574984001,positive,177,67,
B_LOGISTIC_REGRESSION,final_training_fit,1,121,help,textual,coefficient,-0.2012601223030505,0.2012601223030505,negative,178,,111
B_LOGISTIC_REGRESSION,final_training_fit,1,211,really,textual,coefficient,0.19974483271367285,0.19974483271367285,positive,179,68,
B_LOGISTIC_REGRESSION,final_training_fit,1,126,highly,textual,coefficient,-0.19819816618020625,0.19819816618020625,negative,180,,112
B_LOGISTIC_REGRESSION,final_training_fit,1,220,say,textual,coefficient,-0.19810818192298632,0.19810818192298632,negative,181,,113
B_LOGISTIC_REGRESSION,final_training_fit,1,291,work,textual,coefficient,0.1968980790344969,0.1968980790344969,positive,182,69,
B_LOGISTIC_REGRESSION,final_training_fit,1,221,saying,textual,coefficient,0.19231644818043975,0.19231644818043975,positive,183,70,
B_LOGISTIC_REGRESSION,final_training_fit,1,15,adhders,textual,coefficient,-0.18854154492190495,0.18854154492190495,negative,184,,114
B_LOGISTIC_REGRESSION,final_training_fit,1,238,state,textual,coefficient,-0.18708552063049158,0.18708552063049158,negative,185,,115
B_LOGISTIC_REGRESSION,final_training_fit,1,252,sure,textual,coefficient,0.1855551693450943,0.1855551693450943,positive,186,71,
B_LOGISTIC_REGRESSION,final_training_fit,1,171,making,textual,coefficient,0.18553330505317042,0.18553330505317042,positive,187,72,
B_LOGISTIC_REGRESSION,final_training_fit,1,11,adhd brains,textual,coefficient,-0.18395633717783902,0.18395633717783902,negative,188,,116
B_LOGISTIC_REGRESSION,final_training_fit,1,222,school,textual,coefficient,0.1833813022029448,0.1833813022029448,positive,189,73,
B_LOGISTIC_REGRESSION,final_training_fit,1,268,thought,textual,coefficient,-0.18225000283001938,0.18225000283001938,negative,190,,117
B_LOGISTIC_REGRESSION,final_training_fit,1,122,helpful,textual,coefficient,-0.1789482528885732,0.1789482528885732,negative,191,,118
B_LOGISTIC_REGRESSION,final_training_fit,1,142,kids,textual,coefficient,0.17701528669658398,0.17701528669658398,positive,192,74,
B_LOGISTIC_REGRESSION,final_training_fit,1,112,got,textual,coefficient,-0.17331790231852232,0.17331790231852232,negative,193,,119
B_LOGISTIC_REGRESSION,final_training_fit,1,272,treatment,textual,coefficient,0.1723572869364966,0.1723572869364966,positive,194,75,
B_LOGISTIC_REGRESSION,final_training_fit,1,223,second,textual,coefficient,-0.17094493333451619,0.17094493333451619,negative,195,,120
B_LOGISTIC_REGRESSION,final_training_fit,1,57,create,textual,coefficient,0.168840862136592,0.168840862136592,positive,196,76,
B_LOGISTIC_REGRESSION,final_training_fit,1,98,feels,textual,coefficient,-0.16539532496893847,0.16539532496893847,negative,197,,121
B_LOGISTIC_REGRESSION,final_training_fit,1,174,mean,textual,coefficient,-0.16513182263798784,0.16513182263798784,negative,198,,122
B_LOGISTIC_REGRESSION,final_training_fit,1,204,point,textual,coefficient,-0.16472001586662002,0.16472001586662002,negative,199,,123
B_LOGISTIC_REGRESSION,final_training_fit,1,26,avoid,textual,coefficient,-0.1613078735287528,0.1613078735287528,negative,200,,124
B_LOGISTIC_REGRESSION,final_training_fit,1,67,different,textual,coefficient,-0.157632192348868,0.157632192348868,negative,201,,125
B_LOGISTIC_REGRESSION,final_training_fit,1,44,change,textual,coefficient,-0.15721142756386092,0.15721142756386092,negative,202,,126
B_LOGISTIC_REGRESSION,final_training_fit,1,70,disorder,textual,coefficient,-0.1566063151080401,0.1566063151080401,negative,203,,127
B_LOGISTIC_REGRESSION,final_training_fit,1,6,activity,textual,coefficient,-0.15270045806109703,0.15270045806109703,negative,204,,128
B_LOGISTIC_REGRESSION,final_training_fit,1,88,everybody,textual,coefficient,0.15134994058465648,0.15134994058465648,positive,205,77,
B_LOGISTIC_REGRESSION,final_training_fit,1,189,neurotypical,textual,coefficient,-0.14992128446711617,0.14992128446711617,negative,206,,129
B_LOGISTIC_REGRESSION,final_training_fit,1,61,diagnosed,textual,coefficient,0.1494330795823817,0.1494330795823817,positive,207,78,
B_LOGISTIC_REGRESSION,final_training_fit,1,197,pay,textual,coefficient,-0.1488990156108755,0.1488990156108755,negative,208,,130
B_LOGISTIC_REGRESSION,final_training_fit,1,203,place,textual,coefficient,-0.14617486918693753,0.14617486918693753,negative,209,,131
B_LOGISTIC_REGRESSION,final_training_fit,1,192,number,textual,coefficient,-0.1439047107402503,0.1439047107402503,negative,210,,132
B_LOGISTIC_REGRESSION,final_training_fit,1,194,okay,textual,coefficient,-0.14355504820487291,0.14355504820487291,negative,211,,133
B_LOGISTIC_REGRESSION,final_training_fit,1,50,completely,textual,coefficient,-0.14129212863303364,0.14129212863303364,negative,212,,134
B_LOGISTIC_REGRESSION,final_training_fit,1,116,hard,textual,coefficient,-0.13909315391570234,0.13909315391570234,negative,213,,135
B_LOGISTIC_REGRESSION,final_training_fit,1,99,finally,textual,coefficient,-0.13718805528609385,0.13718805528609385,negative,214,,136
B_LOGISTIC_REGRESSION,final_training_fit,1,141,just,textual,coefficient,-0.13711667392517998,0.13711667392517998,negative,215,,137
B_LOGISTIC_REGRESSION,final_training_fit,1,231,single,textual,coefficient,-0.13631066315654017,0.13631066315654017,negative,216,,138
B_LOGISTIC_REGRESSION,final_training_fit,1,294,world,textual,coefficient,-0.13568410756290208,0.13568410756290208,negative,217,,139
B_LOGISTIC_REGRESSION,final_training_fit,1,38,burnout,textual,coefficient,0.13454397348059371,0.13454397348059371,positive,218,79,
B_LOGISTIC_REGRESSION,final_training_fit,1,164,lot,textual,coefficient,-0.13327229522825104,0.13327229522825104,negative,219,,140
B_LOGISTIC_REGRESSION,final_training_fit,1,242,stop,textual,coefficient,0.13231637402296162,0.13231637402296162,positive,220,80,
B_LOGISTIC_REGRESSION,final_training_fit,1,0,10,textual,coefficient,-0.13197578358899578,0.13197578358899578,negative,221,,141
B_LOGISTIC_REGRESSION,final_training_fit,1,165,lot people,textual,coefficient,0.12987713604945286,0.12987713604945286,positive,222,81,
B_LOGISTIC_REGRESSION,final_training_fit,1,265,things like,textual,coefficient,-0.12864899269403335,0.12864899269403335,negative,223,,142
B_LOGISTIC_REGRESSION,final_training_fit,1,264,things,textual,coefficient,-0.12814994503376928,0.12814994503376928,negative,224,,143
B_LOGISTIC_REGRESSION,final_training_fit,1,195,overwhelmed,textual,coefficient,0.12397906069905851,0.12397906069905851,positive,225,82,
B_LOGISTIC_REGRESSION,final_training_fit,1,275,trying,textual,coefficient,-0.12392217200169069,0.12392217200169069,negative,226,,144
B_LOGISTIC_REGRESSION,final_training_fit,1,149,learning,textual,coefficient,-0.11853721164072345,0.11853721164072345,negative,227,,145
B_LOGISTIC_REGRESSION,final_training_fit,1,45,child,textual,coefficient,-0.11755002461924598,0.11755002461924598,negative,228,,146
B_LOGISTIC_REGRESSION,final_training_fit,1,17,adults,textual,coefficient,0.11691760484804861,0.11691760484804861,positive,229,83,
B_LOGISTIC_REGRESSION,final_training_fit,1,224,self,textual,coefficient,-0.11643418450053758,0.11643418450053758,negative,230,,147
B_LOGISTIC_REGRESSION,final_training_fit,1,77,don know,textual,coefficient,-0.1161328754055786,0.1161328754055786,negative,231,,148
B_LOGISTIC_REGRESSION,final_training_fit,1,97,feeling,textual,coefficient,-0.1159544616935859,0.1159544616935859,negative,232,,149
B_LOGISTIC_REGRESSION,final_training_fit,1,289,ways,textual,coefficient,0.11478798058278496,0.11478798058278496,positive,233,84,
B_LOGISTIC_REGRESSION,final_training_fit,1,191,normal,textual,coefficient,-0.11296767374961567,0.11296767374961567,negative,234,,150
B_LOGISTIC_REGRESSION,final_training_fit,1,3,able,textual,coefficient,-0.11274802623707791,0.11274802623707791,negative,235,,151
B_LOGISTIC_REGRESSION,final_training_fit,1,169,make,textual,coefficient,0.11153458299959904,0.11153458299959904,positive,236,85,
B_LOGISTIC_REGRESSION,final_training_fit,1,151,level,textual,coefficient,0.10993246105967412,0.10993246105967412,positive,237,86,
B_LOGISTIC_REGRESSION,final_training_fit,1,46,children,textual,coefficient,0.10877417757043606,0.10877417757043606,positive,238,87,
B_LOGISTIC_REGRESSION,final_training_fit,1,218,research,textual,coefficient,0.1082467628430781,0.1082467628430781,positive,239,88,
B_LOGISTIC_REGRESSION,final_training_fit,1,156,literally,textual,coefficient,-0.10610000121628492,0.10610000121628492,negative,240,,152
B_LOGISTIC_REGRESSION,final_training_fit,1,249,stuff,textual,coefficient,-0.10417431524753236,0.10417431524753236,negative,241,,153
B_LOGISTIC_REGRESSION,final_training_fit,1,131,important,textual,coefficient,-0.10258125323001048,0.10258125323001048,negative,242,,154
B_LOGISTIC_REGRESSION,final_training_fit,1,296,wrong,textual,coefficient,0.10145767677265645,0.10145767677265645,positive,243,89,
B_LOGISTIC_REGRESSION,final_training_fit,1,280,use,textual,coefficient,-0.10118658775280258,0.10118658775280258,negative,244,,155
B_LOGISTIC_REGRESSION,final_training_fit,1,109,goes,textual,coefficient,-0.09891661108918236,0.09891661108918236,negative,245,,156
B_LOGISTIC_REGRESSION,final_training_fit,1,267,thinking,textual,coefficient,0.09891148615215761,0.09891148615215761,positive,246,90,
B_LOGISTIC_REGRESSION,final_training_fit,1,2,ability,textual,coefficient,-0.09586916511118102,0.09586916511118102,negative,247,,157
B_LOGISTIC_REGRESSION,final_training_fit,1,81,eat,textual,coefficient,-0.0952614486964555,0.0952614486964555,negative,248,,158
B_LOGISTIC_REGRESSION,final_training_fit,1,16,adult,textual,coefficient,0.09461329579716468,0.09461329579716468,positive,249,91,
B_LOGISTIC_REGRESSION,final_training_fit,1,187,needs,textual,coefficient,-0.09458015176997343,0.09458015176997343,negative,250,,159
B_LOGISTIC_REGRESSION,final_training_fit,1,182,minutes,textual,coefficient,-0.09445889879566483,0.09445889879566483,negative,251,,160
B_LOGISTIC_REGRESSION,final_training_fit,1,73,does,textual,coefficient,-0.0937664709756572,0.0937664709756572,negative,252,,161
B_LOGISTIC_REGRESSION,final_training_fit,1,297,yeah,textual,coefficient,0.09172836822858856,0.09172836822858856,positive,253,92,
B_LOGISTIC_REGRESSION,final_training_fit,1,256,talking,textual,coefficient,0.08894385653003085,0.08894385653003085,positive,254,93,
B_LOGISTIC_REGRESSION,final_training_fit,1,234,small,textual,coefficient,0.08759626078391486,0.08759626078391486,positive,255,94,
B_LOGISTIC_REGRESSION,final_training_fit,1,233,sleep,textual,coefficient,-0.0871038386897277,0.0871038386897277,negative,256,,162
B_LOGISTIC_REGRESSION,final_training_fit,1,236,somebody,textual,coefficient,-0.0849704558640257,0.0849704558640257,negative,257,,163
B_LOGISTIC_REGRESSION,final_training_fit,1,64,didn,textual,coefficient,-0.08204612222721884,0.08204612222721884,negative,258,,164
B_LOGISTIC_REGRESSION,final_training_fit,1,9,adhd,textual,coefficient,0.07964529707113834,0.07964529707113834,positive,259,95,
B_LOGISTIC_REGRESSION,final_training_fit,1,148,learn,textual,coefficient,0.07949299360535944,0.07949299360535944,positive,260,96,
B_LOGISTIC_REGRESSION,final_training_fit,1,167,low,textual,coefficient,0.0776667771973635,0.0776667771973635,positive,261,97,
B_LOGISTIC_REGRESSION,final_training_fit,1,86,energy,textual,coefficient,-0.07320669937851461,0.07320669937851461,negative,262,,165
B_LOGISTIC_REGRESSION,final_training_fit,1,25,autism,textual,coefficient,-0.07033275161375077,0.07033275161375077,negative,263,,166
B_LOGISTIC_REGRESSION,final_training_fit,1,281,used,textual,coefficient,0.06998584449713798,0.06998584449713798,positive,264,98,
B_LOGISTIC_REGRESSION,final_training_fit,1,144,know,textual,coefficient,0.06953114291613466,0.06953114291613466,positive,265,99,
B_LOGISTIC_REGRESSION,final_training_fit,1,179,memory,textual,coefficient,-0.06934169769282278,0.06934169769282278,negative,266,,167
B_LOGISTIC_REGRESSION,final_training_fit,1,138,isn,textual,coefficient,0.06876660115803664,0.06876660115803664,positive,267,100,
B_LOGISTIC_REGRESSION,final_training_fit,1,145,lack,textual,coefficient,-0.06746488733038905,0.06746488733038905,negative,268,,168
B_LOGISTIC_REGRESSION,final_training_fit,1,208,protein,textual,coefficient,-0.0658197782543694,0.0658197782543694,negative,269,,169
B_LOGISTIC_REGRESSION,final_training_fit,1,257,task,textual,coefficient,0.06180648006211132,0.06180648006211132,positive,270,101,
B_LOGISTIC_REGRESSION,final_training_fit,1,53,constant,textual,coefficient,0.059786100356584354,0.059786100356584354,positive,271,102,
B_LOGISTIC_REGRESSION,final_training_fit,1,178,meds,textual,coefficient,0.05741081139464772,0.05741081139464772,positive,272,103,
B_LOGISTIC_REGRESSION,final_training_fit,1,261,term,textual,coefficient,0.05639265222253197,0.05639265222253197,positive,273,104,
B_LOGISTIC_REGRESSION,final_training_fit,1,119,health,textual,coefficient,0.05474551355220304,0.05474551355220304,positive,274,105,
B_LOGISTIC_REGRESSION,final_training_fit,1,225,sense,textual,coefficient,0.052436357826966824,0.052436357826966824,positive,275,106,
B_LOGISTIC_REGRESSION,final_training_fit,1,279,understand,textual,coefficient,-0.051065761780243524,0.051065761780243524,negative,276,,170
B_LOGISTIC_REGRESSION,final_training_fit,1,43,certain,textual,coefficient,-0.04953469696542186,0.04953469696542186,negative,277,,171
B_LOGISTIC_REGRESSION,final_training_fit,1,292,working,textual,coefficient,-0.04662138223101263,0.04662138223101263,negative,278,,172
B_LOGISTIC_REGRESSION,final_training_fit,1,90,executive,textual,coefficient,0.04475452391420518,0.04475452391420518,positive,279,107,
B_LOGISTIC_REGRESSION,final_training_fit,1,147,later,textual,coefficient,-0.04092137246256203,0.04092137246256203,negative,280,,173
B_LOGISTIC_REGRESSION,final_training_fit,1,101,follow,textual,coefficient,-0.039692461728859256,0.039692461728859256,negative,281,,174
B_LOGISTIC_REGRESSION,final_training_fit,1,180,mental,textual,coefficient,0.03945514517625394,0.03945514517625394,positive,282,108,
B_LOGISTIC_REGRESSION,final_training_fit,1,30,behavior,textual,coefficient,0.038504597161731366,0.038504597161731366,positive,283,109,
B_LOGISTIC_REGRESSION,final_training_fit,1,293,works,textual,coefficient,0.03619119229497763,0.03619119229497763,positive,284,110,
B_LOGISTIC_REGRESSION,final_training_fit,1,104,forget,textual,coefficient,0.03354282721654766,0.03354282721654766,positive,285,111,
B_LOGISTIC_REGRESSION,final_training_fit,1,72,doctor,textual,coefficient,-0.03220175168357309,0.03220175168357309,negative,286,,175
B_LOGISTIC_REGRESSION,final_training_fit,1,201,phone,textual,coefficient,-0.031963986402055625,0.031963986402055625,negative,287,,176
B_LOGISTIC_REGRESSION,final_training_fit,1,32,better,textual,coefficient,0.031683035757028334,0.031683035757028334,positive,288,112,
B_LOGISTIC_REGRESSION,final_training_fit,1,89,example,textual,coefficient,0.02955265418912568,0.02955265418912568,positive,289,113,
B_LOGISTIC_REGRESSION,final_training_fit,1,300,certainty_score,handcrafted_linguistic,coefficient,-0.027055115584032494,0.027055115584032494,negative,290,,177
B_LOGISTIC_REGRESSION,final_training_fit,1,91,exercise,textual,coefficient,-0.026250911839386517,0.026250911839386517,negative,291,,178
B_LOGISTIC_REGRESSION,final_training_fit,1,108,getting,textual,coefficient,-0.025928143229325903,0.025928143229325903,negative,292,,179
B_LOGISTIC_REGRESSION,final_training_fit,1,71,distracted,textual,coefficient,0.0232553083497194,0.0232553083497194,positive,293,114,
B_LOGISTIC_REGRESSION,final_training_fit,1,216,relationships,textual,coefficient,-0.021522263913619076,0.021522263913619076,negative,294,,180
B_LOGISTIC_REGRESSION,final_training_fit,1,228,seven,textual,coefficient,-0.015457397376811642,0.015457397376811642,negative,295,,181
B_LOGISTIC_REGRESSION,final_training_fit,1,217,remember,textual,coefficient,0.014480529722771323,0.014480529722771323,positive,296,115,
B_LOGISTIC_REGRESSION,final_training_fit,1,22,ask,textual,coefficient,-0.013689064752416784,0.013689064752416784,negative,297,,182
B_LOGISTIC_REGRESSION,final_training_fit,1,47,come,textual,coefficient,0.012434401740177686,0.012434401740177686,positive,298,116,
B_LOGISTIC_REGRESSION,final_training_fit,1,140,job,textual,coefficient,-0.012332276618846692,0.012332276618846692,negative,299,,183
B_LOGISTIC_REGRESSION,final_training_fit,1,68,differently,textual,coefficient,0.005894870320964356,0.005894870320964356,positive,300,117,
B_LOGISTIC_REGRESSION,final_training_fit,1,23,attention,textual,coefficient,-0.005461483031139894,0.005461483031139894,negative,301,,184
B_LOGISTIC_REGRESSION,final_training_fit,1,246,struggling,textual,coefficient,-0.0009312536204654313,0.0009312536204654313,negative,302,,185
B_LOGISTIC_REGRESSION,final_training_fit,2,65,diet,textual,coefficient,1.2636844644106362,1.2636844644106362,positive,1,1,
B_LOGISTIC_REGRESSION,final_training_fit,2,130,hyperactivity,textual,coefficient,1.0963372184088702,1.0963372184088702,positive,2,2,
B_LOGISTIC_REGRESSION,final_training_fit,2,94,fast,textual,coefficient,0.9894081158189343,0.9894081158189343,positive,3,3,
B_LOGISTIC_REGRESSION,final_training_fit,2,288,way,textual,coefficient,0.9592130170837342,0.9592130170837342,positive,4,4,
B_LOGISTIC_REGRESSION,final_training_fit,2,135,increase,textual,coefficient,0.9589720268249192,0.9589720268249192,positive,5,5,
B_LOGISTIC_REGRESSION,final_training_fit,2,153,life,textual,coefficient,-0.9016886320002676,0.9016886320002676,negative,6,,1
B_LOGISTIC_REGRESSION,final_training_fit,2,215,rejection,textual,coefficient,0.8622842143563858,0.8622842143563858,positive,7,6,
B_LOGISTIC_REGRESSION,final_training_fit,2,103,foods,textual,coefficient,0.8428571815702155,0.8428571815702155,positive,8,7,
B_LOGISTIC_REGRESSION,final_training_fit,2,196,patients,textual,coefficient,0.7893992957813177,0.7893992957813177,positive,9,8,
B_LOGISTIC_REGRESSION,final_training_fit,2,184,motivation,textual,coefficient,0.7842341526655836,0.7842341526655836,positive,10,9,
B_LOGISTIC_REGRESSION,final_training_fit,2,269,thoughts,textual,coefficient,0.7809306440686692,0.7809306440686692,positive,11,10,
B_LOGISTIC_REGRESSION,final_training_fit,2,283,usually,textual,coefficient,0.7787054380237323,0.7787054380237323,positive,12,11,
B_LOGISTIC_REGRESSION,final_training_fit,2,241,stimulants,textual,coefficient,0.746633169779875,0.746633169779875,positive,13,12,
B_LOGISTIC_REGRESSION,final_training_fit,2,111,good,textual,coefficient,0.7420771753967357,0.7420771753967357,positive,14,13,
B_LOGISTIC_REGRESSION,final_training_fit,2,262,test,textual,coefficient,0.7391404769629455,0.7391404769629455,positive,15,14,
B_LOGISTIC_REGRESSION,final_training_fit,2,137,instead,textual,coefficient,-0.7389884812920957,0.7389884812920957,negative,16,,2
B_LOGISTIC_REGRESSION,final_training_fit,2,25,autism,textual,coefficient,0.7313986246039293,0.7313986246039293,positive,17,15,
B_LOGISTIC_REGRESSION,final_training_fit,2,23,attention,textual,coefficient,0.7215281547703426,0.7215281547703426,positive,18,16,
B_LOGISTIC_REGRESSION,final_training_fit,2,143,kind,textual,coefficient,0.714857988571252,0.714857988571252,positive,19,17,
B_LOGISTIC_REGRESSION,final_training_fit,2,255,talk,textual,coefficient,0.7133644337868601,0.7133644337868601,positive,20,18,
B_LOGISTIC_REGRESSION,final_training_fit,2,124,high,textual,coefficient,0.7000121445686471,0.7000121445686471,positive,21,19,
B_LOGISTIC_REGRESSION,final_training_fit,2,232,sit,textual,coefficient,0.6943527786087782,0.6943527786087782,positive,22,20,
B_LOGISTIC_REGRESSION,final_training_fit,2,277,uh,textual,coefficient,0.6942467600588629,0.6942467600588629,positive,23,21,
B_LOGISTIC_REGRESSION,final_training_fit,2,42,care,textual,coefficient,0.6598501379338382,0.6598501379338382,positive,24,22,
B_LOGISTIC_REGRESSION,final_training_fit,2,206,problem,textual,coefficient,-0.6354414055891752,0.6354414055891752,negative,25,,3
B_LOGISTIC_REGRESSION,final_training_fit,2,31,best,textual,coefficient,-0.6244263031533108,0.6244263031533108,negative,26,,4
B_LOGISTIC_REGRESSION,final_training_fit,2,141,just,textual,coefficient,0.6030809524137394,0.6030809524137394,positive,27,23,
B_LOGISTIC_REGRESSION,final_training_fit,2,217,remember,textual,coefficient,0.6027534575899807,0.6027534575899807,positive,28,24,
B_LOGISTIC_REGRESSION,final_training_fit,2,7,actually,textual,coefficient,0.5979201617929785,0.5979201617929785,positive,29,25,
B_LOGISTIC_REGRESSION,final_training_fit,2,244,stress,textual,coefficient,-0.5953583531727323,0.5953583531727323,negative,30,,5
B_LOGISTIC_REGRESSION,final_training_fit,2,227,sensory,textual,coefficient,0.5879283081783351,0.5879283081783351,positive,31,26,
B_LOGISTIC_REGRESSION,final_training_fit,2,128,hyper,textual,coefficient,0.5813457660088479,0.5813457660088479,positive,32,27,
B_LOGISTIC_REGRESSION,final_training_fit,2,263,thing,textual,coefficient,-0.5799829186220767,0.5799829186220767,negative,33,,6
B_LOGISTIC_REGRESSION,final_training_fit,2,83,emotional,textual,coefficient,-0.576507573684566,0.576507573684566,negative,34,,7
B_LOGISTIC_REGRESSION,final_training_fit,2,211,really,textual,coefficient,-0.572508388187959,0.572508388187959,negative,35,,8
B_LOGISTIC_REGRESSION,final_training_fit,2,166,love,textual,coefficient,-0.5717891306208113,0.5717891306208113,negative,36,,9
B_LOGISTIC_REGRESSION,final_training_fit,2,189,neurotypical,textual,coefficient,-0.5681509869946767,0.5681509869946767,negative,37,,10
B_LOGISTIC_REGRESSION,final_training_fit,2,11,adhd brains,textual,coefficient,-0.5633050497849148,0.5633050497849148,negative,38,,11
B_LOGISTIC_REGRESSION,final_training_fit,2,239,stay,textual,coefficient,0.558066754443483,0.558066754443483,positive,39,28,
B_LOGISTIC_REGRESSION,final_training_fit,2,14,adhd symptoms,textual,coefficient,0.5560284641762383,0.5560284641762383,positive,40,29,
B_LOGISTIC_REGRESSION,final_training_fit,2,24,attention deficit,textual,coefficient,0.5478947396890703,0.5478947396890703,positive,41,30,
B_LOGISTIC_REGRESSION,final_training_fit,2,63,did,textual,coefficient,-0.5261471687523507,0.5261471687523507,negative,42,,12
B_LOGISTIC_REGRESSION,final_training_fit,2,157,little,textual,coefficient,0.5255839209169212,0.5255839209169212,positive,43,31,
B_LOGISTIC_REGRESSION,final_training_fit,2,242,stop,textual,coefficient,-0.5252414081958791,0.5252414081958791,negative,44,,13
B_LOGISTIC_REGRESSION,final_training_fit,2,117,harder,textual,coefficient,-0.5244942830333468,0.5244942830333468,negative,45,,14
B_LOGISTIC_REGRESSION,final_training_fit,2,21,anxiety,textual,coefficient,-0.5239096866684622,0.5239096866684622,negative,46,,15
B_LOGISTIC_REGRESSION,final_training_fit,2,258,tasks,textual,coefficient,-0.5203565522146218,0.5203565522146218,negative,47,,16
B_LOGISTIC_REGRESSION,final_training_fit,2,164,lot,textual,coefficient,-0.5144344687687528,0.5144344687687528,negative,48,,17
B_LOGISTIC_REGRESSION,final_training_fit,2,158,little bit,textual,coefficient,0.512973686750357,0.512973686750357,positive,49,32,
B_LOGISTIC_REGRESSION,final_training_fit,2,60,depression,textual,coefficient,0.5129039772503038,0.5129039772503038,positive,50,33,
B_LOGISTIC_REGRESSION,final_training_fit,2,172,manage,textual,coefficient,0.510817829000229,0.510817829000229,positive,51,34,
B_LOGISTIC_REGRESSION,final_training_fit,2,86,energy,textual,coefficient,-0.5101727509605882,0.5101727509605882,negative,52,,18
B_LOGISTIC_REGRESSION,final_training_fit,2,138,isn,textual,coefficient,0.5094488631942683,0.5094488631942683,positive,53,35,
B_LOGISTIC_REGRESSION,final_training_fit,2,122,helpful,textual,coefficient,-0.5038710592312864,0.5038710592312864,negative,54,,19
B_LOGISTIC_REGRESSION,final_training_fit,2,54,constantly,textual,coefficient,-0.5027376387460691,0.5027376387460691,negative,55,,20
B_LOGISTIC_REGRESSION,final_training_fit,2,240,stimulant,textual,coefficient,-0.5027365600930334,0.5027365600930334,negative,56,,21
B_LOGISTIC_REGRESSION,final_training_fit,2,261,term,textual,coefficient,0.4981644271008948,0.4981644271008948,positive,57,36,
B_LOGISTIC_REGRESSION,final_training_fit,2,191,normal,textual,coefficient,-0.49792943577780946,0.49792943577780946,negative,58,,22
B_LOGISTIC_REGRESSION,final_training_fit,2,139,issues,textual,coefficient,0.49413335250630974,0.49413335250630974,positive,59,37,
B_LOGISTIC_REGRESSION,final_training_fit,2,72,doctor,textual,coefficient,0.49311441343258927,0.49311441343258927,positive,60,38,
B_LOGISTIC_REGRESSION,final_training_fit,2,266,think,textual,coefficient,-0.4889209439511611,0.4889209439511611,negative,61,,23
B_LOGISTIC_REGRESSION,final_training_fit,2,276,type,textual,coefficient,0.4811704622753199,0.4811704622753199,positive,62,39,
B_LOGISTIC_REGRESSION,final_training_fit,2,161,long term,textual,coefficient,0.4783814681338543,0.4783814681338543,positive,63,40,
B_LOGISTIC_REGRESSION,final_training_fit,2,169,make,textual,coefficient,-0.4727108386100668,0.4727108386100668,negative,64,,24
B_LOGISTIC_REGRESSION,final_training_fit,2,85,end,textual,coefficient,-0.4638609451909533,0.4638609451909533,negative,65,,25
B_LOGISTIC_REGRESSION,final_training_fit,2,145,lack,textual,coefficient,0.4637697148003358,0.4637697148003358,positive,66,41,
B_LOGISTIC_REGRESSION,final_training_fit,2,100,focus,textual,coefficient,0.4612272760627981,0.4612272760627981,positive,67,42,
B_LOGISTIC_REGRESSION,final_training_fit,2,270,time,textual,coefficient,0.4507134213649629,0.4507134213649629,positive,68,43,
B_LOGISTIC_REGRESSION,final_training_fit,2,167,low,textual,coefficient,-0.4498399017651328,0.4498399017651328,negative,69,,26
B_LOGISTIC_REGRESSION,final_training_fit,2,279,understand,textual,coefficient,0.4494787217757679,0.4494787217757679,positive,70,44,
B_LOGISTIC_REGRESSION,final_training_fit,2,16,adult,textual,coefficient,0.447489065398202,0.447489065398202,positive,71,45,
B_LOGISTIC_REGRESSION,final_training_fit,2,116,hard,textual,coefficient,0.43980857215985286,0.43980857215985286,positive,72,46,
B_LOGISTIC_REGRESSION,final_training_fit,2,265,things like,textual,coefficient,0.4376208587237829,0.4376208587237829,positive,73,47,
B_LOGISTIC_REGRESSION,final_training_fit,2,98,feels,textual,coefficient,-0.4360044644006263,0.4360044644006263,negative,74,,27
B_LOGISTIC_REGRESSION,final_training_fit,2,271,times,textual,coefficient,-0.4355595531698951,0.4355595531698951,negative,75,,28
B_LOGISTIC_REGRESSION,final_training_fit,2,296,wrong,textual,coefficient,-0.43306169452692944,0.43306169452692944,negative,76,,29
B_LOGISTIC_REGRESSION,final_training_fit,2,273,trouble,textual,coefficient,-0.43208822397654695,0.43208822397654695,negative,77,,30
B_LOGISTIC_REGRESSION,final_training_fit,2,66,difference,textual,coefficient,-0.42744881795931083,0.42744881795931083,negative,78,,31
B_LOGISTIC_REGRESSION,final_training_fit,2,9,adhd,textual,coefficient,0.42606844394814775,0.42606844394814775,positive,79,48,
B_LOGISTIC_REGRESSION,final_training_fit,2,112,got,textual,coefficient,-0.42522089048205536,0.42522089048205536,negative,80,,32
B_LOGISTIC_REGRESSION,final_training_fit,2,114,gut,textual,coefficient,-0.4214925682601705,0.4214925682601705,negative,81,,33
B_LOGISTIC_REGRESSION,final_training_fit,2,219,right,textual,coefficient,0.4189924239643986,0.4189924239643986,positive,82,49,
B_LOGISTIC_REGRESSION,final_training_fit,2,17,adults,textual,coefficient,0.4152725461203529,0.4152725461203529,positive,83,50,
B_LOGISTIC_REGRESSION,final_training_fit,2,20,anger,textual,coefficient,-0.4112641798917549,0.4112641798917549,negative,84,,34
B_LOGISTIC_REGRESSION,final_training_fit,2,125,higher,textual,coefficient,-0.410940306432471,0.410940306432471,negative,85,,35
B_LOGISTIC_REGRESSION,final_training_fit,2,3,able,textual,coefficient,0.4059577447069601,0.4059577447069601,positive,86,51,
B_LOGISTIC_REGRESSION,final_training_fit,2,146,late,textual,coefficient,0.4046019137045969,0.4046019137045969,positive,87,52,
B_LOGISTIC_REGRESSION,final_training_fit,2,131,important,textual,coefficient,-0.3998970630823186,0.3998970630823186,negative,88,,36
B_LOGISTIC_REGRESSION,final_training_fit,2,281,used,textual,coefficient,-0.39734396027462165,0.39734396027462165,negative,89,,37
B_LOGISTIC_REGRESSION,final_training_fit,2,78,dopamine,textual,coefficient,-0.3957590438400469,0.3957590438400469,negative,90,,38
B_LOGISTIC_REGRESSION,final_training_fit,2,202,physical,textual,coefficient,0.3943572809468499,0.3943572809468499,positive,91,53,
B_LOGISTIC_REGRESSION,final_training_fit,2,62,diagnosis,textual,coefficient,0.39402942665176666,0.39402942665176666,positive,92,54,
B_LOGISTIC_REGRESSION,final_training_fit,2,275,trying,textual,coefficient,-0.3899439984890798,0.3899439984890798,negative,93,,39
B_LOGISTIC_REGRESSION,final_training_fit,2,225,sense,textual,coefficient,-0.38966093433573395,0.38966093433573395,negative,94,,40
B_LOGISTIC_REGRESSION,final_training_fit,2,0,10,textual,coefficient,-0.3889367128950033,0.3889367128950033,negative,95,,41
B_LOGISTIC_REGRESSION,final_training_fit,2,238,state,textual,coefficient,-0.3854030940580467,0.3854030940580467,negative,96,,42
B_LOGISTIC_REGRESSION,final_training_fit,2,136,information,textual,coefficient,0.3826104876006329,0.3826104876006329,positive,97,55,
B_LOGISTIC_REGRESSION,final_training_fit,2,165,lot people,textual,coefficient,-0.3791918929605401,0.3791918929605401,negative,98,,43
B_LOGISTIC_REGRESSION,final_training_fit,2,156,literally,textual,coefficient,-0.37845012717731624,0.37845012717731624,negative,99,,44
B_LOGISTIC_REGRESSION,final_training_fit,2,268,thought,textual,coefficient,-0.37744490636761496,0.37744490636761496,negative,100,,45
B_LOGISTIC_REGRESSION,final_training_fit,2,247,studies,textual,coefficient,0.37394677527327336,0.37394677527327336,positive,101,56,
B_LOGISTIC_REGRESSION,final_training_fit,2,160,long,textual,coefficient,0.37295152803778603,0.37295152803778603,positive,102,57,
B_LOGISTIC_REGRESSION,final_training_fit,2,99,finally,textual,coefficient,0.3702564877885794,0.3702564877885794,positive,103,58,
B_LOGISTIC_REGRESSION,final_training_fit,2,119,health,textual,coefficient,-0.36916316128381504,0.36916316128381504,negative,104,,46
B_LOGISTIC_REGRESSION,final_training_fit,2,26,avoid,textual,coefficient,-0.3657074995926904,0.3657074995926904,negative,105,,47
B_LOGISTIC_REGRESSION,final_training_fit,2,230,signs,textual,coefficient,0.3649904603828483,0.3649904603828483,positive,106,59,
B_LOGISTIC_REGRESSION,final_training_fit,2,205,probably,textual,coefficient,-0.36389743476370007,0.36389743476370007,negative,107,,48
B_LOGISTIC_REGRESSION,final_training_fit,2,48,comes,textual,coefficient,0.35957780719797533,0.35957780719797533,positive,108,60,
B_LOGISTIC_REGRESSION,final_training_fit,2,186,need,textual,coefficient,0.35936904870272374,0.35936904870272374,positive,109,61,
B_LOGISTIC_REGRESSION,final_training_fit,2,34,bit,textual,coefficient,0.35811094763011997,0.35811094763011997,positive,110,62,
B_LOGISTIC_REGRESSION,final_training_fit,2,33,big,textual,coefficient,-0.35651805264145997,0.35651805264145997,negative,111,,49
B_LOGISTIC_REGRESSION,final_training_fit,2,132,impulsive,textual,coefficient,0.355384313171541,0.355384313171541,positive,112,63,
B_LOGISTIC_REGRESSION,final_training_fit,2,180,mental,textual,coefficient,0.3540380447413248,0.3540380447413248,positive,113,64,
B_LOGISTIC_REGRESSION,final_training_fit,2,49,common,textual,coefficient,-0.35308138167936054,0.35308138167936054,negative,114,,50
B_LOGISTIC_REGRESSION,final_training_fit,2,15,adhders,textual,coefficient,-0.351529008509874,0.351529008509874,negative,115,,51
B_LOGISTIC_REGRESSION,final_training_fit,2,58,day,textual,coefficient,-0.35146256839566076,0.35146256839566076,negative,116,,52
B_LOGISTIC_REGRESSION,final_training_fit,2,46,children,textual,coefficient,0.3511268431013845,0.3511268431013845,positive,117,65,
B_LOGISTIC_REGRESSION,final_training_fit,2,8,add,textual,coefficient,0.34926437250479997,0.34926437250479997,positive,118,66,
B_LOGISTIC_REGRESSION,final_training_fit,2,19,alcohol,textual,coefficient,-0.34702051496874836,0.34702051496874836,negative,119,,53
B_LOGISTIC_REGRESSION,final_training_fit,2,84,emotions,textual,coefficient,-0.3404726076069601,0.3404726076069601,negative,120,,54
B_LOGISTIC_REGRESSION,final_training_fit,2,40,called,textual,coefficient,-0.3401229839427299,0.3401229839427299,negative,121,,55
B_LOGISTIC_REGRESSION,final_training_fit,2,43,certain,textual,coefficient,0.3372147373471322,0.3372147373471322,positive,122,67,
B_LOGISTIC_REGRESSION,final_training_fit,2,280,use,textual,coefficient,0.3319061673310531,0.3319061673310531,positive,123,68,
B_LOGISTIC_REGRESSION,final_training_fit,2,295,worse,textual,coefficient,-0.3312457758144515,0.3312457758144515,negative,124,,56
B_LOGISTIC_REGRESSION,final_training_fit,2,57,create,textual,coefficient,-0.3309748221799802,0.3309748221799802,negative,125,,57
B_LOGISTIC_REGRESSION,final_training_fit,2,204,point,textual,coefficient,-0.3306707250743966,0.3306707250743966,negative,126,,58
B_LOGISTIC_REGRESSION,final_training_fit,2,151,level,textual,coefficient,-0.32500035945468997,0.32500035945468997,negative,127,,59
B_LOGISTIC_REGRESSION,final_training_fit,2,260,tend,textual,coefficient,-0.32294912132445314,0.32294912132445314,negative,128,,60
B_LOGISTIC_REGRESSION,final_training_fit,2,106,function,textual,coefficient,-0.32042575809115387,0.32042575809115387,negative,129,,61
B_LOGISTIC_REGRESSION,final_training_fit,2,59,deficit,textual,coefficient,0.32023581814572005,0.32023581814572005,positive,130,69,
B_LOGISTIC_REGRESSION,final_training_fit,2,18,affect,textual,coefficient,-0.31780731297208037,0.31780731297208037,negative,131,,62
B_LOGISTIC_REGRESSION,final_training_fit,2,47,come,textual,coefficient,-0.3163997816321339,0.3163997816321339,negative,132,,63
B_LOGISTIC_REGRESSION,final_training_fit,2,129,hyperactive,textual,coefficient,0.3155632360599051,0.3155632360599051,positive,133,70,
B_LOGISTIC_REGRESSION,final_training_fit,2,97,feeling,textual,coefficient,0.3136934494421655,0.3136934494421655,positive,134,71,
B_LOGISTIC_REGRESSION,final_training_fit,2,118,having,textual,coefficient,-0.3117634656697466,0.3117634656697466,negative,135,,64
B_LOGISTIC_REGRESSION,final_training_fit,2,252,sure,textual,coefficient,0.311705219842456,0.311705219842456,positive,136,72,
B_LOGISTIC_REGRESSION,final_training_fit,2,70,disorder,textual,coefficient,0.3056505596853425,0.3056505596853425,positive,137,73,
B_LOGISTIC_REGRESSION,final_training_fit,2,13,adhd people,textual,coefficient,0.3048435850974657,0.3048435850974657,positive,138,74,
B_LOGISTIC_REGRESSION,final_training_fit,2,64,didn,textual,coefficient,-0.30472886856363063,0.30472886856363063,negative,139,,65
B_LOGISTIC_REGRESSION,final_training_fit,2,178,meds,textual,coefficient,-0.3039852862254666,0.3039852862254666,negative,140,,66
B_LOGISTIC_REGRESSION,final_training_fit,2,150,let,textual,coefficient,0.29974233209836176,0.29974233209836176,positive,141,75,
B_LOGISTIC_REGRESSION,final_training_fit,2,208,protein,textual,coefficient,-0.2995005102338539,0.2995005102338539,negative,142,,67
B_LOGISTIC_REGRESSION,final_training_fit,2,105,fucking,textual,coefficient,-0.29374808641318656,0.29374808641318656,negative,143,,68
B_LOGISTIC_REGRESSION,final_training_fit,2,76,don,textual,coefficient,0.292281644750507,0.292281644750507,positive,144,76,
B_LOGISTIC_REGRESSION,final_training_fit,2,81,eat,textual,coefficient,-0.2912240433242563,0.2912240433242563,negative,145,,69
B_LOGISTIC_REGRESSION,final_training_fit,2,223,second,textual,coefficient,0.28895324135615985,0.28895324135615985,positive,146,77,
B_LOGISTIC_REGRESSION,final_training_fit,2,267,thinking,textual,coefficient,0.2847829865641944,0.2847829865641944,positive,147,78,
B_LOGISTIC_REGRESSION,final_training_fit,2,45,child,textual,coefficient,-0.2828956081533181,0.2828956081533181,negative,148,,70
B_LOGISTIC_REGRESSION,final_training_fit,2,2,ability,textual,coefficient,-0.27970283992061745,0.27970283992061745,negative,149,,71
B_LOGISTIC_REGRESSION,final_training_fit,2,71,distracted,textual,coefficient,0.2786262247434323,0.2786262247434323,positive,150,79,
B_LOGISTIC_REGRESSION,final_training_fit,2,286,video,textual,coefficient,0.2759938618048569,0.2759938618048569,positive,151,80,
B_LOGISTIC_REGRESSION,final_training_fit,2,193,oh,textual,coefficient,-0.2754214398910911,0.2754214398910911,negative,152,,72
B_LOGISTIC_REGRESSION,final_training_fit,2,185,music,textual,coefficient,-0.272161268186879,0.272161268186879,negative,153,,73
B_LOGISTIC_REGRESSION,final_training_fit,2,75,doing,textual,coefficient,-0.2715894976052139,0.2715894976052139,negative,154,,74
B_LOGISTIC_REGRESSION,final_training_fit,2,264,things,textual,coefficient,-0.27075825623247046,0.27075825623247046,negative,155,,75
B_LOGISTIC_REGRESSION,final_training_fit,2,127,hours,textual,coefficient,-0.2667225142453474,0.2667225142453474,negative,156,,76
B_LOGISTIC_REGRESSION,final_training_fit,2,148,learn,textual,coefficient,-0.26365984970862555,0.26365984970862555,negative,157,,77
B_LOGISTIC_REGRESSION,final_training_fit,2,200,person,textual,coefficient,-0.2626655829520153,0.2626655829520153,negative,158,,78
B_LOGISTIC_REGRESSION,final_training_fit,2,243,strategies,textual,coefficient,0.26065408479392865,0.26065408479392865,positive,159,81,
B_LOGISTIC_REGRESSION,final_training_fit,2,126,highly,textual,coefficient,0.2580676902868058,0.2580676902868058,positive,160,82,
B_LOGISTIC_REGRESSION,final_training_fit,2,170,makes,textual,coefficient,0.25794916273159296,0.25794916273159296,positive,161,83,
B_LOGISTIC_REGRESSION,final_training_fit,2,187,needs,textual,coefficient,0.2534550043287547,0.2534550043287547,positive,162,84,
B_LOGISTIC_REGRESSION,final_training_fit,2,110,going,textual,coefficient,-0.2501773450462651,0.2501773450462651,negative,163,,79
B_LOGISTIC_REGRESSION,final_training_fit,2,147,later,textual,coefficient,-0.24824381465340994,0.24824381465340994,negative,164,,80
B_LOGISTIC_REGRESSION,final_training_fit,2,95,feel,textual,coefficient,-0.24642061477215052,0.24642061477215052,negative,165,,81
B_LOGISTIC_REGRESSION,final_training_fit,2,182,minutes,textual,coefficient,0.24517516483440518,0.24517516483440518,positive,166,85,
B_LOGISTIC_REGRESSION,final_training_fit,2,284,ve,textual,coefficient,-0.24495791777789153,0.24495791777789153,negative,167,,82
B_LOGISTIC_REGRESSION,final_training_fit,2,104,forget,textual,coefficient,-0.24260354410681662,0.24260354410681662,negative,168,,83
B_LOGISTIC_REGRESSION,final_training_fit,2,203,place,textual,coefficient,0.24170320033587225,0.24170320033587225,positive,169,86,
B_LOGISTIC_REGRESSION,final_training_fit,2,82,eating,textual,coefficient,0.24157523969701566,0.24157523969701566,positive,170,87,
B_LOGISTIC_REGRESSION,final_training_fit,2,228,seven,textual,coefficient,0.2364524447746455,0.2364524447746455,positive,171,88,
B_LOGISTIC_REGRESSION,final_training_fit,2,163,looking,textual,coefficient,0.23640769120190902,0.23640769120190902,positive,172,89,
B_LOGISTIC_REGRESSION,final_training_fit,2,4,absolutely,textual,coefficient,-0.23502680951942792,0.23502680951942792,negative,173,,84
B_LOGISTIC_REGRESSION,final_training_fit,2,290,women,textual,coefficient,-0.23372487337119355,0.23372487337119355,negative,174,,85
B_LOGISTIC_REGRESSION,final_training_fit,2,212,reason,textual,coefficient,0.23049162137686344,0.23049162137686344,positive,175,90,
B_LOGISTIC_REGRESSION,final_training_fit,2,253,symptoms,textual,coefficient,0.22904491195800836,0.22904491195800836,positive,176,91,
B_LOGISTIC_REGRESSION,final_training_fit,2,259,tell,textual,coefficient,0.2268135420937558,0.2268135420937558,positive,177,92,
B_LOGISTIC_REGRESSION,final_training_fit,2,210,real,textual,coefficient,0.2264963789382485,0.2264963789382485,positive,178,93,
B_LOGISTIC_REGRESSION,final_training_fit,2,53,constant,textual,coefficient,-0.22569496882836582,0.22569496882836582,negative,179,,86
B_LOGISTIC_REGRESSION,final_training_fit,2,174,mean,textual,coefficient,0.22282031655700663,0.22282031655700663,positive,180,94,
B_LOGISTIC_REGRESSION,final_training_fit,2,89,example,textual,coefficient,-0.2220600106099795,0.2220600106099795,negative,181,,87
B_LOGISTIC_REGRESSION,final_training_fit,2,162,look,textual,coefficient,0.22092481031115935,0.22092481031115935,positive,182,95,
B_LOGISTIC_REGRESSION,final_training_fit,2,221,saying,textual,coefficient,-0.21789054222023763,0.21789054222023763,negative,183,,88
B_LOGISTIC_REGRESSION,final_training_fit,2,108,getting,textual,coefficient,0.21787993276484444,0.21787993276484444,positive,184,96,
B_LOGISTIC_REGRESSION,final_training_fit,2,235,social,textual,coefficient,0.21684847766581622,0.21684847766581622,positive,185,97,
B_LOGISTIC_REGRESSION,final_training_fit,2,278,um,textual,coefficient,-0.2162392248372374,0.2162392248372374,negative,186,,89
B_LOGISTIC_REGRESSION,final_training_fit,2,134,inattentive,textual,coefficient,-0.21485500695520074,0.21485500695520074,negative,187,,90
B_LOGISTIC_REGRESSION,final_training_fit,2,175,means,textual,coefficient,0.2118917908202901,0.2118917908202901,positive,188,98,
B_LOGISTIC_REGRESSION,final_training_fit,2,37,brains,textual,coefficient,-0.2113609590440272,0.2113609590440272,negative,189,,91
B_LOGISTIC_REGRESSION,final_training_fit,2,256,talking,textual,coefficient,0.21100704710101859,0.21100704710101859,positive,190,99,
B_LOGISTIC_REGRESSION,final_training_fit,2,38,burnout,textual,coefficient,-0.2099882699590064,0.2099882699590064,negative,191,,92
B_LOGISTIC_REGRESSION,final_training_fit,2,209,quickly,textual,coefficient,-0.20720698948407154,0.20720698948407154,negative,192,,93
B_LOGISTIC_REGRESSION,final_training_fit,2,229,short,textual,coefficient,0.2065339571558719,0.2065339571558719,positive,193,100,
B_LOGISTIC_REGRESSION,final_training_fit,2,96,feel like,textual,coefficient,-0.20536640056155675,0.20536640056155675,negative,194,,94
B_LOGISTIC_REGRESSION,final_training_fit,2,250,sugar,textual,coefficient,0.20323907025999777,0.20323907025999777,positive,195,101,
B_LOGISTIC_REGRESSION,final_training_fit,2,251,support,textual,coefficient,-0.2000467895141263,0.2000467895141263,negative,196,,95
B_LOGISTIC_REGRESSION,final_training_fit,2,192,number,textual,coefficient,-0.19930255258103244,0.19930255258103244,negative,197,,96
B_LOGISTIC_REGRESSION,final_training_fit,2,140,job,textual,coefficient,0.19628795207435115,0.19628795207435115,positive,198,102,
B_LOGISTIC_REGRESSION,final_training_fit,2,218,research,textual,coefficient,-0.19406693545075204,0.19406693545075204,negative,199,,97
B_LOGISTIC_REGRESSION,final_training_fit,2,285,ve got,textual,coefficient,-0.19344710727943554,0.19344710727943554,negative,200,,98
B_LOGISTIC_REGRESSION,final_training_fit,2,109,goes,textual,coefficient,-0.19252558511485976,0.19252558511485976,negative,201,,99
B_LOGISTIC_REGRESSION,final_training_fit,2,282,using,textual,coefficient,-0.19073097730608343,0.19073097730608343,negative,202,,100
B_LOGISTIC_REGRESSION,final_training_fit,2,220,say,textual,coefficient,-0.1868286661202293,0.1868286661202293,negative,203,,101
B_LOGISTIC_REGRESSION,final_training_fit,2,93,fact,textual,coefficient,0.18551340016377915,0.18551340016377915,positive,204,103,
B_LOGISTIC_REGRESSION,final_training_fit,2,299,yes,textual,coefficient,-0.18328923377851294,0.18328923377851294,negative,205,,102
B_LOGISTIC_REGRESSION,final_training_fit,2,248,study,textual,coefficient,-0.1818506355252554,0.1818506355252554,negative,206,,103
B_LOGISTIC_REGRESSION,final_training_fit,2,133,impulsivity,textual,coefficient,-0.17904143069738213,0.17904143069738213,negative,207,,104
B_LOGISTIC_REGRESSION,final_training_fit,2,274,try,textual,coefficient,0.17863439652830915,0.17863439652830915,positive,208,104,
B_LOGISTIC_REGRESSION,final_training_fit,2,56,cortex,textual,coefficient,-0.17810020943650784,0.17810020943650784,negative,209,,105
B_LOGISTIC_REGRESSION,final_training_fit,2,50,completely,textual,coefficient,-0.1779847725789569,0.1779847725789569,negative,210,,106
B_LOGISTIC_REGRESSION,final_training_fit,2,237,start,textual,coefficient,0.17515525754644656,0.17515525754644656,positive,211,105,
B_LOGISTIC_REGRESSION,final_training_fit,2,226,sensitive,textual,coefficient,-0.17424735785907905,0.17424735785907905,negative,212,,107
B_LOGISTIC_REGRESSION,final_training_fit,2,199,people adhd,textual,coefficient,-0.17254556879287125,0.17254556879287125,negative,213,,108
B_LOGISTIC_REGRESSION,final_training_fit,2,41,calm,textual,coefficient,-0.1665928973861533,0.1665928973861533,negative,214,,109
B_LOGISTIC_REGRESSION,final_training_fit,2,5,activities,textual,coefficient,-0.1659106296776399,0.1659106296776399,negative,215,,110
B_LOGISTIC_REGRESSION,final_training_fit,2,245,struggle,textual,coefficient,0.16400214495585783,0.16400214495585783,positive,216,106,
B_LOGISTIC_REGRESSION,final_training_fit,2,216,relationships,textual,coefficient,-0.16372026370240286,0.16372026370240286,negative,217,,111
B_LOGISTIC_REGRESSION,final_training_fit,2,52,consequences,textual,coefficient,-0.15732211715632047,0.15732211715632047,negative,218,,112
B_LOGISTIC_REGRESSION,final_training_fit,2,123,helps,textual,coefficient,-0.15704351982546239,0.15704351982546239,negative,219,,113
B_LOGISTIC_REGRESSION,final_training_fit,2,213,regulate,textual,coefficient,0.1565954844945497,0.1565954844945497,positive,220,107,
B_LOGISTIC_REGRESSION,final_training_fit,2,91,exercise,textual,coefficient,-0.15591703630934844,0.15591703630934844,negative,221,,114
B_LOGISTIC_REGRESSION,final_training_fit,2,292,working,textual,coefficient,-0.15584131574816465,0.15584131574816465,negative,222,,115
B_LOGISTIC_REGRESSION,final_training_fit,2,115,happens,textual,coefficient,-0.15340832972357493,0.15340832972357493,negative,223,,116
B_LOGISTIC_REGRESSION,final_training_fit,2,32,better,textual,coefficient,-0.15113426806326669,0.15113426806326669,negative,224,,117
B_LOGISTIC_REGRESSION,final_training_fit,2,69,difficulty,textual,coefficient,0.14785685402001297,0.14785685402001297,positive,225,108,
B_LOGISTIC_REGRESSION,final_training_fit,2,80,easily,textual,coefficient,-0.14555054677597762,0.14555054677597762,negative,226,,118
B_LOGISTIC_REGRESSION,final_training_fit,2,234,small,textual,coefficient,-0.14005317183794536,0.14005317183794536,negative,227,,119
B_LOGISTIC_REGRESSION,final_training_fit,2,142,kids,textual,coefficient,-0.1390728287891995,0.1390728287891995,negative,228,,120
B_LOGISTIC_REGRESSION,final_training_fit,2,36,brain,textual,coefficient,0.1377553496230581,0.1377553496230581,positive,229,109,
B_LOGISTIC_REGRESSION,final_training_fit,2,30,behavior,textual,coefficient,0.1375316377433619,0.1375316377433619,positive,230,110,
B_LOGISTIC_REGRESSION,final_training_fit,2,207,problems,textual,coefficient,0.13721361729054557,0.13721361729054557,positive,231,111,
B_LOGISTIC_REGRESSION,final_training_fit,2,61,diagnosed,textual,coefficient,0.13566900865757667,0.13566900865757667,positive,232,112,
B_LOGISTIC_REGRESSION,final_training_fit,2,102,food,textual,coefficient,-0.13558790110009622,0.13558790110009622,negative,233,,121
B_LOGISTIC_REGRESSION,final_training_fit,2,101,follow,textual,coefficient,-0.13462977987385027,0.13462977987385027,negative,234,,122
B_LOGISTIC_REGRESSION,final_training_fit,2,120,hear,textual,coefficient,-0.13357473842065418,0.13357473842065418,negative,235,,123
B_LOGISTIC_REGRESSION,final_training_fit,2,197,pay,textual,coefficient,-0.13240165202231413,0.13240165202231413,negative,236,,124
B_LOGISTIC_REGRESSION,final_training_fit,2,27,away,textual,coefficient,-0.13126179464408616,0.13126179464408616,negative,237,,125
B_LOGISTIC_REGRESSION,final_training_fit,2,249,stuff,textual,coefficient,-0.13097559014380103,0.13097559014380103,negative,238,,126
B_LOGISTIC_REGRESSION,final_training_fit,2,77,don know,textual,coefficient,0.12817934906414308,0.12817934906414308,positive,239,113,
B_LOGISTIC_REGRESSION,final_training_fit,2,222,school,textual,coefficient,-0.12387672009608666,0.12387672009608666,negative,240,,127
B_LOGISTIC_REGRESSION,final_training_fit,2,149,learning,textual,coefficient,-0.12299223067557642,0.12299223067557642,negative,241,,128
B_LOGISTIC_REGRESSION,final_training_fit,2,224,self,textual,coefficient,0.12206024819466484,0.12206024819466484,positive,242,114,
B_LOGISTIC_REGRESSION,final_training_fit,2,190,new,textual,coefficient,-0.12195514445831919,0.12195514445831919,negative,243,,129
B_LOGISTIC_REGRESSION,final_training_fit,2,88,everybody,textual,coefficient,-0.12106589943453278,0.12106589943453278,negative,244,,130
B_LOGISTIC_REGRESSION,final_training_fit,2,293,works,textual,coefficient,-0.11798007288647962,0.11798007288647962,negative,245,,131
B_LOGISTIC_REGRESSION,final_training_fit,2,246,struggling,textual,coefficient,0.11780874532839139,0.11780874532839139,positive,246,115,
B_LOGISTIC_REGRESSION,final_training_fit,2,254,taking,textual,coefficient,-0.11744878074678142,0.11744878074678142,negative,247,,132
B_LOGISTIC_REGRESSION,final_training_fit,2,194,okay,textual,coefficient,-0.10901441125726026,0.10901441125726026,negative,248,,133
B_LOGISTIC_REGRESSION,final_training_fit,2,144,know,textual,coefficient,-0.10748192179223559,0.10748192179223559,negative,249,,134
B_LOGISTIC_REGRESSION,final_training_fit,2,300,certainty_score,handcrafted_linguistic,coefficient,-0.10665711624867154,0.10665711624867154,negative,250,,135
B_LOGISTIC_REGRESSION,final_training_fit,2,181,mind,textual,coefficient,-0.10582266038581974,0.10582266038581974,negative,251,,136
B_LOGISTIC_REGRESSION,final_training_fit,2,6,activity,textual,coefficient,0.10243164251486055,0.10243164251486055,positive,252,116,
B_LOGISTIC_REGRESSION,final_training_fit,2,154,like,textual,coefficient,-0.1003404598812368,0.1003404598812368,negative,253,,137
B_LOGISTIC_REGRESSION,final_training_fit,2,10,adhd brain,textual,coefficient,0.09962318325560922,0.09962318325560922,positive,254,117,
B_LOGISTIC_REGRESSION,final_training_fit,2,236,somebody,textual,coefficient,0.09957991461204889,0.09957991461204889,positive,255,118,
B_LOGISTIC_REGRESSION,final_training_fit,2,107,gets,textual,coefficient,-0.0993001847706591,0.0993001847706591,negative,256,,138
B_LOGISTIC_REGRESSION,final_training_fit,2,231,single,textual,coefficient,0.09833025572245568,0.09833025572245568,positive,257,119,
B_LOGISTIC_REGRESSION,final_training_fit,2,177,medications,textual,coefficient,0.09550342312464839,0.09550342312464839,positive,258,120,
B_LOGISTIC_REGRESSION,final_training_fit,2,67,different,textual,coefficient,-0.09039998000410895,0.09039998000410895,negative,259,,139
B_LOGISTIC_REGRESSION,final_training_fit,2,195,overwhelmed,textual,coefficient,-0.08950385973487616,0.08950385973487616,negative,260,,140
B_LOGISTIC_REGRESSION,final_training_fit,2,168,lower,textual,coefficient,-0.08115155384394293,0.08115155384394293,negative,261,,141
B_LOGISTIC_REGRESSION,final_training_fit,2,44,change,textual,coefficient,0.0802074384491302,0.0802074384491302,positive,262,121,
B_LOGISTIC_REGRESSION,final_training_fit,2,183,morning,textual,coefficient,-0.07656059328220641,0.07656059328220641,negative,263,,142
B_LOGISTIC_REGRESSION,final_training_fit,2,92,experience,textual,coefficient,0.07648715082130948,0.07648715082130948,positive,264,122,
B_LOGISTIC_REGRESSION,final_training_fit,2,12,adhd medication,textual,coefficient,0.07607741748610887,0.07607741748610887,positive,265,123,
B_LOGISTIC_REGRESSION,final_training_fit,2,198,people,textual,coefficient,-0.07424487003567162,0.07424487003567162,negative,266,,143
B_LOGISTIC_REGRESSION,final_training_fit,2,35,body,textual,coefficient,0.07309049520990152,0.07309049520990152,positive,267,124,
B_LOGISTIC_REGRESSION,final_training_fit,2,29,based,textual,coefficient,0.07269617785537004,0.07269617785537004,positive,268,125,
B_LOGISTIC_REGRESSION,final_training_fit,2,201,phone,textual,coefficient,-0.06996408633923326,0.06996408633923326,negative,269,,144
B_LOGISTIC_REGRESSION,final_training_fit,2,173,maybe,textual,coefficient,-0.06991387915294203,0.06991387915294203,negative,270,,145
B_LOGISTIC_REGRESSION,final_training_fit,2,176,medication,textual,coefficient,-0.0673385572159709,0.0673385572159709,negative,271,,146
B_LOGISTIC_REGRESSION,final_training_fit,2,51,condition,textual,coefficient,-0.06618764798463998,0.06618764798463998,negative,272,,147
B_LOGISTIC_REGRESSION,final_training_fit,2,155,likely,textual,coefficient,-0.06426750851517664,0.06426750851517664,negative,273,,148
B_LOGISTIC_REGRESSION,final_training_fit,2,73,does,textual,coefficient,-0.06209336985385971,0.06209336985385971,negative,274,,149
B_LOGISTIC_REGRESSION,final_training_fit,2,289,ways,textual,coefficient,-0.05920001373758074,0.05920001373758074,negative,275,,150
B_LOGISTIC_REGRESSION,final_training_fit,2,298,years,textual,coefficient,-0.05759147814680326,0.05759147814680326,negative,276,,151
B_LOGISTIC_REGRESSION,final_training_fit,2,68,differently,textual,coefficient,-0.05669496505081373,0.05669496505081373,negative,277,,152
B_LOGISTIC_REGRESSION,final_training_fit,2,74,doesn,textual,coefficient,0.052584162758430524,0.052584162758430524,positive,278,126,
B_LOGISTIC_REGRESSION,final_training_fit,2,171,making,textual,coefficient,-0.049729576008602346,0.049729576008602346,negative,279,,153
B_LOGISTIC_REGRESSION,final_training_fit,2,301,hedge_score,handcrafted_linguistic,coefficient,0.04942398459377908,0.04942398459377908,positive,280,127,
B_LOGISTIC_REGRESSION,final_training_fit,2,159,ll,textual,coefficient,-0.046520757380956464,0.046520757380956464,negative,281,,154
B_LOGISTIC_REGRESSION,final_training_fit,2,152,levels,textual,coefficient,0.04440730406073603,0.04440730406073603,positive,282,128,
B_LOGISTIC_REGRESSION,final_training_fit,2,257,task,textual,coefficient,0.034712632488204234,0.034712632488204234,positive,283,129,
B_LOGISTIC_REGRESSION,final_training_fit,2,87,especially,textual,coefficient,-0.03233173725052483,0.03233173725052483,negative,284,,155
B_LOGISTIC_REGRESSION,final_training_fit,2,179,memory,textual,coefficient,-0.031912434300306464,0.031912434300306464,negative,285,,156
B_LOGISTIC_REGRESSION,final_training_fit,2,79,dysfunction,textual,coefficient,-0.02751988141605749,0.02751988141605749,negative,286,,157
B_LOGISTIC_REGRESSION,final_training_fit,2,297,yeah,textual,coefficient,-0.02198884279316371,0.02198884279316371,negative,287,,158
B_LOGISTIC_REGRESSION,final_training_fit,2,121,help,textual,coefficient,0.020668954772327528,0.020668954772327528,positive,288,130,
B_LOGISTIC_REGRESSION,final_training_fit,2,28,bad,textual,coefficient,-0.01935866687585396,0.01935866687585396,negative,289,,159
B_LOGISTIC_REGRESSION,final_training_fit,2,272,treatment,textual,coefficient,0.017087608120576494,0.017087608120576494,positive,290,131,
B_LOGISTIC_REGRESSION,final_training_fit,2,233,sleep,textual,coefficient,0.017005084117554845,0.017005084117554845,positive,291,132,
B_LOGISTIC_REGRESSION,final_training_fit,2,90,executive,textual,coefficient,0.01694442032020199,0.01694442032020199,positive,292,133,
B_LOGISTIC_REGRESSION,final_training_fit,2,39,caffeine,textual,coefficient,0.015390819552253777,0.015390819552253777,positive,293,134,
B_LOGISTIC_REGRESSION,final_training_fit,2,113,great,textual,coefficient,0.011793851412673275,0.011793851412673275,positive,294,135,
B_LOGISTIC_REGRESSION,final_training_fit,2,294,world,textual,coefficient,-0.008952940504710462,0.008952940504710462,negative,295,,160
B_LOGISTIC_REGRESSION,final_training_fit,2,214,regulation,textual,coefficient,0.008857215474909955,0.008857215474909955,positive,296,136,
B_LOGISTIC_REGRESSION,final_training_fit,2,1,20,textual,coefficient,-0.006733334530641762,0.006733334530641762,negative,297,,161
B_LOGISTIC_REGRESSION,final_training_fit,2,55,control,textual,coefficient,-0.004892330890768237,0.004892330890768237,negative,298,,162
B_LOGISTIC_REGRESSION,final_training_fit,2,287,want,textual,coefficient,0.003504330628088539,0.003504330628088539,positive,299,137,
B_LOGISTIC_REGRESSION,final_training_fit,2,188,nervous,textual,coefficient,-0.00326954068525504,0.00326954068525504,negative,300,,163
B_LOGISTIC_REGRESSION,final_training_fit,2,22,ask,textual,coefficient,-0.0020514598298949508,0.0020514598298949508,negative,301,,164
B_LOGISTIC_REGRESSION,final_training_fit,2,291,work,textual,coefficient,-0.00019196040595285325,0.00019196040595285325,negative,302,,165
B_LOGISTIC_REGRESSION,final_training_fit,3,131,important,textual,coefficient,0.8771930618374054,0.8771930618374054,positive,1,1,
B_LOGISTIC_REGRESSION,final_training_fit,3,114,gut,textual,coefficient,0.8706735169775954,0.8706735169775954,positive,2,2,
B_LOGISTIC_REGRESSION,final_training_fit,3,141,just,textual,coefficient,-0.8553998422552472,0.8553998422552472,negative,3,,1
B_LOGISTIC_REGRESSION,final_training_fit,3,263,thing,textual,coefficient,0.8490195336309009,0.8490195336309009,positive,4,3,
B_LOGISTIC_REGRESSION,final_training_fit,3,78,dopamine,textual,coefficient,0.8320782618162113,0.8320782618162113,positive,5,4,
B_LOGISTIC_REGRESSION,final_training_fit,3,253,symptoms,textual,coefficient,-0.7989894330235479,0.7989894330235479,negative,6,,2
B_LOGISTIC_REGRESSION,final_training_fit,3,211,really,textual,coefficient,0.7745042586380616,0.7745042586380616,positive,7,5,
B_LOGISTIC_REGRESSION,final_training_fit,3,254,taking,textual,coefficient,0.7316140391624011,0.7316140391624011,positive,8,6,
B_LOGISTIC_REGRESSION,final_training_fit,3,270,time,textual,coefficient,0.7168093996382177,0.7168093996382177,positive,9,7,
B_LOGISTIC_REGRESSION,final_training_fit,3,122,helpful,textual,coefficient,0.6966723081570306,0.6966723081570306,positive,10,8,
B_LOGISTIC_REGRESSION,final_training_fit,3,20,anger,textual,coefficient,0.6747738369951031,0.6747738369951031,positive,11,9,
B_LOGISTIC_REGRESSION,final_training_fit,3,207,problems,textual,coefficient,-0.656876885341214,0.656876885341214,negative,12,,3
B_LOGISTIC_REGRESSION,final_training_fit,3,19,alcohol,textual,coefficient,0.6553760966920924,0.6553760966920924,positive,13,10,
B_LOGISTIC_REGRESSION,final_training_fit,3,233,sleep,textual,coefficient,0.6509037854300511,0.6509037854300511,positive,14,11,
B_LOGISTIC_REGRESSION,final_training_fit,3,138,isn,textual,coefficient,-0.6392774865310165,0.6392774865310165,negative,15,,4
B_LOGISTIC_REGRESSION,final_training_fit,3,56,cortex,textual,coefficient,0.6390242808987165,0.6390242808987165,positive,16,12,
B_LOGISTIC_REGRESSION,final_training_fit,3,226,sensitive,textual,coefficient,0.6370214355883794,0.6370214355883794,positive,17,13,
B_LOGISTIC_REGRESSION,final_training_fit,3,247,studies,textual,coefficient,-0.6080247238468928,0.6080247238468928,negative,18,,5
B_LOGISTIC_REGRESSION,final_training_fit,3,6,activity,textual,coefficient,0.6003528196622667,0.6003528196622667,positive,19,14,
B_LOGISTIC_REGRESSION,final_training_fit,3,204,point,textual,coefficient,0.5843691691392854,0.5843691691392854,positive,20,15,
B_LOGISTIC_REGRESSION,final_training_fit,3,21,anxiety,textual,coefficient,-0.5797875637367336,0.5797875637367336,negative,21,,6
B_LOGISTIC_REGRESSION,final_training_fit,3,191,normal,textual,coefficient,0.5779926136549363,0.5779926136549363,positive,22,16,
B_LOGISTIC_REGRESSION,final_training_fit,3,168,lower,textual,coefficient,0.5735959553406764,0.5735959553406764,positive,23,17,
B_LOGISTIC_REGRESSION,final_training_fit,3,102,food,textual,coefficient,0.5662531848755896,0.5662531848755896,positive,24,18,
B_LOGISTIC_REGRESSION,final_training_fit,3,275,trying,textual,coefficient,0.5436954477914645,0.5436954477914645,positive,25,19,
B_LOGISTIC_REGRESSION,final_training_fit,3,216,relationships,textual,coefficient,0.5406868692129578,0.5406868692129578,positive,26,20,
B_LOGISTIC_REGRESSION,final_training_fit,3,217,remember,textual,coefficient,-0.5199598759927934,0.5199598759927934,negative,27,,7
B_LOGISTIC_REGRESSION,final_training_fit,3,187,needs,textual,coefficient,-0.514671863567759,0.514671863567759,negative,28,,8
B_LOGISTIC_REGRESSION,final_training_fit,3,124,high,textual,coefficient,-0.5132126551344584,0.5132126551344584,negative,29,,9
B_LOGISTIC_REGRESSION,final_training_fit,3,208,protein,textual,coefficient,0.5099093799135362,0.5099093799135362,positive,30,21,
B_LOGISTIC_REGRESSION,final_training_fit,3,210,real,textual,coefficient,-0.5076017416242443,0.5076017416242443,negative,31,,10
B_LOGISTIC_REGRESSION,final_training_fit,3,154,like,textual,coefficient,-0.5071960968012732,0.5071960968012732,negative,32,,11
B_LOGISTIC_REGRESSION,final_training_fit,3,164,lot,textual,coefficient,0.5003418145849439,0.5003418145849439,positive,33,22,
B_LOGISTIC_REGRESSION,final_training_fit,3,89,example,textual,coefficient,0.49987075468523146,0.49987075468523146,positive,34,23,
B_LOGISTIC_REGRESSION,final_training_fit,3,68,differently,textual,coefficient,0.49397628421946993,0.49397628421946993,positive,35,24,
B_LOGISTIC_REGRESSION,final_training_fit,3,40,called,textual,coefficient,0.4892914925913194,0.4892914925913194,positive,36,25,
B_LOGISTIC_REGRESSION,final_training_fit,3,199,people adhd,textual,coefficient,0.47842891060547005,0.47842891060547005,positive,37,26,
B_LOGISTIC_REGRESSION,final_training_fit,3,46,children,textual,coefficient,-0.4782338169267827,0.4782338169267827,negative,38,,12
B_LOGISTIC_REGRESSION,final_training_fit,3,222,school,textual,coefficient,0.4772832631421711,0.4772832631421711,positive,39,27,
B_LOGISTIC_REGRESSION,final_training_fit,3,115,happens,textual,coefficient,0.46421887317057725,0.46421887317057725,positive,40,28,
B_LOGISTIC_REGRESSION,final_training_fit,3,179,memory,textual,coefficient,0.46300777004908816,0.46300777004908816,positive,41,29,
B_LOGISTIC_REGRESSION,final_training_fit,3,290,women,textual,coefficient,0.4560860371833093,0.4560860371833093,positive,42,30,
B_LOGISTIC_REGRESSION,final_training_fit,3,80,easily,textual,coefficient,-0.4533025557907849,0.4533025557907849,negative,43,,13
B_LOGISTIC_REGRESSION,final_training_fit,3,1,20,textual,coefficient,-0.45205160278609313,0.45205160278609313,negative,44,,14
B_LOGISTIC_REGRESSION,final_training_fit,3,139,issues,textual,coefficient,0.4494135178849459,0.4494135178849459,positive,45,31,
B_LOGISTIC_REGRESSION,final_training_fit,3,63,did,textual,coefficient,0.44823408412166826,0.44823408412166826,positive,46,32,
B_LOGISTIC_REGRESSION,final_training_fit,3,155,likely,textual,coefficient,0.4461511909833791,0.4461511909833791,positive,47,33,
B_LOGISTIC_REGRESSION,final_training_fit,3,28,bad,textual,coefficient,0.42992467930427425,0.42992467930427425,positive,48,34,
B_LOGISTIC_REGRESSION,final_training_fit,3,84,emotions,textual,coefficient,0.42966277622318994,0.42966277622318994,positive,49,35,
B_LOGISTIC_REGRESSION,final_training_fit,3,291,work,textual,coefficient,-0.4228027761351905,0.4228027761351905,negative,50,,15
B_LOGISTIC_REGRESSION,final_training_fit,3,34,bit,textual,coefficient,0.42048156866469105,0.42048156866469105,positive,51,36,
B_LOGISTIC_REGRESSION,final_training_fit,3,83,emotional,textual,coefficient,0.4127756168831648,0.4127756168831648,positive,52,37,
B_LOGISTIC_REGRESSION,final_training_fit,3,206,problem,textual,coefficient,0.41179708655942415,0.41179708655942415,positive,53,38,
B_LOGISTIC_REGRESSION,final_training_fit,3,38,burnout,textual,coefficient,-0.4075126321690791,0.4075126321690791,negative,54,,16
B_LOGISTIC_REGRESSION,final_training_fit,3,166,love,textual,coefficient,0.40437231288554715,0.40437231288554715,positive,55,39,
B_LOGISTIC_REGRESSION,final_training_fit,3,48,comes,textual,coefficient,0.40312834207287224,0.40312834207287224,positive,56,40,
B_LOGISTIC_REGRESSION,final_training_fit,3,151,level,textual,coefficient,0.40210078182088493,0.40210078182088493,positive,57,41,
B_LOGISTIC_REGRESSION,final_training_fit,3,198,people,textual,coefficient,0.40101812484418536,0.40101812484418536,positive,58,42,
B_LOGISTIC_REGRESSION,final_training_fit,3,205,probably,textual,coefficient,0.3991078253569553,0.3991078253569553,positive,59,43,
B_LOGISTIC_REGRESSION,final_training_fit,3,162,look,textual,coefficient,-0.39228701752887774,0.39228701752887774,negative,60,,17
B_LOGISTIC_REGRESSION,final_training_fit,3,163,looking,textual,coefficient,-0.3919039239569971,0.3919039239569971,negative,61,,18
B_LOGISTIC_REGRESSION,final_training_fit,3,278,um,textual,coefficient,-0.39141439717041715,0.39141439717041715,negative,62,,19
B_LOGISTIC_REGRESSION,final_training_fit,3,159,ll,textual,coefficient,0.38878575074763216,0.38878575074763216,positive,63,44,
B_LOGISTIC_REGRESSION,final_training_fit,3,107,gets,textual,coefficient,0.38593597565822446,0.38593597565822446,positive,64,45,
B_LOGISTIC_REGRESSION,final_training_fit,3,100,focus,textual,coefficient,-0.3852469599168686,0.3852469599168686,negative,65,,20
B_LOGISTIC_REGRESSION,final_training_fit,3,7,actually,textual,coefficient,-0.3820705480028808,0.3820705480028808,negative,66,,21
B_LOGISTIC_REGRESSION,final_training_fit,3,45,child,textual,coefficient,0.38144953762531913,0.38144953762531913,positive,67,46,
B_LOGISTIC_REGRESSION,final_training_fit,3,55,control,textual,coefficient,0.3803951344866971,0.3803951344866971,positive,68,47,
B_LOGISTIC_REGRESSION,final_training_fit,3,281,used,textual,coefficient,0.37948629990634286,0.37948629990634286,positive,69,48,
B_LOGISTIC_REGRESSION,final_training_fit,3,264,things,textual,coefficient,0.36387265333150026,0.36387265333150026,positive,70,49,
B_LOGISTIC_REGRESSION,final_training_fit,3,232,sit,textual,coefficient,-0.36101290621974946,0.36101290621974946,negative,71,,22
B_LOGISTIC_REGRESSION,final_training_fit,3,262,test,textual,coefficient,0.3593797690568273,0.3593797690568273,positive,72,50,
B_LOGISTIC_REGRESSION,final_training_fit,3,145,lack,textual,coefficient,-0.3582336429312711,0.3582336429312711,negative,73,,23
B_LOGISTIC_REGRESSION,final_training_fit,3,29,based,textual,coefficient,-0.3571770293684683,0.3571770293684683,negative,74,,24
B_LOGISTIC_REGRESSION,final_training_fit,3,143,kind,textual,coefficient,-0.3559032514291851,0.3559032514291851,negative,75,,25
B_LOGISTIC_REGRESSION,final_training_fit,3,184,motivation,textual,coefficient,-0.35080354174192746,0.35080354174192746,negative,76,,26
B_LOGISTIC_REGRESSION,final_training_fit,3,149,learning,textual,coefficient,0.3461021824466339,0.3461021824466339,positive,77,51,
B_LOGISTIC_REGRESSION,final_training_fit,3,118,having,textual,coefficient,-0.34365268390791254,0.34365268390791254,negative,78,,27
B_LOGISTIC_REGRESSION,final_training_fit,3,220,say,textual,coefficient,-0.3399399472177767,0.3399399472177767,negative,79,,28
B_LOGISTIC_REGRESSION,final_training_fit,3,245,struggle,textual,coefficient,0.33711951547109803,0.33711951547109803,positive,80,52,
B_LOGISTIC_REGRESSION,final_training_fit,3,136,information,textual,coefficient,-0.3299071244706641,0.3299071244706641,negative,81,,29
B_LOGISTIC_REGRESSION,final_training_fit,3,152,levels,textual,coefficient,0.32776790378359916,0.32776790378359916,positive,82,53,
B_LOGISTIC_REGRESSION,final_training_fit,3,146,late,textual,coefficient,0.3243771779274092,0.3243771779274092,positive,83,54,
B_LOGISTIC_REGRESSION,final_training_fit,3,240,stimulant,textual,coefficient,-0.3243406830741387,0.3243406830741387,negative,84,,30
B_LOGISTIC_REGRESSION,final_training_fit,3,189,neurotypical,textual,coefficient,0.32407972618686764,0.32407972618686764,positive,85,55,
B_LOGISTIC_REGRESSION,final_training_fit,3,76,don,textual,coefficient,-0.3202969485109385,0.3202969485109385,negative,86,,31
B_LOGISTIC_REGRESSION,final_training_fit,3,288,way,textual,coefficient,-0.31305748604291483,0.31305748604291483,negative,87,,32
B_LOGISTIC_REGRESSION,final_training_fit,3,237,start,textual,coefficient,-0.3116123752514578,0.3116123752514578,negative,88,,33
B_LOGISTIC_REGRESSION,final_training_fit,3,225,sense,textual,coefficient,0.31071356542393613,0.31071356542393613,positive,89,56,
B_LOGISTIC_REGRESSION,final_training_fit,3,5,activities,textual,coefficient,-0.3086867221838513,0.3086867221838513,negative,90,,34
B_LOGISTIC_REGRESSION,final_training_fit,3,30,behavior,textual,coefficient,-0.3083039669925016,0.3083039669925016,negative,91,,35
B_LOGISTIC_REGRESSION,final_training_fit,3,241,stimulants,textual,coefficient,-0.3079461768316097,0.3079461768316097,negative,92,,36
B_LOGISTIC_REGRESSION,final_training_fit,3,185,music,textual,coefficient,-0.30413173654910874,0.30413173654910874,negative,93,,37
B_LOGISTIC_REGRESSION,final_training_fit,3,133,impulsivity,textual,coefficient,-0.30387640231022994,0.30387640231022994,negative,94,,38
B_LOGISTIC_REGRESSION,final_training_fit,3,104,forget,textual,coefficient,0.2995808009064052,0.2995808009064052,positive,95,57,
B_LOGISTIC_REGRESSION,final_training_fit,3,25,autism,textual,coefficient,-0.29886097551478374,0.29886097551478374,negative,96,,39
B_LOGISTIC_REGRESSION,final_training_fit,3,67,different,textual,coefficient,0.29743978581147135,0.29743978581147135,positive,97,58,
B_LOGISTIC_REGRESSION,final_training_fit,3,75,doing,textual,coefficient,-0.29698820571904166,0.29698820571904166,negative,98,,40
B_LOGISTIC_REGRESSION,final_training_fit,3,2,ability,textual,coefficient,0.29633439016369245,0.29633439016369245,positive,99,59,
B_LOGISTIC_REGRESSION,final_training_fit,3,32,better,textual,coefficient,0.2958170280954493,0.2958170280954493,positive,100,60,
B_LOGISTIC_REGRESSION,final_training_fit,3,142,kids,textual,coefficient,-0.292577791987142,0.292577791987142,negative,101,,41
B_LOGISTIC_REGRESSION,final_training_fit,3,3,able,textual,coefficient,-0.29197067380289937,0.29197067380289937,negative,102,,42
B_LOGISTIC_REGRESSION,final_training_fit,3,231,single,textual,coefficient,-0.2897706155180946,0.2897706155180946,negative,103,,43
B_LOGISTIC_REGRESSION,final_training_fit,3,219,right,textual,coefficient,-0.28664498962525253,0.28664498962525253,negative,104,,44
B_LOGISTIC_REGRESSION,final_training_fit,3,156,literally,textual,coefficient,0.2822925769524361,0.2822925769524361,positive,105,61,
B_LOGISTIC_REGRESSION,final_training_fit,3,261,term,textual,coefficient,-0.27890749513053753,0.27890749513053753,negative,106,,45
B_LOGISTIC_REGRESSION,final_training_fit,3,279,understand,textual,coefficient,-0.2786764540109925,0.2786764540109925,negative,107,,46
B_LOGISTIC_REGRESSION,final_training_fit,3,258,tasks,textual,coefficient,-0.2738128077055333,0.2738128077055333,negative,108,,47
B_LOGISTIC_REGRESSION,final_training_fit,3,15,adhders,textual,coefficient,0.27174038811652634,0.27174038811652634,positive,109,62,
B_LOGISTIC_REGRESSION,final_training_fit,3,74,doesn,textual,coefficient,0.269352478856335,0.269352478856335,positive,110,63,
B_LOGISTIC_REGRESSION,final_training_fit,3,242,stop,textual,coefficient,-0.2651977046151003,0.2651977046151003,negative,111,,48
B_LOGISTIC_REGRESSION,final_training_fit,3,4,absolutely,textual,coefficient,-0.26076809624354974,0.26076809624354974,negative,112,,49
B_LOGISTIC_REGRESSION,final_training_fit,3,287,want,textual,coefficient,0.26073907610174935,0.26073907610174935,positive,113,64,
B_LOGISTIC_REGRESSION,final_training_fit,3,112,got,textual,coefficient,0.2597902551522043,0.2597902551522043,positive,114,65,
B_LOGISTIC_REGRESSION,final_training_fit,3,132,impulsive,textual,coefficient,-0.2595548136879754,0.2595548136879754,negative,115,,50
B_LOGISTIC_REGRESSION,final_training_fit,3,244,stress,textual,coefficient,-0.2586599167935915,0.2586599167935915,negative,116,,51
B_LOGISTIC_REGRESSION,final_training_fit,3,284,ve,textual,coefficient,0.2526309313894034,0.2526309313894034,positive,117,66,
B_LOGISTIC_REGRESSION,final_training_fit,3,171,making,textual,coefficient,-0.2506925201487801,0.2506925201487801,negative,118,,52
B_LOGISTIC_REGRESSION,final_training_fit,3,195,overwhelmed,textual,coefficient,0.24835868963730562,0.24835868963730562,positive,119,67,
B_LOGISTIC_REGRESSION,final_training_fit,3,120,hear,textual,coefficient,-0.24710114253263019,0.24710114253263019,negative,120,,53
B_LOGISTIC_REGRESSION,final_training_fit,3,257,task,textual,coefficient,-0.24660664966621518,0.24660664966621518,negative,121,,54
B_LOGISTIC_REGRESSION,final_training_fit,3,209,quickly,textual,coefficient,-0.24556951161118704,0.24556951161118704,negative,122,,55
B_LOGISTIC_REGRESSION,final_training_fit,3,169,make,textual,coefficient,0.23936429134730913,0.23936429134730913,positive,123,68,
B_LOGISTIC_REGRESSION,final_training_fit,3,121,help,textual,coefficient,-0.2357635946283725,0.2357635946283725,negative,124,,56
B_LOGISTIC_REGRESSION,final_training_fit,3,43,certain,textual,coefficient,0.23329945663149837,0.23329945663149837,positive,125,69,
B_LOGISTIC_REGRESSION,final_training_fit,3,192,number,textual,coefficient,-0.23085610514452068,0.23085610514452068,negative,126,,57
B_LOGISTIC_REGRESSION,final_training_fit,3,175,means,textual,coefficient,-0.23051085360733853,0.23051085360733853,negative,127,,58
B_LOGISTIC_REGRESSION,final_training_fit,3,197,pay,textual,coefficient,0.22902442262506348,0.22902442262506348,positive,128,70,
B_LOGISTIC_REGRESSION,final_training_fit,3,97,feeling,textual,coefficient,-0.22843027222058782,0.22843027222058782,negative,129,,59
B_LOGISTIC_REGRESSION,final_training_fit,3,213,regulate,textual,coefficient,0.2272072418066285,0.2272072418066285,positive,130,71,
B_LOGISTIC_REGRESSION,final_training_fit,3,103,foods,textual,coefficient,-0.22356745060172947,0.22356745060172947,negative,131,,60
B_LOGISTIC_REGRESSION,final_training_fit,3,9,adhd,textual,coefficient,-0.22192553653620709,0.22192553653620709,negative,132,,61
B_LOGISTIC_REGRESSION,final_training_fit,3,292,working,textual,coefficient,-0.22181690209436286,0.22181690209436286,negative,133,,62
B_LOGISTIC_REGRESSION,final_training_fit,3,105,fucking,textual,coefficient,-0.20706889802337897,0.20706889802337897,negative,134,,63
B_LOGISTIC_REGRESSION,final_training_fit,3,203,place,textual,coefficient,-0.2061124948825204,0.2061124948825204,negative,135,,64
B_LOGISTIC_REGRESSION,final_training_fit,3,283,usually,textual,coefficient,-0.2058054379042104,0.2058054379042104,negative,136,,65
B_LOGISTIC_REGRESSION,final_training_fit,3,123,helps,textual,coefficient,-0.20551063526525187,0.20551063526525187,negative,137,,66
B_LOGISTIC_REGRESSION,final_training_fit,3,243,strategies,textual,coefficient,-0.20182412685480272,0.20182412685480272,negative,138,,67
B_LOGISTIC_REGRESSION,final_training_fit,3,180,mental,textual,coefficient,-0.20169663066235732,0.20169663066235732,negative,139,,68
B_LOGISTIC_REGRESSION,final_training_fit,3,14,adhd symptoms,textual,coefficient,-0.20074856950185047,0.20074856950185047,negative,140,,69
B_LOGISTIC_REGRESSION,final_training_fit,3,128,hyper,textual,coefficient,-0.19810628109716225,0.19810628109716225,negative,141,,70
B_LOGISTIC_REGRESSION,final_training_fit,3,218,research,textual,coefficient,-0.19479012213192748,0.19479012213192748,negative,142,,71
B_LOGISTIC_REGRESSION,final_training_fit,3,95,feel,textual,coefficient,0.193080006191301,0.193080006191301,positive,143,72,
B_LOGISTIC_REGRESSION,final_training_fit,3,177,medications,textual,coefficient,-0.1873986873827861,0.1873986873827861,negative,144,,72
B_LOGISTIC_REGRESSION,final_training_fit,3,42,care,textual,coefficient,-0.18365731070824307,0.18365731070824307,negative,145,,73
B_LOGISTIC_REGRESSION,final_training_fit,3,27,away,textual,coefficient,-0.1810668396737665,0.1810668396737665,negative,146,,74
B_LOGISTIC_REGRESSION,final_training_fit,3,31,best,textual,coefficient,-0.18086735832207937,0.18086735832207937,negative,147,,75
B_LOGISTIC_REGRESSION,final_training_fit,3,49,common,textual,coefficient,0.17988653411892988,0.17988653411892988,positive,148,73,
B_LOGISTIC_REGRESSION,final_training_fit,3,79,dysfunction,textual,coefficient,0.17847487542425736,0.17847487542425736,positive,149,74,
B_LOGISTIC_REGRESSION,final_training_fit,3,193,oh,textual,coefficient,0.17807638800673867,0.17807638800673867,positive,150,75,
B_LOGISTIC_REGRESSION,final_training_fit,3,137,instead,textual,coefficient,0.17626727862583444,0.17626727862583444,positive,151,76,
B_LOGISTIC_REGRESSION,final_training_fit,3,301,hedge_score,handcrafted_linguistic,coefficient,-0.17299791230451697,0.17299791230451697,negative,152,,76
B_LOGISTIC_REGRESSION,final_training_fit,3,250,sugar,textual,coefficient,-0.1707855358779214,0.1707855358779214,negative,153,,77
B_LOGISTIC_REGRESSION,final_training_fit,3,249,stuff,textual,coefficient,0.17077229161921934,0.17077229161921934,positive,154,77,
B_LOGISTIC_REGRESSION,final_training_fit,3,33,big,textual,coefficient,0.16697509517332745,0.16697509517332745,positive,155,78,
B_LOGISTIC_REGRESSION,final_training_fit,3,93,fact,textual,coefficient,-0.16528556678594514,0.16528556678594514,negative,156,,78
B_LOGISTIC_REGRESSION,final_training_fit,3,65,diet,textual,coefficient,0.16495229430317107,0.16495229430317107,positive,157,79,
B_LOGISTIC_REGRESSION,final_training_fit,3,41,calm,textual,coefficient,0.1631659691043585,0.1631659691043585,positive,158,80,
B_LOGISTIC_REGRESSION,final_training_fit,3,58,day,textual,coefficient,0.16305155859213513,0.16305155859213513,positive,159,81,
B_LOGISTIC_REGRESSION,final_training_fit,3,170,makes,textual,coefficient,-0.16260845231288454,0.16260845231288454,negative,160,,79
B_LOGISTIC_REGRESSION,final_training_fit,3,285,ve got,textual,coefficient,0.1620845721848871,0.1620845721848871,positive,161,82,
B_LOGISTIC_REGRESSION,final_training_fit,3,144,know,textual,coefficient,-0.16142003229391577,0.16142003229391577,negative,162,,80
B_LOGISTIC_REGRESSION,final_training_fit,3,59,deficit,textual,coefficient,0.16093522183959613,0.16093522183959613,positive,163,83,
B_LOGISTIC_REGRESSION,final_training_fit,3,11,adhd brains,textual,coefficient,0.15989188258089385,0.15989188258089385,positive,164,84,
B_LOGISTIC_REGRESSION,final_training_fit,3,18,affect,textual,coefficient,0.15859916194482981,0.15859916194482981,positive,165,85,
B_LOGISTIC_REGRESSION,final_training_fit,3,212,reason,textual,coefficient,-0.15821583294956829,0.15821583294956829,negative,166,,81
B_LOGISTIC_REGRESSION,final_training_fit,3,71,distracted,textual,coefficient,-0.1563370721677563,0.1563370721677563,negative,167,,82
B_LOGISTIC_REGRESSION,final_training_fit,3,157,little,textual,coefficient,-0.1546873637885343,0.1546873637885343,negative,168,,83
B_LOGISTIC_REGRESSION,final_training_fit,3,277,uh,textual,coefficient,0.15465052624930103,0.15465052624930103,positive,169,86,
B_LOGISTIC_REGRESSION,final_training_fit,3,215,rejection,textual,coefficient,-0.15411151326892747,0.15411151326892747,negative,170,,84
B_LOGISTIC_REGRESSION,final_training_fit,3,135,increase,textual,coefficient,-0.15247307505167007,0.15247307505167007,negative,171,,85
B_LOGISTIC_REGRESSION,final_training_fit,3,165,lot people,textual,coefficient,0.1515025060169109,0.1515025060169109,positive,172,87,
B_LOGISTIC_REGRESSION,final_training_fit,3,96,feel like,textual,coefficient,-0.1498318770864808,0.1498318770864808,negative,173,,86
B_LOGISTIC_REGRESSION,final_training_fit,3,268,thought,textual,coefficient,-0.14836061543844725,0.14836061543844725,negative,174,,87
B_LOGISTIC_REGRESSION,final_training_fit,3,172,manage,textual,coefficient,-0.14822333891099473,0.14822333891099473,negative,175,,88
B_LOGISTIC_REGRESSION,final_training_fit,3,12,adhd medication,textual,coefficient,-0.1457776568146449,0.1457776568146449,negative,176,,89
B_LOGISTIC_REGRESSION,final_training_fit,3,229,short,textual,coefficient,0.14180950643768414,0.14180950643768414,positive,177,88,
B_LOGISTIC_REGRESSION,final_training_fit,3,183,morning,textual,coefficient,0.14014495021877324,0.14014495021877324,positive,178,89,
B_LOGISTIC_REGRESSION,final_training_fit,3,77,don know,textual,coefficient,-0.13914377366850053,0.13914377366850053,negative,179,,90
B_LOGISTIC_REGRESSION,final_training_fit,3,109,goes,textual,coefficient,0.13811832641160823,0.13811832641160823,positive,180,90,
B_LOGISTIC_REGRESSION,final_training_fit,3,251,support,textual,coefficient,-0.13660551131531998,0.13660551131531998,negative,181,,91
B_LOGISTIC_REGRESSION,final_training_fit,3,0,10,textual,coefficient,0.136045840699426,0.136045840699426,positive,182,91,
B_LOGISTIC_REGRESSION,final_training_fit,3,298,years,textual,coefficient,0.13200708013404477,0.13200708013404477,positive,183,92,
B_LOGISTIC_REGRESSION,final_training_fit,3,224,self,textual,coefficient,-0.13006151805875407,0.13006151805875407,negative,184,,92
B_LOGISTIC_REGRESSION,final_training_fit,3,73,does,textual,coefficient,0.12823670511749372,0.12823670511749372,positive,185,93,
B_LOGISTIC_REGRESSION,final_training_fit,3,147,later,textual,coefficient,-0.12792980714262708,0.12792980714262708,negative,186,,93
B_LOGISTIC_REGRESSION,final_training_fit,3,269,thoughts,textual,coefficient,-0.1263904745063661,0.1263904745063661,negative,187,,94
B_LOGISTIC_REGRESSION,final_training_fit,3,106,function,textual,coefficient,-0.12632821108049153,0.12632821108049153,negative,188,,95
B_LOGISTIC_REGRESSION,final_training_fit,3,161,long term,textual,coefficient,-0.12293797499619182,0.12293797499619182,negative,189,,96
B_LOGISTIC_REGRESSION,final_training_fit,3,214,regulation,textual,coefficient,-0.12274850720380599,0.12274850720380599,negative,190,,97
B_LOGISTIC_REGRESSION,final_training_fit,3,221,saying,textual,coefficient,-0.12272902570841009,0.12272902570841009,negative,191,,98
B_LOGISTIC_REGRESSION,final_training_fit,3,286,video,textual,coefficient,-0.12180393056373569,0.12180393056373569,negative,192,,99
B_LOGISTIC_REGRESSION,final_training_fit,3,99,finally,textual,coefficient,0.12119674771518253,0.12119674771518253,positive,193,94,
B_LOGISTIC_REGRESSION,final_training_fit,3,297,yeah,textual,coefficient,-0.11936610460198602,0.11936610460198602,negative,194,,100
B_LOGISTIC_REGRESSION,final_training_fit,3,295,worse,textual,coefficient,0.11898157662468521,0.11898157662468521,positive,195,95,
B_LOGISTIC_REGRESSION,final_training_fit,3,26,avoid,textual,coefficient,-0.11786181995735215,0.11786181995735215,negative,196,,101
B_LOGISTIC_REGRESSION,final_training_fit,3,188,nervous,textual,coefficient,-0.11731202789191951,0.11731202789191951,negative,197,,102
B_LOGISTIC_REGRESSION,final_training_fit,3,134,inattentive,textual,coefficient,0.11724483859573288,0.11724483859573288,positive,198,96,
B_LOGISTIC_REGRESSION,final_training_fit,3,23,attention,textual,coefficient,-0.115353412937564,0.115353412937564,negative,199,,103
B_LOGISTIC_REGRESSION,final_training_fit,3,273,trouble,textual,coefficient,0.11517696197092073,0.11517696197092073,positive,200,97,
B_LOGISTIC_REGRESSION,final_training_fit,3,81,eat,textual,coefficient,0.11342080292722752,0.11342080292722752,positive,201,98,
B_LOGISTIC_REGRESSION,final_training_fit,3,173,maybe,textual,coefficient,-0.11147168961272748,0.11147168961272748,negative,202,,104
B_LOGISTIC_REGRESSION,final_training_fit,3,274,try,textual,coefficient,-0.11083052288139496,0.11083052288139496,negative,203,,105
B_LOGISTIC_REGRESSION,final_training_fit,3,234,small,textual,coefficient,-0.10841353484833532,0.10841353484833532,negative,204,,106
B_LOGISTIC_REGRESSION,final_training_fit,3,36,brain,textual,coefficient,0.10723826788258657,0.10723826788258657,positive,205,99,
B_LOGISTIC_REGRESSION,final_training_fit,3,70,disorder,textual,coefficient,0.10606180689848772,0.10606180689848772,positive,206,100,
B_LOGISTIC_REGRESSION,final_training_fit,3,201,phone,textual,coefficient,-0.10527998968152431,0.10527998968152431,negative,207,,107
B_LOGISTIC_REGRESSION,final_training_fit,3,16,adult,textual,coefficient,-0.10372566706145686,0.10372566706145686,negative,208,,108
B_LOGISTIC_REGRESSION,final_training_fit,3,92,experience,textual,coefficient,-0.10316185101912216,0.10316185101912216,negative,209,,109
B_LOGISTIC_REGRESSION,final_training_fit,3,60,depression,textual,coefficient,-0.10258741518710804,0.10258741518710804,negative,210,,110
B_LOGISTIC_REGRESSION,final_training_fit,3,85,end,textual,coefficient,-0.10215092271138262,0.10215092271138262,negative,211,,111
B_LOGISTIC_REGRESSION,final_training_fit,3,148,learn,textual,coefficient,0.1021402193839118,0.1021402193839118,positive,212,101,
B_LOGISTIC_REGRESSION,final_training_fit,3,260,tend,textual,coefficient,0.10177470651943128,0.10177470651943128,positive,213,102,
B_LOGISTIC_REGRESSION,final_training_fit,3,117,harder,textual,coefficient,-0.09278501332811281,0.09278501332811281,negative,214,,112
B_LOGISTIC_REGRESSION,final_training_fit,3,266,think,textual,coefficient,0.09242714004277551,0.09242714004277551,positive,215,103,
B_LOGISTIC_REGRESSION,final_training_fit,3,265,things like,textual,coefficient,-0.09233028035401611,0.09233028035401611,negative,216,,113
B_LOGISTIC_REGRESSION,final_training_fit,3,87,especially,textual,coefficient,0.09139994426457566,0.09139994426457566,positive,217,104,
B_LOGISTIC_REGRESSION,final_training_fit,3,69,difficulty,textual,coefficient,0.08931386480314225,0.08931386480314225,positive,218,105,
B_LOGISTIC_REGRESSION,final_training_fit,3,140,job,textual,coefficient,-0.0891952695425956,0.0891952695425956,negative,219,,114
B_LOGISTIC_REGRESSION,final_training_fit,3,190,new,textual,coefficient,0.08791330950264903,0.08791330950264903,positive,220,106,
B_LOGISTIC_REGRESSION,final_training_fit,3,110,going,textual,coefficient,0.0864632523249749,0.0864632523249749,positive,221,107,
B_LOGISTIC_REGRESSION,final_training_fit,3,176,medication,textual,coefficient,0.08203091127056268,0.08203091127056268,positive,222,108,
B_LOGISTIC_REGRESSION,final_training_fit,3,167,low,textual,coefficient,0.08182083829642268,0.08182083829642268,positive,223,109,
B_LOGISTIC_REGRESSION,final_training_fit,3,8,add,textual,coefficient,-0.08100066796058808,0.08100066796058808,negative,224,,115
B_LOGISTIC_REGRESSION,final_training_fit,3,178,meds,textual,coefficient,0.08031054114271487,0.08031054114271487,positive,225,110,
B_LOGISTIC_REGRESSION,final_training_fit,3,130,hyperactivity,textual,coefficient,-0.07943727167233733,0.07943727167233733,negative,226,,116
B_LOGISTIC_REGRESSION,final_training_fit,3,90,executive,textual,coefficient,-0.07919512927114097,0.07919512927114097,negative,227,,117
B_LOGISTIC_REGRESSION,final_training_fit,3,39,caffeine,textual,coefficient,-0.0773631705522661,0.0773631705522661,negative,228,,118
B_LOGISTIC_REGRESSION,final_training_fit,3,44,change,textual,coefficient,0.07592322266260093,0.07592322266260093,positive,229,111,
B_LOGISTIC_REGRESSION,final_training_fit,3,53,constant,textual,coefficient,-0.07564453832459021,0.07564453832459021,negative,230,,119
B_LOGISTIC_REGRESSION,final_training_fit,3,86,energy,textual,coefficient,-0.07524936486150388,0.07524936486150388,negative,231,,120
B_LOGISTIC_REGRESSION,final_training_fit,3,82,eating,textual,coefficient,-0.07462856593989473,0.07462856593989473,negative,232,,121
B_LOGISTIC_REGRESSION,final_training_fit,3,98,feels,textual,coefficient,-0.07441756399306139,0.07441756399306139,negative,233,,122
B_LOGISTIC_REGRESSION,final_training_fit,3,94,fast,textual,coefficient,-0.07440409796795654,0.07440409796795654,negative,234,,123
B_LOGISTIC_REGRESSION,final_training_fit,3,66,difference,textual,coefficient,0.07371174733524861,0.07371174733524861,positive,235,112,
B_LOGISTIC_REGRESSION,final_training_fit,3,119,health,textual,coefficient,0.07356818521260475,0.07356818521260475,positive,236,113,
B_LOGISTIC_REGRESSION,final_training_fit,3,271,times,textual,coefficient,-0.07182377280629754,0.07182377280629754,negative,237,,124
B_LOGISTIC_REGRESSION,final_training_fit,3,51,condition,textual,coefficient,0.07122648138990259,0.07122648138990259,positive,238,114,
B_LOGISTIC_REGRESSION,final_training_fit,3,235,social,textual,coefficient,-0.0705596467242759,0.0705596467242759,negative,239,,125
B_LOGISTIC_REGRESSION,final_training_fit,3,52,consequences,textual,coefficient,0.07038747006451168,0.07038747006451168,positive,240,115,
B_LOGISTIC_REGRESSION,final_training_fit,3,108,getting,textual,coefficient,0.07023734119473467,0.07023734119473467,positive,241,116,
B_LOGISTIC_REGRESSION,final_training_fit,3,24,attention deficit,textual,coefficient,0.07000293573253384,0.07000293573253384,positive,242,117,
B_LOGISTIC_REGRESSION,final_training_fit,3,62,diagnosis,textual,coefficient,0.06804496367395203,0.06804496367395203,positive,243,118,
B_LOGISTIC_REGRESSION,final_training_fit,3,13,adhd people,textual,coefficient,-0.06804167964037777,0.06804167964037777,negative,244,,126
B_LOGISTIC_REGRESSION,final_training_fit,3,91,exercise,textual,coefficient,-0.06705199386801812,0.06705199386801812,negative,245,,127
B_LOGISTIC_REGRESSION,final_training_fit,3,182,minutes,textual,coefficient,0.06473845072979764,0.06473845072979764,positive,246,119,
B_LOGISTIC_REGRESSION,final_training_fit,3,194,okay,textual,coefficient,-0.06402920473985889,0.06402920473985889,negative,247,,128
B_LOGISTIC_REGRESSION,final_training_fit,3,259,tell,textual,coefficient,-0.06144747336783456,0.06144747336783456,negative,248,,129
B_LOGISTIC_REGRESSION,final_training_fit,3,248,study,textual,coefficient,-0.06099504957222616,0.06099504957222616,negative,249,,130
B_LOGISTIC_REGRESSION,final_training_fit,3,125,higher,textual,coefficient,-0.060815395282553086,0.060815395282553086,negative,250,,131
B_LOGISTIC_REGRESSION,final_training_fit,3,239,stay,textual,coefficient,-0.06036650539850589,0.06036650539850589,negative,251,,132
B_LOGISTIC_REGRESSION,final_training_fit,3,127,hours,textual,coefficient,-0.05976363229076537,0.05976363229076537,negative,252,,133
B_LOGISTIC_REGRESSION,final_training_fit,3,17,adults,textual,coefficient,-0.059667499963201934,0.059667499963201934,negative,253,,134
B_LOGISTIC_REGRESSION,final_training_fit,3,37,brains,textual,coefficient,-0.058613263190253145,0.058613263190253145,negative,254,,135
B_LOGISTIC_REGRESSION,final_training_fit,3,10,adhd brain,textual,coefficient,-0.05781511444590769,0.05781511444590769,negative,255,,136
B_LOGISTIC_REGRESSION,final_training_fit,3,174,mean,textual,coefficient,0.05778586713735735,0.05778586713735735,positive,256,120,
B_LOGISTIC_REGRESSION,final_training_fit,3,57,create,textual,coefficient,0.05611075553906969,0.05611075553906969,positive,257,121,
B_LOGISTIC_REGRESSION,final_training_fit,3,282,using,textual,coefficient,0.05545478748942771,0.05545478748942771,positive,258,122,
B_LOGISTIC_REGRESSION,final_training_fit,3,300,certainty_score,handcrafted_linguistic,coefficient,0.053450227052578195,0.053450227052578195,positive,259,123,
B_LOGISTIC_REGRESSION,final_training_fit,3,230,signs,textual,coefficient,0.052535432311623456,0.052535432311623456,positive,260,124,
B_LOGISTIC_REGRESSION,final_training_fit,3,252,sure,textual,coefficient,0.05122844328721642,0.05122844328721642,positive,261,125,
B_LOGISTIC_REGRESSION,final_training_fit,3,280,use,textual,coefficient,-0.04893440322090538,0.04893440322090538,negative,262,,137
B_LOGISTIC_REGRESSION,final_training_fit,3,236,somebody,textual,coefficient,0.04812114246475003,0.04812114246475003,positive,263,126,
B_LOGISTIC_REGRESSION,final_training_fit,3,61,diagnosed,textual,coefficient,0.0479122818571485,0.0479122818571485,positive,264,127,
B_LOGISTIC_REGRESSION,final_training_fit,3,64,didn,textual,coefficient,-0.044714008241023416,0.044714008241023416,negative,265,,138
B_LOGISTIC_REGRESSION,final_training_fit,3,181,mind,textual,coefficient,-0.044443789528485336,0.044443789528485336,negative,266,,139
B_LOGISTIC_REGRESSION,final_training_fit,3,246,struggling,textual,coefficient,0.04365155944613016,0.04365155944613016,positive,267,128,
B_LOGISTIC_REGRESSION,final_training_fit,3,238,state,textual,coefficient,0.04229441943830049,0.04229441943830049,positive,268,129,
B_LOGISTIC_REGRESSION,final_training_fit,3,276,type,textual,coefficient,0.042251304830088994,0.042251304830088994,positive,269,130,
B_LOGISTIC_REGRESSION,final_training_fit,3,129,hyperactive,textual,coefficient,-0.0421115829372453,0.0421115829372453,negative,270,,140
B_LOGISTIC_REGRESSION,final_training_fit,3,113,great,textual,coefficient,-0.04162219675135185,0.04162219675135185,negative,271,,141
B_LOGISTIC_REGRESSION,final_training_fit,3,227,sensory,textual,coefficient,0.0414774915676794,0.0414774915676794,positive,272,131,
B_LOGISTIC_REGRESSION,final_training_fit,3,196,patients,textual,coefficient,-0.04121805994131494,0.04121805994131494,negative,273,,142
B_LOGISTIC_REGRESSION,final_training_fit,3,88,everybody,textual,coefficient,-0.04071747997487936,0.04071747997487936,negative,274,,143
B_LOGISTIC_REGRESSION,final_training_fit,3,153,life,textual,coefficient,-0.04021877879423409,0.04021877879423409,negative,275,,144
B_LOGISTIC_REGRESSION,final_training_fit,3,47,come,textual,coefficient,-0.0398141486639824,0.0398141486639824,negative,276,,145
B_LOGISTIC_REGRESSION,final_training_fit,3,200,person,textual,coefficient,0.03681120137999894,0.03681120137999894,positive,277,132,
B_LOGISTIC_REGRESSION,final_training_fit,3,294,world,textual,coefficient,0.0279600951928954,0.0279600951928954,positive,278,133,
B_LOGISTIC_REGRESSION,final_training_fit,3,256,talking,textual,coefficient,0.026843123219033607,0.026843123219033607,positive,279,134,
B_LOGISTIC_REGRESSION,final_training_fit,3,296,wrong,textual,coefficient,-0.024352325838565253,0.024352325838565253,negative,280,,146
B_LOGISTIC_REGRESSION,final_training_fit,3,126,highly,textual,coefficient,0.022346151791546105,0.022346151791546105,positive,281,135,
B_LOGISTIC_REGRESSION,final_training_fit,3,101,follow,textual,coefficient,-0.022084320950381077,0.022084320950381077,negative,282,,147
B_LOGISTIC_REGRESSION,final_training_fit,3,293,works,textual,coefficient,-0.021887716554463678,0.021887716554463678,negative,283,,148
B_LOGISTIC_REGRESSION,final_training_fit,3,111,good,textual,coefficient,-0.021134435561699767,0.021134435561699767,negative,284,,149
B_LOGISTIC_REGRESSION,final_training_fit,3,186,need,textual,coefficient,-0.020350179692182682,0.020350179692182682,negative,285,,150
B_LOGISTIC_REGRESSION,final_training_fit,3,50,completely,textual,coefficient,-0.016826887705494103,0.016826887705494103,negative,286,,151
B_LOGISTIC_REGRESSION,final_training_fit,3,202,physical,textual,coefficient,0.016728953250311297,0.016728953250311297,positive,287,136,
B_LOGISTIC_REGRESSION,final_training_fit,3,22,ask,textual,coefficient,-0.015071971392245266,0.015071971392245266,negative,288,,152
B_LOGISTIC_REGRESSION,final_training_fit,3,158,little bit,textual,coefficient,-0.01459506601217471,0.01459506601217471,negative,289,,153
B_LOGISTIC_REGRESSION,final_training_fit,3,35,body,textual,coefficient,-0.012760609914211829,0.012760609914211829,negative,290,,154
B_LOGISTIC_REGRESSION,final_training_fit,3,267,thinking,textual,coefficient,0.012713236102514718,0.012713236102514718,positive,291,137,
B_LOGISTIC_REGRESSION,final_training_fit,3,228,seven,textual,coefficient,0.010465792035323955,0.010465792035323955,positive,292,138,
B_LOGISTIC_REGRESSION,final_training_fit,3,272,treatment,textual,coefficient,-0.010356800798360977,0.010356800798360977,negative,293,,155
B_LOGISTIC_REGRESSION,final_training_fit,3,160,long,textual,coefficient,-0.008423065657304277,0.008423065657304277,negative,294,,156
B_LOGISTIC_REGRESSION,final_training_fit,3,72,doctor,textual,coefficient,-0.006970772690287551,0.006970772690287551,negative,295,,157
B_LOGISTIC_REGRESSION,final_training_fit,3,150,let,textual,coefficient,0.005816336658170096,0.005816336658170096,positive,296,139,
B_LOGISTIC_REGRESSION,final_training_fit,3,116,hard,textual,coefficient,-0.0028470198777968345,0.0028470198777968345,negative,297,,158
B_LOGISTIC_REGRESSION,final_training_fit,3,54,constantly,textual,coefficient,0.0012551702636039218,0.0012551702636039218,positive,298,140,
B_LOGISTIC_REGRESSION,final_training_fit,3,299,yes,textual,coefficient,-0.000975494148262447,0.000975494148262447,negative,299,,159
B_LOGISTIC_REGRESSION,final_training_fit,3,255,talk,textual,coefficient,0.0007203604810245051,0.0007203604810245051,positive,300,141,
B_LOGISTIC_REGRESSION,final_training_fit,3,223,second,textual,coefficient,-0.0006186563947053832,0.0006186563947053832,negative,301,,160
B_LOGISTIC_REGRESSION,final_training_fit,3,289,ways,textual,coefficient,0.00041163754647204016,0.00041163754647204016,positive,302,142,
B_LOGISTIC_REGRESSION,final_training_fit,4,253,symptoms,textual,coefficient,-1.056196885965531,1.056196885965531,negative,1,,1
B_LOGISTIC_REGRESSION,final_training_fit,4,62,diagnosis,textual,coefficient,-0.8393927622220824,0.8393927622220824,negative,2,,2
B_LOGISTIC_REGRESSION,final_training_fit,4,230,signs,textual,coefficient,-0.8392349505073585,0.8392349505073585,negative,3,,3
B_LOGISTIC_REGRESSION,final_training_fit,4,295,worse,textual,coefficient,0.8060015718088972,0.8060015718088972,positive,4,1,
B_LOGISTIC_REGRESSION,final_training_fit,4,105,fucking,textual,coefficient,0.7654947679553917,0.7654947679553917,positive,5,2,
B_LOGISTIC_REGRESSION,final_training_fit,4,130,hyperactivity,textual,coefficient,-0.7415277704120669,0.7415277704120669,negative,6,,4
B_LOGISTIC_REGRESSION,final_training_fit,4,220,say,textual,coefficient,0.7248767952609925,0.7248767952609925,positive,7,3,
B_LOGISTIC_REGRESSION,final_training_fit,4,153,life,textual,coefficient,0.7167391583977936,0.7167391583977936,positive,8,4,
B_LOGISTIC_REGRESSION,final_training_fit,4,268,thought,textual,coefficient,0.708055524636083,0.708055524636083,positive,9,5,
B_LOGISTIC_REGRESSION,final_training_fit,4,132,impulsive,textual,coefficient,-0.7028725674217376,0.7028725674217376,negative,10,,5
B_LOGISTIC_REGRESSION,final_training_fit,4,241,stimulants,textual,coefficient,-0.6821842343183899,0.6821842343183899,negative,11,,6
B_LOGISTIC_REGRESSION,final_training_fit,4,98,feels,textual,coefficient,0.6758173533626278,0.6758173533626278,positive,12,6,
B_LOGISTIC_REGRESSION,final_training_fit,4,181,mind,textual,coefficient,0.6613375985357038,0.6613375985357038,positive,13,7,
B_LOGISTIC_REGRESSION,final_training_fit,4,86,energy,textual,coefficient,0.6586288152006067,0.6586288152006067,positive,14,8,
B_LOGISTIC_REGRESSION,final_training_fit,4,242,stop,textual,coefficient,0.658122738788019,0.658122738788019,positive,15,9,
B_LOGISTIC_REGRESSION,final_training_fit,4,244,stress,textual,coefficient,0.6486215058044179,0.6486215058044179,positive,16,10,
B_LOGISTIC_REGRESSION,final_training_fit,4,26,avoid,textual,coefficient,0.6448771930787949,0.6448771930787949,positive,17,11,
B_LOGISTIC_REGRESSION,final_training_fit,4,176,medication,textual,coefficient,-0.6382535850548398,0.6382535850548398,negative,18,,7
B_LOGISTIC_REGRESSION,final_training_fit,4,270,time,textual,coefficient,-0.6353303020017405,0.6353303020017405,negative,19,,8
B_LOGISTIC_REGRESSION,final_training_fit,4,65,diet,textual,coefficient,-0.6318622158533533,0.6318622158533533,negative,20,,9
B_LOGISTIC_REGRESSION,final_training_fit,4,123,helps,textual,coefficient,0.6284714082422662,0.6284714082422662,positive,21,12,
B_LOGISTIC_REGRESSION,final_training_fit,4,27,away,textual,coefficient,0.6220244608000668,0.6220244608000668,positive,22,13,
B_LOGISTIC_REGRESSION,final_training_fit,4,284,ve,textual,coefficient,0.6175655446836439,0.6175655446836439,positive,23,14,
B_LOGISTIC_REGRESSION,final_training_fit,4,23,attention,textual,coefficient,-0.6007132588016376,0.6007132588016376,negative,24,,10
B_LOGISTIC_REGRESSION,final_training_fit,4,110,going,textual,coefficient,0.5959522954346954,0.5959522954346954,positive,25,15,
B_LOGISTIC_REGRESSION,final_training_fit,4,139,issues,textual,coefficient,-0.5951218886512246,0.5951218886512246,negative,26,,11
B_LOGISTIC_REGRESSION,final_training_fit,4,14,adhd symptoms,textual,coefficient,-0.5934360988486428,0.5934360988486428,negative,27,,12
B_LOGISTIC_REGRESSION,final_training_fit,4,11,adhd brains,textual,coefficient,0.5873695043818605,0.5873695043818605,positive,28,16,
B_LOGISTIC_REGRESSION,final_training_fit,4,69,difficulty,textual,coefficient,-0.5865013546685339,0.5865013546685339,negative,29,,13
B_LOGISTIC_REGRESSION,final_training_fit,4,7,actually,textual,coefficient,0.5820988890558516,0.5820988890558516,positive,30,17,
B_LOGISTIC_REGRESSION,final_training_fit,4,233,sleep,textual,coefficient,-0.5808050308578795,0.5808050308578795,negative,31,,14
B_LOGISTIC_REGRESSION,final_training_fit,4,277,uh,textual,coefficient,-0.5758150421883892,0.5758150421883892,negative,32,,15
B_LOGISTIC_REGRESSION,final_training_fit,4,31,best,textual,coefficient,0.575451272547316,0.575451272547316,positive,33,18,
B_LOGISTIC_REGRESSION,final_training_fit,4,192,number,textual,coefficient,0.574063368465803,0.574063368465803,positive,34,19,
B_LOGISTIC_REGRESSION,final_training_fit,4,21,anxiety,textual,coefficient,0.5598174490117493,0.5598174490117493,positive,35,20,
B_LOGISTIC_REGRESSION,final_training_fit,4,37,brains,textual,coefficient,0.556686542836866,0.556686542836866,positive,36,21,
B_LOGISTIC_REGRESSION,final_training_fit,4,58,day,textual,coefficient,0.5501768098483886,0.5501768098483886,positive,37,22,
B_LOGISTIC_REGRESSION,final_training_fit,4,6,activity,textual,coefficient,-0.5500840041160291,0.5500840041160291,negative,38,,16
B_LOGISTIC_REGRESSION,final_training_fit,4,252,sure,textual,coefficient,-0.5484888324747665,0.5484888324747665,negative,39,,17
B_LOGISTIC_REGRESSION,final_training_fit,4,84,emotions,textual,coefficient,-0.5473561040765673,0.5473561040765673,negative,40,,18
B_LOGISTIC_REGRESSION,final_training_fit,4,186,need,textual,coefficient,0.5453597235505871,0.5453597235505871,positive,41,23,
B_LOGISTIC_REGRESSION,final_training_fit,4,250,sugar,textual,coefficient,0.5422135340612236,0.5422135340612236,positive,42,24,
B_LOGISTIC_REGRESSION,final_training_fit,4,49,common,textual,coefficient,-0.5393844041945628,0.5393844041945628,negative,43,,19
B_LOGISTIC_REGRESSION,final_training_fit,4,222,school,textual,coefficient,-0.5367878452490281,0.5367878452490281,negative,44,,20
B_LOGISTIC_REGRESSION,final_training_fit,4,260,tend,textual,coefficient,0.5338717263008577,0.5338717263008577,positive,45,25,
B_LOGISTIC_REGRESSION,final_training_fit,4,129,hyperactive,textual,coefficient,-0.5326509127494656,0.5326509127494656,negative,46,,21
B_LOGISTIC_REGRESSION,final_training_fit,4,238,state,textual,coefficient,0.5301941952502374,0.5301941952502374,positive,47,26,
B_LOGISTIC_REGRESSION,final_training_fit,4,43,certain,textual,coefficient,-0.52097949701321,0.52097949701321,negative,48,,22
B_LOGISTIC_REGRESSION,final_training_fit,4,188,nervous,textual,coefficient,0.5202826561916637,0.5202826561916637,positive,49,27,
B_LOGISTIC_REGRESSION,final_training_fit,4,78,dopamine,textual,coefficient,0.5029873873394997,0.5029873873394997,positive,50,28,
B_LOGISTIC_REGRESSION,final_training_fit,4,185,music,textual,coefficient,-0.502303344229567,0.502303344229567,negative,51,,23
B_LOGISTIC_REGRESSION,final_training_fit,4,76,don,textual,coefficient,0.5014203116191039,0.5014203116191039,positive,52,29,
B_LOGISTIC_REGRESSION,final_training_fit,4,94,fast,textual,coefficient,-0.4893125909962456,0.4893125909962456,negative,53,,24
B_LOGISTIC_REGRESSION,final_training_fit,4,38,burnout,textual,coefficient,0.48295692864749096,0.48295692864749096,positive,54,30,
B_LOGISTIC_REGRESSION,final_training_fit,4,190,new,textual,coefficient,0.47963439419066534,0.47963439419066534,positive,55,31,
B_LOGISTIC_REGRESSION,final_training_fit,4,36,brain,textual,coefficient,0.472685029020979,0.472685029020979,positive,56,32,
B_LOGISTIC_REGRESSION,final_training_fit,4,17,adults,textual,coefficient,-0.4725226510051998,0.4725226510051998,negative,57,,25
B_LOGISTIC_REGRESSION,final_training_fit,4,72,doctor,textual,coefficient,-0.4539418890587295,0.4539418890587295,negative,58,,26
B_LOGISTIC_REGRESSION,final_training_fit,4,113,great,textual,coefficient,0.4504484643504147,0.4504484643504147,positive,59,33,
B_LOGISTIC_REGRESSION,final_training_fit,4,273,trouble,textual,coefficient,-0.4491836279198007,0.4491836279198007,negative,60,,27
B_LOGISTIC_REGRESSION,final_training_fit,4,68,differently,textual,coefficient,-0.44317618948962084,0.44317618948962084,negative,61,,28
B_LOGISTIC_REGRESSION,final_training_fit,4,134,inattentive,textual,coefficient,-0.4412560240207069,0.4412560240207069,negative,62,,29
B_LOGISTIC_REGRESSION,final_training_fit,4,269,thoughts,textual,coefficient,-0.4397174429094607,0.4397174429094607,negative,63,,30
B_LOGISTIC_REGRESSION,final_training_fit,4,173,maybe,textual,coefficient,0.43962652446469014,0.43962652446469014,positive,64,34,
B_LOGISTIC_REGRESSION,final_training_fit,4,16,adult,textual,coefficient,-0.43837669413390995,0.43837669413390995,negative,65,,31
B_LOGISTIC_REGRESSION,final_training_fit,4,95,feel,textual,coefficient,0.43334663580807853,0.43334663580807853,positive,66,35,
B_LOGISTIC_REGRESSION,final_training_fit,4,64,didn,textual,coefficient,0.431488999031873,0.431488999031873,positive,67,36,
B_LOGISTIC_REGRESSION,final_training_fit,4,175,means,textual,coefficient,0.4308389061388615,0.4308389061388615,positive,68,37,
B_LOGISTIC_REGRESSION,final_training_fit,4,166,love,textual,coefficient,0.4250587188828434,0.4250587188828434,positive,69,38,
B_LOGISTIC_REGRESSION,final_training_fit,4,292,working,textual,coefficient,0.4242796000735396,0.4242796000735396,positive,70,39,
B_LOGISTIC_REGRESSION,final_training_fit,4,147,later,textual,coefficient,0.4170949942585991,0.4170949942585991,positive,71,40,
B_LOGISTIC_REGRESSION,final_training_fit,4,121,help,textual,coefficient,0.41635476215909595,0.41635476215909595,positive,72,41,
B_LOGISTIC_REGRESSION,final_training_fit,4,243,strategies,textual,coefficient,-0.40900846998054885,0.40900846998054885,negative,73,,32
B_LOGISTIC_REGRESSION,final_training_fit,4,41,calm,textual,coefficient,0.40494895604398545,0.40494895604398545,positive,74,42,
B_LOGISTIC_REGRESSION,final_training_fit,4,92,experience,textual,coefficient,-0.40451231927476355,0.40451231927476355,negative,75,,33
B_LOGISTIC_REGRESSION,final_training_fit,4,211,really,textual,coefficient,-0.4017407031637756,0.4017407031637756,negative,76,,34
B_LOGISTIC_REGRESSION,final_training_fit,4,267,thinking,textual,coefficient,-0.39640770881886683,0.39640770881886683,negative,77,,35
B_LOGISTIC_REGRESSION,final_training_fit,4,189,neurotypical,textual,coefficient,0.39399254527492533,0.39399254527492533,positive,78,43,
B_LOGISTIC_REGRESSION,final_training_fit,4,52,consequences,textual,coefficient,0.3908860612716459,0.3908860612716459,positive,79,44,
B_LOGISTIC_REGRESSION,final_training_fit,4,141,just,textual,coefficient,0.38943556376668814,0.38943556376668814,positive,80,45,
B_LOGISTIC_REGRESSION,final_training_fit,4,0,10,textual,coefficient,0.3848666557845728,0.3848666557845728,positive,81,46,
B_LOGISTIC_REGRESSION,final_training_fit,4,237,start,textual,coefficient,-0.3756653886794527,0.3756653886794527,negative,82,,36
B_LOGISTIC_REGRESSION,final_training_fit,4,131,important,textual,coefficient,-0.3747147455250764,0.3747147455250764,negative,83,,37
B_LOGISTIC_REGRESSION,final_training_fit,4,255,talk,textual,coefficient,-0.36851375415553705,0.36851375415553705,negative,84,,38
B_LOGISTIC_REGRESSION,final_training_fit,4,51,condition,textual,coefficient,-0.36666934295594983,0.36666934295594983,negative,85,,39
B_LOGISTIC_REGRESSION,final_training_fit,4,25,autism,textual,coefficient,-0.3622048974753959,0.3622048974753959,negative,86,,40
B_LOGISTIC_REGRESSION,final_training_fit,4,179,memory,textual,coefficient,-0.36175363805595945,0.36175363805595945,negative,87,,41
B_LOGISTIC_REGRESSION,final_training_fit,4,286,video,textual,coefficient,-0.35762938699096164,0.35762938699096164,negative,88,,42
B_LOGISTIC_REGRESSION,final_training_fit,4,296,wrong,textual,coefficient,0.3559563435928374,0.3559563435928374,positive,89,47,
B_LOGISTIC_REGRESSION,final_training_fit,4,187,needs,textual,coefficient,0.3557970110089761,0.3557970110089761,positive,90,48,
B_LOGISTIC_REGRESSION,final_training_fit,4,216,relationships,textual,coefficient,-0.3554443415969347,0.3554443415969347,negative,91,,43
B_LOGISTIC_REGRESSION,final_training_fit,4,183,morning,textual,coefficient,0.35484531072124664,0.35484531072124664,positive,92,49,
B_LOGISTIC_REGRESSION,final_training_fit,4,227,sensory,textual,coefficient,-0.3543993575468603,0.3543993575468603,negative,93,,44
B_LOGISTIC_REGRESSION,final_training_fit,4,99,finally,textual,coefficient,-0.3542651802176686,0.3542651802176686,negative,94,,45
B_LOGISTIC_REGRESSION,final_training_fit,4,125,higher,textual,coefficient,-0.3526204951992742,0.3526204951992742,negative,95,,46
B_LOGISTIC_REGRESSION,final_training_fit,4,212,reason,textual,coefficient,0.34761685554204275,0.34761685554204275,positive,96,50,
B_LOGISTIC_REGRESSION,final_training_fit,4,47,come,textual,coefficient,0.34377952855593835,0.34377952855593835,positive,97,51,
B_LOGISTIC_REGRESSION,final_training_fit,4,274,try,textual,coefficient,0.3425227425605017,0.3425227425605017,positive,98,52,
B_LOGISTIC_REGRESSION,final_training_fit,4,63,did,textual,coefficient,0.34238650016578687,0.34238650016578687,positive,99,53,
B_LOGISTIC_REGRESSION,final_training_fit,4,112,got,textual,coefficient,0.3387485376483734,0.3387485376483734,positive,100,54,
B_LOGISTIC_REGRESSION,final_training_fit,4,50,completely,textual,coefficient,0.336103788917485,0.336103788917485,positive,101,55,
B_LOGISTIC_REGRESSION,final_training_fit,4,177,medications,textual,coefficient,-0.33366100355790845,0.33366100355790845,negative,102,,47
B_LOGISTIC_REGRESSION,final_training_fit,4,61,diagnosed,textual,coefficient,-0.33301437009710694,0.33301437009710694,negative,103,,48
B_LOGISTIC_REGRESSION,final_training_fit,4,298,years,textual,coefficient,0.33263490558196124,0.33263490558196124,positive,104,56,
B_LOGISTIC_REGRESSION,final_training_fit,4,154,like,textual,coefficient,0.32897093313540837,0.32897093313540837,positive,105,57,
B_LOGISTIC_REGRESSION,final_training_fit,4,231,single,textual,coefficient,0.3277510229521783,0.3277510229521783,positive,106,58,
B_LOGISTIC_REGRESSION,final_training_fit,4,256,talking,textual,coefficient,-0.3267940268500825,0.3267940268500825,negative,107,,49
B_LOGISTIC_REGRESSION,final_training_fit,4,39,caffeine,textual,coefficient,0.3229555225419385,0.3229555225419385,positive,108,59,
B_LOGISTIC_REGRESSION,final_training_fit,4,48,comes,textual,coefficient,-0.3217902694103785,0.3217902694103785,negative,109,,50
B_LOGISTIC_REGRESSION,final_training_fit,4,262,test,textual,coefficient,-0.32117618957818994,0.32117618957818994,negative,110,,51
B_LOGISTIC_REGRESSION,final_training_fit,4,194,okay,textual,coefficient,0.31659866420199206,0.31659866420199206,positive,111,60,
B_LOGISTIC_REGRESSION,final_training_fit,4,89,example,textual,coefficient,-0.30736339826437725,0.30736339826437725,negative,112,,52
B_LOGISTIC_REGRESSION,final_training_fit,4,116,hard,textual,coefficient,-0.2978683983663544,0.2978683983663544,negative,113,,53
B_LOGISTIC_REGRESSION,final_training_fit,4,167,low,textual,coefficient,0.29035228627134685,0.29035228627134685,positive,114,61,
B_LOGISTIC_REGRESSION,final_training_fit,4,254,taking,textual,coefficient,-0.2876130479300613,0.2876130479300613,negative,115,,54
B_LOGISTIC_REGRESSION,final_training_fit,4,9,adhd,textual,coefficient,-0.28378820448307784,0.28378820448307784,negative,116,,55
B_LOGISTIC_REGRESSION,final_training_fit,4,195,overwhelmed,textual,coefficient,-0.2828338906014884,0.2828338906014884,negative,117,,56
B_LOGISTIC_REGRESSION,final_training_fit,4,218,research,textual,coefficient,0.2806102947396011,0.2806102947396011,positive,118,62,
B_LOGISTIC_REGRESSION,final_training_fit,4,135,increase,textual,coefficient,-0.2773440318849895,0.2773440318849895,negative,119,,57
B_LOGISTIC_REGRESSION,final_training_fit,4,261,term,textual,coefficient,-0.2756495841928886,0.2756495841928886,negative,120,,58
B_LOGISTIC_REGRESSION,final_training_fit,4,81,eat,textual,coefficient,0.2730646890934845,0.2730646890934845,positive,121,63,
B_LOGISTIC_REGRESSION,final_training_fit,4,12,adhd medication,textual,coefficient,-0.2699443968672171,0.2699443968672171,negative,122,,59
B_LOGISTIC_REGRESSION,final_training_fit,4,15,adhders,textual,coefficient,0.26833016531525156,0.26833016531525156,positive,123,64,
B_LOGISTIC_REGRESSION,final_training_fit,4,263,thing,textual,coefficient,0.267045831037589,0.267045831037589,positive,124,65,
B_LOGISTIC_REGRESSION,final_training_fit,4,133,impulsivity,textual,coefficient,-0.2643896998304179,0.2643896998304179,negative,125,,60
B_LOGISTIC_REGRESSION,final_training_fit,4,108,getting,textual,coefficient,-0.26218913073025363,0.26218913073025363,negative,126,,61
B_LOGISTIC_REGRESSION,final_training_fit,4,118,having,textual,coefficient,-0.25924490214986723,0.25924490214986723,negative,127,,62
B_LOGISTIC_REGRESSION,final_training_fit,4,70,disorder,textual,coefficient,-0.25510605147578974,0.25510605147578974,negative,128,,63
B_LOGISTIC_REGRESSION,final_training_fit,4,210,real,textual,coefficient,-0.254703243369415,0.254703243369415,negative,129,,64
B_LOGISTIC_REGRESSION,final_training_fit,4,142,kids,textual,coefficient,0.2546353340797581,0.2546353340797581,positive,130,66,
B_LOGISTIC_REGRESSION,final_training_fit,4,1,20,textual,coefficient,0.2539855201216601,0.2539855201216601,positive,131,67,
B_LOGISTIC_REGRESSION,final_training_fit,4,219,right,textual,coefficient,0.2522793469811439,0.2522793469811439,positive,132,68,
B_LOGISTIC_REGRESSION,final_training_fit,4,283,usually,textual,coefficient,-0.2520061007278961,0.2520061007278961,negative,133,,65
B_LOGISTIC_REGRESSION,final_training_fit,4,91,exercise,textual,coefficient,0.24921994201675327,0.24921994201675327,positive,134,69,
B_LOGISTIC_REGRESSION,final_training_fit,4,285,ve got,textual,coefficient,0.24633363413251655,0.24633363413251655,positive,135,70,
B_LOGISTIC_REGRESSION,final_training_fit,4,282,using,textual,coefficient,-0.24297691276357322,0.24297691276357322,negative,136,,66
B_LOGISTIC_REGRESSION,final_training_fit,4,53,constant,textual,coefficient,0.24155340679637216,0.24155340679637216,positive,137,71,
B_LOGISTIC_REGRESSION,final_training_fit,4,119,health,textual,coefficient,0.2408494625190077,0.2408494625190077,positive,138,72,
B_LOGISTIC_REGRESSION,final_training_fit,4,87,especially,textual,coefficient,0.239723617706168,0.239723617706168,positive,139,73,
B_LOGISTIC_REGRESSION,final_training_fit,4,196,patients,textual,coefficient,-0.236422518696921,0.236422518696921,negative,140,,67
B_LOGISTIC_REGRESSION,final_training_fit,4,10,adhd brain,textual,coefficient,0.2353462237848847,0.2353462237848847,positive,141,74,
B_LOGISTIC_REGRESSION,final_training_fit,4,106,function,textual,coefficient,0.23249958720436179,0.23249958720436179,positive,142,75,
B_LOGISTIC_REGRESSION,final_training_fit,4,228,seven,textual,coefficient,-0.2314608394331577,0.2314608394331577,negative,143,,68
B_LOGISTIC_REGRESSION,final_training_fit,4,287,want,textual,coefficient,0.22959504474084552,0.22959504474084552,positive,144,76,
B_LOGISTIC_REGRESSION,final_training_fit,4,291,work,textual,coefficient,0.2260966575066462,0.2260966575066462,positive,145,77,
B_LOGISTIC_REGRESSION,final_training_fit,4,146,late,textual,coefficient,-0.2232018508652069,0.2232018508652069,negative,146,,69
B_LOGISTIC_REGRESSION,final_training_fit,4,34,bit,textual,coefficient,-0.22062352360875515,0.22062352360875515,negative,147,,70
B_LOGISTIC_REGRESSION,final_training_fit,4,265,things like,textual,coefficient,-0.21664158567573308,0.21664158567573308,negative,148,,71
B_LOGISTIC_REGRESSION,final_training_fit,4,182,minutes,textual,coefficient,-0.21545471676853786,0.21545471676853786,negative,149,,72
B_LOGISTIC_REGRESSION,final_training_fit,4,66,difference,textual,coefficient,-0.21205305166851054,0.21205305166851054,negative,150,,73
B_LOGISTIC_REGRESSION,final_training_fit,4,201,phone,textual,coefficient,0.20720806242281326,0.20720806242281326,positive,151,78,
B_LOGISTIC_REGRESSION,final_training_fit,4,232,sit,textual,coefficient,0.202425860383612,0.202425860383612,positive,152,79,
B_LOGISTIC_REGRESSION,final_training_fit,4,156,literally,textual,coefficient,0.202257551441165,0.202257551441165,positive,153,80,
B_LOGISTIC_REGRESSION,final_training_fit,4,136,information,textual,coefficient,0.20051717297404797,0.20051717297404797,positive,154,81,
B_LOGISTIC_REGRESSION,final_training_fit,4,144,know,textual,coefficient,0.19937081117001698,0.19937081117001698,positive,155,82,
B_LOGISTIC_REGRESSION,final_training_fit,4,85,end,textual,coefficient,0.19870817844118216,0.19870817844118216,positive,156,83,
B_LOGISTIC_REGRESSION,final_training_fit,4,258,tasks,textual,coefficient,-0.19799795633990602,0.19799795633990602,negative,157,,74
B_LOGISTIC_REGRESSION,final_training_fit,4,40,called,textual,coefficient,0.19678440258325242,0.19678440258325242,positive,158,84,
B_LOGISTIC_REGRESSION,final_training_fit,4,101,follow,textual,coefficient,0.1964065625530909,0.1964065625530909,positive,159,85,
B_LOGISTIC_REGRESSION,final_training_fit,4,180,mental,textual,coefficient,-0.19179655925522188,0.19179655925522188,negative,160,,75
B_LOGISTIC_REGRESSION,final_training_fit,4,54,constantly,textual,coefficient,0.19158449628167817,0.19158449628167817,positive,161,86,
B_LOGISTIC_REGRESSION,final_training_fit,4,35,body,textual,coefficient,0.19002593618982935,0.19002593618982935,positive,162,87,
B_LOGISTIC_REGRESSION,final_training_fit,4,205,probably,textual,coefficient,0.1891386040926153,0.1891386040926153,positive,163,88,
B_LOGISTIC_REGRESSION,final_training_fit,4,251,support,textual,coefficient,-0.188381876870007,0.188381876870007,negative,164,,76
B_LOGISTIC_REGRESSION,final_training_fit,4,247,studies,textual,coefficient,-0.1878126552429943,0.1878126552429943,negative,165,,77
B_LOGISTIC_REGRESSION,final_training_fit,4,151,level,textual,coefficient,-0.18703288342586935,0.18703288342586935,negative,166,,78
B_LOGISTIC_REGRESSION,final_training_fit,4,83,emotional,textual,coefficient,-0.18564664474789416,0.18564664474789416,negative,167,,79
B_LOGISTIC_REGRESSION,final_training_fit,4,93,fact,textual,coefficient,0.1840605141717425,0.1840605141717425,positive,168,89,
B_LOGISTIC_REGRESSION,final_training_fit,4,280,use,textual,coefficient,-0.18178517635734498,0.18178517635734498,negative,169,,80
B_LOGISTIC_REGRESSION,final_training_fit,4,100,focus,textual,coefficient,0.1810855045811961,0.1810855045811961,positive,170,90,
B_LOGISTIC_REGRESSION,final_training_fit,4,207,problems,textual,coefficient,-0.1805804937219045,0.1805804937219045,negative,171,,81
B_LOGISTIC_REGRESSION,final_training_fit,4,272,treatment,textual,coefficient,-0.17908809425871228,0.17908809425871228,negative,172,,82
B_LOGISTIC_REGRESSION,final_training_fit,4,193,oh,textual,coefficient,-0.17818271773988137,0.17818271773988137,negative,173,,83
B_LOGISTIC_REGRESSION,final_training_fit,4,32,better,textual,coefficient,-0.1763657957892104,0.1763657957892104,negative,174,,84
B_LOGISTIC_REGRESSION,final_training_fit,4,162,look,textual,coefficient,-0.17563705532703638,0.17563705532703638,negative,175,,85
B_LOGISTIC_REGRESSION,final_training_fit,4,301,hedge_score,handcrafted_linguistic,coefficient,-0.17526772064260415,0.17526772064260415,negative,176,,86
B_LOGISTIC_REGRESSION,final_training_fit,4,178,meds,textual,coefficient,0.16626393368810372,0.16626393368810372,positive,177,91,
B_LOGISTIC_REGRESSION,final_training_fit,4,28,bad,textual,coefficient,-0.16559260376033882,0.16559260376033882,negative,178,,87
B_LOGISTIC_REGRESSION,final_training_fit,4,245,struggle,textual,coefficient,-0.16277426565645975,0.16277426565645975,negative,179,,88
B_LOGISTIC_REGRESSION,final_training_fit,4,234,small,textual,coefficient,0.1608704459023656,0.1608704459023656,positive,180,92,
B_LOGISTIC_REGRESSION,final_training_fit,4,246,struggling,textual,coefficient,-0.16052905115405589,0.16052905115405589,negative,181,,89
B_LOGISTIC_REGRESSION,final_training_fit,4,299,yes,textual,coefficient,-0.1544643688391081,0.1544643688391081,negative,182,,90
B_LOGISTIC_REGRESSION,final_training_fit,4,209,quickly,textual,coefficient,0.15439603060281507,0.15439603060281507,positive,183,93,
B_LOGISTIC_REGRESSION,final_training_fit,4,124,high,textual,coefficient,0.1533894065270134,0.1533894065270134,positive,184,94,
B_LOGISTIC_REGRESSION,final_training_fit,4,109,goes,textual,coefficient,0.15332386979243423,0.15332386979243423,positive,185,95,
B_LOGISTIC_REGRESSION,final_training_fit,4,198,people,textual,coefficient,0.15055986571597327,0.15055986571597327,positive,186,96,
B_LOGISTIC_REGRESSION,final_training_fit,4,257,task,textual,coefficient,0.15008753711589934,0.15008753711589934,positive,187,97,
B_LOGISTIC_REGRESSION,final_training_fit,4,221,saying,textual,coefficient,0.14830311974820826,0.14830311974820826,positive,188,98,
B_LOGISTIC_REGRESSION,final_training_fit,4,164,lot,textual,coefficient,0.1473649494120604,0.1473649494120604,positive,189,99,
B_LOGISTIC_REGRESSION,final_training_fit,4,71,distracted,textual,coefficient,-0.14554446092539547,0.14554446092539547,negative,190,,91
B_LOGISTIC_REGRESSION,final_training_fit,4,163,looking,textual,coefficient,-0.14467820025783454,0.14467820025783454,negative,191,,92
B_LOGISTIC_REGRESSION,final_training_fit,4,208,protein,textual,coefficient,-0.14458909142531254,0.14458909142531254,negative,192,,93
B_LOGISTIC_REGRESSION,final_training_fit,4,235,social,textual,coefficient,0.14448063948805495,0.14448063948805495,positive,193,100,
B_LOGISTIC_REGRESSION,final_training_fit,4,170,makes,textual,coefficient,0.14113370679343445,0.14113370679343445,positive,194,101,
B_LOGISTIC_REGRESSION,final_training_fit,4,114,gut,textual,coefficient,-0.14057356386752878,0.14057356386752878,negative,195,,94
B_LOGISTIC_REGRESSION,final_training_fit,4,30,behavior,textual,coefficient,0.13226773208740883,0.13226773208740883,positive,196,102,
B_LOGISTIC_REGRESSION,final_training_fit,4,102,food,textual,coefficient,-0.13002299270972023,0.13002299270972023,negative,197,,95
B_LOGISTIC_REGRESSION,final_training_fit,4,77,don know,textual,coefficient,0.12709730000993588,0.12709730000993588,positive,198,103,
B_LOGISTIC_REGRESSION,final_training_fit,4,239,stay,textual,coefficient,-0.12458503542205508,0.12458503542205508,negative,199,,96
B_LOGISTIC_REGRESSION,final_training_fit,4,224,self,textual,coefficient,0.12443545436462741,0.12443545436462741,positive,200,104,
B_LOGISTIC_REGRESSION,final_training_fit,4,278,um,textual,coefficient,0.12373435784041405,0.12373435784041405,positive,201,105,
B_LOGISTIC_REGRESSION,final_training_fit,4,158,little bit,textual,coefficient,-0.12337735461869218,0.12337735461869218,negative,202,,97
B_LOGISTIC_REGRESSION,final_training_fit,4,172,manage,textual,coefficient,-0.12282633634696793,0.12282633634696793,negative,203,,98
B_LOGISTIC_REGRESSION,final_training_fit,4,169,make,textual,coefficient,0.12181196426315838,0.12181196426315838,positive,204,106,
B_LOGISTIC_REGRESSION,final_training_fit,4,240,stimulant,textual,coefficient,-0.12103899978505192,0.12103899978505192,negative,205,,99
B_LOGISTIC_REGRESSION,final_training_fit,4,279,understand,textual,coefficient,-0.1197365059845327,0.1197365059845327,negative,206,,100
B_LOGISTIC_REGRESSION,final_training_fit,4,223,second,textual,coefficient,-0.11738965162693811,0.11738965162693811,negative,207,,101
B_LOGISTIC_REGRESSION,final_training_fit,4,294,world,textual,coefficient,0.1166769528747171,0.1166769528747171,positive,208,107,
B_LOGISTIC_REGRESSION,final_training_fit,4,174,mean,textual,coefficient,-0.11547436105637597,0.11547436105637597,negative,209,,102
B_LOGISTIC_REGRESSION,final_training_fit,4,214,regulation,textual,coefficient,-0.11541503429238675,0.11541503429238675,negative,210,,103
B_LOGISTIC_REGRESSION,final_training_fit,4,171,making,textual,coefficient,0.11488879110421196,0.11488879110421196,positive,211,108,
B_LOGISTIC_REGRESSION,final_training_fit,4,202,physical,textual,coefficient,-0.11142534432692862,0.11142534432692862,negative,212,,104
B_LOGISTIC_REGRESSION,final_training_fit,4,96,feel like,textual,coefficient,0.11116820263969543,0.11116820263969543,positive,213,109,
B_LOGISTIC_REGRESSION,final_training_fit,4,203,place,textual,coefficient,0.11058416373358533,0.11058416373358533,positive,214,110,
B_LOGISTIC_REGRESSION,final_training_fit,4,18,affect,textual,coefficient,-0.110050982805771,0.110050982805771,negative,215,,105
B_LOGISTIC_REGRESSION,final_training_fit,4,120,hear,textual,coefficient,0.10824717136854473,0.10824717136854473,positive,216,111,
B_LOGISTIC_REGRESSION,final_training_fit,4,128,hyper,textual,coefficient,0.10745218001415044,0.10745218001415044,positive,217,112,
B_LOGISTIC_REGRESSION,final_training_fit,4,8,add,textual,coefficient,0.10676931353803998,0.10676931353803998,positive,218,113,
B_LOGISTIC_REGRESSION,final_training_fit,4,57,create,textual,coefficient,0.10602320450431889,0.10602320450431889,positive,219,114,
B_LOGISTIC_REGRESSION,final_training_fit,4,103,foods,textual,coefficient,-0.10570517770967797,0.10570517770967797,negative,220,,106
B_LOGISTIC_REGRESSION,final_training_fit,4,149,learning,textual,coefficient,-0.1045727401303349,0.1045727401303349,negative,221,,107
B_LOGISTIC_REGRESSION,final_training_fit,4,293,works,textual,coefficient,0.10367659714596585,0.10367659714596585,positive,222,115,
B_LOGISTIC_REGRESSION,final_training_fit,4,19,alcohol,textual,coefficient,-0.10057556577336546,0.10057556577336546,negative,223,,108
B_LOGISTIC_REGRESSION,final_training_fit,4,266,think,textual,coefficient,-0.09941777137098982,0.09941777137098982,negative,224,,109
B_LOGISTIC_REGRESSION,final_training_fit,4,165,lot people,textual,coefficient,0.09781225089417639,0.09781225089417639,positive,225,116,
B_LOGISTIC_REGRESSION,final_training_fit,4,217,remember,textual,coefficient,-0.09727411131995829,0.09727411131995829,negative,226,,110
B_LOGISTIC_REGRESSION,final_training_fit,4,60,depression,textual,coefficient,-0.09649843696814267,0.09649843696814267,negative,227,,111
B_LOGISTIC_REGRESSION,final_training_fit,4,117,harder,textual,coefficient,0.09490624783772919,0.09490624783772919,positive,228,117,
B_LOGISTIC_REGRESSION,final_training_fit,4,140,job,textual,coefficient,-0.09476040591290859,0.09476040591290859,negative,229,,112
B_LOGISTIC_REGRESSION,final_training_fit,4,229,short,textual,coefficient,-0.09306660098549244,0.09306660098549244,negative,230,,113
B_LOGISTIC_REGRESSION,final_training_fit,4,157,little,textual,coefficient,-0.09284520658070985,0.09284520658070985,negative,231,,114
B_LOGISTIC_REGRESSION,final_training_fit,4,82,eating,textual,coefficient,0.09262889554096591,0.09262889554096591,positive,232,118,
B_LOGISTIC_REGRESSION,final_training_fit,4,104,forget,textual,coefficient,-0.09052008401613584,0.09052008401613584,negative,233,,115
B_LOGISTIC_REGRESSION,final_training_fit,4,204,point,textual,coefficient,-0.08897842819826787,0.08897842819826787,negative,234,,116
B_LOGISTIC_REGRESSION,final_training_fit,4,150,let,textual,coefficient,-0.08666780347990531,0.08666780347990531,negative,235,,117
B_LOGISTIC_REGRESSION,final_training_fit,4,75,doing,textual,coefficient,0.08617694380469618,0.08617694380469618,positive,236,119,
B_LOGISTIC_REGRESSION,final_training_fit,4,152,levels,textual,coefficient,0.08396876875261046,0.08396876875261046,positive,237,120,
B_LOGISTIC_REGRESSION,final_training_fit,4,184,motivation,textual,coefficient,0.08234133832944734,0.08234133832944734,positive,238,121,
B_LOGISTIC_REGRESSION,final_training_fit,4,126,highly,textual,coefficient,-0.08221567589814548,0.08221567589814548,negative,239,,118
B_LOGISTIC_REGRESSION,final_training_fit,4,148,learn,textual,coefficient,0.08202663671935491,0.08202663671935491,positive,240,122,
B_LOGISTIC_REGRESSION,final_training_fit,4,271,times,textual,coefficient,0.08183599598344236,0.08183599598344236,positive,241,123,
B_LOGISTIC_REGRESSION,final_training_fit,4,300,certainty_score,handcrafted_linguistic,coefficient,0.08026200478012693,0.08026200478012693,positive,242,124,
B_LOGISTIC_REGRESSION,final_training_fit,4,161,long term,textual,coefficient,-0.08015294031061024,0.08015294031061024,negative,243,,119
B_LOGISTIC_REGRESSION,final_training_fit,4,2,ability,textual,coefficient,0.0792376148681056,0.0792376148681056,positive,244,125,
B_LOGISTIC_REGRESSION,final_training_fit,4,288,way,textual,coefficient,0.07458774945990417,0.07458774945990417,positive,245,126,
B_LOGISTIC_REGRESSION,final_training_fit,4,160,long,textual,coefficient,-0.07297427008628567,0.07297427008628567,negative,246,,120
B_LOGISTIC_REGRESSION,final_training_fit,4,79,dysfunction,textual,coefficient,0.07242199722088297,0.07242199722088297,positive,247,127,
B_LOGISTIC_REGRESSION,final_training_fit,4,127,hours,textual,coefficient,0.06900684278558852,0.06900684278558852,positive,248,128,
B_LOGISTIC_REGRESSION,final_training_fit,4,56,cortex,textual,coefficient,-0.06803535040499002,0.06803535040499002,negative,249,,121
B_LOGISTIC_REGRESSION,final_training_fit,4,168,lower,textual,coefficient,-0.0679094485974369,0.0679094485974369,negative,250,,122
B_LOGISTIC_REGRESSION,final_training_fit,4,24,attention deficit,textual,coefficient,-0.0653191559769107,0.0653191559769107,negative,251,,123
B_LOGISTIC_REGRESSION,final_training_fit,4,249,stuff,textual,coefficient,0.06437761377211389,0.06437761377211389,positive,252,129,
B_LOGISTIC_REGRESSION,final_training_fit,4,29,based,textual,coefficient,0.06413049506722877,0.06413049506722877,positive,253,130,
B_LOGISTIC_REGRESSION,final_training_fit,4,236,somebody,textual,coefficient,-0.06273060121277337,0.06273060121277337,negative,254,,124
B_LOGISTIC_REGRESSION,final_training_fit,4,215,rejection,textual,coefficient,-0.061727087571122975,0.061727087571122975,negative,255,,125
B_LOGISTIC_REGRESSION,final_training_fit,4,138,isn,textual,coefficient,0.06106202217871174,0.06106202217871174,positive,256,131,
B_LOGISTIC_REGRESSION,final_training_fit,4,107,gets,textual,coefficient,-0.05913758015327014,0.05913758015327014,negative,257,,126
B_LOGISTIC_REGRESSION,final_training_fit,4,33,big,textual,coefficient,-0.05851316591184473,0.05851316591184473,negative,258,,127
B_LOGISTIC_REGRESSION,final_training_fit,4,206,problem,textual,coefficient,-0.056381390073224374,0.056381390073224374,negative,259,,128
B_LOGISTIC_REGRESSION,final_training_fit,4,289,ways,textual,coefficient,-0.05599960439167636,0.05599960439167636,negative,260,,129
B_LOGISTIC_REGRESSION,final_training_fit,4,42,care,textual,coefficient,-0.05407103680860576,0.05407103680860576,negative,261,,130
B_LOGISTIC_REGRESSION,final_training_fit,4,197,pay,textual,coefficient,0.05227624500812587,0.05227624500812587,positive,262,132,
B_LOGISTIC_REGRESSION,final_training_fit,4,281,used,textual,coefficient,-0.052128184128859105,0.052128184128859105,negative,263,,131
B_LOGISTIC_REGRESSION,final_training_fit,4,297,yeah,textual,coefficient,0.04962657916656126,0.04962657916656126,positive,264,133,
B_LOGISTIC_REGRESSION,final_training_fit,4,67,different,textual,coefficient,-0.04940761345849437,0.04940761345849437,negative,265,,132
B_LOGISTIC_REGRESSION,final_training_fit,4,259,tell,textual,coefficient,0.04815687042440872,0.04815687042440872,positive,266,134,
B_LOGISTIC_REGRESSION,final_training_fit,4,111,good,textual,coefficient,0.04439879225208067,0.04439879225208067,positive,267,135,
B_LOGISTIC_REGRESSION,final_training_fit,4,115,happens,textual,coefficient,0.0400497932248103,0.0400497932248103,positive,268,136,
B_LOGISTIC_REGRESSION,final_training_fit,4,4,absolutely,textual,coefficient,0.03920540362671164,0.03920540362671164,positive,269,137,
B_LOGISTIC_REGRESSION,final_training_fit,4,145,lack,textual,coefficient,-0.03807118453867617,0.03807118453867617,negative,270,,133
B_LOGISTIC_REGRESSION,final_training_fit,4,55,control,textual,coefficient,-0.03722440482686848,0.03722440482686848,negative,271,,134
B_LOGISTIC_REGRESSION,final_training_fit,4,5,activities,textual,coefficient,0.037049762734027936,0.037049762734027936,positive,272,138,
B_LOGISTIC_REGRESSION,final_training_fit,4,264,things,textual,coefficient,0.03503554793473909,0.03503554793473909,positive,273,139,
B_LOGISTIC_REGRESSION,final_training_fit,4,276,type,textual,coefficient,0.03445598696122589,0.03445598696122589,positive,274,140,
B_LOGISTIC_REGRESSION,final_training_fit,4,74,doesn,textual,coefficient,0.0338586590854075,0.0338586590854075,positive,275,141,
B_LOGISTIC_REGRESSION,final_training_fit,4,159,ll,textual,coefficient,-0.033477537831008375,0.033477537831008375,negative,276,,135
B_LOGISTIC_REGRESSION,final_training_fit,4,191,normal,textual,coefficient,0.032904495872490606,0.032904495872490606,positive,277,142,
B_LOGISTIC_REGRESSION,final_training_fit,4,22,ask,textual,coefficient,0.03081249597455714,0.03081249597455714,positive,278,143,
B_LOGISTIC_REGRESSION,final_training_fit,4,97,feeling,textual,coefficient,0.03069128447200823,0.03069128447200823,positive,279,144,
B_LOGISTIC_REGRESSION,final_training_fit,4,200,person,textual,coefficient,-0.030666453710151646,0.030666453710151646,negative,280,,136
B_LOGISTIC_REGRESSION,final_training_fit,4,275,trying,textual,coefficient,-0.029829277300694807,0.029829277300694807,negative,281,,137
B_LOGISTIC_REGRESSION,final_training_fit,4,143,kind,textual,coefficient,-0.029664699343858205,0.029664699343858205,negative,282,,138
B_LOGISTIC_REGRESSION,final_training_fit,4,155,likely,textual,coefficient,-0.02779530506937146,0.02779530506937146,negative,283,,139
B_LOGISTIC_REGRESSION,final_training_fit,4,20,anger,textual,coefficient,-0.02769591470590603,0.02769591470590603,negative,284,,140
B_LOGISTIC_REGRESSION,final_training_fit,4,73,does,textual,coefficient,0.02762313571202333,0.02762313571202333,positive,285,145,
B_LOGISTIC_REGRESSION,final_training_fit,4,225,sense,textual,coefficient,0.02651101108483089,0.02651101108483089,positive,286,146,
B_LOGISTIC_REGRESSION,final_training_fit,4,137,instead,textual,coefficient,-0.02073069923117407,0.02073069923117407,negative,287,,141
B_LOGISTIC_REGRESSION,final_training_fit,4,13,adhd people,textual,coefficient,0.020128761617304886,0.020128761617304886,positive,288,147,
B_LOGISTIC_REGRESSION,final_training_fit,4,45,child,textual,coefficient,0.01899609514724465,0.01899609514724465,positive,289,148,
B_LOGISTIC_REGRESSION,final_training_fit,4,46,children,textual,coefficient,0.018332796254962008,0.018332796254962008,positive,290,149,
B_LOGISTIC_REGRESSION,final_training_fit,4,90,executive,textual,coefficient,0.0174961850367339,0.0174961850367339,positive,291,150,
B_LOGISTIC_REGRESSION,final_training_fit,4,290,women,textual,coefficient,-0.015753236937676895,0.015753236937676895,negative,292,,142
B_LOGISTIC_REGRESSION,final_training_fit,4,80,easily,textual,coefficient,0.015609040499917615,0.015609040499917615,positive,293,151,
B_LOGISTIC_REGRESSION,final_training_fit,4,122,helpful,textual,coefficient,-0.013852996037171604,0.013852996037171604,negative,294,,143
B_LOGISTIC_REGRESSION,final_training_fit,4,199,people adhd,textual,coefficient,0.01317058158739075,0.01317058158739075,positive,295,152,
B_LOGISTIC_REGRESSION,final_training_fit,4,88,everybody,textual,coefficient,0.010433438824755696,0.010433438824755696,positive,296,153,
B_LOGISTIC_REGRESSION,final_training_fit,4,213,regulate,textual,coefficient,-0.007781318916534149,0.007781318916534149,negative,297,,144
B_LOGISTIC_REGRESSION,final_training_fit,4,59,deficit,textual,coefficient,0.007051617042463371,0.007051617042463371,positive,298,154,
B_LOGISTIC_REGRESSION,final_training_fit,4,248,study,textual,coefficient,0.00569348420643423,0.00569348420643423,positive,299,155,
B_LOGISTIC_REGRESSION,final_training_fit,4,226,sensitive,textual,coefficient,-0.003125892392662539,0.003125892392662539,negative,300,,145
B_LOGISTIC_REGRESSION,final_training_fit,4,3,able,textual,coefficient,-0.0012390446669830765,0.0012390446669830765,negative,301,,146
B_LOGISTIC_REGRESSION,final_training_fit,4,44,change,textual,coefficient,0.001080766452130086,0.001080766452130086,positive,302,156,
