condition,fold,class_label,feature_index,feature,feature_group,weight_type,weight,absolute_weight,direction,absolute_rank,positive_rank,negative_rank
B_RIDGE,1,1,253,symptoms,textual,coefficient,1.2868964924298412,1.2868964924298412,positive,1,1,
B_RIDGE,1,1,182,music,textual,coefficient,0.9589847867655492,0.9589847867655492,positive,2,2,
B_RIDGE,1,1,63,diet,textual,coefficient,-0.9154673344559375,0.9154673344559375,negative,3,,1
B_RIDGE,1,1,241,stimulant,textual,coefficient,0.8833616495779072,0.8833616495779072,positive,4,3,
B_RIDGE,1,1,76,dopamine,textual,coefficient,-0.8092318791190736,0.8092318791190736,negative,5,,2
B_RIDGE,1,1,295,worse,textual,coefficient,-0.7939379032778738,0.7939379032778738,negative,6,,3
B_RIDGE,1,1,79,easily,textual,coefficient,0.7898005142369005,0.7898005142369005,positive,7,4,
B_RIDGE,1,1,3,actually,textual,coefficient,-0.777379035920376,0.777379035920376,negative,8,,4
B_RIDGE,1,1,183,need,textual,coefficient,-0.7494550149374998,0.7494550149374998,negative,9,,5
B_RIDGE,1,1,215,rejection,textual,coefficient,-0.7300567463867856,0.7300567463867856,negative,10,,6
B_RIDGE,1,1,262,test,textual,coefficient,-0.7282029361699054,0.7282029361699054,negative,11,,7
B_RIDGE,1,1,258,tasks,textual,coefficient,0.7096895822817287,0.7096895822817287,positive,12,5,
B_RIDGE,1,1,112,great,textual,coefficient,-0.7020384817853982,0.7020384817853982,negative,13,,8
B_RIDGE,1,1,277,type,textual,coefficient,-0.6998843026345926,0.6998843026345926,negative,14,,9
B_RIDGE,1,1,132,impulsivity,textual,coefficient,0.6972737925239196,0.6972737925239196,positive,15,6,
B_RIDGE,1,1,21,attention deficit,textual,coefficient,-0.6638513457498448,0.6638513457498448,negative,16,,10
B_RIDGE,1,1,17,anxiety,textual,coefficient,0.6455151446601226,0.6455151446601226,positive,17,7,
B_RIDGE,1,1,208,problems,textual,coefficient,0.6379133462973554,0.6379133462973554,positive,18,8,
B_RIDGE,1,1,73,doing,textual,coefficient,0.6374369818413026,0.6374369818413026,positive,19,9,
B_RIDGE,1,1,91,experience,textual,coefficient,0.6253971186278551,0.6253971186278551,positive,20,10,
B_RIDGE,1,1,64,difference,textual,coefficient,0.6161455581395722,0.6161455581395722,positive,21,11,
B_RIDGE,1,1,162,look,textual,coefficient,0.6076978307738905,0.6076978307738905,positive,22,12,
B_RIDGE,1,1,57,depression,textual,coefficient,-0.6040830837557708,0.6040830837557708,negative,23,,11
B_RIDGE,1,1,272,times,textual,coefficient,0.5985490424175467,0.5985490424175467,positive,24,13,
B_RIDGE,1,1,267,think,textual,coefficient,0.5929902088355642,0.5929902088355642,positive,25,14,
B_RIDGE,1,1,94,feel,textual,coefficient,-0.5885405932708665,0.5885405932708665,negative,26,,12
B_RIDGE,1,1,33,brain,textual,coefficient,-0.5840600977244804,0.5840600977244804,negative,27,,13
B_RIDGE,1,1,131,impulsive,textual,coefficient,0.5829687938622004,0.5829687938622004,positive,28,15,
B_RIDGE,1,1,237,start,textual,coefficient,0.5740112403226423,0.5740112403226423,positive,29,16,
B_RIDGE,1,1,195,patients,textual,coefficient,-0.5727373362000622,0.5727373362000622,negative,30,,14
B_RIDGE,1,1,139,issues,textual,coefficient,-0.5720574843636324,0.5720574843636324,negative,31,,15
B_RIDGE,1,1,245,struggle,textual,coefficient,-0.5666741486119704,0.5666741486119704,negative,32,,16
B_RIDGE,1,1,136,instead,textual,coefficient,0.5592656640246573,0.5592656640246573,positive,33,17,
B_RIDGE,1,1,283,ve,textual,coefficient,-0.5590787755974276,0.5590787755974276,negative,34,,17
B_RIDGE,1,1,31,bit,textual,coefficient,-0.558084440691698,0.558084440691698,negative,35,,18
B_RIDGE,1,1,210,real,textual,coefficient,0.5434294880996025,0.5434294880996025,positive,36,18,
B_RIDGE,1,1,231,signs,textual,coefficient,0.5392629064986386,0.5392629064986386,positive,37,19,
B_RIDGE,1,1,56,deficit,textual,coefficient,-0.5391224167674763,0.5391224167674763,negative,38,,19
B_RIDGE,1,1,110,good,textual,coefficient,-0.5369130949004632,0.5369130949004632,negative,39,,20
B_RIDGE,1,1,133,inattentive,textual,coefficient,0.5364117504860649,0.5364117504860649,positive,40,20,
B_RIDGE,1,1,124,higher,textual,coefficient,0.5295818111878886,0.5295818111878886,positive,41,21,
B_RIDGE,1,1,116,harder,textual,coefficient,0.5261937571593156,0.5261937571593156,positive,42,22,
B_RIDGE,1,1,274,trouble,textual,coefficient,0.5244097300164878,0.5244097300164878,positive,43,23,
B_RIDGE,1,1,83,emotions,textual,coefficient,0.5242511255445905,0.5242511255445905,positive,44,24,
B_RIDGE,1,1,108,going,textual,coefficient,-0.5242037705642578,0.5242037705642578,negative,45,,21
B_RIDGE,1,1,117,having,textual,coefficient,0.5223092440366787,0.5223092440366787,positive,46,25,
B_RIDGE,1,1,134,increase,textual,coefficient,-0.4949568769551037,0.4949568769551037,negative,47,,22
B_RIDGE,1,1,266,things like,textual,coefficient,-0.4874793014743251,0.4874793014743251,negative,48,,23
B_RIDGE,1,1,174,medication,textual,coefficient,0.484573072298992,0.484573072298992,positive,49,26,
B_RIDGE,1,1,126,hyper,textual,coefficient,-0.48166489835567433,0.48166489835567433,negative,50,,24
B_RIDGE,1,1,86,especially,textual,coefficient,-0.48102400364730186,0.48102400364730186,negative,51,,25
B_RIDGE,1,1,299,yes,textual,coefficient,0.47724513304197264,0.47724513304197264,positive,52,27,
B_RIDGE,1,1,167,lower,textual,coefficient,-0.4675879848310301,0.4675879848310301,negative,53,,26
B_RIDGE,1,1,175,medications,textual,coefficient,0.46279048327040323,0.46279048327040323,positive,54,28,
B_RIDGE,1,1,233,sit,textual,coefficient,-0.4591957965420785,0.4591957965420785,negative,55,,27
B_RIDGE,1,1,145,know adhd,textual,coefficient,0.4591810101351945,0.4591810101351945,positive,56,29,
B_RIDGE,1,1,52,control,textual,coefficient,-0.45471855881098805,0.45471855881098805,negative,57,,28
B_RIDGE,1,1,128,hyperactivity,textual,coefficient,-0.4486213632395941,0.4486213632395941,negative,58,,29
B_RIDGE,1,1,84,end,textual,coefficient,0.443719495273388,0.443719495273388,positive,59,30,
B_RIDGE,1,1,45,comes,textual,coefficient,-0.4425077680452859,0.4425077680452859,negative,60,,30
B_RIDGE,1,1,236,social,textual,coefficient,-0.44175302474151834,0.44175302474151834,negative,61,,31
B_RIDGE,1,1,198,people,textual,coefficient,-0.4408412499375142,0.4408412499375142,negative,62,,32
B_RIDGE,1,1,251,support,textual,coefficient,0.4317000195351981,0.4317000195351981,positive,63,31,
B_RIDGE,1,1,280,use,textual,coefficient,-0.4281757970956007,0.4281757970956007,negative,64,,33
B_RIDGE,1,1,187,new,textual,coefficient,-0.42777044762662286,0.42777044762662286,negative,65,,34
B_RIDGE,1,1,142,kids,textual,coefficient,0.4209968086874061,0.4209968086874061,positive,66,32,
B_RIDGE,1,1,156,likely,textual,coefficient,-0.42008729240579595,0.42008729240579595,negative,67,,35
B_RIDGE,1,1,109,gonna,textual,coefficient,-0.41886188497265003,0.41886188497265003,negative,68,,36
B_RIDGE,1,1,119,hear,textual,coefficient,0.41539375909552123,0.41539375909552123,positive,69,33,
B_RIDGE,1,1,287,way,textual,coefficient,-0.41374635682172045,0.41374635682172045,negative,70,,37
B_RIDGE,1,1,264,thing,textual,coefficient,-0.4083517026326684,0.4083517026326684,negative,71,,38
B_RIDGE,1,1,143,kind,textual,coefficient,-0.407113682311349,0.407113682311349,negative,72,,39
B_RIDGE,1,1,125,hours,textual,coefficient,0.4061370164591609,0.4061370164591609,positive,73,34,
B_RIDGE,1,1,159,little bit,textual,coefficient,-0.4051030553824087,0.4051030553824087,negative,74,,40
B_RIDGE,1,1,224,seen,textual,coefficient,0.4004943053471628,0.4004943053471628,positive,75,35,
B_RIDGE,1,1,194,pain,textual,coefficient,-0.39336906976757985,0.39336906976757985,negative,76,,41
B_RIDGE,1,1,37,called,textual,coefficient,-0.3931087938441488,0.3931087938441488,negative,77,,42
B_RIDGE,1,1,147,late,textual,coefficient,-0.3891367386704523,0.3891367386704523,negative,78,,43
B_RIDGE,1,1,24,away,textual,coefficient,-0.3890444942116921,0.3890444942116921,negative,79,,44
B_RIDGE,1,1,74,don,textual,coefficient,-0.38741187485294465,0.38741187485294465,negative,80,,45
B_RIDGE,1,1,16,anger,textual,coefficient,-0.3816052509911498,0.3816052509911498,negative,81,,46
B_RIDGE,1,1,46,common,textual,coefficient,0.3808403498165385,0.3808403498165385,positive,82,36,
B_RIDGE,1,1,243,stop,textual,coefficient,0.3804373964153198,0.3804373964153198,positive,83,37,
B_RIDGE,1,1,153,levels,textual,coefficient,-0.3802482889406853,0.3802482889406853,negative,84,,47
B_RIDGE,1,1,178,mind,textual,coefficient,-0.37969752855508243,0.37969752855508243,negative,85,,48
B_RIDGE,1,1,9,adhd people,textual,coefficient,-0.37906500439391644,0.37906500439391644,negative,86,,49
B_RIDGE,1,1,104,function,textual,coefficient,0.3784355352146059,0.3784355352146059,positive,87,38,
B_RIDGE,1,1,219,right,textual,coefficient,-0.3774127884326756,0.3774127884326756,negative,88,,50
B_RIDGE,1,1,281,using,textual,coefficient,0.37563317262052737,0.37563317262052737,positive,89,39,
B_RIDGE,1,1,51,constantly,textual,coefficient,0.3719852483952907,0.3719852483952907,positive,90,40,
B_RIDGE,1,1,170,making,textual,coefficient,0.36905882726688755,0.36905882726688755,positive,91,41,
B_RIDGE,1,1,71,does,textual,coefficient,0.36723097212271405,0.36723097212271405,positive,92,42,
B_RIDGE,1,1,28,best,textual,coefficient,0.35148343815515326,0.35148343815515326,positive,93,43,
B_RIDGE,1,1,226,sense,textual,coefficient,0.34950829080785983,0.34950829080785983,positive,94,44,
B_RIDGE,1,1,181,motivation,textual,coefficient,-0.34867114147493905,0.34867114147493905,negative,95,,51
B_RIDGE,1,1,190,oh,textual,coefficient,0.3483002582399534,0.3483002582399534,positive,96,45,
B_RIDGE,1,1,114,happens,textual,coefficient,-0.34244692754764045,0.34244692754764045,negative,97,,52
B_RIDGE,1,1,161,long,textual,coefficient,-0.34191973344341187,0.34191973344341187,negative,98,,53
B_RIDGE,1,1,250,sugar,textual,coefficient,-0.34187181999863747,0.34187181999863747,negative,99,,54
B_RIDGE,1,1,227,sensitive,textual,coefficient,-0.3403898653391463,0.3403898653391463,negative,100,,55
B_RIDGE,1,1,173,means,textual,coefficient,-0.33675649973523236,0.33675649973523236,negative,101,,56
B_RIDGE,1,1,261,term,textual,coefficient,-0.3352970675423616,0.3352970675423616,negative,102,,57
B_RIDGE,1,1,284,ve got,textual,coefficient,-0.33066072260358925,0.33066072260358925,negative,103,,58
B_RIDGE,1,1,298,years,textual,coefficient,-0.3295511838017341,0.3295511838017341,negative,104,,59
B_RIDGE,1,1,149,learn,textual,coefficient,0.3295485258687091,0.3295485258687091,positive,105,46,
B_RIDGE,1,1,48,condition,textual,coefficient,0.3287026039382847,0.3287026039382847,positive,106,47,
B_RIDGE,1,1,38,calm,textual,coefficient,-0.32824605527689127,0.32824605527689127,negative,107,,60
B_RIDGE,1,1,212,reason,textual,coefficient,-0.3270606923128123,0.3270606923128123,negative,108,,61
B_RIDGE,1,1,200,person,textual,coefficient,0.3253248139583845,0.3253248139583845,positive,109,48,
B_RIDGE,1,1,53,cortex,textual,coefficient,-0.3235507032998929,0.3235507032998929,negative,110,,62
B_RIDGE,1,1,102,foods,textual,coefficient,-0.3223478314862763,0.3223478314862763,negative,111,,63
B_RIDGE,1,1,180,morning,textual,coefficient,-0.3210143555066521,0.3210143555066521,negative,112,,64
B_RIDGE,1,1,8,adhd medication,textual,coefficient,0.3187299678629679,0.3187299678629679,positive,113,49,
B_RIDGE,1,1,254,taking,textual,coefficient,-0.3173504162808269,0.3173504162808269,negative,114,,65
B_RIDGE,1,1,87,everybody,textual,coefficient,0.3145656063541559,0.3145656063541559,positive,115,50,
B_RIDGE,1,1,242,stimulants,textual,coefficient,0.31303998491799756,0.31303998491799756,positive,116,51,
B_RIDGE,1,1,188,normal,textual,coefficient,-0.3124244253255865,0.3124244253255865,negative,117,,66
B_RIDGE,1,1,61,did,textual,coefficient,-0.30873697868658295,0.30873697868658295,negative,118,,67
B_RIDGE,1,1,290,work,textual,coefficient,0.3083119669930265,0.3083119669930265,positive,119,52,
B_RIDGE,1,1,65,different,textual,coefficient,-0.30625473343481974,0.30625473343481974,negative,120,,68
B_RIDGE,1,1,239,state,textual,coefficient,-0.30178201702500895,0.30178201702500895,negative,121,,69
B_RIDGE,1,1,49,consequences,textual,coefficient,-0.2938924173969447,0.2938924173969447,negative,122,,70
B_RIDGE,1,1,214,regulation,textual,coefficient,0.2899024526886064,0.2899024526886064,positive,123,53,
B_RIDGE,1,1,248,study,textual,coefficient,0.28886007247843376,0.28886007247843376,positive,124,54,
B_RIDGE,1,1,271,time,textual,coefficient,-0.2860820010115233,0.2860820010115233,negative,125,,71
B_RIDGE,1,1,270,thoughts,textual,coefficient,-0.2846426844366997,0.2846426844366997,negative,126,,72
B_RIDGE,1,1,201,phone,textual,coefficient,-0.2843755526815905,0.2843755526815905,negative,127,,73
B_RIDGE,1,1,229,shame,textual,coefficient,-0.2798812398588329,0.2798812398588329,negative,128,,74
B_RIDGE,1,1,171,maybe,textual,coefficient,-0.27895481158748753,0.27895481158748753,negative,129,,75
B_RIDGE,1,1,179,minutes,textual,coefficient,0.2758229184986878,0.2758229184986878,positive,130,55,
B_RIDGE,1,1,260,tend,textual,coefficient,-0.2757221926686406,0.2757221926686406,negative,131,,76
B_RIDGE,1,1,207,problem,textual,coefficient,0.27412991128263414,0.27412991128263414,positive,132,56,
B_RIDGE,1,1,211,really,textual,coefficient,0.2729278186099476,0.2729278186099476,positive,133,57,
B_RIDGE,1,1,140,job,textual,coefficient,0.27066459909936025,0.27066459909936025,positive,134,58,
B_RIDGE,1,1,11,adhders,textual,coefficient,-0.269948172567227,0.269948172567227,negative,135,,77
B_RIDGE,1,1,297,yeah,textual,coefficient,-0.2684915693636703,0.2684915693636703,negative,136,,78
B_RIDGE,1,1,113,gut,textual,coefficient,-0.2681095274046423,0.2681095274046423,negative,137,,79
B_RIDGE,1,1,72,doesn,textual,coefficient,-0.26581646716669405,0.26581646716669405,negative,138,,80
B_RIDGE,1,1,150,learning,textual,coefficient,-0.26561879884841627,0.26561879884841627,negative,139,,81
B_RIDGE,1,1,60,diagnosis,textual,coefficient,0.2652367574984081,0.2652367574984081,positive,140,59,
B_RIDGE,1,1,92,fact,textual,coefficient,-0.26418646565219217,0.26418646565219217,negative,141,,82
B_RIDGE,1,1,213,regulate,textual,coefficient,-0.26146559865944924,0.26146559865944924,negative,142,,83
B_RIDGE,1,1,169,makes,textual,coefficient,-0.25972693800476765,0.25972693800476765,negative,143,,84
B_RIDGE,1,1,205,prefrontal cortex,textual,coefficient,-0.25688642437904863,0.25688642437904863,negative,144,,85
B_RIDGE,1,1,204,point,textual,coefficient,-0.25525987138590356,0.25525987138590356,negative,145,,86
B_RIDGE,1,1,291,working,textual,coefficient,0.2539038857279861,0.2539038857279861,positive,146,60,
B_RIDGE,1,1,240,stay,textual,coefficient,-0.25213406914194203,0.25213406914194203,negative,147,,87
B_RIDGE,1,1,157,literally,textual,coefficient,-0.25017926834115034,0.25017926834115034,negative,148,,88
B_RIDGE,1,1,202,physical,textual,coefficient,-0.24702206870529322,0.24702206870529322,negative,149,,89
B_RIDGE,1,1,164,lot people,textual,coefficient,0.24660664209802177,0.24660664209802177,positive,150,61,
B_RIDGE,1,1,40,certain,textual,coefficient,-0.24589888397538168,0.24589888397538168,negative,151,,90
B_RIDGE,1,1,155,like,textual,coefficient,0.24494756939247853,0.24494756939247853,positive,152,62,
B_RIDGE,1,1,273,treatment,textual,coefficient,0.24424658110026992,0.24424658110026992,positive,153,63,
B_RIDGE,1,1,282,usually,textual,coefficient,-0.2428158043790005,0.2428158043790005,negative,154,,91
B_RIDGE,1,1,285,video,textual,coefficient,0.2407023434802169,0.2407023434802169,positive,155,64,
B_RIDGE,1,1,101,food,textual,coefficient,-0.23273105226730104,0.23273105226730104,negative,156,,92
B_RIDGE,1,1,158,little,textual,coefficient,-0.23169550324063973,0.23169550324063973,negative,157,,93
B_RIDGE,1,1,54,create,textual,coefficient,0.23033162280579225,0.23033162280579225,positive,158,65,
B_RIDGE,1,1,39,care,textual,coefficient,-0.2292058718088063,0.2292058718088063,negative,159,,94
B_RIDGE,1,1,127,hyperactive,textual,coefficient,0.22878433474929996,0.22878433474929996,positive,160,66,
B_RIDGE,1,1,35,burnout,textual,coefficient,-0.22845089601778595,0.22845089601778595,negative,161,,95
B_RIDGE,1,1,216,relationships,textual,coefficient,-0.22803805057784543,0.22803805057784543,negative,162,,96
B_RIDGE,1,1,278,typically,textual,coefficient,0.22791583020019884,0.22791583020019884,positive,163,67,
B_RIDGE,1,1,191,okay,textual,coefficient,0.22724750683087627,0.22724750683087627,positive,164,68,
B_RIDGE,1,1,135,information,textual,coefficient,-0.22648464779747896,0.22648464779747896,negative,165,,97
B_RIDGE,1,1,1,ability,textual,coefficient,-0.22073545499975344,0.22073545499975344,negative,166,,98
B_RIDGE,1,1,186,neurotypical,textual,coefficient,-0.2195664678588254,0.2195664678588254,negative,167,,99
B_RIDGE,1,1,18,aren,textual,coefficient,0.21894156515001104,0.21894156515001104,positive,168,69,
B_RIDGE,1,1,69,distracted,textual,coefficient,-0.2184107837429965,0.2184107837429965,negative,169,,100
B_RIDGE,1,1,166,low,textual,coefficient,-0.21188011548068636,0.21188011548068636,negative,170,,101
B_RIDGE,1,1,199,people adhd,textual,coefficient,-0.20690620002609406,0.20690620002609406,negative,171,,102
B_RIDGE,1,1,96,feeling,textual,coefficient,0.20643814997045762,0.20643814997045762,positive,172,70,
B_RIDGE,1,1,247,studies,textual,coefficient,0.20553520434906175,0.20553520434906175,positive,173,71,
B_RIDGE,1,1,120,help,textual,coefficient,-0.2024242402195782,0.2024242402195782,negative,174,,103
B_RIDGE,1,1,44,come,textual,coefficient,0.2022468154646637,0.2022468154646637,positive,175,72,
B_RIDGE,1,1,144,know,textual,coefficient,0.19798921330304756,0.19798921330304756,positive,176,73,
B_RIDGE,1,1,99,focus,textual,coefficient,-0.1975162247265006,0.1975162247265006,negative,177,,104
B_RIDGE,1,1,235,small,textual,coefficient,-0.19707960829720145,0.19707960829720145,negative,178,,105
B_RIDGE,1,1,259,tell,textual,coefficient,-0.19554803894366865,0.19554803894366865,negative,179,,106
B_RIDGE,1,1,185,nervous,textual,coefficient,-0.1943207753471637,0.1943207753471637,negative,180,,107
B_RIDGE,1,1,4,add,textual,coefficient,-0.1928491723954304,0.1928491723954304,negative,181,,108
B_RIDGE,1,1,252,sure,textual,coefficient,0.19156594740379265,0.19156594740379265,positive,182,74,
B_RIDGE,1,1,78,dysfunction,textual,coefficient,-0.1912963690953554,0.1912963690953554,negative,183,,109
B_RIDGE,1,1,129,impact,textual,coefficient,0.18879744171174073,0.18879744171174073,positive,184,75,
B_RIDGE,1,1,32,body,textual,coefficient,-0.1883184440729946,0.1883184440729946,negative,185,,110
B_RIDGE,1,1,221,saying,textual,coefficient,0.18713885297973132,0.18713885297973132,positive,186,76,
B_RIDGE,1,1,255,talk,textual,coefficient,-0.1862458976692156,0.1862458976692156,negative,187,,111
B_RIDGE,1,1,165,love,textual,coefficient,-0.18561927037970538,0.18561927037970538,negative,188,,112
B_RIDGE,1,1,246,struggling,textual,coefficient,0.18465839392661704,0.18465839392661704,positive,189,77,
B_RIDGE,1,1,234,sleep,textual,coefficient,0.17914308064110335,0.17914308064110335,positive,190,78,
B_RIDGE,1,1,0,10,textual,coefficient,-0.17883181630477313,0.17883181630477313,negative,191,,113
B_RIDGE,1,1,36,caffeine,textual,coefficient,-0.17789148498023047,0.17789148498023047,negative,192,,114
B_RIDGE,1,1,34,brains,textual,coefficient,-0.1764273825709694,0.1764273825709694,negative,193,,115
B_RIDGE,1,1,80,eat,textual,coefficient,-0.17596281333555708,0.17596281333555708,negative,194,,116
B_RIDGE,1,1,141,just,textual,coefficient,-0.17422064419764832,0.17422064419764832,negative,195,,117
B_RIDGE,1,1,105,gets,textual,coefficient,-0.17233945434862652,0.17233945434862652,negative,196,,118
B_RIDGE,1,1,20,attention,textual,coefficient,-0.17080397344120013,0.17080397344120013,negative,197,,119
B_RIDGE,1,1,172,mean,textual,coefficient,-0.1695128997505591,0.1695128997505591,negative,198,,120
B_RIDGE,1,1,225,self,textual,coefficient,-0.16775975299355028,0.16775975299355028,negative,199,,121
B_RIDGE,1,1,232,single,textual,coefficient,-0.16763577458325227,0.16763577458325227,negative,200,,122
B_RIDGE,1,1,41,change,textual,coefficient,-0.16668688405078366,0.16668688405078366,negative,201,,123
B_RIDGE,1,1,81,eating,textual,coefficient,-0.16638546023361528,0.16638546023361528,negative,202,,124
B_RIDGE,1,1,43,children,textual,coefficient,0.16412329418725807,0.16412329418725807,positive,203,79,
B_RIDGE,1,1,67,difficulty,textual,coefficient,0.16246321822999582,0.16246321822999582,positive,204,80,
B_RIDGE,1,1,19,ask,textual,coefficient,-0.1624505744218039,0.1624505744218039,negative,205,,125
B_RIDGE,1,1,2,able,textual,coefficient,-0.16196467938827885,0.16196467938827885,negative,206,,126
B_RIDGE,1,1,77,dr,textual,coefficient,-0.15995536074758468,0.15995536074758468,negative,207,,127
B_RIDGE,1,1,29,better,textual,coefficient,0.1595814545983248,0.1595814545983248,positive,208,81,
B_RIDGE,1,1,276,trying,textual,coefficient,-0.1589139844977868,0.1589139844977868,negative,209,,128
B_RIDGE,1,1,14,affect,textual,coefficient,0.15859503434258038,0.15859503434258038,positive,210,82,
B_RIDGE,1,1,59,diagnosed adhd,textual,coefficient,0.1576529720360649,0.1576529720360649,positive,211,83,
B_RIDGE,1,1,301,hedge_score,handcrafted_linguistic,coefficient,0.15674465541578414,0.15674465541578414,positive,212,84,
B_RIDGE,1,1,257,task,textual,coefficient,0.15616517693700577,0.15616517693700577,positive,213,85,
B_RIDGE,1,1,23,avoid,textual,coefficient,-0.15554544901678763,0.15554544901678763,negative,214,,129
B_RIDGE,1,1,184,needs,textual,coefficient,-0.15416559239250072,0.15416559239250072,negative,215,,130
B_RIDGE,1,1,218,research,textual,coefficient,0.15213646476512258,0.15213646476512258,positive,216,86,
B_RIDGE,1,1,292,working memory,textual,coefficient,-0.14914535222824005,0.14914535222824005,negative,217,,131
B_RIDGE,1,1,275,try,textual,coefficient,-0.14793202199008562,0.14793202199008562,negative,218,,132
B_RIDGE,1,1,93,fast,textual,coefficient,-0.14733903837111553,0.14733903837111553,negative,219,,133
B_RIDGE,1,1,122,helps,textual,coefficient,-0.1453853389567163,0.1453853389567163,negative,220,,134
B_RIDGE,1,1,206,probably,textual,coefficient,-0.14288754317448724,0.14288754317448724,negative,221,,135
B_RIDGE,1,1,123,high,textual,coefficient,-0.1408895569818717,0.1408895569818717,negative,222,,136
B_RIDGE,1,1,58,diagnosed,textual,coefficient,0.13907010518852483,0.13907010518852483,positive,223,87,
B_RIDGE,1,1,5,adhd,textual,coefficient,-0.13801766206346505,0.13801766206346505,negative,224,,137
B_RIDGE,1,1,26,based,textual,coefficient,0.13700888333765085,0.13700888333765085,positive,225,88,
B_RIDGE,1,1,50,constant,textual,coefficient,0.1369296059591361,0.1369296059591361,positive,226,89,
B_RIDGE,1,1,27,behavior,textual,coefficient,0.13454655885409797,0.13454655885409797,positive,227,90,
B_RIDGE,1,1,193,overwhelmed,textual,coefficient,0.13192677467420244,0.13192677467420244,positive,228,91,
B_RIDGE,1,1,223,second,textual,coefficient,-0.13145846592687674,0.13145846592687674,negative,229,,138
B_RIDGE,1,1,230,short,textual,coefficient,-0.12927576224010687,0.12927576224010687,negative,230,,139
B_RIDGE,1,1,263,therapy,textual,coefficient,0.12916518083001244,0.12916518083001244,positive,231,92,
B_RIDGE,1,1,62,didn,textual,coefficient,-0.12810594818208612,0.12810594818208612,negative,232,,140
B_RIDGE,1,1,197,pay attention,textual,coefficient,-0.12603683505706528,0.12603683505706528,negative,233,,141
B_RIDGE,1,1,100,follow,textual,coefficient,-0.1250898095849564,0.1250898095849564,negative,234,,142
B_RIDGE,1,1,6,adhd brain,textual,coefficient,-0.12296484206367472,0.12296484206367472,negative,235,,143
B_RIDGE,1,1,238,starting,textual,coefficient,0.1207802763520705,0.1207802763520705,positive,236,93,
B_RIDGE,1,1,13,adults,textual,coefficient,0.11548254935193976,0.11548254935193976,positive,237,94,
B_RIDGE,1,1,138,isn,textual,coefficient,-0.11282063055392247,0.11282063055392247,negative,238,,144
B_RIDGE,1,1,90,exercise,textual,coefficient,-0.10801920764778855,0.10801920764778855,negative,239,,145
B_RIDGE,1,1,82,emotional,textual,coefficient,0.10775384174530814,0.10775384174530814,positive,240,95,
B_RIDGE,1,1,98,finally,textual,coefficient,-0.1074333884596813,0.1074333884596813,negative,241,,146
B_RIDGE,1,1,244,stress,textual,coefficient,-0.10743072200729335,0.10743072200729335,negative,242,,147
B_RIDGE,1,1,85,energy,textual,coefficient,-0.10579045770225536,0.10579045770225536,negative,243,,148
B_RIDGE,1,1,106,getting,textual,coefficient,-0.10196992801321138,0.10196992801321138,negative,244,,149
B_RIDGE,1,1,55,day,textual,coefficient,-0.10137768783577551,0.10137768783577551,negative,245,,150
B_RIDGE,1,1,151,let,textual,coefficient,-0.09895003754518786,0.09895003754518786,negative,246,,151
B_RIDGE,1,1,289,women,textual,coefficient,0.09443374979124478,0.09443374979124478,positive,247,96,
B_RIDGE,1,1,10,adhd symptoms,textual,coefficient,0.09385457829794903,0.09385457829794903,positive,248,97,
B_RIDGE,1,1,160,ll,textual,coefficient,-0.09014114274699479,0.09014114274699479,negative,249,,152
B_RIDGE,1,1,121,helpful,textual,coefficient,-0.08803752990177677,0.08803752990177677,negative,250,,153
B_RIDGE,1,1,7,adhd brains,textual,coefficient,0.08774812284840933,0.08774812284840933,positive,251,98,
B_RIDGE,1,1,103,forget,textual,coefficient,-0.08328712726576912,0.08328712726576912,negative,252,,154
B_RIDGE,1,1,279,understand,textual,coefficient,0.0832461840167825,0.0832461840167825,positive,253,99,
B_RIDGE,1,1,286,want,textual,coefficient,0.08273706302984193,0.08273706302984193,positive,254,100,
B_RIDGE,1,1,75,don know,textual,coefficient,-0.08019588068363573,0.08019588068363573,negative,255,,155
B_RIDGE,1,1,25,bad,textual,coefficient,0.07935306304350895,0.07935306304350895,positive,256,101,
B_RIDGE,1,1,209,protein,textual,coefficient,0.07807301241654592,0.07807301241654592,positive,257,102,
B_RIDGE,1,1,256,talking,textual,coefficient,0.07580046866786729,0.07580046866786729,positive,258,103,
B_RIDGE,1,1,222,school,textual,coefficient,0.07272804432386216,0.07272804432386216,positive,259,104,
B_RIDGE,1,1,111,got,textual,coefficient,-0.06827373292834267,0.06827373292834267,negative,260,,156
B_RIDGE,1,1,130,important,textual,coefficient,-0.06782082642707724,0.06782082642707724,negative,261,,157
B_RIDGE,1,1,288,ways,textual,coefficient,0.0635906399691449,0.0635906399691449,positive,262,105,
B_RIDGE,1,1,269,thought,textual,coefficient,0.059357345222570065,0.059357345222570065,positive,263,106,
B_RIDGE,1,1,294,world,textual,coefficient,0.056957153705703076,0.056957153705703076,positive,264,107,
B_RIDGE,1,1,146,lack,textual,coefficient,0.05667208345156946,0.05667208345156946,positive,265,108,
B_RIDGE,1,1,30,big,textual,coefficient,0.054816319575447706,0.054816319575447706,positive,266,109,
B_RIDGE,1,1,68,disorder,textual,coefficient,0.05423740188718404,0.05423740188718404,positive,267,110,
B_RIDGE,1,1,217,remember,textual,coefficient,0.05298363208058103,0.05298363208058103,positive,268,111,
B_RIDGE,1,1,189,number,textual,coefficient,-0.05276354920800186,0.05276354920800186,negative,269,,158
B_RIDGE,1,1,268,thinking,textual,coefficient,0.046775607833063906,0.046775607833063906,positive,270,112,
B_RIDGE,1,1,115,hard,textual,coefficient,0.04337131546858863,0.04337131546858863,positive,271,113,
B_RIDGE,1,1,192,order,textual,coefficient,-0.04111490010325754,0.04111490010325754,negative,272,,159
B_RIDGE,1,1,97,feels,textual,coefficient,0.04031243599201281,0.04031243599201281,positive,273,114,
B_RIDGE,1,1,89,executive,textual,coefficient,0.03759444000928137,0.03759444000928137,positive,274,115,
B_RIDGE,1,1,220,say,textual,coefficient,-0.03727489649903211,0.03727489649903211,negative,275,,160
B_RIDGE,1,1,154,life,textual,coefficient,0.03576060653891788,0.03576060653891788,positive,276,116,
B_RIDGE,1,1,196,pay,textual,coefficient,-0.03360676580175636,0.03360676580175636,negative,277,,161
B_RIDGE,1,1,88,example,textual,coefficient,0.03297406133010017,0.03297406133010017,positive,278,117,
B_RIDGE,1,1,168,make,textual,coefficient,0.03248407801049593,0.03248407801049593,positive,279,118,
B_RIDGE,1,1,228,seven,textual,coefficient,-0.030134525901370435,0.030134525901370435,negative,280,,162
B_RIDGE,1,1,152,level,textual,coefficient,-0.029531318648535452,0.029531318648535452,negative,281,,163
B_RIDGE,1,1,148,later,textual,coefficient,-0.02886058907459967,0.02886058907459967,negative,282,,164
B_RIDGE,1,1,22,autism,textual,coefficient,-0.027221264893159233,0.027221264893159233,negative,283,,165
B_RIDGE,1,1,107,goes,textual,coefficient,0.024960453578991067,0.024960453578991067,positive,284,119,
B_RIDGE,1,1,42,child,textual,coefficient,0.024673531677855062,0.024673531677855062,positive,285,120,
B_RIDGE,1,1,137,interesting,textual,coefficient,0.021884864204246804,0.021884864204246804,positive,286,121,
B_RIDGE,1,1,163,lot,textual,coefficient,-0.01971648330714469,0.01971648330714469,negative,287,,166
B_RIDGE,1,1,293,works,textual,coefficient,0.019542349457141943,0.019542349457141943,positive,288,122,
B_RIDGE,1,1,177,mental,textual,coefficient,-0.016255055814315727,0.016255055814315727,negative,289,,167
B_RIDGE,1,1,203,place,textual,coefficient,0.011571978637510243,0.011571978637510243,positive,290,123,
B_RIDGE,1,1,47,completely,textual,coefficient,-0.01049941337680094,0.01049941337680094,negative,291,,168
B_RIDGE,1,1,66,differently,textual,coefficient,-0.010137567588744956,0.010137567588744956,negative,292,,169
B_RIDGE,1,1,296,wrong,textual,coefficient,0.00973298364675845,0.00973298364675845,positive,293,124,
B_RIDGE,1,1,15,alcohol,textual,coefficient,0.009073434188209708,0.009073434188209708,positive,294,125,
B_RIDGE,1,1,118,health,textual,coefficient,0.006330591772870022,0.006330591772870022,positive,295,126,
B_RIDGE,1,1,70,doctor,textual,coefficient,0.006004094761617884,0.006004094761617884,positive,296,127,
B_RIDGE,1,1,176,memory,textual,coefficient,-0.0049669615454722895,0.0049669615454722895,negative,297,,170
B_RIDGE,1,1,265,things,textual,coefficient,-0.0039282125898448175,0.0039282125898448175,negative,298,,171
B_RIDGE,1,1,300,certainty_score,handcrafted_linguistic,coefficient,-0.0030732123387547804,0.0030732123387547804,negative,299,,172
B_RIDGE,1,1,249,stuff,textual,coefficient,-0.0016463296299069664,0.0016463296299069664,negative,300,,173
B_RIDGE,1,1,12,adult,textual,coefficient,0.0010124456630267794,0.0010124456630267794,positive,301,128,
B_RIDGE,1,1,95,feel like,textual,coefficient,0.0003431468235678691,0.0003431468235678691,positive,302,129,
B_RIDGE,1,2,63,diet,textual,coefficient,1.1623494612978227,1.1623494612978227,positive,1,1,
B_RIDGE,1,2,194,pain,textual,coefficient,1.0160007332789867,1.0160007332789867,positive,2,2,
B_RIDGE,1,2,282,usually,textual,coefficient,0.9550608201110552,0.9550608201110552,positive,3,3,
B_RIDGE,1,2,93,fast,textual,coefficient,0.9290116730737179,0.9290116730737179,positive,4,4,
B_RIDGE,1,2,22,autism,textual,coefficient,0.9142917677165205,0.9142917677165205,positive,5,5,
B_RIDGE,1,2,215,rejection,textual,coefficient,0.8920329517120864,0.8920329517120864,positive,6,6,
B_RIDGE,1,2,270,thoughts,textual,coefficient,0.8798231393152822,0.8798231393152822,positive,7,7,
B_RIDGE,1,2,261,term,textual,coefficient,0.8016864265155232,0.8016864265155232,positive,8,8,
B_RIDGE,1,2,242,stimulants,textual,coefficient,0.7996967202280166,0.7996967202280166,positive,9,9,
B_RIDGE,1,2,217,remember,textual,coefficient,0.7934894222753268,0.7934894222753268,positive,10,10,
B_RIDGE,1,2,207,problem,textual,coefficient,-0.7469024167624994,0.7469024167624994,negative,11,,1
B_RIDGE,1,2,134,increase,textual,coefficient,0.7259288343949546,0.7259288343949546,positive,12,11,
B_RIDGE,1,2,262,test,textual,coefficient,0.7188456548621033,0.7188456548621033,positive,13,12,
B_RIDGE,1,2,77,dr,textual,coefficient,0.7151580394890868,0.7151580394890868,positive,14,13,
B_RIDGE,1,2,141,just,textual,coefficient,0.7088189329301652,0.7088189329301652,positive,15,14,
B_RIDGE,1,2,102,foods,textual,coefficient,0.7037254304292659,0.7037254304292659,positive,16,15,
B_RIDGE,1,2,45,comes,textual,coefficient,0.6995103060792346,0.6995103060792346,positive,17,16,
B_RIDGE,1,2,195,patients,textual,coefficient,0.6966865222106963,0.6966865222106963,positive,18,17,
B_RIDGE,1,2,7,adhd brains,textual,coefficient,-0.6941780733854073,0.6941780733854073,negative,19,,2
B_RIDGE,1,2,266,things like,textual,coefficient,0.6930401503592768,0.6930401503592768,positive,20,18,
B_RIDGE,1,2,110,good,textual,coefficient,0.6916758356781384,0.6916758356781384,positive,21,19,
B_RIDGE,1,2,20,attention,textual,coefficient,0.6608851840650856,0.6608851840650856,positive,22,20,
B_RIDGE,1,2,28,best,textual,coefficient,-0.6379958165309881,0.6379958165309881,negative,23,,3
B_RIDGE,1,2,128,hyperactivity,textual,coefficient,0.6357141883589608,0.6357141883589608,positive,24,21,
B_RIDGE,1,2,138,isn,textual,coefficient,0.6258515719502726,0.6258515719502726,positive,25,22,
B_RIDGE,1,2,161,long,textual,coefficient,0.6085419498867373,0.6085419498867373,positive,26,23,
B_RIDGE,1,2,70,doctor,textual,coefficient,0.6035353920094674,0.6035353920094674,positive,27,24,
B_RIDGE,1,2,145,know adhd,textual,coefficient,-0.5947180729241982,0.5947180729241982,negative,28,,4
B_RIDGE,1,2,278,typically,textual,coefficient,-0.5903174123365758,0.5903174123365758,negative,29,,5
B_RIDGE,1,2,154,life,textual,coefficient,-0.5899621557427501,0.5899621557427501,negative,30,,6
B_RIDGE,1,2,277,type,textual,coefficient,0.5812621270950858,0.5812621270950858,positive,31,25,
B_RIDGE,1,2,57,depression,textual,coefficient,0.579963630270303,0.579963630270303,positive,32,26,
B_RIDGE,1,2,219,right,textual,coefficient,0.5776437468477228,0.5776437468477228,positive,33,27,
B_RIDGE,1,2,287,way,textual,coefficient,0.5736571173530269,0.5736571173530269,positive,34,28,
B_RIDGE,1,2,124,higher,textual,coefficient,-0.5650275219375446,0.5650275219375446,negative,35,,7
B_RIDGE,1,2,169,makes,textual,coefficient,0.5615513295762664,0.5615513295762664,positive,36,29,
B_RIDGE,1,2,118,health,textual,coefficient,-0.5596392724620102,0.5596392724620102,negative,37,,8
B_RIDGE,1,2,136,instead,textual,coefficient,-0.5592358910903187,0.5592358910903187,negative,38,,9
B_RIDGE,1,2,168,make,textual,coefficient,-0.5557205753959243,0.5557205753959243,negative,39,,10
B_RIDGE,1,2,3,actually,textual,coefficient,0.5556350652283961,0.5556350652283961,positive,40,30,
B_RIDGE,1,2,126,hyper,textual,coefficient,0.552092846029777,0.552092846029777,positive,41,31,
B_RIDGE,1,2,279,understand,textual,coefficient,0.5413709023774748,0.5413709023774748,positive,42,32,
B_RIDGE,1,2,243,stop,textual,coefficient,-0.5398043045454181,0.5398043045454181,negative,43,,11
B_RIDGE,1,2,139,issues,textual,coefficient,0.5299105721481356,0.5299105721481356,positive,44,33,
B_RIDGE,1,2,12,adult,textual,coefficient,0.5235444381952586,0.5235444381952586,positive,45,34,
B_RIDGE,1,2,61,did,textual,coefficient,-0.5141082144514041,0.5141082144514041,negative,46,,12
B_RIDGE,1,2,269,thought,textual,coefficient,-0.5079366037411001,0.5079366037411001,negative,47,,13
B_RIDGE,1,2,163,lot,textual,coefficient,-0.5077433706388322,0.5077433706388322,negative,48,,14
B_RIDGE,1,2,245,struggle,textual,coefficient,0.503881607974815,0.503881607974815,positive,49,35,
B_RIDGE,1,2,289,women,textual,coefficient,-0.49940841608521336,0.49940841608521336,negative,50,,15
B_RIDGE,1,2,115,hard,textual,coefficient,0.4993661719222444,0.4993661719222444,positive,51,36,
B_RIDGE,1,2,241,stimulant,textual,coefficient,-0.49359117106992134,0.49359117106992134,negative,52,,16
B_RIDGE,1,2,40,certain,textual,coefficient,0.4707907301760076,0.4707907301760076,positive,53,37,
B_RIDGE,1,2,165,love,textual,coefficient,-0.46940026129953033,0.46940026129953033,negative,54,,17
B_RIDGE,1,2,121,helpful,textual,coefficient,-0.46757358049239844,0.46757358049239844,negative,55,,18
B_RIDGE,1,2,10,adhd symptoms,textual,coefficient,0.4672832442974276,0.4672832442974276,positive,56,38,
B_RIDGE,1,2,158,little,textual,coefficient,0.45437659341047415,0.45437659341047415,positive,57,39,
B_RIDGE,1,2,166,low,textual,coefficient,-0.45421455770860725,0.45421455770860725,negative,58,,19
B_RIDGE,1,2,42,child,textual,coefficient,-0.45344505744146574,0.45344505744146574,negative,59,,20
B_RIDGE,1,2,252,sure,textual,coefficient,0.45305133072542986,0.45305133072542986,positive,60,40,
B_RIDGE,1,2,82,emotional,textual,coefficient,-0.45107884903991385,0.45107884903991385,negative,61,,21
B_RIDGE,1,2,244,stress,textual,coefficient,-0.44773613564124404,0.44773613564124404,negative,62,,22
B_RIDGE,1,2,88,example,textual,coefficient,-0.44712786250701514,0.44712786250701514,negative,63,,23
B_RIDGE,1,2,188,normal,textual,coefficient,-0.44573563130507443,0.44573563130507443,negative,64,,24
B_RIDGE,1,2,280,use,textual,coefficient,0.4437962789135353,0.4437962789135353,positive,65,41,
B_RIDGE,1,2,104,function,textual,coefficient,-0.4411250087404211,0.4411250087404211,negative,66,,25
B_RIDGE,1,2,247,studies,textual,coefficient,0.431549477904222,0.431549477904222,positive,67,42,
B_RIDGE,1,2,41,change,textual,coefficient,-0.42916430871144134,0.42916430871144134,negative,68,,26
B_RIDGE,1,2,69,distracted,textual,coefficient,0.4289485643149958,0.4289485643149958,positive,69,43,
B_RIDGE,1,2,267,think,textual,coefficient,-0.42575051263113944,0.42575051263113944,negative,70,,27
B_RIDGE,1,2,54,create,textual,coefficient,-0.4224167011649818,0.4224167011649818,negative,71,,28
B_RIDGE,1,2,98,finally,textual,coefficient,0.41863547134376133,0.41863547134376133,positive,72,44,
B_RIDGE,1,2,111,got,textual,coefficient,-0.4142719801995525,0.4142719801995525,negative,73,,29
B_RIDGE,1,2,143,kind,textual,coefficient,0.40964240451778583,0.40964240451778583,positive,74,45,
B_RIDGE,1,2,84,end,textual,coefficient,-0.40709101131869585,0.40709101131869585,negative,75,,30
B_RIDGE,1,2,251,support,textual,coefficient,-0.4048907420683957,0.4048907420683957,negative,76,,31
B_RIDGE,1,2,15,alcohol,textual,coefficient,-0.40291366953005453,0.40291366953005453,negative,77,,32
B_RIDGE,1,2,37,called,textual,coefficient,-0.4014864703042804,0.4014864703042804,negative,78,,33
B_RIDGE,1,2,116,harder,textual,coefficient,-0.3997797765976792,0.3997797765976792,negative,79,,34
B_RIDGE,1,2,211,really,textual,coefficient,-0.39892415451325136,0.39892415451325136,negative,80,,35
B_RIDGE,1,2,85,energy,textual,coefficient,-0.39845451541840654,0.39845451541840654,negative,81,,36
B_RIDGE,1,2,238,starting,textual,coefficient,-0.3917894041194399,0.3917894041194399,negative,82,,37
B_RIDGE,1,2,274,trouble,textual,coefficient,-0.3914728991603424,0.3914728991603424,negative,83,,38
B_RIDGE,1,2,184,needs,textual,coefficient,0.38953342149377695,0.38953342149377695,positive,84,46,
B_RIDGE,1,2,255,talk,textual,coefficient,0.38872664759363423,0.38872664759363423,positive,85,47,
B_RIDGE,1,2,107,goes,textual,coefficient,-0.3882416602333856,0.3882416602333856,negative,86,,39
B_RIDGE,1,2,17,anxiety,textual,coefficient,-0.38360896530263827,0.38360896530263827,negative,87,,40
B_RIDGE,1,2,229,shame,textual,coefficient,-0.3831261657312384,0.3831261657312384,negative,88,,41
B_RIDGE,1,2,264,thing,textual,coefficient,-0.3808320320550876,0.3808320320550876,negative,89,,42
B_RIDGE,1,2,265,things,textual,coefficient,-0.37767825394381,0.37767825394381,negative,90,,43
B_RIDGE,1,2,44,come,textual,coefficient,-0.3724725099528723,0.3724725099528723,negative,91,,44
B_RIDGE,1,2,81,eating,textual,coefficient,0.37115714538300293,0.37115714538300293,positive,92,48,
B_RIDGE,1,2,206,probably,textual,coefficient,-0.3698377301684177,0.3698377301684177,negative,93,,45
B_RIDGE,1,2,182,music,textual,coefficient,-0.3697366391720209,0.3697366391720209,negative,94,,46
B_RIDGE,1,2,212,reason,textual,coefficient,0.3681945736796778,0.3681945736796778,positive,95,49,
B_RIDGE,1,2,204,point,textual,coefficient,-0.36541515060801566,0.36541515060801566,negative,96,,47
B_RIDGE,1,2,39,care,textual,coefficient,0.3652220528552514,0.3652220528552514,positive,97,50,
B_RIDGE,1,2,233,sit,textual,coefficient,0.3613649058062971,0.3613649058062971,positive,98,51,
B_RIDGE,1,2,9,adhd people,textual,coefficient,0.36040401747638384,0.36040401747638384,positive,99,52,
B_RIDGE,1,2,272,times,textual,coefficient,-0.3602986327535561,0.3602986327535561,negative,100,,48
B_RIDGE,1,2,159,little bit,textual,coefficient,0.35235055981090885,0.35235055981090885,positive,101,53,
B_RIDGE,1,2,135,information,textual,coefficient,0.3520804946183142,0.3520804946183142,positive,102,54,
B_RIDGE,1,2,46,common,textual,coefficient,-0.3519563079587346,0.3519563079587346,negative,103,,49
B_RIDGE,1,2,129,impact,textual,coefficient,-0.3516931678503307,0.3516931678503307,negative,104,,50
B_RIDGE,1,2,142,kids,textual,coefficient,-0.3514763380895787,0.3514763380895787,negative,105,,51
B_RIDGE,1,2,21,attention deficit,textual,coefficient,0.3511821923720614,0.3511821923720614,positive,106,55,
B_RIDGE,1,2,130,important,textual,coefficient,-0.3510757036993786,0.3510757036993786,negative,107,,52
B_RIDGE,1,2,38,calm,textual,coefficient,-0.3473022530325653,0.3473022530325653,negative,108,,53
B_RIDGE,1,2,137,interesting,textual,coefficient,-0.3457226934606478,0.3457226934606478,negative,109,,54
B_RIDGE,1,2,123,high,textual,coefficient,0.34339076143292757,0.34339076143292757,positive,110,56,
B_RIDGE,1,2,226,sense,textual,coefficient,-0.3415887932443012,0.3415887932443012,negative,111,,55
B_RIDGE,1,2,60,diagnosis,textual,coefficient,0.33914802215720213,0.33914802215720213,positive,112,57,
B_RIDGE,1,2,16,anger,textual,coefficient,-0.3354934122678424,0.3354934122678424,negative,113,,56
B_RIDGE,1,2,51,constantly,textual,coefficient,-0.33530103052826266,0.33530103052826266,negative,114,,57
B_RIDGE,1,2,203,place,textual,coefficient,0.33313667864986,0.33313667864986,positive,115,58,
B_RIDGE,1,2,149,learn,textual,coefficient,-0.3233440186001875,0.3233440186001875,negative,116,,58
B_RIDGE,1,2,23,avoid,textual,coefficient,-0.32304728965831275,0.32304728965831275,negative,117,,59
B_RIDGE,1,2,79,easily,textual,coefficient,-0.32231635180623136,0.32231635180623136,negative,118,,60
B_RIDGE,1,2,223,second,textual,coefficient,0.32048949032475627,0.32048949032475627,positive,119,59,
B_RIDGE,1,2,58,diagnosed,textual,coefficient,0.31846009596736863,0.31846009596736863,positive,120,60,
B_RIDGE,1,2,80,eat,textual,coefficient,-0.3156396262742862,0.3156396262742862,negative,121,,61
B_RIDGE,1,2,210,real,textual,coefficient,0.31502106956524467,0.31502106956524467,positive,122,61,
B_RIDGE,1,2,181,motivation,textual,coefficient,0.31457895309591155,0.31457895309591155,positive,123,62,
B_RIDGE,1,2,147,late,textual,coefficient,0.3145403435446415,0.3145403435446415,positive,124,63,
B_RIDGE,1,2,240,stay,textual,coefficient,0.30840338502030235,0.30840338502030235,positive,125,64,
B_RIDGE,1,2,281,using,textual,coefficient,-0.30742370084641313,0.30742370084641313,negative,126,,62
B_RIDGE,1,2,67,difficulty,textual,coefficient,0.30318494229958526,0.30318494229958526,positive,127,65,
B_RIDGE,1,2,177,mental,textual,coefficient,0.30205338306451357,0.30205338306451357,positive,128,66,
B_RIDGE,1,2,296,wrong,textual,coefficient,-0.3008788942098177,0.3008788942098177,negative,129,,63
B_RIDGE,1,2,97,feels,textual,coefficient,-0.30020564051163723,0.30020564051163723,negative,130,,64
B_RIDGE,1,2,179,minutes,textual,coefficient,0.3001657560036337,0.3001657560036337,positive,131,67,
B_RIDGE,1,2,228,seven,textual,coefficient,0.29887020287843524,0.29887020287843524,positive,132,68,
B_RIDGE,1,2,263,therapy,textual,coefficient,-0.29604831460737696,0.29604831460737696,negative,133,,65
B_RIDGE,1,2,31,bit,textual,coefficient,0.29568555590925155,0.29568555590925155,positive,134,69,
B_RIDGE,1,2,52,control,textual,coefficient,0.2935091624507497,0.2935091624507497,positive,135,70,
B_RIDGE,1,2,258,tasks,textual,coefficient,-0.29292215665325927,0.29292215665325927,negative,136,,66
B_RIDGE,1,2,0,10,textual,coefficient,-0.2914926182958033,0.2914926182958033,negative,137,,67
B_RIDGE,1,2,125,hours,textual,coefficient,-0.28922128278692716,0.28922128278692716,negative,138,,68
B_RIDGE,1,2,213,regulate,textual,coefficient,0.2891214008756954,0.2891214008756954,positive,139,71,
B_RIDGE,1,2,29,better,textual,coefficient,-0.28648964694593954,0.28648964694593954,negative,140,,69
B_RIDGE,1,2,59,diagnosed adhd,textual,coefficient,0.2844210497461681,0.2844210497461681,positive,141,72,
B_RIDGE,1,2,191,okay,textual,coefficient,-0.280460871866575,0.280460871866575,negative,142,,70
B_RIDGE,1,2,253,symptoms,textual,coefficient,0.2781388947162114,0.2781388947162114,positive,143,73,
B_RIDGE,1,2,222,school,textual,coefficient,-0.2758967694549345,0.2758967694549345,negative,144,,71
B_RIDGE,1,2,55,day,textual,coefficient,-0.27573760555657695,0.27573760555657695,negative,145,,72
B_RIDGE,1,2,271,time,textual,coefficient,0.26809630282492103,0.26809630282492103,positive,146,74,
B_RIDGE,1,2,239,state,textual,coefficient,-0.2673937425328556,0.2673937425328556,negative,147,,73
B_RIDGE,1,2,11,adhders,textual,coefficient,-0.26694758850483485,0.26694758850483485,negative,148,,74
B_RIDGE,1,2,34,brains,textual,coefficient,-0.26232976491507703,0.26232976491507703,negative,149,,75
B_RIDGE,1,2,53,cortex,textual,coefficient,-0.2607294553574184,0.2607294553574184,negative,150,,76
B_RIDGE,1,2,237,start,textual,coefficient,0.25549318988223485,0.25549318988223485,positive,151,75,
B_RIDGE,1,2,127,hyperactive,textual,coefficient,0.25507657020483654,0.25507657020483654,positive,152,76,
B_RIDGE,1,2,151,let,textual,coefficient,0.2531237842065722,0.2531237842065722,positive,153,77,
B_RIDGE,1,2,224,seen,textual,coefficient,0.2524572348457847,0.2524572348457847,positive,154,78,
B_RIDGE,1,2,173,means,textual,coefficient,0.251324187564603,0.251324187564603,positive,155,79,
B_RIDGE,1,2,113,gut,textual,coefficient,-0.25018762959512936,0.25018762959512936,negative,156,,77
B_RIDGE,1,2,2,able,textual,coefficient,0.24571733652770825,0.24571733652770825,positive,157,80,
B_RIDGE,1,2,234,sleep,textual,coefficient,-0.2442142157803948,0.2442142157803948,negative,158,,78
B_RIDGE,1,2,50,constant,textual,coefficient,-0.243458527216084,0.243458527216084,negative,159,,79
B_RIDGE,1,2,172,mean,textual,coefficient,0.23834979919612256,0.23834979919612256,positive,160,81,
B_RIDGE,1,2,64,difference,textual,coefficient,-0.23770088166250783,0.23770088166250783,negative,161,,80
B_RIDGE,1,2,250,sugar,textual,coefficient,0.23676370011436515,0.23676370011436515,positive,162,82,
B_RIDGE,1,2,199,people adhd,textual,coefficient,-0.2356180421301364,0.2356180421301364,negative,163,,81
B_RIDGE,1,2,157,literally,textual,coefficient,-0.2349182062436591,0.2349182062436591,negative,164,,82
B_RIDGE,1,2,62,didn,textual,coefficient,-0.23376302374749278,0.23376302374749278,negative,165,,83
B_RIDGE,1,2,83,emotions,textual,coefficient,-0.23332903484608977,0.23332903484608977,negative,166,,84
B_RIDGE,1,2,246,struggling,textual,coefficient,0.23319968297959037,0.23319968297959037,positive,167,83,
B_RIDGE,1,2,208,problems,textual,coefficient,0.22928507671403078,0.22928507671403078,positive,168,84,
B_RIDGE,1,2,268,thinking,textual,coefficient,0.22612588626758345,0.22612588626758345,positive,169,85,
B_RIDGE,1,2,33,brain,textual,coefficient,0.21738990179584858,0.21738990179584858,positive,170,86,
B_RIDGE,1,2,92,fact,textual,coefficient,0.21650400696214955,0.21650400696214955,positive,171,87,
B_RIDGE,1,2,26,based,textual,coefficient,0.21584827901283074,0.21584827901283074,positive,172,88,
B_RIDGE,1,2,192,order,textual,coefficient,0.2148753267852748,0.2148753267852748,positive,173,89,
B_RIDGE,1,2,236,social,textual,coefficient,0.21097402672521537,0.21097402672521537,positive,174,90,
B_RIDGE,1,2,48,condition,textual,coefficient,-0.2091793054092978,0.2091793054092978,negative,175,,85
B_RIDGE,1,2,32,body,textual,coefficient,0.20835558156460496,0.20835558156460496,positive,176,91,
B_RIDGE,1,2,197,pay attention,textual,coefficient,0.2070183158805175,0.2070183158805175,positive,177,92,
B_RIDGE,1,2,162,look,textual,coefficient,-0.20660156641603597,0.20660156641603597,negative,178,,86
B_RIDGE,1,2,14,affect,textual,coefficient,-0.2056799799944546,0.2056799799944546,negative,179,,87
B_RIDGE,1,2,131,impulsive,textual,coefficient,0.20355774713447772,0.20355774713447772,positive,180,93,
B_RIDGE,1,2,153,levels,textual,coefficient,0.20353293183959134,0.20353293183959134,positive,181,94,
B_RIDGE,1,2,216,relationships,textual,coefficient,-0.20109664391430807,0.20109664391430807,negative,182,,88
B_RIDGE,1,2,257,task,textual,coefficient,-0.19936408188511526,0.19936408188511526,negative,183,,89
B_RIDGE,1,2,291,working,textual,coefficient,-0.19848198639114556,0.19848198639114556,negative,184,,90
B_RIDGE,1,2,202,physical,textual,coefficient,-0.19822670955264823,0.19822670955264823,negative,185,,91
B_RIDGE,1,2,152,level,textual,coefficient,-0.19803554112215768,0.19803554112215768,negative,186,,92
B_RIDGE,1,2,164,lot people,textual,coefficient,-0.197491449629732,0.197491449629732,negative,187,,93
B_RIDGE,1,2,288,ways,textual,coefficient,0.19535236044345697,0.19535236044345697,positive,188,95,
B_RIDGE,1,2,167,lower,textual,coefficient,-0.19527476338978358,0.19527476338978358,negative,189,,94
B_RIDGE,1,2,119,hear,textual,coefficient,-0.19281896451322825,0.19281896451322825,negative,190,,95
B_RIDGE,1,2,186,neurotypical,textual,coefficient,-0.192500250755976,0.192500250755976,negative,191,,96
B_RIDGE,1,2,235,small,textual,coefficient,0.19121297387331596,0.19121297387331596,positive,192,96,
B_RIDGE,1,2,5,adhd,textual,coefficient,0.1900870498430659,0.1900870498430659,positive,193,97,
B_RIDGE,1,2,99,focus,textual,coefficient,-0.18806117913556125,0.18806117913556125,negative,194,,97
B_RIDGE,1,2,183,need,textual,coefficient,0.18732342026052304,0.18732342026052304,positive,195,98,
B_RIDGE,1,2,260,tend,textual,coefficient,-0.18609120212473507,0.18609120212473507,negative,196,,98
B_RIDGE,1,2,290,work,textual,coefficient,-0.18595510797826376,0.18595510797826376,negative,197,,99
B_RIDGE,1,2,295,worse,textual,coefficient,-0.1851338841971114,0.1851338841971114,negative,198,,100
B_RIDGE,1,2,109,gonna,textual,coefficient,-0.18200362309997337,0.18200362309997337,negative,199,,101
B_RIDGE,1,2,170,making,textual,coefficient,-0.18015405572250925,0.18015405572250925,negative,200,,102
B_RIDGE,1,2,200,person,textual,coefficient,-0.17938919692469343,0.17938919692469343,negative,201,,103
B_RIDGE,1,2,276,trying,textual,coefficient,-0.1777697545377625,0.1777697545377625,negative,202,,104
B_RIDGE,1,2,71,does,textual,coefficient,-0.175455357385223,0.175455357385223,negative,203,,105
B_RIDGE,1,2,43,children,textual,coefficient,0.17299515894291934,0.17299515894291934,positive,204,99,
B_RIDGE,1,2,218,research,textual,coefficient,-0.17031768141676215,0.17031768141676215,negative,205,,106
B_RIDGE,1,2,205,prefrontal cortex,textual,coefficient,-0.16886845079943666,0.16886845079943666,negative,206,,107
B_RIDGE,1,2,132,impulsivity,textual,coefficient,-0.16795474013718098,0.16795474013718098,negative,207,,108
B_RIDGE,1,2,133,inattentive,textual,coefficient,-0.16760858363514738,0.16760858363514738,negative,208,,109
B_RIDGE,1,2,190,oh,textual,coefficient,-0.16659558122428628,0.16659558122428628,negative,209,,110
B_RIDGE,1,2,176,memory,textual,coefficient,-0.16374044829342282,0.16374044829342282,negative,210,,111
B_RIDGE,1,2,72,doesn,textual,coefficient,0.16342038408941922,0.16342038408941922,positive,211,100,
B_RIDGE,1,2,56,deficit,textual,coefficient,0.16244670512705925,0.16244670512705925,positive,212,101,
B_RIDGE,1,2,209,protein,textual,coefficient,-0.15988376169615975,0.15988376169615975,negative,213,,112
B_RIDGE,1,2,231,signs,textual,coefficient,-0.15916054588674663,0.15916054588674663,negative,214,,113
B_RIDGE,1,2,285,video,textual,coefficient,-0.15707010703582158,0.15707010703582158,negative,215,,114
B_RIDGE,1,2,284,ve got,textual,coefficient,-0.15698231026484435,0.15698231026484435,negative,216,,115
B_RIDGE,1,2,114,happens,textual,coefficient,0.15610725580872725,0.15610725580872725,positive,217,102,
B_RIDGE,1,2,24,away,textual,coefficient,-0.1544451320581801,0.1544451320581801,negative,218,,116
B_RIDGE,1,2,275,try,textual,coefficient,0.15258120220637567,0.15258120220637567,positive,219,103,
B_RIDGE,1,2,171,maybe,textual,coefficient,0.15237267250029748,0.15237267250029748,positive,220,104,
B_RIDGE,1,2,256,talking,textual,coefficient,0.15202109069156644,0.15202109069156644,positive,221,105,
B_RIDGE,1,2,117,having,textual,coefficient,-0.1510648550667099,0.1510648550667099,negative,222,,117
B_RIDGE,1,2,120,help,textual,coefficient,0.14876088132315243,0.14876088132315243,positive,223,106,
B_RIDGE,1,2,19,ask,textual,coefficient,0.14803822724995555,0.14803822724995555,positive,224,107,
B_RIDGE,1,2,221,saying,textual,coefficient,-0.14581143146713918,0.14581143146713918,negative,225,,118
B_RIDGE,1,2,91,experience,textual,coefficient,-0.14499986762217354,0.14499986762217354,negative,226,,119
B_RIDGE,1,2,146,lack,textual,coefficient,0.13785195582919704,0.13785195582919704,positive,227,108,
B_RIDGE,1,2,196,pay,textual,coefficient,-0.13290617388003598,0.13290617388003598,negative,228,,120
B_RIDGE,1,2,249,stuff,textual,coefficient,-0.12816990013842797,0.12816990013842797,negative,229,,121
B_RIDGE,1,2,283,ve,textual,coefficient,-0.12606315127827047,0.12606315127827047,negative,230,,122
B_RIDGE,1,2,73,doing,textual,coefficient,-0.1217718026336102,0.1217718026336102,negative,231,,123
B_RIDGE,1,2,148,later,textual,coefficient,-0.12090796069257803,0.12090796069257803,negative,232,,124
B_RIDGE,1,2,214,regulation,textual,coefficient,0.11981461194867728,0.11981461194867728,positive,233,109,
B_RIDGE,1,2,66,differently,textual,coefficient,-0.10136543833319277,0.10136543833319277,negative,234,,125
B_RIDGE,1,2,74,don,textual,coefficient,0.10124066950843544,0.10124066950843544,positive,235,110,
B_RIDGE,1,2,108,going,textual,coefficient,-0.10044386328435262,0.10044386328435262,negative,236,,126
B_RIDGE,1,2,89,executive,textual,coefficient,0.10012566380280762,0.10012566380280762,positive,237,111,
B_RIDGE,1,2,18,aren,textual,coefficient,0.0979978006029565,0.0979978006029565,positive,238,112,
B_RIDGE,1,2,90,exercise,textual,coefficient,-0.09624033065627322,0.09624033065627322,negative,239,,127
B_RIDGE,1,2,65,different,textual,coefficient,0.09494475366557217,0.09494475366557217,positive,240,113,
B_RIDGE,1,2,86,especially,textual,coefficient,0.09462408260249787,0.09462408260249787,positive,241,114,
B_RIDGE,1,2,160,ll,textual,coefficient,0.09299294083690426,0.09299294083690426,positive,242,115,
B_RIDGE,1,2,106,getting,textual,coefficient,-0.09149124473975737,0.09149124473975737,negative,243,,128
B_RIDGE,1,2,94,feel,textual,coefficient,0.09015585612643524,0.09015585612643524,positive,244,116,
B_RIDGE,1,2,13,adults,textual,coefficient,0.08983483408407178,0.08983483408407178,positive,245,117,
B_RIDGE,1,2,178,mind,textual,coefficient,-0.0881451690676009,0.0881451690676009,negative,246,,129
B_RIDGE,1,2,286,want,textual,coefficient,-0.08700013772247074,0.08700013772247074,negative,247,,130
B_RIDGE,1,2,155,like,textual,coefficient,-0.08625818510246859,0.08625818510246859,negative,248,,131
B_RIDGE,1,2,273,treatment,textual,coefficient,0.08540741993888938,0.08540741993888938,positive,249,118,
B_RIDGE,1,2,254,taking,textual,coefficient,0.08143423539456113,0.08143423539456113,positive,250,119,
B_RIDGE,1,2,100,follow,textual,coefficient,-0.08065969932910769,0.08065969932910769,negative,251,,132
B_RIDGE,1,2,259,tell,textual,coefficient,0.07987895119782476,0.07987895119782476,positive,252,120,
B_RIDGE,1,2,187,new,textual,coefficient,-0.07860038046206806,0.07860038046206806,negative,253,,133
B_RIDGE,1,2,144,know,textual,coefficient,-0.07845313235633505,0.07845313235633505,negative,254,,134
B_RIDGE,1,2,8,adhd medication,textual,coefficient,0.07832463033306711,0.07832463033306711,positive,255,121,
B_RIDGE,1,2,297,yeah,textual,coefficient,0.07677351350979646,0.07677351350979646,positive,256,122,
B_RIDGE,1,2,101,food,textual,coefficient,-0.07323980298383978,0.07323980298383978,negative,257,,135
B_RIDGE,1,2,96,feeling,textual,coefficient,0.07246453638305136,0.07246453638305136,positive,258,123,
B_RIDGE,1,2,193,overwhelmed,textual,coefficient,0.06951502856020833,0.06951502856020833,positive,259,124,
B_RIDGE,1,2,175,medications,textual,coefficient,-0.06837773782653145,0.06837773782653145,negative,260,,136
B_RIDGE,1,2,198,people,textual,coefficient,0.06695853867908175,0.06695853867908175,positive,261,125,
B_RIDGE,1,2,189,number,textual,coefficient,0.06693676964562574,0.06693676964562574,positive,262,126,
B_RIDGE,1,2,232,single,textual,coefficient,0.06344698536067801,0.06344698536067801,positive,263,127,
B_RIDGE,1,2,201,phone,textual,coefficient,0.05978792922451591,0.05978792922451591,positive,264,128,
B_RIDGE,1,2,227,sensitive,textual,coefficient,0.058308035820730846,0.058308035820730846,positive,265,129,
B_RIDGE,1,2,294,world,textual,coefficient,-0.0560808087279821,0.0560808087279821,negative,266,,137
B_RIDGE,1,2,292,working memory,textual,coefficient,-0.0557362722942064,0.0557362722942064,negative,267,,138
B_RIDGE,1,2,174,medication,textual,coefficient,-0.051048874518368065,0.051048874518368065,negative,268,,139
B_RIDGE,1,2,298,years,textual,coefficient,0.05017599051869642,0.05017599051869642,positive,269,130,
B_RIDGE,1,2,156,likely,textual,coefficient,0.048907986837634095,0.048907986837634095,positive,270,131,
B_RIDGE,1,2,185,nervous,textual,coefficient,0.047788473157805704,0.047788473157805704,positive,271,132,
B_RIDGE,1,2,4,add,textual,coefficient,0.04777116533011337,0.04777116533011337,positive,272,133,
B_RIDGE,1,2,1,ability,textual,coefficient,-0.04654782304962485,0.04654782304962485,negative,273,,140
B_RIDGE,1,2,35,burnout,textual,coefficient,-0.045517608524300486,0.045517608524300486,negative,274,,141
B_RIDGE,1,2,220,say,textual,coefficient,-0.04487762358499997,0.04487762358499997,negative,275,,142
B_RIDGE,1,2,112,great,textual,coefficient,-0.04432454595076171,0.04432454595076171,negative,276,,143
B_RIDGE,1,2,248,study,textual,coefficient,-0.042886665881333455,0.042886665881333455,negative,277,,144
B_RIDGE,1,2,30,big,textual,coefficient,-0.04128906237615497,0.04128906237615497,negative,278,,145
B_RIDGE,1,2,68,disorder,textual,coefficient,-0.04055012279982635,0.04055012279982635,negative,279,,146
B_RIDGE,1,2,293,works,textual,coefficient,0.03791401836578787,0.03791401836578787,positive,280,134,
B_RIDGE,1,2,140,job,textual,coefficient,-0.03618326511121071,0.03618326511121071,negative,281,,147
B_RIDGE,1,2,225,self,textual,coefficient,-0.03493661167254375,0.03493661167254375,negative,282,,148
B_RIDGE,1,2,299,yes,textual,coefficient,0.03163940536950958,0.03163940536950958,positive,283,135,
B_RIDGE,1,2,75,don know,textual,coefficient,0.031058547172142684,0.031058547172142684,positive,284,136,
B_RIDGE,1,2,76,dopamine,textual,coefficient,0.029492268668154187,0.029492268668154187,positive,285,137,
B_RIDGE,1,2,6,adhd brain,textual,coefficient,-0.02926116061706115,0.02926116061706115,negative,286,,149
B_RIDGE,1,2,49,consequences,textual,coefficient,-0.02919252620991473,0.02919252620991473,negative,287,,150
B_RIDGE,1,2,87,everybody,textual,coefficient,-0.02912150273706569,0.02912150273706569,negative,288,,151
B_RIDGE,1,2,300,certainty_score,handcrafted_linguistic,coefficient,-0.028305138897562688,0.028305138897562688,negative,289,,152
B_RIDGE,1,2,36,caffeine,textual,coefficient,-0.026525212006757802,0.026525212006757802,negative,290,,153
B_RIDGE,1,2,95,feel like,textual,coefficient,0.025694462107262787,0.025694462107262787,positive,291,138,
B_RIDGE,1,2,180,morning,textual,coefficient,0.02520460084194197,0.02520460084194197,positive,292,139,
B_RIDGE,1,2,78,dysfunction,textual,coefficient,-0.024101073080739506,0.024101073080739506,negative,293,,154
B_RIDGE,1,2,301,hedge_score,handcrafted_linguistic,coefficient,-0.020136485549163054,0.020136485549163054,negative,294,,155
B_RIDGE,1,2,27,behavior,textual,coefficient,0.020003848754646975,0.020003848754646975,positive,295,140,
B_RIDGE,1,2,230,short,textual,coefficient,0.01439530856008424,0.01439530856008424,positive,296,141,
B_RIDGE,1,2,47,completely,textual,coefficient,-0.012494370742457583,0.012494370742457583,negative,297,,156
B_RIDGE,1,2,25,bad,textual,coefficient,0.006246087930657753,0.006246087930657753,positive,298,142,
B_RIDGE,1,2,103,forget,textual,coefficient,-0.005468271912780983,0.005468271912780983,negative,299,,157
B_RIDGE,1,2,150,learning,textual,coefficient,-0.0032245648838645927,0.0032245648838645927,negative,300,,158
B_RIDGE,1,2,105,gets,textual,coefficient,0.0027550928458503847,0.0027550928458503847,positive,301,143,
B_RIDGE,1,2,122,helps,textual,coefficient,0.0014010732579362941,0.0014010732579362941,positive,302,144,
B_RIDGE,1,3,16,anger,textual,coefficient,1.0510500597840702,1.0510500597840702,positive,1,1,
B_RIDGE,1,3,88,example,textual,coefficient,0.9334316318883964,0.9334316318883964,positive,2,2,
B_RIDGE,1,3,141,just,textual,coefficient,-0.8638997467660666,0.8638997467660666,negative,3,,1
B_RIDGE,1,3,254,taking,textual,coefficient,0.8580948634566545,0.8580948634566545,positive,4,3,
B_RIDGE,1,3,113,gut,textual,coefficient,0.8419277588404281,0.8419277588404281,positive,5,4,
B_RIDGE,1,3,276,trying,textual,coefficient,0.7988716312490945,0.7988716312490945,positive,6,5,
B_RIDGE,1,3,204,point,textual,coefficient,0.7722708484346557,0.7722708484346557,positive,7,6,
B_RIDGE,1,3,208,problems,textual,coefficient,-0.7421267407386486,0.7421267407386486,negative,8,,2
B_RIDGE,1,3,234,sleep,textual,coefficient,0.7337269437283914,0.7337269437283914,positive,9,7,
B_RIDGE,1,3,247,studies,textual,coefficient,-0.7326831035542484,0.7326831035542484,negative,10,,3
B_RIDGE,1,3,264,thing,textual,coefficient,0.7304601495102693,0.7304601495102693,positive,11,8,
B_RIDGE,1,3,53,cortex,textual,coefficient,0.7279249795872237,0.7279249795872237,positive,12,9,
B_RIDGE,1,3,167,lower,textual,coefficient,0.719553067665208,0.719553067665208,positive,13,10,
B_RIDGE,1,3,216,relationships,textual,coefficient,0.7055423181182882,0.7055423181182882,positive,14,11,
B_RIDGE,1,3,253,symptoms,textual,coefficient,-0.7007389575138327,0.7007389575138327,negative,15,,4
B_RIDGE,1,3,101,food,textual,coefficient,0.6932114529916205,0.6932114529916205,positive,16,12,
B_RIDGE,1,3,37,called,textual,coefficient,0.6872149348792587,0.6872149348792587,positive,17,13,
B_RIDGE,1,3,271,time,textual,coefficient,0.6786253493331784,0.6786253493331784,positive,18,14,
B_RIDGE,1,3,289,women,textual,coefficient,0.6776858985107849,0.6776858985107849,positive,19,15,
B_RIDGE,1,3,79,easily,textual,coefficient,-0.6746922689409446,0.6746922689409446,negative,20,,5
B_RIDGE,1,3,122,helps,textual,coefficient,-0.6233956831087363,0.6233956831087363,negative,21,,6
B_RIDGE,1,3,217,remember,textual,coefficient,-0.623238713329809,0.623238713329809,negative,22,,7
B_RIDGE,1,3,66,differently,textual,coefficient,0.620651505825137,0.620651505825137,positive,23,16,
B_RIDGE,1,3,188,normal,textual,coefficient,0.6145386270626947,0.6145386270626947,positive,24,17,
B_RIDGE,1,3,114,happens,textual,coefficient,0.604903860709612,0.604903860709612,positive,25,18,
B_RIDGE,1,3,211,really,textual,coefficient,0.6026610650233686,0.6026610650233686,positive,26,19,
B_RIDGE,1,3,237,start,textual,coefficient,-0.5905775367600081,0.5905775367600081,negative,27,,8
B_RIDGE,1,3,22,autism,textual,coefficient,-0.5781802529124009,0.5781802529124009,negative,28,,9
B_RIDGE,1,3,123,high,textual,coefficient,-0.5660351471017747,0.5660351471017747,negative,29,,10
B_RIDGE,1,3,25,bad,textual,coefficient,0.5578784543790615,0.5578784543790615,positive,30,20,
B_RIDGE,1,3,61,did,textual,coefficient,0.554185039773008,0.554185039773008,positive,31,21,
B_RIDGE,1,3,52,control,textual,coefficient,0.5517722916167094,0.5517722916167094,positive,32,22,
B_RIDGE,1,3,202,physical,textual,coefficient,0.5452498500900703,0.5452498500900703,positive,33,23,
B_RIDGE,1,3,28,best,textual,coefficient,-0.5451087068614545,0.5451087068614545,negative,34,,11
B_RIDGE,1,3,222,school,textual,coefficient,0.5415898591951608,0.5415898591951608,positive,35,24,
B_RIDGE,1,3,176,memory,textual,coefficient,0.539859057035777,0.539859057035777,positive,36,25,
B_RIDGE,1,3,209,protein,textual,coefficient,0.5286843595617449,0.5286843595617449,positive,37,26,
B_RIDGE,1,3,73,doing,textual,coefficient,-0.5239719985569897,0.5239719985569897,negative,38,,12
B_RIDGE,1,3,210,real,textual,coefficient,-0.5121199948077818,0.5121199948077818,negative,39,,13
B_RIDGE,1,3,121,helpful,textual,coefficient,0.51143162384726,0.51143162384726,positive,40,27,
B_RIDGE,1,3,43,children,textual,coefficient,-0.5048613088040964,0.5048613088040964,negative,41,,14
B_RIDGE,1,3,265,things,textual,coefficient,0.5018941244889625,0.5018941244889625,positive,42,28,
B_RIDGE,1,3,194,pain,textual,coefficient,-0.48850700235702277,0.48850700235702277,negative,43,,15
B_RIDGE,1,3,130,important,textual,coefficient,0.48256187626452546,0.48256187626452546,positive,44,29,
B_RIDGE,1,3,15,alcohol,textual,coefficient,0.4690517889495791,0.4690517889495791,positive,45,30,
B_RIDGE,1,3,205,prefrontal cortex,textual,coefficient,0.46710820723074736,0.46710820723074736,positive,46,31,
B_RIDGE,1,3,290,work,textual,coefficient,-0.46617251260686593,0.46617251260686593,negative,47,,16
B_RIDGE,1,3,206,probably,textual,coefficient,0.4646035327356604,0.4646035327356604,positive,48,32,
B_RIDGE,1,3,238,starting,textual,coefficient,0.46132989689330756,0.46132989689330756,positive,49,33,
B_RIDGE,1,3,207,problem,textual,coefficient,0.4597955108782245,0.4597955108782245,positive,50,34,
B_RIDGE,1,3,279,understand,textual,coefficient,-0.45658526568021884,0.45658526568021884,negative,51,,17
B_RIDGE,1,3,218,research,textual,coefficient,-0.456287819587642,0.456287819587642,negative,52,,18
B_RIDGE,1,3,152,level,textual,coefficient,0.455009177042742,0.455009177042742,positive,53,35,
B_RIDGE,1,3,199,people adhd,textual,coefficient,0.44821361178789676,0.44821361178789676,positive,54,36,
B_RIDGE,1,3,269,thought,textual,coefficient,-0.43904616498190596,0.43904616498190596,negative,55,,19
B_RIDGE,1,3,17,anxiety,textual,coefficient,-0.4376197060076553,0.4376197060076553,negative,56,,20
B_RIDGE,1,3,181,motivation,textual,coefficient,-0.43601379993902795,0.43601379993902795,negative,57,,21
B_RIDGE,1,3,292,working memory,textual,coefficient,0.43459983990097145,0.43459983990097145,positive,58,37,
B_RIDGE,1,3,146,lack,textual,coefficient,-0.43444052590241405,0.43444052590241405,negative,59,,22
B_RIDGE,1,3,40,certain,textual,coefficient,0.4289587274270452,0.4289587274270452,positive,60,38,
B_RIDGE,1,3,156,likely,textual,coefficient,0.4221312219384294,0.4221312219384294,positive,61,39,
B_RIDGE,1,3,168,make,textual,coefficient,0.4197773146800775,0.4197773146800775,positive,62,40,
B_RIDGE,1,3,45,comes,textual,coefficient,0.4192670805246631,0.4192670805246631,positive,63,41,
B_RIDGE,1,3,184,needs,textual,coefficient,-0.412484899685887,0.412484899685887,negative,64,,23
B_RIDGE,1,3,26,based,textual,coefficient,-0.4107418507754047,0.4107418507754047,negative,65,,24
B_RIDGE,1,3,138,isn,textual,coefficient,-0.40847784300033574,0.40847784300033574,negative,66,,25
B_RIDGE,1,3,117,having,textual,coefficient,-0.40532099078547834,0.40532099078547834,negative,67,,26
B_RIDGE,1,3,150,learning,textual,coefficient,0.4046593707448752,0.4046593707448752,positive,68,42,
B_RIDGE,1,3,219,right,textual,coefficient,-0.4037116438219301,0.4037116438219301,negative,69,,27
B_RIDGE,1,3,193,overwhelmed,textual,coefficient,0.40323909206245817,0.40323909206245817,positive,70,43,
B_RIDGE,1,3,198,people,textual,coefficient,0.400893189527488,0.400893189527488,positive,71,44,
B_RIDGE,1,3,83,emotions,textual,coefficient,0.39622039283172067,0.39622039283172067,positive,72,45,
B_RIDGE,1,3,155,like,textual,coefficient,-0.39104807849697926,0.39104807849697926,negative,73,,28
B_RIDGE,1,3,214,regulation,textual,coefficient,-0.3868486399829709,0.3868486399829709,negative,74,,29
B_RIDGE,1,3,59,diagnosed adhd,textual,coefficient,-0.3854534990126636,0.3854534990126636,negative,75,,30
B_RIDGE,1,3,31,bit,textual,coefficient,0.38274430919423996,0.38274430919423996,positive,76,46,
B_RIDGE,1,3,41,change,textual,coefficient,0.3817320872029193,0.3817320872029193,positive,77,47,
B_RIDGE,1,3,82,emotional,textual,coefficient,0.3813851157204858,0.3813851157204858,positive,78,48,
B_RIDGE,1,3,185,nervous,textual,coefficient,-0.3769398199665506,0.3769398199665506,negative,79,,31
B_RIDGE,1,3,102,foods,textual,coefficient,-0.37441053586763795,0.37441053586763795,negative,80,,32
B_RIDGE,1,3,220,say,textual,coefficient,-0.37420468383096006,0.37420468383096006,negative,81,,33
B_RIDGE,1,3,278,typically,textual,coefficient,0.3675882058747032,0.3675882058747032,positive,82,49,
B_RIDGE,1,3,192,order,textual,coefficient,-0.366219460388076,0.366219460388076,negative,83,,34
B_RIDGE,1,3,35,burnout,textual,coefficient,-0.3631112411014723,0.3631112411014723,negative,84,,35
B_RIDGE,1,3,29,better,textual,coefficient,0.36309722867054545,0.36309722867054545,positive,85,50,
B_RIDGE,1,3,132,impulsivity,textual,coefficient,-0.3621547526591066,0.3621547526591066,negative,86,,36
B_RIDGE,1,3,165,love,textual,coefficient,0.36070867310381116,0.36070867310381116,positive,87,51,
B_RIDGE,1,3,261,term,textual,coefficient,-0.35859972637811255,0.35859972637811255,negative,88,,37
B_RIDGE,1,3,291,working,textual,coefficient,-0.35823819691323167,0.35823819691323167,negative,89,,38
B_RIDGE,1,3,162,look,textual,coefficient,-0.35734533450213624,0.35734533450213624,negative,90,,39
B_RIDGE,1,3,27,behavior,textual,coefficient,-0.3557739639334858,0.3557739639334858,negative,91,,40
B_RIDGE,1,3,275,try,textual,coefficient,-0.35497314927744045,0.35497314927744045,negative,92,,41
B_RIDGE,1,3,145,know adhd,textual,coefficient,0.3539679254081139,0.3539679254081139,positive,93,52,
B_RIDGE,1,3,107,goes,textual,coefficient,0.3485767677446217,0.3485767677446217,positive,94,53,
B_RIDGE,1,3,242,stimulants,textual,coefficient,-0.34605098179235677,0.34605098179235677,negative,95,,42
B_RIDGE,1,3,230,short,textual,coefficient,0.3436539207520246,0.3436539207520246,positive,96,54,
B_RIDGE,1,3,203,place,textual,coefficient,-0.34249092542292836,0.34249092542292836,negative,97,,43
B_RIDGE,1,3,186,neurotypical,textual,coefficient,0.3415773921743481,0.3415773921743481,positive,98,55,
B_RIDGE,1,3,170,making,textual,coefficient,-0.3385436966849935,0.3385436966849935,negative,99,,44
B_RIDGE,1,3,243,stop,textual,coefficient,-0.3371435686008247,0.3371435686008247,negative,100,,45
B_RIDGE,1,3,54,create,textual,coefficient,0.335527927508064,0.335527927508064,positive,101,56,
B_RIDGE,1,3,224,seen,textual,coefficient,-0.332479444188563,0.332479444188563,negative,102,,46
B_RIDGE,1,3,103,forget,textual,coefficient,0.33173159586174855,0.33173159586174855,positive,103,57,
B_RIDGE,1,3,232,single,textual,coefficient,-0.3315854852988358,0.3315854852988358,negative,104,,47
B_RIDGE,1,3,139,issues,textual,coefficient,0.3276377515845527,0.3276377515845527,positive,105,58,
B_RIDGE,1,3,142,kids,textual,coefficient,-0.325119133515461,0.325119133515461,negative,106,,48
B_RIDGE,1,3,92,fact,textual,coefficient,-0.3241576471747085,0.3241576471747085,negative,107,,49
B_RIDGE,1,3,227,sensitive,textual,coefficient,0.3235201240369852,0.3235201240369852,positive,108,59,
B_RIDGE,1,3,94,feel,textual,coefficient,0.32181092911753983,0.32181092911753983,positive,109,60,
B_RIDGE,1,3,212,reason,textual,coefficient,-0.3211937413565172,0.3211937413565172,negative,110,,50
B_RIDGE,1,3,213,regulate,textual,coefficient,0.3202352427859971,0.3202352427859971,positive,111,61,
B_RIDGE,1,3,173,means,textual,coefficient,-0.3176871001359922,0.3176871001359922,negative,112,,51
B_RIDGE,1,3,281,using,textual,coefficient,0.31541434011995123,0.31541434011995123,positive,113,62,
B_RIDGE,1,3,257,task,textual,coefficient,-0.3064489483289293,0.3064489483289293,negative,114,,52
B_RIDGE,1,3,119,hear,textual,coefficient,-0.30564348143221737,0.30564348143221737,negative,115,,53
B_RIDGE,1,3,18,aren,textual,coefficient,-0.2962412800413111,0.2962412800413111,negative,116,,54
B_RIDGE,1,3,80,eat,textual,coefficient,0.2892446060613802,0.2892446060613802,positive,117,63,
B_RIDGE,1,3,140,job,textual,coefficient,-0.28871692633114393,0.28871692633114393,negative,118,,55
B_RIDGE,1,3,157,literally,textual,coefficient,0.28402609921215927,0.28402609921215927,positive,119,64,
B_RIDGE,1,3,148,later,textual,coefficient,-0.28181465033391384,0.28181465033391384,negative,120,,56
B_RIDGE,1,3,3,actually,textual,coefficient,-0.28147612590901244,0.28147612590901244,negative,121,,57
B_RIDGE,1,3,47,completely,textual,coefficient,-0.28060488669610495,0.28060488669610495,negative,122,,58
B_RIDGE,1,3,273,treatment,textual,coefficient,-0.2789399607653304,0.2789399607653304,negative,123,,59
B_RIDGE,1,3,136,instead,textual,coefficient,0.27313205896405107,0.27313205896405107,positive,124,65,
B_RIDGE,1,3,274,trouble,textual,coefficient,0.27289863174713713,0.27289863174713713,positive,125,66,
B_RIDGE,1,3,158,little,textual,coefficient,-0.27040862995916204,0.27040862995916204,negative,126,,60
B_RIDGE,1,3,169,makes,textual,coefficient,-0.2699707265569405,0.2699707265569405,negative,127,,61
B_RIDGE,1,3,171,maybe,textual,coefficient,-0.2671069942299118,0.2671069942299118,negative,128,,62
B_RIDGE,1,3,262,test,textual,coefficient,0.2649560054194125,0.2649560054194125,positive,129,67,
B_RIDGE,1,3,63,diet,textual,coefficient,0.2645038593392038,0.2645038593392038,positive,130,68,
B_RIDGE,1,3,241,stimulant,textual,coefficient,-0.263729985485484,0.263729985485484,negative,131,,63
B_RIDGE,1,3,258,tasks,textual,coefficient,-0.2637218913669639,0.2637218913669639,negative,132,,64
B_RIDGE,1,3,221,saying,textual,coefficient,-0.2622252538873691,0.2622252538873691,negative,133,,65
B_RIDGE,1,3,135,information,textual,coefficient,-0.26058211134577103,0.26058211134577103,negative,134,,66
B_RIDGE,1,3,1,ability,textual,coefficient,0.25996910375926063,0.25996910375926063,positive,135,69,
B_RIDGE,1,3,111,got,textual,coefficient,0.25996373078727536,0.25996373078727536,positive,136,70,
B_RIDGE,1,3,21,attention deficit,textual,coefficient,0.25792972447012524,0.25792972447012524,positive,137,71,
B_RIDGE,1,3,86,especially,textual,coefficient,0.25238154864370327,0.25238154864370327,positive,138,72,
B_RIDGE,1,3,112,great,textual,coefficient,0.2522868565474451,0.2522868565474451,positive,139,73,
B_RIDGE,1,3,255,talk,textual,coefficient,-0.24929581836472772,0.24929581836472772,negative,140,,67
B_RIDGE,1,3,131,impulsive,textual,coefficient,-0.2489260667675155,0.2489260667675155,negative,141,,68
B_RIDGE,1,3,38,calm,textual,coefficient,0.24824923631078066,0.24824923631078066,positive,142,74,
B_RIDGE,1,3,24,away,textual,coefficient,-0.24687887118301763,0.24687887118301763,negative,143,,69
B_RIDGE,1,3,166,low,textual,coefficient,0.2468701708726819,0.2468701708726819,positive,144,75,
B_RIDGE,1,3,256,talking,textual,coefficient,0.246277963758268,0.246277963758268,positive,145,76,
B_RIDGE,1,3,231,signs,textual,coefficient,0.2432902255962435,0.2432902255962435,positive,146,77,
B_RIDGE,1,3,7,adhd brains,textual,coefficient,0.2424059750398183,0.2424059750398183,positive,147,78,
B_RIDGE,1,3,144,know,textual,coefficient,-0.2409988912761689,0.2409988912761689,negative,148,,70
B_RIDGE,1,3,190,oh,textual,coefficient,0.24051648946751003,0.24051648946751003,positive,149,79,
B_RIDGE,1,3,120,help,textual,coefficient,-0.23935926552758488,0.23935926552758488,negative,150,,71
B_RIDGE,1,3,286,want,textual,coefficient,0.23831092205268586,0.23831092205268586,positive,151,80,
B_RIDGE,1,3,56,deficit,textual,coefficient,0.23717154870506615,0.23717154870506615,positive,152,81,
B_RIDGE,1,3,153,levels,textual,coefficient,0.23498586452190123,0.23498586452190123,positive,153,82,
B_RIDGE,1,3,90,exercise,textual,coefficient,-0.23169293569048807,0.23169293569048807,negative,154,,72
B_RIDGE,1,3,23,avoid,textual,coefficient,-0.2285086690401553,0.2285086690401553,negative,155,,73
B_RIDGE,1,3,189,number,textual,coefficient,-0.22757008172346,0.22757008172346,negative,156,,74
B_RIDGE,1,3,49,consequences,textual,coefficient,-0.22077129988562796,0.22077129988562796,negative,157,,75
B_RIDGE,1,3,161,long,textual,coefficient,-0.22062799142832187,0.22062799142832187,negative,158,,76
B_RIDGE,1,3,72,doesn,textual,coefficient,0.21850588536131169,0.21850588536131169,positive,159,83,
B_RIDGE,1,3,46,common,textual,coefficient,0.21670244434097957,0.21670244434097957,positive,160,84,
B_RIDGE,1,3,233,sit,textual,coefficient,-0.2131419195539372,0.2131419195539372,negative,161,,77
B_RIDGE,1,3,229,shame,textual,coefficient,0.2124680349219623,0.2124680349219623,positive,162,85,
B_RIDGE,1,3,283,ve,textual,coefficient,0.2123671153075577,0.2123671153075577,positive,163,86,
B_RIDGE,1,3,105,gets,textual,coefficient,0.211356009011223,0.211356009011223,positive,164,87,
B_RIDGE,1,3,98,finally,textual,coefficient,0.2032173789317561,0.2032173789317561,positive,165,88,
B_RIDGE,1,3,282,usually,textual,coefficient,-0.20216484616874522,0.20216484616874522,negative,166,,78
B_RIDGE,1,3,235,small,textual,coefficient,-0.19990405335305983,0.19990405335305983,negative,167,,79
B_RIDGE,1,3,76,dopamine,textual,coefficient,0.19538745513777211,0.19538745513777211,positive,168,89,
B_RIDGE,1,3,236,social,textual,coefficient,0.19448056577750933,0.19448056577750933,positive,169,90,
B_RIDGE,1,3,85,energy,textual,coefficient,-0.19406270476780713,0.19406270476780713,negative,170,,80
B_RIDGE,1,3,180,morning,textual,coefficient,0.19359096907366047,0.19359096907366047,positive,171,91,
B_RIDGE,1,3,244,stress,textual,coefficient,-0.19324016221128512,0.19324016221128512,negative,172,,81
B_RIDGE,1,3,263,therapy,textual,coefficient,0.1861175967670712,0.1861175967670712,positive,173,92,
B_RIDGE,1,3,272,times,textual,coefficient,-0.1852845380098609,0.1852845380098609,negative,174,,82
B_RIDGE,1,3,8,adhd medication,textual,coefficient,-0.1840599874257573,0.1840599874257573,negative,175,,83
B_RIDGE,1,3,177,mental,textual,coefficient,-0.18392308811754252,0.18392308811754252,negative,176,,84
B_RIDGE,1,3,179,minutes,textual,coefficient,-0.18290870568353265,0.18290870568353265,negative,177,,85
B_RIDGE,1,3,172,mean,textual,coefficient,0.18280259734544682,0.18280259734544682,positive,178,93,
B_RIDGE,1,3,12,adult,textual,coefficient,-0.18132787938244993,0.18132787938244993,negative,179,,86
B_RIDGE,1,3,268,thinking,textual,coefficient,0.18026178808003893,0.18026178808003893,positive,180,94,
B_RIDGE,1,3,251,support,textual,coefficient,-0.1793398455809588,0.1793398455809588,negative,181,,87
B_RIDGE,1,3,30,big,textual,coefficient,0.1773662361876944,0.1773662361876944,positive,182,95,
B_RIDGE,1,3,182,music,textual,coefficient,-0.17706413050556707,0.17706413050556707,negative,183,,88
B_RIDGE,1,3,296,wrong,textual,coefficient,-0.17592477082844624,0.17592477082844624,negative,184,,89
B_RIDGE,1,3,116,harder,textual,coefficient,-0.1758317288821071,0.1758317288821071,negative,185,,90
B_RIDGE,1,3,11,adhders,textual,coefficient,0.17520959516776746,0.17520959516776746,positive,186,96,
B_RIDGE,1,3,128,hyperactivity,textual,coefficient,0.17514049544003174,0.17514049544003174,positive,187,97,
B_RIDGE,1,3,13,adults,textual,coefficient,0.17377401648239585,0.17377401648239585,positive,188,98,
B_RIDGE,1,3,77,dr,textual,coefficient,-0.1678096181016175,0.1678096181016175,negative,189,,91
B_RIDGE,1,3,226,sense,textual,coefficient,-0.1666164088448051,0.1666164088448051,negative,190,,92
B_RIDGE,1,3,84,end,textual,coefficient,-0.16270445753038582,0.16270445753038582,negative,191,,93
B_RIDGE,1,3,9,adhd people,textual,coefficient,-0.16097704784768074,0.16097704784768074,negative,192,,94
B_RIDGE,1,3,299,yes,textual,coefficient,-0.16017814223067237,0.16017814223067237,negative,193,,95
B_RIDGE,1,3,183,need,textual,coefficient,0.15395797712234152,0.15395797712234152,positive,194,99,
B_RIDGE,1,3,196,pay,textual,coefficient,0.1536090782147894,0.1536090782147894,positive,195,100,
B_RIDGE,1,3,126,hyper,textual,coefficient,-0.15244265707746824,0.15244265707746824,negative,196,,96
B_RIDGE,1,3,115,hard,textual,coefficient,-0.15226337604102122,0.15226337604102122,negative,197,,97
B_RIDGE,1,3,106,getting,textual,coefficient,0.1492209506023395,0.1492209506023395,positive,198,101,
B_RIDGE,1,3,249,stuff,textual,coefficient,0.14717527571743655,0.14717527571743655,positive,199,102,
B_RIDGE,1,3,266,things like,textual,coefficient,-0.14392287929898256,0.14392287929898256,negative,200,,98
B_RIDGE,1,3,124,higher,textual,coefficient,0.13967001694584594,0.13967001694584594,positive,201,103,
B_RIDGE,1,3,33,brain,textual,coefficient,0.139228505754881,0.139228505754881,positive,202,104,
B_RIDGE,1,3,108,going,textual,coefficient,0.13859307885037608,0.13859307885037608,positive,203,105,
B_RIDGE,1,3,48,condition,textual,coefficient,0.13846754158871802,0.13846754158871802,positive,204,106,
B_RIDGE,1,3,163,lot,textual,coefficient,0.13606504556120855,0.13606504556120855,positive,205,107,
B_RIDGE,1,3,295,worse,textual,coefficient,0.1356883515521394,0.1356883515521394,positive,206,108,
B_RIDGE,1,3,298,years,textual,coefficient,0.13472369835253156,0.13472369835253156,positive,207,109,
B_RIDGE,1,3,174,medication,textual,coefficient,0.13247438573829057,0.13247438573829057,positive,208,110,
B_RIDGE,1,3,248,study,textual,coefficient,0.13143475863326903,0.13143475863326903,positive,209,111,
B_RIDGE,1,3,32,body,textual,coefficient,-0.12757719152529196,0.12757719152529196,negative,210,,99
B_RIDGE,1,3,127,hyperactive,textual,coefficient,0.12659355643537765,0.12659355643537765,positive,211,112,
B_RIDGE,1,3,151,let,textual,coefficient,0.1261034012936824,0.1261034012936824,positive,212,113,
B_RIDGE,1,3,245,struggle,textual,coefficient,0.12423225442571394,0.12423225442571394,positive,213,114,
B_RIDGE,1,3,288,ways,textual,coefficient,-0.123887044433388,0.123887044433388,negative,214,,100
B_RIDGE,1,3,284,ve got,textual,coefficient,0.12368897605623037,0.12368897605623037,positive,215,115,
B_RIDGE,1,3,42,child,textual,coefficient,0.12197290491662739,0.12197290491662739,positive,216,116,
B_RIDGE,1,3,104,function,textual,coefficient,-0.12145913633589903,0.12145913633589903,negative,217,,101
B_RIDGE,1,3,246,struggling,textual,coefficient,-0.12102335791101934,0.12102335791101934,negative,218,,102
B_RIDGE,1,3,287,way,textual,coefficient,0.11782412329417917,0.11782412329417917,positive,219,117,
B_RIDGE,1,3,201,phone,textual,coefficient,-0.1164719745819302,0.1164719745819302,negative,220,,103
B_RIDGE,1,3,74,don,textual,coefficient,0.11531554197425246,0.11531554197425246,positive,221,118,
B_RIDGE,1,3,178,mind,textual,coefficient,-0.11522953412321418,0.11522953412321418,negative,222,,104
B_RIDGE,1,3,149,learn,textual,coefficient,0.1148675140075033,0.1148675140075033,positive,223,119,
B_RIDGE,1,3,277,type,textual,coefficient,0.11483723763815036,0.11483723763815036,positive,224,120,
B_RIDGE,1,3,91,experience,textual,coefficient,-0.11444468907122686,0.11444468907122686,negative,225,,105
B_RIDGE,1,3,175,medications,textual,coefficient,-0.11061659481731986,0.11061659481731986,negative,226,,106
B_RIDGE,1,3,118,health,textual,coefficient,0.10770878066472483,0.10770878066472483,positive,227,121,
B_RIDGE,1,3,75,don know,textual,coefficient,-0.1065530621054921,0.1065530621054921,negative,228,,107
B_RIDGE,1,3,60,diagnosis,textual,coefficient,0.10392813986555638,0.10392813986555638,positive,229,122,
B_RIDGE,1,3,39,care,textual,coefficient,0.10331445167407251,0.10331445167407251,positive,230,123,
B_RIDGE,1,3,252,sure,textual,coefficient,0.10300566068325041,0.10300566068325041,positive,231,124,
B_RIDGE,1,3,160,ll,textual,coefficient,0.1013105346566417,0.1013105346566417,positive,232,125,
B_RIDGE,1,3,10,adhd symptoms,textual,coefficient,-0.10010591033292687,0.10010591033292687,negative,233,,108
B_RIDGE,1,3,301,hedge_score,handcrafted_linguistic,coefficient,-0.0969477774171236,0.0969477774171236,negative,234,,109
B_RIDGE,1,3,14,affect,textual,coefficient,0.09495128138168014,0.09495128138168014,positive,235,126,
B_RIDGE,1,3,137,interesting,textual,coefficient,-0.09411863407509993,0.09411863407509993,negative,236,,110
B_RIDGE,1,3,51,constantly,textual,coefficient,-0.09387196502893588,0.09387196502893588,negative,237,,111
B_RIDGE,1,3,147,late,textual,coefficient,0.09266037231105413,0.09266037231105413,positive,238,127,
B_RIDGE,1,3,110,good,textual,coefficient,-0.09175016369545429,0.09175016369545429,negative,239,,112
B_RIDGE,1,3,81,eating,textual,coefficient,-0.09161510019334429,0.09161510019334429,negative,240,,113
B_RIDGE,1,3,225,self,textual,coefficient,-0.08978064993811569,0.08978064993811569,negative,241,,114
B_RIDGE,1,3,6,adhd brain,textual,coefficient,-0.08623810497336622,0.08623810497336622,negative,242,,115
B_RIDGE,1,3,240,stay,textual,coefficient,0.08586295100427516,0.08586295100427516,positive,243,128,
B_RIDGE,1,3,95,feel like,textual,coefficient,-0.08340790339694326,0.08340790339694326,negative,244,,116
B_RIDGE,1,3,250,sugar,textual,coefficient,0.08167075802852235,0.08167075802852235,positive,245,129,
B_RIDGE,1,3,96,feeling,textual,coefficient,-0.0805857538439878,0.0805857538439878,negative,246,,117
B_RIDGE,1,3,50,constant,textual,coefficient,-0.07985886021856409,0.07985886021856409,negative,247,,118
B_RIDGE,1,3,228,seven,textual,coefficient,-0.07643371199337404,0.07643371199337404,negative,248,,119
B_RIDGE,1,3,36,caffeine,textual,coefficient,-0.07367684495886308,0.07367684495886308,negative,249,,120
B_RIDGE,1,3,197,pay attention,textual,coefficient,-0.073394399113931,0.073394399113931,negative,250,,121
B_RIDGE,1,3,195,patients,textual,coefficient,-0.07188920045400045,0.07188920045400045,negative,251,,122
B_RIDGE,1,3,293,works,textual,coefficient,0.07158812167634221,0.07158812167634221,positive,252,130,
B_RIDGE,1,3,129,impact,textual,coefficient,-0.07089136205221809,0.07089136205221809,negative,253,,123
B_RIDGE,1,3,65,different,textual,coefficient,0.06826911701169806,0.06826911701169806,positive,254,131,
B_RIDGE,1,3,294,world,textual,coefficient,0.06812952253009932,0.06812952253009932,positive,255,132,
B_RIDGE,1,3,187,new,textual,coefficient,0.06702787354022538,0.06702787354022538,positive,256,133,
B_RIDGE,1,3,34,brains,textual,coefficient,-0.06607788373549302,0.06607788373549302,negative,257,,124
B_RIDGE,1,3,200,person,textual,coefficient,-0.06133976563237614,0.06133976563237614,negative,258,,125
B_RIDGE,1,3,20,attention,textual,coefficient,-0.06067340224498414,0.06067340224498414,negative,259,,126
B_RIDGE,1,3,191,okay,textual,coefficient,-0.05828988495993303,0.05828988495993303,negative,260,,127
B_RIDGE,1,3,89,executive,textual,coefficient,-0.05689072846750451,0.05689072846750451,negative,261,,128
B_RIDGE,1,3,154,life,textual,coefficient,0.056888791319123666,0.056888791319123666,positive,262,134,
B_RIDGE,1,3,69,distracted,textual,coefficient,-0.05288751225493208,0.05288751225493208,negative,263,,129
B_RIDGE,1,3,164,lot people,textual,coefficient,-0.05210345911902465,0.05210345911902465,negative,264,,130
B_RIDGE,1,3,58,diagnosed,textual,coefficient,-0.051941896532220706,0.051941896532220706,negative,265,,131
B_RIDGE,1,3,68,disorder,textual,coefficient,-0.051606256417279624,0.051606256417279624,negative,266,,132
B_RIDGE,1,3,62,didn,textual,coefficient,-0.04813309731917102,0.04813309731917102,negative,267,,133
B_RIDGE,1,3,125,hours,textual,coefficient,0.04632886448858628,0.04632886448858628,positive,268,135,
B_RIDGE,1,3,99,focus,textual,coefficient,0.04446925201328821,0.04446925201328821,positive,269,136,
B_RIDGE,1,3,93,fast,textual,coefficient,-0.044217204854539824,0.044217204854539824,negative,270,,134
B_RIDGE,1,3,97,feels,textual,coefficient,0.04370494157692965,0.04370494157692965,positive,271,137,
B_RIDGE,1,3,67,difficulty,textual,coefficient,0.042404726465675995,0.042404726465675995,positive,272,138,
B_RIDGE,1,3,239,state,textual,coefficient,0.04238451918961429,0.04238451918961429,positive,273,139,
B_RIDGE,1,3,0,10,textual,coefficient,0.042043578169423015,0.042043578169423015,positive,274,140,
B_RIDGE,1,3,44,come,textual,coefficient,0.04059113043960769,0.04059113043960769,positive,275,141,
B_RIDGE,1,3,133,inattentive,textual,coefficient,0.038528038900780694,0.038528038900780694,positive,276,142,
B_RIDGE,1,3,4,add,textual,coefficient,-0.03818479116258506,0.03818479116258506,negative,277,,135
B_RIDGE,1,3,280,use,textual,coefficient,0.035343705097493266,0.035343705097493266,positive,278,143,
B_RIDGE,1,3,71,does,textual,coefficient,-0.034112855333769516,0.034112855333769516,negative,279,,136
B_RIDGE,1,3,285,video,textual,coefficient,0.03237932774427129,0.03237932774427129,positive,280,144,
B_RIDGE,1,3,215,rejection,textual,coefficient,-0.03139360574941586,0.03139360574941586,negative,281,,137
B_RIDGE,1,3,134,increase,textual,coefficient,-0.028710102694097565,0.028710102694097565,negative,282,,138
B_RIDGE,1,3,19,ask,textual,coefficient,-0.026547529977051405,0.026547529977051405,negative,283,,139
B_RIDGE,1,3,259,tell,textual,coefficient,0.023564011224264683,0.023564011224264683,positive,284,145,
B_RIDGE,1,3,223,second,textual,coefficient,0.022584680299613587,0.022584680299613587,positive,285,146,
B_RIDGE,1,3,5,adhd,textual,coefficient,0.02057852485441684,0.02057852485441684,positive,286,147,
B_RIDGE,1,3,87,everybody,textual,coefficient,0.018956531605762033,0.018956531605762033,positive,287,148,
B_RIDGE,1,3,55,day,textual,coefficient,-0.017675724286855477,0.017675724286855477,negative,288,,140
B_RIDGE,1,3,64,difference,textual,coefficient,0.01753242758028524,0.01753242758028524,positive,289,149,
B_RIDGE,1,3,159,little bit,textual,coefficient,0.016577827283249406,0.016577827283249406,positive,290,150,
B_RIDGE,1,3,143,kind,textual,coefficient,0.015022666074489512,0.015022666074489512,positive,291,151,
B_RIDGE,1,3,270,thoughts,textual,coefficient,0.012312509126646583,0.012312509126646583,positive,292,152,
B_RIDGE,1,3,300,certainty_score,handcrafted_linguistic,coefficient,-0.009333202292850475,0.009333202292850475,negative,293,,141
B_RIDGE,1,3,78,dysfunction,textual,coefficient,-0.007568208874344839,0.007568208874344839,negative,294,,142
B_RIDGE,1,3,109,gonna,textual,coefficient,-0.006065516117537384,0.006065516117537384,negative,295,,143
B_RIDGE,1,3,267,think,textual,coefficient,-0.00527880762550629,0.00527880762550629,negative,296,,144
B_RIDGE,1,3,100,follow,textual,coefficient,0.004895120603714023,0.004895120603714023,positive,297,153,
B_RIDGE,1,3,57,depression,textual,coefficient,0.004583229600466139,0.004583229600466139,positive,298,154,
B_RIDGE,1,3,297,yeah,textual,coefficient,0.00409446395385186,0.00409446395385186,positive,299,155,
B_RIDGE,1,3,2,able,textual,coefficient,0.0029991014972300433,0.0029991014972300433,positive,300,156,
B_RIDGE,1,3,70,doctor,textual,coefficient,-0.002514739012242524,0.002514739012242524,negative,301,,145
B_RIDGE,1,3,260,tend,textual,coefficient,0.0020494794897028172,0.0020494794897028172,positive,302,157,
B_RIDGE,1,4,269,thought,textual,coefficient,0.8875680549068795,0.8875680549068795,positive,1,1,
B_RIDGE,1,4,253,symptoms,textual,coefficient,-0.8641983925452884,0.8641983925452884,negative,2,,1
B_RIDGE,1,4,295,worse,textual,coefficient,0.8433809544805294,0.8433809544805294,positive,3,2,
B_RIDGE,1,4,28,best,textual,coefficient,0.8316692962255251,0.8316692962255251,positive,4,3,
B_RIDGE,1,4,24,away,textual,coefficient,0.7902478377906805,0.7902478377906805,positive,5,4,
B_RIDGE,1,4,122,helps,textual,coefficient,0.7672626881758008,0.7672626881758008,positive,6,5,
B_RIDGE,1,4,242,stimulants,textual,coefficient,-0.7666481751878326,0.7666481751878326,negative,7,,2
B_RIDGE,1,4,244,stress,textual,coefficient,0.748362276394946,0.748362276394946,positive,8,6,
B_RIDGE,1,4,252,sure,textual,coefficient,-0.7475031253296609,0.7475031253296609,negative,9,,3
B_RIDGE,1,4,93,fast,textual,coefficient,-0.7377067567481597,0.7377067567481597,negative,10,,4
B_RIDGE,1,4,60,diagnosis,textual,coefficient,-0.7083494329505033,0.7083494329505033,negative,11,,5
B_RIDGE,1,4,23,avoid,textual,coefficient,0.7071103972802576,0.7071103972802576,positive,12,7,
B_RIDGE,1,4,85,energy,textual,coefficient,0.6983061208274217,0.6983061208274217,positive,13,8,
B_RIDGE,1,4,83,emotions,textual,coefficient,-0.6873059791503465,0.6873059791503465,negative,14,,6
B_RIDGE,1,4,45,comes,textual,coefficient,-0.6763029978116913,0.6763029978116913,negative,15,,7
B_RIDGE,1,4,234,sleep,textual,coefficient,-0.668657350513438,0.668657350513438,negative,16,,8
B_RIDGE,1,4,271,time,textual,coefficient,-0.6605280381417471,0.6605280381417471,negative,17,,9
B_RIDGE,1,4,40,certain,textual,coefficient,-0.6537566208276749,0.6537566208276749,negative,18,,10
B_RIDGE,1,4,25,bad,textual,coefficient,-0.6434400385716655,0.6434400385716655,negative,19,,11
B_RIDGE,1,4,35,burnout,textual,coefficient,0.6368958421929019,0.6368958421929019,positive,20,9,
B_RIDGE,1,4,231,signs,textual,coefficient,-0.6234742429468669,0.6234742429468669,negative,21,,12
B_RIDGE,1,4,254,taking,textual,coefficient,-0.6220615793876733,0.6220615793876733,negative,22,,13
B_RIDGE,1,4,127,hyperactive,textual,coefficient,-0.6105262535730149,0.6105262535730149,negative,23,,14
B_RIDGE,1,4,270,thoughts,textual,coefficient,-0.6074502309347037,0.6074502309347037,negative,24,,15
B_RIDGE,1,4,70,doctor,textual,coefficient,-0.6068777078662536,0.6068777078662536,negative,25,,16
B_RIDGE,1,4,109,gonna,textual,coefficient,0.6068073084749863,0.6068073084749863,positive,26,10,
B_RIDGE,1,4,193,overwhelmed,textual,coefficient,-0.6046358641008881,0.6046358641008881,negative,27,,17
B_RIDGE,1,4,76,dopamine,textual,coefficient,0.5842415209283351,0.5842415209283351,positive,28,11,
B_RIDGE,1,4,178,mind,textual,coefficient,0.5829788805588199,0.5829788805588199,positive,29,12,
B_RIDGE,1,4,174,medication,textual,coefficient,-0.566049398822697,0.566049398822697,negative,30,,18
B_RIDGE,1,4,49,consequences,textual,coefficient,0.5438374213973767,0.5438374213973767,positive,31,13,
B_RIDGE,1,4,131,impulsive,textual,coefficient,-0.5376637179138689,0.5376637179138689,negative,32,,19
B_RIDGE,1,4,239,state,textual,coefficient,0.5268578804871737,0.5268578804871737,positive,33,14,
B_RIDGE,1,4,185,nervous,textual,coefficient,0.5233878588696845,0.5233878588696845,positive,34,15,
B_RIDGE,1,4,88,example,textual,coefficient,-0.519270833051106,0.519270833051106,negative,35,,20
B_RIDGE,1,4,98,finally,textual,coefficient,-0.5144932585024861,0.5144932585024861,negative,36,,21
B_RIDGE,1,4,63,diet,textual,coefficient,-0.5115015656229048,0.5115015656229048,negative,37,,22
B_RIDGE,1,4,282,usually,textual,coefficient,-0.5100527881793759,0.5100527881793759,negative,38,,23
B_RIDGE,1,4,66,differently,textual,coefficient,-0.5092766168950251,0.5092766168950251,negative,39,,24
B_RIDGE,1,4,67,difficulty,textual,coefficient,-0.5080493571476338,0.5080493571476338,negative,40,,25
B_RIDGE,1,4,34,brains,textual,coefficient,0.5048416665681159,0.5048416665681159,positive,41,16,
B_RIDGE,1,4,3,actually,textual,coefficient,0.5029806998979095,0.5029806998979095,positive,42,17,
B_RIDGE,1,4,154,life,textual,coefficient,0.4973330795989615,0.4973330795989615,positive,43,18,
B_RIDGE,1,4,243,stop,textual,coefficient,0.4965686809946526,0.4965686809946526,positive,44,19,
B_RIDGE,1,4,112,great,textual,coefficient,0.49422018622217734,0.49422018622217734,positive,45,20,
B_RIDGE,1,4,108,going,textual,coefficient,0.48611086816729915,0.48611086816729915,positive,46,21,
B_RIDGE,1,4,211,really,textual,coefficient,-0.47667230933977783,0.47667230933977783,negative,47,,26
B_RIDGE,1,4,218,research,textual,coefficient,0.47436724952201276,0.47436724952201276,positive,48,22,
B_RIDGE,1,4,256,talking,textual,coefficient,-0.4740359510643308,0.4740359510643308,negative,49,,27
B_RIDGE,1,4,283,ve,textual,coefficient,0.4729993358573073,0.4729993358573073,positive,50,23,
B_RIDGE,1,4,181,motivation,textual,coefficient,0.4699764204288101,0.4699764204288101,positive,51,24,
B_RIDGE,1,4,296,wrong,textual,coefficient,0.4669725868468854,0.4669725868468854,positive,52,25,
B_RIDGE,1,4,276,trying,textual,coefficient,-0.4621349348947254,0.4621349348947254,negative,53,,28
B_RIDGE,1,4,10,adhd symptoms,textual,coefficient,-0.4612355060039304,0.4612355060039304,negative,54,,29
B_RIDGE,1,4,260,tend,textual,coefficient,0.4598104703038541,0.4598104703038541,positive,55,26,
B_RIDGE,1,4,220,say,textual,coefficient,0.45649652846663796,0.45649652846663796,positive,56,27,
B_RIDGE,1,4,268,thinking,textual,coefficient,-0.4531171733077623,0.4531171733077623,negative,57,,30
B_RIDGE,1,4,229,shame,textual,coefficient,0.4505914665192552,0.4505914665192552,positive,58,28,
B_RIDGE,1,4,209,protein,textual,coefficient,-0.4469207475956733,0.4469207475956733,negative,59,,31
B_RIDGE,1,4,118,health,textual,coefficient,0.44554347297355384,0.44554347297355384,positive,60,29,
B_RIDGE,1,4,187,new,textual,coefficient,0.4393391322178464,0.4393391322178464,positive,61,30,
B_RIDGE,1,4,90,exercise,textual,coefficient,0.43609116576732887,0.43609116576732887,positive,62,31,
B_RIDGE,1,4,232,single,textual,coefficient,0.4358182608990929,0.4358182608990929,positive,63,32,
B_RIDGE,1,4,148,later,textual,coefficient,0.4315928004604814,0.4315928004604814,positive,64,33,
B_RIDGE,1,4,20,attention,textual,coefficient,-0.4292807591518831,0.4292807591518831,negative,65,,32
B_RIDGE,1,4,0,10,textual,coefficient,0.42816840049811,0.42816840049811,positive,66,34,
B_RIDGE,1,4,38,calm,textual,coefficient,0.42731490896318486,0.42731490896318486,positive,67,35,
B_RIDGE,1,4,190,oh,textual,coefficient,-0.4221879363983736,0.4221879363983736,negative,68,,33
B_RIDGE,1,4,166,low,textual,coefficient,0.4191082470608358,0.4191082470608358,positive,69,36,
B_RIDGE,1,4,114,happens,textual,coefficient,-0.4183522836346817,0.4183522836346817,negative,70,,34
B_RIDGE,1,4,137,interesting,textual,coefficient,0.41791100378735613,0.41791100378735613,positive,71,37,
B_RIDGE,1,4,182,music,textual,coefficient,-0.41203425713739694,0.41203425713739694,negative,72,,35
B_RIDGE,1,4,62,didn,textual,coefficient,0.409994516816447,0.409994516816447,positive,73,38,
B_RIDGE,1,4,183,need,textual,coefficient,0.40809789426670223,0.40809789426670223,positive,74,39,
B_RIDGE,1,4,133,inattentive,textual,coefficient,-0.4073501292477184,0.4073501292477184,negative,75,,36
B_RIDGE,1,4,274,trouble,textual,coefficient,-0.40567149962995364,0.40567149962995364,negative,76,,37
B_RIDGE,1,4,58,diagnosed,textual,coefficient,-0.40562201183814084,0.40562201183814084,negative,77,,38
B_RIDGE,1,4,173,means,textual,coefficient,0.4032431832972736,0.4032431832972736,positive,78,40,
B_RIDGE,1,4,64,difference,textual,coefficient,-0.395866270469698,0.395866270469698,negative,79,,39
B_RIDGE,1,4,55,day,textual,coefficient,0.3946831225259063,0.3946831225259063,positive,80,41,
B_RIDGE,1,4,171,maybe,textual,coefficient,0.3936996553822237,0.3936996553822237,positive,81,42,
B_RIDGE,1,4,179,minutes,textual,coefficient,-0.39311409381401935,0.39311409381401935,negative,82,,40
B_RIDGE,1,4,163,lot,textual,coefficient,0.3912445667847384,0.3912445667847384,positive,83,43,
B_RIDGE,1,4,52,control,textual,coefficient,-0.3906747382287215,0.3906747382287215,negative,84,,41
B_RIDGE,1,4,115,hard,textual,coefficient,-0.39049930349173795,0.39049930349173795,negative,85,,42
B_RIDGE,1,4,77,dr,textual,coefficient,-0.38745860973518464,0.38745860973518464,negative,86,,43
B_RIDGE,1,4,101,food,textual,coefficient,-0.3871223974137243,0.3871223974137243,negative,87,,44
B_RIDGE,1,4,281,using,textual,coefficient,-0.383572472338574,0.383572472338574,negative,88,,45
B_RIDGE,1,4,13,adults,textual,coefficient,-0.37910531825884103,0.37910531825884103,negative,89,,46
B_RIDGE,1,4,248,study,textual,coefficient,-0.3773951481123778,0.3773951481123778,negative,90,,47
B_RIDGE,1,4,92,fact,textual,coefficient,0.3718261692336991,0.3718261692336991,positive,91,44,
B_RIDGE,1,4,176,memory,textual,coefficient,-0.3713118153806812,0.3713118153806812,negative,92,,48
B_RIDGE,1,4,91,experience,textual,coefficient,-0.3661646974803748,0.3661646974803748,negative,93,,49
B_RIDGE,1,4,7,adhd brains,textual,coefficient,0.36404987894398416,0.36404987894398416,positive,94,45,
B_RIDGE,1,4,284,ve got,textual,coefficient,0.3639944930347639,0.3639944930347639,positive,95,46,
B_RIDGE,1,4,123,high,textual,coefficient,0.3635972913275505,0.3635972913275505,positive,96,47,
B_RIDGE,1,4,128,hyperactivity,textual,coefficient,-0.3620336431362175,0.3620336431362175,negative,97,,50
B_RIDGE,1,4,11,adhders,textual,coefficient,0.36141522293838435,0.36141522293838435,positive,98,48,
B_RIDGE,1,4,275,try,textual,coefficient,0.3503061097492669,0.3503061097492669,positive,99,49,
B_RIDGE,1,4,257,task,textual,coefficient,0.34990799679519874,0.34990799679519874,positive,100,50,
B_RIDGE,1,4,299,yes,textual,coefficient,-0.3488736816316055,0.3488736816316055,negative,101,,51
B_RIDGE,1,4,213,regulate,textual,coefficient,-0.3478009061770531,0.3478009061770531,negative,102,,52
B_RIDGE,1,4,210,real,textual,coefficient,-0.34650029176334773,0.34650029176334773,negative,103,,53
B_RIDGE,1,4,290,work,textual,coefficient,0.34381408832578975,0.34381408832578975,positive,104,51,
B_RIDGE,1,4,12,adult,textual,coefficient,-0.3432423217535359,0.3432423217535359,negative,105,,54
B_RIDGE,1,4,99,focus,textual,coefficient,0.3410137507394028,0.3410137507394028,positive,106,52,
B_RIDGE,1,4,201,phone,textual,coefficient,0.3409348636393855,0.3409348636393855,positive,107,53,
B_RIDGE,1,4,222,school,textual,coefficient,-0.33822269798088805,0.33822269798088805,negative,108,,55
B_RIDGE,1,4,16,anger,textual,coefficient,-0.33385669434957094,0.33385669434957094,negative,109,,56
B_RIDGE,1,4,141,just,textual,coefficient,0.3292869397627268,0.3292869397627268,positive,110,54,
B_RIDGE,1,4,113,gut,textual,coefficient,-0.3236515007508711,0.3236515007508711,negative,111,,57
B_RIDGE,1,4,224,seen,textual,coefficient,-0.32053264840755047,0.32053264840755047,negative,112,,58
B_RIDGE,1,4,233,sit,textual,coefficient,0.3110208615074791,0.3110208615074791,positive,113,55,
B_RIDGE,1,4,22,autism,textual,coefficient,-0.30897043280139097,0.30897043280139097,negative,114,,59
B_RIDGE,1,4,42,child,textual,coefficient,0.30694923806811353,0.30694923806811353,positive,115,56,
B_RIDGE,1,4,87,everybody,textual,coefficient,-0.30432133617315893,0.30432133617315893,negative,116,,60
B_RIDGE,1,4,47,completely,textual,coefficient,0.3035515449079828,0.3035515449079828,positive,117,57,
B_RIDGE,1,4,291,working,textual,coefficient,0.3028019788012728,0.3028019788012728,positive,118,58,
B_RIDGE,1,4,246,struggling,textual,coefficient,-0.29675661333097897,0.29675661333097897,negative,119,,61
B_RIDGE,1,4,165,love,textual,coefficient,0.29436942919309805,0.29436942919309805,positive,120,59,
B_RIDGE,1,4,120,help,textual,coefficient,0.2927874777529952,0.2927874777529952,positive,121,60,
B_RIDGE,1,4,225,self,textual,coefficient,0.29244757607239,0.29244757607239,positive,122,61,
B_RIDGE,1,4,139,issues,textual,coefficient,-0.28566377048725367,0.28566377048725367,negative,123,,62
B_RIDGE,1,4,175,medications,textual,coefficient,-0.2836481955919548,0.2836481955919548,negative,124,,63
B_RIDGE,1,4,151,let,textual,coefficient,-0.2803499674078645,0.2803499674078645,negative,125,,64
B_RIDGE,1,4,212,reason,textual,coefficient,0.28007709459654234,0.28007709459654234,positive,126,62,
B_RIDGE,1,4,36,caffeine,textual,coefficient,0.2781475819540679,0.2781475819540679,positive,127,63,
B_RIDGE,1,4,287,way,textual,coefficient,-0.2776928839075269,0.2776928839075269,negative,128,,65
B_RIDGE,1,4,216,relationships,textual,coefficient,-0.2763464492639543,0.2763464492639543,negative,129,,66
B_RIDGE,1,4,136,instead,textual,coefficient,-0.27323608226016777,0.27323608226016777,negative,130,,67
B_RIDGE,1,4,289,women,textual,coefficient,-0.2726958953271166,0.2726958953271166,negative,131,,68
B_RIDGE,1,4,61,did,textual,coefficient,0.26848927457777416,0.26848927457777416,positive,132,64,
B_RIDGE,1,4,48,condition,textual,coefficient,-0.2581463208899548,0.2581463208899548,negative,133,,69
B_RIDGE,1,4,142,kids,textual,coefficient,0.2557593293250379,0.2557593293250379,positive,134,65,
B_RIDGE,1,4,262,test,textual,coefficient,-0.25569352997595535,0.25569352997595535,negative,135,,70
B_RIDGE,1,4,172,mean,textual,coefficient,-0.2515904124047257,0.2515904124047257,negative,136,,71
B_RIDGE,1,4,46,common,textual,coefficient,-0.24562085399577713,0.24562085399577713,negative,137,,72
B_RIDGE,1,4,103,forget,textual,coefficient,-0.2427901282210203,0.2427901282210203,negative,138,,73
B_RIDGE,1,4,146,lack,textual,coefficient,0.23990552606560656,0.23990552606560656,positive,139,66,
B_RIDGE,1,4,39,care,textual,coefficient,-0.23938783337126657,0.23938783337126657,negative,140,,74
B_RIDGE,1,4,237,start,textual,coefficient,-0.23868736068810378,0.23868736068810378,negative,141,,75
B_RIDGE,1,4,6,adhd brain,textual,coefficient,0.23824720522801812,0.23824720522801812,positive,142,67,
B_RIDGE,1,4,29,better,textual,coefficient,-0.23621969568633855,0.23621969568633855,negative,143,,76
B_RIDGE,1,4,286,want,textual,coefficient,-0.2339597722095128,0.2339597722095128,negative,144,,77
B_RIDGE,1,4,129,impact,textual,coefficient,0.23372710567262242,0.23372710567262242,positive,145,68,
B_RIDGE,1,4,155,like,textual,coefficient,0.23241835840421407,0.23241835840421407,positive,146,69,
B_RIDGE,1,4,292,working memory,textual,coefficient,-0.22977212409888847,0.22977212409888847,negative,147,,78
B_RIDGE,1,4,230,short,textual,coefficient,-0.22877855533340596,0.22877855533340596,negative,148,,79
B_RIDGE,1,4,33,brain,textual,coefficient,0.22743902213083023,0.22743902213083023,positive,149,70,
B_RIDGE,1,4,152,level,textual,coefficient,-0.22736240713736644,0.22736240713736644,negative,150,,80
B_RIDGE,1,4,217,remember,textual,coefficient,-0.2232095086361266,0.2232095086361266,negative,151,,81
B_RIDGE,1,4,78,dysfunction,textual,coefficient,0.22296326438321273,0.22296326438321273,positive,152,71,
B_RIDGE,1,4,111,got,textual,coefficient,0.22258921780628727,0.22258921780628727,positive,153,72,
B_RIDGE,1,4,221,saying,textual,coefficient,0.22098858154080653,0.22098858154080653,positive,154,73,
B_RIDGE,1,4,145,know adhd,textual,coefficient,-0.21851593227722493,0.21851593227722493,negative,155,,82
B_RIDGE,1,4,97,feels,textual,coefficient,0.21628332674494283,0.21628332674494283,positive,156,74,
B_RIDGE,1,4,41,change,textual,coefficient,0.21425768090818414,0.21425768090818414,positive,157,75,
B_RIDGE,1,4,189,number,textual,coefficient,0.21344272277696388,0.21344272277696388,positive,158,76,
B_RIDGE,1,4,8,adhd medication,textual,coefficient,-0.21319812262965016,0.21319812262965016,negative,159,,83
B_RIDGE,1,4,223,second,textual,coefficient,-0.2116307766233251,0.2116307766233251,negative,160,,84
B_RIDGE,1,4,79,easily,textual,coefficient,0.20718858885730304,0.20718858885730304,positive,161,77,
B_RIDGE,1,4,235,small,textual,coefficient,0.20585532760687775,0.20585532760687775,positive,162,78,
B_RIDGE,1,4,219,right,textual,coefficient,0.20357560733415211,0.20357560733415211,positive,163,79,
B_RIDGE,1,4,80,eat,textual,coefficient,0.2025646270380457,0.2025646270380457,positive,164,80,
B_RIDGE,1,4,134,increase,textual,coefficient,-0.20238121909257079,0.20238121909257079,negative,165,,85
B_RIDGE,1,4,27,behavior,textual,coefficient,0.20129417274336,0.20129417274336,positive,166,81,
B_RIDGE,1,4,157,literally,textual,coefficient,0.20100822868991647,0.20100822868991647,positive,167,82,
B_RIDGE,1,4,100,follow,textual,coefficient,0.20088193141162636,0.20088193141162636,positive,168,83,
B_RIDGE,1,4,96,feeling,textual,coefficient,-0.19813027829959298,0.19813027829959298,negative,169,,86
B_RIDGE,1,4,228,seven,textual,coefficient,-0.19230603081354952,0.19230603081354952,negative,170,,87
B_RIDGE,1,4,192,order,textual,coefficient,0.19227418453929723,0.19227418453929723,positive,171,84,
B_RIDGE,1,4,30,big,textual,coefficient,-0.1909086037790768,0.1909086037790768,negative,172,,88
B_RIDGE,1,4,238,starting,textual,coefficient,-0.19036551004779803,0.19036551004779803,negative,173,,89
B_RIDGE,1,4,297,yeah,textual,coefficient,0.1875903504927071,0.1875903504927071,positive,174,85,
B_RIDGE,1,4,50,constant,textual,coefficient,0.18647219131549406,0.18647219131549406,positive,175,86,
B_RIDGE,1,4,104,function,textual,coefficient,0.1840468245711341,0.1840468245711341,positive,176,87,
B_RIDGE,1,4,4,add,textual,coefficient,0.18323852977232746,0.18323852977232746,positive,177,88,
B_RIDGE,1,4,9,adhd people,textual,coefficient,0.17956610871523704,0.17956610871523704,positive,178,89,
B_RIDGE,1,4,184,needs,textual,coefficient,0.17699891083720462,0.17699891083720462,positive,179,90,
B_RIDGE,1,4,94,feel,textual,coefficient,0.17670256062349632,0.17670256062349632,positive,180,91,
B_RIDGE,1,4,17,anxiety,textual,coefficient,0.17576428095020583,0.17576428095020583,positive,181,92,
B_RIDGE,1,4,74,don,textual,coefficient,0.1709285197105707,0.1709285197105707,positive,182,93,
B_RIDGE,1,4,279,understand,textual,coefficient,-0.1678813501890763,0.1678813501890763,negative,183,,90
B_RIDGE,1,4,43,children,textual,coefficient,0.167749562329595,0.167749562329595,positive,184,94,
B_RIDGE,1,4,132,impulsivity,textual,coefficient,-0.16708773732221513,0.16708773732221513,negative,185,,91
B_RIDGE,1,4,125,hours,textual,coefficient,-0.1634838699465255,0.1634838699465255,negative,186,,92
B_RIDGE,1,4,267,think,textual,coefficient,-0.16185056086230842,0.16185056086230842,negative,187,,93
B_RIDGE,1,4,226,sense,textual,coefficient,0.15868914310650642,0.15868914310650642,positive,188,95,
B_RIDGE,1,4,69,distracted,textual,coefficient,-0.1577264985289354,0.1577264985289354,negative,189,,94
B_RIDGE,1,4,71,does,textual,coefficient,-0.1575924006842272,0.1575924006842272,negative,190,,95
B_RIDGE,1,4,75,don know,textual,coefficient,0.15566200574705175,0.15566200574705175,positive,191,96,
B_RIDGE,1,4,258,tasks,textual,coefficient,-0.15298154209407447,0.15298154209407447,negative,192,,96
B_RIDGE,1,4,251,support,textual,coefficient,0.15238925170305762,0.15238925170305762,positive,193,97,
B_RIDGE,1,4,204,point,textual,coefficient,-0.15167576402386787,0.15167576402386787,negative,194,,97
B_RIDGE,1,4,170,making,textual,coefficient,0.14966309343909018,0.14966309343909018,positive,195,98,
B_RIDGE,1,4,298,years,textual,coefficient,0.14454781302746225,0.14454781302746225,positive,196,99,
B_RIDGE,1,4,188,normal,textual,coefficient,0.14356870309780673,0.14356870309780673,positive,197,100,
B_RIDGE,1,4,53,cortex,textual,coefficient,-0.14356840147275182,0.14356840147275182,negative,198,,98
B_RIDGE,1,4,54,create,textual,coefficient,-0.14337781828068719,0.14337781828068719,negative,199,,99
B_RIDGE,1,4,65,different,textual,coefficient,0.14302415856879946,0.14302415856879946,positive,200,101,
B_RIDGE,1,4,240,stay,textual,coefficient,-0.1420140742975027,0.1420140742975027,negative,201,,100
B_RIDGE,1,4,56,deficit,textual,coefficient,0.13960791373670586,0.13960791373670586,positive,202,102,
B_RIDGE,1,4,150,learning,textual,coefficient,-0.13582236297443956,0.13582236297443956,negative,203,,101
B_RIDGE,1,4,135,information,textual,coefficient,0.1352579638537771,0.1352579638537771,positive,204,103,
B_RIDGE,1,4,288,ways,textual,coefficient,-0.1350214426239674,0.1350214426239674,negative,205,,102
B_RIDGE,1,4,194,pain,textual,coefficient,-0.13402087147719152,0.13402087147719152,negative,206,,103
B_RIDGE,1,4,86,especially,textual,coefficient,0.13399635514475938,0.13399635514475938,positive,207,104,
B_RIDGE,1,4,215,rejection,textual,coefficient,-0.13057545980913568,0.13057545980913568,negative,208,,104
B_RIDGE,1,4,44,come,textual,coefficient,0.12975531385819275,0.12975531385819275,positive,209,105,
B_RIDGE,1,4,293,works,textual,coefficient,-0.1290933421479859,0.1290933421479859,negative,210,,105
B_RIDGE,1,4,84,end,textual,coefficient,0.12612794876999128,0.12612794876999128,positive,211,106,
B_RIDGE,1,4,241,stimulant,textual,coefficient,-0.12593456295234523,0.12593456295234523,negative,212,,106
B_RIDGE,1,4,208,problems,textual,coefficient,-0.12513266037856235,0.12513266037856235,negative,213,,107
B_RIDGE,1,4,144,know,textual,coefficient,0.12143412249592932,0.12143412249592932,positive,214,107,
B_RIDGE,1,4,149,learn,textual,coefficient,-0.12097529848057517,0.12097529848057517,negative,215,,108
B_RIDGE,1,4,31,bit,textual,coefficient,-0.12038227905118078,0.12038227905118078,negative,216,,109
B_RIDGE,1,4,265,things,textual,coefficient,-0.12017515352563012,0.12017515352563012,negative,217,,110
B_RIDGE,1,4,285,video,textual,coefficient,-0.11607664037007584,0.11607664037007584,negative,218,,111
B_RIDGE,1,4,72,doesn,textual,coefficient,-0.11601712356649924,0.11601712356649924,negative,219,,112
B_RIDGE,1,4,81,eating,textual,coefficient,-0.11311707561934746,0.11311707561934746,negative,220,,113
B_RIDGE,1,4,191,okay,textual,coefficient,0.11142754393663336,0.11142754393663336,positive,221,108,
B_RIDGE,1,4,261,term,textual,coefficient,-0.1079248222324206,0.1079248222324206,negative,222,,114
B_RIDGE,1,4,32,body,textual,coefficient,0.10751230480574135,0.10751230480574135,positive,223,109,
B_RIDGE,1,4,37,called,textual,coefficient,0.10744533277721964,0.10744533277721964,positive,224,110,
B_RIDGE,1,4,138,isn,textual,coefficient,-0.10466066633555687,0.10466066633555687,negative,225,,115
B_RIDGE,1,4,124,higher,textual,coefficient,-0.10424594719795349,0.10424594719795349,negative,226,,116
B_RIDGE,1,4,160,ll,textual,coefficient,-0.10394845662779514,0.10394845662779514,negative,227,,117
B_RIDGE,1,4,168,make,textual,coefficient,0.1033826070585101,0.1033826070585101,positive,228,111,
B_RIDGE,1,4,180,morning,textual,coefficient,0.1023551576339862,0.1023551576339862,positive,229,112,
B_RIDGE,1,4,177,mental,textual,coefficient,-0.10193713612874923,0.10193713612874923,negative,230,,118
B_RIDGE,1,4,202,physical,textual,coefficient,-0.09995422924605055,0.09995422924605055,negative,231,,119
B_RIDGE,1,4,247,studies,textual,coefficient,0.09565254757054426,0.09565254757054426,positive,232,113,
B_RIDGE,1,4,259,tell,textual,coefficient,0.09212451225078859,0.09212451225078859,positive,233,114,
B_RIDGE,1,4,2,able,textual,coefficient,-0.08665968614911645,0.08665968614911645,negative,234,,120
B_RIDGE,1,4,200,person,textual,coefficient,-0.08467076870016342,0.08467076870016342,negative,235,,121
B_RIDGE,1,4,119,hear,textual,coefficient,0.08306165312608281,0.08306165312608281,positive,236,115,
B_RIDGE,1,4,126,hyper,textual,coefficient,0.08202482231961288,0.08202482231961288,positive,237,116,
B_RIDGE,1,4,89,executive,textual,coefficient,-0.08082636164872918,0.08082636164872918,negative,238,,122
B_RIDGE,1,4,15,alcohol,textual,coefficient,-0.07527931799545312,0.07527931799545312,negative,239,,123
B_RIDGE,1,4,5,adhd,textual,coefficient,-0.07276202551464178,0.07276202551464178,negative,240,,124
B_RIDGE,1,4,186,neurotypical,textual,coefficient,0.07069845749632439,0.07069845749632439,positive,241,117,
B_RIDGE,1,4,294,world,textual,coefficient,-0.06898112680750364,0.06898112680750364,negative,242,,125
B_RIDGE,1,4,130,important,textual,coefficient,-0.06365767371816505,0.06365767371816505,negative,243,,126
B_RIDGE,1,4,110,good,textual,coefficient,-0.06293953332914398,0.06293953332914398,negative,244,,127
B_RIDGE,1,4,266,things like,textual,coefficient,-0.061683990272881,0.061683990272881,negative,245,,128
B_RIDGE,1,4,245,struggle,textual,coefficient,-0.061549022635202996,0.061549022635202996,negative,246,,129
B_RIDGE,1,4,264,thing,textual,coefficient,0.058617114661370325,0.058617114661370325,positive,247,118,
B_RIDGE,1,4,153,levels,textual,coefficient,-0.05801566863294229,0.05801566863294229,negative,248,,130
B_RIDGE,1,4,26,based,textual,coefficient,0.05781269052452064,0.05781269052452064,positive,249,119,
B_RIDGE,1,4,95,feel like,textual,coefficient,0.057459884749282666,0.057459884749282666,positive,250,120,
B_RIDGE,1,4,51,constantly,textual,coefficient,0.057203581136446066,0.057203581136446066,positive,251,121,
B_RIDGE,1,4,167,lower,textual,coefficient,-0.056683533433393524,0.056683533433393524,negative,252,,131
B_RIDGE,1,4,59,diagnosed adhd,textual,coefficient,-0.0565673334251192,0.0565673334251192,negative,253,,132
B_RIDGE,1,4,21,attention deficit,textual,coefficient,0.05485092618255236,0.05485092618255236,positive,254,122,
B_RIDGE,1,4,140,job,textual,coefficient,0.054361437507138635,0.054361437507138635,positive,255,123,
B_RIDGE,1,4,272,times,textual,coefficient,-0.052900040350428924,0.052900040350428924,negative,256,,133
B_RIDGE,1,4,195,patients,textual,coefficient,-0.05192894724182238,0.05192894724182238,negative,257,,134
B_RIDGE,1,4,280,use,textual,coefficient,-0.05115022607376493,0.05115022607376493,negative,258,,135
B_RIDGE,1,4,156,likely,textual,coefficient,-0.05099026137281531,0.05099026137281531,negative,259,,136
B_RIDGE,1,4,273,treatment,textual,coefficient,-0.05084966430749802,0.05084966430749802,negative,260,,137
B_RIDGE,1,4,116,harder,textual,coefficient,0.04946460014970869,0.04946460014970869,positive,261,124,
B_RIDGE,1,4,206,probably,textual,coefficient,0.048085791261218196,0.048085791261218196,positive,262,125,
B_RIDGE,1,4,14,affect,textual,coefficient,-0.04792467489391413,0.04792467489391413,negative,263,,138
B_RIDGE,1,4,158,little,textual,coefficient,0.047638739222188156,0.047638739222188156,positive,264,126,
B_RIDGE,1,4,255,talk,textual,coefficient,0.046882083422505924,0.046882083422505924,positive,265,127,
B_RIDGE,1,4,161,long,textual,coefficient,-0.04600022169413595,0.04600022169413595,negative,266,,139
B_RIDGE,1,4,121,helpful,textual,coefficient,0.04444579407363577,0.04444579407363577,positive,267,128,
B_RIDGE,1,4,106,getting,textual,coefficient,0.044345554313468476,0.044345554313468476,positive,268,129,
B_RIDGE,1,4,162,look,textual,coefficient,-0.04360117375111797,0.04360117375111797,negative,269,,140
B_RIDGE,1,4,105,gets,textual,coefficient,-0.041877754388455694,0.041877754388455694,negative,270,,141
B_RIDGE,1,4,227,sensitive,textual,coefficient,-0.04134930990326106,0.04134930990326106,negative,271,,142
B_RIDGE,1,4,205,prefrontal cortex,textual,coefficient,-0.04130481094815796,0.04130481094815796,negative,272,,143
B_RIDGE,1,4,19,ask,textual,coefficient,0.04096261322876935,0.04096261322876935,positive,273,130,
B_RIDGE,1,4,300,certainty_score,handcrafted_linguistic,coefficient,0.04070645412933697,0.04070645412933697,positive,274,131,
B_RIDGE,1,4,301,hedge_score,handcrafted_linguistic,coefficient,-0.0396733429955578,0.0396733429955578,negative,275,,144
B_RIDGE,1,4,82,emotional,textual,coefficient,-0.03810780294761479,0.03810780294761479,negative,276,,145
B_RIDGE,1,4,68,disorder,textual,coefficient,0.038098631179269066,0.038098631179269066,positive,277,132,
B_RIDGE,1,4,236,social,textual,coefficient,0.03638654379580028,0.03638654379580028,positive,278,133,
B_RIDGE,1,4,159,little bit,textual,coefficient,0.0360948990523165,0.0360948990523165,positive,279,134,
B_RIDGE,1,4,117,having,textual,coefficient,0.03407599332137361,0.03407599332137361,positive,280,135,
B_RIDGE,1,4,169,makes,textual,coefficient,-0.031839438248542476,0.031839438248542476,negative,281,,146
B_RIDGE,1,4,198,people,textual,coefficient,-0.027006268401996027,0.027006268401996027,negative,282,,147
B_RIDGE,1,4,250,sugar,textual,coefficient,0.02352165029089951,0.02352165029089951,positive,283,136,
B_RIDGE,1,4,214,regulation,textual,coefficient,-0.022920351332821956,0.022920351332821956,negative,284,,148
B_RIDGE,1,4,18,aren,textual,coefficient,-0.0207499665988926,0.0207499665988926,negative,285,,149
B_RIDGE,1,4,57,depression,textual,coefficient,0.019612519342101606,0.019612519342101606,positive,286,137,
B_RIDGE,1,4,263,therapy,textual,coefficient,-0.019310418318364615,0.019310418318364615,negative,287,,150
B_RIDGE,1,4,147,late,textual,coefficient,-0.01814696418675397,0.01814696418675397,negative,288,,151
B_RIDGE,1,4,143,kind,textual,coefficient,-0.017654149043641237,0.017654149043641237,negative,289,,152
B_RIDGE,1,4,249,stuff,textual,coefficient,-0.017349265316727033,0.017349265316727033,negative,290,,153
B_RIDGE,1,4,107,goes,textual,coefficient,0.014649700315477108,0.014649700315477108,positive,291,138,
B_RIDGE,1,4,207,problem,textual,coefficient,0.013145111409394932,0.013145111409394932,positive,292,139,
B_RIDGE,1,4,196,pay,textual,coefficient,0.012960364770301831,0.012960364770301831,positive,293,140,
B_RIDGE,1,4,73,doing,textual,coefficient,0.008526872437697312,0.008526872437697312,positive,294,141,
B_RIDGE,1,4,197,pay attention,textual,coefficient,-0.007624834170712674,0.007624834170712674,negative,295,,154
B_RIDGE,1,4,1,ability,textual,coefficient,0.007402145111674101,0.007402145111674101,positive,296,142,
B_RIDGE,1,4,102,foods,textual,coefficient,-0.007145272247173961,0.007145272247173961,negative,297,,155
B_RIDGE,1,4,199,people adhd,textual,coefficient,-0.005782185821368232,0.005782185821368232,negative,298,,156
B_RIDGE,1,4,278,typically,textual,coefficient,-0.005041668390024449,0.005041668390024449,negative,299,,157
B_RIDGE,1,4,277,type,textual,coefficient,0.003884675709434083,0.003884675709434083,positive,300,143,
B_RIDGE,1,4,164,lot people,textual,coefficient,0.0028658327604763507,0.0028658327604763507,positive,301,144,
B_RIDGE,1,4,203,place,textual,coefficient,-0.0021286708619134456,0.0021286708619134456,negative,302,,158
B_RIDGE,2,1,257,tasks,textual,coefficient,1.0715496828947377,1.0715496828947377,positive,1,1,
B_RIDGE,2,1,270,time,textual,coefficient,-0.9203358034275494,0.9203358034275494,negative,2,,1
B_RIDGE,2,1,119,higher,textual,coefficient,0.9024942157824143,0.9024942157824143,positive,3,2,
B_RIDGE,2,1,112,having,textual,coefficient,0.89127318955497,0.89127318955497,positive,4,3,
B_RIDGE,2,1,252,symptoms,textual,coefficient,0.8803534016743902,0.8803534016743902,positive,5,4,
B_RIDGE,2,1,178,music,textual,coefficient,0.8543579434141414,0.8543579434141414,positive,6,5,
B_RIDGE,2,1,275,type,textual,coefficient,-0.8470778101596448,0.8470778101596448,negative,7,,2
B_RIDGE,2,1,131,instead,textual,coefficient,0.8317029321456911,0.8317029321456911,positive,8,6,
B_RIDGE,2,1,128,impulsivity,textual,coefficient,0.8025032549991057,0.8025032549991057,positive,9,7,
B_RIDGE,2,1,239,stimulant,textual,coefficient,0.7816629600652452,0.7816629600652452,positive,10,8,
B_RIDGE,2,1,250,support,textual,coefficient,0.7461712836911587,0.7461712836911587,positive,11,9,
B_RIDGE,2,1,222,sensitivity,textual,coefficient,-0.742359126953164,0.742359126953164,negative,12,,3
B_RIDGE,2,1,201,problems,textual,coefficient,0.714812973937655,0.714812973937655,positive,13,10,
B_RIDGE,2,1,57,diagnosis,textual,coefficient,0.7049982841348151,0.7049982841348151,positive,14,11,
B_RIDGE,2,1,60,difference,textual,coefficient,0.6942860145915443,0.6942860145915443,positive,15,12,
B_RIDGE,2,1,22,attention deficit,textual,coefficient,-0.6939755286087131,0.6939755286087131,negative,16,,4
B_RIDGE,2,1,177,motivation,textual,coefficient,-0.6797080930057776,0.6797080930057776,negative,17,,5
B_RIDGE,2,1,31,bit,textual,coefficient,-0.6765771214521054,0.6765771214521054,negative,18,,6
B_RIDGE,2,1,287,way,textual,coefficient,-0.6627977001345298,0.6627977001345298,negative,19,,7
B_RIDGE,2,1,229,sit,textual,coefficient,-0.6625060849422859,0.6625060849422859,negative,20,,8
B_RIDGE,2,1,139,know adhd,textual,coefficient,0.6558824749599118,0.6558824749599118,positive,21,13,
B_RIDGE,2,1,169,medication,textual,coefficient,0.6520576877015068,0.6520576877015068,positive,22,14,
B_RIDGE,2,1,179,need,textual,coefficient,-0.6413690442701662,0.6413690442701662,negative,23,,9
B_RIDGE,2,1,236,start,textual,coefficient,0.632591135119438,0.632591135119438,positive,24,15,
B_RIDGE,2,1,130,increase,textual,coefficient,-0.6272754208697617,0.6272754208697617,negative,25,,10
B_RIDGE,2,1,75,easily,textual,coefficient,0.618481207509734,0.618481207509734,positive,26,16,
B_RIDGE,2,1,261,test,textual,coefficient,-0.6182300156536465,0.6182300156536465,negative,27,,11
B_RIDGE,2,1,282,ve,textual,coefficient,-0.6016248023305975,0.6016248023305975,negative,28,,12
B_RIDGE,2,1,87,experience,textual,coefficient,0.5989999132899834,0.5989999132899834,positive,29,17,
B_RIDGE,2,1,295,worse,textual,coefficient,-0.5870347395757078,0.5870347395757078,negative,30,,13
B_RIDGE,2,1,209,rejection,textual,coefficient,-0.5749076711232185,0.5749076711232185,negative,31,,14
B_RIDGE,2,1,161,lower,textual,coefficient,-0.5692740836492112,0.5692740836492112,negative,32,,15
B_RIDGE,2,1,249,sugar,textual,coefficient,-0.5642885882076236,0.5642885882076236,negative,33,,16
B_RIDGE,2,1,71,dopamine,textual,coefficient,-0.5568727905987906,0.5568727905987906,negative,34,,17
B_RIDGE,2,1,78,emotional,textual,coefficient,0.552986267560859,0.552986267560859,positive,35,18,
B_RIDGE,2,1,263,thing,textual,coefficient,-0.5483130957684431,0.5483130957684431,negative,36,,18
B_RIDGE,2,1,111,harder,textual,coefficient,0.539364818849556,0.539364818849556,positive,37,19,
B_RIDGE,2,1,246,studies,textual,coefficient,0.537612205628368,0.537612205628368,positive,38,20,
B_RIDGE,2,1,273,try,textual,coefficient,-0.5348320026460381,0.5348320026460381,negative,39,,19
B_RIDGE,2,1,122,hyper,textual,coefficient,-0.5303443913443764,0.5303443913443764,negative,40,,20
B_RIDGE,2,1,272,trouble,textual,coefficient,0.5298747967808599,0.5298747967808599,positive,41,21,
B_RIDGE,2,1,105,good,textual,coefficient,-0.5289903564454971,0.5289903564454971,negative,42,,21
B_RIDGE,2,1,109,happens,textual,coefficient,-0.5259329314913291,0.5259329314913291,negative,43,,22
B_RIDGE,2,1,276,uh,textual,coefficient,-0.5151087144287716,0.5151087144287716,negative,44,,23
B_RIDGE,2,1,53,deficit,textual,coefficient,-0.5118964805940968,0.5118964805940968,negative,45,,24
B_RIDGE,2,1,253,taking,textual,coefficient,-0.5094655478254183,0.5094655478254183,negative,46,,25
B_RIDGE,2,1,227,signs,textual,coefficient,0.4991774777042547,0.4991774777042547,positive,47,22,
B_RIDGE,2,1,118,high,textual,coefficient,-0.4979261922447692,0.4979261922447692,negative,48,,26
B_RIDGE,2,1,80,end,textual,coefficient,0.48609776092552043,0.48609776092552043,positive,49,23,
B_RIDGE,2,1,152,little bit,textual,coefficient,-0.4817807901277695,0.4817807901277695,negative,50,,27
B_RIDGE,2,1,280,using,textual,coefficient,0.458541342068787,0.458541342068787,positive,51,24,
B_RIDGE,2,1,298,years,textual,coefficient,-0.45721048777779816,0.45721048777779816,negative,52,,28
B_RIDGE,2,1,55,depression,textual,coefficient,-0.4562305378356889,0.4562305378356889,negative,53,,29
B_RIDGE,2,1,17,affects,textual,coefficient,-0.45597044610352866,0.45597044610352866,negative,54,,30
B_RIDGE,2,1,94,feels,textual,coefficient,-0.4546631381553332,0.4546631381553332,negative,55,,31
B_RIDGE,2,1,271,times,textual,coefficient,0.44469279596260497,0.44469279596260497,positive,56,25,
B_RIDGE,2,1,68,doing,textual,coefficient,0.44032338593444204,0.44032338593444204,positive,57,26,
B_RIDGE,2,1,124,hyperactivity,textual,coefficient,-0.4364212324465134,0.4364212324465134,negative,58,,32
B_RIDGE,2,1,155,look,textual,coefficient,0.4354939110650712,0.4354939110650712,positive,59,27,
B_RIDGE,2,1,129,inattentive,textual,coefficient,0.43440491035992207,0.43440491035992207,positive,60,28,
B_RIDGE,2,1,3,absolutely,textual,coefficient,0.4337481763010972,0.4337481763010972,positive,61,29,
B_RIDGE,2,1,125,impact,textual,coefficient,0.4330147287440129,0.4330147287440129,positive,62,30,
B_RIDGE,2,1,204,real,textual,coefficient,0.43190765912964973,0.43190765912964973,positive,63,31,
B_RIDGE,2,1,146,levels,textual,coefficient,-0.4310631007031782,0.4310631007031782,negative,64,,33
B_RIDGE,2,1,181,nervous,textual,coefficient,-0.42348883552196825,0.42348883552196825,negative,65,,34
B_RIDGE,2,1,16,affect,textual,coefficient,0.4178980840237513,0.4178980840237513,positive,66,32,
B_RIDGE,2,1,62,difficulty,textual,coefficient,0.412088847361706,0.412088847361706,positive,67,33,
B_RIDGE,2,1,92,feel like,textual,coefficient,0.4083509146756776,0.4083509146756776,positive,68,34,
B_RIDGE,2,1,56,diagnosed,textual,coefficient,0.40680300696099425,0.40680300696099425,positive,69,35,
B_RIDGE,2,1,127,impulsive,textual,coefficient,0.4054725717976094,0.4054725717976094,positive,70,36,
B_RIDGE,2,1,203,quickly,textual,coefficient,0.4020742906243232,0.4020742906243232,positive,71,37,
B_RIDGE,2,1,121,hours,textual,coefficient,0.39188130680029587,0.39188130680029587,positive,72,38,
B_RIDGE,2,1,182,neurotypical,textual,coefficient,-0.3889355867419411,0.3889355867419411,negative,73,,35
B_RIDGE,2,1,47,common,textual,coefficient,0.3865748913705912,0.3865748913705912,positive,74,39,
B_RIDGE,2,1,58,did,textual,coefficient,-0.3851579056682716,0.3851579056682716,negative,75,,36
B_RIDGE,2,1,176,morning,textual,coefficient,-0.3851464739596268,0.3851464739596268,negative,76,,37
B_RIDGE,2,1,157,lot,textual,coefficient,-0.3843868895046609,0.3843868895046609,negative,77,,38
B_RIDGE,2,1,4,activity,textual,coefficient,-0.3828806484069866,0.3828806484069866,negative,78,,39
B_RIDGE,2,1,25,away,textual,coefficient,-0.3823305231478751,0.3823305231478751,negative,79,,40
B_RIDGE,2,1,79,emotions,textual,coefficient,0.3695754878871725,0.3695754878871725,positive,80,40,
B_RIDGE,2,1,193,people adhd,textual,coefficient,-0.36528737342177237,0.36528737342177237,negative,81,,41
B_RIDGE,2,1,116,helpful,textual,coefficient,-0.3645602777693416,0.3645602777693416,negative,82,,42
B_RIDGE,2,1,284,video,textual,coefficient,0.36224965268364323,0.36224965268364323,positive,83,41,
B_RIDGE,2,1,163,makes,textual,coefficient,-0.3616468889989174,0.3616468889989174,negative,84,,43
B_RIDGE,2,1,98,foods,textual,coefficient,-0.35898876591646517,0.35898876591646517,negative,85,,44
B_RIDGE,2,1,159,love,textual,coefficient,-0.3588153652111729,0.3588153652111729,negative,86,,45
B_RIDGE,2,1,77,eating,textual,coefficient,-0.35855667990992396,0.35855667990992396,negative,87,,46
B_RIDGE,2,1,238,stay,textual,coefficient,-0.3571462412421262,0.3571462412421262,negative,88,,47
B_RIDGE,2,1,296,wrong,textual,coefficient,0.35710105030017547,0.35710105030017547,positive,89,42,
B_RIDGE,2,1,183,new,textual,coefficient,-0.3524931484376471,0.3524931484376471,negative,90,,48
B_RIDGE,2,1,266,think,textual,coefficient,0.34769321599638,0.34769321599638,positive,91,43,
B_RIDGE,2,1,123,hyperactive,textual,coefficient,0.33950014331849865,0.33950014331849865,positive,92,44,
B_RIDGE,2,1,67,doesn,textual,coefficient,-0.33810938268820956,0.33810938268820956,negative,93,,49
B_RIDGE,2,1,39,care,textual,coefficient,-0.33792602797597865,0.33792602797597865,negative,94,,50
B_RIDGE,2,1,290,work,textual,coefficient,0.3360710124480828,0.3360710124480828,positive,95,45,
B_RIDGE,2,1,108,gut,textual,coefficient,-0.3352534110021817,0.3352534110021817,negative,96,,51
B_RIDGE,2,1,63,disorder,textual,coefficient,-0.33414053799280413,0.33414053799280413,negative,97,,52
B_RIDGE,2,1,170,medications,textual,coefficient,0.33306254989501316,0.33306254989501316,positive,98,46,
B_RIDGE,2,1,37,called,textual,coefficient,-0.32931308679691307,0.32931308679691307,negative,99,,53
B_RIDGE,2,1,85,executive,textual,coefficient,-0.3286600085786586,0.3286600085786586,negative,100,,54
B_RIDGE,2,1,148,like,textual,coefficient,0.3282768107225702,0.3282768107225702,positive,101,47,
B_RIDGE,2,1,168,means,textual,coefficient,-0.328140790779488,0.328140790779488,negative,102,,55
B_RIDGE,2,1,166,maybe,textual,coefficient,-0.327062436969171,0.327062436969171,negative,103,,56
B_RIDGE,2,1,137,kind,textual,coefficient,-0.3269051574481037,0.3269051574481037,negative,104,,57
B_RIDGE,2,1,141,late,textual,coefficient,-0.3256672712969379,0.3256672712969379,negative,105,,58
B_RIDGE,2,1,237,state,textual,coefficient,-0.3229850889304637,0.3229850889304637,negative,106,,59
B_RIDGE,2,1,200,problem,textual,coefficient,0.32004077789084046,0.32004077789084046,positive,107,48,
B_RIDGE,2,1,0,10,textual,coefficient,-0.3166384684466567,0.3166384684466567,negative,108,,60
B_RIDGE,2,1,149,likely,textual,coefficient,-0.31511424549754463,0.31511424549754463,negative,109,,61
B_RIDGE,2,1,69,don,textual,coefficient,-0.31030494385007906,0.31030494385007906,negative,110,,62
B_RIDGE,2,1,299,yes,textual,coefficient,-0.3090859094597673,0.3090859094597673,negative,111,,63
B_RIDGE,2,1,104,going,textual,coefficient,-0.3088844208220391,0.3088844208220391,negative,112,,64
B_RIDGE,2,1,251,sure,textual,coefficient,0.3070486284253579,0.3070486284253579,positive,113,49,
B_RIDGE,2,1,241,stimulation,textual,coefficient,-0.305601249393284,0.305601249393284,negative,114,,65
B_RIDGE,2,1,223,sensory,textual,coefficient,-0.30533555566059384,0.30533555566059384,negative,115,,66
B_RIDGE,2,1,293,works,textual,coefficient,0.3046132781205997,0.3046132781205997,positive,116,50,
B_RIDGE,2,1,36,caffeine,textual,coefficient,-0.30272875044233705,0.30272875044233705,negative,117,,67
B_RIDGE,2,1,89,family,textual,coefficient,0.29903852860084956,0.29903852860084956,positive,118,51,
B_RIDGE,2,1,154,long,textual,coefficient,-0.2976277488014782,0.2976277488014782,negative,119,,68
B_RIDGE,2,1,158,lot people,textual,coefficient,0.29483005324752726,0.29483005324752726,positive,120,52,
B_RIDGE,2,1,264,things,textual,coefficient,-0.29381195242944386,0.29381195242944386,negative,121,,69
B_RIDGE,2,1,52,day,textual,coefficient,-0.2891935610145557,0.2891935610145557,negative,122,,70
B_RIDGE,2,1,216,saying,textual,coefficient,0.28825883261774676,0.28825883261774676,positive,123,53,
B_RIDGE,2,1,66,does,textual,coefficient,-0.2842350623820298,0.2842350623820298,negative,124,,71
B_RIDGE,2,1,147,life,textual,coefficient,0.28357537011109496,0.28357537011109496,positive,125,54,
B_RIDGE,2,1,190,patients,textual,coefficient,-0.28301043577889373,0.28301043577889373,negative,126,,72
B_RIDGE,2,1,102,gets,textual,coefficient,-0.28069759849472103,0.28069759849472103,negative,127,,73
B_RIDGE,2,1,90,fast,textual,coefficient,-0.280531659439027,0.280531659439027,negative,128,,74
B_RIDGE,2,1,218,second,textual,coefficient,-0.2805143158722358,0.2805143158722358,negative,129,,75
B_RIDGE,2,1,117,helps,textual,coefficient,-0.27939125519206826,0.27939125519206826,negative,130,,76
B_RIDGE,2,1,221,sensitive,textual,coefficient,-0.2718164816918747,0.2718164816918747,negative,131,,77
B_RIDGE,2,1,72,dr,textual,coefficient,-0.26996521493819875,0.26996521493819875,negative,132,,78
B_RIDGE,2,1,5,actually,textual,coefficient,-0.2691197765786678,0.2691197765786678,negative,133,,79
B_RIDGE,2,1,96,follow,textual,coefficient,-0.269022707897746,0.269022707897746,negative,134,,80
B_RIDGE,2,1,135,just,textual,coefficient,-0.2666513230943073,0.2666513230943073,negative,135,,81
B_RIDGE,2,1,107,great,textual,coefficient,-0.26326382325105746,0.26326382325105746,negative,136,,82
B_RIDGE,2,1,205,realize,textual,coefficient,0.2631731639573149,0.2631731639573149,positive,137,55,
B_RIDGE,2,1,228,single,textual,coefficient,-0.26311379805866436,0.26311379805866436,negative,138,,83
B_RIDGE,2,1,97,food,textual,coefficient,-0.2630090199363289,0.2630090199363289,negative,139,,84
B_RIDGE,2,1,95,focus,textual,coefficient,-0.26010651844552246,0.26010651844552246,negative,140,,85
B_RIDGE,2,1,74,dysfunction,textual,coefficient,-0.25807321159982977,0.25807321159982977,negative,141,,86
B_RIDGE,2,1,48,condition,textual,coefficient,0.2577404202529396,0.2577404202529396,positive,142,56,
B_RIDGE,2,1,269,thoughts,textual,coefficient,-0.25612029015310017,0.25612029015310017,negative,143,,87
B_RIDGE,2,1,164,making,textual,coefficient,0.25394562867075815,0.25394562867075815,positive,144,57,
B_RIDGE,2,1,186,oh,textual,coefficient,0.2528429145437146,0.2528429145437146,positive,145,58,
B_RIDGE,2,1,50,control,textual,coefficient,-0.2508519329305229,0.2508519329305229,negative,146,,88
B_RIDGE,2,1,160,low,textual,coefficient,0.2507167713033346,0.2507167713033346,positive,147,59,
B_RIDGE,2,1,207,reason,textual,coefficient,-0.2493625407139329,0.2493625407139329,negative,148,,89
B_RIDGE,2,1,156,looking,textual,coefficient,0.24791322606739397,0.24791322606739397,positive,149,60,
B_RIDGE,2,1,165,manage,textual,coefficient,-0.2472312963345501,0.2472312963345501,negative,150,,90
B_RIDGE,2,1,2,able,textual,coefficient,-0.24529840719696772,0.24529840719696772,negative,151,,91
B_RIDGE,2,1,194,person,textual,coefficient,0.24488041119133,0.24488041119133,positive,152,61,
B_RIDGE,2,1,171,meds,textual,coefficient,-0.24205935696696565,0.24205935696696565,negative,153,,92
B_RIDGE,2,1,10,adhd just,textual,coefficient,0.2362116342129897,0.2362116342129897,positive,154,62,
B_RIDGE,2,1,292,working memory,textual,coefficient,-0.2345492655411298,0.2345492655411298,negative,155,,93
B_RIDGE,2,1,174,mind,textual,coefficient,-0.23452219469842028,0.23452219469842028,negative,156,,94
B_RIDGE,2,1,260,term,textual,coefficient,0.2328832333211266,0.2328832333211266,positive,157,63,
B_RIDGE,2,1,213,right,textual,coefficient,-0.2294348848257401,0.2294348848257401,negative,158,,95
B_RIDGE,2,1,262,therapy,textual,coefficient,0.22548889144778714,0.22548889144778714,positive,159,64,
B_RIDGE,2,1,54,definitely,textual,coefficient,-0.2246427343693627,0.2246427343693627,negative,160,,96
B_RIDGE,2,1,82,especially,textual,coefficient,-0.22456784255192228,0.22456784255192228,negative,161,,97
B_RIDGE,2,1,133,issues,textual,coefficient,-0.21999642797249247,0.21999642797249247,negative,162,,98
B_RIDGE,2,1,41,change,textual,coefficient,-0.2198748153042239,0.2198748153042239,negative,163,,99
B_RIDGE,2,1,115,help,textual,coefficient,-0.21408168908785788,0.21408168908785788,negative,164,,100
B_RIDGE,2,1,138,know,textual,coefficient,0.2137246047156353,0.2137246047156353,positive,165,65,
B_RIDGE,2,1,234,sort,textual,coefficient,-0.21213511802626248,0.21213511802626248,negative,166,,101
B_RIDGE,2,1,34,brains,textual,coefficient,-0.2104388397764482,0.2104388397764482,negative,167,,102
B_RIDGE,2,1,19,anger,textual,coefficient,-0.2101244729755928,0.2101244729755928,negative,168,,103
B_RIDGE,2,1,126,important,textual,coefficient,-0.20658941676457138,0.20658941676457138,negative,169,,104
B_RIDGE,2,1,110,hard,textual,coefficient,0.20467996766023092,0.20467996766023092,positive,170,66,
B_RIDGE,2,1,8,adhd brain,textual,coefficient,-0.20234689087906493,0.20234689087906493,negative,171,,105
B_RIDGE,2,1,35,burnout,textual,coefficient,0.19891587687710793,0.19891587687710793,positive,172,67,
B_RIDGE,2,1,61,different,textual,coefficient,-0.19872771627792038,0.19872771627792038,negative,173,,106
B_RIDGE,2,1,285,wait,textual,coefficient,-0.19844654134200718,0.19844654134200718,negative,174,,107
B_RIDGE,2,1,232,social,textual,coefficient,-0.1982384979672244,0.1982384979672244,negative,175,,108
B_RIDGE,2,1,247,study,textual,coefficient,0.1977198689227079,0.1977198689227079,positive,176,68,
B_RIDGE,2,1,26,bad,textual,coefficient,-0.19687830751670068,0.19687830751670068,negative,177,,109
B_RIDGE,2,1,134,job,textual,coefficient,-0.1959042238470018,0.1959042238470018,negative,178,,110
B_RIDGE,2,1,197,place,textual,coefficient,-0.19510587252484424,0.19510587252484424,negative,179,,111
B_RIDGE,2,1,28,best,textual,coefficient,0.19432591950665787,0.19432591950665787,positive,180,69,
B_RIDGE,2,1,38,calm,textual,coefficient,-0.19348538091880446,0.19348538091880446,negative,181,,112
B_RIDGE,2,1,274,trying,textual,coefficient,-0.19254166412800647,0.19254166412800647,negative,182,,113
B_RIDGE,2,1,277,um,textual,coefficient,0.19197534450655326,0.19197534450655326,positive,183,70,
B_RIDGE,2,1,172,memory,textual,coefficient,0.18820973211139064,0.18820973211139064,positive,184,71,
B_RIDGE,2,1,32,body,textual,coefficient,-0.18431206835775568,0.18431206835775568,negative,185,,114
B_RIDGE,2,1,33,brain,textual,coefficient,-0.18176358562425066,0.18176358562425066,negative,186,,115
B_RIDGE,2,1,215,say,textual,coefficient,-0.174700331418108,0.174700331418108,negative,187,,116
B_RIDGE,2,1,196,physical,textual,coefficient,-0.1745617694702531,0.1745617694702531,negative,188,,117
B_RIDGE,2,1,114,hear,textual,coefficient,0.17089591091992623,0.17089591091992623,positive,189,72,
B_RIDGE,2,1,70,don know,textual,coefficient,-0.158995556714335,0.158995556714335,negative,190,,118
B_RIDGE,2,1,142,later,textual,coefficient,0.1572335068969356,0.1572335068969356,positive,191,73,
B_RIDGE,2,1,18,alcohol,textual,coefficient,-0.15706369940030257,0.15706369940030257,negative,192,,119
B_RIDGE,2,1,173,mental,textual,coefficient,0.15659684998369094,0.15659684998369094,positive,193,74,
B_RIDGE,2,1,99,forget,textual,coefficient,0.15552737598231436,0.15552737598231436,positive,194,75,
B_RIDGE,2,1,49,constantly,textual,coefficient,0.15438821418427343,0.15438821418427343,positive,195,76,
B_RIDGE,2,1,27,behavior,textual,coefficient,-0.15351785888332278,0.15351785888332278,negative,196,,120
B_RIDGE,2,1,243,stress,textual,coefficient,0.1528581772023138,0.1528581772023138,positive,197,77,
B_RIDGE,2,1,267,thinking,textual,coefficient,0.15237815423813802,0.15237815423813802,positive,198,78,
B_RIDGE,2,1,184,normal,textual,coefficient,-0.1506657795655032,0.1506657795655032,negative,199,,121
B_RIDGE,2,1,185,number,textual,coefficient,0.15024424982273388,0.15024424982273388,positive,200,79,
B_RIDGE,2,1,144,let,textual,coefficient,0.14858886231317195,0.14858886231317195,positive,201,80,
B_RIDGE,2,1,208,regulation,textual,coefficient,0.14691819702789827,0.14691819702789827,positive,202,81,
B_RIDGE,2,1,167,mean,textual,coefficient,-0.14672940022015474,0.14672940022015474,negative,203,,122
B_RIDGE,2,1,7,adhd,textual,coefficient,-0.14671780244829183,0.14671780244829183,negative,204,,123
B_RIDGE,2,1,180,needs,textual,coefficient,-0.14582134754105983,0.14582134754105983,negative,205,,124
B_RIDGE,2,1,233,somebody,textual,coefficient,-0.1454414062055237,0.1454414062055237,negative,206,,125
B_RIDGE,2,1,1,ability,textual,coefficient,-0.14390912171295958,0.14390912171295958,negative,207,,126
B_RIDGE,2,1,12,adhd people,textual,coefficient,-0.14340091722302,0.14340091722302,negative,208,,127
B_RIDGE,2,1,93,feeling,textual,coefficient,-0.14260523913933726,0.14260523913933726,negative,209,,128
B_RIDGE,2,1,120,highly,textual,coefficient,-0.14039243074799257,0.14039243074799257,negative,210,,129
B_RIDGE,2,1,301,hedge_score,handcrafted_linguistic,coefficient,0.1397439622032032,0.1397439622032032,positive,211,82,
B_RIDGE,2,1,153,ll,textual,coefficient,-0.13955587628546678,0.13955587628546678,negative,212,,130
B_RIDGE,2,1,73,drink,textual,coefficient,-0.13911263394662102,0.13911263394662102,negative,213,,131
B_RIDGE,2,1,244,struggle,textual,coefficient,-0.13838283116900188,0.13838283116900188,negative,214,,132
B_RIDGE,2,1,65,doctor,textual,coefficient,-0.13675203603751648,0.13675203603751648,negative,215,,133
B_RIDGE,2,1,140,lack,textual,coefficient,-0.13424957228564025,0.13424957228564025,negative,216,,134
B_RIDGE,2,1,151,little,textual,coefficient,-0.13340373343993078,0.13340373343993078,negative,217,,135
B_RIDGE,2,1,6,add,textual,coefficient,-0.1284600184695599,0.1284600184695599,negative,218,,136
B_RIDGE,2,1,281,usually,textual,coefficient,-0.12737195654678235,0.12737195654678235,negative,219,,137
B_RIDGE,2,1,199,probably,textual,coefficient,-0.12411634046556183,0.12411634046556183,negative,220,,138
B_RIDGE,2,1,279,use,textual,coefficient,-0.12242624569625678,0.12242624569625678,negative,221,,139
B_RIDGE,2,1,91,feel,textual,coefficient,-0.11972838149851284,0.11972838149851284,negative,222,,140
B_RIDGE,2,1,217,school,textual,coefficient,0.11854886228208933,0.11854886228208933,positive,223,83,
B_RIDGE,2,1,59,didn,textual,coefficient,-0.11744676279321493,0.11744676279321493,negative,224,,141
B_RIDGE,2,1,81,energy,textual,coefficient,-0.11676733146211472,0.11676733146211472,negative,225,,142
B_RIDGE,2,1,145,level,textual,coefficient,-0.11580051486850093,0.11580051486850093,negative,226,,143
B_RIDGE,2,1,297,yeah,textual,coefficient,0.11568302956696595,0.11568302956696595,positive,227,84,
B_RIDGE,2,1,286,want,textual,coefficient,-0.11509510756161755,0.11509510756161755,negative,228,,144
B_RIDGE,2,1,143,learn,textual,coefficient,0.11310910492004583,0.11310910492004583,positive,229,85,
B_RIDGE,2,1,220,sense,textual,coefficient,0.11155246068611518,0.11155246068611518,positive,230,86,
B_RIDGE,2,1,212,research,textual,coefficient,-0.1099401684952152,0.1099401684952152,negative,231,,145
B_RIDGE,2,1,9,adhd brains,textual,coefficient,-0.10709304431116817,0.10709304431116817,negative,232,,146
B_RIDGE,2,1,278,understand,textual,coefficient,0.10706446979862018,0.10706446979862018,positive,233,87,
B_RIDGE,2,1,187,okay,textual,coefficient,-0.1063574390272606,0.1063574390272606,negative,234,,147
B_RIDGE,2,1,191,pay,textual,coefficient,-0.10624699070667813,0.10624699070667813,negative,235,,148
B_RIDGE,2,1,14,adhders,textual,coefficient,-0.1058481891724961,0.1058481891724961,negative,236,,149
B_RIDGE,2,1,256,task,textual,coefficient,0.10088832341712939,0.10088832341712939,positive,237,88,
B_RIDGE,2,1,84,example,textual,coefficient,-0.10026653079465997,0.10026653079465997,negative,238,,150
B_RIDGE,2,1,46,comments,textual,coefficient,-0.09909937868115265,0.09909937868115265,negative,239,,151
B_RIDGE,2,1,202,protein,textual,coefficient,0.09739345648302722,0.09739345648302722,positive,240,89,
B_RIDGE,2,1,11,adhd medication,textual,coefficient,0.09682745831750003,0.09682745831750003,positive,241,90,
B_RIDGE,2,1,175,minutes,textual,coefficient,-0.09354927922009477,0.09354927922009477,negative,242,,152
B_RIDGE,2,1,289,women,textual,coefficient,-0.09276520842527143,0.09276520842527143,negative,243,,153
B_RIDGE,2,1,230,sleep,textual,coefficient,-0.09141556874446166,0.09141556874446166,negative,244,,154
B_RIDGE,2,1,23,autism,textual,coefficient,-0.09106726904323034,0.09106726904323034,negative,245,,155
B_RIDGE,2,1,245,struggling,textual,coefficient,-0.09053147374045978,0.09053147374045978,negative,246,,156
B_RIDGE,2,1,40,certain,textual,coefficient,-0.08987095473843519,0.08987095473843519,negative,247,,157
B_RIDGE,2,1,219,self,textual,coefficient,0.08888819843978431,0.08888819843978431,positive,248,91,
B_RIDGE,2,1,42,child,textual,coefficient,-0.08685452802794474,0.08685452802794474,negative,249,,158
B_RIDGE,2,1,132,isn,textual,coefficient,0.08661572834113825,0.08661572834113825,positive,250,92,
B_RIDGE,2,1,189,overwhelmed,textual,coefficient,0.08270855038068498,0.08270855038068498,positive,251,93,
B_RIDGE,2,1,44,come,textual,coefficient,-0.08107999800778526,0.08107999800778526,negative,252,,159
B_RIDGE,2,1,113,health,textual,coefficient,-0.07692631211272942,0.07692631211272942,negative,253,,160
B_RIDGE,2,1,248,stuff,textual,coefficient,-0.07437149497139639,0.07437149497139639,negative,254,,161
B_RIDGE,2,1,64,distracted,textual,coefficient,-0.07427059184509856,0.07427059184509856,negative,255,,162
B_RIDGE,2,1,259,tend,textual,coefficient,-0.07291247155406212,0.07291247155406212,negative,256,,163
B_RIDGE,2,1,198,point,textual,coefficient,-0.0728778724594957,0.0728778724594957,negative,257,,164
B_RIDGE,2,1,195,phone,textual,coefficient,0.07159565174624964,0.07159565174624964,positive,258,94,
B_RIDGE,2,1,100,function,textual,coefficient,-0.0689844963720532,0.0689844963720532,negative,259,,165
B_RIDGE,2,1,240,stimulants,textual,coefficient,0.06716889576812474,0.06716889576812474,positive,260,95,
B_RIDGE,2,1,51,create,textual,coefficient,0.06113047673330391,0.06113047673330391,positive,261,96,
B_RIDGE,2,1,136,kids,textual,coefficient,-0.05961806982061159,0.05961806982061159,negative,262,,166
B_RIDGE,2,1,103,getting,textual,coefficient,-0.05647831971707869,0.05647831971707869,negative,263,,167
B_RIDGE,2,1,20,anxiety,textual,coefficient,0.055371140840243735,0.055371140840243735,positive,264,97,
B_RIDGE,2,1,226,sign,textual,coefficient,0.055038331459124346,0.055038331459124346,positive,265,98,
B_RIDGE,2,1,162,make,textual,coefficient,-0.05452687068783072,0.05452687068783072,negative,266,,168
B_RIDGE,2,1,235,sound,textual,coefficient,-0.05159129848901797,0.05159129848901797,negative,267,,169
B_RIDGE,2,1,291,working,textual,coefficient,-0.051230288189522126,0.051230288189522126,negative,268,,170
B_RIDGE,2,1,15,adults,textual,coefficient,0.048743769221910226,0.048743769221910226,positive,269,99,
B_RIDGE,2,1,231,small,textual,coefficient,-0.04691515739740706,0.04691515739740706,negative,270,,171
B_RIDGE,2,1,255,talking,textual,coefficient,-0.04608141078642132,0.04608141078642132,negative,271,,172
B_RIDGE,2,1,294,world,textual,coefficient,-0.04337766805150221,0.04337766805150221,negative,272,,173
B_RIDGE,2,1,24,avoid,textual,coefficient,-0.04230845612925473,0.04230845612925473,negative,273,,174
B_RIDGE,2,1,88,fact,textual,coefficient,0.04226382070758764,0.04226382070758764,positive,274,100,
B_RIDGE,2,1,288,ways,textual,coefficient,0.04119211397792214,0.04119211397792214,positive,275,101,
B_RIDGE,2,1,242,stop,textual,coefficient,0.03963702807592944,0.03963702807592944,positive,276,102,
B_RIDGE,2,1,254,talk,textual,coefficient,-0.03267061283501519,0.03267061283501519,negative,277,,175
B_RIDGE,2,1,224,seven,textual,coefficient,0.030461163804952136,0.030461163804952136,positive,278,103,
B_RIDGE,2,1,188,order,textual,coefficient,0.029781056809811815,0.029781056809811815,positive,279,104,
B_RIDGE,2,1,268,thought,textual,coefficient,0.02920240869859596,0.02920240869859596,positive,280,105,
B_RIDGE,2,1,101,functioning,textual,coefficient,-0.028116832313629225,0.028116832313629225,negative,281,,176
B_RIDGE,2,1,283,ve got,textual,coefficient,-0.02669611878037842,0.02669611878037842,negative,282,,177
B_RIDGE,2,1,214,said,textual,coefficient,-0.02496009207912136,0.02496009207912136,negative,283,,178
B_RIDGE,2,1,76,eat,textual,coefficient,-0.024910227672748968,0.024910227672748968,negative,284,,179
B_RIDGE,2,1,206,really,textual,coefficient,0.024695989031080546,0.024695989031080546,positive,285,106,
B_RIDGE,2,1,210,relationships,textual,coefficient,-0.024185756844193194,0.024185756844193194,negative,286,,180
B_RIDGE,2,1,86,exercise,textual,coefficient,-0.02234123687546732,0.02234123687546732,negative,287,,181
B_RIDGE,2,1,106,got,textual,coefficient,-0.021841820434581483,0.021841820434581483,negative,288,,182
B_RIDGE,2,1,150,literally,textual,coefficient,0.019368697170122597,0.019368697170122597,positive,289,107,
B_RIDGE,2,1,83,everybody,textual,coefficient,0.017223736608861055,0.017223736608861055,positive,290,108,
B_RIDGE,2,1,45,comes,textual,coefficient,-0.015322779206037373,0.015322779206037373,negative,291,,183
B_RIDGE,2,1,225,shown,textual,coefficient,0.014292826511275962,0.014292826511275962,positive,292,109,
B_RIDGE,2,1,43,children,textual,coefficient,-0.013914296129857184,0.013914296129857184,negative,293,,184
B_RIDGE,2,1,300,certainty_score,handcrafted_linguistic,coefficient,-0.013721926489449287,0.013721926489449287,negative,294,,185
B_RIDGE,2,1,21,attention,textual,coefficient,-0.012813335156739115,0.012813335156739115,negative,295,,186
B_RIDGE,2,1,211,remember,textual,coefficient,-0.011770677598429306,0.011770677598429306,negative,296,,187
B_RIDGE,2,1,29,better,textual,coefficient,0.009286369923478022,0.009286369923478022,positive,297,110,
B_RIDGE,2,1,265,things like,textual,coefficient,-0.00914686371328054,0.00914686371328054,negative,298,,188
B_RIDGE,2,1,13,adhd symptoms,textual,coefficient,0.008252520378014534,0.008252520378014534,positive,299,111,
B_RIDGE,2,1,30,big,textual,coefficient,0.007176483743814629,0.007176483743814629,positive,300,112,
B_RIDGE,2,1,192,people,textual,coefficient,-0.0050562430854725286,0.0050562430854725286,negative,301,,189
B_RIDGE,2,1,258,tell,textual,coefficient,-0.004868175176144047,0.004868175176144047,negative,302,,190
B_RIDGE,2,2,222,sensitivity,textual,coefficient,1.0672069015308847,1.0672069015308847,positive,1,1,
B_RIDGE,2,2,17,affects,textual,coefficient,1.052177191376359,1.052177191376359,positive,2,2,
B_RIDGE,2,2,130,increase,textual,coefficient,1.0330179881522341,1.0330179881522341,positive,3,3,
B_RIDGE,2,2,240,stimulants,textual,coefficient,0.9796967758277504,0.9796967758277504,positive,4,4,
B_RIDGE,2,2,90,fast,textual,coefficient,0.9622680756070165,0.9622680756070165,positive,5,5,
B_RIDGE,2,2,269,thoughts,textual,coefficient,0.9471520950177038,0.9471520950177038,positive,6,6,
B_RIDGE,2,2,287,way,textual,coefficient,0.9432421053532334,0.9432421053532334,positive,7,7,
B_RIDGE,2,2,276,uh,textual,coefficient,0.9303439034448243,0.9303439034448243,positive,8,8,
B_RIDGE,2,2,177,motivation,textual,coefficient,0.8031748381028769,0.8031748381028769,positive,9,9,
B_RIDGE,2,2,65,doctor,textual,coefficient,0.7980063541621921,0.7980063541621921,positive,10,10,
B_RIDGE,2,2,137,kind,textual,coefficient,0.7593927334663056,0.7593927334663056,positive,11,11,
B_RIDGE,2,2,98,foods,textual,coefficient,0.7479738572242036,0.7479738572242036,positive,12,12,
B_RIDGE,2,2,131,instead,textual,coefficient,-0.7430533082313785,0.7430533082313785,negative,13,,1
B_RIDGE,2,2,209,rejection,textual,coefficient,0.7385039005099719,0.7385039005099719,positive,14,13,
B_RIDGE,2,2,238,stay,textual,coefficient,0.7206150600475394,0.7206150600475394,positive,15,14,
B_RIDGE,2,2,95,focus,textual,coefficient,0.6995786602712063,0.6995786602712063,positive,16,15,
B_RIDGE,2,2,285,wait,textual,coefficient,0.6799626407079886,0.6799626407079886,positive,17,16,
B_RIDGE,2,2,147,life,textual,coefficient,-0.6522100367552446,0.6522100367552446,negative,18,,2
B_RIDGE,2,2,81,energy,textual,coefficient,-0.644686588074843,0.644686588074843,negative,19,,3
B_RIDGE,2,2,229,sit,textual,coefficient,0.6431252393071161,0.6431252393071161,positive,20,17,
B_RIDGE,2,2,22,attention deficit,textual,coefficient,0.6407462677614508,0.6407462677614508,positive,21,18,
B_RIDGE,2,2,284,video,textual,coefficient,0.6381638267208366,0.6381638267208366,positive,22,19,
B_RIDGE,2,2,55,depression,textual,coefficient,0.6298011847335296,0.6298011847335296,positive,23,20,
B_RIDGE,2,2,270,time,textual,coefficient,0.6276007248339512,0.6276007248339512,positive,24,21,
B_RIDGE,2,2,190,patients,textual,coefficient,0.6191501518046632,0.6191501518046632,positive,25,22,
B_RIDGE,2,2,127,impulsive,textual,coefficient,0.60900094153409,0.60900094153409,positive,26,23,
B_RIDGE,2,2,246,studies,textual,coefficient,0.5911560712782853,0.5911560712782853,positive,27,24,
B_RIDGE,2,2,152,little bit,textual,coefficient,0.589770483120205,0.589770483120205,positive,28,25,
B_RIDGE,2,2,57,diagnosis,textual,coefficient,0.5888580910259896,0.5888580910259896,positive,29,26,
B_RIDGE,2,2,39,care,textual,coefficient,0.5799676956111771,0.5799676956111771,positive,30,27,
B_RIDGE,2,2,40,certain,textual,coefficient,0.5768238770004551,0.5768238770004551,positive,31,28,
B_RIDGE,2,2,124,hyperactivity,textual,coefficient,0.570068843097412,0.570068843097412,positive,32,29,
B_RIDGE,2,2,140,lack,textual,coefficient,0.5688781905368953,0.5688781905368953,positive,33,30,
B_RIDGE,2,2,265,things like,textual,coefficient,0.5627329007561335,0.5627329007561335,positive,34,31,
B_RIDGE,2,2,172,memory,textual,coefficient,-0.5602867279549282,0.5602867279549282,negative,35,,4
B_RIDGE,2,2,111,harder,textual,coefficient,-0.556179434368332,0.556179434368332,negative,36,,5
B_RIDGE,2,2,78,emotional,textual,coefficient,-0.5519094734852121,0.5519094734852121,negative,37,,6
B_RIDGE,2,2,126,important,textual,coefficient,-0.5497795460428936,0.5497795460428936,negative,38,,7
B_RIDGE,2,2,227,signs,textual,coefficient,0.549214165162955,0.549214165162955,positive,39,32,
B_RIDGE,2,2,60,difference,textual,coefficient,-0.5381614118604078,0.5381614118604078,negative,40,,8
B_RIDGE,2,2,135,just,textual,coefficient,0.5272578253376642,0.5272578253376642,positive,41,33,
B_RIDGE,2,2,44,come,textual,coefficient,-0.5265538802201172,0.5265538802201172,negative,42,,9
B_RIDGE,2,2,200,problem,textual,coefficient,-0.5237228857400423,0.5237228857400423,negative,43,,10
B_RIDGE,2,2,226,sign,textual,coefficient,0.5172389390265717,0.5172389390265717,positive,44,34,
B_RIDGE,2,2,133,issues,textual,coefficient,0.5129320804849422,0.5129320804849422,positive,45,35,
B_RIDGE,2,2,151,little,textual,coefficient,0.5098330356483679,0.5098330356483679,positive,46,36,
B_RIDGE,2,2,259,tend,textual,coefficient,-0.5044452282954651,0.5044452282954651,negative,47,,11
B_RIDGE,2,2,139,know adhd,textual,coefficient,-0.5012972594841791,0.5012972594841791,negative,48,,12
B_RIDGE,2,2,272,trouble,textual,coefficient,-0.4974258173202879,0.4974258173202879,negative,49,,13
B_RIDGE,2,2,72,dr,textual,coefficient,0.4863086154127301,0.4863086154127301,positive,50,37,
B_RIDGE,2,2,268,thought,textual,coefficient,-0.48541080471015136,0.48541080471015136,negative,51,,14
B_RIDGE,2,2,9,adhd brains,textual,coefficient,-0.4850625180582165,0.4850625180582165,negative,52,,15
B_RIDGE,2,2,77,eating,textual,coefficient,0.4843179079279591,0.4843179079279591,positive,53,38,
B_RIDGE,2,2,184,normal,textual,coefficient,-0.4799575348191251,0.4799575348191251,negative,54,,16
B_RIDGE,2,2,205,realize,textual,coefficient,-0.478848421542767,0.478848421542767,negative,55,,17
B_RIDGE,2,2,199,probably,textual,coefficient,-0.47804645668532336,0.47804645668532336,negative,56,,18
B_RIDGE,2,2,38,calm,textual,coefficient,-0.47653690079486966,0.47653690079486966,negative,57,,19
B_RIDGE,2,2,21,attention,textual,coefficient,0.4752288498044591,0.4752288498044591,positive,58,39,
B_RIDGE,2,2,71,dopamine,textual,coefficient,-0.4723466828500171,0.4723466828500171,negative,59,,20
B_RIDGE,2,2,185,number,textual,coefficient,-0.4684954122188557,0.4684954122188557,negative,60,,21
B_RIDGE,2,2,0,10,textual,coefficient,-0.46590723811830087,0.46590723811830087,negative,61,,22
B_RIDGE,2,2,179,need,textual,coefficient,0.4613648008477402,0.4613648008477402,positive,62,40,
B_RIDGE,2,2,28,best,textual,coefficient,-0.4589750422416934,0.4589750422416934,negative,63,,23
B_RIDGE,2,2,116,helpful,textual,coefficient,-0.45756944688378837,0.45756944688378837,negative,64,,24
B_RIDGE,2,2,196,physical,textual,coefficient,0.4574718984391088,0.4574718984391088,positive,65,41,
B_RIDGE,2,2,275,type,textual,coefficient,0.4560846566422838,0.4560846566422838,positive,66,42,
B_RIDGE,2,2,220,sense,textual,coefficient,-0.45543493198374946,0.45543493198374946,negative,67,,25
B_RIDGE,2,2,277,um,textual,coefficient,-0.4547025424431697,0.4547025424431697,negative,68,,26
B_RIDGE,2,2,242,stop,textual,coefficient,-0.4520439660429852,0.4520439660429852,negative,69,,27
B_RIDGE,2,2,174,mind,textual,coefficient,-0.4513081465283077,0.4513081465283077,negative,70,,28
B_RIDGE,2,2,211,remember,textual,coefficient,0.4471046732434287,0.4471046732434287,positive,71,43,
B_RIDGE,2,2,257,tasks,textual,coefficient,-0.4422077719912281,0.4422077719912281,negative,72,,29
B_RIDGE,2,2,263,thing,textual,coefficient,-0.4420634828644823,0.4420634828644823,negative,73,,30
B_RIDGE,2,2,11,adhd medication,textual,coefficient,0.43629731769808827,0.43629731769808827,positive,74,44,
B_RIDGE,2,2,218,second,textual,coefficient,0.4211950197606252,0.4211950197606252,positive,75,45,
B_RIDGE,2,2,213,right,textual,coefficient,0.42097839939691933,0.42097839939691933,positive,76,46,
B_RIDGE,2,2,178,music,textual,coefficient,-0.41795788566267567,0.41795788566267567,negative,77,,31
B_RIDGE,2,2,254,talk,textual,coefficient,0.41767407882716545,0.41767407882716545,positive,78,47,
B_RIDGE,2,2,94,feels,textual,coefficient,-0.4161962928821743,0.4161962928821743,negative,79,,32
B_RIDGE,2,2,197,place,textual,coefficient,0.4103306909350331,0.4103306909350331,positive,80,48,
B_RIDGE,2,2,80,end,textual,coefficient,-0.4102646430007645,0.4102646430007645,negative,81,,33
B_RIDGE,2,2,266,think,textual,coefficient,-0.4077215066943958,0.4077215066943958,negative,82,,34
B_RIDGE,2,2,158,lot people,textual,coefficient,-0.4058981925237617,0.4058981925237617,negative,83,,35
B_RIDGE,2,2,162,make,textual,coefficient,-0.4058499089840026,0.4058499089840026,negative,84,,36
B_RIDGE,2,2,156,looking,textual,coefficient,0.40459009256068734,0.40459009256068734,positive,85,49,
B_RIDGE,2,2,253,taking,textual,coefficient,-0.40436877810256155,0.40436877810256155,negative,86,,37
B_RIDGE,2,2,180,needs,textual,coefficient,0.4041269569096719,0.4041269569096719,positive,87,50,
B_RIDGE,2,2,63,disorder,textual,coefficient,0.40376725272467406,0.40376725272467406,positive,88,51,
B_RIDGE,2,2,165,manage,textual,coefficient,0.40291231405729383,0.40291231405729383,positive,89,52,
B_RIDGE,2,2,267,thinking,textual,coefficient,0.39463321314812083,0.39463321314812083,positive,90,53,
B_RIDGE,2,2,128,impulsivity,textual,coefficient,-0.39115158760196905,0.39115158760196905,negative,91,,38
B_RIDGE,2,2,141,late,textual,coefficient,0.3897419956981425,0.3897419956981425,positive,92,54,
B_RIDGE,2,2,122,hyper,textual,coefficient,0.3886381661414256,0.3886381661414256,positive,93,55,
B_RIDGE,2,2,296,wrong,textual,coefficient,-0.3846359501776137,0.3846359501776137,negative,94,,39
B_RIDGE,2,2,134,job,textual,coefficient,0.3799397132616214,0.3799397132616214,positive,95,56,
B_RIDGE,2,2,193,people adhd,textual,coefficient,0.3790227727772815,0.3790227727772815,positive,96,57,
B_RIDGE,2,2,64,distracted,textual,coefficient,0.3763016138524454,0.3763016138524454,positive,97,58,
B_RIDGE,2,2,14,adhders,textual,coefficient,-0.3697742253960771,0.3697742253960771,negative,98,,40
B_RIDGE,2,2,16,affect,textual,coefficient,-0.3615474028362323,0.3615474028362323,negative,99,,41
B_RIDGE,2,2,53,deficit,textual,coefficient,0.3580972081847995,0.3580972081847995,positive,100,59,
B_RIDGE,2,2,243,stress,textual,coefficient,-0.3566304249869102,0.3566304249869102,negative,101,,42
B_RIDGE,2,2,41,change,textual,coefficient,0.35499141177340277,0.35499141177340277,positive,102,60,
B_RIDGE,2,2,110,hard,textual,coefficient,0.3541382243140795,0.3541382243140795,positive,103,61,
B_RIDGE,2,2,223,sensory,textual,coefficient,0.3539658147523714,0.3539658147523714,positive,104,62,
B_RIDGE,2,2,278,understand,textual,coefficient,0.3536826897302721,0.3536826897302721,positive,105,63,
B_RIDGE,2,2,31,bit,textual,coefficient,0.35108244278320144,0.35108244278320144,positive,106,64,
B_RIDGE,2,2,93,feeling,textual,coefficient,0.35103602919233146,0.35103602919233146,positive,107,65,
B_RIDGE,2,2,105,good,textual,coefficient,0.3506242689719896,0.3506242689719896,positive,108,66,
B_RIDGE,2,2,125,impact,textual,coefficient,-0.35008253931979566,0.35008253931979566,negative,109,,43
B_RIDGE,2,2,163,makes,textual,coefficient,0.34463118605548276,0.34463118605548276,positive,110,67,
B_RIDGE,2,2,279,use,textual,coefficient,0.34446346696650926,0.34446346696650926,positive,111,68,
B_RIDGE,2,2,298,years,textual,coefficient,-0.3437751730719,0.3437751730719,negative,112,,44
B_RIDGE,2,2,8,adhd brain,textual,coefficient,0.34161211473167497,0.34161211473167497,positive,113,69,
B_RIDGE,2,2,7,adhd,textual,coefficient,0.33899288590036786,0.33899288590036786,positive,114,70,
B_RIDGE,2,2,129,inattentive,textual,coefficient,-0.3385049742342144,0.3385049742342144,negative,115,,45
B_RIDGE,2,2,245,struggling,textual,coefficient,0.33780873566988284,0.33780873566988284,positive,116,71,
B_RIDGE,2,2,51,create,textual,coefficient,-0.3358185617052538,0.3358185617052538,negative,117,,46
B_RIDGE,2,2,24,avoid,textual,coefficient,-0.3346635918170445,0.3346635918170445,negative,118,,47
B_RIDGE,2,2,47,common,textual,coefficient,-0.3324464230955612,0.3324464230955612,negative,119,,48
B_RIDGE,2,2,120,highly,textual,coefficient,0.3306190817314376,0.3306190817314376,positive,120,72,
B_RIDGE,2,2,113,health,textual,coefficient,-0.32992789816706136,0.32992789816706136,negative,121,,49
B_RIDGE,2,2,294,world,textual,coefficient,-0.3293953354174293,0.3293953354174293,negative,122,,50
B_RIDGE,2,2,42,child,textual,coefficient,-0.3272778202395055,0.3272778202395055,negative,123,,51
B_RIDGE,2,2,58,did,textual,coefficient,-0.32657438448530957,0.32657438448530957,negative,124,,52
B_RIDGE,2,2,1,ability,textual,coefficient,-0.3261610490036974,0.3261610490036974,negative,125,,53
B_RIDGE,2,2,159,love,textual,coefficient,-0.3243484550743248,0.3243484550743248,negative,126,,54
B_RIDGE,2,2,59,didn,textual,coefficient,-0.32313474289850447,0.32313474289850447,negative,127,,55
B_RIDGE,2,2,119,higher,textual,coefficient,-0.32000455871233446,0.32000455871233446,negative,128,,56
B_RIDGE,2,2,19,anger,textual,coefficient,-0.31793657134748515,0.31793657134748515,negative,129,,57
B_RIDGE,2,2,132,isn,textual,coefficient,0.3175170946069246,0.3175170946069246,positive,130,73,
B_RIDGE,2,2,6,add,textual,coefficient,0.31736748862626646,0.31736748862626646,positive,131,74,
B_RIDGE,2,2,23,autism,textual,coefficient,0.31359380660746505,0.31359380660746505,positive,132,75,
B_RIDGE,2,2,210,relationships,textual,coefficient,-0.31307454077861335,0.31307454077861335,negative,133,,58
B_RIDGE,2,2,274,trying,textual,coefficient,-0.3079749877839695,0.3079749877839695,negative,134,,59
B_RIDGE,2,2,148,like,textual,coefficient,-0.3051684537873855,0.3051684537873855,negative,135,,60
B_RIDGE,2,2,234,sort,textual,coefficient,0.30462441298344023,0.30462441298344023,positive,136,76,
B_RIDGE,2,2,13,adhd symptoms,textual,coefficient,0.30461833108036773,0.30461833108036773,positive,137,77,
B_RIDGE,2,2,291,working,textual,coefficient,-0.3035817678139618,0.3035817678139618,negative,138,,61
B_RIDGE,2,2,75,easily,textual,coefficient,-0.30107107932183597,0.30107107932183597,negative,139,,62
B_RIDGE,2,2,92,feel like,textual,coefficient,-0.2983723965130481,0.2983723965130481,negative,140,,63
B_RIDGE,2,2,204,real,textual,coefficient,0.29666288597693685,0.29666288597693685,positive,141,78,
B_RIDGE,2,2,262,therapy,textual,coefficient,-0.29406636814088694,0.29406636814088694,negative,142,,64
B_RIDGE,2,2,43,children,textual,coefficient,0.29211915934285887,0.29211915934285887,positive,143,79,
B_RIDGE,2,2,175,minutes,textual,coefficient,0.2881492806037372,0.2881492806037372,positive,144,80,
B_RIDGE,2,2,182,neurotypical,textual,coefficient,-0.28799806579195664,0.28799806579195664,negative,145,,65
B_RIDGE,2,2,35,burnout,textual,coefficient,-0.28679062082167633,0.28679062082167633,negative,146,,66
B_RIDGE,2,2,20,anxiety,textual,coefficient,-0.2840219658204024,0.2840219658204024,negative,147,,67
B_RIDGE,2,2,170,medications,textual,coefficient,0.2827393669143308,0.2827393669143308,positive,148,81,
B_RIDGE,2,2,150,literally,textual,coefficient,-0.2807971312017741,0.2807971312017741,negative,149,,68
B_RIDGE,2,2,84,example,textual,coefficient,-0.2786622193917346,0.2786622193917346,negative,150,,69
B_RIDGE,2,2,2,able,textual,coefficient,0.2752048638724528,0.2752048638724528,positive,151,82,
B_RIDGE,2,2,202,protein,textual,coefficient,-0.27507212833769307,0.27507212833769307,negative,152,,70
B_RIDGE,2,2,212,research,textual,coefficient,-0.27368346357410195,0.27368346357410195,negative,153,,71
B_RIDGE,2,2,181,nervous,textual,coefficient,0.2734880654750038,0.2734880654750038,positive,154,83,
B_RIDGE,2,2,198,point,textual,coefficient,-0.2721394873903068,0.2721394873903068,negative,155,,72
B_RIDGE,2,2,49,constantly,textual,coefficient,-0.2714360130541911,0.2714360130541911,negative,156,,73
B_RIDGE,2,2,271,times,textual,coefficient,-0.2711729988346384,0.2711729988346384,negative,157,,74
B_RIDGE,2,2,112,having,textual,coefficient,-0.26637979931895506,0.26637979931895506,negative,158,,75
B_RIDGE,2,2,231,small,textual,coefficient,-0.2620396546905267,0.2620396546905267,negative,159,,76
B_RIDGE,2,2,68,doing,textual,coefficient,-0.2616304288426014,0.2616304288426014,negative,160,,77
B_RIDGE,2,2,30,big,textual,coefficient,-0.26031336562053625,0.26031336562053625,negative,161,,78
B_RIDGE,2,2,289,women,textual,coefficient,-0.25770727540816635,0.25770727540816635,negative,162,,79
B_RIDGE,2,2,87,experience,textual,coefficient,0.24977038797161624,0.24977038797161624,positive,163,84,
B_RIDGE,2,2,260,term,textual,coefficient,0.24931673725377462,0.24931673725377462,positive,164,85,
B_RIDGE,2,2,273,try,textual,coefficient,0.24536122304261349,0.24536122304261349,positive,165,86,
B_RIDGE,2,2,239,stimulant,textual,coefficient,-0.24474356094505262,0.24474356094505262,negative,166,,80
B_RIDGE,2,2,225,shown,textual,coefficient,-0.24378947319497843,0.24378947319497843,negative,167,,81
B_RIDGE,2,2,108,gut,textual,coefficient,-0.24363803094832656,0.24363803094832656,negative,168,,82
B_RIDGE,2,2,88,fact,textual,coefficient,0.24338420778791534,0.24338420778791534,positive,169,87,
B_RIDGE,2,2,79,emotions,textual,coefficient,-0.24250796056768412,0.24250796056768412,negative,170,,83
B_RIDGE,2,2,76,eat,textual,coefficient,-0.2392452411171982,0.2392452411171982,negative,171,,84
B_RIDGE,2,2,167,mean,textual,coefficient,0.23797204192955923,0.23797204192955923,positive,172,88,
B_RIDGE,2,2,237,state,textual,coefficient,-0.23708754948746752,0.23708754948746752,negative,173,,85
B_RIDGE,2,2,232,social,textual,coefficient,0.23084341654695736,0.23084341654695736,positive,174,89,
B_RIDGE,2,2,145,level,textual,coefficient,-0.23000517312054652,0.23000517312054652,negative,175,,86
B_RIDGE,2,2,121,hours,textual,coefficient,-0.22986464004791707,0.22986464004791707,negative,176,,87
B_RIDGE,2,2,160,low,textual,coefficient,-0.22817396214347552,0.22817396214347552,negative,177,,88
B_RIDGE,2,2,123,hyperactive,textual,coefficient,0.22690573182974344,0.22690573182974344,positive,178,90,
B_RIDGE,2,2,235,sound,textual,coefficient,-0.22675159728875427,0.22675159728875427,negative,179,,89
B_RIDGE,2,2,32,body,textual,coefficient,0.22212014700134447,0.22212014700134447,positive,180,91,
B_RIDGE,2,2,97,food,textual,coefficient,-0.2212269834731378,0.2212269834731378,negative,181,,90
B_RIDGE,2,2,100,function,textual,coefficient,-0.21763400873003277,0.21763400873003277,negative,182,,91
B_RIDGE,2,2,250,support,textual,coefficient,-0.21735023441328874,0.21735023441328874,negative,183,,92
B_RIDGE,2,2,117,helps,textual,coefficient,-0.2169495844890981,0.2169495844890981,negative,184,,93
B_RIDGE,2,2,74,dysfunction,textual,coefficient,-0.20754678664742537,0.20754678664742537,negative,185,,94
B_RIDGE,2,2,286,want,textual,coefficient,-0.20699426156427914,0.20699426156427914,negative,186,,95
B_RIDGE,2,2,89,family,textual,coefficient,-0.2039583837490246,0.2039583837490246,negative,187,,96
B_RIDGE,2,2,146,levels,textual,coefficient,-0.20315057872350673,0.20315057872350673,negative,188,,97
B_RIDGE,2,2,248,stuff,textual,coefficient,-0.1946019715411275,0.1946019715411275,negative,189,,98
B_RIDGE,2,2,241,stimulation,textual,coefficient,-0.1943743223356749,0.1943743223356749,negative,190,,99
B_RIDGE,2,2,109,happens,textual,coefficient,-0.19253297022050997,0.19253297022050997,negative,191,,100
B_RIDGE,2,2,50,control,textual,coefficient,-0.1918399983659858,0.1918399983659858,negative,192,,101
B_RIDGE,2,2,69,don,textual,coefficient,0.1879579061826839,0.1879579061826839,positive,193,92,
B_RIDGE,2,2,290,work,textual,coefficient,0.18728611191848238,0.18728611191848238,positive,194,93,
B_RIDGE,2,2,99,forget,textual,coefficient,-0.183986877019292,0.183986877019292,negative,195,,102
B_RIDGE,2,2,221,sensitive,textual,coefficient,-0.1806426054452695,0.1806426054452695,negative,196,,103
B_RIDGE,2,2,138,know,textual,coefficient,-0.17181042073943312,0.17181042073943312,negative,197,,104
B_RIDGE,2,2,293,works,textual,coefficient,0.1667559562741113,0.1667559562741113,positive,198,94,
B_RIDGE,2,2,219,self,textual,coefficient,0.1655684284888355,0.1655684284888355,positive,199,95,
B_RIDGE,2,2,188,order,textual,coefficient,0.16511102568452826,0.16511102568452826,positive,200,96,
B_RIDGE,2,2,281,usually,textual,coefficient,0.1642531427152007,0.1642531427152007,positive,201,97,
B_RIDGE,2,2,282,ve,textual,coefficient,0.16275718162223493,0.16275718162223493,positive,202,98,
B_RIDGE,2,2,46,comments,textual,coefficient,-0.15773372711453837,0.15773372711453837,negative,203,,105
B_RIDGE,2,2,207,reason,textual,coefficient,-0.15583675866622948,0.15583675866622948,negative,204,,106
B_RIDGE,2,2,176,morning,textual,coefficient,-0.15527287378067592,0.15527287378067592,negative,205,,107
B_RIDGE,2,2,191,pay,textual,coefficient,-0.15030089296011587,0.15030089296011587,negative,206,,108
B_RIDGE,2,2,56,diagnosed,textual,coefficient,0.14928534448699318,0.14928534448699318,positive,207,99,
B_RIDGE,2,2,161,lower,textual,coefficient,0.14890273568542464,0.14890273568542464,positive,208,100,
B_RIDGE,2,2,164,making,textual,coefficient,0.14884811686559385,0.14884811686559385,positive,209,101,
B_RIDGE,2,2,295,worse,textual,coefficient,-0.14769395534218926,0.14769395534218926,negative,210,,109
B_RIDGE,2,2,206,really,textual,coefficient,-0.14730554114305008,0.14730554114305008,negative,211,,110
B_RIDGE,2,2,4,activity,textual,coefficient,0.14667446232423345,0.14667446232423345,positive,212,102,
B_RIDGE,2,2,217,school,textual,coefficient,-0.14436160959887379,0.14436160959887379,negative,213,,111
B_RIDGE,2,2,252,symptoms,textual,coefficient,0.144164134987807,0.144164134987807,positive,214,103,
B_RIDGE,2,2,18,alcohol,textual,coefficient,-0.1424256042601554,0.1424256042601554,negative,215,,112
B_RIDGE,2,2,52,day,textual,coefficient,0.141847517022874,0.141847517022874,positive,216,104,
B_RIDGE,2,2,173,mental,textual,coefficient,0.1378280882658029,0.1378280882658029,positive,217,105,
B_RIDGE,2,2,144,let,textual,coefficient,-0.1375597552764614,0.1375597552764614,negative,218,,113
B_RIDGE,2,2,86,exercise,textual,coefficient,-0.13725299368919633,0.13725299368919633,negative,219,,114
B_RIDGE,2,2,5,actually,textual,coefficient,0.13631500939812963,0.13631500939812963,positive,220,106,
B_RIDGE,2,2,183,new,textual,coefficient,0.1357627012837419,0.1357627012837419,positive,221,107,
B_RIDGE,2,2,297,yeah,textual,coefficient,-0.13156731461012997,0.13156731461012997,negative,222,,115
B_RIDGE,2,2,157,lot,textual,coefficient,-0.13053070407144424,0.13053070407144424,negative,223,,116
B_RIDGE,2,2,54,definitely,textual,coefficient,0.12710946080359112,0.12710946080359112,positive,224,108,
B_RIDGE,2,2,25,away,textual,coefficient,-0.12666989186470232,0.12666989186470232,negative,225,,117
B_RIDGE,2,2,37,called,textual,coefficient,-0.12644245950634633,0.12644245950634633,negative,226,,118
B_RIDGE,2,2,34,brains,textual,coefficient,-0.12277123747901056,0.12277123747901056,negative,227,,119
B_RIDGE,2,2,236,start,textual,coefficient,0.12159309352074216,0.12159309352074216,positive,228,109,
B_RIDGE,2,2,33,brain,textual,coefficient,0.12121571444123302,0.12121571444123302,positive,229,110,
B_RIDGE,2,2,169,medication,textual,coefficient,-0.11909887073985317,0.11909887073985317,negative,230,,120
B_RIDGE,2,2,27,behavior,textual,coefficient,-0.11265779782219823,0.11265779782219823,negative,231,,121
B_RIDGE,2,2,258,tell,textual,coefficient,0.11261867696564193,0.11261867696564193,positive,232,111,
B_RIDGE,2,2,45,comes,textual,coefficient,-0.11037842550740819,0.11037842550740819,negative,233,,122
B_RIDGE,2,2,96,follow,textual,coefficient,-0.10628481842125793,0.10628481842125793,negative,234,,123
B_RIDGE,2,2,168,means,textual,coefficient,0.10079904653897198,0.10079904653897198,positive,235,112,
B_RIDGE,2,2,66,does,textual,coefficient,0.0999498096778551,0.0999498096778551,positive,236,113,
B_RIDGE,2,2,189,overwhelmed,textual,coefficient,-0.09974507448172207,0.09974507448172207,negative,237,,124
B_RIDGE,2,2,15,adults,textual,coefficient,0.09773696994203851,0.09773696994203851,positive,238,114,
B_RIDGE,2,2,29,better,textual,coefficient,-0.09709415733270242,0.09709415733270242,negative,239,,125
B_RIDGE,2,2,70,don know,textual,coefficient,0.09677975649427303,0.09677975649427303,positive,240,115,
B_RIDGE,2,2,154,long,textual,coefficient,0.09607867574253351,0.09607867574253351,positive,241,116,
B_RIDGE,2,2,106,got,textual,coefficient,-0.09380061589660388,0.09380061589660388,negative,242,,126
B_RIDGE,2,2,292,working memory,textual,coefficient,-0.09340071946294004,0.09340071946294004,negative,243,,127
B_RIDGE,2,2,3,absolutely,textual,coefficient,-0.09080910278896029,0.09080910278896029,negative,244,,128
B_RIDGE,2,2,251,sure,textual,coefficient,-0.09054357635631075,0.09054357635631075,negative,245,,129
B_RIDGE,2,2,118,high,textual,coefficient,0.0898520488150491,0.0898520488150491,positive,246,117,
B_RIDGE,2,2,280,using,textual,coefficient,-0.08714728931765388,0.08714728931765388,negative,247,,130
B_RIDGE,2,2,26,bad,textual,coefficient,-0.08690899585875782,0.08690899585875782,negative,248,,131
B_RIDGE,2,2,224,seven,textual,coefficient,0.08684773583633792,0.08684773583633792,positive,249,118,
B_RIDGE,2,2,256,task,textual,coefficient,0.08414277324346693,0.08414277324346693,positive,250,119,
B_RIDGE,2,2,143,learn,textual,coefficient,0.08241627126017358,0.08241627126017358,positive,251,120,
B_RIDGE,2,2,104,going,textual,coefficient,-0.08129998198349392,0.08129998198349392,negative,252,,132
B_RIDGE,2,2,166,maybe,textual,coefficient,0.07706979084652055,0.07706979084652055,positive,253,121,
B_RIDGE,2,2,142,later,textual,coefficient,-0.07334426314092717,0.07334426314092717,negative,254,,133
B_RIDGE,2,2,288,ways,textual,coefficient,-0.07191926705352723,0.07191926705352723,negative,255,,134
B_RIDGE,2,2,261,test,textual,coefficient,0.07111663514956641,0.07111663514956641,positive,256,122,
B_RIDGE,2,2,85,executive,textual,coefficient,-0.07083532339721658,0.07083532339721658,negative,257,,135
B_RIDGE,2,2,82,especially,textual,coefficient,0.06626990049896668,0.06626990049896668,positive,258,123,
B_RIDGE,2,2,300,certainty_score,handcrafted_linguistic,coefficient,-0.06489069354202516,0.06489069354202516,negative,259,,136
B_RIDGE,2,2,249,sugar,textual,coefficient,0.0628305979613861,0.0628305979613861,positive,260,124,
B_RIDGE,2,2,215,say,textual,coefficient,-0.062223618165138675,0.062223618165138675,negative,261,,137
B_RIDGE,2,2,115,help,textual,coefficient,0.062124145784712766,0.062124145784712766,positive,262,125,
B_RIDGE,2,2,153,ll,textual,coefficient,-0.05900579088625466,0.05900579088625466,negative,263,,138
B_RIDGE,2,2,67,doesn,textual,coefficient,0.05764308339533328,0.05764308339533328,positive,264,126,
B_RIDGE,2,2,107,great,textual,coefficient,-0.05661936767740413,0.05661936767740413,negative,265,,139
B_RIDGE,2,2,36,caffeine,textual,coefficient,0.04927085782731117,0.04927085782731117,positive,266,127,
B_RIDGE,2,2,83,everybody,textual,coefficient,0.0479934254392779,0.0479934254392779,positive,267,128,
B_RIDGE,2,2,203,quickly,textual,coefficient,-0.04445369984781303,0.04445369984781303,negative,268,,140
B_RIDGE,2,2,299,yes,textual,coefficient,0.04380834956315039,0.04380834956315039,positive,269,129,
B_RIDGE,2,2,73,drink,textual,coefficient,-0.043673110764574787,0.043673110764574787,negative,270,,141
B_RIDGE,2,2,103,getting,textual,coefficient,-0.04202942232902233,0.04202942232902233,negative,271,,142
B_RIDGE,2,2,155,look,textual,coefficient,-0.04005426070703109,0.04005426070703109,negative,272,,143
B_RIDGE,2,2,186,oh,textual,coefficient,-0.03996805478178933,0.03996805478178933,negative,273,,144
B_RIDGE,2,2,48,condition,textual,coefficient,-0.037623526933102065,0.037623526933102065,negative,274,,145
B_RIDGE,2,2,247,study,textual,coefficient,-0.037582551640951575,0.037582551640951575,negative,275,,146
B_RIDGE,2,2,101,functioning,textual,coefficient,0.03461784979291811,0.03461784979291811,positive,276,130,
B_RIDGE,2,2,230,sleep,textual,coefficient,0.0336717125866514,0.0336717125866514,positive,277,131,
B_RIDGE,2,2,214,said,textual,coefficient,-0.033482205541694794,0.033482205541694794,negative,278,,147
B_RIDGE,2,2,91,feel,textual,coefficient,0.031357620894703994,0.031357620894703994,positive,279,132,
B_RIDGE,2,2,201,problems,textual,coefficient,-0.03086921406871411,0.03086921406871411,negative,280,,148
B_RIDGE,2,2,244,struggle,textual,coefficient,0.030739330548434075,0.030739330548434075,positive,281,133,
B_RIDGE,2,2,10,adhd just,textual,coefficient,0.03020490330474575,0.03020490330474575,positive,282,134,
B_RIDGE,2,2,208,regulation,textual,coefficient,0.02941004838492952,0.02941004838492952,positive,283,135,
B_RIDGE,2,2,195,phone,textual,coefficient,0.028826635998312804,0.028826635998312804,positive,284,136,
B_RIDGE,2,2,187,okay,textual,coefficient,0.028216504311488474,0.028216504311488474,positive,285,137,
B_RIDGE,2,2,171,meds,textual,coefficient,0.02621145331084821,0.02621145331084821,positive,286,138,
B_RIDGE,2,2,216,saying,textual,coefficient,0.025646096803094893,0.025646096803094893,positive,287,139,
B_RIDGE,2,2,12,adhd people,textual,coefficient,-0.025512524671692207,0.025512524671692207,negative,288,,149
B_RIDGE,2,2,233,somebody,textual,coefficient,-0.024448404913657785,0.024448404913657785,negative,289,,150
B_RIDGE,2,2,114,hear,textual,coefficient,0.023637965801176608,0.023637965801176608,positive,290,140,
B_RIDGE,2,2,62,difficulty,textual,coefficient,-0.020501386936064955,0.020501386936064955,negative,291,,151
B_RIDGE,2,2,264,things,textual,coefficient,-0.01915302507863283,0.01915302507863283,negative,292,,152
B_RIDGE,2,2,149,likely,textual,coefficient,-0.01901812790937156,0.01901812790937156,negative,293,,153
B_RIDGE,2,2,228,single,textual,coefficient,0.01898297904168974,0.01898297904168974,positive,294,141,
B_RIDGE,2,2,301,hedge_score,handcrafted_linguistic,coefficient,-0.01777021501706449,0.01777021501706449,negative,295,,154
B_RIDGE,2,2,136,kids,textual,coefficient,0.01608506182014997,0.01608506182014997,positive,296,142,
B_RIDGE,2,2,61,different,textual,coefficient,-0.015401586591676609,0.015401586591676609,negative,297,,155
B_RIDGE,2,2,102,gets,textual,coefficient,-0.011434500750588671,0.011434500750588671,negative,298,,156
B_RIDGE,2,2,255,talking,textual,coefficient,-0.00699499384169559,0.00699499384169559,negative,299,,157
B_RIDGE,2,2,283,ve got,textual,coefficient,0.0050203859189463474,0.0050203859189463474,positive,300,143,
B_RIDGE,2,2,194,person,textual,coefficient,0.003837938520070931,0.003837938520070931,positive,301,144,
B_RIDGE,2,2,192,people,textual,coefficient,-0.000303310015681696,0.000303310015681696,negative,302,,158
B_RIDGE,2,3,253,taking,textual,coefficient,1.343308274108456,1.343308274108456,positive,1,1,
B_RIDGE,2,3,126,important,textual,coefficient,1.040217148032935,1.040217148032935,positive,2,2,
B_RIDGE,2,3,108,gut,textual,coefficient,1.0037092862440957,1.0037092862440957,positive,3,3,
B_RIDGE,2,3,116,helpful,textual,coefficient,0.9913495307867239,0.9913495307867239,positive,4,4,
B_RIDGE,2,3,71,dopamine,textual,coefficient,0.9373013217748513,0.9373013217748513,positive,5,5,
B_RIDGE,2,3,263,thing,textual,coefficient,0.9173010729634687,0.9173010729634687,positive,6,6,
B_RIDGE,2,3,221,sensitive,textual,coefficient,0.8982444198724366,0.8982444198724366,positive,7,7,
B_RIDGE,2,3,246,studies,textual,coefficient,-0.8492845575556521,0.8492845575556521,negative,8,,1
B_RIDGE,2,3,4,activity,textual,coefficient,0.8108629794345238,0.8108629794345238,positive,9,8,
B_RIDGE,2,3,201,problems,textual,coefficient,-0.774117871069315,0.774117871069315,negative,10,,2
B_RIDGE,2,3,19,anger,textual,coefficient,0.7736673612223373,0.7736673612223373,positive,11,9,
B_RIDGE,2,3,73,drink,textual,coefficient,0.7662714454373813,0.7662714454373813,positive,12,10,
B_RIDGE,2,3,206,really,textual,coefficient,0.7419511061732843,0.7419511061732843,positive,13,11,
B_RIDGE,2,3,184,normal,textual,coefficient,0.7329986855878796,0.7329986855878796,positive,14,12,
B_RIDGE,2,3,261,test,textual,coefficient,0.7246740714538327,0.7246740714538327,positive,15,13,
B_RIDGE,2,3,210,relationships,textual,coefficient,0.7243556435882413,0.7243556435882413,positive,16,14,
B_RIDGE,2,3,270,time,textual,coefficient,0.715892401075274,0.715892401075274,positive,17,15,
B_RIDGE,2,3,102,gets,textual,coefficient,0.7099625220374643,0.7099625220374643,positive,18,16,
B_RIDGE,2,3,109,happens,textual,coefficient,0.7052406095292297,0.7052406095292297,positive,19,17,
B_RIDGE,2,3,135,just,textual,coefficient,-0.7049590113294257,0.7049590113294257,negative,20,,3
B_RIDGE,2,3,57,diagnosis,textual,coefficient,-0.6780432459725125,0.6780432459725125,negative,21,,4
B_RIDGE,2,3,274,trying,textual,coefficient,0.6771799205473322,0.6771799205473322,positive,22,18,
B_RIDGE,2,3,205,realize,textual,coefficient,0.6681355543515687,0.6681355543515687,positive,23,19,
B_RIDGE,2,3,84,example,textual,coefficient,0.6605106544050365,0.6605106544050365,positive,24,20,
B_RIDGE,2,3,97,food,textual,coefficient,0.649547243133407,0.649547243133407,positive,25,21,
B_RIDGE,2,3,156,looking,textual,coefficient,-0.6436127485711345,0.6436127485711345,negative,26,,5
B_RIDGE,2,3,20,anxiety,textual,coefficient,-0.6344409586409496,0.6344409586409496,negative,27,,6
B_RIDGE,2,3,172,memory,textual,coefficient,0.6264220576034448,0.6264220576034448,positive,28,22,
B_RIDGE,2,3,132,isn,textual,coefficient,-0.6128757246804212,0.6128757246804212,negative,29,,7
B_RIDGE,2,3,182,neurotypical,textual,coefficient,0.6080987709698148,0.6080987709698148,positive,30,23,
B_RIDGE,2,3,31,bit,textual,coefficient,0.5938657431113402,0.5938657431113402,positive,31,24,
B_RIDGE,2,3,161,lower,textual,coefficient,0.5922935948612553,0.5922935948612553,positive,32,25,
B_RIDGE,2,3,5,actually,textual,coefficient,-0.5825199489123044,0.5825199489123044,negative,33,,8
B_RIDGE,2,3,43,children,textual,coefficient,-0.5746237112661776,0.5746237112661776,negative,34,,9
B_RIDGE,2,3,198,point,textual,coefficient,0.5684487227440203,0.5684487227440203,positive,35,26,
B_RIDGE,2,3,293,works,textual,coefficient,-0.551937498118473,0.551937498118473,negative,36,,10
B_RIDGE,2,3,95,focus,textual,coefficient,-0.5463869893588367,0.5463869893588367,negative,37,,11
B_RIDGE,2,3,230,sleep,textual,coefficient,0.5459047069866176,0.5459047069866176,positive,38,27,
B_RIDGE,2,3,180,needs,textual,coefficient,-0.5396901799956275,0.5396901799956275,negative,39,,12
B_RIDGE,2,3,299,yes,textual,coefficient,0.5348511117324639,0.5348511117324639,positive,40,28,
B_RIDGE,2,3,216,saying,textual,coefficient,-0.532548054140119,0.532548054140119,negative,41,,13
B_RIDGE,2,3,142,later,textual,coefficient,-0.5263049089291769,0.5263049089291769,negative,42,,14
B_RIDGE,2,3,115,help,textual,coefficient,-0.5209854367286869,0.5209854367286869,negative,43,,15
B_RIDGE,2,3,292,working memory,textual,coefficient,0.5199973839707877,0.5199973839707877,positive,44,29,
B_RIDGE,2,3,203,quickly,textual,coefficient,-0.5087894207125782,0.5087894207125782,negative,45,,16
B_RIDGE,2,3,202,protein,textual,coefficient,0.5030148059550348,0.5030148059550348,positive,46,30,
B_RIDGE,2,3,217,school,textual,coefficient,0.49935981368756766,0.49935981368756766,positive,47,31,
B_RIDGE,2,3,220,sense,textual,coefficient,0.489776178798042,0.489776178798042,positive,48,32,
B_RIDGE,2,3,37,called,textual,coefficient,0.48479518823015066,0.48479518823015066,positive,49,33,
B_RIDGE,2,3,75,easily,textual,coefficient,-0.4846741887186005,0.4846741887186005,negative,50,,17
B_RIDGE,2,3,18,alcohol,textual,coefficient,0.48428577604540596,0.48428577604540596,positive,51,34,
B_RIDGE,2,3,239,stimulant,textual,coefficient,-0.47279309123132773,0.47279309123132773,negative,52,,18
B_RIDGE,2,3,145,level,textual,coefficient,0.4719866088888391,0.4719866088888391,positive,53,35,
B_RIDGE,2,3,87,experience,textual,coefficient,-0.47055469091800933,0.47055469091800933,negative,54,,19
B_RIDGE,2,3,1,ability,textual,coefficient,0.4633114729735769,0.4633114729735769,positive,55,36,
B_RIDGE,2,3,151,little,textual,coefficient,-0.46033710198211,0.46033710198211,negative,56,,20
B_RIDGE,2,3,29,better,textual,coefficient,0.45806501790333687,0.45806501790333687,positive,57,37,
B_RIDGE,2,3,42,child,textual,coefficient,0.4565391096889544,0.4565391096889544,positive,58,38,
B_RIDGE,2,3,213,right,textual,coefficient,-0.44648861604397405,0.44648861604397405,negative,59,,21
B_RIDGE,2,3,235,sound,textual,coefficient,0.4447161741669005,0.4447161741669005,positive,60,39,
B_RIDGE,2,3,146,levels,textual,coefficient,0.4369134557806884,0.4369134557806884,positive,61,40,
B_RIDGE,2,3,159,love,textual,coefficient,0.42754200145214133,0.42754200145214133,positive,62,41,
B_RIDGE,2,3,211,remember,textual,coefficient,-0.42174700282054695,0.42174700282054695,negative,63,,22
B_RIDGE,2,3,199,probably,textual,coefficient,0.41500064549614807,0.41500064549614807,positive,64,42,
B_RIDGE,2,3,140,lack,textual,coefficient,-0.41416577714706976,0.41416577714706976,negative,65,,23
B_RIDGE,2,3,162,make,textual,coefficient,0.4132765820534092,0.4132765820534092,positive,66,43,
B_RIDGE,2,3,17,affects,textual,coefficient,-0.4100075533776867,0.4100075533776867,negative,67,,24
B_RIDGE,2,3,149,likely,textual,coefficient,0.4036537541760095,0.4036537541760095,positive,68,44,
B_RIDGE,2,3,61,different,textual,coefficient,0.39924542911385524,0.39924542911385524,positive,69,45,
B_RIDGE,2,3,290,work,textual,coefficient,-0.39843531403896604,0.39843531403896604,negative,70,,25
B_RIDGE,2,3,112,having,textual,coefficient,-0.3975623461469567,0.3975623461469567,negative,71,,26
B_RIDGE,2,3,93,feeling,textual,coefficient,-0.39644467321063287,0.39644467321063287,negative,72,,27
B_RIDGE,2,3,133,issues,textual,coefficient,0.39169616416387976,0.39169616416387976,positive,73,46,
B_RIDGE,2,3,260,term,textual,coefficient,-0.3903953100056191,0.3903953100056191,negative,74,,28
B_RIDGE,2,3,69,don,textual,coefficient,-0.389717282974252,0.389717282974252,negative,75,,29
B_RIDGE,2,3,64,distracted,textual,coefficient,-0.38407502618845424,0.38407502618845424,negative,76,,30
B_RIDGE,2,3,255,talking,textual,coefficient,0.3816726358127881,0.3816726358127881,positive,77,47,
B_RIDGE,2,3,278,understand,textual,coefficient,-0.3811904403317707,0.3811904403317707,negative,78,,31
B_RIDGE,2,3,229,sit,textual,coefficient,-0.37847992923911344,0.37847992923911344,negative,79,,32
B_RIDGE,2,3,252,symptoms,textual,coefficient,-0.37833485827905683,0.37833485827905683,negative,80,,33
B_RIDGE,2,3,240,stimulants,textual,coefficient,-0.3745225989365923,0.3745225989365923,negative,81,,34
B_RIDGE,2,3,26,bad,textual,coefficient,0.3738301972872989,0.3738301972872989,positive,82,48,
B_RIDGE,2,3,136,kids,textual,coefficient,-0.37109889742813296,0.37109889742813296,negative,83,,35
B_RIDGE,2,3,147,life,textual,coefficient,-0.3689868131536047,0.3689868131536047,negative,84,,36
B_RIDGE,2,3,284,video,textual,coefficient,-0.3689123454707757,0.3689123454707757,negative,85,,37
B_RIDGE,2,3,50,control,textual,coefficient,0.356027133784848,0.356027133784848,positive,86,49,
B_RIDGE,2,3,204,real,textual,coefficient,-0.35562320916036,0.35562320916036,negative,87,,38
B_RIDGE,2,3,192,people,textual,coefficient,0.3472339294838222,0.3472339294838222,positive,88,50,
B_RIDGE,2,3,30,big,textual,coefficient,0.33519522788814127,0.33519522788814127,positive,89,51,
B_RIDGE,2,3,189,overwhelmed,textual,coefficient,0.3328359720530464,0.3328359720530464,positive,90,52,
B_RIDGE,2,3,188,order,textual,coefficient,-0.3296368675726012,0.3296368675726012,negative,91,,39
B_RIDGE,2,3,287,way,textual,coefficient,-0.3286789591154494,0.3286789591154494,negative,92,,40
B_RIDGE,2,3,58,did,textual,coefficient,0.32221674321335236,0.32221674321335236,positive,93,53,
B_RIDGE,2,3,200,problem,textual,coefficient,0.31725006415462,0.31725006415462,positive,94,54,
B_RIDGE,2,3,298,years,textual,coefficient,0.31411322704671335,0.31411322704671335,positive,95,55,
B_RIDGE,2,3,285,wait,textual,coefficient,-0.309391561800807,0.309391561800807,negative,96,,41
B_RIDGE,2,3,88,fact,textual,coefficient,-0.30762788982389,0.30762788982389,negative,97,,42
B_RIDGE,2,3,268,thought,textual,coefficient,-0.30650357083981494,0.30650357083981494,negative,98,,43
B_RIDGE,2,3,215,say,textual,coefficient,-0.30648078953935376,0.30648078953935376,negative,99,,44
B_RIDGE,2,3,79,emotions,textual,coefficient,0.303620976012764,0.303620976012764,positive,100,56,
B_RIDGE,2,3,273,try,textual,coefficient,-0.3016740988094556,0.3016740988094556,negative,101,,45
B_RIDGE,2,3,244,struggle,textual,coefficient,0.2985004300198254,0.2985004300198254,positive,102,57,
B_RIDGE,2,3,228,single,textual,coefficient,-0.29506977353255265,0.29506977353255265,negative,103,,46
B_RIDGE,2,3,181,nervous,textual,coefficient,-0.2948907024064226,0.2948907024064226,negative,104,,47
B_RIDGE,2,3,209,rejection,textual,coefficient,-0.2946238282368759,0.2946238282368759,negative,105,,48
B_RIDGE,2,3,47,common,textual,coefficient,0.28851588037620723,0.28851588037620723,positive,106,58,
B_RIDGE,2,3,288,ways,textual,coefficient,0.2883663394445638,0.2883663394445638,positive,107,59,
B_RIDGE,2,3,286,want,textual,coefficient,0.2878117510857067,0.2878117510857067,positive,108,60,
B_RIDGE,2,3,124,hyperactivity,textual,coefficient,0.28692123582751644,0.28692123582751644,positive,109,61,
B_RIDGE,2,3,219,self,textual,coefficient,-0.28589816300299925,0.28589816300299925,negative,110,,49
B_RIDGE,2,3,83,everybody,textual,coefficient,-0.28478877217412923,0.28478877217412923,negative,111,,50
B_RIDGE,2,3,277,um,textual,coefficient,-0.2820916981043354,0.2820916981043354,negative,112,,51
B_RIDGE,2,3,148,like,textual,coefficient,-0.2804916192604608,0.2804916192604608,negative,113,,52
B_RIDGE,2,3,129,inattentive,textual,coefficient,0.2760572764382474,0.2760572764382474,positive,114,62,
B_RIDGE,2,3,157,lot,textual,coefficient,0.2724762758970376,0.2724762758970376,positive,115,63,
B_RIDGE,2,3,103,getting,textual,coefficient,0.2711744538331049,0.2711744538331049,positive,116,64,
B_RIDGE,2,3,0,10,textual,coefficient,0.263878562115058,0.263878562115058,positive,117,65,
B_RIDGE,2,3,276,uh,textual,coefficient,0.2632296654051852,0.2632296654051852,positive,118,66,
B_RIDGE,2,3,269,thoughts,textual,coefficient,-0.2631233061293507,0.2631233061293507,negative,119,,53
B_RIDGE,2,3,275,type,textual,coefficient,0.26297299904186994,0.26297299904186994,positive,120,67,
B_RIDGE,2,3,78,emotional,textual,coefficient,0.2623023152647459,0.2623023152647459,positive,121,68,
B_RIDGE,2,3,282,ve,textual,coefficient,-0.25649094414417983,0.25649094414417983,negative,122,,54
B_RIDGE,2,3,222,sensitivity,textual,coefficient,-0.25584605312072606,0.25584605312072606,negative,123,,55
B_RIDGE,2,3,74,dysfunction,textual,coefficient,0.2555941971208208,0.2555941971208208,positive,124,69,
B_RIDGE,2,3,257,tasks,textual,coefficient,-0.25479491478558264,0.25479491478558264,negative,125,,56
B_RIDGE,2,3,167,mean,textual,coefficient,0.2517895670180168,0.2517895670180168,positive,126,70,
B_RIDGE,2,3,191,pay,textual,coefficient,0.2503837586525369,0.2503837586525369,positive,127,71,
B_RIDGE,2,3,2,able,textual,coefficient,-0.24419098656221164,0.24419098656221164,negative,128,,57
B_RIDGE,2,3,72,dr,textual,coefficient,0.2438213671435884,0.2438213671435884,positive,129,72,
B_RIDGE,2,3,46,comments,textual,coefficient,0.24378389804502584,0.24378389804502584,positive,130,73,
B_RIDGE,2,3,15,adults,textual,coefficient,0.24288664167008425,0.24288664167008425,positive,131,74,
B_RIDGE,2,3,193,people adhd,textual,coefficient,0.2426224380275755,0.2426224380275755,positive,132,75,
B_RIDGE,2,3,128,impulsivity,textual,coefficient,-0.23924506896082526,0.23924506896082526,negative,133,,58
B_RIDGE,2,3,241,stimulation,textual,coefficient,-0.2387844911284451,0.2387844911284451,negative,134,,59
B_RIDGE,2,3,25,away,textual,coefficient,-0.23829054284163836,0.23829054284163836,negative,135,,60
B_RIDGE,2,3,68,doing,textual,coefficient,-0.23701596462826166,0.23701596462826166,negative,136,,61
B_RIDGE,2,3,187,okay,textual,coefficient,-0.2349932128261442,0.2349932128261442,negative,137,,62
B_RIDGE,2,3,12,adhd people,textual,coefficient,0.23305321280019506,0.23305321280019506,positive,138,76,
B_RIDGE,2,3,168,means,textual,coefficient,-0.23222411636972626,0.23222411636972626,negative,139,,63
B_RIDGE,2,3,137,kind,textual,coefficient,-0.23014041375100736,0.23014041375100736,negative,140,,64
B_RIDGE,2,3,118,high,textual,coefficient,-0.22878415550109446,0.22878415550109446,negative,141,,65
B_RIDGE,2,3,127,impulsive,textual,coefficient,-0.22819696553513513,0.22819696553513513,negative,142,,66
B_RIDGE,2,3,178,music,textual,coefficient,-0.22514781864751227,0.22514781864751227,negative,143,,67
B_RIDGE,2,3,9,adhd brains,textual,coefficient,0.22425236390902484,0.22425236390902484,positive,144,77,
B_RIDGE,2,3,169,medication,textual,coefficient,-0.2229075969707717,0.2229075969707717,negative,145,,68
B_RIDGE,2,3,130,increase,textual,coefficient,-0.22248207546153922,0.22248207546153922,negative,146,,69
B_RIDGE,2,3,223,sensory,textual,coefficient,0.22236223745549946,0.22236223745549946,positive,147,78,
B_RIDGE,2,3,3,absolutely,textual,coefficient,-0.22232933462317797,0.22232933462317797,negative,148,,70
B_RIDGE,2,3,35,burnout,textual,coefficient,-0.2221586221580296,0.2221586221580296,negative,149,,71
B_RIDGE,2,3,80,end,textual,coefficient,-0.22029482881227377,0.22029482881227377,negative,150,,72
B_RIDGE,2,3,52,day,textual,coefficient,-0.21416249871717352,0.21416249871717352,negative,151,,73
B_RIDGE,2,3,99,forget,textual,coefficient,0.21370259438378056,0.21370259438378056,positive,152,79,
B_RIDGE,2,3,125,impact,textual,coefficient,-0.20677591883095425,0.20677591883095425,negative,153,,74
B_RIDGE,2,3,195,phone,textual,coefficient,-0.20441766147917503,0.20441766147917503,negative,154,,75
B_RIDGE,2,3,238,stay,textual,coefficient,-0.20086854582618444,0.20086854582618444,negative,155,,76
B_RIDGE,2,3,32,body,textual,coefficient,0.20044625299044888,0.20044625299044888,positive,156,80,
B_RIDGE,2,3,70,don know,textual,coefficient,-0.19840438326420112,0.19840438326420112,negative,157,,77
B_RIDGE,2,3,62,difficulty,textual,coefficient,0.19836589850710598,0.19836589850710598,positive,158,81,
B_RIDGE,2,3,114,hear,textual,coefficient,-0.1977887683746377,0.1977887683746377,negative,159,,78
B_RIDGE,2,3,55,depression,textual,coefficient,-0.19684334993707414,0.19684334993707414,negative,160,,79
B_RIDGE,2,3,34,brains,textual,coefficient,0.19624755053070725,0.19624755053070725,positive,161,82,
B_RIDGE,2,3,141,late,textual,coefficient,0.19563098315322008,0.19563098315322008,positive,162,83,
B_RIDGE,2,3,63,disorder,textual,coefficient,0.19487994979567574,0.19487994979567574,positive,163,84,
B_RIDGE,2,3,45,comes,textual,coefficient,0.19317022552882515,0.19317022552882515,positive,164,85,
B_RIDGE,2,3,177,motivation,textual,coefficient,-0.1915080638554402,0.1915080638554402,negative,165,,80
B_RIDGE,2,3,254,talk,textual,coefficient,-0.18879565302835907,0.18879565302835907,negative,166,,81
B_RIDGE,2,3,38,calm,textual,coefficient,0.18784740197467215,0.18784740197467215,positive,167,86,
B_RIDGE,2,3,91,feel,textual,coefficient,0.18599320533800331,0.18599320533800331,positive,168,87,
B_RIDGE,2,3,266,think,textual,coefficient,0.1853692616463556,0.1853692616463556,positive,169,88,
B_RIDGE,2,3,218,second,textual,coefficient,-0.18529937457829815,0.18529937457829815,negative,170,,82
B_RIDGE,2,3,60,difference,textual,coefficient,0.18507263862119686,0.18507263862119686,positive,171,89,
B_RIDGE,2,3,251,sure,textual,coefficient,0.18337067387286776,0.18337067387286776,positive,172,90,
B_RIDGE,2,3,6,add,textual,coefficient,-0.18130458933172688,0.18130458933172688,negative,173,,83
B_RIDGE,2,3,294,world,textual,coefficient,0.18108276605334972,0.18108276605334972,positive,174,91,
B_RIDGE,2,3,243,stress,textual,coefficient,-0.18074780487724784,0.18074780487724784,negative,175,,84
B_RIDGE,2,3,197,place,textual,coefficient,-0.18034124340135899,0.18034124340135899,negative,176,,85
B_RIDGE,2,3,272,trouble,textual,coefficient,0.17895158755125476,0.17895158755125476,positive,177,92,
B_RIDGE,2,3,212,research,textual,coefficient,-0.1785598199799334,0.1785598199799334,negative,178,,86
B_RIDGE,2,3,227,signs,textual,coefficient,-0.17719466457953295,0.17719466457953295,negative,179,,87
B_RIDGE,2,3,248,stuff,textual,coefficient,0.17676580579190526,0.17676580579190526,positive,180,93,
B_RIDGE,2,3,153,ll,textual,coefficient,0.17624818038427334,0.17624818038427334,positive,181,94,
B_RIDGE,2,3,154,long,textual,coefficient,0.1701177504505274,0.1701177504505274,positive,182,95,
B_RIDGE,2,3,164,making,textual,coefficient,-0.16791830240498434,0.16791830240498434,negative,183,,88
B_RIDGE,2,3,98,foods,textual,coefficient,-0.16745469920756387,0.16745469920756387,negative,184,,89
B_RIDGE,2,3,139,know adhd,textual,coefficient,0.16066080277277534,0.16066080277277534,positive,185,96,
B_RIDGE,2,3,110,hard,textual,coefficient,-0.1590678496871163,0.1590678496871163,negative,186,,90
B_RIDGE,2,3,24,avoid,textual,coefficient,-0.1582627552170565,0.1582627552170565,negative,187,,91
B_RIDGE,2,3,271,times,textual,coefficient,-0.15815282669927708,0.15815282669927708,negative,188,,92
B_RIDGE,2,3,262,therapy,textual,coefficient,0.15693972710552279,0.15693972710552279,positive,189,97,
B_RIDGE,2,3,119,higher,textual,coefficient,-0.15614417186502422,0.15614417186502422,negative,190,,93
B_RIDGE,2,3,280,using,textual,coefficient,0.1539370827457574,0.1539370827457574,positive,191,98,
B_RIDGE,2,3,143,learn,textual,coefficient,0.14919909833553682,0.14919909833553682,positive,192,99,
B_RIDGE,2,3,190,patients,textual,coefficient,0.14853099323793284,0.14853099323793284,positive,193,100,
B_RIDGE,2,3,51,create,textual,coefficient,0.14794579151034404,0.14794579151034404,positive,194,101,
B_RIDGE,2,3,291,working,textual,coefficient,-0.14746445069032235,0.14746445069032235,negative,195,,94
B_RIDGE,2,3,53,deficit,textual,coefficient,0.14628220785154655,0.14628220785154655,positive,196,102,
B_RIDGE,2,3,16,affect,textual,coefficient,0.14341310913597827,0.14341310913597827,positive,197,103,
B_RIDGE,2,3,77,eating,textual,coefficient,-0.14227870298477283,0.14227870298477283,negative,198,,95
B_RIDGE,2,3,40,certain,textual,coefficient,0.14156992441121388,0.14156992441121388,positive,199,104,
B_RIDGE,2,3,105,good,textual,coefficient,0.14071702665719302,0.14071702665719302,positive,200,105,
B_RIDGE,2,3,289,women,textual,coefficient,0.13890385367109698,0.13890385367109698,positive,201,106,
B_RIDGE,2,3,174,mind,textual,coefficient,-0.1369499105239051,0.1369499105239051,negative,202,,96
B_RIDGE,2,3,66,does,textual,coefficient,0.13674547423329952,0.13674547423329952,positive,203,107,
B_RIDGE,2,3,117,helps,textual,coefficient,-0.13459640708910384,0.13459640708910384,negative,204,,97
B_RIDGE,2,3,196,physical,textual,coefficient,-0.13224338919140594,0.13224338919140594,negative,205,,98
B_RIDGE,2,3,245,struggling,textual,coefficient,0.12960584780848178,0.12960584780848178,positive,206,108,
B_RIDGE,2,3,265,things like,textual,coefficient,-0.1273576052390154,0.1273576052390154,negative,207,,99
B_RIDGE,2,3,28,best,textual,coefficient,-0.1272398038666943,0.1272398038666943,negative,208,,100
B_RIDGE,2,3,214,said,textual,coefficient,0.12546527377156247,0.12546527377156247,positive,209,109,
B_RIDGE,2,3,296,wrong,textual,coefficient,-0.12343805946951428,0.12343805946951428,negative,210,,101
B_RIDGE,2,3,54,definitely,textual,coefficient,-0.12008992180223199,0.12008992180223199,negative,211,,102
B_RIDGE,2,3,170,medications,textual,coefficient,-0.11934513821250428,0.11934513821250428,negative,212,,103
B_RIDGE,2,3,92,feel like,textual,coefficient,-0.11911399050253431,0.11911399050253431,negative,213,,104
B_RIDGE,2,3,76,eat,textual,coefficient,0.1176902958601126,0.1176902958601126,positive,214,110,
B_RIDGE,2,3,264,things,textual,coefficient,0.1166058542214777,0.1166058542214777,positive,215,111,
B_RIDGE,2,3,183,new,textual,coefficient,0.11491080197150998,0.11491080197150998,positive,216,112,
B_RIDGE,2,3,166,maybe,textual,coefficient,-0.11142469670914928,0.11142469670914928,negative,217,,105
B_RIDGE,2,3,234,sort,textual,coefficient,0.11132531698376912,0.11132531698376912,positive,218,113,
B_RIDGE,2,3,158,lot people,textual,coefficient,-0.111235978024649,0.111235978024649,negative,219,,106
B_RIDGE,2,3,152,little bit,textual,coefficient,-0.11004319439956729,0.11004319439956729,negative,220,,107
B_RIDGE,2,3,165,manage,textual,coefficient,-0.1097432320393794,0.1097432320393794,negative,221,,108
B_RIDGE,2,3,250,support,textual,coefficient,-0.10938739308824144,0.10938739308824144,negative,222,,109
B_RIDGE,2,3,185,number,textual,coefficient,-0.10855489314755702,0.10855489314755702,negative,223,,110
B_RIDGE,2,3,207,reason,textual,coefficient,-0.09947044643225675,0.09947044643225675,negative,224,,111
B_RIDGE,2,3,208,regulation,textual,coefficient,-0.09884000061995943,0.09884000061995943,negative,225,,112
B_RIDGE,2,3,107,great,textual,coefficient,0.09866160179623393,0.09866160179623393,positive,226,114,
B_RIDGE,2,3,33,brain,textual,coefficient,0.09742863757082684,0.09742863757082684,positive,227,115,
B_RIDGE,2,3,247,study,textual,coefficient,-0.09659676777453723,0.09659676777453723,negative,228,,113
B_RIDGE,2,3,256,task,textual,coefficient,-0.09566676847223225,0.09566676847223225,negative,229,,114
B_RIDGE,2,3,23,autism,textual,coefficient,-0.0952051519823145,0.0952051519823145,negative,230,,115
B_RIDGE,2,3,106,got,textual,coefficient,0.09492010197558481,0.09492010197558481,positive,231,116,
B_RIDGE,2,3,65,doctor,textual,coefficient,-0.09455010954508623,0.09455010954508623,negative,232,,116
B_RIDGE,2,3,155,look,textual,coefficient,-0.09447718203381933,0.09447718203381933,negative,233,,117
B_RIDGE,2,3,101,functioning,textual,coefficient,-0.08653510193643699,0.08653510193643699,negative,234,,118
B_RIDGE,2,3,113,health,textual,coefficient,0.0850624910198759,0.0850624910198759,positive,235,117,
B_RIDGE,2,3,8,adhd brain,textual,coefficient,-0.08502268092205462,0.08502268092205462,negative,236,,119
B_RIDGE,2,3,10,adhd just,textual,coefficient,-0.0845693353735881,0.0845693353735881,negative,237,,120
B_RIDGE,2,3,82,especially,textual,coefficient,0.08293212694196478,0.08293212694196478,positive,238,118,
B_RIDGE,2,3,175,minutes,textual,coefficient,0.07993101737671438,0.07993101737671438,positive,239,119,
B_RIDGE,2,3,44,come,textual,coefficient,-0.07963816349039475,0.07963816349039475,negative,240,,121
B_RIDGE,2,3,138,know,textual,coefficient,-0.07864863551974835,0.07864863551974835,negative,241,,122
B_RIDGE,2,3,186,oh,textual,coefficient,0.07396073789583181,0.07396073789583181,positive,242,120,
B_RIDGE,2,3,96,follow,textual,coefficient,-0.07290920075559931,0.07290920075559931,negative,243,,123
B_RIDGE,2,3,163,makes,textual,coefficient,-0.0719977496754772,0.0719977496754772,negative,244,,124
B_RIDGE,2,3,59,didn,textual,coefficient,-0.06856223520645262,0.06856223520645262,negative,245,,125
B_RIDGE,2,3,297,yeah,textual,coefficient,-0.06788913786413447,0.06788913786413447,negative,246,,126
B_RIDGE,2,3,41,change,textual,coefficient,0.06642547860428483,0.06642547860428483,positive,247,121,
B_RIDGE,2,3,176,morning,textual,coefficient,0.06574792804521938,0.06574792804521938,positive,248,122,
B_RIDGE,2,3,21,attention,textual,coefficient,-0.06554728591257142,0.06554728591257142,negative,249,,127
B_RIDGE,2,3,120,highly,textual,coefficient,-0.06541249939063148,0.06541249939063148,negative,250,,128
B_RIDGE,2,3,22,attention deficit,textual,coefficient,0.06470143868878267,0.06470143868878267,positive,251,123,
B_RIDGE,2,3,242,stop,textual,coefficient,-0.06433516994910746,0.06433516994910746,negative,252,,129
B_RIDGE,2,3,237,state,textual,coefficient,-0.06373249904040316,0.06373249904040316,negative,253,,130
B_RIDGE,2,3,144,let,textual,coefficient,-0.06184104414253311,0.06184104414253311,negative,254,,131
B_RIDGE,2,3,56,diagnosed,textual,coefficient,-0.0599990478334862,0.0599990478334862,negative,255,,132
B_RIDGE,2,3,89,family,textual,coefficient,-0.05861304795265932,0.05861304795265932,negative,256,,133
B_RIDGE,2,3,194,person,textual,coefficient,-0.05860727805928678,0.05860727805928678,negative,257,,134
B_RIDGE,2,3,301,hedge_score,handcrafted_linguistic,coefficient,-0.057380362084326876,0.057380362084326876,negative,258,,135
B_RIDGE,2,3,173,mental,textual,coefficient,-0.05646836023503036,0.05646836023503036,negative,259,,136
B_RIDGE,2,3,236,start,textual,coefficient,0.05372203219815716,0.05372203219815716,positive,260,124,
B_RIDGE,2,3,224,seven,textual,coefficient,-0.05307116514020006,0.05307116514020006,negative,261,,137
B_RIDGE,2,3,48,condition,textual,coefficient,-0.05205717986204946,0.05205717986204946,negative,262,,138
B_RIDGE,2,3,226,sign,textual,coefficient,-0.05151543901436167,0.05151543901436167,negative,263,,139
B_RIDGE,2,3,171,meds,textual,coefficient,0.050893892940658186,0.050893892940658186,positive,264,125,
B_RIDGE,2,3,150,literally,textual,coefficient,0.05045544662640549,0.05045544662640549,positive,265,126,
B_RIDGE,2,3,300,certainty_score,handcrafted_linguistic,coefficient,0.048442006727594744,0.048442006727594744,positive,266,127,
B_RIDGE,2,3,225,shown,textual,coefficient,-0.0483222020768041,0.0483222020768041,negative,267,,140
B_RIDGE,2,3,179,need,textual,coefficient,0.04744933809053529,0.04744933809053529,positive,268,128,
B_RIDGE,2,3,249,sugar,textual,coefficient,0.04608224768598062,0.04608224768598062,positive,269,129,
B_RIDGE,2,3,27,behavior,textual,coefficient,0.0448568248055219,0.0448568248055219,positive,270,130,
B_RIDGE,2,3,281,usually,textual,coefficient,0.04379180150091542,0.04379180150091542,positive,271,131,
B_RIDGE,2,3,111,harder,textual,coefficient,0.043776977631399705,0.043776977631399705,positive,272,132,
B_RIDGE,2,3,295,worse,textual,coefficient,-0.04067838695506829,0.04067838695506829,negative,273,,141
B_RIDGE,2,3,123,hyperactive,textual,coefficient,-0.036344133526586296,0.036344133526586296,negative,274,,142
B_RIDGE,2,3,90,fast,textual,coefficient,-0.034768876375322166,0.034768876375322166,negative,275,,143
B_RIDGE,2,3,267,thinking,textual,coefficient,-0.034370636518562106,0.034370636518562106,negative,276,,144
B_RIDGE,2,3,279,use,textual,coefficient,-0.03228478210539163,0.03228478210539163,negative,277,,145
B_RIDGE,2,3,86,exercise,textual,coefficient,-0.030237695567184555,0.030237695567184555,negative,278,,146
B_RIDGE,2,3,7,adhd,textual,coefficient,0.029772155561509844,0.029772155561509844,positive,279,133,
B_RIDGE,2,3,232,social,textual,coefficient,-0.026974788416113487,0.026974788416113487,negative,280,,147
B_RIDGE,2,3,131,instead,textual,coefficient,0.02659192682009485,0.02659192682009485,positive,281,134,
B_RIDGE,2,3,81,energy,textual,coefficient,-0.024423431918745773,0.024423431918745773,negative,282,,148
B_RIDGE,2,3,134,job,textual,coefficient,-0.024082107253530667,0.024082107253530667,negative,283,,149
B_RIDGE,2,3,104,going,textual,coefficient,-0.023579913291463462,0.023579913291463462,negative,284,,150
B_RIDGE,2,3,11,adhd medication,textual,coefficient,-0.022981544460258248,0.022981544460258248,negative,285,,151
B_RIDGE,2,3,160,low,textual,coefficient,-0.021917537556458887,0.021917537556458887,negative,286,,152
B_RIDGE,2,3,39,care,textual,coefficient,-0.021283443103810192,0.021283443103810192,negative,287,,153
B_RIDGE,2,3,49,constantly,textual,coefficient,-0.0191065449208948,0.0191065449208948,negative,288,,154
B_RIDGE,2,3,13,adhd symptoms,textual,coefficient,-0.018738027419770695,0.018738027419770695,negative,289,,155
B_RIDGE,2,3,100,function,textual,coefficient,-0.017149832503629253,0.017149832503629253,negative,290,,156
B_RIDGE,2,3,67,doesn,textual,coefficient,0.01619195958819909,0.01619195958819909,positive,291,135,
B_RIDGE,2,3,258,tell,textual,coefficient,0.015152462567723119,0.015152462567723119,positive,292,136,
B_RIDGE,2,3,259,tend,textual,coefficient,0.01483405280533182,0.01483405280533182,positive,293,137,
B_RIDGE,2,3,283,ve got,textual,coefficient,0.013862213019824125,0.013862213019824125,positive,294,138,
B_RIDGE,2,3,85,executive,textual,coefficient,0.012143357877961777,0.012143357877961777,positive,295,139,
B_RIDGE,2,3,121,hours,textual,coefficient,0.010640848577374747,0.010640848577374747,positive,296,140,
B_RIDGE,2,3,94,feels,textual,coefficient,-0.00947764118108143,0.00947764118108143,negative,297,,157
B_RIDGE,2,3,14,adhders,textual,coefficient,-0.009064120164551949,0.009064120164551949,negative,298,,158
B_RIDGE,2,3,233,somebody,textual,coefficient,0.007907324662712517,0.007907324662712517,positive,299,141,
B_RIDGE,2,3,122,hyper,textual,coefficient,-0.005459456677661734,0.005459456677661734,negative,300,,159
B_RIDGE,2,3,36,caffeine,textual,coefficient,0.002866883780274292,0.002866883780274292,positive,301,142,
B_RIDGE,2,3,231,small,textual,coefficient,-0.0008326681205472086,0.0008326681205472086,negative,302,,160
B_RIDGE,2,4,94,feels,textual,coefficient,0.8802077258155576,0.8802077258155576,positive,1,1,
B_RIDGE,2,4,227,signs,textual,coefficient,-0.8712481158724177,0.8712481158724177,negative,2,,1
B_RIDGE,2,4,20,anxiety,textual,coefficient,0.8630560633503698,0.8630560633503698,positive,3,2,
B_RIDGE,2,4,174,mind,textual,coefficient,0.8227512467799335,0.8227512467799335,positive,4,3,
B_RIDGE,2,4,236,start,textual,coefficient,-0.8077540123131474,0.8077540123131474,negative,5,,2
B_RIDGE,2,4,127,impulsive,textual,coefficient,-0.7861802397863956,0.7861802397863956,negative,6,,3
B_RIDGE,2,4,81,energy,textual,coefficient,0.7859533988132924,0.7859533988132924,positive,7,4,
B_RIDGE,2,4,295,worse,textual,coefficient,0.7754213568597521,0.7754213568597521,positive,8,5,
B_RIDGE,2,4,268,thought,textual,coefficient,0.7628162795645618,0.7628162795645618,positive,9,6,
B_RIDGE,2,4,25,away,textual,coefficient,0.7473331719751889,0.7473331719751889,positive,10,7,
B_RIDGE,2,4,241,stimulation,textual,coefficient,0.7386233022268553,0.7386233022268553,positive,11,8,
B_RIDGE,2,4,147,life,textual,coefficient,0.7376533514867228,0.7376533514867228,positive,12,9,
B_RIDGE,2,4,5,actually,textual,coefficient,0.7153579037013231,0.7153579037013231,positive,13,10,
B_RIDGE,2,4,282,ve,textual,coefficient,0.6954083700283515,0.6954083700283515,positive,14,11,
B_RIDGE,2,4,44,come,textual,coefficient,0.6873094142140905,0.6873094142140905,positive,15,12,
B_RIDGE,2,4,133,issues,textual,coefficient,-0.6848874240024112,0.6848874240024112,negative,16,,4
B_RIDGE,2,4,276,uh,textual,coefficient,-0.6783793873783205,0.6783793873783205,negative,17,,5
B_RIDGE,2,4,115,help,textual,coefficient,0.6730389218177327,0.6730389218177327,positive,18,13,
B_RIDGE,2,4,240,stimulants,textual,coefficient,-0.672254801521765,0.672254801521765,negative,19,,6
B_RIDGE,2,4,90,fast,textual,coefficient,-0.6471225158105162,0.6471225158105162,negative,20,,7
B_RIDGE,2,4,252,symptoms,textual,coefficient,-0.6461467581639578,0.6461467581639578,negative,21,,8
B_RIDGE,2,4,118,high,textual,coefficient,0.636851666287446,0.636851666287446,positive,22,14,
B_RIDGE,2,4,284,video,textual,coefficient,-0.6315239757074359,0.6315239757074359,negative,23,,9
B_RIDGE,2,4,117,helps,textual,coefficient,0.6309239094564558,0.6309239094564558,positive,24,15,
B_RIDGE,2,4,40,certain,textual,coefficient,-0.6285517587415049,0.6285517587415049,negative,25,,10
B_RIDGE,2,4,237,state,textual,coefficient,0.623766825246127,0.623766825246127,positive,26,16,
B_RIDGE,2,4,206,really,textual,coefficient,-0.6194073557039332,0.6194073557039332,negative,27,,11
B_RIDGE,2,4,57,diagnosis,textual,coefficient,-0.6159171420628763,0.6159171420628763,negative,28,,12
B_RIDGE,2,4,273,try,textual,coefficient,0.591302166869626,0.591302166869626,positive,29,17,
B_RIDGE,2,4,62,difficulty,textual,coefficient,-0.5901156193617922,0.5901156193617922,negative,30,,13
B_RIDGE,2,4,73,drink,textual,coefficient,-0.5834025698533956,0.5834025698533956,negative,31,,14
B_RIDGE,2,4,4,activity,textual,coefficient,-0.5748858298935683,0.5748858298935683,negative,32,,15
B_RIDGE,2,4,65,doctor,textual,coefficient,-0.5667984479305207,0.5667984479305207,negative,33,,16
B_RIDGE,2,4,259,tend,textual,coefficient,0.5624603647185075,0.5624603647185075,positive,34,18,
B_RIDGE,2,4,212,research,textual,coefficient,0.562101580582146,0.562101580582146,positive,35,19,
B_RIDGE,2,4,277,um,textual,coefficient,0.5448954421575041,0.5448954421575041,positive,36,20,
B_RIDGE,2,4,215,say,textual,coefficient,0.5434061311766883,0.5434061311766883,positive,37,21,
B_RIDGE,2,4,228,single,textual,coefficient,0.5392304658229433,0.5392304658229433,positive,38,22,
B_RIDGE,2,4,24,avoid,textual,coefficient,0.5352327567817848,0.5352327567817848,positive,39,23,
B_RIDGE,2,4,123,hyperactive,textual,coefficient,-0.5298879595388638,0.5298879595388638,negative,40,,17
B_RIDGE,2,4,280,using,textual,coefficient,-0.5253167384772486,0.5253167384772486,negative,41,,18
B_RIDGE,2,4,226,sign,textual,coefficient,-0.520894005187411,0.520894005187411,negative,42,,19
B_RIDGE,2,4,0,10,textual,coefficient,0.5186956944919252,0.5186956944919252,positive,43,24,
B_RIDGE,2,4,267,thinking,textual,coefficient,-0.5126343940836758,0.5126343940836758,negative,44,,20
B_RIDGE,2,4,69,don,textual,coefficient,0.5118952586536423,0.5118952586536423,positive,45,25,
B_RIDGE,2,4,11,adhd medication,textual,coefficient,-0.5099737552860237,0.5099737552860237,negative,46,,21
B_RIDGE,2,4,59,didn,textual,coefficient,0.5089965022947481,0.5089965022947481,positive,47,26,
B_RIDGE,2,4,207,reason,textual,coefficient,0.5046959513558636,0.5046959513558636,positive,48,27,
B_RIDGE,2,4,291,working,textual,coefficient,0.5022282859765298,0.5022282859765298,positive,49,28,
B_RIDGE,2,4,170,medications,textual,coefficient,-0.4963801543786936,0.4963801543786936,negative,50,,22
B_RIDGE,2,4,56,diagnosed,textual,coefficient,-0.4961472455915757,0.4961472455915757,negative,51,,23
B_RIDGE,2,4,230,sleep,textual,coefficient,-0.4881761135256989,0.4881761135256989,negative,52,,24
B_RIDGE,2,4,298,years,textual,coefficient,0.48687113505807933,0.48687113505807933,positive,53,29,
B_RIDGE,2,4,14,adhders,textual,coefficient,0.484636634292323,0.484636634292323,positive,54,30,
B_RIDGE,2,4,190,patients,textual,coefficient,-0.48452025139409804,0.48452025139409804,negative,55,,25
B_RIDGE,2,4,38,calm,textual,coefficient,0.48230135619142234,0.48230135619142234,positive,56,31,
B_RIDGE,2,4,242,stop,textual,coefficient,0.47679017240219207,0.47679017240219207,positive,57,32,
B_RIDGE,2,4,176,morning,textual,coefficient,0.47466500472157075,0.47466500472157075,positive,58,33,
B_RIDGE,2,4,217,school,textual,coefficient,-0.4736401330725061,0.4736401330725061,negative,59,,26
B_RIDGE,2,4,72,dr,textual,coefficient,-0.460147283901041,0.460147283901041,negative,60,,27
B_RIDGE,2,4,168,means,textual,coefficient,0.45968879426036513,0.45968879426036513,positive,61,34,
B_RIDGE,2,4,249,sugar,textual,coefficient,0.45549333253747315,0.45549333253747315,positive,62,35,
B_RIDGE,2,4,205,realize,textual,coefficient,-0.4524334897697883,0.4524334897697883,negative,63,,28
B_RIDGE,2,4,96,follow,textual,coefficient,0.4480969727314902,0.4480969727314902,positive,64,36,
B_RIDGE,2,4,221,sensitive,textual,coefficient,-0.4456788325800277,0.4456788325800277,negative,65,,29
B_RIDGE,2,4,181,nervous,textual,coefficient,0.44497956917725195,0.44497956917725195,positive,66,37,
B_RIDGE,2,4,135,just,textual,coefficient,0.4442669682675881,0.4442669682675881,positive,67,38,
B_RIDGE,2,4,142,later,textual,coefficient,0.4425625979893947,0.4425625979893947,positive,68,39,
B_RIDGE,2,4,79,emotions,textual,coefficient,-0.4307548735160133,0.4307548735160133,negative,69,,30
B_RIDGE,2,4,253,taking,textual,coefficient,-0.42954848673586554,0.42954848673586554,negative,70,,31
B_RIDGE,2,4,269,thoughts,textual,coefficient,-0.42799423672028064,0.42799423672028064,negative,71,,32
B_RIDGE,2,4,185,number,textual,coefficient,0.4267055848753995,0.4267055848753995,positive,72,40,
B_RIDGE,2,4,119,higher,textual,coefficient,-0.4264791161736716,0.4264791161736716,negative,73,,33
B_RIDGE,2,4,265,things like,textual,coefficient,-0.42615282074061256,0.42615282074061256,negative,74,,34
B_RIDGE,2,4,108,gut,textual,coefficient,-0.42472669419379744,0.42472669419379744,negative,75,,35
B_RIDGE,2,4,270,time,textual,coefficient,-0.42305567259931254,0.42305567259931254,negative,76,,36
B_RIDGE,2,4,124,hyperactivity,textual,coefficient,-0.4205679116912452,0.4205679116912452,negative,77,,37
B_RIDGE,2,4,250,support,textual,coefficient,-0.4194623814084527,0.4194623814084527,negative,78,,38
B_RIDGE,2,4,102,gets,textual,coefficient,-0.41769046449449587,0.41769046449449587,negative,79,,39
B_RIDGE,2,4,136,kids,textual,coefficient,0.41460483581602503,0.41460483581602503,positive,80,41,
B_RIDGE,2,4,104,going,textual,coefficient,0.41372733259161437,0.41372733259161437,positive,81,42,
B_RIDGE,2,4,251,sure,textual,coefficient,-0.39994928712550293,0.39994928712550293,negative,82,,40
B_RIDGE,2,4,110,hard,textual,coefficient,-0.3995641269269588,0.3995641269269588,negative,83,,41
B_RIDGE,2,4,229,sit,textual,coefficient,0.3977927748638524,0.3977927748638524,positive,84,43,
B_RIDGE,2,4,21,attention,textual,coefficient,-0.3969544768579643,0.3969544768579643,negative,85,,42
B_RIDGE,2,4,28,best,textual,coefficient,0.3919170517234709,0.3919170517234709,positive,86,44,
B_RIDGE,2,4,58,did,textual,coefficient,0.38963234750064923,0.38963234750064923,positive,87,45,
B_RIDGE,2,4,15,adults,textual,coefficient,-0.38941934651941,0.38941934651941,negative,88,,43
B_RIDGE,2,4,85,executive,textual,coefficient,0.387325046122479,0.387325046122479,positive,89,46,
B_RIDGE,2,4,210,relationships,textual,coefficient,-0.38720142870491414,0.38720142870491414,negative,90,,44
B_RIDGE,2,4,243,stress,textual,coefficient,0.38443522658724066,0.38443522658724066,positive,91,47,
B_RIDGE,2,4,87,experience,textual,coefficient,-0.37833749938609385,0.37833749938609385,negative,92,,45
B_RIDGE,2,4,245,struggling,textual,coefficient,-0.37683160602978,0.37683160602978,negative,93,,46
B_RIDGE,2,4,257,tasks,textual,coefficient,-0.3745560586475676,0.3745560586475676,negative,94,,47
B_RIDGE,2,4,204,real,textual,coefficient,-0.37305015188817897,0.37305015188817897,negative,95,,48
B_RIDGE,2,4,129,inattentive,textual,coefficient,-0.37199410347046297,0.37199410347046297,negative,96,,49
B_RIDGE,2,4,29,better,textual,coefficient,-0.3701622834321754,0.3701622834321754,negative,97,,50
B_RIDGE,2,4,9,adhd brains,textual,coefficient,0.36790086367241037,0.36790086367241037,positive,98,48,
B_RIDGE,2,4,52,day,textual,coefficient,0.3614754572832189,0.3614754572832189,positive,99,49,
B_RIDGE,2,4,166,maybe,textual,coefficient,0.36139852733537753,0.36139852733537753,positive,100,50,
B_RIDGE,2,4,143,learn,textual,coefficient,-0.3447225393234777,0.3447225393234777,negative,101,,51
B_RIDGE,2,4,167,mean,textual,coefficient,-0.34318549318019276,0.34318549318019276,negative,102,,52
B_RIDGE,2,4,47,common,textual,coefficient,-0.3426384407175224,0.3426384407175224,negative,103,,53
B_RIDGE,2,4,192,people,textual,coefficient,-0.34200927545509613,0.34200927545509613,negative,104,,54
B_RIDGE,2,4,60,difference,textual,coefficient,-0.34122337185144763,0.34122337185144763,negative,105,,55
B_RIDGE,2,4,255,talking,textual,coefficient,-0.32850422386319184,0.32850422386319184,negative,106,,56
B_RIDGE,2,4,202,protein,textual,coefficient,-0.32534720783630083,0.32534720783630083,negative,107,,57
B_RIDGE,2,4,113,health,textual,coefficient,0.3218806674850431,0.3218806674850431,positive,108,51,
B_RIDGE,2,4,189,overwhelmed,textual,coefficient,-0.31583596311328627,0.31583596311328627,negative,109,,58
B_RIDGE,2,4,139,know adhd,textual,coefficient,-0.31519578721506897,0.31519578721506897,negative,110,,59
B_RIDGE,2,4,187,okay,textual,coefficient,0.31321884128039673,0.31321884128039673,positive,111,52,
B_RIDGE,2,4,35,burnout,textual,coefficient,0.3100274191555734,0.3100274191555734,positive,112,53,
B_RIDGE,2,4,169,medication,textual,coefficient,-0.30997789295355793,0.30997789295355793,negative,113,,60
B_RIDGE,2,4,231,small,textual,coefficient,0.3097479706172906,0.3097479706172906,positive,114,54,
B_RIDGE,2,4,100,function,textual,coefficient,0.30379860919716173,0.30379860919716173,positive,115,55,
B_RIDGE,2,4,155,look,textual,coefficient,-0.3009845920598401,0.3009845920598401,negative,116,,61
B_RIDGE,2,4,43,children,textual,coefficient,0.29637026741281186,0.29637026741281186,positive,117,56,
B_RIDGE,2,4,13,adhd symptoms,textual,coefficient,-0.29424918095662433,0.29424918095662433,negative,118,,62
B_RIDGE,2,4,186,oh,textual,coefficient,-0.28692804720422393,0.28692804720422393,negative,119,,63
B_RIDGE,2,4,126,important,textual,coefficient,-0.28391201896465623,0.28391201896465623,negative,120,,64
B_RIDGE,2,4,84,example,textual,coefficient,-0.28158255210964883,0.28158255210964883,negative,121,,65
B_RIDGE,2,4,180,needs,textual,coefficient,0.28154077299930963,0.28154077299930963,positive,122,57,
B_RIDGE,2,4,246,studies,textual,coefficient,-0.27943642454834866,0.27943642454834866,negative,123,,66
B_RIDGE,2,4,225,shown,textual,coefficient,0.27784735647978387,0.27784735647978387,positive,124,58,
B_RIDGE,2,4,175,minutes,textual,coefficient,-0.2745733977239631,0.2745733977239631,negative,125,,67
B_RIDGE,2,4,223,sensory,textual,coefficient,-0.27095158445092077,0.27095158445092077,negative,126,,68
B_RIDGE,2,4,299,yes,textual,coefficient,-0.2694543619747695,0.2694543619747695,negative,127,,69
B_RIDGE,2,4,31,bit,textual,coefficient,-0.26830530348203696,0.26830530348203696,negative,128,,70
B_RIDGE,2,4,63,disorder,textual,coefficient,-0.2644791495076688,0.2644791495076688,negative,129,,71
B_RIDGE,2,4,67,doesn,textual,coefficient,0.26422946435431466,0.26422946435431466,positive,130,59,
B_RIDGE,2,4,78,emotional,textual,coefficient,-0.26341069477803114,0.26341069477803114,negative,131,,72
B_RIDGE,2,4,70,don know,textual,coefficient,0.2605980978654656,0.2605980978654656,positive,132,60,
B_RIDGE,2,4,141,late,textual,coefficient,-0.2597472263119035,0.2597472263119035,negative,133,,73
B_RIDGE,2,4,288,ways,textual,coefficient,-0.25763892489935597,0.25763892489935597,negative,134,,74
B_RIDGE,2,4,148,like,textual,coefficient,0.2572685187974933,0.2572685187974933,positive,135,61,
B_RIDGE,2,4,193,people adhd,textual,coefficient,-0.2564718837200161,0.2564718837200161,negative,136,,75
B_RIDGE,2,4,159,love,textual,coefficient,0.2556337142775461,0.2556337142775461,positive,137,62,
B_RIDGE,2,4,213,right,textual,coefficient,0.25496918305862537,0.25496918305862537,positive,138,63,
B_RIDGE,2,4,172,memory,textual,coefficient,-0.25436580151054017,0.25436580151054017,negative,139,,76
B_RIDGE,2,4,36,caffeine,textual,coefficient,0.25070063563683104,0.25070063563683104,positive,140,64,
B_RIDGE,2,4,19,anger,textual,coefficient,-0.24556991562395195,0.24556991562395195,negative,141,,77
B_RIDGE,2,4,157,lot,textual,coefficient,0.24241140940214914,0.24241140940214914,positive,142,65,
B_RIDGE,2,4,32,body,textual,coefficient,-0.2382514136458525,0.2382514136458525,negative,143,,78
B_RIDGE,2,4,173,mental,textual,coefficient,-0.23795364058853008,0.23795364058853008,negative,144,,79
B_RIDGE,2,4,164,making,textual,coefficient,-0.2348298111904373,0.2348298111904373,negative,145,,80
B_RIDGE,2,4,112,having,textual,coefficient,-0.2272864256958105,0.2272864256958105,negative,146,,81
B_RIDGE,2,4,198,point,textual,coefficient,-0.2234563290408677,0.2234563290408677,negative,147,,82
B_RIDGE,2,4,158,lot people,textual,coefficient,0.2222427512212878,0.2222427512212878,positive,148,66,
B_RIDGE,2,4,7,adhd,textual,coefficient,-0.2221550574876373,0.2221550574876373,negative,149,,83
B_RIDGE,2,4,98,foods,textual,coefficient,-0.22150126411317386,0.22150126411317386,negative,150,,84
B_RIDGE,2,4,27,behavior,textual,coefficient,0.2213089131317151,0.2213089131317151,positive,151,67,
B_RIDGE,2,4,107,great,textual,coefficient,0.22120531757611123,0.22120531757611123,positive,152,68,
B_RIDGE,2,4,39,care,textual,coefficient,-0.2206390742007538,0.2206390742007538,negative,153,,85
B_RIDGE,2,4,83,everybody,textual,coefficient,0.21945451883861505,0.21945451883861505,positive,154,69,
B_RIDGE,2,4,216,saying,textual,coefficient,0.21850497707571764,0.21850497707571764,positive,155,70,
B_RIDGE,2,4,54,definitely,textual,coefficient,0.2174719624270816,0.2174719624270816,positive,156,71,
B_RIDGE,2,4,2,able,textual,coefficient,0.21421483276297382,0.21421483276297382,positive,157,72,
B_RIDGE,2,4,272,trouble,textual,coefficient,-0.21152116680305627,0.21152116680305627,negative,158,,86
B_RIDGE,2,4,289,women,textual,coefficient,0.21148796247870966,0.21148796247870966,positive,159,73,
B_RIDGE,2,4,178,music,textual,coefficient,-0.21130173731871435,0.21130173731871435,negative,160,,87
B_RIDGE,2,4,150,literally,textual,coefficient,0.21094127275239352,0.21094127275239352,positive,161,74,
B_RIDGE,2,4,74,dysfunction,textual,coefficient,0.21001128539349592,0.21001128539349592,positive,162,75,
B_RIDGE,2,4,132,isn,textual,coefficient,0.20860886170103252,0.20860886170103252,positive,163,76,
B_RIDGE,2,4,234,sort,textual,coefficient,-0.20369453862472614,0.20369453862472614,negative,164,,88
B_RIDGE,2,4,137,kind,textual,coefficient,-0.2023685773653368,0.2023685773653368,negative,165,,89
B_RIDGE,2,4,41,change,textual,coefficient,-0.20127159483406182,0.20127159483406182,negative,166,,90
B_RIDGE,2,4,16,affect,textual,coefficient,-0.1997096262091912,0.1997096262091912,negative,167,,91
B_RIDGE,2,4,146,levels,textual,coefficient,0.19736249877861448,0.19736249877861448,positive,168,77,
B_RIDGE,2,4,264,things,textual,coefficient,0.1962651806347121,0.1962651806347121,positive,169,78,
B_RIDGE,2,4,254,talk,textual,coefficient,-0.1961563882887985,0.1961563882887985,negative,170,,92
B_RIDGE,2,4,292,working memory,textual,coefficient,-0.19202990573493103,0.19202990573493103,negative,171,,93
B_RIDGE,2,4,294,world,textual,coefficient,0.1916056920165545,0.1916056920165545,positive,172,79,
B_RIDGE,2,4,244,struggle,textual,coefficient,-0.1908955290271409,0.1908955290271409,negative,173,,94
B_RIDGE,2,4,194,person,textual,coefficient,-0.1900151150647438,0.1900151150647438,negative,174,,95
B_RIDGE,2,4,86,exercise,textual,coefficient,0.18987019751752057,0.18987019751752057,positive,175,80,
B_RIDGE,2,4,279,use,textual,coefficient,-0.1897079381294692,0.1897079381294692,negative,176,,96
B_RIDGE,2,4,93,feeling,textual,coefficient,0.18798616910519814,0.18798616910519814,positive,177,81,
B_RIDGE,2,4,199,probably,textual,coefficient,0.18713592348429536,0.18713592348429536,positive,178,82,
B_RIDGE,2,4,17,affects,textual,coefficient,-0.18622202460160067,0.18622202460160067,negative,179,,97
B_RIDGE,2,4,99,forget,textual,coefficient,-0.18521674849205408,0.18521674849205408,negative,180,,98
B_RIDGE,2,4,61,different,textual,coefficient,-0.18501749345747515,0.18501749345747515,negative,181,,99
B_RIDGE,2,4,18,alcohol,textual,coefficient,-0.18473411945225435,0.18473411945225435,negative,182,,100
B_RIDGE,2,4,130,increase,textual,coefficient,-0.18336459185496343,0.18336459185496343,negative,183,,101
B_RIDGE,2,4,10,adhd just,textual,coefficient,-0.18192020746663592,0.18192020746663592,negative,184,,102
B_RIDGE,2,4,261,test,textual,coefficient,-0.1775641759902554,0.1775641759902554,negative,185,,103
B_RIDGE,2,4,274,trying,textual,coefficient,-0.17665783986261405,0.17665783986261405,negative,186,,104
B_RIDGE,2,4,121,hours,textual,coefficient,-0.17271452816893212,0.17271452816893212,negative,187,,105
B_RIDGE,2,4,103,getting,textual,coefficient,-0.17259343550481995,0.17259343550481995,negative,188,,106
B_RIDGE,2,4,128,impulsivity,textual,coefficient,-0.17213782532080663,0.17213782532080663,negative,189,,107
B_RIDGE,2,4,285,wait,textual,coefficient,-0.17206972586347,0.17206972586347,negative,190,,108
B_RIDGE,2,4,161,lower,textual,coefficient,-0.1718704772640327,0.1718704772640327,negative,191,,109
B_RIDGE,2,4,116,helpful,textual,coefficient,-0.16919151055539566,0.16919151055539566,negative,192,,110
B_RIDGE,2,4,48,condition,textual,coefficient,-0.16800424720264967,0.16800424720264967,negative,193,,111
B_RIDGE,2,4,75,easily,textual,coefficient,0.16739617152557906,0.16739617152557906,positive,194,83,
B_RIDGE,2,4,235,sound,textual,coefficient,-0.1663503442595161,0.1663503442595161,negative,195,,112
B_RIDGE,2,4,97,food,textual,coefficient,-0.16531141416788314,0.16531141416788314,negative,196,,113
B_RIDGE,2,4,171,meds,textual,coefficient,0.16502582485094774,0.16502582485094774,positive,197,84,
B_RIDGE,2,4,238,stay,textual,coefficient,-0.1625813584706879,0.1625813584706879,negative,198,,114
B_RIDGE,2,4,233,somebody,textual,coefficient,0.16194074429018582,0.16194074429018582,positive,199,85,
B_RIDGE,2,4,134,job,textual,coefficient,-0.1599677384091477,0.1599677384091477,negative,200,,115
B_RIDGE,2,4,203,quickly,textual,coefficient,0.15116157416205972,0.15116157416205972,positive,201,86,
B_RIDGE,2,4,296,wrong,textual,coefficient,0.15093487011523385,0.15093487011523385,positive,202,87,
B_RIDGE,2,4,196,physical,textual,coefficient,-0.15060248712046462,0.15060248712046462,negative,203,,116
B_RIDGE,2,4,122,hyper,textual,coefficient,0.1472097190594103,0.1472097190594103,positive,204,88,
B_RIDGE,2,4,76,eat,textual,coefficient,0.14638400977060484,0.14638400977060484,positive,205,89,
B_RIDGE,2,4,220,sense,textual,coefficient,-0.1459482078164581,0.1459482078164581,negative,206,,117
B_RIDGE,2,4,80,end,textual,coefficient,0.14458615504020875,0.14458615504020875,positive,207,90,
B_RIDGE,2,4,34,brains,textual,coefficient,0.1369145732065144,0.1369145732065144,positive,208,91,
B_RIDGE,2,4,49,constantly,textual,coefficient,0.13609434486335092,0.13609434486335092,positive,209,92,
B_RIDGE,2,4,188,order,textual,coefficient,0.13462133960276293,0.13462133960276293,positive,210,93,
B_RIDGE,2,4,179,need,textual,coefficient,0.1326045115777821,0.1326045115777821,positive,211,94,
B_RIDGE,2,4,209,rejection,textual,coefficient,0.13097052988786312,0.13097052988786312,positive,212,95,
B_RIDGE,2,4,275,type,textual,coefficient,0.12793724071802196,0.12793724071802196,positive,213,96,
B_RIDGE,2,4,23,autism,textual,coefficient,-0.12733985692624514,0.12733985692624514,negative,214,,118
B_RIDGE,2,4,51,create,textual,coefficient,0.1267657355393452,0.1267657355393452,positive,215,97,
B_RIDGE,2,4,145,level,textual,coefficient,-0.126182745748228,0.126182745748228,negative,216,,119
B_RIDGE,2,4,266,think,textual,coefficient,-0.12524101067891874,0.12524101067891874,negative,217,,120
B_RIDGE,2,4,120,highly,textual,coefficient,-0.12500053698916008,0.12500053698916008,negative,218,,121
B_RIDGE,2,4,290,work,textual,coefficient,-0.12489346049710008,0.12489346049710008,negative,219,,122
B_RIDGE,2,4,125,impact,textual,coefficient,0.12379728332672871,0.12379728332672871,positive,220,98,
B_RIDGE,2,4,258,tell,textual,coefficient,-0.12298749063379968,0.12298749063379968,negative,221,,123
B_RIDGE,2,4,3,absolutely,textual,coefficient,-0.12057180831144755,0.12057180831144755,negative,222,,124
B_RIDGE,2,4,131,instead,textual,coefficient,-0.11513390295824602,0.11513390295824602,negative,223,,125
B_RIDGE,2,4,200,problem,textual,coefficient,-0.11351346922979319,0.11351346922979319,negative,224,,126
B_RIDGE,2,4,95,focus,textual,coefficient,0.10694215511464983,0.10694215511464983,positive,225,99,
B_RIDGE,2,4,195,phone,textual,coefficient,0.10394806449688403,0.10394806449688403,positive,226,100,
B_RIDGE,2,4,184,normal,textual,coefficient,-0.10236412407840541,0.10236412407840541,negative,227,,127
B_RIDGE,2,4,183,new,textual,coefficient,0.1019631988202101,0.1019631988202101,positive,228,101,
B_RIDGE,2,4,91,feel,textual,coefficient,-0.0976416992555234,0.0976416992555234,negative,229,,128
B_RIDGE,2,4,248,stuff,textual,coefficient,0.0922485429410313,0.0922485429410313,positive,230,102,
B_RIDGE,2,4,71,dopamine,textual,coefficient,0.09202905220517854,0.09202905220517854,positive,231,103,
B_RIDGE,2,4,260,term,textual,coefficient,-0.09185238079938413,0.09185238079938413,negative,232,,129
B_RIDGE,2,4,26,bad,textual,coefficient,-0.09014504271083464,0.09014504271083464,negative,233,,130
B_RIDGE,2,4,201,problems,textual,coefficient,0.09003170851111252,0.09003170851111252,positive,234,104,
B_RIDGE,2,4,256,task,textual,coefficient,-0.08937983401635244,0.08937983401635244,negative,235,,131
B_RIDGE,2,4,163,makes,textual,coefficient,0.08899594240160993,0.08899594240160993,positive,236,105,
B_RIDGE,2,4,262,therapy,textual,coefficient,-0.08835105974848183,0.08835105974848183,negative,237,,132
B_RIDGE,2,4,50,control,textual,coefficient,0.0866723538399209,0.0866723538399209,positive,238,106,
B_RIDGE,2,4,151,little,textual,coefficient,0.08397252764354197,0.08397252764354197,positive,239,107,
B_RIDGE,2,4,297,yeah,textual,coefficient,0.08361563650670052,0.08361563650670052,positive,240,108,
B_RIDGE,2,4,64,distracted,textual,coefficient,0.08199598013147899,0.08199598013147899,positive,241,109,
B_RIDGE,2,4,30,big,textual,coefficient,-0.0819721608247061,0.0819721608247061,negative,242,,133
B_RIDGE,2,4,281,usually,textual,coefficient,-0.08056642170495211,0.08056642170495211,negative,243,,134
B_RIDGE,2,4,293,works,textual,coefficient,0.0803184360395438,0.0803184360395438,positive,244,110,
B_RIDGE,2,4,101,functioning,textual,coefficient,0.0801733445796374,0.0801733445796374,positive,245,111,
B_RIDGE,2,4,278,understand,textual,coefficient,-0.07946582504771982,0.07946582504771982,negative,246,,135
B_RIDGE,2,4,208,regulation,textual,coefficient,-0.07766721943263818,0.07766721943263818,negative,247,,136
B_RIDGE,2,4,82,especially,textual,coefficient,0.07544118279975033,0.07544118279975033,positive,248,112,
B_RIDGE,2,4,263,thing,textual,coefficient,0.07308796043978819,0.07308796043978819,positive,249,113,
B_RIDGE,2,4,149,likely,textual,coefficient,-0.06951704345589103,0.06951704345589103,negative,250,,137
B_RIDGE,2,4,222,sensitivity,textual,coefficient,-0.06903620341335132,0.06903620341335132,negative,251,,138
B_RIDGE,2,4,182,neurotypical,textual,coefficient,0.06901955362519047,0.06901955362519047,positive,252,114,
B_RIDGE,2,4,177,motivation,textual,coefficient,0.06807326342682453,0.06807326342682453,positive,253,115,
B_RIDGE,2,4,45,comes,textual,coefficient,-0.06740638503047836,0.06740638503047836,negative,254,,139
B_RIDGE,2,4,214,said,textual,coefficient,-0.06691534086486686,0.06691534086486686,negative,255,,140
B_RIDGE,2,4,301,hedge_score,handcrafted_linguistic,coefficient,-0.06459003688145397,0.06459003688145397,negative,256,,141
B_RIDGE,2,4,224,seven,textual,coefficient,-0.06424479333102823,0.06424479333102823,negative,257,,142
B_RIDGE,2,4,12,adhd people,textual,coefficient,-0.06416841328776199,0.06416841328776199,negative,258,,143
B_RIDGE,2,4,239,stimulant,textual,coefficient,-0.0640874271966679,0.0640874271966679,negative,259,,144
B_RIDGE,2,4,247,study,textual,coefficient,-0.06353094929228603,0.06353094929228603,negative,260,,145
B_RIDGE,2,4,68,doing,textual,coefficient,0.058216092958586034,0.058216092958586034,positive,261,116,
B_RIDGE,2,4,8,adhd brain,textual,coefficient,-0.0542532026432807,0.0542532026432807,negative,262,,146
B_RIDGE,2,4,144,let,textual,coefficient,0.0508567827281829,0.0508567827281829,positive,263,117,
B_RIDGE,2,4,287,way,textual,coefficient,0.048240877087866826,0.048240877087866826,positive,264,118,
B_RIDGE,2,4,66,does,textual,coefficient,0.047616515945442354,0.047616515945442354,positive,265,119,
B_RIDGE,2,4,162,make,textual,coefficient,0.04720487509697395,0.04720487509697395,positive,266,120,
B_RIDGE,2,4,165,manage,textual,coefficient,-0.0459092583720007,0.0459092583720007,negative,267,,147
B_RIDGE,2,4,218,second,textual,coefficient,0.044589972841126244,0.044589972841126244,positive,268,121,
B_RIDGE,2,4,42,child,textual,coefficient,-0.04221406808991278,0.04221406808991278,negative,269,,148
B_RIDGE,2,4,105,good,textual,coefficient,0.037705610438596895,0.037705610438596895,positive,270,122,
B_RIDGE,2,4,33,brain,textual,coefficient,-0.03684883034937634,0.03684883034937634,negative,271,,149
B_RIDGE,2,4,138,know,textual,coefficient,0.03680508061906502,0.03680508061906502,positive,272,123,
B_RIDGE,2,4,89,family,textual,coefficient,-0.03662098221354788,0.03662098221354788,negative,273,,150
B_RIDGE,2,4,197,place,textual,coefficient,-0.03481674069353651,0.03481674069353651,negative,274,,151
B_RIDGE,2,4,286,want,textual,coefficient,0.03420348519453735,0.03420348519453735,positive,275,124,
B_RIDGE,2,4,219,self,textual,coefficient,0.031475034225302075,0.031475034225302075,positive,276,125,
B_RIDGE,2,4,154,long,textual,coefficient,0.03142804460023266,0.03142804460023266,positive,277,126,
B_RIDGE,2,4,300,certainty_score,handcrafted_linguistic,coefficient,0.030167178553690943,0.030167178553690943,positive,278,127,
B_RIDGE,2,4,37,called,textual,coefficient,-0.028831354400016034,0.028831354400016034,negative,279,,152
B_RIDGE,2,4,111,harder,textual,coefficient,-0.027036202551960677,0.027036202551960677,negative,280,,153
B_RIDGE,2,4,55,depression,textual,coefficient,0.02327603525907004,0.02327603525907004,positive,281,128,
B_RIDGE,2,4,153,ll,textual,coefficient,0.02231422623540507,0.02231422623540507,positive,282,129,
B_RIDGE,2,4,88,fact,textual,coefficient,0.021830368224514302,0.021830368224514302,positive,283,130,
B_RIDGE,2,4,106,got,textual,coefficient,0.0209217771181462,0.0209217771181462,positive,284,131,
B_RIDGE,2,4,140,lack,textual,coefficient,-0.020592015110072668,0.020592015110072668,negative,285,,154
B_RIDGE,2,4,77,eating,textual,coefficient,0.01650327128761594,0.01650327128761594,positive,286,132,
B_RIDGE,2,4,271,times,textual,coefficient,-0.01534263846520451,0.01534263846520451,negative,287,,155
B_RIDGE,2,4,211,remember,textual,coefficient,-0.013661117071283509,0.013661117071283509,negative,288,,156
B_RIDGE,2,4,109,happens,textual,coefficient,0.013341611682268018,0.013341611682268018,positive,289,133,
B_RIDGE,2,4,46,comments,textual,coefficient,0.01304400674875346,0.01304400674875346,positive,290,134,
B_RIDGE,2,4,22,attention deficit,textual,coefficient,-0.011513339933644524,0.011513339933644524,negative,291,,157
B_RIDGE,2,4,92,feel like,textual,coefficient,0.009159494758933148,0.009159494758933148,positive,292,135,
B_RIDGE,2,4,156,looking,textual,coefficient,-0.008846730345062528,0.008846730345062528,negative,293,,158
B_RIDGE,2,4,283,ve got,textual,coefficient,0.007824330953358296,0.007824330953358296,positive,294,136,
B_RIDGE,2,4,6,add,textual,coefficient,-0.007630349873540418,0.007630349873540418,negative,295,,159
B_RIDGE,2,4,53,deficit,textual,coefficient,0.007506058329857136,0.007506058329857136,positive,296,137,
B_RIDGE,2,4,1,ability,textual,coefficient,0.0067660268211873105,0.0067660268211873105,positive,297,138,
B_RIDGE,2,4,191,pay,textual,coefficient,0.0062951689158526215,0.0062951689158526215,positive,298,139,
B_RIDGE,2,4,232,social,textual,coefficient,-0.005856070840451534,0.005856070840451534,negative,299,,160
B_RIDGE,2,4,114,hear,textual,coefficient,0.0032340035877195658,0.0032340035877195658,positive,300,140,
B_RIDGE,2,4,152,little bit,textual,coefficient,0.0020170166646701687,0.0020170166646701687,positive,301,141,
B_RIDGE,2,4,160,low,textual,coefficient,-0.0005689630197504812,0.0005689630197504812,negative,302,,161
B_RIDGE,3,1,250,symptoms,textual,coefficient,0.4879122516032035,0.4879122516032035,positive,1,1,
B_RIDGE,3,1,255,tasks,textual,coefficient,0.26986475379682123,0.26986475379682123,positive,2,2,
B_RIDGE,3,1,181,need,textual,coefficient,-0.2490070119921109,0.2490070119921109,negative,3,,1
B_RIDGE,3,1,33,brain,textual,coefficient,-0.2387482695923325,0.2387482695923325,negative,4,,2
B_RIDGE,3,1,271,trouble,textual,coefficient,0.23233718794506147,0.23233718794506147,positive,5,3,
B_RIDGE,3,1,74,dopamine,textual,coefficient,-0.2287777884949645,0.2287777884949645,negative,6,,3
B_RIDGE,3,1,238,stimulant,textual,coefficient,0.21929222310839833,0.21929222310839833,positive,7,4,
B_RIDGE,3,1,113,having,textual,coefficient,0.21039391525197418,0.21039391525197418,positive,8,5,
B_RIDGE,3,1,106,good,textual,coefficient,-0.203718690177917,0.203718690177917,negative,9,,4
B_RIDGE,3,1,61,diet,textual,coefficient,-0.19176460678777404,0.19176460678777404,negative,10,,5
B_RIDGE,3,1,287,way,textual,coefficient,-0.1892404271438435,0.1892404271438435,negative,11,,6
B_RIDGE,3,1,46,common,textual,coefficient,0.1867601557678218,0.1867601557678218,positive,12,6,
B_RIDGE,3,1,211,rejection,textual,coefficient,-0.1814100576733142,0.1814100576733142,negative,13,,7
B_RIDGE,3,1,180,music,textual,coefficient,0.18132877140417766,0.18132877140417766,positive,14,7,
B_RIDGE,3,1,170,medication,textual,coefficient,0.17898738236718706,0.17898738236718706,positive,15,8,
B_RIDGE,3,1,4,activities,textual,coefficient,0.17584688897836467,0.17584688897836467,positive,16,9,
B_RIDGE,3,1,6,actually,textual,coefficient,-0.17495193429473557,0.17495193429473557,negative,17,,8
B_RIDGE,3,1,154,ll,textual,coefficient,-0.1718608314666689,0.1718608314666689,negative,18,,9
B_RIDGE,3,1,62,difference,textual,coefficient,0.170970741616732,0.170970741616732,positive,19,10,
B_RIDGE,3,1,206,real,textual,coefficient,0.16692876513204735,0.16692876513204735,positive,20,11,
B_RIDGE,3,1,259,test,textual,coefficient,-0.16650357414916292,0.16650357414916292,negative,21,,10
B_RIDGE,3,1,91,feel,textual,coefficient,-0.16323714806779913,0.16323714806779913,negative,22,,11
B_RIDGE,3,1,286,want,textual,coefficient,-0.16285834502644994,0.16285834502644994,negative,23,,12
B_RIDGE,3,1,239,stimulants,textual,coefficient,0.16048531627397966,0.16048531627397966,positive,24,12,
B_RIDGE,3,1,171,medications,textual,coefficient,0.15962062976769606,0.15962062976769606,positive,25,13,
B_RIDGE,3,1,282,ve,textual,coefficient,-0.156341193512457,0.156341193512457,negative,26,,13
B_RIDGE,3,1,120,higher,textual,coefficient,0.15622545469416746,0.15622545469416746,positive,27,14,
B_RIDGE,3,1,18,anxiety,textual,coefficient,0.15229481107629375,0.15229481107629375,positive,28,15,
B_RIDGE,3,1,139,know adhd,textual,coefficient,0.14999651272805525,0.14999651272805525,positive,29,16,
B_RIDGE,3,1,11,adhd medication,textual,coefficient,0.14622321017780232,0.14622321017780232,positive,30,17,
B_RIDGE,3,1,129,impulsivity,textual,coefficient,0.1451329440771732,0.1451329440771732,positive,31,18,
B_RIDGE,3,1,203,problems,textual,coefficient,0.1404716613392834,0.1404716613392834,positive,32,19,
B_RIDGE,3,1,179,motivation,textual,coefficient,-0.13254390144593056,0.13254390144593056,negative,33,,14
B_RIDGE,3,1,223,sensitive,textual,coefficient,-0.13004457149172136,0.13004457149172136,negative,34,,15
B_RIDGE,3,1,128,impulsive,textual,coefficient,0.12990065758282787,0.12990065758282787,positive,35,20,
B_RIDGE,3,1,152,little,textual,coefficient,-0.1298030102839375,0.1298030102839375,negative,36,,16
B_RIDGE,3,1,72,don,textual,coefficient,-0.12704985181347656,0.12704985181347656,negative,37,,17
B_RIDGE,3,1,276,um,textual,coefficient,0.11962106221219003,0.11962106221219003,positive,38,21,
B_RIDGE,3,1,104,going,textual,coefficient,-0.1195150651274616,0.1195150651274616,negative,39,,18
B_RIDGE,3,1,90,fast,textual,coefficient,-0.11876375063594986,0.11876375063594986,negative,40,,19
B_RIDGE,3,1,195,people,textual,coefficient,-0.11724990082591007,0.11724990082591007,negative,41,,20
B_RIDGE,3,1,126,hyperactivity,textual,coefficient,-0.11675882943576003,0.11675882943576003,negative,42,,21
B_RIDGE,3,1,247,sugar,textual,coefficient,-0.1161849583306578,0.1161849583306578,negative,43,,22
B_RIDGE,3,1,130,inattentive,textual,coefficient,0.11498523148997628,0.11498523148997628,positive,44,22,
B_RIDGE,3,1,22,attention deficit,textual,coefficient,-0.11490066608657036,0.11490066608657036,negative,45,,23
B_RIDGE,3,1,13,adhd symptoms,textual,coefficient,0.1147494114773876,0.1147494114773876,positive,46,23,
B_RIDGE,3,1,146,let,textual,coefficient,-0.11448958140368752,0.11448958140368752,negative,47,,24
B_RIDGE,3,1,142,late,textual,coefficient,-0.11373957704233889,0.11373957704233889,negative,48,,25
B_RIDGE,3,1,109,gut,textual,coefficient,-0.11321238557304977,0.11321238557304977,negative,49,,26
B_RIDGE,3,1,65,difficulty,textual,coefficient,0.1130500231825287,0.1130500231825287,positive,50,24,
B_RIDGE,3,1,38,care,textual,coefficient,-0.111782632758949,0.111782632758949,negative,51,,27
B_RIDGE,3,1,144,lead,textual,coefficient,0.11147700471739588,0.11147700471739588,positive,52,25,
B_RIDGE,3,1,295,worse,textual,coefficient,-0.11095800608798316,0.11095800608798316,negative,53,,28
B_RIDGE,3,1,132,instead,textual,coefficient,0.11066127233830567,0.11066127233830567,positive,54,26,
B_RIDGE,3,1,185,new,textual,coefficient,-0.10898707927662633,0.10898707927662633,negative,55,,29
B_RIDGE,3,1,252,talk,textual,coefficient,-0.10796316375253448,0.10796316375253448,negative,56,,30
B_RIDGE,3,1,51,control,textual,coefficient,-0.10751681789162469,0.10751681789162469,negative,57,,31
B_RIDGE,3,1,298,years,textual,coefficient,-0.10505917082950102,0.10505917082950102,negative,58,,32
B_RIDGE,3,1,54,deficit,textual,coefficient,-0.10505006889760092,0.10505006889760092,negative,59,,33
B_RIDGE,3,1,301,hedge_score,handcrafted_linguistic,coefficient,0.10472134159756122,0.10472134159756122,positive,60,27,
B_RIDGE,3,1,76,easily,textual,coefficient,0.10390719159400125,0.10390719159400125,positive,61,28,
B_RIDGE,3,1,95,finally,textual,coefficient,-0.1034637073810637,0.1034637073810637,negative,62,,34
B_RIDGE,3,1,183,nervous,textual,coefficient,-0.1024007971558314,0.1024007971558314,negative,63,,35
B_RIDGE,3,1,269,told,textual,coefficient,-0.10168435626283835,0.10168435626283835,negative,64,,36
B_RIDGE,3,1,15,adults,textual,coefficient,0.10145567967550505,0.10145567967550505,positive,65,29,
B_RIDGE,3,1,134,issues,textual,coefficient,-0.10132489845019808,0.10132489845019808,negative,66,,37
B_RIDGE,3,1,196,people adhd,textual,coefficient,-0.10115821895619355,0.10115821895619355,negative,67,,38
B_RIDGE,3,1,7,add,textual,coefficient,-0.09947887245276166,0.09947887245276166,negative,68,,39
B_RIDGE,3,1,80,emotions,textual,coefficient,0.09890817148919638,0.09890817148919638,positive,69,30,
B_RIDGE,3,1,178,morning,textual,coefficient,-0.0977420855109891,0.0977420855109891,negative,70,,40
B_RIDGE,3,1,289,women,textual,coefficient,-0.09621318007303668,0.09621318007303668,negative,71,,41
B_RIDGE,3,1,175,mind,textual,coefficient,-0.09618370286931484,0.09618370286931484,negative,72,,42
B_RIDGE,3,1,268,times,textual,coefficient,0.09546834873397654,0.09546834873397654,positive,73,31,
B_RIDGE,3,1,272,try,textual,coefficient,-0.09469247996977272,0.09469247996977272,negative,74,,43
B_RIDGE,3,1,169,means,textual,coefficient,-0.09464071449869461,0.09464071449869461,negative,75,,44
B_RIDGE,3,1,48,condition,textual,coefficient,0.09353019367330398,0.09353019367330398,positive,76,32,
B_RIDGE,3,1,98,food,textual,coefficient,-0.09320423530760717,0.09320423530760717,negative,77,,45
B_RIDGE,3,1,215,running,textual,coefficient,-0.09178753352799403,0.09178753352799403,negative,78,,46
B_RIDGE,3,1,31,bit,textual,coefficient,-0.09174089219874229,0.09174089219874229,negative,79,,47
B_RIDGE,3,1,299,yes,textual,coefficient,0.0913701226351183,0.0913701226351183,positive,80,33,
B_RIDGE,3,1,79,emotional,textual,coefficient,0.09006771263297204,0.09006771263297204,positive,81,34,
B_RIDGE,3,1,131,information,textual,coefficient,-0.08991648046193759,0.08991648046193759,negative,82,,48
B_RIDGE,3,1,45,comes,textual,coefficient,-0.08983394746034569,0.08983394746034569,negative,83,,49
B_RIDGE,3,1,208,reason,textual,coefficient,-0.08979206028003382,0.08979206028003382,negative,84,,50
B_RIDGE,3,1,209,regulate,textual,coefficient,-0.089112721568211,0.089112721568211,negative,85,,51
B_RIDGE,3,1,34,brains,textual,coefficient,-0.08900377484210556,0.08900377484210556,negative,86,,52
B_RIDGE,3,1,108,great,textual,coefficient,-0.08871299271654552,0.08871299271654552,negative,87,,53
B_RIDGE,3,1,124,hyper,textual,coefficient,-0.08744914921585997,0.08744914921585997,negative,88,,54
B_RIDGE,3,1,192,patients,textual,coefficient,-0.0874253808185727,0.0874253808185727,negative,89,,55
B_RIDGE,3,1,205,quickly,textual,coefficient,0.08714852818414193,0.08714852818414193,positive,90,35,
B_RIDGE,3,1,135,just,textual,coefficient,-0.08703844700908504,0.08703844700908504,negative,91,,56
B_RIDGE,3,1,244,studies,textual,coefficient,0.08614867133837438,0.08614867133837438,positive,92,36,
B_RIDGE,3,1,224,sensory,textual,coefficient,-0.08584944962740385,0.08584944962740385,negative,93,,57
B_RIDGE,3,1,248,support,textual,coefficient,0.0854214345393052,0.0854214345393052,positive,94,37,
B_RIDGE,3,1,8,adhd,textual,coefficient,0.08423101015280239,0.08423101015280239,positive,95,38,
B_RIDGE,3,1,25,bad,textual,coefficient,-0.08262158412372785,0.08262158412372785,negative,96,,58
B_RIDGE,3,1,37,calm,textual,coefficient,-0.08124680059062056,0.08124680059062056,negative,97,,59
B_RIDGE,3,1,26,based,textual,coefficient,0.08033765942891666,0.08033765942891666,positive,98,39,
B_RIDGE,3,1,242,struggle,textual,coefficient,-0.07992135961657858,0.07992135961657858,negative,99,,60
B_RIDGE,3,1,263,think,textual,coefficient,0.07959405590633715,0.07959405590633715,positive,100,40,
B_RIDGE,3,1,70,doesn,textual,coefficient,-0.07929239844349922,0.07929239844349922,negative,101,,61
B_RIDGE,3,1,229,sit,textual,coefficient,-0.07877985351676434,0.07877985351676434,negative,102,,62
B_RIDGE,3,1,232,social,textual,coefficient,-0.07871480080643861,0.07871480080643861,negative,103,,63
B_RIDGE,3,1,251,taking,textual,coefficient,-0.07775366673094859,0.07775366673094859,negative,104,,64
B_RIDGE,3,1,256,tell,textual,coefficient,-0.07700058335980588,0.07700058335980588,negative,105,,65
B_RIDGE,3,1,150,likely,textual,coefficient,-0.07611505157558157,0.07611505157558157,negative,106,,66
B_RIDGE,3,1,267,time,textual,coefficient,-0.07573790156000004,0.07573790156000004,negative,107,,67
B_RIDGE,3,1,260,thing,textual,coefficient,-0.07495903718979809,0.07495903718979809,negative,108,,68
B_RIDGE,3,1,151,listen,textual,coefficient,0.07485241174407382,0.07485241174407382,positive,109,41,
B_RIDGE,3,1,257,tend,textual,coefficient,-0.07357260322043467,0.07357260322043467,negative,110,,69
B_RIDGE,3,1,121,highly,textual,coefficient,-0.07266584617722084,0.07266584617722084,negative,111,,70
B_RIDGE,3,1,161,love,textual,coefficient,-0.0725020800632853,0.0725020800632853,negative,112,,71
B_RIDGE,3,1,110,happens,textual,coefficient,-0.07126954083902523,0.07126954083902523,negative,113,,72
B_RIDGE,3,1,163,make,textual,coefficient,0.06984966357314203,0.06984966357314203,positive,114,42,
B_RIDGE,3,1,280,using,textual,coefficient,0.06972213505486882,0.06972213505486882,positive,115,43,
B_RIDGE,3,1,52,cortex,textual,coefficient,-0.06836115252887467,0.06836115252887467,negative,116,,73
B_RIDGE,3,1,148,life,textual,coefficient,0.06809950990919456,0.06809950990919456,positive,117,44,
B_RIDGE,3,1,237,stay,textual,coefficient,-0.0679356492855793,0.0679356492855793,negative,118,,74
B_RIDGE,3,1,50,constantly,textual,coefficient,0.06601658839604306,0.06601658839604306,positive,119,45,
B_RIDGE,3,1,20,ask,textual,coefficient,-0.06586712816128852,0.06586712816128852,negative,120,,75
B_RIDGE,3,1,281,usually,textual,coefficient,-0.06568883689530845,0.06568883689530845,negative,121,,76
B_RIDGE,3,1,216,say,textual,coefficient,-0.06544596711061444,0.06544596711061444,negative,122,,77
B_RIDGE,3,1,78,eating,textual,coefficient,-0.06508861034876093,0.06508861034876093,negative,123,,78
B_RIDGE,3,1,189,okay,textual,coefficient,-0.06506599201918087,0.06506599201918087,negative,124,,79
B_RIDGE,3,1,294,world,textual,coefficient,-0.0640360087643679,0.0640360087643679,negative,125,,80
B_RIDGE,3,1,190,open,textual,coefficient,-0.06362175376956158,0.06362175376956158,negative,126,,81
B_RIDGE,3,1,118,helps,textual,coefficient,-0.06322064488136331,0.06322064488136331,negative,127,,82
B_RIDGE,3,1,288,ways,textual,coefficient,0.0632144171104831,0.0632144171104831,positive,128,46,
B_RIDGE,3,1,218,school,textual,coefficient,0.06270231129081144,0.06270231129081144,positive,129,47,
B_RIDGE,3,1,201,probably,textual,coefficient,-0.061992229864713304,0.061992229864713304,negative,130,,83
B_RIDGE,3,1,158,looking,textual,coefficient,0.061740219738904034,0.061740219738904034,positive,131,48,
B_RIDGE,3,1,197,person,textual,coefficient,0.061487848942192495,0.061487848942192495,positive,132,49,
B_RIDGE,3,1,36,called,textual,coefficient,-0.06136155086020374,0.06136155086020374,negative,133,,84
B_RIDGE,3,1,174,mental,textual,coefficient,0.06130867623112755,0.06130867623112755,positive,134,50,
B_RIDGE,3,1,153,little bit,textual,coefficient,-0.06086629015139338,0.06086629015139338,negative,135,,85
B_RIDGE,3,1,1,20,textual,coefficient,-0.06073850891855974,0.06073850891855974,negative,136,,86
B_RIDGE,3,1,140,knowing,textual,coefficient,0.060609146314339876,0.060609146314339876,positive,137,51,
B_RIDGE,3,1,89,fact,textual,coefficient,-0.06017258489728384,0.06017258489728384,negative,138,,87
B_RIDGE,3,1,30,big,textual,coefficient,0.05901982053977748,0.05901982053977748,positive,139,52,
B_RIDGE,3,1,10,adhd brains,textual,coefficient,-0.05892057223882036,0.05892057223882036,negative,140,,88
B_RIDGE,3,1,16,alcohol,textual,coefficient,-0.05848066213994722,0.05848066213994722,negative,141,,89
B_RIDGE,3,1,2,30,textual,coefficient,-0.05833397089279755,0.05833397089279755,negative,142,,90
B_RIDGE,3,1,112,harder,textual,coefficient,0.057706628914580595,0.057706628914580595,positive,143,53,
B_RIDGE,3,1,105,gonna,textual,coefficient,-0.057483928863257705,0.057483928863257705,negative,144,,91
B_RIDGE,3,1,202,problem,textual,coefficient,0.05742519272204747,0.05742519272204747,positive,145,54,
B_RIDGE,3,1,21,attention,textual,coefficient,0.05671858902290588,0.05671858902290588,positive,146,55,
B_RIDGE,3,1,0,10,textual,coefficient,-0.05657477219703425,0.05657477219703425,negative,147,,92
B_RIDGE,3,1,55,depression,textual,coefficient,0.055935381107742724,0.055935381107742724,positive,148,56,
B_RIDGE,3,1,300,certainty_score,handcrafted_linguistic,coefficient,-0.05572725701278818,0.05572725701278818,negative,149,,93
B_RIDGE,3,1,24,away,textual,coefficient,-0.05563266245015431,0.05563266245015431,negative,150,,94
B_RIDGE,3,1,198,physical,textual,coefficient,-0.054413772348211924,0.054413772348211924,negative,151,,95
B_RIDGE,3,1,103,goes,textual,coefficient,-0.05338389834852816,0.05338389834852816,negative,152,,96
B_RIDGE,3,1,133,isn,textual,coefficient,-0.05335872937156678,0.05335872937156678,negative,153,,97
B_RIDGE,3,1,166,manage,textual,coefficient,-0.05326112158862706,0.05326112158862706,negative,154,,98
B_RIDGE,3,1,176,minutes,textual,coefficient,-0.05253047120805899,0.05253047120805899,negative,155,,99
B_RIDGE,3,1,47,completely,textual,coefficient,-0.0523761735101167,0.0523761735101167,negative,156,,100
B_RIDGE,3,1,100,fucking,textual,coefficient,-0.05213695858570999,0.05213695858570999,negative,157,,101
B_RIDGE,3,1,200,point,textual,coefficient,-0.051869303740172554,0.051869303740172554,negative,158,,102
B_RIDGE,3,1,23,autism,textual,coefficient,-0.0517170378807389,0.0517170378807389,negative,159,,103
B_RIDGE,3,1,207,really,textual,coefficient,0.051577068135193783,0.051577068135193783,positive,160,57,
B_RIDGE,3,1,274,type,textual,coefficient,-0.05149958081430035,0.05149958081430035,negative,161,,104
B_RIDGE,3,1,17,anger,textual,coefficient,-0.0514278923726501,0.0514278923726501,negative,162,,105
B_RIDGE,3,1,275,uh,textual,coefficient,-0.05075123206202742,0.05075123206202742,negative,163,,106
B_RIDGE,3,1,19,aren,textual,coefficient,0.05073580837265863,0.05073580837265863,positive,164,58,
B_RIDGE,3,1,182,needs,textual,coefficient,-0.04951596047524307,0.04951596047524307,negative,165,,107
B_RIDGE,3,1,241,stress,textual,coefficient,0.04753539828694443,0.04753539828694443,positive,166,59,
B_RIDGE,3,1,283,ve got,textual,coefficient,-0.0474398758025016,0.0474398758025016,negative,167,,108
B_RIDGE,3,1,14,adult,textual,coefficient,0.04739393023211646,0.04739393023211646,positive,168,60,
B_RIDGE,3,1,270,treatment,textual,coefficient,0.047102555750073875,0.047102555750073875,positive,169,61,
B_RIDGE,3,1,290,work,textual,coefficient,0.04649002917387811,0.04649002917387811,positive,170,62,
B_RIDGE,3,1,258,term,textual,coefficient,0.04589175779580476,0.04589175779580476,positive,171,63,
B_RIDGE,3,1,125,hyperactive,textual,coefficient,0.04552365032499351,0.04552365032499351,positive,172,64,
B_RIDGE,3,1,60,didn,textual,coefficient,-0.045489341084994715,0.045489341084994715,negative,173,,109
B_RIDGE,3,1,156,long term,textual,coefficient,-0.044909012008629304,0.044909012008629304,negative,174,,110
B_RIDGE,3,1,225,seven,textual,coefficient,-0.044727080724665205,0.044727080724665205,negative,175,,111
B_RIDGE,3,1,214,right,textual,coefficient,-0.04449275976870701,0.04449275976870701,negative,176,,112
B_RIDGE,3,1,32,body,textual,coefficient,-0.04426240963489064,0.04426240963489064,negative,177,,113
B_RIDGE,3,1,177,mood,textual,coefficient,-0.04395219438314902,0.04395219438314902,negative,178,,114
B_RIDGE,3,1,12,adhd people,textual,coefficient,-0.04364661388425427,0.04364661388425427,negative,179,,115
B_RIDGE,3,1,265,thought,textual,coefficient,-0.04335507255898196,0.04335507255898196,negative,180,,116
B_RIDGE,3,1,254,task,textual,coefficient,-0.043353627898607805,0.043353627898607805,negative,181,,117
B_RIDGE,3,1,292,working memory,textual,coefficient,-0.04322881563675531,0.04322881563675531,negative,182,,118
B_RIDGE,3,1,111,hard,textual,coefficient,-0.04275230769615151,0.04275230769615151,negative,183,,119
B_RIDGE,3,1,28,best,textual,coefficient,0.04265047273518998,0.04265047273518998,positive,184,65,
B_RIDGE,3,1,136,kids,textual,coefficient,0.04155646875534301,0.04155646875534301,positive,185,66,
B_RIDGE,3,1,262,things like,textual,coefficient,0.041495272801422796,0.041495272801422796,positive,186,67,
B_RIDGE,3,1,227,signs,textual,coefficient,0.04110848987229526,0.04110848987229526,positive,187,68,
B_RIDGE,3,1,245,study,textual,coefficient,0.04101389719685873,0.04101389719685873,positive,188,69,
B_RIDGE,3,1,226,short,textual,coefficient,-0.04066713676588862,0.04066713676588862,negative,189,,120
B_RIDGE,3,1,159,lot,textual,coefficient,-0.04040994683126709,0.04040994683126709,negative,190,,121
B_RIDGE,3,1,221,self,textual,coefficient,-0.04006886660832139,0.04006886660832139,negative,191,,122
B_RIDGE,3,1,217,saying,textual,coefficient,0.04006879867466276,0.04006879867466276,positive,192,70,
B_RIDGE,3,1,236,state,textual,coefficient,-0.03984403558648367,0.03984403558648367,negative,193,,123
B_RIDGE,3,1,264,thinking,textual,coefficient,0.03937270981854391,0.03937270981854391,positive,194,71,
B_RIDGE,3,1,53,day,textual,coefficient,-0.0386500051257287,0.0386500051257287,negative,195,,124
B_RIDGE,3,1,94,feels,textual,coefficient,-0.03844444882196423,0.03844444882196423,negative,196,,125
B_RIDGE,3,1,137,kind,textual,coefficient,-0.03832708359497131,0.03832708359497131,negative,197,,126
B_RIDGE,3,1,59,did,textual,coefficient,-0.03824860690139039,0.03824860690139039,negative,198,,127
B_RIDGE,3,1,44,come,textual,coefficient,-0.03815013482688219,0.03815013482688219,negative,199,,128
B_RIDGE,3,1,285,wait,textual,coefficient,-0.03779741394487884,0.03779741394487884,negative,200,,129
B_RIDGE,3,1,122,home,textual,coefficient,0.03774660954961623,0.03774660954961623,positive,201,72,
B_RIDGE,3,1,75,dysfunction,textual,coefficient,-0.036561979569385256,0.036561979569385256,negative,202,,130
B_RIDGE,3,1,63,different,textual,coefficient,-0.03642594189739522,0.03642594189739522,negative,203,,131
B_RIDGE,3,1,97,follow,textual,coefficient,0.036204276914625404,0.036204276914625404,positive,204,73,
B_RIDGE,3,1,40,change,textual,coefficient,-0.03530364634787045,0.03530364634787045,negative,205,,132
B_RIDGE,3,1,43,chronic,textual,coefficient,-0.035131199224087306,0.035131199224087306,negative,206,,133
B_RIDGE,3,1,83,especially,textual,coefficient,-0.03498361649340887,0.03498361649340887,negative,207,,134
B_RIDGE,3,1,284,video,textual,coefficient,-0.03498034759080983,0.03498034759080983,negative,208,,135
B_RIDGE,3,1,212,remember,textual,coefficient,0.0346942317771733,0.0346942317771733,positive,209,74,
B_RIDGE,3,1,84,everybody,textual,coefficient,0.03404109326593503,0.03404109326593503,positive,210,75,
B_RIDGE,3,1,184,neurotypical,textual,coefficient,-0.033866061903487135,0.033866061903487135,negative,211,,136
B_RIDGE,3,1,107,got,textual,coefficient,-0.033864994528862824,0.033864994528862824,negative,212,,137
B_RIDGE,3,1,71,doing,textual,coefficient,0.03376570435655004,0.03376570435655004,positive,213,76,
B_RIDGE,3,1,266,thoughts,textual,coefficient,-0.03315562549050614,0.03315562549050614,negative,214,,138
B_RIDGE,3,1,145,learn,textual,coefficient,-0.03247741484949839,0.03247741484949839,negative,215,,139
B_RIDGE,3,1,85,example,textual,coefficient,0.03243695067786543,0.03243695067786543,positive,216,77,
B_RIDGE,3,1,73,don know,textual,coefficient,-0.032397734655516416,0.032397734655516416,negative,217,,140
B_RIDGE,3,1,253,talking,textual,coefficient,-0.03212516865810606,0.03212516865810606,negative,218,,141
B_RIDGE,3,1,193,pay,textual,coefficient,-0.03175581218666784,0.03175581218666784,negative,219,,142
B_RIDGE,3,1,233,somebody,textual,coefficient,-0.0315177724652601,0.0315177724652601,negative,220,,143
B_RIDGE,3,1,114,health,textual,coefficient,0.031315130479859954,0.031315130479859954,positive,221,78,
B_RIDGE,3,1,188,oh,textual,coefficient,0.030868170305045475,0.030868170305045475,positive,222,79,
B_RIDGE,3,1,64,differently,textual,coefficient,-0.030234358055705207,0.030234358055705207,negative,223,,144
B_RIDGE,3,1,219,second,textual,coefficient,-0.029843872316722798,0.029843872316722798,negative,224,,145
B_RIDGE,3,1,138,know,textual,coefficient,0.029221310958501244,0.029221310958501244,positive,225,80,
B_RIDGE,3,1,99,forget,textual,coefficient,0.028786310772952302,0.028786310772952302,positive,226,81,
B_RIDGE,3,1,127,important,textual,coefficient,-0.028336136141260824,0.028336136141260824,negative,227,,146
B_RIDGE,3,1,35,burnout,textual,coefficient,0.027005255659993455,0.027005255659993455,positive,228,82,
B_RIDGE,3,1,42,children,textual,coefficient,0.02639867679899054,0.02639867679899054,positive,229,83,
B_RIDGE,3,1,220,seen,textual,coefficient,0.026294027101198873,0.026294027101198873,positive,230,84,
B_RIDGE,3,1,296,wrong,textual,coefficient,0.02619512896549526,0.02619512896549526,positive,231,85,
B_RIDGE,3,1,147,level,textual,coefficient,0.025391425371092242,0.025391425371092242,positive,232,86,
B_RIDGE,3,1,210,regulation,textual,coefficient,0.02536788875963049,0.02536788875963049,positive,233,87,
B_RIDGE,3,1,123,hours,textual,coefficient,0.024311028985100645,0.024311028985100645,positive,234,88,
B_RIDGE,3,1,117,helpful,textual,coefficient,-0.024307458654664108,0.024307458654664108,negative,235,,147
B_RIDGE,3,1,194,pay attention,textual,coefficient,-0.02358282810529093,0.02358282810529093,negative,236,,148
B_RIDGE,3,1,3,able,textual,coefficient,0.023274252195085953,0.023274252195085953,positive,237,89,
B_RIDGE,3,1,119,high,textual,coefficient,-0.02274768953773739,0.02274768953773739,negative,238,,149
B_RIDGE,3,1,116,help,textual,coefficient,-0.022427969669956485,0.022427969669956485,negative,239,,150
B_RIDGE,3,1,141,lack,textual,coefficient,0.022262683104042637,0.022262683104042637,positive,240,90,
B_RIDGE,3,1,243,struggling,textual,coefficient,-0.021845235553700566,0.021845235553700566,negative,241,,151
B_RIDGE,3,1,143,later,textual,coefficient,-0.021098473169886625,0.021098473169886625,negative,242,,152
B_RIDGE,3,1,199,place,textual,coefficient,-0.021039678372244845,0.021039678372244845,negative,243,,153
B_RIDGE,3,1,58,diagnosis,textual,coefficient,0.021013240040007583,0.021013240040007583,positive,244,91,
B_RIDGE,3,1,115,hear,textual,coefficient,0.020744220696343352,0.020744220696343352,positive,245,92,
B_RIDGE,3,1,96,focus,textual,coefficient,-0.020708229947879436,0.020708229947879436,negative,246,,154
B_RIDGE,3,1,249,sure,textual,coefficient,-0.02048332674585339,0.02048332674585339,negative,247,,155
B_RIDGE,3,1,278,use,textual,coefficient,-0.020446553255949802,0.020446553255949802,negative,248,,156
B_RIDGE,3,1,155,long,textual,coefficient,-0.01985719206039729,0.01985719206039729,negative,249,,157
B_RIDGE,3,1,157,look,textual,coefficient,0.019635369152167452,0.019635369152167452,positive,250,93,
B_RIDGE,3,1,101,function,textual,coefficient,-0.01911418028636736,0.01911418028636736,negative,251,,158
B_RIDGE,3,1,56,diagnosed,textual,coefficient,0.018850566631705836,0.018850566631705836,positive,252,94,
B_RIDGE,3,1,93,feeling,textual,coefficient,-0.018815087105796872,0.018815087105796872,negative,253,,159
B_RIDGE,3,1,191,overwhelmed,textual,coefficient,0.018700685230518172,0.018700685230518172,positive,254,95,
B_RIDGE,3,1,168,mean,textual,coefficient,-0.018257464919819503,0.018257464919819503,negative,255,,160
B_RIDGE,3,1,222,sense,textual,coefficient,0.017846165357499343,0.017846165357499343,positive,256,96,
B_RIDGE,3,1,297,yeah,textual,coefficient,0.017166121530805652,0.017166121530805652,positive,257,97,
B_RIDGE,3,1,86,executive,textual,coefficient,0.017165595431586207,0.017165595431586207,positive,258,98,
B_RIDGE,3,1,228,single,textual,coefficient,-0.016955003396146952,0.016955003396146952,negative,259,,161
B_RIDGE,3,1,102,getting,textual,coefficient,-0.016862153932168646,0.016862153932168646,negative,260,,162
B_RIDGE,3,1,81,end,textual,coefficient,0.016530532476201166,0.016530532476201166,positive,261,99,
B_RIDGE,3,1,186,normal,textual,coefficient,-0.016222399127367587,0.016222399127367587,negative,262,,163
B_RIDGE,3,1,293,works,textual,coefficient,-0.016083838210025292,0.016083838210025292,negative,263,,164
B_RIDGE,3,1,234,sound,textual,coefficient,-0.015947260212659905,0.015947260212659905,negative,264,,165
B_RIDGE,3,1,68,doctor,textual,coefficient,-0.01594089360932553,0.01594089360932553,negative,265,,166
B_RIDGE,3,1,261,things,textual,coefficient,0.015564474536212439,0.015564474536212439,positive,266,100,
B_RIDGE,3,1,149,like,textual,coefficient,0.01538695692372837,0.01538695692372837,positive,267,101,
B_RIDGE,3,1,165,making,textual,coefficient,0.014839600269462275,0.014839600269462275,positive,268,102,
B_RIDGE,3,1,277,understand,textual,coefficient,-0.014314415433988792,0.014314415433988792,negative,269,,167
B_RIDGE,3,1,167,maybe,textual,coefficient,-0.013875250675570269,0.013875250675570269,negative,270,,168
B_RIDGE,3,1,162,low,textual,coefficient,0.012128762226039595,0.012128762226039595,positive,271,103,
B_RIDGE,3,1,82,energy,textual,coefficient,0.011101768328515211,0.011101768328515211,positive,272,104,
B_RIDGE,3,1,235,start,textual,coefficient,0.010951240879903353,0.010951240879903353,positive,273,105,
B_RIDGE,3,1,67,distracted,textual,coefficient,-0.01074795998995177,0.01074795998995177,negative,274,,169
B_RIDGE,3,1,57,diagnosed adhd,textual,coefficient,0.010713320804822348,0.010713320804822348,positive,275,106,
B_RIDGE,3,1,160,lot people,textual,coefficient,0.010696819208296895,0.010696819208296895,positive,276,107,
B_RIDGE,3,1,49,constant,textual,coefficient,-0.010113697871148658,0.010113697871148658,negative,277,,170
B_RIDGE,3,1,164,makes,textual,coefficient,-0.010060076858864118,0.010060076858864118,negative,278,,171
B_RIDGE,3,1,29,better,textual,coefficient,0.009706063122881622,0.009706063122881622,positive,279,108,
B_RIDGE,3,1,187,number,textual,coefficient,0.009541052073788655,0.009541052073788655,positive,280,109,
B_RIDGE,3,1,213,research,textual,coefficient,0.00949566370509526,0.00949566370509526,positive,281,110,
B_RIDGE,3,1,240,stop,textual,coefficient,-0.009436191986041774,0.009436191986041774,negative,282,,172
B_RIDGE,3,1,27,behavior,textual,coefficient,0.009420995946376074,0.009420995946376074,positive,283,111,
B_RIDGE,3,1,230,sleep,textual,coefficient,-0.008587237126503637,0.008587237126503637,negative,284,,173
B_RIDGE,3,1,273,trying,textual,coefficient,-0.006620043773146732,0.006620043773146732,negative,285,,174
B_RIDGE,3,1,9,adhd brain,textual,coefficient,-0.0064481483814736755,0.0064481483814736755,negative,286,,175
B_RIDGE,3,1,77,eat,textual,coefficient,0.006156933561042508,0.006156933561042508,positive,287,112,
B_RIDGE,3,1,172,meds,textual,coefficient,0.006133949929383616,0.006133949929383616,positive,288,113,
B_RIDGE,3,1,39,certain,textual,coefficient,0.005694376097877601,0.005694376097877601,positive,289,114,
B_RIDGE,3,1,66,disorder,textual,coefficient,-0.004940318085390265,0.004940318085390265,negative,290,,176
B_RIDGE,3,1,87,exercise,textual,coefficient,-0.004282195203804425,0.004282195203804425,negative,291,,177
B_RIDGE,3,1,92,feel like,textual,coefficient,-0.003771452826995778,0.003771452826995778,negative,292,,178
B_RIDGE,3,1,291,working,textual,coefficient,-0.0036996685217505028,0.0036996685217505028,negative,293,,179
B_RIDGE,3,1,231,small,textual,coefficient,0.0033704551913579027,0.0033704551913579027,positive,294,115,
B_RIDGE,3,1,5,activity,textual,coefficient,0.0030437549803244454,0.0030437549803244454,positive,295,116,
B_RIDGE,3,1,246,stuff,textual,coefficient,-0.002711856324256494,0.002711856324256494,negative,296,,180
B_RIDGE,3,1,41,child,textual,coefficient,-0.0024980977859383724,0.0024980977859383724,negative,297,,181
B_RIDGE,3,1,204,protein,textual,coefficient,0.002088470855668411,0.002088470855668411,positive,298,117,
B_RIDGE,3,1,279,used,textual,coefficient,-0.001962706609562224,0.001962706609562224,negative,299,,182
B_RIDGE,3,1,173,memory,textual,coefficient,0.0015440806510134911,0.0015440806510134911,positive,300,118,
B_RIDGE,3,1,88,experience,textual,coefficient,0.0013692017839745617,0.0013692017839745617,positive,301,119,
B_RIDGE,3,1,69,does,textual,coefficient,0.000380486612535639,0.000380486612535639,positive,302,120,
B_RIDGE,3,2,126,hyperactivity,textual,coefficient,0.3808075956266484,0.3808075956266484,positive,1,1,
B_RIDGE,3,2,61,diet,textual,coefficient,0.3618544165955149,0.3618544165955149,positive,2,2,
B_RIDGE,3,2,106,good,textual,coefficient,0.31680011864563334,0.31680011864563334,positive,3,3,
B_RIDGE,3,2,148,life,textual,coefficient,-0.2817011308452082,0.2817011308452082,negative,4,,1
B_RIDGE,3,2,90,fast,textual,coefficient,0.23712482900136148,0.23712482900136148,positive,5,4,
B_RIDGE,3,2,287,way,textual,coefficient,0.22494206082527313,0.22494206082527313,positive,6,5,
B_RIDGE,3,2,211,rejection,textual,coefficient,0.21717836062805027,0.21717836062805027,positive,7,6,
B_RIDGE,3,2,259,test,textual,coefficient,0.201581635520812,0.201581635520812,positive,8,7,
B_RIDGE,3,2,207,really,textual,coefficient,-0.20055086236841108,0.20055086236841108,negative,9,,2
B_RIDGE,3,2,252,talk,textual,coefficient,0.1963022632971282,0.1963022632971282,positive,10,8,
B_RIDGE,3,2,179,motivation,textual,coefficient,0.1962226651156997,0.1962226651156997,positive,11,9,
B_RIDGE,3,2,23,autism,textual,coefficient,0.1893637174553153,0.1893637174553153,positive,12,10,
B_RIDGE,3,2,266,thoughts,textual,coefficient,0.17888498356222243,0.17888498356222243,positive,13,11,
B_RIDGE,3,2,38,care,textual,coefficient,0.17342918705331478,0.17342918705331478,positive,14,12,
B_RIDGE,3,2,284,video,textual,coefficient,0.1724586046413623,0.1724586046413623,positive,15,13,
B_RIDGE,3,2,96,focus,textual,coefficient,0.17148730399224685,0.17148730399224685,positive,16,14,
B_RIDGE,3,2,271,trouble,textual,coefficient,-0.16634102398938963,0.16634102398938963,negative,17,,3
B_RIDGE,3,2,255,tasks,textual,coefficient,-0.16472911226546763,0.16472911226546763,negative,18,,4
B_RIDGE,3,2,22,attention deficit,textual,coefficient,0.16230164650555476,0.16230164650555476,positive,19,15,
B_RIDGE,3,2,119,high,textual,coefficient,0.1620372496378975,0.1620372496378975,positive,20,16,
B_RIDGE,3,2,224,sensory,textual,coefficient,0.16165159874796098,0.16165159874796098,positive,21,17,
B_RIDGE,3,2,135,just,textual,coefficient,0.1613797665211546,0.1613797665211546,positive,22,18,
B_RIDGE,3,2,133,isn,textual,coefficient,0.16136585619722138,0.16136585619722138,positive,23,19,
B_RIDGE,3,2,21,attention,textual,coefficient,0.15658233623687068,0.15658233623687068,positive,24,20,
B_RIDGE,3,2,238,stimulant,textual,coefficient,-0.15063644093027825,0.15063644093027825,negative,25,,5
B_RIDGE,3,2,159,lot,textual,coefficient,-0.14696394962831297,0.14696394962831297,negative,26,,6
B_RIDGE,3,2,137,kind,textual,coefficient,0.14506138827595547,0.14506138827595547,positive,27,21,
B_RIDGE,3,2,275,uh,textual,coefficient,0.14498764553222337,0.14498764553222337,positive,28,22,
B_RIDGE,3,2,281,usually,textual,coefficient,0.14422543709044755,0.14422543709044755,positive,29,23,
B_RIDGE,3,2,220,seen,textual,coefficient,0.14054324358842357,0.14054324358842357,positive,30,24,
B_RIDGE,3,2,181,need,textual,coefficient,0.1405307481413638,0.1405307481413638,positive,31,25,
B_RIDGE,3,2,184,neurotypical,textual,coefficient,-0.14040324091420026,0.14040324091420026,negative,32,,7
B_RIDGE,3,2,68,doctor,textual,coefficient,0.14020563865642965,0.14020563865642965,positive,33,26,
B_RIDGE,3,2,132,instead,textual,coefficient,-0.13963314500258675,0.13963314500258675,negative,34,,8
B_RIDGE,3,2,190,open,textual,coefficient,0.13419117770910657,0.13419117770910657,positive,35,27,
B_RIDGE,3,2,240,stop,textual,coefficient,-0.13258295130767792,0.13258295130767792,negative,36,,9
B_RIDGE,3,2,111,hard,textual,coefficient,0.1307760990586246,0.1307760990586246,positive,37,28,
B_RIDGE,3,2,78,eating,textual,coefficient,0.12928497937749656,0.12928497937749656,positive,38,29,
B_RIDGE,3,2,43,chronic,textual,coefficient,0.12497130268614028,0.12497130268614028,positive,39,30,
B_RIDGE,3,2,192,patients,textual,coefficient,0.1247437929622956,0.1247437929622956,positive,40,31,
B_RIDGE,3,2,227,signs,textual,coefficient,0.12472225087024956,0.12472225087024956,positive,41,32,
B_RIDGE,3,2,277,understand,textual,coefficient,0.12412965781178564,0.12412965781178564,positive,42,33,
B_RIDGE,3,2,28,best,textual,coefficient,-0.12245085556017331,0.12245085556017331,negative,43,,10
B_RIDGE,3,2,212,remember,textual,coefficient,0.122118232816267,0.122118232816267,positive,44,34,
B_RIDGE,3,2,146,let,textual,coefficient,0.11969757881474617,0.11969757881474617,positive,45,35,
B_RIDGE,3,2,121,highly,textual,coefficient,0.11953757331421005,0.11953757331421005,positive,46,36,
B_RIDGE,3,2,117,helpful,textual,coefficient,-0.1193823628815484,0.1193823628815484,negative,47,,11
B_RIDGE,3,2,202,problem,textual,coefficient,-0.11890932872946948,0.11890932872946948,negative,48,,12
B_RIDGE,3,2,30,big,textual,coefficient,-0.11861956176200371,0.11861956176200371,negative,49,,13
B_RIDGE,3,2,53,day,textual,coefficient,-0.11763115078125126,0.11763115078125126,negative,50,,14
B_RIDGE,3,2,162,low,textual,coefficient,-0.11754141162171856,0.11754141162171856,negative,51,,15
B_RIDGE,3,2,91,feel,textual,coefficient,-0.11716492194327419,0.11716492194327419,negative,52,,16
B_RIDGE,3,2,260,thing,textual,coefficient,-0.11708081572214758,0.11708081572214758,negative,53,,17
B_RIDGE,3,2,134,issues,textual,coefficient,0.11589065432727076,0.11589065432727076,positive,54,37,
B_RIDGE,3,2,261,things,textual,coefficient,-0.11578662321762895,0.11578662321762895,negative,55,,18
B_RIDGE,3,2,152,little,textual,coefficient,0.1143904471028791,0.1143904471028791,positive,56,38,
B_RIDGE,3,2,18,anxiety,textual,coefficient,-0.11425323138168993,0.11425323138168993,negative,57,,19
B_RIDGE,3,2,186,normal,textual,coefficient,-0.11391533794538745,0.11391533794538745,negative,58,,20
B_RIDGE,3,2,10,adhd brains,textual,coefficient,-0.11365615827160858,0.11365615827160858,negative,59,,21
B_RIDGE,3,2,6,actually,textual,coefficient,0.11365539794055318,0.11365539794055318,positive,60,39,
B_RIDGE,3,2,54,deficit,textual,coefficient,0.11353674404208058,0.11353674404208058,positive,61,40,
B_RIDGE,3,2,237,stay,textual,coefficient,0.11348095869451405,0.11348095869451405,positive,62,41,
B_RIDGE,3,2,215,running,textual,coefficient,0.11318676494793994,0.11318676494793994,positive,63,42,
B_RIDGE,3,2,55,depression,textual,coefficient,-0.1130265487554288,0.1130265487554288,negative,64,,22
B_RIDGE,3,2,198,physical,textual,coefficient,0.11250930238244,0.11250930238244,positive,65,43,
B_RIDGE,3,2,109,gut,textual,coefficient,-0.11209698948922696,0.11209698948922696,negative,66,,23
B_RIDGE,3,2,285,wait,textual,coefficient,0.11184853073027741,0.11184853073027741,positive,67,44,
B_RIDGE,3,2,143,later,textual,coefficient,-0.11104133619966589,0.11104133619966589,negative,68,,24
B_RIDGE,3,2,79,emotional,textual,coefficient,-0.11038568887642465,0.11038568887642465,negative,69,,25
B_RIDGE,3,2,4,activities,textual,coefficient,-0.10969777901703376,0.10969777901703376,negative,70,,26
B_RIDGE,3,2,107,got,textual,coefficient,-0.10936084938388528,0.10936084938388528,negative,71,,27
B_RIDGE,3,2,94,feels,textual,coefficient,-0.10912643041367513,0.10912643041367513,negative,72,,28
B_RIDGE,3,2,74,dopamine,textual,coefficient,-0.10704746690425643,0.10704746690425643,negative,73,,29
B_RIDGE,3,2,163,make,textual,coefficient,-0.10682706147430496,0.10682706147430496,negative,74,,30
B_RIDGE,3,2,50,constantly,textual,coefficient,-0.10585219421316024,0.10585219421316024,negative,75,,31
B_RIDGE,3,2,263,think,textual,coefficient,-0.1056061603508863,0.1056061603508863,negative,76,,32
B_RIDGE,3,2,13,adhd symptoms,textual,coefficient,0.10517932168675148,0.10517932168675148,positive,77,45,
B_RIDGE,3,2,295,worse,textual,coefficient,-0.10483084305262563,0.10483084305262563,negative,78,,33
B_RIDGE,3,2,157,look,textual,coefficient,0.10458702236751428,0.10458702236751428,positive,79,46,
B_RIDGE,3,2,241,stress,textual,coefficient,-0.10406744243874747,0.10406744243874747,negative,80,,34
B_RIDGE,3,2,268,times,textual,coefficient,-0.10397523144634907,0.10397523144634907,negative,81,,35
B_RIDGE,3,2,140,knowing,textual,coefficient,-0.10341543442388049,0.10341543442388049,negative,82,,36
B_RIDGE,3,2,112,harder,textual,coefficient,-0.1025304113409243,0.1025304113409243,negative,83,,37
B_RIDGE,3,2,296,wrong,textual,coefficient,-0.10037118587232537,0.10037118587232537,negative,84,,38
B_RIDGE,3,2,17,anger,textual,coefficient,-0.09970917202605634,0.09970917202605634,negative,85,,39
B_RIDGE,3,2,36,called,textual,coefficient,-0.09556710307505739,0.09556710307505739,negative,86,,40
B_RIDGE,3,2,232,social,textual,coefficient,0.09555144637484372,0.09555144637484372,positive,87,47,
B_RIDGE,3,2,66,disorder,textual,coefficient,0.09417220874909972,0.09417220874909972,positive,88,48,
B_RIDGE,3,2,267,time,textual,coefficient,0.092189391479924,0.092189391479924,positive,89,49,
B_RIDGE,3,2,139,know adhd,textual,coefficient,-0.09169491274524232,0.09169491274524232,negative,90,,41
B_RIDGE,3,2,3,able,textual,coefficient,0.0913080667925182,0.0913080667925182,positive,91,50,
B_RIDGE,3,2,15,adults,textual,coefficient,0.09061535237868677,0.09061535237868677,positive,92,51,
B_RIDGE,3,2,131,information,textual,coefficient,0.0899892907964853,0.0899892907964853,positive,93,52,
B_RIDGE,3,2,279,used,textual,coefficient,-0.08894552741728842,0.08894552741728842,negative,94,,42
B_RIDGE,3,2,249,sure,textual,coefficient,0.08888458631940915,0.08888458631940915,positive,95,53,
B_RIDGE,3,2,11,adhd medication,textual,coefficient,-0.08805472609254661,0.08805472609254661,negative,96,,43
B_RIDGE,3,2,59,did,textual,coefficient,-0.08789273129247235,0.08789273129247235,negative,97,,44
B_RIDGE,3,2,118,helps,textual,coefficient,-0.08731639109234635,0.08731639109234635,negative,98,,45
B_RIDGE,3,2,62,difference,textual,coefficient,-0.08705300379865114,0.08705300379865114,negative,99,,46
B_RIDGE,3,2,236,state,textual,coefficient,-0.08689849285077655,0.08689849285077655,negative,100,,47
B_RIDGE,3,2,239,stimulants,textual,coefficient,-0.0867937453058018,0.0867937453058018,negative,101,,48
B_RIDGE,3,2,57,diagnosed adhd,textual,coefficient,0.08633402366100186,0.08633402366100186,positive,102,54,
B_RIDGE,3,2,95,finally,textual,coefficient,0.08597995271279679,0.08597995271279679,positive,103,55,
B_RIDGE,3,2,265,thought,textual,coefficient,-0.0852600601726306,0.0852600601726306,negative,104,,49
B_RIDGE,3,2,12,adhd people,textual,coefficient,0.08409538614006858,0.08409538614006858,positive,105,56,
B_RIDGE,3,2,222,sense,textual,coefficient,-0.08363475211401114,0.08363475211401114,negative,106,,50
B_RIDGE,3,2,80,emotions,textual,coefficient,-0.08257498355635134,0.08257498355635134,negative,107,,51
B_RIDGE,3,2,214,right,textual,coefficient,0.08189750511900477,0.08189750511900477,positive,108,57,
B_RIDGE,3,2,42,children,textual,coefficient,0.08176404945139419,0.08176404945139419,positive,109,58,
B_RIDGE,3,2,8,adhd,textual,coefficient,0.08156580256724155,0.08156580256724155,positive,110,59,
B_RIDGE,3,2,141,lack,textual,coefficient,0.08132023787545428,0.08132023787545428,positive,111,60,
B_RIDGE,3,2,127,important,textual,coefficient,-0.08072682408245681,0.08072682408245681,negative,112,,52
B_RIDGE,3,2,256,tell,textual,coefficient,0.08066301113142002,0.08066301113142002,positive,113,61,
B_RIDGE,3,2,160,lot people,textual,coefficient,-0.0804435634988919,0.0804435634988919,negative,114,,53
B_RIDGE,3,2,130,inattentive,textual,coefficient,-0.08023679047999407,0.08023679047999407,negative,115,,54
B_RIDGE,3,2,69,does,textual,coefficient,-0.07964029472749705,0.07964029472749705,negative,116,,55
B_RIDGE,3,2,82,energy,textual,coefficient,-0.07958136048217819,0.07958136048217819,negative,117,,56
B_RIDGE,3,2,235,start,textual,coefficient,0.07914487811222833,0.07914487811222833,positive,118,62,
B_RIDGE,3,2,124,hyper,textual,coefficient,0.07726350091376898,0.07726350091376898,positive,119,63,
B_RIDGE,3,2,84,everybody,textual,coefficient,-0.07677508616487128,0.07677508616487128,negative,120,,57
B_RIDGE,3,2,229,sit,textual,coefficient,0.07641411300582024,0.07641411300582024,positive,121,64,
B_RIDGE,3,2,161,love,textual,coefficient,-0.07628791521910579,0.07628791521910579,negative,122,,58
B_RIDGE,3,2,205,quickly,textual,coefficient,-0.07554307392187651,0.07554307392187651,negative,123,,59
B_RIDGE,3,2,52,cortex,textual,coefficient,-0.07454446785218853,0.07454446785218853,negative,124,,60
B_RIDGE,3,2,250,symptoms,textual,coefficient,-0.07444413578198764,0.07444413578198764,negative,125,,61
B_RIDGE,3,2,288,ways,textual,coefficient,-0.07390639341175043,0.07390639341175043,negative,126,,62
B_RIDGE,3,2,45,comes,textual,coefficient,0.07373709254179385,0.07373709254179385,positive,127,65,
B_RIDGE,3,2,88,experience,textual,coefficient,0.07338697387912226,0.07338697387912226,positive,128,66,
B_RIDGE,3,2,216,say,textual,coefficient,-0.07338103068405545,0.07338103068405545,negative,129,,63
B_RIDGE,3,2,114,health,textual,coefficient,-0.07316629329185863,0.07316629329185863,negative,130,,64
B_RIDGE,3,2,41,child,textual,coefficient,-0.0724874928039608,0.0724874928039608,negative,131,,65
B_RIDGE,3,2,166,manage,textual,coefficient,0.0722379696366112,0.0722379696366112,positive,132,67,
B_RIDGE,3,2,247,sugar,textual,coefficient,0.07176095216884187,0.07176095216884187,positive,133,68,
B_RIDGE,3,2,60,didn,textual,coefficient,-0.0699943811360524,0.0699943811360524,negative,134,,66
B_RIDGE,3,2,167,maybe,textual,coefficient,-0.06928467020160411,0.06928467020160411,negative,135,,67
B_RIDGE,3,2,46,common,textual,coefficient,-0.06824405179823127,0.06824405179823127,negative,136,,68
B_RIDGE,3,2,71,doing,textual,coefficient,-0.06815523386689872,0.06815523386689872,negative,137,,69
B_RIDGE,3,2,180,music,textual,coefficient,-0.06732401702242768,0.06732401702242768,negative,138,,70
B_RIDGE,3,2,63,different,textual,coefficient,-0.06686945802183769,0.06686945802183769,negative,139,,71
B_RIDGE,3,2,274,type,textual,coefficient,-0.0665215262933643,0.0665215262933643,negative,140,,72
B_RIDGE,3,2,97,follow,textual,coefficient,-0.06584143565754408,0.06584143565754408,negative,141,,73
B_RIDGE,3,2,100,fucking,textual,coefficient,-0.06540390969353135,0.06540390969353135,negative,142,,74
B_RIDGE,3,2,177,mood,textual,coefficient,0.0652832094579391,0.0652832094579391,positive,143,69,
B_RIDGE,3,2,253,talking,textual,coefficient,0.06496661355417496,0.06496661355417496,positive,144,70,
B_RIDGE,3,2,16,alcohol,textual,coefficient,-0.06491954004041753,0.06491954004041753,negative,145,,75
B_RIDGE,3,2,110,happens,textual,coefficient,-0.06459501828052454,0.06459501828052454,negative,146,,76
B_RIDGE,3,2,153,little bit,textual,coefficient,0.06453399124984946,0.06453399124984946,positive,147,71,
B_RIDGE,3,2,225,seven,textual,coefficient,0.06443923981678691,0.06443923981678691,positive,148,72,
B_RIDGE,3,2,290,work,textual,coefficient,-0.0644181375717929,0.0644181375717929,negative,149,,77
B_RIDGE,3,2,234,sound,textual,coefficient,-0.06435283662006369,0.06435283662006369,negative,150,,78
B_RIDGE,3,2,0,10,textual,coefficient,-0.06389629341365691,0.06389629341365691,negative,151,,79
B_RIDGE,3,2,273,trying,textual,coefficient,-0.062399980445737836,0.062399980445737836,negative,152,,80
B_RIDGE,3,2,81,end,textual,coefficient,-0.06175956263519029,0.06175956263519029,negative,153,,81
B_RIDGE,3,2,169,means,textual,coefficient,0.061563835283355545,0.061563835283355545,positive,154,73,
B_RIDGE,3,2,172,meds,textual,coefficient,-0.061223820874945135,0.061223820874945135,negative,155,,82
B_RIDGE,3,2,113,having,textual,coefficient,-0.060788603074960604,0.060788603074960604,negative,156,,83
B_RIDGE,3,2,7,add,textual,coefficient,0.060563281126460075,0.060563281126460075,positive,157,74,
B_RIDGE,3,2,120,higher,textual,coefficient,-0.06044971314781892,0.06044971314781892,negative,158,,84
B_RIDGE,3,2,151,listen,textual,coefficient,-0.059904864955729956,0.059904864955729956,negative,159,,85
B_RIDGE,3,2,246,stuff,textual,coefficient,-0.059429064917282254,0.059429064917282254,negative,160,,86
B_RIDGE,3,2,201,probably,textual,coefficient,-0.058621556125809944,0.058621556125809944,negative,161,,87
B_RIDGE,3,2,89,fact,textual,coefficient,0.058265107934323,0.058265107934323,positive,162,75,
B_RIDGE,3,2,170,medication,textual,coefficient,-0.05810237205641712,0.05810237205641712,negative,163,,88
B_RIDGE,3,2,104,going,textual,coefficient,-0.05791079483399317,0.05791079483399317,negative,164,,89
B_RIDGE,3,2,149,like,textual,coefficient,-0.05767966623818739,0.05767966623818739,negative,165,,90
B_RIDGE,3,2,286,want,textual,coefficient,0.057096603717331,0.057096603717331,positive,166,76,
B_RIDGE,3,2,301,hedge_score,handcrafted_linguistic,coefficient,0.05691959298106782,0.05691959298106782,positive,167,77,
B_RIDGE,3,2,105,gonna,textual,coefficient,-0.056603287276917935,0.056603287276917935,negative,168,,91
B_RIDGE,3,2,164,makes,textual,coefficient,-0.05659811330392062,0.05659811330392062,negative,169,,92
B_RIDGE,3,2,27,behavior,textual,coefficient,0.05585237706275672,0.05585237706275672,positive,170,78,
B_RIDGE,3,2,158,looking,textual,coefficient,0.055826005921739204,0.055826005921739204,positive,171,79,
B_RIDGE,3,2,200,point,textual,coefficient,-0.05577239206325623,0.05577239206325623,negative,172,,93
B_RIDGE,3,2,29,better,textual,coefficient,-0.0555785717349897,0.0555785717349897,negative,173,,94
B_RIDGE,3,2,173,memory,textual,coefficient,0.055563507285097825,0.055563507285097825,positive,174,80,
B_RIDGE,3,2,67,distracted,textual,coefficient,0.055262493211482994,0.055262493211482994,positive,175,81,
B_RIDGE,3,2,188,oh,textual,coefficient,-0.054846879256857044,0.054846879256857044,negative,176,,95
B_RIDGE,3,2,178,morning,textual,coefficient,-0.054642838964821104,0.054642838964821104,negative,177,,96
B_RIDGE,3,2,49,constant,textual,coefficient,-0.054577513135307947,0.054577513135307947,negative,178,,97
B_RIDGE,3,2,35,burnout,textual,coefficient,-0.053996063104298164,0.053996063104298164,negative,179,,98
B_RIDGE,3,2,58,diagnosis,textual,coefficient,0.05392821326778263,0.05392821326778263,positive,180,82,
B_RIDGE,3,2,221,self,textual,coefficient,0.05348428403027076,0.05348428403027076,positive,181,83,
B_RIDGE,3,2,197,person,textual,coefficient,-0.0524131593638784,0.0524131593638784,negative,182,,99
B_RIDGE,3,2,196,people adhd,textual,coefficient,-0.0520676575109983,0.0520676575109983,negative,183,,100
B_RIDGE,3,2,44,come,textual,coefficient,-0.051572839573030396,0.051572839573030396,negative,184,,101
B_RIDGE,3,2,230,sleep,textual,coefficient,-0.05114379776319537,0.05114379776319537,negative,185,,102
B_RIDGE,3,2,203,problems,textual,coefficient,0.050538414660902364,0.050538414660902364,positive,186,84,
B_RIDGE,3,2,24,away,textual,coefficient,-0.05030302672968962,0.05030302672968962,negative,187,,103
B_RIDGE,3,2,123,hours,textual,coefficient,-0.049327525613847366,0.049327525613847366,negative,188,,104
B_RIDGE,3,2,300,certainty_score,handcrafted_linguistic,coefficient,-0.04886792725993591,0.04886792725993591,negative,189,,105
B_RIDGE,3,2,77,eat,textual,coefficient,-0.04885892690556243,0.04885892690556243,negative,190,,106
B_RIDGE,3,2,31,bit,textual,coefficient,0.048524581322334885,0.048524581322334885,positive,191,85,
B_RIDGE,3,2,297,yeah,textual,coefficient,0.04711650395153955,0.04711650395153955,positive,192,86,
B_RIDGE,3,2,145,learn,textual,coefficient,-0.046847985783836685,0.046847985783836685,negative,193,,107
B_RIDGE,3,2,254,task,textual,coefficient,0.04641799879455528,0.04641799879455528,positive,194,87,
B_RIDGE,3,2,72,don,textual,coefficient,0.04635488693492189,0.04635488693492189,positive,195,88,
B_RIDGE,3,2,293,works,textual,coefficient,-0.046238662819636525,0.046238662819636525,negative,196,,108
B_RIDGE,3,2,101,function,textual,coefficient,-0.04573185373746626,0.04573185373746626,negative,197,,109
B_RIDGE,3,2,93,feeling,textual,coefficient,0.0456667895217497,0.0456667895217497,positive,198,89,
B_RIDGE,3,2,142,late,textual,coefficient,0.04450116967149952,0.04450116967149952,positive,199,90,
B_RIDGE,3,2,218,school,textual,coefficient,-0.04446949946806631,0.04446949946806631,negative,200,,110
B_RIDGE,3,2,40,change,textual,coefficient,0.04414081240963631,0.04414081240963631,positive,201,91,
B_RIDGE,3,2,103,goes,textual,coefficient,-0.04276328597076455,0.04276328597076455,negative,202,,111
B_RIDGE,3,2,206,real,textual,coefficient,-0.042096891205787426,0.042096891205787426,negative,203,,112
B_RIDGE,3,2,193,pay,textual,coefficient,-0.04184652206829299,0.04184652206829299,negative,204,,113
B_RIDGE,3,2,76,easily,textual,coefficient,-0.04176158885930343,0.04176158885930343,negative,205,,114
B_RIDGE,3,2,299,yes,textual,coefficient,-0.04128269347077501,0.04128269347077501,negative,206,,115
B_RIDGE,3,2,195,people,textual,coefficient,-0.040822650202109075,0.040822650202109075,negative,207,,116
B_RIDGE,3,2,209,regulate,textual,coefficient,0.04071398524114597,0.04071398524114597,positive,208,92,
B_RIDGE,3,2,92,feel like,textual,coefficient,-0.040340454070347295,0.040340454070347295,negative,209,,117
B_RIDGE,3,2,99,forget,textual,coefficient,-0.04017518752724973,0.04017518752724973,negative,210,,118
B_RIDGE,3,2,73,don know,textual,coefficient,0.04002142332656215,0.04002142332656215,positive,211,93,
B_RIDGE,3,2,128,impulsive,textual,coefficient,0.03957623835689878,0.03957623835689878,positive,212,94,
B_RIDGE,3,2,217,saying,textual,coefficient,-0.03917467107633423,0.03917467107633423,negative,213,,119
B_RIDGE,3,2,208,reason,textual,coefficient,0.03806357256465571,0.03806357256465571,positive,214,95,
B_RIDGE,3,2,47,completely,textual,coefficient,-0.03765201466419527,0.03765201466419527,negative,215,,120
B_RIDGE,3,2,144,lead,textual,coefficient,-0.0375599716135939,0.0375599716135939,negative,216,,121
B_RIDGE,3,2,243,struggling,textual,coefficient,-0.03682787320432476,0.03682787320432476,negative,217,,122
B_RIDGE,3,2,298,years,textual,coefficient,0.0365180862281434,0.0365180862281434,positive,218,96,
B_RIDGE,3,2,233,somebody,textual,coefficient,-0.036472212909868795,0.036472212909868795,negative,219,,123
B_RIDGE,3,2,20,ask,textual,coefficient,0.03544660067437513,0.03544660067437513,positive,220,97,
B_RIDGE,3,2,283,ve got,textual,coefficient,-0.03433217791337893,0.03433217791337893,negative,221,,124
B_RIDGE,3,2,228,single,textual,coefficient,0.03401625408716176,0.03401625408716176,positive,222,98,
B_RIDGE,3,2,257,tend,textual,coefficient,-0.03284096048552638,0.03284096048552638,negative,223,,125
B_RIDGE,3,2,98,food,textual,coefficient,0.03184307819189847,0.03184307819189847,positive,224,99,
B_RIDGE,3,2,245,study,textual,coefficient,-0.030394166104883227,0.030394166104883227,negative,225,,126
B_RIDGE,3,2,276,um,textual,coefficient,-0.02950869666215587,0.02950869666215587,negative,226,,127
B_RIDGE,3,2,194,pay attention,textual,coefficient,-0.029268844936265016,0.029268844936265016,negative,227,,128
B_RIDGE,3,2,244,studies,textual,coefficient,0.029071875439211893,0.029071875439211893,positive,228,100,
B_RIDGE,3,2,185,new,textual,coefficient,-0.028949677853495125,0.028949677853495125,negative,229,,129
B_RIDGE,3,2,291,working,textual,coefficient,-0.02883241938675634,0.02883241938675634,negative,230,,130
B_RIDGE,3,2,258,term,textual,coefficient,0.028597012447267794,0.028597012447267794,positive,231,101,
B_RIDGE,3,2,9,adhd brain,textual,coefficient,-0.02853385768751168,0.02853385768751168,negative,232,,131
B_RIDGE,3,2,156,long term,textual,coefficient,0.027840307116166314,0.027840307116166314,positive,233,102,
B_RIDGE,3,2,83,especially,textual,coefficient,-0.027792509567917092,0.027792509567917092,negative,234,,132
B_RIDGE,3,2,272,try,textual,coefficient,0.027302152114695517,0.027302152114695517,positive,235,103,
B_RIDGE,3,2,129,impulsivity,textual,coefficient,-0.02654192148852417,0.02654192148852417,negative,236,,133
B_RIDGE,3,2,14,adult,textual,coefficient,0.02597495905388256,0.02597495905388256,positive,237,104,
B_RIDGE,3,2,264,thinking,textual,coefficient,0.025805944709610364,0.025805944709610364,positive,238,105,
B_RIDGE,3,2,33,brain,textual,coefficient,0.025335105388189925,0.025335105388189925,positive,239,106,
B_RIDGE,3,2,174,mental,textual,coefficient,0.024539416146641818,0.024539416146641818,positive,240,107,
B_RIDGE,3,2,122,home,textual,coefficient,-0.024493411890886888,0.024493411890886888,negative,241,,134
B_RIDGE,3,2,292,working memory,textual,coefficient,0.024155945372683594,0.024155945372683594,positive,242,108,
B_RIDGE,3,2,165,making,textual,coefficient,-0.024151277590918393,0.024151277590918393,negative,243,,135
B_RIDGE,3,2,138,know,textual,coefficient,-0.02365067159408735,0.02365067159408735,negative,244,,136
B_RIDGE,3,2,116,help,textual,coefficient,-0.022587653425911434,0.022587653425911434,negative,245,,137
B_RIDGE,3,2,270,treatment,textual,coefficient,0.022503223773339617,0.022503223773339617,positive,246,109,
B_RIDGE,3,2,147,level,textual,coefficient,-0.02231223791126398,0.02231223791126398,negative,247,,138
B_RIDGE,3,2,199,place,textual,coefficient,-0.0208122401190602,0.0208122401190602,negative,248,,139
B_RIDGE,3,2,125,hyperactive,textual,coefficient,0.019983344930507033,0.019983344930507033,positive,249,110,
B_RIDGE,3,2,2,30,textual,coefficient,0.01971548492513697,0.01971548492513697,positive,250,111,
B_RIDGE,3,2,248,support,textual,coefficient,-0.019240777517875396,0.019240777517875396,negative,251,,140
B_RIDGE,3,2,282,ve,textual,coefficient,-0.01922505210097935,0.01922505210097935,negative,252,,141
B_RIDGE,3,2,34,brains,textual,coefficient,-0.01863037848501065,0.01863037848501065,negative,253,,142
B_RIDGE,3,2,171,medications,textual,coefficient,0.018201692107651754,0.018201692107651754,positive,254,112,
B_RIDGE,3,2,262,things like,textual,coefficient,-0.017358979302183903,0.017358979302183903,negative,255,,143
B_RIDGE,3,2,39,certain,textual,coefficient,0.016704068589795805,0.016704068589795805,positive,256,113,
B_RIDGE,3,2,86,executive,textual,coefficient,0.01649194502180485,0.01649194502180485,positive,257,114,
B_RIDGE,3,2,102,getting,textual,coefficient,0.01623221949541766,0.01623221949541766,positive,258,115,
B_RIDGE,3,2,204,protein,textual,coefficient,-0.01603815192055287,0.01603815192055287,negative,259,,144
B_RIDGE,3,2,75,dysfunction,textual,coefficient,0.015875684748764805,0.015875684748764805,positive,260,116,
B_RIDGE,3,2,1,20,textual,coefficient,0.015759710259627618,0.015759710259627618,positive,261,117,
B_RIDGE,3,2,231,small,textual,coefficient,-0.0153158158702596,0.0153158158702596,negative,262,,145
B_RIDGE,3,2,182,needs,textual,coefficient,0.015136064509761323,0.015136064509761323,positive,263,118,
B_RIDGE,3,2,70,doesn,textual,coefficient,0.01366007813162872,0.01366007813162872,positive,264,119,
B_RIDGE,3,2,51,control,textual,coefficient,0.013442112457506086,0.013442112457506086,positive,265,120,
B_RIDGE,3,2,289,women,textual,coefficient,-0.013405497242671293,0.013405497242671293,negative,266,,146
B_RIDGE,3,2,87,exercise,textual,coefficient,-0.013353349777569645,0.013353349777569645,negative,267,,147
B_RIDGE,3,2,251,taking,textual,coefficient,0.013101540261931733,0.013101540261931733,positive,268,121,
B_RIDGE,3,2,219,second,textual,coefficient,0.012928129684151206,0.012928129684151206,positive,269,122,
B_RIDGE,3,2,5,activity,textual,coefficient,-0.01267810447048535,0.01267810447048535,negative,270,,148
B_RIDGE,3,2,175,mind,textual,coefficient,-0.011709611307145226,0.011709611307145226,negative,271,,149
B_RIDGE,3,2,294,world,textual,coefficient,-0.011658239340745759,0.011658239340745759,negative,272,,150
B_RIDGE,3,2,213,research,textual,coefficient,-0.011382230974587819,0.011382230974587819,negative,273,,151
B_RIDGE,3,2,115,hear,textual,coefficient,-0.010336332610579396,0.010336332610579396,negative,274,,152
B_RIDGE,3,2,176,minutes,textual,coefficient,0.010081597731915828,0.010081597731915828,positive,275,123,
B_RIDGE,3,2,155,long,textual,coefficient,0.00961221331672994,0.00961221331672994,positive,276,124,
B_RIDGE,3,2,191,overwhelmed,textual,coefficient,-0.009604101387612531,0.009604101387612531,negative,277,,153
B_RIDGE,3,2,19,aren,textual,coefficient,-0.009566693146931121,0.009566693146931121,negative,278,,154
B_RIDGE,3,2,226,short,textual,coefficient,-0.009404475275788537,0.009404475275788537,negative,279,,155
B_RIDGE,3,2,48,condition,textual,coefficient,0.00931975853306242,0.00931975853306242,positive,280,125,
B_RIDGE,3,2,85,example,textual,coefficient,-0.007985408764272912,0.007985408764272912,negative,281,,156
B_RIDGE,3,2,150,likely,textual,coefficient,0.007901278468663592,0.007901278468663592,positive,282,126,
B_RIDGE,3,2,210,regulation,textual,coefficient,0.007745790269238382,0.007745790269238382,positive,283,127,
B_RIDGE,3,2,56,diagnosed,textual,coefficient,0.007207764110391705,0.007207764110391705,positive,284,128,
B_RIDGE,3,2,108,great,textual,coefficient,0.0070184283627466966,0.0070184283627466966,positive,285,129,
B_RIDGE,3,2,25,bad,textual,coefficient,0.005800153092947736,0.005800153092947736,positive,286,130,
B_RIDGE,3,2,168,mean,textual,coefficient,0.00579623398702124,0.00579623398702124,positive,287,131,
B_RIDGE,3,2,269,told,textual,coefficient,-0.005376907871350395,0.005376907871350395,negative,288,,157
B_RIDGE,3,2,280,using,textual,coefficient,-0.004203036531089257,0.004203036531089257,negative,289,,158
B_RIDGE,3,2,187,number,textual,coefficient,-0.004125543053153053,0.004125543053153053,negative,290,,159
B_RIDGE,3,2,136,kids,textual,coefficient,-0.004046651269576525,0.004046651269576525,negative,291,,160
B_RIDGE,3,2,183,nervous,textual,coefficient,-0.0038137759554662054,0.0038137759554662054,negative,292,,161
B_RIDGE,3,2,64,differently,textual,coefficient,0.0037147091846212745,0.0037147091846212745,positive,293,132,
B_RIDGE,3,2,223,sensitive,textual,coefficient,0.00370664196335912,0.00370664196335912,positive,294,133,
B_RIDGE,3,2,37,calm,textual,coefficient,0.003611400070043695,0.003611400070043695,positive,295,134,
B_RIDGE,3,2,32,body,textual,coefficient,0.0025559073207331944,0.0025559073207331944,positive,296,135,
B_RIDGE,3,2,154,ll,textual,coefficient,0.0017513122960081348,0.0017513122960081348,positive,297,136,
B_RIDGE,3,2,65,difficulty,textual,coefficient,-0.0017093808341237652,0.0017093808341237652,negative,298,,162
B_RIDGE,3,2,242,struggle,textual,coefficient,-0.001680052919365106,0.001680052919365106,negative,299,,163
B_RIDGE,3,2,189,okay,textual,coefficient,-0.0015700495486946763,0.0015700495486946763,negative,300,,164
B_RIDGE,3,2,278,use,textual,coefficient,-0.0011908640925024667,0.0011908640925024667,negative,301,,165
B_RIDGE,3,2,26,based,textual,coefficient,-0.00018602431103661855,0.00018602431103661855,negative,302,,166
B_RIDGE,3,3,109,gut,textual,coefficient,0.2709510641853748,0.2709510641853748,positive,1,1,
B_RIDGE,3,3,74,dopamine,textual,coefficient,0.2259857564297204,0.2259857564297204,positive,2,2,
B_RIDGE,3,3,207,really,textual,coefficient,0.19535145562415146,0.19535145562415146,positive,3,3,
B_RIDGE,3,3,159,lot,textual,coefficient,0.19059987399943926,0.19059987399943926,positive,4,4,
B_RIDGE,3,3,127,important,textual,coefficient,0.18908237968981043,0.18908237968981043,positive,5,5,
B_RIDGE,3,3,16,alcohol,textual,coefficient,0.18031612889499654,0.18031612889499654,positive,6,6,
B_RIDGE,3,3,196,people adhd,textual,coefficient,0.17264584343034178,0.17264584343034178,positive,7,7,
B_RIDGE,3,3,230,sleep,textual,coefficient,0.16556079945974028,0.16556079945974028,positive,8,8,
B_RIDGE,3,3,142,late,textual,coefficient,0.16297302894655177,0.16297302894655177,positive,9,9,
B_RIDGE,3,3,250,symptoms,textual,coefficient,-0.1565195801190151,0.1565195801190151,negative,10,,1
B_RIDGE,3,3,17,anger,textual,coefficient,0.14573969490972966,0.14573969490972966,positive,11,10,
B_RIDGE,3,3,135,just,textual,coefficient,-0.13752821935010784,0.13752821935010784,negative,12,,2
B_RIDGE,3,3,202,problem,textual,coefficient,0.13656053091241682,0.13656053091241682,positive,13,11,
B_RIDGE,3,3,134,issues,textual,coefficient,0.1322517547990605,0.1322517547990605,positive,14,12,
B_RIDGE,3,3,52,cortex,textual,coefficient,0.13186709779591763,0.13186709779591763,positive,15,13,
B_RIDGE,3,3,18,anxiety,textual,coefficient,-0.13154373725575794,0.13154373725575794,negative,16,,3
B_RIDGE,3,3,133,isn,textual,coefficient,-0.13007587791859174,0.13007587791859174,negative,17,,4
B_RIDGE,3,3,203,problems,textual,coefficient,-0.12806695074900654,0.12806695074900654,negative,18,,5
B_RIDGE,3,3,117,helpful,textual,coefficient,0.1233558428185278,0.1233558428185278,positive,19,14,
B_RIDGE,3,3,260,thing,textual,coefficient,0.12071379859225556,0.12071379859225556,positive,20,15,
B_RIDGE,3,3,36,called,textual,coefficient,0.12068448520620484,0.12068448520620484,positive,21,16,
B_RIDGE,3,3,41,child,textual,coefficient,0.11779023788215755,0.11779023788215755,positive,22,17,
B_RIDGE,3,3,5,activity,textual,coefficient,0.11775551948535028,0.11775551948535028,positive,23,18,
B_RIDGE,3,3,251,taking,textual,coefficient,0.11743835039472386,0.11743835039472386,positive,24,19,
B_RIDGE,3,3,91,feel,textual,coefficient,0.11713191008247652,0.11713191008247652,positive,25,20,
B_RIDGE,3,3,110,happens,textual,coefficient,0.11598149225417342,0.11598149225417342,positive,26,21,
B_RIDGE,3,3,154,ll,textual,coefficient,0.11199269237396364,0.11199269237396364,positive,27,22,
B_RIDGE,3,3,96,focus,textual,coefficient,-0.11194504723539658,0.11194504723539658,negative,28,,6
B_RIDGE,3,3,64,differently,textual,coefficient,0.110804673138167,0.110804673138167,positive,29,23,
B_RIDGE,3,3,289,women,textual,coefficient,0.11067319595009206,0.11067319595009206,positive,30,24,
B_RIDGE,3,3,223,sensitive,textual,coefficient,0.10956235018821504,0.10956235018821504,positive,31,25,
B_RIDGE,3,3,242,struggle,textual,coefficient,0.10895052874968178,0.10895052874968178,positive,32,26,
B_RIDGE,3,3,206,real,textual,coefficient,-0.10874794908166169,0.10874794908166169,negative,33,,7
B_RIDGE,3,3,80,emotions,textual,coefficient,0.10873531813826097,0.10873531813826097,positive,34,27,
B_RIDGE,3,3,119,high,textual,coefficient,-0.10788046991390643,0.10788046991390643,negative,35,,8
B_RIDGE,3,3,186,normal,textual,coefficient,0.10741731520793801,0.10741731520793801,positive,36,28,
B_RIDGE,3,3,43,chronic,textual,coefficient,-0.10716571840873924,0.10716571840873924,negative,37,,9
B_RIDGE,3,3,157,look,textual,coefficient,-0.1061386054018405,0.1061386054018405,negative,38,,10
B_RIDGE,3,3,276,um,textual,coefficient,-0.1049718282449014,0.1049718282449014,negative,39,,11
B_RIDGE,3,3,218,school,textual,coefficient,0.10398485279401407,0.10398485279401407,positive,40,29,
B_RIDGE,3,3,100,fucking,textual,coefficient,-0.10273506331704595,0.10273506331704595,negative,41,,12
B_RIDGE,3,3,42,children,textual,coefficient,-0.10199602699228004,0.10199602699228004,negative,42,,13
B_RIDGE,3,3,200,point,textual,coefficient,0.10018438015440653,0.10018438015440653,positive,43,30,
B_RIDGE,3,3,141,lack,textual,coefficient,-0.0989992483416441,0.0989992483416441,negative,44,,14
B_RIDGE,3,3,301,hedge_score,handcrafted_linguistic,coefficient,-0.09832498567749548,0.09832498567749548,negative,45,,15
B_RIDGE,3,3,187,number,textual,coefficient,-0.09711521230202823,0.09711521230202823,negative,46,,16
B_RIDGE,3,3,244,studies,textual,coefficient,-0.09692049070184136,0.09692049070184136,negative,47,,17
B_RIDGE,3,3,29,better,textual,coefficient,0.09684110836080716,0.09684110836080716,positive,48,31,
B_RIDGE,3,3,212,remember,textual,coefficient,-0.09637052390717538,0.09637052390717538,negative,49,,18
B_RIDGE,3,3,98,food,textual,coefficient,0.09597688381093565,0.09597688381093565,positive,50,32,
B_RIDGE,3,3,279,used,textual,coefficient,0.09494107254378528,0.09494107254378528,positive,51,33,
B_RIDGE,3,3,195,people,textual,coefficient,0.09053656570298815,0.09053656570298815,positive,52,34,
B_RIDGE,3,3,147,level,textual,coefficient,0.08459985073282487,0.08459985073282487,positive,53,35,
B_RIDGE,3,3,137,kind,textual,coefficient,-0.0844167630938278,0.0844167630938278,negative,54,,19
B_RIDGE,3,3,170,medication,textual,coefficient,0.08406822865157403,0.08406822865157403,positive,55,36,
B_RIDGE,3,3,201,probably,textual,coefficient,0.08315984231352008,0.08315984231352008,positive,56,37,
B_RIDGE,3,3,179,motivation,textual,coefficient,-0.08309384361715057,0.08309384361715057,negative,57,,20
B_RIDGE,3,3,35,burnout,textual,coefficient,-0.08233799866018143,0.08233799866018143,negative,58,,21
B_RIDGE,3,3,13,adhd symptoms,textual,coefficient,-0.08192137823343251,0.08192137823343251,negative,59,,22
B_RIDGE,3,3,72,don,textual,coefficient,-0.08164831844362133,0.08164831844362133,negative,60,,23
B_RIDGE,3,3,8,adhd,textual,coefficient,-0.08138566619183991,0.08138566619183991,negative,61,,24
B_RIDGE,3,3,220,seen,textual,coefficient,-0.08129160896824987,0.08129160896824987,negative,62,,25
B_RIDGE,3,3,116,help,textual,coefficient,-0.07977759494528772,0.07977759494528772,negative,63,,26
B_RIDGE,3,3,69,does,textual,coefficient,0.07936998022797902,0.07936998022797902,positive,64,38,
B_RIDGE,3,3,106,good,textual,coefficient,-0.07924492929677704,0.07924492929677704,negative,65,,27
B_RIDGE,3,3,300,certainty_score,handcrafted_linguistic,coefficient,0.07918208213340872,0.07918208213340872,positive,66,39,
B_RIDGE,3,3,182,needs,textual,coefficient,-0.07884972015176096,0.07884972015176096,negative,67,,28
B_RIDGE,3,3,284,video,textual,coefficient,-0.07833436104335958,0.07833436104335958,negative,68,,29
B_RIDGE,3,3,273,trying,textual,coefficient,0.07804304541623025,0.07804304541623025,positive,69,40,
B_RIDGE,3,3,58,diagnosis,textual,coefficient,0.0777636053605803,0.0777636053605803,positive,70,41,
B_RIDGE,3,3,113,having,textual,coefficient,-0.07563342373573952,0.07563342373573952,negative,71,,30
B_RIDGE,3,3,1,20,textual,coefficient,-0.07510689861145131,0.07510689861145131,negative,72,,31
B_RIDGE,3,3,53,day,textual,coefficient,0.07495893937978944,0.07495893937978944,positive,73,42,
B_RIDGE,3,3,76,easily,textual,coefficient,-0.07491841730272397,0.07491841730272397,negative,74,,32
B_RIDGE,3,3,234,sound,textual,coefficient,0.07466542303040315,0.07466542303040315,positive,75,43,
B_RIDGE,3,3,162,low,textual,coefficient,0.07437450187247317,0.07437450187247317,positive,76,44,
B_RIDGE,3,3,255,tasks,textual,coefficient,-0.07384115225291357,0.07384115225291357,negative,77,,33
B_RIDGE,3,3,277,understand,textual,coefficient,-0.07292633430972219,0.07292633430972219,negative,78,,34
B_RIDGE,3,3,222,sense,textual,coefficient,0.07287989019276254,0.07287989019276254,positive,79,45,
B_RIDGE,3,3,126,hyperactivity,textual,coefficient,-0.07180948539118455,0.07180948539118455,negative,80,,35
B_RIDGE,3,3,265,thought,textual,coefficient,-0.0717048996031761,0.0717048996031761,negative,81,,36
B_RIDGE,3,3,247,sugar,textual,coefficient,-0.07128780639834972,0.07128780639834972,negative,82,,37
B_RIDGE,3,3,38,care,textual,coefficient,-0.07120900014460446,0.07120900014460446,negative,83,,38
B_RIDGE,3,3,171,medications,textual,coefficient,-0.07085627579561248,0.07085627579561248,negative,84,,39
B_RIDGE,3,3,33,brain,textual,coefficient,0.06953435724659267,0.06953435724659267,positive,85,46,
B_RIDGE,3,3,51,control,textual,coefficient,0.06911210244213245,0.06911210244213245,positive,86,47,
B_RIDGE,3,3,158,looking,textual,coefficient,-0.06871999471790159,0.06871999471790159,negative,87,,40
B_RIDGE,3,3,241,stress,textual,coefficient,-0.06852964455923233,0.06852964455923233,negative,88,,41
B_RIDGE,3,3,31,bit,textual,coefficient,0.06799491421044865,0.06799491421044865,positive,89,48,
B_RIDGE,3,3,232,social,textual,coefficient,-0.0678133864416238,0.0678133864416238,negative,90,,42
B_RIDGE,3,3,131,information,textual,coefficient,-0.06755171465354859,0.06755171465354859,negative,91,,43
B_RIDGE,3,3,256,tell,textual,coefficient,-0.06698307689666678,0.06698307689666678,negative,92,,44
B_RIDGE,3,3,70,doesn,textual,coefficient,0.06666146702571253,0.06666146702571253,positive,93,49,
B_RIDGE,3,3,95,finally,textual,coefficient,0.06499332323015729,0.06499332323015729,positive,94,50,
B_RIDGE,3,3,292,working memory,textual,coefficient,0.06437532531119883,0.06437532531119883,positive,95,51,
B_RIDGE,3,3,240,stop,textual,coefficient,-0.06387634592676375,0.06387634592676375,negative,96,,45
B_RIDGE,3,3,39,certain,textual,coefficient,0.06358494623809187,0.06358494623809187,positive,97,52,
B_RIDGE,3,3,3,able,textual,coefficient,-0.0631683587335433,0.0631683587335433,negative,98,,46
B_RIDGE,3,3,129,impulsivity,textual,coefficient,-0.06314785981595547,0.06314785981595547,negative,99,,47
B_RIDGE,3,3,261,things,textual,coefficient,0.062068255242517106,0.062068255242517106,positive,100,53,
B_RIDGE,3,3,228,single,textual,coefficient,-0.06204023401459396,0.06204023401459396,negative,101,,48
B_RIDGE,3,3,267,time,textual,coefficient,0.06197157137519196,0.06197157137519196,positive,102,54,
B_RIDGE,3,3,15,adults,textual,coefficient,-0.06187947441350312,0.06187947441350312,negative,103,,49
B_RIDGE,3,3,26,based,textual,coefficient,-0.06051684406792915,0.06051684406792915,negative,104,,50
B_RIDGE,3,3,295,worse,textual,coefficient,0.060475913733848585,0.060475913733848585,positive,105,55,
B_RIDGE,3,3,245,study,textual,coefficient,-0.06032756483144952,0.06032756483144952,negative,106,,51
B_RIDGE,3,3,25,bad,textual,coefficient,0.060131861794944744,0.060131861794944744,positive,107,56,
B_RIDGE,3,3,282,ve,textual,coefficient,0.06012233209833063,0.06012233209833063,positive,108,57,
B_RIDGE,3,3,254,task,textual,coefficient,-0.0582257230607268,0.0582257230607268,negative,109,,52
B_RIDGE,3,3,176,minutes,textual,coefficient,0.05742641060929686,0.05742641060929686,positive,110,58,
B_RIDGE,3,3,128,impulsive,textual,coefficient,-0.05706913387810556,0.05706913387810556,negative,111,,53
B_RIDGE,3,3,45,comes,textual,coefficient,0.05703210870935976,0.05703210870935976,positive,112,59,
B_RIDGE,3,3,28,best,textual,coefficient,-0.0566999999508286,0.0566999999508286,negative,113,,54
B_RIDGE,3,3,226,short,textual,coefficient,0.056686456626312186,0.056686456626312186,positive,114,60,
B_RIDGE,3,3,63,different,textual,coefficient,0.05605036294858883,0.05605036294858883,positive,115,61,
B_RIDGE,3,3,216,say,textual,coefficient,-0.05572757125400806,0.05572757125400806,negative,116,,55
B_RIDGE,3,3,266,thoughts,textual,coefficient,-0.05559999382577552,0.05559999382577552,negative,117,,56
B_RIDGE,3,3,229,sit,textual,coefficient,-0.05529145837087052,0.05529145837087052,negative,118,,57
B_RIDGE,3,3,278,use,textual,coefficient,0.05475636116253006,0.05475636116253006,positive,119,62,
B_RIDGE,3,3,160,lot people,textual,coefficient,0.054027856249663414,0.054027856249663414,positive,120,63,
B_RIDGE,3,3,56,diagnosed,textual,coefficient,0.05320125136409862,0.05320125136409862,positive,121,64,
B_RIDGE,3,3,138,know,textual,coefficient,-0.05270490560209537,0.05270490560209537,negative,122,,58
B_RIDGE,3,3,27,behavior,textual,coefficient,-0.05256222929064231,0.05256222929064231,negative,123,,59
B_RIDGE,3,3,281,usually,textual,coefficient,-0.05169091820313839,0.05169091820313839,negative,124,,60
B_RIDGE,3,3,199,place,textual,coefficient,-0.05144859155224186,0.05144859155224186,negative,125,,61
B_RIDGE,3,3,115,hear,textual,coefficient,-0.051264197322245506,0.051264197322245506,negative,126,,62
B_RIDGE,3,3,130,inattentive,textual,coefficient,0.051106021115170944,0.051106021115170944,positive,127,65,
B_RIDGE,3,3,4,activities,textual,coefficient,-0.050313176869526355,0.050313176869526355,negative,128,,63
B_RIDGE,3,3,259,test,textual,coefficient,0.05023671361260824,0.05023671361260824,positive,129,66,
B_RIDGE,3,3,188,oh,textual,coefficient,0.05003709549287223,0.05003709549287223,positive,130,67,
B_RIDGE,3,3,235,start,textual,coefficient,-0.049444506096776725,0.049444506096776725,negative,131,,64
B_RIDGE,3,3,149,like,textual,coefficient,-0.04907227517221158,0.04907227517221158,negative,132,,65
B_RIDGE,3,3,214,right,textual,coefficient,-0.04890806364213021,0.04890806364213021,negative,133,,66
B_RIDGE,3,3,79,emotional,textual,coefficient,0.04822071008957283,0.04822071008957283,positive,134,68,
B_RIDGE,3,3,287,way,textual,coefficient,-0.04815548542534812,0.04815548542534812,negative,135,,67
B_RIDGE,3,3,2,30,textual,coefficient,0.04784122724931951,0.04784122724931951,positive,136,69,
B_RIDGE,3,3,193,pay,textual,coefficient,0.047698950482022565,0.047698950482022565,positive,137,70,
B_RIDGE,3,3,249,sure,textual,coefficient,0.04734370274398827,0.04734370274398827,positive,138,71,
B_RIDGE,3,3,107,got,textual,coefficient,0.0473408396677223,0.0473408396677223,positive,139,72,
B_RIDGE,3,3,103,goes,textual,coefficient,0.047324718412629696,0.047324718412629696,positive,140,73,
B_RIDGE,3,3,178,morning,textual,coefficient,0.04708633981379889,0.04708633981379889,positive,141,74,
B_RIDGE,3,3,10,adhd brains,textual,coefficient,0.04703771754349897,0.04703771754349897,positive,142,75,
B_RIDGE,3,3,57,diagnosed adhd,textual,coefficient,-0.04680279764489509,0.04680279764489509,negative,143,,68
B_RIDGE,3,3,102,getting,textual,coefficient,0.046700349880958884,0.046700349880958884,positive,144,76,
B_RIDGE,3,3,12,adhd people,textual,coefficient,-0.046001125485549264,0.046001125485549264,negative,145,,69
B_RIDGE,3,3,55,depression,textual,coefficient,0.045503954949832164,0.045503954949832164,positive,146,77,
B_RIDGE,3,3,90,fast,textual,coefficient,-0.04497816146637276,0.04497816146637276,negative,147,,70
B_RIDGE,3,3,253,talking,textual,coefficient,0.044910680028576816,0.044910680028576816,positive,148,78,
B_RIDGE,3,3,190,open,textual,coefficient,-0.04433657321910306,0.04433657321910306,negative,149,,71
B_RIDGE,3,3,30,big,textual,coefficient,0.04419896518425964,0.04419896518425964,positive,150,79,
B_RIDGE,3,3,233,somebody,textual,coefficient,0.04410496169219552,0.04410496169219552,positive,151,80,
B_RIDGE,3,3,168,mean,textual,coefficient,0.0437959652611698,0.0437959652611698,positive,152,81,
B_RIDGE,3,3,246,stuff,textual,coefficient,0.04377036550435835,0.04377036550435835,positive,153,82,
B_RIDGE,3,3,136,kids,textual,coefficient,-0.04271821118726336,0.04271821118726336,negative,154,,72
B_RIDGE,3,3,6,actually,textual,coefficient,-0.04237035361364281,0.04237035361364281,negative,155,,73
B_RIDGE,3,3,54,deficit,textual,coefficient,0.04203930550826856,0.04203930550826856,positive,156,83,
B_RIDGE,3,3,174,mental,textual,coefficient,-0.04110973277025015,0.04110973277025015,negative,157,,74
B_RIDGE,3,3,23,autism,textual,coefficient,-0.040970216974740056,0.040970216974740056,negative,158,,75
B_RIDGE,3,3,238,stimulant,textual,coefficient,-0.04086559659535939,0.04086559659535939,negative,159,,76
B_RIDGE,3,3,291,working,textual,coefficient,-0.04066966495372782,0.04066966495372782,negative,160,,77
B_RIDGE,3,3,93,feeling,textual,coefficient,-0.04022915616019069,0.04022915616019069,negative,161,,78
B_RIDGE,3,3,86,executive,textual,coefficient,-0.03976253603552161,0.03976253603552161,negative,162,,79
B_RIDGE,3,3,19,aren,textual,coefficient,-0.039379765880074254,0.039379765880074254,negative,163,,80
B_RIDGE,3,3,169,means,textual,coefficient,-0.039092458140789654,0.039092458140789654,negative,164,,81
B_RIDGE,3,3,271,trouble,textual,coefficient,0.038210299597762315,0.038210299597762315,positive,165,84,
B_RIDGE,3,3,173,memory,textual,coefficient,0.03800236247884914,0.03800236247884914,positive,166,85,
B_RIDGE,3,3,78,eating,textual,coefficient,-0.0374805693535033,0.0374805693535033,negative,167,,82
B_RIDGE,3,3,85,example,textual,coefficient,0.03687274721760643,0.03687274721760643,positive,168,86,
B_RIDGE,3,3,59,did,textual,coefficient,0.036472447550255034,0.036472447550255034,positive,169,87,
B_RIDGE,3,3,125,hyperactive,textual,coefficient,0.03643277799494202,0.03643277799494202,positive,170,88,
B_RIDGE,3,3,258,term,textual,coefficient,-0.035707584337090495,0.035707584337090495,negative,171,,83
B_RIDGE,3,3,164,makes,textual,coefficient,0.03556551290228665,0.03556551290228665,positive,172,89,
B_RIDGE,3,3,180,music,textual,coefficient,-0.0353822056262083,0.0353822056262083,negative,173,,84
B_RIDGE,3,3,194,pay attention,textual,coefficient,0.035258136500607405,0.035258136500607405,positive,174,90,
B_RIDGE,3,3,150,likely,textual,coefficient,0.034997153448093295,0.034997153448093295,positive,175,91,
B_RIDGE,3,3,88,experience,textual,coefficient,0.03499586505464457,0.03499586505464457,positive,176,92,
B_RIDGE,3,3,205,quickly,textual,coefficient,-0.034950358482449456,0.034950358482449456,negative,177,,85
B_RIDGE,3,3,297,yeah,textual,coefficient,-0.03441043213114476,0.03441043213114476,negative,178,,86
B_RIDGE,3,3,184,neurotypical,textual,coefficient,0.034359197975482564,0.034359197975482564,positive,179,93,
B_RIDGE,3,3,288,ways,textual,coefficient,-0.03431139093173905,0.03431139093173905,negative,180,,87
B_RIDGE,3,3,145,learn,textual,coefficient,0.03343747068772214,0.03343747068772214,positive,181,94,
B_RIDGE,3,3,221,self,textual,coefficient,-0.03342402421927785,0.03342402421927785,negative,182,,88
B_RIDGE,3,3,181,need,textual,coefficient,-0.033218774202459916,0.033218774202459916,negative,183,,89
B_RIDGE,3,3,252,talk,textual,coefficient,0.03283620679973359,0.03283620679973359,positive,184,95,
B_RIDGE,3,3,243,struggling,textual,coefficient,0.03228863180679263,0.03228863180679263,positive,185,96,
B_RIDGE,3,3,89,fact,textual,coefficient,-0.032238440780696875,0.032238440780696875,negative,186,,90
B_RIDGE,3,3,275,uh,textual,coefficient,0.03178598814069852,0.03178598814069852,positive,187,97,
B_RIDGE,3,3,248,support,textual,coefficient,-0.03142566657064166,0.03142566657064166,negative,188,,91
B_RIDGE,3,3,143,later,textual,coefficient,0.030896420162660324,0.030896420162660324,positive,189,98,
B_RIDGE,3,3,274,type,textual,coefficient,0.03075394266964685,0.03075394266964685,positive,190,99,
B_RIDGE,3,3,208,reason,textual,coefficient,-0.03065457403656877,0.03065457403656877,negative,191,,92
B_RIDGE,3,3,94,feels,textual,coefficient,-0.030181367129231224,0.030181367129231224,negative,192,,93
B_RIDGE,3,3,111,hard,textual,coefficient,-0.03009291973834277,0.03009291973834277,negative,193,,94
B_RIDGE,3,3,294,world,textual,coefficient,0.030074330542819692,0.030074330542819692,positive,194,100,
B_RIDGE,3,3,225,seven,textual,coefficient,0.030033387866211857,0.030033387866211857,positive,195,101,
B_RIDGE,3,3,217,saying,textual,coefficient,-0.0295877613788223,0.0295877613788223,negative,196,,95
B_RIDGE,3,3,75,dysfunction,textual,coefficient,0.028871419799156434,0.028871419799156434,positive,197,102,
B_RIDGE,3,3,239,stimulants,textual,coefficient,0.02866665876600186,0.02866665876600186,positive,198,103,
B_RIDGE,3,3,0,10,textual,coefficient,0.028028306890869572,0.028028306890869572,positive,199,104,
B_RIDGE,3,3,290,work,textual,coefficient,-0.02789587509417685,0.02789587509417685,negative,200,,96
B_RIDGE,3,3,219,second,textual,coefficient,0.02774149986807724,0.02774149986807724,positive,201,105,
B_RIDGE,3,3,81,end,textual,coefficient,-0.027688336000510832,0.027688336000510832,negative,202,,97
B_RIDGE,3,3,24,away,textual,coefficient,-0.027510217796075515,0.027510217796075515,negative,203,,98
B_RIDGE,3,3,77,eat,textual,coefficient,-0.026670367350029093,0.026670367350029093,negative,204,,99
B_RIDGE,3,3,211,rejection,textual,coefficient,-0.026455412812612905,0.026455412812612905,negative,205,,100
B_RIDGE,3,3,62,difference,textual,coefficient,-0.026447482815302195,0.026447482815302195,negative,206,,101
B_RIDGE,3,3,68,doctor,textual,coefficient,-0.02584310943859112,0.02584310943859112,negative,207,,102
B_RIDGE,3,3,9,adhd brain,textual,coefficient,-0.02556883385963956,0.02556883385963956,negative,208,,103
B_RIDGE,3,3,84,everybody,textual,coefficient,0.02543616786175392,0.02543616786175392,positive,209,106,
B_RIDGE,3,3,46,common,textual,coefficient,0.025223822236244167,0.025223822236244167,positive,210,107,
B_RIDGE,3,3,209,regulate,textual,coefficient,0.02521230959706192,0.02521230959706192,positive,211,108,
B_RIDGE,3,3,7,add,textual,coefficient,0.025185015600371865,0.025185015600371865,positive,212,109,
B_RIDGE,3,3,71,doing,textual,coefficient,-0.0247663969008349,0.0247663969008349,negative,213,,104
B_RIDGE,3,3,175,mind,textual,coefficient,-0.024129255675118665,0.024129255675118665,negative,214,,105
B_RIDGE,3,3,177,mood,textual,coefficient,0.023912261329865906,0.023912261329865906,positive,215,110,
B_RIDGE,3,3,140,knowing,textual,coefficient,-0.023894974007673087,0.023894974007673087,negative,216,,106
B_RIDGE,3,3,60,didn,textual,coefficient,0.02239042564197167,0.02239042564197167,positive,217,111,
B_RIDGE,3,3,165,making,textual,coefficient,-0.021808773155206893,0.021808773155206893,negative,218,,107
B_RIDGE,3,3,263,think,textual,coefficient,0.021575438174542445,0.021575438174542445,positive,219,112,
B_RIDGE,3,3,67,distracted,textual,coefficient,-0.020775310437316785,0.020775310437316785,negative,220,,108
B_RIDGE,3,3,213,research,textual,coefficient,-0.020708735972481785,0.020708735972481785,negative,221,,109
B_RIDGE,3,3,293,works,textual,coefficient,0.02032794404834346,0.02032794404834346,positive,222,113,
B_RIDGE,3,3,132,instead,textual,coefficient,0.020115965135302158,0.020115965135302158,positive,223,114,
B_RIDGE,3,3,104,going,textual,coefficient,0.019983168422854896,0.019983168422854896,positive,224,115,
B_RIDGE,3,3,20,ask,textual,coefficient,0.019932894534661925,0.019932894534661925,positive,225,116,
B_RIDGE,3,3,204,protein,textual,coefficient,0.019864836130212143,0.019864836130212143,positive,226,117,
B_RIDGE,3,3,286,want,textual,coefficient,0.019516111785608324,0.019516111785608324,positive,227,118,
B_RIDGE,3,3,264,thinking,textual,coefficient,0.019317558459624122,0.019317558459624122,positive,228,119,
B_RIDGE,3,3,11,adhd medication,textual,coefficient,-0.018818352422018982,0.018818352422018982,negative,229,,110
B_RIDGE,3,3,189,okay,textual,coefficient,0.01881825021637878,0.01881825021637878,positive,230,120,
B_RIDGE,3,3,87,exercise,textual,coefficient,-0.01872015153587457,0.01872015153587457,negative,231,,111
B_RIDGE,3,3,124,hyper,textual,coefficient,-0.018338852277207083,0.018338852277207083,negative,232,,112
B_RIDGE,3,3,191,overwhelmed,textual,coefficient,0.01775116120496076,0.01775116120496076,positive,233,121,
B_RIDGE,3,3,105,gonna,textual,coefficient,-0.017665277681399492,0.017665277681399492,negative,234,,113
B_RIDGE,3,3,172,meds,textual,coefficient,0.017392340588093955,0.017392340588093955,positive,235,122,
B_RIDGE,3,3,148,life,textual,coefficient,0.0167338819976712,0.0167338819976712,positive,236,123,
B_RIDGE,3,3,44,come,textual,coefficient,-0.016547332228568502,0.016547332228568502,negative,237,,114
B_RIDGE,3,3,161,love,textual,coefficient,-0.0161214921628786,0.0161214921628786,negative,238,,115
B_RIDGE,3,3,118,helps,textual,coefficient,0.016070547483702544,0.016070547483702544,positive,239,124,
B_RIDGE,3,3,97,follow,textual,coefficient,0.01584116910020719,0.01584116910020719,positive,240,125,
B_RIDGE,3,3,65,difficulty,textual,coefficient,0.015519680628527096,0.015519680628527096,positive,241,126,
B_RIDGE,3,3,50,constantly,textual,coefficient,0.015320290441931173,0.015320290441931173,positive,242,127,
B_RIDGE,3,3,114,health,textual,coefficient,0.015292007328297696,0.015292007328297696,positive,243,128,
B_RIDGE,3,3,48,condition,textual,coefficient,-0.015233993501781456,0.015233993501781456,negative,244,,116
B_RIDGE,3,3,155,long,textual,coefficient,-0.015027307843241133,0.015027307843241133,negative,245,,117
B_RIDGE,3,3,237,stay,textual,coefficient,-0.014624244492761855,0.014624244492761855,negative,246,,118
B_RIDGE,3,3,22,attention deficit,textual,coefficient,0.014474090262601637,0.014474090262601637,positive,247,129,
B_RIDGE,3,3,285,wait,textual,coefficient,-0.014377143445428902,0.014377143445428902,negative,248,,119
B_RIDGE,3,3,83,especially,textual,coefficient,0.014230832527736633,0.014230832527736633,positive,249,130,
B_RIDGE,3,3,123,hours,textual,coefficient,-0.013612994751490238,0.013612994751490238,negative,250,,120
B_RIDGE,3,3,40,change,textual,coefficient,-0.013403993501477498,0.013403993501477498,negative,251,,121
B_RIDGE,3,3,108,great,textual,coefficient,-0.013339194555577442,0.013339194555577442,negative,252,,122
B_RIDGE,3,3,73,don know,textual,coefficient,-0.013145344740685684,0.013145344740685684,negative,253,,123
B_RIDGE,3,3,227,signs,textual,coefficient,0.012892915472640867,0.012892915472640867,positive,254,131,
B_RIDGE,3,3,66,disorder,textual,coefficient,0.012582235805512524,0.012582235805512524,positive,255,132,
B_RIDGE,3,3,144,lead,textual,coefficient,-0.012477953920571574,0.012477953920571574,negative,256,,124
B_RIDGE,3,3,231,small,textual,coefficient,-0.012330836175273406,0.012330836175273406,negative,257,,125
B_RIDGE,3,3,21,attention,textual,coefficient,-0.012294545306561102,0.012294545306561102,negative,258,,126
B_RIDGE,3,3,120,higher,textual,coefficient,0.012246435316500638,0.012246435316500638,positive,259,133,
B_RIDGE,3,3,198,physical,textual,coefficient,-0.012033322468851998,0.012033322468851998,negative,260,,127
B_RIDGE,3,3,185,new,textual,coefficient,0.011738938081447235,0.011738938081447235,positive,261,134,
B_RIDGE,3,3,146,let,textual,coefficient,-0.011325648751281146,0.011325648751281146,negative,262,,128
B_RIDGE,3,3,49,constant,textual,coefficient,-0.011188340804148392,0.011188340804148392,negative,263,,129
B_RIDGE,3,3,14,adult,textual,coefficient,0.011164537194068447,0.011164537194068447,positive,264,135,
B_RIDGE,3,3,283,ve got,textual,coefficient,0.011005859072827051,0.011005859072827051,positive,265,136,
B_RIDGE,3,3,153,little bit,textual,coefficient,0.010909283083632945,0.010909283083632945,positive,266,137,
B_RIDGE,3,3,224,sensory,textual,coefficient,0.010712295182210601,0.010712295182210601,positive,267,138,
B_RIDGE,3,3,257,tend,textual,coefficient,-0.010646787026004172,0.010646787026004172,negative,268,,130
B_RIDGE,3,3,156,long term,textual,coefficient,0.010108169981226373,0.010108169981226373,positive,269,139,
B_RIDGE,3,3,183,nervous,textual,coefficient,0.009914296795246925,0.009914296795246925,positive,270,140,
B_RIDGE,3,3,122,home,textual,coefficient,-0.0097783651959672,0.0097783651959672,negative,271,,131
B_RIDGE,3,3,99,forget,textual,coefficient,0.00879325480345982,0.00879325480345982,positive,272,141,
B_RIDGE,3,3,82,energy,textual,coefficient,0.008147953499767982,0.008147953499767982,positive,273,142,
B_RIDGE,3,3,215,running,textual,coefficient,0.008088976596380916,0.008088976596380916,positive,274,143,
B_RIDGE,3,3,139,know adhd,textual,coefficient,-0.008007943586118352,0.008007943586118352,negative,275,,132
B_RIDGE,3,3,280,using,textual,coefficient,-0.0072226378335581536,0.0072226378335581536,negative,276,,133
B_RIDGE,3,3,210,regulation,textual,coefficient,0.0071267691033958394,0.0071267691033958394,positive,277,144,
B_RIDGE,3,3,92,feel like,textual,coefficient,-0.006823843750805659,0.006823843750805659,negative,278,,134
B_RIDGE,3,3,151,listen,textual,coefficient,0.006605686801483888,0.006605686801483888,positive,279,145,
B_RIDGE,3,3,163,make,textual,coefficient,-0.006485938633432958,0.006485938633432958,negative,280,,135
B_RIDGE,3,3,268,times,textual,coefficient,-0.005708365864854371,0.005708365864854371,negative,281,,136
B_RIDGE,3,3,167,maybe,textual,coefficient,-0.005580748692251186,0.005580748692251186,negative,282,,137
B_RIDGE,3,3,299,yes,textual,coefficient,-0.005477611992859157,0.005477611992859157,negative,283,,138
B_RIDGE,3,3,197,person,textual,coefficient,0.004866820832149483,0.004866820832149483,positive,284,146,
B_RIDGE,3,3,236,state,textual,coefficient,0.003782463556610668,0.003782463556610668,positive,285,147,
B_RIDGE,3,3,298,years,textual,coefficient,-0.003512291607014853,0.003512291607014853,negative,286,,139
B_RIDGE,3,3,47,completely,textual,coefficient,0.0034776351559110885,0.0034776351559110885,positive,287,148,
B_RIDGE,3,3,112,harder,textual,coefficient,0.003318101484873608,0.003318101484873608,positive,288,149,
B_RIDGE,3,3,121,highly,textual,coefficient,-0.0032776757676373385,0.0032776757676373385,negative,289,,140
B_RIDGE,3,3,296,wrong,textual,coefficient,-0.0030995744389457724,0.0030995744389457724,negative,290,,141
B_RIDGE,3,3,34,brains,textual,coefficient,0.0030627675473268324,0.0030627675473268324,positive,291,150,
B_RIDGE,3,3,269,told,textual,coefficient,0.0026333624429946594,0.0026333624429946594,positive,292,151,
B_RIDGE,3,3,272,try,textual,coefficient,-0.002530990698573066,0.002530990698573066,negative,293,,142
B_RIDGE,3,3,262,things like,textual,coefficient,-0.0023773457153411824,0.0023773457153411824,negative,294,,143
B_RIDGE,3,3,166,manage,textual,coefficient,-0.0021485255061508956,0.0021485255061508956,negative,295,,144
B_RIDGE,3,3,270,treatment,textual,coefficient,0.0015604462456637101,0.0015604462456637101,positive,296,152,
B_RIDGE,3,3,61,diet,textual,coefficient,0.0012366606563092059,0.0012366606563092059,positive,297,153,
B_RIDGE,3,3,192,patients,textual,coefficient,0.001214223895582667,0.001214223895582667,positive,298,154,
B_RIDGE,3,3,101,function,textual,coefficient,-0.000892978874620849,0.000892978874620849,negative,299,,145
B_RIDGE,3,3,32,body,textual,coefficient,-0.000758057360248919,0.000758057360248919,negative,300,,146
B_RIDGE,3,3,152,little,textual,coefficient,0.0006130566228340579,0.0006130566228340579,positive,301,155,
B_RIDGE,3,3,37,calm,textual,coefficient,-0.0004381097267246397,0.0004381097267246397,negative,302,,147
B_RIDGE,3,4,250,symptoms,textual,coefficient,-0.2569601326780654,0.2569601326780654,negative,1,,1
B_RIDGE,3,4,100,fucking,textual,coefficient,0.220278377098918,0.220278377098918,positive,2,1,
B_RIDGE,3,4,240,stop,textual,coefficient,0.20589534148339306,0.20589534148339306,positive,3,2,
B_RIDGE,3,4,170,medication,textual,coefficient,-0.20495838527654747,0.20495838527654747,negative,4,,2
B_RIDGE,3,4,21,attention,textual,coefficient,-0.20100468260475926,0.20100468260475926,negative,5,,3
B_RIDGE,3,4,265,thought,textual,coefficient,0.20031950686179809,0.20031950686179809,positive,6,3,
B_RIDGE,3,4,148,life,textual,coefficient,0.19685898166168458,0.19685898166168458,positive,7,4,
B_RIDGE,3,4,216,say,textual,coefficient,0.19455499923855252,0.19455499923855252,positive,8,5,
B_RIDGE,3,4,126,hyperactivity,textual,coefficient,-0.19223735332122607,0.19223735332122607,negative,9,,4
B_RIDGE,3,4,227,signs,textual,coefficient,-0.17872167424163576,0.17872167424163576,negative,10,,5
B_RIDGE,3,4,94,feels,textual,coefficient,0.1777506729674553,0.1777506729674553,positive,11,6,
B_RIDGE,3,4,61,diet,textual,coefficient,-0.17131458040785305,0.17131458040785305,negative,12,,6
B_RIDGE,3,4,161,love,textual,coefficient,0.16491171224678977,0.16491171224678977,positive,13,7,
B_RIDGE,3,4,91,feel,textual,coefficient,0.16326548493795773,0.16326548493795773,positive,14,8,
B_RIDGE,3,4,72,don,textual,coefficient,0.16234792037318932,0.16234792037318932,positive,15,9,
B_RIDGE,3,4,104,going,textual,coefficient,0.15744343877023786,0.15744343877023786,positive,16,10,
B_RIDGE,3,4,295,worse,textual,coefficient,0.1553109173463907,0.1553109173463907,positive,17,11,
B_RIDGE,3,4,58,diagnosis,textual,coefficient,-0.15270896242623766,0.15270896242623766,negative,18,,7
B_RIDGE,3,4,134,issues,textual,coefficient,-0.14681657098554068,0.14681657098554068,negative,19,,8
B_RIDGE,3,4,33,brain,textual,coefficient,0.14388447836252227,0.14388447836252227,positive,20,12,
B_RIDGE,3,4,46,common,textual,coefficient,-0.1437443890566261,0.1437443890566261,negative,21,,9
B_RIDGE,3,4,181,need,textual,coefficient,0.1417008897350966,0.1417008897350966,positive,22,13,
B_RIDGE,3,4,184,neurotypical,textual,coefficient,0.13990772942417437,0.13990772942417437,positive,23,14,
B_RIDGE,3,4,13,adhd symptoms,textual,coefficient,-0.13801094767539235,0.13801094767539235,negative,24,,10
B_RIDGE,3,4,28,best,textual,coefficient,0.13649925327374857,0.13649925327374857,positive,25,15,
B_RIDGE,3,4,118,helps,textual,coefficient,0.13446837753074048,0.13446837753074048,positive,26,16,
B_RIDGE,3,4,24,away,textual,coefficient,0.1334475505190549,0.1334475505190549,positive,27,17,
B_RIDGE,3,4,175,mind,textual,coefficient,0.13202364869709832,0.13202364869709832,positive,28,18,
B_RIDGE,3,4,105,gonna,textual,coefficient,0.1317525437698399,0.1317525437698399,positive,29,19,
B_RIDGE,3,4,15,adults,textual,coefficient,-0.13019505483389127,0.13019505483389127,negative,30,,11
B_RIDGE,3,4,65,difficulty,textual,coefficient,-0.12685847208179865,0.12685847208179865,negative,31,,12
B_RIDGE,3,4,185,new,textual,coefficient,0.1261972573469215,0.1261972573469215,positive,32,20,
B_RIDGE,3,4,275,uh,textual,coefficient,-0.12601708321841393,0.12601708321841393,negative,33,,13
B_RIDGE,3,4,10,adhd brains,textual,coefficient,0.12554103481105736,0.12554103481105736,positive,34,21,
B_RIDGE,3,4,80,emotions,textual,coefficient,-0.12506963621023293,0.12506963621023293,negative,35,,14
B_RIDGE,3,4,241,stress,textual,coefficient,0.12506031838793805,0.12506031838793805,positive,36,22,
B_RIDGE,3,4,116,help,textual,coefficient,0.12479357691719963,0.12479357691719963,positive,37,23,
B_RIDGE,3,4,236,state,textual,coefficient,0.1229593042735511,0.1229593042735511,positive,38,24,
B_RIDGE,3,4,218,school,textual,coefficient,-0.12222164409007001,0.12222164409007001,negative,39,,15
B_RIDGE,3,4,252,talk,textual,coefficient,-0.12117171758825888,0.12117171758825888,negative,40,,16
B_RIDGE,3,4,1,20,textual,coefficient,0.12008611449080778,0.12008611449080778,positive,41,25,
B_RIDGE,3,4,257,tend,textual,coefficient,0.1170612097170372,0.1170612097170372,positive,42,26,
B_RIDGE,3,4,249,sure,textual,coefficient,-0.11573969324894898,0.11573969324894898,negative,43,,17
B_RIDGE,3,4,247,sugar,textual,coefficient,0.11571687280382047,0.11571687280382047,positive,44,27,
B_RIDGE,3,4,282,ve,textual,coefficient,0.11544695525754768,0.11544695525754768,positive,45,28,
B_RIDGE,3,4,182,needs,textual,coefficient,0.11322990510903373,0.11322990510903373,positive,46,29,
B_RIDGE,3,4,128,impulsive,textual,coefficient,-0.11241015953903752,0.11241015953903752,negative,47,,18
B_RIDGE,3,4,74,dopamine,textual,coefficient,0.10985223280434941,0.10985223280434941,positive,48,30,
B_RIDGE,3,4,88,experience,textual,coefficient,-0.10975443903636024,0.10975443903636024,negative,49,,19
B_RIDGE,3,4,35,burnout,textual,coefficient,0.10932581484584174,0.10932581484584174,positive,50,31,
B_RIDGE,3,4,5,activity,textual,coefficient,-0.10812207424182754,0.10812207424182754,negative,51,,20
B_RIDGE,3,4,120,higher,textual,coefficient,-0.10802822632991141,0.10802822632991141,negative,52,,21
B_RIDGE,3,4,171,medications,textual,coefficient,-0.10696988083952305,0.10696988083952305,negative,53,,22
B_RIDGE,3,4,44,come,textual,coefficient,0.10627019464439022,0.10627019464439022,positive,54,32,
B_RIDGE,3,4,230,sleep,textual,coefficient,-0.10583191720368451,0.10583191720368451,negative,55,,23
B_RIDGE,3,4,178,morning,textual,coefficient,0.10529910898847686,0.10529910898847686,positive,56,33,
B_RIDGE,3,4,34,brains,textual,coefficient,0.10457298882713675,0.10457298882713675,positive,57,34,
B_RIDGE,3,4,269,told,textual,coefficient,0.10443282724944501,0.10443282724944501,positive,58,35,
B_RIDGE,3,4,271,trouble,textual,coefficient,-0.10421128737894404,0.10421128737894404,negative,59,,24
B_RIDGE,3,4,6,actually,textual,coefficient,0.10366764986445709,0.10366764986445709,positive,60,36,
B_RIDGE,3,4,239,stimulants,textual,coefficient,-0.10236235615505242,0.10236235615505242,negative,61,,25
B_RIDGE,3,4,125,hyperactive,textual,coefficient,-0.10194043962246901,0.10194043962246901,negative,62,,26
B_RIDGE,3,4,66,disorder,textual,coefficient,-0.1018139942955758,0.1018139942955758,negative,63,,27
B_RIDGE,3,4,143,later,textual,coefficient,0.10124221543649409,0.10124221543649409,positive,64,37,
B_RIDGE,3,4,68,doctor,textual,coefficient,-0.09842026757950854,0.09842026757950854,negative,65,,28
B_RIDGE,3,4,23,autism,textual,coefficient,-0.09668213786215832,0.09668213786215832,negative,66,,29
B_RIDGE,3,4,183,nervous,textual,coefficient,0.09629991601911071,0.09629991601911071,positive,67,38,
B_RIDGE,3,4,107,got,textual,coefficient,0.0958845838992117,0.0958845838992117,positive,68,39,
B_RIDGE,3,4,173,memory,textual,coefficient,-0.09510853194062906,0.09510853194062906,negative,69,,30
B_RIDGE,3,4,108,great,textual,coefficient,0.09503606456083664,0.09503606456083664,positive,70,40,
B_RIDGE,3,4,142,late,textual,coefficient,-0.0937311775385052,0.0937311775385052,negative,71,,31
B_RIDGE,3,4,18,anxiety,textual,coefficient,0.09349588888922905,0.09349588888922905,positive,72,41,
B_RIDGE,3,4,199,place,textual,coefficient,0.09330145393817067,0.09330145393817067,positive,73,42,
B_RIDGE,3,4,60,didn,textual,coefficient,0.09309217677713563,0.09309217677713563,positive,74,43,
B_RIDGE,3,4,0,10,textual,coefficient,0.09244238046776818,0.09244238046776818,positive,75,44,
B_RIDGE,3,4,187,number,textual,coefficient,0.09170929005722285,0.09170929005722285,positive,76,45,
B_RIDGE,3,4,149,like,textual,coefficient,0.09136225153916024,0.09136225153916024,positive,77,46,
B_RIDGE,3,4,266,thoughts,textual,coefficient,-0.09012595278448256,0.09012595278448256,negative,78,,32
B_RIDGE,3,4,59,did,textual,coefficient,0.08966727039702956,0.08966727039702956,positive,79,47,
B_RIDGE,3,4,167,maybe,textual,coefficient,0.08873626904338444,0.08873626904338444,positive,80,48,
B_RIDGE,3,4,147,level,textual,coefficient,-0.08767800468654462,0.08767800468654462,negative,81,,33
B_RIDGE,3,4,48,condition,textual,coefficient,-0.08761575181593295,0.08761575181593295,negative,82,,34
B_RIDGE,3,4,274,type,textual,coefficient,0.08726833122531336,0.08726833122531336,positive,83,49,
B_RIDGE,3,4,47,completely,textual,coefficient,0.0865498715178916,0.0865498715178916,positive,84,50,
B_RIDGE,3,4,224,sensory,textual,coefficient,-0.08651561364371131,0.08651561364371131,negative,85,,35
B_RIDGE,3,4,286,want,textual,coefficient,0.08624908928368517,0.08624908928368517,positive,86,51,
B_RIDGE,3,4,39,certain,textual,coefficient,-0.0859848657887039,0.0859848657887039,negative,87,,36
B_RIDGE,3,4,130,inattentive,textual,coefficient,-0.08585743587913065,0.08585743587913065,negative,88,,37
B_RIDGE,3,4,220,seen,textual,coefficient,-0.08554050891315089,0.08554050891315089,negative,89,,38
B_RIDGE,3,4,259,test,textual,coefficient,-0.08531056635915485,0.08531056635915485,negative,90,,39
B_RIDGE,3,4,14,adult,textual,coefficient,-0.08453512009209752,0.08453512009209752,negative,91,,40
B_RIDGE,3,4,264,thinking,textual,coefficient,-0.08449378950979808,0.08449378950979808,negative,92,,41
B_RIDGE,3,4,8,adhd,textual,coefficient,-0.0844258127254166,0.0844258127254166,negative,93,,42
B_RIDGE,3,4,64,differently,textual,coefficient,-0.08428610709093601,0.08428610709093601,negative,94,,43
B_RIDGE,3,4,208,reason,textual,coefficient,0.08238346098010531,0.08238346098010531,positive,95,52,
B_RIDGE,3,4,53,day,textual,coefficient,0.08132229228909217,0.08132229228909217,positive,96,53,
B_RIDGE,3,4,127,important,textual,coefficient,-0.0800229143376373,0.0800229143376373,negative,97,,44
B_RIDGE,3,4,56,diagnosed,textual,coefficient,-0.07926631363353057,0.07926631363353057,negative,98,,45
B_RIDGE,3,4,180,music,textual,coefficient,-0.07861989189284051,0.07861989189284051,negative,99,,46
B_RIDGE,3,4,267,time,textual,coefficient,-0.07842158194668879,0.07842158194668879,negative,100,,47
B_RIDGE,3,4,37,calm,textual,coefficient,0.07807360752312505,0.07807360752312505,positive,101,54,
B_RIDGE,3,4,253,talking,textual,coefficient,-0.0777514031762283,0.0777514031762283,negative,102,,48
B_RIDGE,3,4,296,wrong,textual,coefficient,0.07727147129455327,0.07727147129455327,positive,103,55,
B_RIDGE,3,4,49,constant,textual,coefficient,0.07587709992353837,0.07587709992353837,positive,104,56,
B_RIDGE,3,4,202,problem,textual,coefficient,-0.07507896122811428,0.07507896122811428,negative,105,,49
B_RIDGE,3,4,113,having,textual,coefficient,-0.07397348127209928,0.07397348127209928,negative,106,,50
B_RIDGE,3,4,90,fast,textual,coefficient,-0.07337610631313246,0.07337610631313246,negative,107,,51
B_RIDGE,3,4,291,working,textual,coefficient,0.07320144065974397,0.07320144065974397,positive,108,57,
B_RIDGE,3,4,81,end,textual,coefficient,0.07291870559744731,0.07291870559744731,positive,109,58,
B_RIDGE,3,4,169,means,textual,coefficient,0.07216959519199431,0.07216959519199431,positive,110,59,
B_RIDGE,3,4,298,years,textual,coefficient,0.07205129714306696,0.07205129714306696,positive,111,60,
B_RIDGE,3,4,260,thing,textual,coefficient,0.07132271067362278,0.07132271067362278,positive,112,61,
B_RIDGE,3,4,270,treatment,textual,coefficient,-0.07116594971812959,0.07116594971812959,negative,113,,52
B_RIDGE,3,4,283,ve got,textual,coefficient,0.07076440963645048,0.07076440963645048,positive,114,62,
B_RIDGE,3,4,272,try,textual,coefficient,0.06992426728882728,0.06992426728882728,positive,115,63,
B_RIDGE,3,4,77,eat,textual,coefficient,0.0693736509335593,0.0693736509335593,positive,116,64,
B_RIDGE,3,4,195,people,textual,coefficient,0.06752596674037882,0.06752596674037882,positive,117,65,
B_RIDGE,3,4,131,information,textual,coefficient,0.06747969982766537,0.06747969982766537,positive,118,66,
B_RIDGE,3,4,140,knowing,textual,coefficient,0.06669947954063606,0.06669947954063606,positive,119,67,
B_RIDGE,3,4,101,function,textual,coefficient,0.06573711714200707,0.06573711714200707,positive,120,68,
B_RIDGE,3,4,256,tell,textual,coefficient,0.06332251279499834,0.06332251279499834,positive,121,69,
B_RIDGE,3,4,301,hedge_score,handcrafted_linguistic,coefficient,-0.06331528321319327,0.06331528321319327,negative,122,,53
B_RIDGE,3,4,135,just,textual,coefficient,0.06319621561221775,0.06319621561221775,positive,123,70,
B_RIDGE,3,4,203,problems,textual,coefficient,-0.06293884926984449,0.06293884926984449,negative,124,,54
B_RIDGE,3,4,22,attention deficit,textual,coefficient,-0.061873279875734336,0.061873279875734336,negative,125,,55
B_RIDGE,3,4,144,lead,textual,coefficient,-0.06144102852066639,0.06144102852066639,negative,126,,56
B_RIDGE,3,4,85,example,textual,coefficient,-0.06132449027081701,0.06132449027081701,negative,127,,57
B_RIDGE,3,4,9,adhd brain,textual,coefficient,0.06055019536023123,0.06055019536023123,positive,128,71,
B_RIDGE,3,4,212,remember,textual,coefficient,-0.060444774977091116,0.060444774977091116,negative,129,,58
B_RIDGE,3,4,82,energy,textual,coefficient,0.060330742838901955,0.060330742838901955,positive,130,72,
B_RIDGE,3,4,285,wait,textual,coefficient,-0.05967129293061535,0.05967129293061535,negative,131,,59
B_RIDGE,3,4,71,doing,textual,coefficient,0.059156207268163216,0.059156207268163216,positive,132,73,
B_RIDGE,3,4,284,video,textual,coefficient,-0.05914401382846413,0.05914401382846413,negative,133,,60
B_RIDGE,3,4,280,using,textual,coefficient,-0.05829334857270231,0.05829334857270231,negative,134,,61
B_RIDGE,3,4,154,ll,textual,coefficient,0.058121440208572926,0.058121440208572926,positive,135,74,
B_RIDGE,3,4,111,hard,textual,coefficient,-0.05792612171166335,0.05792612171166335,negative,136,,62
B_RIDGE,3,4,229,sit,textual,coefficient,0.057660792390165944,0.057660792390165944,positive,137,75,
B_RIDGE,3,4,62,difference,textual,coefficient,-0.057472306891914036,0.057472306891914036,negative,138,,63
B_RIDGE,3,4,16,alcohol,textual,coefficient,-0.05691427271168526,0.05691427271168526,negative,139,,64
B_RIDGE,3,4,129,impulsivity,textual,coefficient,-0.05544161085237252,0.05544161085237252,negative,140,,65
B_RIDGE,3,4,254,task,textual,coefficient,0.05516499878118499,0.05516499878118499,positive,141,76,
B_RIDGE,3,4,251,taking,textual,coefficient,-0.05278477465912274,0.05278477465912274,negative,142,,66
B_RIDGE,3,4,3,able,textual,coefficient,-0.05141378901583963,0.05141378901583963,negative,143,,67
B_RIDGE,3,4,232,social,textual,coefficient,0.05097621361867815,0.05097621361867815,positive,144,77,
B_RIDGE,3,4,29,better,textual,coefficient,-0.05096782988428971,0.05096782988428971,negative,145,,68
B_RIDGE,3,4,92,feel like,textual,coefficient,0.05093080298168406,0.05093080298168406,positive,146,78,
B_RIDGE,3,4,54,deficit,textual,coefficient,-0.050526065084315085,0.050526065084315085,negative,147,,69
B_RIDGE,3,4,139,know adhd,textual,coefficient,-0.050295632976157106,0.050295632976157106,negative,148,,70
B_RIDGE,3,4,57,diagnosed adhd,textual,coefficient,-0.05024873303391672,0.05024873303391672,negative,149,,71
B_RIDGE,3,4,225,seven,textual,coefficient,-0.049741726357304616,0.049741726357304616,negative,150,,72
B_RIDGE,3,4,245,study,textual,coefficient,0.04970741104175518,0.04970741104175518,positive,151,79,
B_RIDGE,3,4,158,looking,textual,coefficient,-0.048849200694095006,0.048849200694095006,negative,152,,73
B_RIDGE,3,4,103,goes,textual,coefficient,0.04882037848366149,0.04882037848366149,positive,153,80,
B_RIDGE,3,4,83,especially,textual,coefficient,0.04854428392905455,0.04854428392905455,positive,154,81,
B_RIDGE,3,4,189,okay,textual,coefficient,0.04781868547712541,0.04781868547712541,positive,155,82,
B_RIDGE,3,4,95,finally,textual,coefficient,-0.047507839035085334,0.047507839035085334,negative,156,,74
B_RIDGE,3,4,63,different,textual,coefficient,0.04724259644597055,0.04724259644597055,positive,157,83,
B_RIDGE,3,4,138,know,textual,coefficient,0.047135011995658095,0.047135011995658095,positive,158,84,
B_RIDGE,3,4,207,really,textual,coefficient,-0.0463821126241434,0.0463821126241434,negative,159,,75
B_RIDGE,3,4,102,getting,textual,coefficient,-0.04606617996491421,0.04606617996491421,negative,160,,76
B_RIDGE,3,4,198,physical,textual,coefficient,-0.046059029111989475,0.046059029111989475,negative,161,,77
B_RIDGE,3,4,145,learn,textual,coefficient,0.04588624350497267,0.04588624350497267,positive,162,85,
B_RIDGE,3,4,290,work,textual,coefficient,0.0458203467455418,0.0458203467455418,positive,163,86,
B_RIDGE,3,4,109,gut,textual,coefficient,-0.04565060753839057,0.04565060753839057,negative,164,,78
B_RIDGE,3,4,294,world,textual,coefficient,0.04562275534860136,0.04562275534860136,positive,165,87,
B_RIDGE,3,4,292,working memory,textual,coefficient,-0.04530025087861229,0.04530025087861229,negative,166,,79
B_RIDGE,3,4,177,mood,textual,coefficient,-0.04524135677391076,0.04524135677391076,negative,167,,80
B_RIDGE,3,4,288,ways,textual,coefficient,0.04500292951864329,0.04500292951864329,positive,168,88,
B_RIDGE,3,4,228,single,textual,coefficient,0.04498015605336954,0.04498015605336954,positive,169,89,
B_RIDGE,3,4,174,mental,textual,coefficient,-0.04473986124928483,0.04473986124928483,negative,170,,81
B_RIDGE,3,4,299,yes,textual,coefficient,-0.044609221122797804,0.044609221122797804,negative,171,,82
B_RIDGE,3,4,121,highly,textual,coefficient,-0.043593564224224536,0.043593564224224536,negative,172,,83
B_RIDGE,3,4,163,make,textual,coefficient,0.04346296911550423,0.04346296911550423,positive,173,90,
B_RIDGE,3,4,41,child,textual,coefficient,-0.04280105723007205,0.04280105723007205,negative,174,,84
B_RIDGE,3,4,32,body,textual,coefficient,0.04246582713560617,0.04246582713560617,positive,175,91,
B_RIDGE,3,4,293,works,textual,coefficient,0.04199502818308844,0.04199502818308844,positive,176,92,
B_RIDGE,3,4,112,harder,textual,coefficient,0.04150563439089873,0.04150563439089873,positive,177,93,
B_RIDGE,3,4,45,comes,textual,coefficient,-0.04093287690591382,0.04093287690591382,negative,178,,85
B_RIDGE,3,4,115,hear,textual,coefficient,0.040855501630551946,0.040855501630551946,positive,179,94,
B_RIDGE,3,4,235,start,textual,coefficient,-0.040645169425752956,0.040645169425752956,negative,180,,86
B_RIDGE,3,4,210,regulation,textual,coefficient,-0.040244705378792114,0.040244705378792114,negative,181,,87
B_RIDGE,3,4,11,adhd medication,textual,coefficient,-0.03935240920775571,0.03935240920775571,negative,182,,88
B_RIDGE,3,4,96,focus,textual,coefficient,-0.03883199975601507,0.03883199975601507,negative,183,,89
B_RIDGE,3,4,258,term,textual,coefficient,-0.03878258023001759,0.03878258023001759,negative,184,,90
B_RIDGE,3,4,123,hours,textual,coefficient,0.038630155235651414,0.038630155235651414,positive,185,95,
B_RIDGE,3,4,192,patients,textual,coefficient,-0.0385300566695327,0.0385300566695327,negative,186,,91
B_RIDGE,3,4,261,things,textual,coefficient,0.03815203588678543,0.03815203588678543,positive,187,96,
B_RIDGE,3,4,172,meds,textual,coefficient,0.03769609581679767,0.03769609581679767,positive,188,97,
B_RIDGE,3,4,201,probably,textual,coefficient,0.03745276142639375,0.03745276142639375,positive,189,98,
B_RIDGE,3,4,277,understand,textual,coefficient,-0.03689221113933236,0.03689221113933236,negative,190,,92
B_RIDGE,3,4,87,exercise,textual,coefficient,0.036359916654366935,0.036359916654366935,positive,191,99,
B_RIDGE,3,4,36,called,textual,coefficient,0.0362442851141853,0.0362442851141853,positive,192,100,
B_RIDGE,3,4,248,support,textual,coefficient,-0.03475920462572882,0.03475920462572882,negative,193,,93
B_RIDGE,3,4,98,food,textual,coefficient,-0.034614599546915495,0.034614599546915495,negative,194,,94
B_RIDGE,3,4,89,fact,textual,coefficient,0.034146613857821986,0.034146613857821986,positive,195,101,
B_RIDGE,3,4,106,good,textual,coefficient,-0.03382411739593461,0.03382411739593461,negative,196,,95
B_RIDGE,3,4,150,likely,textual,coefficient,0.033214791469530595,0.033214791469530595,positive,197,102,
B_RIDGE,3,4,278,use,textual,coefficient,-0.0331170144742372,0.0331170144742372,negative,198,,96
B_RIDGE,3,4,119,high,textual,coefficient,-0.03140556939471379,0.03140556939471379,negative,199,,97
B_RIDGE,3,4,168,mean,textual,coefficient,-0.03133618346094563,0.03133618346094563,negative,200,,98
B_RIDGE,3,4,255,tasks,textual,coefficient,-0.031298130260815626,0.031298130260815626,negative,201,,99
B_RIDGE,3,4,165,making,textual,coefficient,0.0311190688303671,0.0311190688303671,positive,202,103,
B_RIDGE,3,4,164,makes,textual,coefficient,0.03108899418752956,0.03108899418752956,positive,203,104,
B_RIDGE,3,4,162,low,textual,coefficient,0.031037367915037903,0.031037367915037903,positive,204,105,
B_RIDGE,3,4,237,stay,textual,coefficient,-0.030918734430966825,0.030918734430966825,negative,205,,100
B_RIDGE,3,4,297,yeah,textual,coefficient,-0.029871753037104383,0.029871753037104383,negative,206,,101
B_RIDGE,3,4,215,running,textual,coefficient,-0.029486822484516062,0.029486822484516062,negative,207,,102
B_RIDGE,3,4,217,saying,textual,coefficient,0.02869249942187791,0.02869249942187791,positive,208,106,
B_RIDGE,3,4,124,hyper,textual,coefficient,0.028526162642266248,0.028526162642266248,positive,209,107,
B_RIDGE,3,4,79,emotional,textual,coefficient,-0.027911470536512044,0.027911470536512044,negative,210,,103
B_RIDGE,3,4,238,stimulant,textual,coefficient,-0.02779634403883169,0.02779634403883169,negative,211,,104
B_RIDGE,3,4,242,struggle,textual,coefficient,-0.02735043907260167,0.02735043907260167,negative,212,,105
B_RIDGE,3,4,191,overwhelmed,textual,coefficient,-0.026848038553670905,0.026848038553670905,negative,213,,106
B_RIDGE,3,4,281,usually,textual,coefficient,-0.026843577380437106,0.026843577380437106,negative,214,,107
B_RIDGE,3,4,78,eating,textual,coefficient,-0.02671481335628002,0.02671481335628002,negative,215,,108
B_RIDGE,3,4,114,health,textual,coefficient,0.02655731924273465,0.02655731924273465,positive,216,108,
B_RIDGE,3,4,243,struggling,textual,coefficient,0.0263846895953464,0.0263846895953464,positive,217,109,
B_RIDGE,3,4,190,open,textual,coefficient,-0.02623054631172556,0.02623054631172556,negative,218,,109
B_RIDGE,3,4,188,oh,textual,coefficient,-0.02606155910844494,0.02606155910844494,negative,219,,110
B_RIDGE,3,4,193,pay,textual,coefficient,0.025902939152627247,0.025902939152627247,positive,220,110,
B_RIDGE,3,4,300,certainty_score,handcrafted_linguistic,coefficient,0.025413461551098006,0.025413461551098006,positive,221,111,
B_RIDGE,3,4,155,long,textual,coefficient,0.02527307568301571,0.02527307568301571,positive,222,112,
B_RIDGE,3,4,51,control,textual,coefficient,0.02496431047463805,0.02496431047463805,positive,223,113,
B_RIDGE,3,4,31,bit,textual,coefficient,-0.02477764045455733,0.02477764045455733,negative,224,,111
B_RIDGE,3,4,50,constantly,textual,coefficient,0.024514460502380552,0.024514460502380552,positive,225,114,
B_RIDGE,3,4,231,small,textual,coefficient,0.024278185772777978,0.024278185772777978,positive,226,115,
B_RIDGE,3,4,233,somebody,textual,coefficient,0.023885398728358345,0.023885398728358345,positive,227,116,
B_RIDGE,3,4,67,distracted,textual,coefficient,-0.02373850898834392,0.02373850898834392,negative,228,,112
B_RIDGE,3,4,205,quickly,textual,coefficient,0.023342839815048533,0.023342839815048533,positive,229,117,
B_RIDGE,3,4,209,regulate,textual,coefficient,0.023188293239306303,0.023188293239306303,positive,230,118,
B_RIDGE,3,4,186,normal,textual,coefficient,0.02271865478295976,0.02271865478295976,positive,231,119,
B_RIDGE,3,4,213,research,textual,coefficient,0.022594191195256307,0.022594191195256307,positive,232,120,
B_RIDGE,3,4,137,kind,textual,coefficient,-0.02231869938749899,0.02231869938749899,negative,233,,113
B_RIDGE,3,4,133,isn,textual,coefficient,0.02207148591601258,0.02207148591601258,positive,234,121,
B_RIDGE,3,4,262,things like,textual,coefficient,-0.02176073328124135,0.02176073328124135,negative,235,,114
B_RIDGE,3,4,151,listen,textual,coefficient,-0.02155219409547957,0.02155219409547957,negative,236,,115
B_RIDGE,3,4,117,helpful,textual,coefficient,0.02033387691121177,0.02033387691121177,positive,237,122,
B_RIDGE,3,4,221,self,textual,coefficient,0.02000806384540932,0.02000806384540932,positive,238,123,
B_RIDGE,3,4,110,happens,textual,coefficient,0.01988129686409092,0.01988129686409092,positive,239,124,
B_RIDGE,3,4,26,based,textual,coefficient,-0.019633349521427736,0.019633349521427736,negative,240,,116
B_RIDGE,3,4,196,people adhd,textual,coefficient,-0.019426475176429665,0.019426475176429665,negative,241,,117
B_RIDGE,3,4,179,motivation,textual,coefficient,0.019421987922217245,0.019421987922217245,positive,242,125,
B_RIDGE,3,4,246,stuff,textual,coefficient,0.018367592366502532,0.018367592366502532,positive,243,126,
B_RIDGE,3,4,244,studies,textual,coefficient,-0.018298073579151482,0.018298073579151482,negative,244,,118
B_RIDGE,3,4,157,look,textual,coefficient,-0.018084205809655397,0.018084205809655397,negative,245,,119
B_RIDGE,3,4,194,pay attention,textual,coefficient,0.017593221250310407,0.017593221250310407,positive,246,127,
B_RIDGE,3,4,43,chronic,textual,coefficient,0.01732635340503668,0.01732635340503668,positive,247,128,
B_RIDGE,3,4,84,everybody,textual,coefficient,0.0172997773125186,0.0172997773125186,positive,248,129,
B_RIDGE,3,4,166,manage,textual,coefficient,-0.016826343477584462,0.016826343477584462,negative,249,,120
B_RIDGE,3,4,223,sensitive,textual,coefficient,0.016773963683762386,0.016773963683762386,positive,250,130,
B_RIDGE,3,4,25,bad,textual,coefficient,0.016691164543547465,0.016691164543547465,positive,251,131,
B_RIDGE,3,4,206,real,textual,coefficient,-0.01608451747943468,0.01608451747943468,negative,252,,121
B_RIDGE,3,4,4,activities,textual,coefficient,-0.015840519435295613,0.015840519435295613,negative,253,,122
B_RIDGE,3,4,160,lot people,textual,coefficient,0.01571505481414788,0.01571505481414788,positive,254,132,
B_RIDGE,3,4,30,big,textual,coefficient,0.015397041121060797,0.015397041121060797,positive,255,133,
B_RIDGE,3,4,176,minutes,textual,coefficient,-0.01497753110192804,0.01497753110192804,negative,256,,123
B_RIDGE,3,4,276,um,textual,coefficient,0.014864425617111304,0.014864425617111304,positive,257,134,
B_RIDGE,3,4,152,little,textual,coefficient,0.014801753919391042,0.014801753919391042,positive,258,135,
B_RIDGE,3,4,153,little bit,textual,coefficient,-0.01457606485421032,0.01457606485421032,negative,259,,124
B_RIDGE,3,4,268,times,textual,coefficient,0.014210857966877728,0.014210857966877728,positive,260,136,
B_RIDGE,3,4,197,person,textual,coefficient,-0.013944008443891615,0.013944008443891615,negative,261,,125
B_RIDGE,3,4,97,follow,textual,coefficient,0.013795349641047927,0.013795349641047927,positive,262,137,
B_RIDGE,3,4,7,add,textual,coefficient,0.013741999274255746,0.013741999274255746,positive,263,138,
B_RIDGE,3,4,93,feeling,textual,coefficient,0.013378123491632508,0.013378123491632508,positive,264,139,
B_RIDGE,3,4,76,easily,textual,coefficient,0.012773783391247948,0.012773783391247948,positive,265,140,
B_RIDGE,3,4,27,behavior,textual,coefficient,-0.012710257865690052,0.012710257865690052,negative,266,,126
B_RIDGE,3,4,287,way,textual,coefficient,0.012456673309680397,0.012456673309680397,positive,267,141,
B_RIDGE,3,4,55,depression,textual,coefficient,0.011581328373795129,0.011581328373795129,positive,268,142,
B_RIDGE,3,4,214,right,textual,coefficient,0.011502764520798486,0.011502764520798486,positive,269,143,
B_RIDGE,3,4,52,cortex,textual,coefficient,0.011038356582321905,0.011038356582321905,positive,270,144,
B_RIDGE,3,4,219,second,textual,coefficient,-0.010825016804834563,0.010825016804834563,negative,271,,127
B_RIDGE,3,4,20,ask,textual,coefficient,0.010487603299519251,0.010487603299519251,positive,272,145,
B_RIDGE,3,4,38,care,textual,coefficient,0.009568301892917184,0.009568301892917184,positive,273,146,
B_RIDGE,3,4,211,rejection,textual,coefficient,-0.009310987456620682,0.009310987456620682,negative,274,,128
B_RIDGE,3,4,2,30,textual,coefficient,-0.009220214424488778,0.009220214424488778,negative,275,,129
B_RIDGE,3,4,273,trying,textual,coefficient,-0.009024318469790965,0.009024318469790965,negative,276,,130
B_RIDGE,3,4,132,instead,textual,coefficient,0.008853839477838904,0.008853839477838904,positive,277,147,
B_RIDGE,3,4,75,dysfunction,textual,coefficient,-0.008188150353794997,0.008188150353794997,negative,278,,131
B_RIDGE,3,4,200,point,textual,coefficient,0.007458621205144561,0.007458621205144561,positive,279,148,
B_RIDGE,3,4,222,sense,textual,coefficient,-0.007093247280257563,0.007093247280257563,negative,280,,132
B_RIDGE,3,4,156,long term,textual,coefficient,0.0069624845837817865,0.0069624845837817865,positive,281,149,
B_RIDGE,3,4,226,short,textual,coefficient,-0.006612886360439225,0.006612886360439225,negative,282,,133
B_RIDGE,3,4,42,children,textual,coefficient,-0.006164254575507037,0.006164254575507037,negative,283,,134
B_RIDGE,3,4,146,let,textual,coefficient,0.0061192474655942,0.0061192474655942,positive,284,150,
B_RIDGE,3,4,86,executive,textual,coefficient,0.0061023007253541905,0.0061023007253541905,positive,285,151,
B_RIDGE,3,4,204,protein,textual,coefficient,-0.005912918502473833,0.005912918502473833,negative,286,,135
B_RIDGE,3,4,234,sound,textual,coefficient,0.005637026803875867,0.005637026803875867,positive,287,152,
B_RIDGE,3,4,12,adhd people,textual,coefficient,0.005551896680209909,0.005551896680209909,positive,288,153,
B_RIDGE,3,4,73,don know,textual,coefficient,0.005523658418992514,0.005523658418992514,positive,289,154,
B_RIDGE,3,4,17,anger,textual,coefficient,0.00539717101029299,0.00539717101029299,positive,290,155,
B_RIDGE,3,4,136,kids,textual,coefficient,0.005211643071406742,0.005211643071406742,positive,291,156,
B_RIDGE,3,4,141,lack,textual,coefficient,-0.004583679055467808,0.004583679055467808,negative,292,,136
B_RIDGE,3,4,40,change,textual,coefficient,0.004566855057826232,0.004566855057826232,positive,293,157,
B_RIDGE,3,4,263,think,textual,coefficient,0.0044330458953684,0.0044330458953684,positive,294,158,
B_RIDGE,3,4,279,used,textual,coefficient,-0.004035399143607058,0.004035399143607058,negative,295,,137
B_RIDGE,3,4,122,home,textual,coefficient,-0.003477759066433738,0.003477759066433738,negative,296,,138
B_RIDGE,3,4,159,lot,textual,coefficient,-0.003230376306170238,0.003230376306170238,negative,297,,139
B_RIDGE,3,4,99,forget,textual,coefficient,0.0025967565051900022,0.0025967565051900022,positive,298,159,
B_RIDGE,3,4,19,aren,textual,coefficient,-0.001791731568467335,0.001791731568467335,negative,299,,140
B_RIDGE,3,4,289,women,textual,coefficient,-0.001058443073906945,0.001058443073906945,negative,300,,141
B_RIDGE,3,4,70,doesn,textual,coefficient,-0.0010314914842715658,0.0010314914842715658,negative,301,,142
B_RIDGE,3,4,69,does,textual,coefficient,-0.0001123887702058485,0.0001123887702058485,negative,302,,143
B_RIDGE,4,1,255,symptoms,textual,coefficient,0.3926262799013015,0.3926262799013015,positive,1,1,
B_RIDGE,4,1,182,music,textual,coefficient,0.285772835491265,0.285772835491265,positive,2,2,
B_RIDGE,4,1,260,tasks,textual,coefficient,0.24980949510480302,0.24980949510480302,positive,3,3,
B_RIDGE,4,1,115,having,textual,coefficient,0.24945037094537917,0.24945037094537917,positive,4,4,
B_RIDGE,4,1,241,stimulant,textual,coefficient,0.24633991739010067,0.24633991739010067,positive,5,5,
B_RIDGE,4,1,272,trouble,textual,coefficient,0.2375948903273288,0.2375948903273288,positive,6,6,
B_RIDGE,4,1,183,need,textual,coefficient,-0.231843207114677,0.231843207114677,negative,7,,1
B_RIDGE,4,1,206,problems,textual,coefficient,0.22866739739186687,0.22866739739186687,positive,8,7,
B_RIDGE,4,1,129,impulsivity,textual,coefficient,0.1992532335642012,0.1992532335642012,positive,9,8,
B_RIDGE,4,1,46,common,textual,coefficient,0.19799539150952228,0.19799539150952228,positive,10,9,
B_RIDGE,4,1,73,dopamine,textual,coefficient,-0.19180748948380885,0.19180748948380885,negative,11,,2
B_RIDGE,4,1,265,thing,textual,coefficient,-0.1917773134559044,0.1917773134559044,negative,12,,3
B_RIDGE,4,1,121,higher,textual,coefficient,0.1866833876177528,0.1866833876177528,positive,13,10,
B_RIDGE,4,1,109,good,textual,coefficient,-0.18348782382262416,0.18348782382262416,negative,14,,4
B_RIDGE,4,1,19,anxiety,textual,coefficient,0.18164301340016492,0.18164301340016492,positive,15,11,
B_RIDGE,4,1,32,brain,textual,coefficient,-0.1764732296369477,0.1764732296369477,negative,16,,5
B_RIDGE,4,1,189,number,textual,coefficient,-0.17119690699217843,0.17119690699217843,negative,17,,6
B_RIDGE,4,1,114,harder,textual,coefficient,0.16675558093785645,0.16675558093785645,positive,18,12,
B_RIDGE,4,1,197,people,textual,coefficient,-0.1661046855848283,0.1661046855848283,negative,19,,7
B_RIDGE,4,1,65,difficulty,textual,coefficient,0.16432628516117956,0.16432628516117956,positive,20,13,
B_RIDGE,4,1,61,diet,textual,coefficient,-0.16130635905528048,0.16130635905528048,negative,21,,8
B_RIDGE,4,1,72,don,textual,coefficient,-0.16060180708071395,0.16060180708071395,negative,22,,9
B_RIDGE,4,1,6,actually,textual,coefficient,-0.1591785221902383,0.1591785221902383,negative,23,,10
B_RIDGE,4,1,195,patients,textual,coefficient,-0.15425536997369504,0.15425536997369504,negative,24,,11
B_RIDGE,4,1,301,hedge_score,handcrafted_linguistic,coefficient,0.15117982708698866,0.15117982708698866,positive,25,14,
B_RIDGE,4,1,252,sugar,textual,coefficient,-0.15014028060527196,0.15014028060527196,negative,26,,12
B_RIDGE,4,1,7,add,textual,coefficient,-0.14911803756600306,0.14911803756600306,negative,27,,13
B_RIDGE,4,1,288,way,textual,coefficient,-0.1491025037815225,0.1491025037815225,negative,28,,14
B_RIDGE,4,1,287,want,textual,coefficient,-0.14687893336985358,0.14687893336985358,negative,29,,15
B_RIDGE,4,1,257,talk,textual,coefficient,-0.14159307073316804,0.14159307073316804,negative,30,,16
B_RIDGE,4,1,143,late,textual,coefficient,-0.13841560105315714,0.13841560105315714,negative,31,,17
B_RIDGE,4,1,179,mind,textual,coefficient,-0.13779302322525963,0.13779302322525963,negative,32,,18
B_RIDGE,4,1,128,impulsive,textual,coefficient,0.137259609027148,0.137259609027148,positive,33,15,
B_RIDGE,4,1,217,risk,textual,coefficient,0.1362340432564118,0.1362340432564118,positive,34,16,
B_RIDGE,4,1,268,think,textual,coefficient,0.13552960829225627,0.13552960829225627,positive,35,17,
B_RIDGE,4,1,264,test,textual,coefficient,-0.13134627886341463,0.13134627886341463,negative,36,,19
B_RIDGE,4,1,4,activities,textual,coefficient,0.13007091587272104,0.13007091587272104,positive,37,18,
B_RIDGE,4,1,88,experience,textual,coefficient,0.12850122727197733,0.12850122727197733,positive,38,19,
B_RIDGE,4,1,282,usually,textual,coefficient,-0.12643049758659858,0.12643049758659858,negative,39,,20
B_RIDGE,4,1,54,days,textual,coefficient,-0.1215598480315711,0.1215598480315711,negative,40,,21
B_RIDGE,4,1,108,going,textual,coefficient,-0.12131374040168219,0.12131374040168219,negative,41,,22
B_RIDGE,4,1,120,high,textual,coefficient,-0.12114482169599972,0.12114482169599972,negative,42,,23
B_RIDGE,4,1,100,foods,textual,coefficient,-0.12014416512350966,0.12014416512350966,negative,43,,24
B_RIDGE,4,1,75,easily,textual,coefficient,0.11845814456403728,0.11845814456403728,positive,44,20,
B_RIDGE,4,1,111,great,textual,coefficient,-0.11439546666703064,0.11439546666703064,negative,45,,25
B_RIDGE,4,1,283,ve,textual,coefficient,-0.11304583731092549,0.11304583731092549,negative,46,,26
B_RIDGE,4,1,148,let talk,textual,coefficient,-0.11186854349761763,0.11186854349761763,negative,47,,27
B_RIDGE,4,1,16,adults,textual,coefficient,0.11178954523661912,0.11178954523661912,positive,48,21,
B_RIDGE,4,1,174,medication,textual,coefficient,0.11113629159662176,0.11113629159662176,positive,49,22,
B_RIDGE,4,1,21,attention,textual,coefficient,0.11107826769540312,0.11107826769540312,positive,50,23,
B_RIDGE,4,1,126,hyperfocus,textual,coefficient,0.11091581332464509,0.11091581332464509,positive,51,24,
B_RIDGE,4,1,38,care,textual,coefficient,-0.11006230542568049,0.11006230542568049,negative,52,,28
B_RIDGE,4,1,130,inattentive,textual,coefficient,0.10990373490101328,0.10990373490101328,positive,53,25,
B_RIDGE,4,1,53,day,textual,coefficient,-0.10901103408294213,0.10901103408294213,negative,54,,29
B_RIDGE,4,1,157,ll,textual,coefficient,-0.10823134134113292,0.10823134134113292,negative,55,,30
B_RIDGE,4,1,22,autism,textual,coefficient,-0.10814755352756593,0.10814755352756593,negative,56,,31
B_RIDGE,4,1,207,protein,textual,coefficient,-0.10602225358948289,0.10602225358948289,negative,57,,32
B_RIDGE,4,1,131,increase,textual,coefficient,-0.10554661939252875,0.10554661939252875,negative,58,,33
B_RIDGE,4,1,254,sure,textual,coefficient,0.10383850326184454,0.10383850326184454,positive,59,26,
B_RIDGE,4,1,29,big,textual,coefficient,0.10338985657548125,0.10338985657548125,positive,60,27,
B_RIDGE,4,1,212,regulation,textual,coefficient,0.10279622275592847,0.10279622275592847,positive,61,28,
B_RIDGE,4,1,30,bit,textual,coefficient,-0.10240223048027541,0.10240223048027541,negative,62,,34
B_RIDGE,4,1,271,told,textual,coefficient,-0.10123569910067025,0.10123569910067025,negative,63,,35
B_RIDGE,4,1,249,studies,textual,coefficient,0.10099031626277409,0.10099031626277409,positive,64,29,
B_RIDGE,4,1,295,worse,textual,coefficient,-0.09951236053297904,0.09951236053297904,negative,65,,36
B_RIDGE,4,1,161,looking,textual,coefficient,0.09824314944291257,0.09824314944291257,positive,66,30,
B_RIDGE,4,1,147,let,textual,coefficient,-0.09783859822396736,0.09783859822396736,negative,67,,37
B_RIDGE,4,1,219,say,textual,coefficient,-0.09679217132408886,0.09679217132408886,negative,68,,38
B_RIDGE,4,1,94,feeling,textual,coefficient,-0.09582411523883004,0.09582411523883004,negative,69,,39
B_RIDGE,4,1,216,right,textual,coefficient,-0.09466709559805998,0.09466709559805998,negative,70,,40
B_RIDGE,4,1,233,sit,textual,coefficient,-0.09425269547647451,0.09425269547647451,negative,71,,41
B_RIDGE,4,1,133,instead,textual,coefficient,0.0937973342291569,0.0937973342291569,positive,72,31,
B_RIDGE,4,1,62,difference,textual,coefficient,0.09343316178465176,0.09343316178465176,positive,73,32,
B_RIDGE,4,1,132,information,textual,coefficient,-0.09288687396668419,0.09288687396668419,negative,74,,42
B_RIDGE,4,1,187,new,textual,coefficient,-0.09276154274768739,0.09276154274768739,negative,75,,43
B_RIDGE,4,1,277,um,textual,coefficient,0.09247232933438773,0.09247232933438773,positive,76,33,
B_RIDGE,4,1,175,medications,textual,coefficient,0.09147481323661523,0.09147481323661523,positive,77,34,
B_RIDGE,4,1,181,motivation,textual,coefficient,-0.08958671941625437,0.08958671941625437,negative,78,,44
B_RIDGE,4,1,250,study,textual,coefficient,0.08884702238440102,0.08884702238440102,positive,79,35,
B_RIDGE,4,1,273,try,textual,coefficient,-0.08805155401232866,0.08805155401232866,negative,80,,45
B_RIDGE,4,1,245,strategies,textual,coefficient,0.08772266897603771,0.08772266897603771,positive,81,36,
B_RIDGE,4,1,176,medicine,textual,coefficient,-0.08742983412499328,0.08742983412499328,negative,82,,46
B_RIDGE,4,1,113,hard,textual,coefficient,-0.08671973234589227,0.08671973234589227,negative,83,,47
B_RIDGE,4,1,173,means,textual,coefficient,-0.08659051120607184,0.08659051120607184,negative,84,,48
B_RIDGE,4,1,150,levels,textual,coefficient,-0.08626258068363812,0.08626258068363812,negative,85,,49
B_RIDGE,4,1,81,emotions,textual,coefficient,0.08595895517475646,0.08595895517475646,positive,86,37,
B_RIDGE,4,1,24,away,textual,coefficient,-0.08533007853699795,0.08533007853699795,negative,87,,50
B_RIDGE,4,1,247,struggle,textual,coefficient,-0.08489548950446493,0.08489548950446493,negative,88,,51
B_RIDGE,4,1,211,reason,textual,coefficient,-0.08485485729688376,0.08485485729688376,negative,89,,52
B_RIDGE,4,1,238,start,textual,coefficient,0.08429720540641178,0.08429720540641178,positive,90,38,
B_RIDGE,4,1,275,type,textual,coefficient,-0.0838314144251869,0.0838314144251869,negative,91,,53
B_RIDGE,4,1,14,adhd symptoms,textual,coefficient,0.08361336258480753,0.08361336258480753,positive,92,39,
B_RIDGE,4,1,253,support,textual,coefficient,0.08319512704466922,0.08319512704466922,positive,93,40,
B_RIDGE,4,1,246,stress,textual,coefficient,0.08189729381481917,0.08189729381481917,positive,94,41,
B_RIDGE,4,1,80,emotional,textual,coefficient,0.08182392983394648,0.08182392983394648,positive,95,42,
B_RIDGE,4,1,31,body,textual,coefficient,-0.08024048977939956,0.08024048977939956,negative,96,,54
B_RIDGE,4,1,13,adhd people,textual,coefficient,-0.08015054353786588,0.08015054353786588,negative,97,,55
B_RIDGE,4,1,240,stay,textual,coefficient,-0.0801135139489248,0.0801135139489248,negative,98,,56
B_RIDGE,4,1,225,sense,textual,coefficient,-0.07974321677002531,0.07974321677002531,negative,99,,57
B_RIDGE,4,1,232,signs,textual,coefficient,0.0796277025626373,0.0796277025626373,positive,100,43,
B_RIDGE,4,1,190,oh,textual,coefficient,0.07954441899254476,0.07954441899254476,positive,101,44,
B_RIDGE,4,1,44,comes,textual,coefficient,-0.07939211258500546,0.07939211258500546,negative,102,,58
B_RIDGE,4,1,262,tend,textual,coefficient,-0.07923613467224891,0.07923613467224891,negative,103,,59
B_RIDGE,4,1,215,research,textual,coefficient,0.0790523891510369,0.0790523891510369,positive,104,45,
B_RIDGE,4,1,42,children,textual,coefficient,0.07880208470488335,0.07880208470488335,positive,105,46,
B_RIDGE,4,1,37,calm,textual,coefficient,-0.07873295573749428,0.07873295573749428,negative,106,,60
B_RIDGE,4,1,160,look,textual,coefficient,0.07860107877391391,0.07860107877391391,positive,107,47,
B_RIDGE,4,1,256,taking,textual,coefficient,-0.07821889969496558,0.07821889969496558,negative,108,,61
B_RIDGE,4,1,97,focus,textual,coefficient,-0.07730851868048644,0.07730851868048644,negative,109,,62
B_RIDGE,4,1,90,family,textual,coefficient,0.07675385764347581,0.07675385764347581,positive,110,48,
B_RIDGE,4,1,70,doesn,textual,coefficient,-0.07639877559938718,0.07639877559938718,negative,111,,63
B_RIDGE,4,1,83,energy,textual,coefficient,-0.07234357815015692,0.07234357815015692,negative,112,,64
B_RIDGE,4,1,55,deficit,textual,coefficient,-0.0720721841042357,0.0720721841042357,negative,113,,65
B_RIDGE,4,1,93,feel like,textual,coefficient,0.07122956962884636,0.07122956962884636,positive,114,49,
B_RIDGE,4,1,89,fact,textual,coefficient,-0.0710811355593449,0.0710811355593449,negative,115,,66
B_RIDGE,4,1,185,nervous,textual,coefficient,-0.07107832334667585,0.07107832334667585,negative,116,,67
B_RIDGE,4,1,226,sensitive,textual,coefficient,-0.07053881606442665,0.07053881606442665,negative,117,,68
B_RIDGE,4,1,165,love,textual,coefficient,-0.07053733304270147,0.07053733304270147,negative,118,,69
B_RIDGE,4,1,91,fast,textual,coefficient,-0.07046014441077492,0.07046014441077492,negative,119,,70
B_RIDGE,4,1,194,parents,textual,coefficient,0.06977947541465451,0.06977947541465451,positive,120,50,
B_RIDGE,4,1,92,feel,textual,coefficient,-0.06915181818361894,0.06915181818361894,negative,121,,71
B_RIDGE,4,1,112,happens,textual,coefficient,-0.0690265078172397,0.0690265078172397,negative,122,,72
B_RIDGE,4,1,269,time,textual,coefficient,-0.06901762308380868,0.06901762308380868,negative,123,,73
B_RIDGE,4,1,77,eating,textual,coefficient,-0.06891660519433403,0.06891660519433403,negative,124,,74
B_RIDGE,4,1,8,addiction,textual,coefficient,-0.06884277452457188,0.06884277452457188,negative,125,,75
B_RIDGE,4,1,10,adhd brain,textual,coefficient,-0.06867948470717238,0.06867948470717238,negative,126,,76
B_RIDGE,4,1,122,highly,textual,coefficient,-0.0683885052707306,0.0683885052707306,negative,127,,77
B_RIDGE,4,1,33,brains,textual,coefficient,-0.06814033681797889,0.06814033681797889,negative,128,,78
B_RIDGE,4,1,58,diagnosis,textual,coefficient,0.06736503981370791,0.06736503981370791,positive,129,51,
B_RIDGE,4,1,35,caffeine,textual,coefficient,-0.06695508848395743,0.06695508848395743,negative,130,,79
B_RIDGE,4,1,71,doing,textual,coefficient,0.06638100663390785,0.06638100663390785,positive,131,52,
B_RIDGE,4,1,127,important,textual,coefficient,-0.06568379487406993,0.06568379487406993,negative,132,,80
B_RIDGE,4,1,284,ve got,textual,coefficient,-0.06566518921459867,0.06566518921459867,negative,133,,81
B_RIDGE,4,1,281,using,textual,coefficient,0.06554791049530652,0.06554791049530652,positive,134,53,
B_RIDGE,4,1,199,person,textual,coefficient,-0.06523171215332016,0.06523171215332016,negative,135,,82
B_RIDGE,4,1,156,little bit,textual,coefficient,-0.06436119948404571,0.06436119948404571,negative,136,,83
B_RIDGE,4,1,74,dysfunction,textual,coefficient,-0.06362651712146397,0.06362651712146397,negative,137,,84
B_RIDGE,4,1,270,times,textual,coefficient,0.063063824991192,0.063063824991192,positive,138,54,
B_RIDGE,4,1,172,mean,textual,coefficient,-0.062370565341321946,0.062370565341321946,negative,139,,85
B_RIDGE,4,1,135,isn,textual,coefficient,0.06206942856473998,0.06206942856473998,positive,140,55,
B_RIDGE,4,1,188,norepinephrine,textual,coefficient,-0.06165692777690161,0.06165692777690161,negative,141,,86
B_RIDGE,4,1,110,got,textual,coefficient,-0.061540454522066974,0.061540454522066974,negative,142,,87
B_RIDGE,4,1,168,makes,textual,coefficient,-0.06140088849842411,0.06140088849842411,negative,143,,88
B_RIDGE,4,1,298,years,textual,coefficient,-0.060761151839311564,0.060761151839311564,negative,144,,89
B_RIDGE,4,1,99,food,textual,coefficient,-0.0606406165202258,0.0606406165202258,negative,145,,90
B_RIDGE,4,1,159,long term,textual,coefficient,-0.06001946891063615,0.06001946891063615,negative,146,,91
B_RIDGE,4,1,26,behavior,textual,coefficient,0.05956237553977888,0.05956237553977888,positive,147,56,
B_RIDGE,4,1,198,people adhd,textual,coefficient,-0.05915756147581023,0.05915756147581023,negative,148,,92
B_RIDGE,4,1,15,adhders,textual,coefficient,-0.058786949203112095,0.058786949203112095,negative,149,,93
B_RIDGE,4,1,68,doctor,textual,coefficient,-0.0587629063862745,0.0587629063862745,negative,150,,94
B_RIDGE,4,1,11,adhd brains,textual,coefficient,-0.057359636627446794,0.057359636627446794,negative,151,,95
B_RIDGE,4,1,119,helps,textual,coefficient,-0.05654789279924087,0.05654789279924087,negative,152,,96
B_RIDGE,4,1,192,open,textual,coefficient,-0.056131662119836175,0.056131662119836175,negative,153,,97
B_RIDGE,4,1,41,child,textual,coefficient,-0.05605586846825383,0.05605586846825383,negative,154,,98
B_RIDGE,4,1,79,effects,textual,coefficient,0.05600662840950755,0.05600662840950755,positive,155,57,
B_RIDGE,4,1,297,yeah,textual,coefficient,0.05583907530953037,0.05583907530953037,positive,156,58,
B_RIDGE,4,1,169,making,textual,coefficient,0.055521952702824166,0.055521952702824166,positive,157,59,
B_RIDGE,4,1,139,kids,textual,coefficient,0.05517361650915377,0.05517361650915377,positive,158,60,
B_RIDGE,4,1,222,second,textual,coefficient,-0.055027681890279824,0.055027681890279824,negative,159,,99
B_RIDGE,4,1,201,physical,textual,coefficient,-0.05494920564000384,0.05494920564000384,negative,160,,100
B_RIDGE,4,1,95,feels,textual,coefficient,-0.05484395624582957,0.05484395624582957,negative,161,,101
B_RIDGE,4,1,290,women,textual,coefficient,-0.054746877428332494,0.054746877428332494,negative,162,,102
B_RIDGE,4,1,142,lack,textual,coefficient,-0.054087236278597656,0.054087236278597656,negative,163,,103
B_RIDGE,4,1,191,okay,textual,coefficient,-0.054015253068866224,0.054015253068866224,negative,164,,104
B_RIDGE,4,1,36,called,textual,coefficient,-0.05385279835337518,0.05385279835337518,negative,165,,105
B_RIDGE,4,1,153,likely,textual,coefficient,-0.05329202317920486,0.05329202317920486,negative,166,,106
B_RIDGE,4,1,299,yes,textual,coefficient,0.05297116910476118,0.05297116910476118,positive,167,61,
B_RIDGE,4,1,102,fucking,textual,coefficient,-0.052689088345797906,0.052689088345797906,negative,168,,107
B_RIDGE,4,1,25,bad,textual,coefficient,-0.0525327065395949,0.0525327065395949,negative,169,,108
B_RIDGE,4,1,118,helpful,textual,coefficient,-0.051741706246484956,0.051741706246484956,negative,170,,109
B_RIDGE,4,1,146,learning,textual,coefficient,-0.05172478630262941,0.05172478630262941,negative,171,,110
B_RIDGE,4,1,261,tell,textual,coefficient,-0.0503828191977575,0.0503828191977575,negative,172,,111
B_RIDGE,4,1,84,especially,textual,coefficient,-0.05023973909115073,0.05023973909115073,negative,173,,112
B_RIDGE,4,1,1,20,textual,coefficient,0.049706569005477264,0.049706569005477264,positive,174,62,
B_RIDGE,4,1,266,things,textual,coefficient,0.049453898444461075,0.049453898444461075,positive,175,63,
B_RIDGE,4,1,124,hyperactive,textual,coefficient,0.049419581227793545,0.049419581227793545,positive,176,64,
B_RIDGE,4,1,103,function,textual,coefficient,0.049343000222089664,0.049343000222089664,positive,177,65,
B_RIDGE,4,1,125,hyperactivity,textual,coefficient,0.04916205380162085,0.04916205380162085,positive,178,66,
B_RIDGE,4,1,236,social,textual,coefficient,-0.04769181981509228,0.04769181981509228,negative,179,,113
B_RIDGE,4,1,205,problem,textual,coefficient,0.047106634304575075,0.047106634304575075,positive,180,67,
B_RIDGE,4,1,170,manage,textual,coefficient,-0.04701181295591774,0.04701181295591774,negative,181,,114
B_RIDGE,4,1,163,lot people,textual,coefficient,-0.046244617264618156,0.046244617264618156,negative,182,,115
B_RIDGE,4,1,234,sleep,textual,coefficient,0.04605983594119573,0.04605983594119573,positive,183,68,
B_RIDGE,4,1,167,make,textual,coefficient,0.04574375027003757,0.04574375027003757,positive,184,69,
B_RIDGE,4,1,180,minutes,textual,coefficient,-0.045274059194522195,0.045274059194522195,negative,185,,116
B_RIDGE,4,1,82,end,textual,coefficient,0.045112273901865396,0.045112273901865396,positive,186,70,
B_RIDGE,4,1,214,remember,textual,coefficient,0.04496839792284445,0.04496839792284445,positive,187,71,
B_RIDGE,4,1,276,uh,textual,coefficient,-0.04478218729591567,0.04478218729591567,negative,188,,117
B_RIDGE,4,1,59,did,textual,coefficient,-0.044300172900839534,0.044300172900839534,negative,189,,118
B_RIDGE,4,1,152,like,textual,coefficient,0.04415654081173371,0.04415654081173371,positive,190,72,
B_RIDGE,4,1,117,help,textual,coefficient,-0.04392477668558149,0.04392477668558149,negative,191,,119
B_RIDGE,4,1,48,condition,textual,coefficient,0.042772330793807586,0.042772330793807586,positive,192,73,
B_RIDGE,4,1,251,stuff,textual,coefficient,-0.04260530132985284,0.04260530132985284,negative,193,,120
B_RIDGE,4,1,204,probably,textual,coefficient,-0.04253717992381059,0.04253717992381059,negative,194,,121
B_RIDGE,4,1,259,task,textual,coefficient,0.042070885696393875,0.042070885696393875,positive,195,74,
B_RIDGE,4,1,231,shows,textual,coefficient,0.04181048176196096,0.04181048176196096,positive,196,75,
B_RIDGE,4,1,158,long,textual,coefficient,-0.04178890019485427,0.04178890019485427,negative,197,,122
B_RIDGE,4,1,43,come,textual,coefficient,-0.04178626078970488,0.04178626078970488,negative,198,,123
B_RIDGE,4,1,243,stimulation,textual,coefficient,-0.04048526469434813,0.04048526469434813,negative,199,,124
B_RIDGE,4,1,274,trying,textual,coefficient,-0.04021144733958763,0.04021144733958763,negative,200,,125
B_RIDGE,4,1,57,diagnosed,textual,coefficient,0.03986068880034674,0.03986068880034674,positive,201,76,
B_RIDGE,4,1,18,alcohol,textual,coefficient,-0.03877736224547486,0.03877736224547486,negative,202,,126
B_RIDGE,4,1,136,issues,textual,coefficient,-0.03875326141315909,0.03875326141315909,negative,203,,127
B_RIDGE,4,1,208,real,textual,coefficient,0.03856204872270183,0.03856204872270183,positive,204,77,
B_RIDGE,4,1,116,health,textual,coefficient,0.0377042127653157,0.0377042127653157,positive,205,78,
B_RIDGE,4,1,171,maybe,textual,coefficient,-0.03750804307424749,0.03750804307424749,negative,206,,128
B_RIDGE,4,1,45,coming,textual,coefficient,0.037210952527421085,0.037210952527421085,positive,207,79,
B_RIDGE,4,1,140,kind,textual,coefficient,-0.036866366236379636,0.036866366236379636,negative,208,,129
B_RIDGE,4,1,221,school,textual,coefficient,0.036715378339223614,0.036715378339223614,positive,209,80,
B_RIDGE,4,1,285,video,textual,coefficient,0.03660655144580203,0.03660655144580203,positive,210,81,
B_RIDGE,4,1,17,affect,textual,coefficient,0.03655979493181659,0.03655979493181659,positive,211,82,
B_RIDGE,4,1,23,avoid,textual,coefficient,-0.036320171237785706,0.036320171237785706,negative,212,,130
B_RIDGE,4,1,193,order,textual,coefficient,-0.036250902007664856,0.036250902007664856,negative,213,,131
B_RIDGE,4,1,51,control,textual,coefficient,-0.03624864775232496,0.03624864775232496,negative,214,,132
B_RIDGE,4,1,244,stop,textual,coefficient,0.03576371333385917,0.03576371333385917,positive,215,83,
B_RIDGE,4,1,202,place,textual,coefficient,-0.03537652751719004,0.03537652751719004,negative,216,,133
B_RIDGE,4,1,40,change,textual,coefficient,-0.03497176515272182,0.03497176515272182,negative,217,,134
B_RIDGE,4,1,9,adhd,textual,coefficient,0.034374501866621845,0.034374501866621845,positive,218,84,
B_RIDGE,4,1,186,neurotypical,textual,coefficient,-0.034352973548057074,0.034352973548057074,negative,219,,135
B_RIDGE,4,1,235,small,textual,coefficient,0.03425017938013848,0.03425017938013848,positive,220,85,
B_RIDGE,4,1,258,talking,textual,coefficient,0.033975863460064634,0.033975863460064634,positive,221,86,
B_RIDGE,4,1,138,just,textual,coefficient,-0.03385740264777104,0.03385740264777104,negative,222,,136
B_RIDGE,4,1,56,depression,textual,coefficient,-0.03384055505007576,0.03384055505007576,negative,223,,137
B_RIDGE,4,1,178,mental,textual,coefficient,-0.03357671759382261,0.03357671759382261,negative,224,,138
B_RIDGE,4,1,63,different,textual,coefficient,-0.03308521183527201,0.03308521183527201,negative,225,,139
B_RIDGE,4,1,76,eat,textual,coefficient,-0.03298146467815682,0.03298146467815682,negative,226,,140
B_RIDGE,4,1,47,completely,textual,coefficient,-0.032867412638041174,0.032867412638041174,negative,227,,141
B_RIDGE,4,1,3,able,textual,coefficient,-0.032439599686522304,0.032439599686522304,negative,228,,142
B_RIDGE,4,1,85,everybody,textual,coefficient,0.032383022421571296,0.032383022421571296,positive,229,87,
B_RIDGE,4,1,123,hours,textual,coefficient,0.031795068046542946,0.031795068046542946,positive,230,88,
B_RIDGE,4,1,223,seen,textual,coefficient,0.0308229286872533,0.0308229286872533,positive,231,89,
B_RIDGE,4,1,67,distracted,textual,coefficient,0.03050145686634368,0.03050145686634368,positive,232,90,
B_RIDGE,4,1,107,goes,textual,coefficient,-0.03016375028099615,0.03016375028099615,negative,233,,143
B_RIDGE,4,1,12,adhd medication,textual,coefficient,0.029566635282484013,0.029566635282484013,positive,234,91,
B_RIDGE,4,1,144,later,textual,coefficient,-0.02936018475945668,0.02936018475945668,negative,235,,144
B_RIDGE,4,1,227,sensory,textual,coefficient,-0.029232591692923318,0.029232591692923318,negative,236,,145
B_RIDGE,4,1,96,finally,textual,coefficient,-0.028824783488299532,0.028824783488299532,negative,237,,146
B_RIDGE,4,1,105,gets,textual,coefficient,-0.02868446874515776,0.02868446874515776,negative,238,,147
B_RIDGE,4,1,78,effective,textual,coefficient,-0.028098305440508665,0.028098305440508665,negative,239,,148
B_RIDGE,4,1,28,better,textual,coefficient,-0.02745149827228721,0.02745149827228721,negative,240,,149
B_RIDGE,4,1,2,ability,textual,coefficient,-0.025988808196032467,0.025988808196032467,negative,241,,150
B_RIDGE,4,1,52,create,textual,coefficient,0.024102129047367558,0.024102129047367558,positive,242,92,
B_RIDGE,4,1,220,saying,textual,coefficient,0.024021135992865678,0.024021135992865678,positive,243,93,
B_RIDGE,4,1,293,works,textual,coefficient,-0.023974113157202163,0.023974113157202163,negative,244,,151
B_RIDGE,4,1,230,short,textual,coefficient,-0.022562606419215016,0.022562606419215016,negative,245,,152
B_RIDGE,4,1,155,little,textual,coefficient,-0.022059846125188402,0.022059846125188402,negative,246,,153
B_RIDGE,4,1,278,understand,textual,coefficient,-0.02205076725662209,0.02205076725662209,negative,247,,154
B_RIDGE,4,1,162,lot,textual,coefficient,-0.02154126817809422,0.02154126817809422,negative,248,,155
B_RIDGE,4,1,106,getting,textual,coefficient,0.021479270905507535,0.021479270905507535,positive,249,94,
B_RIDGE,4,1,294,world,textual,coefficient,-0.021018993792579602,0.021018993792579602,negative,250,,156
B_RIDGE,4,1,184,needs,textual,coefficient,-0.020702341280287587,0.020702341280287587,negative,251,,157
B_RIDGE,4,1,300,certainty_score,handcrafted_linguistic,coefficient,0.019842541722809998,0.019842541722809998,positive,252,95,
B_RIDGE,4,1,86,example,textual,coefficient,-0.019562122832471843,0.019562122832471843,negative,253,,158
B_RIDGE,4,1,154,literally,textual,coefficient,-0.01914187062152986,0.01914187062152986,negative,254,,159
B_RIDGE,4,1,177,memory,textual,coefficient,-0.018048889130252863,0.018048889130252863,negative,255,,160
B_RIDGE,4,1,267,things like,textual,coefficient,-0.01712675452029953,0.01712675452029953,negative,256,,161
B_RIDGE,4,1,286,wait,textual,coefficient,-0.016719913401387766,0.016719913401387766,negative,257,,162
B_RIDGE,4,1,196,pay,textual,coefficient,-0.016348560721333533,0.016348560721333533,negative,258,,163
B_RIDGE,4,1,248,struggling,textual,coefficient,-0.01621485144354472,0.01621485144354472,negative,259,,164
B_RIDGE,4,1,50,constantly,textual,coefficient,0.015932938824630875,0.015932938824630875,positive,260,96,
B_RIDGE,4,1,149,level,textual,coefficient,0.015587415762421834,0.015587415762421834,positive,261,97,
B_RIDGE,4,1,27,best,textual,coefficient,0.015154683139991812,0.015154683139991812,positive,262,98,
B_RIDGE,4,1,145,learn,textual,coefficient,0.013803612447987326,0.013803612447987326,positive,263,99,
B_RIDGE,4,1,228,seven,textual,coefficient,0.013075164179107437,0.013075164179107437,positive,264,100,
B_RIDGE,4,1,292,working,textual,coefficient,0.013063856574657431,0.013063856574657431,positive,265,101,
B_RIDGE,4,1,39,certain,textual,coefficient,0.012327147101685119,0.012327147101685119,positive,266,102,
B_RIDGE,4,1,263,term,textual,coefficient,0.01222929684562584,0.01222929684562584,positive,267,103,
B_RIDGE,4,1,213,relationships,textual,coefficient,0.011724357697242766,0.011724357697242766,positive,268,104,
B_RIDGE,4,1,141,know,textual,coefficient,0.011692620345974758,0.011692620345974758,positive,269,105,
B_RIDGE,4,1,104,functioning,textual,coefficient,0.011436093046992796,0.011436093046992796,positive,270,106,
B_RIDGE,4,1,239,state,textual,coefficient,-0.01122640621861912,0.01122640621861912,negative,271,,165
B_RIDGE,4,1,151,life,textual,coefficient,0.010938834980722841,0.010938834980722841,positive,272,107,
B_RIDGE,4,1,164,lots,textual,coefficient,0.010821141196766268,0.010821141196766268,positive,273,108,
B_RIDGE,4,1,137,job,textual,coefficient,-0.01068628749952236,0.01068628749952236,negative,274,,166
B_RIDGE,4,1,291,work,textual,coefficient,0.010120028880292155,0.010120028880292155,positive,275,109,
B_RIDGE,4,1,200,phone,textual,coefficient,0.008489353392479863,0.008489353392479863,positive,276,110,
B_RIDGE,4,1,210,really,textual,coefficient,-0.008375039631977074,0.008375039631977074,negative,277,,167
B_RIDGE,4,1,229,share,textual,coefficient,0.008360237442410969,0.008360237442410969,positive,278,111,
B_RIDGE,4,1,209,realize,textual,coefficient,0.00825153869256187,0.00825153869256187,positive,279,112,
B_RIDGE,4,1,69,does,textual,coefficient,-0.008218012184439794,0.008218012184439794,negative,280,,168
B_RIDGE,4,1,87,executive,textual,coefficient,0.00775749809754353,0.00775749809754353,positive,281,113,
B_RIDGE,4,1,242,stimulants,textual,coefficient,-0.007367212657498645,0.007367212657498645,negative,282,,169
B_RIDGE,4,1,64,differently,textual,coefficient,0.006653943677034456,0.006653943677034456,positive,283,114,
B_RIDGE,4,1,224,self,textual,coefficient,-0.005731439071164452,0.005731439071164452,negative,284,,170
B_RIDGE,4,1,49,constant,textual,coefficient,-0.005671271330372144,0.005671271330372144,negative,285,,171
B_RIDGE,4,1,34,burnout,textual,coefficient,0.005217242120333077,0.005217242120333077,positive,286,115,
B_RIDGE,4,1,5,activity,textual,coefficient,0.005091650223245543,0.005091650223245543,positive,287,116,
B_RIDGE,4,1,237,somebody,textual,coefficient,0.005011739032331957,0.005011739032331957,positive,288,117,
B_RIDGE,4,1,60,didn,textual,coefficient,-0.0049375587998387455,0.0049375587998387455,negative,289,,172
B_RIDGE,4,1,218,said,textual,coefficient,-0.004275876469226566,0.004275876469226566,negative,290,,173
B_RIDGE,4,1,280,used,textual,coefficient,0.004091532018484029,0.004091532018484029,positive,291,118,
B_RIDGE,4,1,296,wrong,textual,coefficient,-0.004001595044433752,0.004001595044433752,negative,292,,174
B_RIDGE,4,1,20,ask,textual,coefficient,-0.0035140882039374197,0.0035140882039374197,negative,293,,175
B_RIDGE,4,1,101,forget,textual,coefficient,0.0034403289993195888,0.0034403289993195888,positive,294,119,
B_RIDGE,4,1,203,present,textual,coefficient,-0.0032036365089135183,0.0032036365089135183,negative,295,,176
B_RIDGE,4,1,289,ways,textual,coefficient,-0.002278686187343122,0.002278686187343122,negative,296,,177
B_RIDGE,4,1,98,follow,textual,coefficient,0.0022016262136929543,0.0022016262136929543,positive,297,120,
B_RIDGE,4,1,0,10,textual,coefficient,0.0018872921232774142,0.0018872921232774142,positive,298,121,
B_RIDGE,4,1,166,low,textual,coefficient,0.0016296268155021132,0.0016296268155021132,positive,299,122,
B_RIDGE,4,1,66,disorder,textual,coefficient,0.0011249011482501962,0.0011249011482501962,positive,300,123,
B_RIDGE,4,1,134,interesting,textual,coefficient,-0.0010270970891559463,0.0010270970891559463,negative,301,,178
B_RIDGE,4,1,279,use,textual,coefficient,0.0007930726446737068,0.0007930726446737068,positive,302,124,
B_RIDGE,4,2,61,diet,textual,coefficient,0.34380505115825977,0.34380505115825977,positive,1,1,
B_RIDGE,4,2,131,increase,textual,coefficient,0.2832684663625839,0.2832684663625839,positive,2,2,
B_RIDGE,4,2,22,autism,textual,coefficient,0.2640220401098997,0.2640220401098997,positive,3,3,
B_RIDGE,4,2,288,way,textual,coefficient,0.22994694233968963,0.22994694233968963,positive,4,4,
B_RIDGE,4,2,282,usually,textual,coefficient,0.22556496477151952,0.22556496477151952,positive,5,5,
B_RIDGE,4,2,195,patients,textual,coefficient,0.22117715154834774,0.22117715154834774,positive,6,6,
B_RIDGE,4,2,100,foods,textual,coefficient,0.2162460071670041,0.2162460071670041,positive,7,7,
B_RIDGE,4,2,242,stimulants,textual,coefficient,0.20618260548822867,0.20618260548822867,positive,8,8,
B_RIDGE,4,2,227,sensory,textual,coefficient,0.1863381636298033,0.1863381636298033,positive,9,9,
B_RIDGE,4,2,233,sit,textual,coefficient,0.18280613734810364,0.18280613734810364,positive,10,10,
B_RIDGE,4,2,109,good,textual,coefficient,0.18274271548647703,0.18274271548647703,positive,11,11,
B_RIDGE,4,2,275,type,textual,coefficient,0.18250554331064472,0.18250554331064472,positive,12,12,
B_RIDGE,4,2,257,talk,textual,coefficient,0.1810638700906093,0.1810638700906093,positive,13,13,
B_RIDGE,4,2,19,anxiety,textual,coefficient,-0.18035753093029358,0.18035753093029358,negative,14,,1
B_RIDGE,4,2,120,high,textual,coefficient,0.17807817135392942,0.17807817135392942,positive,15,14,
B_RIDGE,4,2,38,care,textual,coefficient,0.176258320806633,0.176258320806633,positive,16,15,
B_RIDGE,4,2,151,life,textual,coefficient,-0.17444598431979866,0.17444598431979866,negative,17,,2
B_RIDGE,4,2,125,hyperactivity,textual,coefficient,0.1714667438390041,0.1714667438390041,positive,18,16,
B_RIDGE,4,2,181,motivation,textual,coefficient,0.17117477778078105,0.17117477778078105,positive,19,17,
B_RIDGE,4,2,260,tasks,textual,coefficient,-0.17030022145129545,0.17030022145129545,negative,20,,3
B_RIDGE,4,2,97,focus,textual,coefficient,0.16476726714807416,0.16476726714807416,positive,21,18,
B_RIDGE,4,2,133,instead,textual,coefficient,-0.15999762286914854,0.15999762286914854,negative,22,,4
B_RIDGE,4,2,91,fast,textual,coefficient,0.15859190553388888,0.15859190553388888,positive,23,19,
B_RIDGE,4,2,56,depression,textual,coefficient,0.15779090851036737,0.15779090851036737,positive,24,20,
B_RIDGE,4,2,114,harder,textual,coefficient,-0.15217066054162628,0.15217066054162628,negative,25,,5
B_RIDGE,4,2,68,doctor,textual,coefficient,0.14919625780758825,0.14919625780758825,positive,26,21,
B_RIDGE,4,2,265,thing,textual,coefficient,-0.14030905934576424,0.14030905934576424,negative,27,,6
B_RIDGE,4,2,54,days,textual,coefficient,0.1378112483851619,0.1378112483851619,positive,28,22,
B_RIDGE,4,2,162,lot,textual,coefficient,-0.13777067409314897,0.13777067409314897,negative,29,,7
B_RIDGE,4,2,178,mental,textual,coefficient,0.13669566432091249,0.13669566432091249,positive,30,23,
B_RIDGE,4,2,278,understand,textual,coefficient,0.13583793053233847,0.13583793053233847,positive,31,24,
B_RIDGE,4,2,80,emotional,textual,coefficient,-0.13515333642332986,0.13515333642332986,negative,32,,8
B_RIDGE,4,2,59,did,textual,coefficient,-0.1345574386779499,0.1345574386779499,negative,33,,9
B_RIDGE,4,2,264,test,textual,coefficient,0.1343525564553413,0.1343525564553413,positive,34,25,
B_RIDGE,4,2,276,uh,textual,coefficient,0.13285873376026255,0.13285873376026255,positive,35,26,
B_RIDGE,4,2,198,people adhd,textual,coefficient,-0.1310156084978691,0.1310156084978691,negative,36,,10
B_RIDGE,4,2,186,neurotypical,textual,coefficient,-0.12869025657640581,0.12869025657640581,negative,37,,11
B_RIDGE,4,2,165,love,textual,coefficient,-0.1280680472842813,0.1280680472842813,negative,38,,12
B_RIDGE,4,2,11,adhd brains,textual,coefficient,-0.12664660908407974,0.12664660908407974,negative,39,,13
B_RIDGE,4,2,159,long term,textual,coefficient,0.12628414364670157,0.12628414364670157,positive,40,27,
B_RIDGE,4,2,232,signs,textual,coefficient,0.126050875863855,0.126050875863855,positive,41,28,
B_RIDGE,4,2,205,problem,textual,coefficient,-0.12366286752432187,0.12366286752432187,negative,42,,14
B_RIDGE,4,2,241,stimulant,textual,coefficient,-0.12346594503068964,0.12346594503068964,negative,43,,15
B_RIDGE,4,2,81,emotions,textual,coefficient,-0.11775428692260624,0.11775428692260624,negative,44,,16
B_RIDGE,4,2,246,stress,textual,coefficient,-0.11761247541695229,0.11761247541695229,negative,45,,17
B_RIDGE,4,2,14,adhd symptoms,textual,coefficient,0.11681831999430334,0.11681831999430334,positive,46,29,
B_RIDGE,4,2,166,low,textual,coefficient,-0.11655753834705145,0.11655753834705145,negative,47,,18
B_RIDGE,4,2,283,ve,textual,coefficient,-0.1151156734658012,0.1151156734658012,negative,48,,19
B_RIDGE,4,2,82,end,textual,coefficient,-0.11343638529761275,0.11343638529761275,negative,49,,20
B_RIDGE,4,2,263,term,textual,coefficient,0.11312095025694627,0.11312095025694627,positive,50,30,
B_RIDGE,4,2,240,stay,textual,coefficient,0.11248795959249086,0.11248795959249086,positive,51,31,
B_RIDGE,4,2,192,open,textual,coefficient,0.11203906938053755,0.11203906938053755,positive,52,32,
B_RIDGE,4,2,201,physical,textual,coefficient,0.11064611122907095,0.11064611122907095,positive,53,33,
B_RIDGE,4,2,156,little bit,textual,coefficient,0.1066243353760021,0.1066243353760021,positive,54,34,
B_RIDGE,4,2,266,things,textual,coefficient,-0.10609659781792413,0.10609659781792413,negative,55,,21
B_RIDGE,4,2,95,feels,textual,coefficient,-0.10419285743246964,0.10419285743246964,negative,56,,22
B_RIDGE,4,2,148,let talk,textual,coefficient,0.10347413677873177,0.10347413677873177,positive,57,35,
B_RIDGE,4,2,2,ability,textual,coefficient,-0.1029060912789298,0.1029060912789298,negative,58,,23
B_RIDGE,4,2,170,manage,textual,coefficient,0.10256560565477896,0.10256560565477896,positive,59,36,
B_RIDGE,4,2,46,common,textual,coefficient,-0.10187195591073306,0.10187195591073306,negative,60,,24
B_RIDGE,4,2,197,people,textual,coefficient,-0.10094623596950737,0.10094623596950737,negative,61,,25
B_RIDGE,4,2,268,think,textual,coefficient,-0.1009092585047783,0.1009092585047783,negative,62,,26
B_RIDGE,4,2,27,best,textual,coefficient,-0.10026714489132277,0.10026714489132277,negative,63,,27
B_RIDGE,4,2,94,feeling,textual,coefficient,0.09998230110191306,0.09998230110191306,positive,64,37,
B_RIDGE,4,2,272,trouble,textual,coefficient,-0.09948109273884984,0.09948109273884984,negative,65,,28
B_RIDGE,4,2,296,wrong,textual,coefficient,-0.09932932923597121,0.09932932923597121,negative,66,,29
B_RIDGE,4,2,226,sensitive,textual,coefficient,-0.09885445708167527,0.09885445708167527,negative,67,,30
B_RIDGE,4,2,50,constantly,textual,coefficient,-0.09840040798511088,0.09840040798511088,negative,68,,31
B_RIDGE,4,2,223,seen,textual,coefficient,0.09810162802896184,0.09810162802896184,positive,69,38,
B_RIDGE,4,2,190,oh,textual,coefficient,-0.0974714306287547,0.0974714306287547,negative,70,,32
B_RIDGE,4,2,115,having,textual,coefficient,-0.09681248388548959,0.09681248388548959,negative,71,,33
B_RIDGE,4,2,7,add,textual,coefficient,0.09648255300231598,0.09648255300231598,positive,72,39,
B_RIDGE,4,2,83,energy,textual,coefficient,-0.09558771130033271,0.09558771130033271,negative,73,,34
B_RIDGE,4,2,0,10,textual,coefficient,-0.0949751228659018,0.0949751228659018,negative,74,,35
B_RIDGE,4,2,189,number,textual,coefficient,-0.09423916777636668,0.09423916777636668,negative,75,,36
B_RIDGE,4,2,110,got,textual,coefficient,-0.09348937723676937,0.09348937723676937,negative,76,,37
B_RIDGE,4,2,6,actually,textual,coefficient,0.09280796661154403,0.09280796661154403,positive,77,40,
B_RIDGE,4,2,158,long,textual,coefficient,0.09215768336676443,0.09215768336676443,positive,78,41,
B_RIDGE,4,2,113,hard,textual,coefficient,0.09191758961359797,0.09191758961359797,positive,79,42,
B_RIDGE,4,2,108,going,textual,coefficient,-0.09176251320189766,0.09176251320189766,negative,80,,38
B_RIDGE,4,2,29,big,textual,coefficient,-0.0917054808056269,0.0917054808056269,negative,81,,39
B_RIDGE,4,2,270,times,textual,coefficient,-0.09152749245772486,0.09152749245772486,negative,82,,40
B_RIDGE,4,2,90,family,textual,coefficient,-0.09134739195054813,0.09134739195054813,negative,83,,41
B_RIDGE,4,2,210,really,textual,coefficient,-0.09060846213388746,0.09060846213388746,negative,84,,42
B_RIDGE,4,2,53,day,textual,coefficient,-0.09045385249488734,0.09045385249488734,negative,85,,43
B_RIDGE,4,2,244,stop,textual,coefficient,-0.08965833309212974,0.08965833309212974,negative,86,,44
B_RIDGE,4,2,286,wait,textual,coefficient,0.08880490612501328,0.08880490612501328,positive,87,43,
B_RIDGE,4,2,222,second,textual,coefficient,0.08751566648384765,0.08751566648384765,positive,88,44,
B_RIDGE,4,2,215,research,textual,coefficient,-0.08689867424571991,0.08689867424571991,negative,89,,45
B_RIDGE,4,2,45,coming,textual,coefficient,-0.08521606561087426,0.08521606561087426,negative,90,,46
B_RIDGE,4,2,62,difference,textual,coefficient,-0.08476499891298646,0.08476499891298646,negative,91,,47
B_RIDGE,4,2,132,information,textual,coefficient,0.08428809439658047,0.08428809439658047,positive,92,45,
B_RIDGE,4,2,279,use,textual,coefficient,0.08413193097633441,0.08413193097633441,positive,93,46,
B_RIDGE,4,2,116,health,textual,coefficient,-0.08377531919214534,0.08377531919214534,negative,94,,48
B_RIDGE,4,2,23,avoid,textual,coefficient,-0.08321381773273075,0.08321381773273075,negative,95,,49
B_RIDGE,4,2,42,children,textual,coefficient,0.08305129949745434,0.08305129949745434,positive,96,47,
B_RIDGE,4,2,262,tend,textual,coefficient,-0.08294333139247281,0.08294333139247281,negative,97,,50
B_RIDGE,4,2,142,lack,textual,coefficient,0.08100067812291314,0.08100067812291314,positive,98,48,
B_RIDGE,4,2,154,literally,textual,coefficient,-0.08076076255506542,0.08076076255506542,negative,99,,51
B_RIDGE,4,2,208,real,textual,coefficient,0.08068231119333481,0.08068231119333481,positive,100,49,
B_RIDGE,4,2,76,eat,textual,coefficient,-0.08055440771216747,0.08055440771216747,negative,101,,52
B_RIDGE,4,2,163,lot people,textual,coefficient,-0.08013135952458791,0.08013135952458791,negative,102,,53
B_RIDGE,4,2,16,adults,textual,coefficient,0.07876241733477597,0.07876241733477597,positive,103,50,
B_RIDGE,4,2,141,know,textual,coefficient,-0.07857409820639445,0.07857409820639445,negative,104,,54
B_RIDGE,4,2,183,need,textual,coefficient,0.07833080052466426,0.07833080052466426,positive,105,51,
B_RIDGE,4,2,18,alcohol,textual,coefficient,-0.07794832144745428,0.07794832144745428,negative,106,,55
B_RIDGE,4,2,36,called,textual,coefficient,-0.07757951170047245,0.07757951170047245,negative,107,,56
B_RIDGE,4,2,15,adhders,textual,coefficient,-0.07709146217800476,0.07709146217800476,negative,108,,57
B_RIDGE,4,2,280,used,textual,coefficient,-0.07596263338892052,0.07596263338892052,negative,109,,58
B_RIDGE,4,2,220,saying,textual,coefficient,-0.07580051269220156,0.07580051269220156,negative,110,,59
B_RIDGE,4,2,145,learn,textual,coefficient,-0.07553519017786155,0.07553519017786155,negative,111,,60
B_RIDGE,4,2,73,dopamine,textual,coefficient,-0.07520294858889318,0.07520294858889318,negative,112,,61
B_RIDGE,4,2,188,norepinephrine,textual,coefficient,-0.074792672790381,0.074792672790381,negative,113,,62
B_RIDGE,4,2,194,parents,textual,coefficient,0.07442758837542528,0.07442758837542528,positive,114,52,
B_RIDGE,4,2,143,late,textual,coefficient,0.07396484564456403,0.07396484564456403,positive,115,53,
B_RIDGE,4,2,121,higher,textual,coefficient,-0.07331323777499868,0.07331323777499868,negative,116,,63
B_RIDGE,4,2,167,make,textual,coefficient,-0.07323831835099728,0.07323831835099728,negative,117,,64
B_RIDGE,4,2,17,affect,textual,coefficient,-0.07290840959694359,0.07290840959694359,negative,118,,65
B_RIDGE,4,2,102,fucking,textual,coefficient,-0.07289803843110654,0.07289803843110654,negative,119,,66
B_RIDGE,4,2,128,impulsive,textual,coefficient,0.07265651795652958,0.07265651795652958,positive,120,54,
B_RIDGE,4,2,72,don,textual,coefficient,0.07262757206859322,0.07262757206859322,positive,121,55,
B_RIDGE,4,2,13,adhd people,textual,coefficient,0.07244055581542518,0.07244055581542518,positive,122,56,
B_RIDGE,4,2,267,things like,textual,coefficient,0.07219319297152042,0.07219319297152042,positive,123,57,
B_RIDGE,4,2,118,helpful,textual,coefficient,-0.07204910663178825,0.07204910663178825,negative,124,,67
B_RIDGE,4,2,239,state,textual,coefficient,-0.07203247146970122,0.07203247146970122,negative,125,,68
B_RIDGE,4,2,78,effective,textual,coefficient,-0.07068769262632013,0.07068769262632013,negative,126,,69
B_RIDGE,4,2,203,present,textual,coefficient,0.07022834144608708,0.07022834144608708,positive,127,58,
B_RIDGE,4,2,182,music,textual,coefficient,-0.06961458919566159,0.06961458919566159,negative,128,,70
B_RIDGE,4,2,106,getting,textual,coefficient,0.06894645683499402,0.06894645683499402,positive,129,59,
B_RIDGE,4,2,184,needs,textual,coefficient,0.06669577558267817,0.06669577558267817,positive,130,60,
B_RIDGE,4,2,84,especially,textual,coefficient,-0.06638109110942111,0.06638109110942111,negative,131,,71
B_RIDGE,4,2,185,nervous,textual,coefficient,-0.0656503293224962,0.0656503293224962,negative,132,,72
B_RIDGE,4,2,250,study,textual,coefficient,-0.06514281729345259,0.06514281729345259,negative,133,,73
B_RIDGE,4,2,103,function,textual,coefficient,-0.06472158395358142,0.06472158395358142,negative,134,,74
B_RIDGE,4,2,254,sure,textual,coefficient,0.06403316880432865,0.06403316880432865,positive,135,61,
B_RIDGE,4,2,127,important,textual,coefficient,-0.06353787675396429,0.06353787675396429,negative,136,,75
B_RIDGE,4,2,292,working,textual,coefficient,-0.06347161528665755,0.06347161528665755,negative,137,,76
B_RIDGE,4,2,3,able,textual,coefficient,0.06303294341453045,0.06303294341453045,positive,138,62,
B_RIDGE,4,2,295,worse,textual,coefficient,-0.062140054333751145,0.062140054333751145,negative,139,,77
B_RIDGE,4,2,274,trying,textual,coefficient,-0.06183970141579589,0.06183970141579589,negative,140,,78
B_RIDGE,4,2,88,experience,textual,coefficient,-0.0616286087169409,0.0616286087169409,negative,141,,79
B_RIDGE,4,2,105,gets,textual,coefficient,-0.06147896775618475,0.06147896775618475,negative,142,,80
B_RIDGE,4,2,196,pay,textual,coefficient,-0.06048704912013906,0.06048704912013906,negative,143,,81
B_RIDGE,4,2,298,years,textual,coefficient,-0.05883710342410654,0.05883710342410654,negative,144,,82
B_RIDGE,4,2,5,activity,textual,coefficient,0.05861502124432375,0.05861502124432375,positive,145,63,
B_RIDGE,4,2,139,kids,textual,coefficient,-0.058219820536742344,0.058219820536742344,negative,146,,83
B_RIDGE,4,2,168,makes,textual,coefficient,0.058039219487237614,0.058039219487237614,positive,147,64,
B_RIDGE,4,2,52,create,textual,coefficient,-0.05762703613879035,0.05762703613879035,negative,148,,84
B_RIDGE,4,2,149,level,textual,coefficient,-0.05669914266858749,0.05669914266858749,negative,149,,85
B_RIDGE,4,2,281,using,textual,coefficient,-0.05631980734945007,0.05631980734945007,negative,150,,86
B_RIDGE,4,2,140,kind,textual,coefficient,0.05624627816493638,0.05624627816493638,positive,151,65,
B_RIDGE,4,2,134,interesting,textual,coefficient,-0.05595857655057307,0.05595857655057307,negative,152,,87
B_RIDGE,4,2,130,inattentive,textual,coefficient,-0.05580499475474645,0.05580499475474645,negative,153,,88
B_RIDGE,4,2,30,bit,textual,coefficient,0.0557803421209106,0.0557803421209106,positive,154,66,
B_RIDGE,4,2,180,minutes,textual,coefficient,0.05553792796108009,0.05553792796108009,positive,155,67,
B_RIDGE,4,2,230,short,textual,coefficient,0.05467376680685538,0.05467376680685538,positive,156,68,
B_RIDGE,4,2,58,diagnosis,textual,coefficient,0.054181989037179946,0.054181989037179946,positive,157,69,
B_RIDGE,4,2,44,comes,textual,coefficient,0.05394978313938887,0.05394978313938887,positive,158,70,
B_RIDGE,4,2,122,highly,textual,coefficient,0.053943527940673905,0.053943527940673905,positive,159,71,
B_RIDGE,4,2,33,brains,textual,coefficient,-0.053640379631763935,0.053640379631763935,negative,160,,89
B_RIDGE,4,2,247,struggle,textual,coefficient,0.053429938462469684,0.053429938462469684,positive,161,72,
B_RIDGE,4,2,172,mean,textual,coefficient,0.05307596707295056,0.05307596707295056,positive,162,73,
B_RIDGE,4,2,299,yes,textual,coefficient,-0.052965905049024674,0.052965905049024674,negative,163,,90
B_RIDGE,4,2,193,order,textual,coefficient,0.05212687945169121,0.05212687945169121,positive,164,74,
B_RIDGE,4,2,225,sense,textual,coefficient,-0.051801483722113094,0.051801483722113094,negative,165,,91
B_RIDGE,4,2,43,come,textual,coefficient,-0.051205406473009384,0.051205406473009384,negative,166,,92
B_RIDGE,4,2,136,issues,textual,coefficient,0.05049652744980099,0.05049652744980099,positive,167,75,
B_RIDGE,4,2,234,sleep,textual,coefficient,0.050237021068282026,0.050237021068282026,positive,168,76,
B_RIDGE,4,2,71,doing,textual,coefficient,-0.049865667689391116,0.049865667689391116,negative,169,,93
B_RIDGE,4,2,1,20,textual,coefficient,-0.04937607071919619,0.04937607071919619,negative,170,,94
B_RIDGE,4,2,147,let,textual,coefficient,0.0491571947823613,0.0491571947823613,positive,171,77,
B_RIDGE,4,2,104,functioning,textual,coefficient,-0.04902744237617613,0.04902744237617613,negative,172,,95
B_RIDGE,4,2,212,regulation,textual,coefficient,-0.048804023669891755,0.048804023669891755,negative,173,,96
B_RIDGE,4,2,51,control,textual,coefficient,-0.04876459371167888,0.04876459371167888,negative,174,,97
B_RIDGE,4,2,96,finally,textual,coefficient,0.04859953708493258,0.04859953708493258,positive,175,78,
B_RIDGE,4,2,101,forget,textual,coefficient,-0.04836336479008384,0.04836336479008384,negative,176,,98
B_RIDGE,4,2,57,diagnosed,textual,coefficient,-0.047369294736424754,0.047369294736424754,negative,177,,99
B_RIDGE,4,2,219,say,textual,coefficient,-0.04700527767053891,0.04700527767053891,negative,178,,100
B_RIDGE,4,2,171,maybe,textual,coefficient,-0.046411636276486784,0.046411636276486784,negative,179,,101
B_RIDGE,4,2,160,look,textual,coefficient,0.04634125933640532,0.04634125933640532,positive,180,79,
B_RIDGE,4,2,209,realize,textual,coefficient,-0.046189575403571964,0.046189575403571964,negative,181,,102
B_RIDGE,4,2,124,hyperactive,textual,coefficient,0.046169569906078387,0.046169569906078387,positive,182,80,
B_RIDGE,4,2,4,activities,textual,coefficient,-0.04593143032673348,0.04593143032673348,negative,183,,103
B_RIDGE,4,2,86,example,textual,coefficient,-0.04582240690609133,0.04582240690609133,negative,184,,104
B_RIDGE,4,2,37,calm,textual,coefficient,-0.045449870094633235,0.045449870094633235,negative,185,,105
B_RIDGE,4,2,255,symptoms,textual,coefficient,0.04525805365230633,0.04525805365230633,positive,186,81,
B_RIDGE,4,2,228,seven,textual,coefficient,0.04485355225360233,0.04485355225360233,positive,187,82,
B_RIDGE,4,2,273,try,textual,coefficient,0.04435992531341629,0.04435992531341629,positive,188,83,
B_RIDGE,4,2,293,works,textual,coefficient,-0.04428664189987595,0.04428664189987595,negative,189,,106
B_RIDGE,4,2,284,ve got,textual,coefficient,-0.043039196950980206,0.043039196950980206,negative,190,,107
B_RIDGE,4,2,26,behavior,textual,coefficient,0.04263434570495198,0.04263434570495198,positive,191,84,
B_RIDGE,4,2,169,making,textual,coefficient,-0.042303508827045894,0.042303508827045894,negative,192,,108
B_RIDGE,4,2,79,effects,textual,coefficient,0.04151578255830796,0.04151578255830796,positive,193,85,
B_RIDGE,4,2,39,certain,textual,coefficient,0.041245628721387886,0.041245628721387886,positive,194,86,
B_RIDGE,4,2,155,little,textual,coefficient,0.04113987819213088,0.04113987819213088,positive,195,87,
B_RIDGE,4,2,221,school,textual,coefficient,0.04064304062628068,0.04064304062628068,positive,196,88,
B_RIDGE,4,2,245,strategies,textual,coefficient,0.04061824404430151,0.04061824404430151,positive,197,89,
B_RIDGE,4,2,200,phone,textual,coefficient,-0.040276753351072496,0.040276753351072496,negative,198,,109
B_RIDGE,4,2,300,certainty_score,handcrafted_linguistic,coefficient,-0.04017607415677418,0.04017607415677418,negative,199,,110
B_RIDGE,4,2,34,burnout,textual,coefficient,-0.040124525845084115,0.040124525845084115,negative,200,,111
B_RIDGE,4,2,285,video,textual,coefficient,0.039803493916877215,0.039803493916877215,positive,201,90,
B_RIDGE,4,2,211,reason,textual,coefficient,0.03970466742702988,0.03970466742702988,positive,202,91,
B_RIDGE,4,2,249,studies,textual,coefficient,0.039033787500735766,0.039033787500735766,positive,203,92,
B_RIDGE,4,2,32,brain,textual,coefficient,-0.03901074447604261,0.03901074447604261,negative,204,,112
B_RIDGE,4,2,252,sugar,textual,coefficient,0.03815277869156234,0.03815277869156234,positive,205,93,
B_RIDGE,4,2,112,happens,textual,coefficient,-0.03803401769090385,0.03803401769090385,negative,206,,113
B_RIDGE,4,2,9,adhd,textual,coefficient,0.03737921925195157,0.03737921925195157,positive,207,94,
B_RIDGE,4,2,261,tell,textual,coefficient,0.036119031844697363,0.036119031844697363,positive,208,95,
B_RIDGE,4,2,271,told,textual,coefficient,0.03607836415513128,0.03607836415513128,positive,209,96,
B_RIDGE,4,2,207,protein,textual,coefficient,-0.03605680039589702,0.03605680039589702,negative,210,,114
B_RIDGE,4,2,237,somebody,textual,coefficient,0.03560212539835235,0.03560212539835235,positive,211,97,
B_RIDGE,4,2,107,goes,textual,coefficient,-0.03555654864605519,0.03555654864605519,negative,212,,115
B_RIDGE,4,2,213,relationships,textual,coefficient,-0.035418016192473055,0.035418016192473055,negative,213,,116
B_RIDGE,4,2,31,body,textual,coefficient,0.03493594453282071,0.03493594453282071,positive,214,98,
B_RIDGE,4,2,174,medication,textual,coefficient,-0.03460310843834457,0.03460310843834457,negative,215,,117
B_RIDGE,4,2,129,impulsivity,textual,coefficient,-0.03452115826944903,0.03452115826944903,negative,216,,118
B_RIDGE,4,2,28,better,textual,coefficient,0.03438541016477945,0.03438541016477945,positive,217,99,
B_RIDGE,4,2,49,constant,textual,coefficient,-0.033892029391426146,0.033892029391426146,negative,218,,119
B_RIDGE,4,2,251,stuff,textual,coefficient,-0.03331377068162712,0.03331377068162712,negative,219,,120
B_RIDGE,4,2,144,later,textual,coefficient,-0.03323024145864506,0.03323024145864506,negative,220,,121
B_RIDGE,4,2,259,task,textual,coefficient,-0.03289104817301689,0.03289104817301689,negative,221,,122
B_RIDGE,4,2,214,remember,textual,coefficient,0.03249773448235784,0.03249773448235784,positive,222,100,
B_RIDGE,4,2,199,person,textual,coefficient,-0.032437157642934,0.032437157642934,negative,223,,123
B_RIDGE,4,2,60,didn,textual,coefficient,-0.03224743087300005,0.03224743087300005,negative,224,,124
B_RIDGE,4,2,99,food,textual,coefficient,-0.0321664004230828,0.0321664004230828,negative,225,,125
B_RIDGE,4,2,253,support,textual,coefficient,-0.031754335614515065,0.031754335614515065,negative,226,,126
B_RIDGE,4,2,21,attention,textual,coefficient,0.03158433286724611,0.03158433286724611,positive,227,101,
B_RIDGE,4,2,41,child,textual,coefficient,-0.031338389422924905,0.031338389422924905,negative,228,,127
B_RIDGE,4,2,187,new,textual,coefficient,-0.030003922447872852,0.030003922447872852,negative,229,,128
B_RIDGE,4,2,297,yeah,textual,coefficient,-0.029997213072962055,0.029997213072962055,negative,230,,129
B_RIDGE,4,2,202,place,textual,coefficient,0.029314646344854447,0.029314646344854447,positive,231,102,
B_RIDGE,4,2,290,women,textual,coefficient,-0.02899965192364849,0.02899965192364849,negative,232,,130
B_RIDGE,4,2,117,help,textual,coefficient,0.028335556154638647,0.028335556154638647,positive,233,103,
B_RIDGE,4,2,175,medications,textual,coefficient,0.027979865026497783,0.027979865026497783,positive,234,104,
B_RIDGE,4,2,63,different,textual,coefficient,-0.0276656814606538,0.0276656814606538,negative,235,,131
B_RIDGE,4,2,123,hours,textual,coefficient,-0.027132624895494485,0.027132624895494485,negative,236,,132
B_RIDGE,4,2,217,risk,textual,coefficient,0.02693619499595209,0.02693619499595209,positive,237,105,
B_RIDGE,4,2,231,shows,textual,coefficient,-0.026687369605024096,0.026687369605024096,negative,238,,133
B_RIDGE,4,2,64,differently,textual,coefficient,-0.0263316858989604,0.0263316858989604,negative,239,,134
B_RIDGE,4,2,25,bad,textual,coefficient,0.026151327439409015,0.026151327439409015,positive,240,106,
B_RIDGE,4,2,138,just,textual,coefficient,0.025953768261451786,0.025953768261451786,positive,241,107,
B_RIDGE,4,2,69,does,textual,coefficient,-0.025734710411977446,0.025734710411977446,negative,242,,135
B_RIDGE,4,2,98,follow,textual,coefficient,-0.025634728998659404,0.025634728998659404,negative,243,,136
B_RIDGE,4,2,93,feel like,textual,coefficient,-0.025578826421015756,0.025578826421015756,negative,244,,137
B_RIDGE,4,2,70,doesn,textual,coefficient,0.025222102258015945,0.025222102258015945,positive,245,108,
B_RIDGE,4,2,8,addiction,textual,coefficient,0.02386045877078249,0.02386045877078249,positive,246,109,
B_RIDGE,4,2,48,condition,textual,coefficient,-0.023608248118361277,0.023608248118361277,negative,247,,138
B_RIDGE,4,2,67,distracted,textual,coefficient,0.023039683906927587,0.023039683906927587,positive,248,110,
B_RIDGE,4,2,277,um,textual,coefficient,-0.022750365954064763,0.022750365954064763,negative,249,,139
B_RIDGE,4,2,269,time,textual,coefficient,-0.02272957333859417,0.02272957333859417,negative,250,,140
B_RIDGE,4,2,164,lots,textual,coefficient,0.02204047487983763,0.02204047487983763,positive,251,111,
B_RIDGE,4,2,238,start,textual,coefficient,0.021698571967292857,0.021698571967292857,positive,252,112,
B_RIDGE,4,2,191,okay,textual,coefficient,-0.020470853172802252,0.020470853172802252,negative,253,,141
B_RIDGE,4,2,248,struggling,textual,coefficient,0.02045826164722413,0.02045826164722413,positive,254,113,
B_RIDGE,4,2,137,job,textual,coefficient,0.019753132750103434,0.019753132750103434,positive,255,114,
B_RIDGE,4,2,152,like,textual,coefficient,-0.019702875300332108,0.019702875300332108,negative,256,,142
B_RIDGE,4,2,256,taking,textual,coefficient,-0.01873050949284659,0.01873050949284659,negative,257,,143
B_RIDGE,4,2,10,adhd brain,textual,coefficient,0.017939883498863746,0.017939883498863746,positive,258,115,
B_RIDGE,4,2,301,hedge_score,handcrafted_linguistic,coefficient,0.017267749824050375,0.017267749824050375,positive,259,116,
B_RIDGE,4,2,135,isn,textual,coefficient,0.016864374986407898,0.016864374986407898,positive,260,117,
B_RIDGE,4,2,111,great,textual,coefficient,0.01685312238347622,0.01685312238347622,positive,261,118,
B_RIDGE,4,2,177,memory,textual,coefficient,0.01683010519450033,0.01683010519450033,positive,262,119,
B_RIDGE,4,2,287,want,textual,coefficient,-0.016688741127585005,0.016688741127585005,negative,263,,144
B_RIDGE,4,2,173,means,textual,coefficient,0.016041879021320055,0.016041879021320055,positive,264,120,
B_RIDGE,4,2,12,adhd medication,textual,coefficient,0.015935660434973627,0.015935660434973627,positive,265,121,
B_RIDGE,4,2,224,self,textual,coefficient,-0.01572946187638189,0.01572946187638189,negative,266,,145
B_RIDGE,4,2,35,caffeine,textual,coefficient,-0.015255973176127393,0.015255973176127393,negative,267,,146
B_RIDGE,4,2,294,world,textual,coefficient,0.014974955530595059,0.014974955530595059,positive,268,122,
B_RIDGE,4,2,126,hyperfocus,textual,coefficient,-0.014473836736650363,0.014473836736650363,negative,269,,147
B_RIDGE,4,2,40,change,textual,coefficient,0.014294043219864447,0.014294043219864447,positive,270,123,
B_RIDGE,4,2,179,mind,textual,coefficient,-0.013951706763893195,0.013951706763893195,negative,271,,148
B_RIDGE,4,2,47,completely,textual,coefficient,-0.013884108456062463,0.013884108456062463,negative,272,,149
B_RIDGE,4,2,258,talking,textual,coefficient,0.013865355415720428,0.013865355415720428,positive,273,124,
B_RIDGE,4,2,204,probably,textual,coefficient,-0.013789189013251135,0.013789189013251135,negative,274,,150
B_RIDGE,4,2,89,fact,textual,coefficient,0.013403486866980941,0.013403486866980941,positive,275,125,
B_RIDGE,4,2,119,helps,textual,coefficient,-0.012633256041542163,0.012633256041542163,negative,276,,151
B_RIDGE,4,2,235,small,textual,coefficient,-0.01263275660113452,0.01263275660113452,negative,277,,152
B_RIDGE,4,2,24,away,textual,coefficient,-0.012241600914460183,0.012241600914460183,negative,278,,153
B_RIDGE,4,2,243,stimulation,textual,coefficient,-0.011865252132164909,0.011865252132164909,negative,279,,154
B_RIDGE,4,2,229,share,textual,coefficient,0.011583212240649033,0.011583212240649033,positive,280,126,
B_RIDGE,4,2,146,learning,textual,coefficient,-0.011109274521240458,0.011109274521240458,negative,281,,155
B_RIDGE,4,2,77,eating,textual,coefficient,0.00965770365199554,0.00965770365199554,positive,282,127,
B_RIDGE,4,2,157,ll,textual,coefficient,-0.009088743341369979,0.009088743341369979,negative,283,,156
B_RIDGE,4,2,289,ways,textual,coefficient,0.008888612870384074,0.008888612870384074,positive,284,128,
B_RIDGE,4,2,176,medicine,textual,coefficient,0.008477657508782788,0.008477657508782788,positive,285,129,
B_RIDGE,4,2,87,executive,textual,coefficient,0.008213429754661062,0.008213429754661062,positive,286,130,
B_RIDGE,4,2,20,ask,textual,coefficient,-0.007608787460909255,0.007608787460909255,negative,287,,157
B_RIDGE,4,2,291,work,textual,coefficient,0.007234987049124712,0.007234987049124712,positive,288,131,
B_RIDGE,4,2,74,dysfunction,textual,coefficient,0.006188366934747548,0.006188366934747548,positive,289,132,
B_RIDGE,4,2,65,difficulty,textual,coefficient,0.006131885840452434,0.006131885840452434,positive,290,133,
B_RIDGE,4,2,216,right,textual,coefficient,0.004981813215407922,0.004981813215407922,positive,291,134,
B_RIDGE,4,2,92,feel,textual,coefficient,-0.004664463558844877,0.004664463558844877,negative,292,,158
B_RIDGE,4,2,75,easily,textual,coefficient,-0.004469069179916601,0.004469069179916601,negative,293,,159
B_RIDGE,4,2,206,problems,textual,coefficient,0.003993904658653472,0.003993904658653472,positive,294,135,
B_RIDGE,4,2,161,looking,textual,coefficient,0.0033676341404756207,0.0033676341404756207,positive,295,136,
B_RIDGE,4,2,153,likely,textual,coefficient,-0.002788298695335309,0.002788298695335309,negative,296,,160
B_RIDGE,4,2,66,disorder,textual,coefficient,-0.0026891523162258357,0.0026891523162258357,negative,297,,161
B_RIDGE,4,2,85,everybody,textual,coefficient,-0.0022846143822704266,0.0022846143822704266,negative,298,,162
B_RIDGE,4,2,55,deficit,textual,coefficient,0.000707632021534775,0.000707632021534775,positive,299,137,
B_RIDGE,4,2,218,said,textual,coefficient,-0.0006391461948024263,0.0006391461948024263,negative,300,,163
B_RIDGE,4,2,236,social,textual,coefficient,-0.0002951982047781509,0.0002951982047781509,negative,301,,164
B_RIDGE,4,2,150,levels,textual,coefficient,-8.915694275326715e-05,8.915694275326715e-05,negative,302,,165
B_RIDGE,4,3,265,thing,textual,coefficient,0.28101654949879157,0.28101654949879157,positive,1,1,
B_RIDGE,4,3,127,important,textual,coefficient,0.21802403135584675,0.21802403135584675,positive,2,2,
B_RIDGE,4,3,197,people,textual,coefficient,0.1869606907377158,0.1869606907377158,positive,3,3,
B_RIDGE,4,3,73,dopamine,textual,coefficient,0.18603103296906912,0.18603103296906912,positive,4,4,
B_RIDGE,4,3,255,symptoms,textual,coefficient,-0.1842211831229497,0.1842211831229497,negative,5,,1
B_RIDGE,4,3,198,people adhd,textual,coefficient,0.18320315226370862,0.18320315226370862,positive,6,5,
B_RIDGE,4,3,152,like,textual,coefficient,-0.17886146465480277,0.17886146465480277,negative,7,,2
B_RIDGE,4,3,269,time,textual,coefficient,0.17625255887382846,0.17625255887382846,positive,8,6,
B_RIDGE,4,3,256,taking,textual,coefficient,0.17186582170385015,0.17186582170385015,positive,9,7,
B_RIDGE,4,3,206,problems,textual,coefficient,-0.15626109687445658,0.15626109687445658,negative,10,,3
B_RIDGE,4,3,138,just,textual,coefficient,-0.15413261985280866,0.15413261985280866,negative,11,,4
B_RIDGE,4,3,162,lot,textual,coefficient,0.14836999588194258,0.14836999588194258,positive,12,8,
B_RIDGE,4,3,188,norepinephrine,textual,coefficient,0.14789789728342537,0.14789789728342537,positive,13,9,
B_RIDGE,4,3,210,really,textual,coefficient,0.14694664766415869,0.14694664766415869,positive,14,10,
B_RIDGE,4,3,176,medicine,textual,coefficient,0.14318449868368358,0.14318449868368358,positive,15,11,
B_RIDGE,4,3,207,protein,textual,coefficient,0.14215033757158488,0.14215033757158488,positive,16,12,
B_RIDGE,4,3,226,sensitive,textual,coefficient,0.14186687296226047,0.14186687296226047,positive,17,13,
B_RIDGE,4,3,18,alcohol,textual,coefficient,0.13983057073869276,0.13983057073869276,positive,18,14,
B_RIDGE,4,3,81,emotions,textual,coefficient,0.13324357370190829,0.13324357370190829,positive,19,15,
B_RIDGE,4,3,165,love,textual,coefficient,0.1316738866617498,0.1316738866617498,positive,20,16,
B_RIDGE,4,3,283,ve,textual,coefficient,0.13153410047924752,0.13153410047924752,positive,21,17,
B_RIDGE,4,3,86,example,textual,coefficient,0.12983885773793913,0.12983885773793913,positive,22,18,
B_RIDGE,4,3,131,increase,textual,coefficient,-0.12514952789507555,0.12514952789507555,negative,23,,5
B_RIDGE,4,3,120,high,textual,coefficient,-0.12468471219549618,0.12468471219549618,negative,24,,6
B_RIDGE,4,3,213,relationships,textual,coefficient,0.12400425729829667,0.12400425729829667,positive,25,19,
B_RIDGE,4,3,225,sense,textual,coefficient,0.12167982021268031,0.12167982021268031,positive,26,20,
B_RIDGE,4,3,97,focus,textual,coefficient,-0.11891182683955455,0.11891182683955455,negative,27,,7
B_RIDGE,4,3,135,isn,textual,coefficient,-0.11798448622651649,0.11798448622651649,negative,28,,8
B_RIDGE,4,3,99,food,textual,coefficient,0.11266275957428484,0.11266275957428484,positive,29,21,
B_RIDGE,4,3,217,risk,textual,coefficient,-0.11127609111064929,0.11127609111064929,negative,30,,9
B_RIDGE,4,3,184,needs,textual,coefficient,-0.11115454853857724,0.11115454853857724,negative,31,,10
B_RIDGE,4,3,290,women,textual,coefficient,0.1106386806319982,0.1106386806319982,positive,32,22,
B_RIDGE,4,3,26,behavior,textual,coefficient,-0.10881779232471593,0.10881779232471593,negative,33,,11
B_RIDGE,4,3,288,way,textual,coefficient,-0.1087396002860427,0.1087396002860427,negative,34,,12
B_RIDGE,4,3,64,differently,textual,coefficient,0.10737747186672233,0.10737747186672233,positive,35,23,
B_RIDGE,4,3,63,different,textual,coefficient,0.1053634205368042,0.1053634205368042,positive,36,24,
B_RIDGE,4,3,118,helpful,textual,coefficient,0.10462775486521343,0.10462775486521343,positive,37,25,
B_RIDGE,4,3,19,anxiety,textual,coefficient,-0.10337982928861406,0.10337982928861406,negative,38,,13
B_RIDGE,4,3,291,work,textual,coefficient,-0.10071610464887217,0.10071610464887217,negative,39,,14
B_RIDGE,4,3,205,problem,textual,coefficient,0.1004066653905221,0.1004066653905221,positive,40,26,
B_RIDGE,4,3,6,actually,textual,coefficient,-0.10008266018475434,0.10008266018475434,negative,41,,15
B_RIDGE,4,3,112,happens,textual,coefficient,0.10006881397487241,0.10006881397487241,positive,42,27,
B_RIDGE,4,3,157,ll,textual,coefficient,0.09961817338980279,0.09961817338980279,positive,43,28,
B_RIDGE,4,3,25,bad,textual,coefficient,0.09956710400859921,0.09956710400859921,positive,44,29,
B_RIDGE,4,3,182,music,textual,coefficient,-0.09810277586044311,0.09810277586044311,negative,45,,16
B_RIDGE,4,3,2,ability,textual,coefficient,0.09766656417717945,0.09766656417717945,positive,46,30,
B_RIDGE,4,3,143,late,textual,coefficient,0.09677631655009018,0.09677631655009018,positive,47,31,
B_RIDGE,4,3,44,comes,textual,coefficient,0.09585206607038017,0.09585206607038017,positive,48,32,
B_RIDGE,4,3,160,look,textual,coefficient,-0.09551758632906455,0.09551758632906455,negative,49,,17
B_RIDGE,4,3,30,bit,textual,coefficient,0.09529458583045747,0.09529458583045747,positive,50,33,
B_RIDGE,4,3,208,real,textual,coefficient,-0.09258771662275571,0.09258771662275571,negative,51,,18
B_RIDGE,4,3,249,studies,textual,coefficient,-0.09044026581094979,0.09044026581094979,negative,52,,19
B_RIDGE,4,3,301,hedge_score,handcrafted_linguistic,coefficient,-0.08975517689000197,0.08975517689000197,negative,53,,20
B_RIDGE,4,3,136,issues,textual,coefficient,0.08925155371791542,0.08925155371791542,positive,54,34,
B_RIDGE,4,3,247,struggle,textual,coefficient,0.08767312414434011,0.08767312414434011,positive,55,35,
B_RIDGE,4,3,1,20,textual,coefficient,-0.08676294943699857,0.08676294943699857,negative,56,,21
B_RIDGE,4,3,42,children,textual,coefficient,-0.08542104169937013,0.08542104169937013,negative,57,,22
B_RIDGE,4,3,149,level,textual,coefficient,0.08500377733947032,0.08500377733947032,positive,58,36,
B_RIDGE,4,3,164,lots,textual,coefficient,-0.08375570006786397,0.08375570006786397,negative,59,,23
B_RIDGE,4,3,194,parents,textual,coefficient,-0.08369134437378192,0.08369134437378192,negative,60,,24
B_RIDGE,4,3,22,autism,textual,coefficient,-0.08360672367184491,0.08360672367184491,negative,61,,25
B_RIDGE,4,3,129,impulsivity,textual,coefficient,-0.08297490717776582,0.08297490717776582,negative,62,,26
B_RIDGE,4,3,196,pay,textual,coefficient,0.08235270690109907,0.08235270690109907,positive,63,37,
B_RIDGE,4,3,34,burnout,textual,coefficient,-0.07973801148184548,0.07973801148184548,negative,64,,27
B_RIDGE,4,3,181,motivation,textual,coefficient,-0.07959962185484554,0.07959962185484554,negative,65,,28
B_RIDGE,4,3,4,activities,textual,coefficient,-0.07947114383234427,0.07947114383234427,negative,66,,29
B_RIDGE,4,3,161,looking,textual,coefficient,-0.07945681218458071,0.07945681218458071,negative,67,,30
B_RIDGE,4,3,101,forget,textual,coefficient,0.07944485769548987,0.07944485769548987,positive,68,38,
B_RIDGE,4,3,163,lot people,textual,coefficient,0.07934177101635756,0.07934177101635756,positive,69,39,
B_RIDGE,4,3,41,child,textual,coefficient,0.07840553005753641,0.07840553005753641,positive,70,40,
B_RIDGE,4,3,214,remember,textual,coefficient,-0.07633556138993501,0.07633556138993501,negative,71,,31
B_RIDGE,4,3,139,kids,textual,coefficient,-0.07609944558808111,0.07609944558808111,negative,72,,32
B_RIDGE,4,3,75,easily,textual,coefficient,-0.07552355036419231,0.07552355036419231,negative,73,,33
B_RIDGE,4,3,37,calm,textual,coefficient,0.0747829538711575,0.0747829538711575,positive,74,41,
B_RIDGE,4,3,153,likely,textual,coefficient,0.07441250752944852,0.07441250752944852,positive,75,42,
B_RIDGE,4,3,58,diagnosis,textual,coefficient,0.07361932211505443,0.07361932211505443,positive,76,43,
B_RIDGE,4,3,298,years,textual,coefficient,0.0723962772456476,0.0723962772456476,positive,77,44,
B_RIDGE,4,3,72,don,textual,coefficient,-0.07192987038069291,0.07192987038069291,negative,78,,34
B_RIDGE,4,3,56,depression,textual,coefficient,-0.0717228893094691,0.0717228893094691,negative,79,,35
B_RIDGE,4,3,38,care,textual,coefficient,-0.07151498170423169,0.07151498170423169,negative,80,,36
B_RIDGE,4,3,105,gets,textual,coefficient,0.07149267290263478,0.07149267290263478,positive,81,45,
B_RIDGE,4,3,51,control,textual,coefficient,0.07075743021193318,0.07075743021193318,positive,82,46,
B_RIDGE,4,3,284,ve got,textual,coefficient,0.07065104299887108,0.07065104299887108,positive,83,47,
B_RIDGE,4,3,260,tasks,textual,coefficient,-0.07023014130860457,0.07023014130860457,negative,84,,37
B_RIDGE,4,3,146,learning,textual,coefficient,0.06956225297104703,0.06956225297104703,positive,85,48,
B_RIDGE,4,3,59,did,textual,coefficient,0.06913342187242288,0.06913342187242288,positive,86,49,
B_RIDGE,4,3,133,instead,textual,coefficient,0.06760090618292917,0.06760090618292917,positive,87,50,
B_RIDGE,4,3,243,stimulation,textual,coefficient,-0.06755374150770832,0.06755374150770832,negative,88,,38
B_RIDGE,4,3,241,stimulant,textual,coefficient,-0.06676887087933231,0.06676887087933231,negative,89,,39
B_RIDGE,4,3,264,test,textual,coefficient,0.06636487836714049,0.06636487836714049,positive,90,51,
B_RIDGE,4,3,115,having,textual,coefficient,-0.06614390825472304,0.06614390825472304,negative,91,,40
B_RIDGE,4,3,266,things,textual,coefficient,0.0648060811629892,0.0648060811629892,positive,92,52,
B_RIDGE,4,3,209,realize,textual,coefficient,0.06375157342842541,0.06375157342842541,positive,93,53,
B_RIDGE,4,3,117,help,textual,coefficient,-0.06276988965851514,0.06276988965851514,negative,94,,41
B_RIDGE,4,3,180,minutes,textual,coefficient,0.062259827491565535,0.062259827491565535,positive,95,54,
B_RIDGE,4,3,254,sure,textual,coefficient,-0.06197381286215166,0.06197381286215166,negative,96,,42
B_RIDGE,4,3,233,sit,textual,coefficient,-0.061526152322365024,0.061526152322365024,negative,97,,43
B_RIDGE,4,3,274,trying,textual,coefficient,0.06120526966888165,0.06120526966888165,positive,98,55,
B_RIDGE,4,3,227,sensory,textual,coefficient,-0.060962878508945134,0.060962878508945134,negative,99,,44
B_RIDGE,4,3,93,feel like,textual,coefficient,-0.0607086956728525,0.0607086956728525,negative,100,,45
B_RIDGE,4,3,212,regulation,textual,coefficient,-0.06052370161059005,0.06052370161059005,negative,101,,46
B_RIDGE,4,3,110,got,textual,coefficient,0.0604126987494446,0.0604126987494446,positive,102,56,
B_RIDGE,4,3,186,neurotypical,textual,coefficient,0.059561676728350554,0.059561676728350554,positive,103,57,
B_RIDGE,4,3,128,impulsive,textual,coefficient,-0.058758406587502636,0.058758406587502636,negative,104,,47
B_RIDGE,4,3,39,certain,textual,coefficient,0.05824333725137855,0.05824333725137855,positive,105,58,
B_RIDGE,4,3,177,memory,textual,coefficient,0.05802527239448418,0.05802527239448418,positive,106,59,
B_RIDGE,4,3,54,days,textual,coefficient,-0.05720986305874885,0.05720986305874885,negative,107,,48
B_RIDGE,4,3,100,foods,textual,coefficient,-0.05691152922502993,0.05691152922502993,negative,108,,49
B_RIDGE,4,3,223,seen,textual,coefficient,-0.05653785756152875,0.05653785756152875,negative,109,,50
B_RIDGE,4,3,46,common,textual,coefficient,0.05645788789207258,0.05645788789207258,positive,110,60,
B_RIDGE,4,3,190,oh,textual,coefficient,0.05626327233330578,0.05626327233330578,positive,111,61,
B_RIDGE,4,3,53,day,textual,coefficient,0.05620254697750825,0.05620254697750825,positive,112,62,
B_RIDGE,4,3,80,emotional,textual,coefficient,0.05602600679031796,0.05602600679031796,positive,113,63,
B_RIDGE,4,3,14,adhd symptoms,textual,coefficient,-0.05586324852423486,0.05586324852423486,negative,114,,51
B_RIDGE,4,3,259,task,textual,coefficient,-0.05534704660839255,0.05534704660839255,negative,115,,52
B_RIDGE,4,3,292,working,textual,coefficient,-0.05521365646978109,0.05521365646978109,negative,116,,53
B_RIDGE,4,3,275,type,textual,coefficient,-0.055208748287130224,0.055208748287130224,negative,117,,54
B_RIDGE,4,3,263,term,textual,coefficient,-0.05509574916103235,0.05509574916103235,negative,118,,55
B_RIDGE,4,3,15,adhders,textual,coefficient,0.05495285296179577,0.05495285296179577,positive,119,64,
B_RIDGE,4,3,55,deficit,textual,coefficient,0.05414628702938159,0.05414628702938159,positive,120,65,
B_RIDGE,4,3,32,brain,textual,coefficient,0.05403960766494719,0.05403960766494719,positive,121,66,
B_RIDGE,4,3,287,want,textual,coefficient,0.05300613643142032,0.05300613643142032,positive,122,67,
B_RIDGE,4,3,114,harder,textual,coefficient,-0.05295192297244679,0.05295192297244679,negative,123,,56
B_RIDGE,4,3,244,stop,textual,coefficient,-0.052918179848919895,0.052918179848919895,negative,124,,57
B_RIDGE,4,3,16,adults,textual,coefficient,-0.05201064806800524,0.05201064806800524,negative,125,,58
B_RIDGE,4,3,113,hard,textual,coefficient,0.05168718413216597,0.05168718413216597,positive,126,68,
B_RIDGE,4,3,65,difficulty,textual,coefficient,-0.05165858266031115,0.05165858266031115,negative,127,,59
B_RIDGE,4,3,132,information,textual,coefficient,-0.05164059974861306,0.05164059974861306,negative,128,,60
B_RIDGE,4,3,48,condition,textual,coefficient,0.051509704543973155,0.051509704543973155,positive,129,69,
B_RIDGE,4,3,17,affect,textual,coefficient,0.05129463530881823,0.05129463530881823,positive,130,70,
B_RIDGE,4,3,221,school,textual,coefficient,0.05119890847195892,0.05119890847195892,positive,131,71,
B_RIDGE,4,3,123,hours,textual,coefficient,-0.05059384948231922,0.05059384948231922,negative,132,,61
B_RIDGE,4,3,231,shows,textual,coefficient,-0.050454574461112414,0.050454574461112414,negative,133,,62
B_RIDGE,4,3,126,hyperfocus,textual,coefficient,-0.050152574996974925,0.050152574996974925,negative,134,,63
B_RIDGE,4,3,84,especially,textual,coefficient,0.049960776032898675,0.049960776032898675,positive,135,72,
B_RIDGE,4,3,167,make,textual,coefficient,0.049079634889883796,0.049079634889883796,positive,136,73,
B_RIDGE,4,3,74,dysfunction,textual,coefficient,0.0482755220060572,0.0482755220060572,positive,137,74,
B_RIDGE,4,3,219,say,textual,coefficient,-0.04813733932293928,0.04813733932293928,negative,138,,64
B_RIDGE,4,3,5,activity,textual,coefficient,0.0481200069669843,0.0481200069669843,positive,139,75,
B_RIDGE,4,3,252,sugar,textual,coefficient,-0.04765294238541601,0.04765294238541601,negative,140,,65
B_RIDGE,4,3,280,used,textual,coefficient,0.04765092589003074,0.04765092589003074,positive,141,76,
B_RIDGE,4,3,150,levels,textual,coefficient,0.047647179325924695,0.047647179325924695,positive,142,77,
B_RIDGE,4,3,277,um,textual,coefficient,-0.04741800110564736,0.04741800110564736,negative,143,,66
B_RIDGE,4,3,189,number,textual,coefficient,0.045584351039001596,0.045584351039001596,positive,144,78,
B_RIDGE,4,3,119,helps,textual,coefficient,-0.04514642296806117,0.04514642296806117,negative,145,,67
B_RIDGE,4,3,96,finally,textual,coefficient,0.045131382514949026,0.045131382514949026,positive,146,79,
B_RIDGE,4,3,7,add,textual,coefficient,0.045053839961013135,0.045053839961013135,positive,147,80,
B_RIDGE,4,3,45,coming,textual,coefficient,0.04386169241662437,0.04386169241662437,positive,148,81,
B_RIDGE,4,3,168,makes,textual,coefficient,-0.043467994946232026,0.043467994946232026,negative,149,,68
B_RIDGE,4,3,199,person,textual,coefficient,0.043439118030688645,0.043439118030688645,positive,150,82,
B_RIDGE,4,3,173,means,textual,coefficient,-0.04328920052460472,0.04328920052460472,negative,151,,69
B_RIDGE,4,3,202,place,textual,coefficient,-0.04318306484074624,0.04318306484074624,negative,152,,70
B_RIDGE,4,3,107,goes,textual,coefficient,0.04275530168421512,0.04275530168421512,positive,153,83,
B_RIDGE,4,3,111,great,textual,coefficient,-0.042741113482446504,0.042741113482446504,negative,154,,71
B_RIDGE,4,3,175,medications,textual,coefficient,-0.04160795234511534,0.04160795234511534,negative,155,,72
B_RIDGE,4,3,278,understand,textual,coefficient,-0.0410213582833757,0.0410213582833757,negative,156,,73
B_RIDGE,4,3,178,mental,textual,coefficient,-0.040455847117539176,0.040455847117539176,negative,157,,74
B_RIDGE,4,3,268,think,textual,coefficient,0.04045535150935446,0.04045535150935446,positive,158,84,
B_RIDGE,4,3,192,open,textual,coefficient,-0.0399969290985582,0.0399969290985582,negative,159,,75
B_RIDGE,4,3,28,better,textual,coefficient,-0.03975029735998689,0.03975029735998689,negative,160,,76
B_RIDGE,4,3,60,didn,textual,coefficient,-0.03902470760113371,0.03902470760113371,negative,161,,77
B_RIDGE,4,3,174,medication,textual,coefficient,0.03875470567653807,0.03875470567653807,positive,162,85,
B_RIDGE,4,3,140,kind,textual,coefficient,-0.03874362968384675,0.03874362968384675,negative,163,,78
B_RIDGE,4,3,272,trouble,textual,coefficient,-0.03723362135251332,0.03723362135251332,negative,164,,79
B_RIDGE,4,3,250,study,textual,coefficient,-0.03690141841684273,0.03690141841684273,negative,165,,80
B_RIDGE,4,3,257,talk,textual,coefficient,0.03662083810819729,0.03662083810819729,positive,166,86,
B_RIDGE,4,3,276,uh,textual,coefficient,0.03608217152008017,0.03608217152008017,positive,167,87,
B_RIDGE,4,3,102,fucking,textual,coefficient,-0.035997435454050944,0.035997435454050944,negative,168,,81
B_RIDGE,4,3,251,stuff,textual,coefficient,0.03577659419564111,0.03577659419564111,positive,169,88,
B_RIDGE,4,3,148,let talk,textual,coefficient,0.035320164678977056,0.035320164678977056,positive,170,89,
B_RIDGE,4,3,286,wait,textual,coefficient,-0.035279202631711026,0.035279202631711026,negative,171,,82
B_RIDGE,4,3,66,disorder,textual,coefficient,0.0351011617451409,0.0351011617451409,positive,172,90,
B_RIDGE,4,3,95,feels,textual,coefficient,-0.03495653585373948,0.03495653585373948,negative,173,,83
B_RIDGE,4,3,36,called,textual,coefficient,0.03487473359558198,0.03487473359558198,positive,174,91,
B_RIDGE,4,3,242,stimulants,textual,coefficient,-0.034814718586007994,0.034814718586007994,negative,175,,84
B_RIDGE,4,3,169,making,textual,coefficient,-0.03431460500928208,0.03431460500928208,negative,176,,85
B_RIDGE,4,3,151,life,textual,coefficient,0.03379693464311502,0.03379693464311502,positive,177,92,
B_RIDGE,4,3,211,reason,textual,coefficient,-0.03362192552093497,0.03362192552093497,negative,178,,86
B_RIDGE,4,3,204,probably,textual,coefficient,0.03345281220889419,0.03345281220889419,positive,179,93,
B_RIDGE,4,3,142,lack,textual,coefficient,-0.033284437199942105,0.033284437199942105,negative,180,,87
B_RIDGE,4,3,246,stress,textual,coefficient,-0.032998075702410194,0.032998075702410194,negative,181,,88
B_RIDGE,4,3,130,inattentive,textual,coefficient,0.03288872703155795,0.03288872703155795,positive,182,94,
B_RIDGE,4,3,145,learn,textual,coefficient,-0.03286445650733392,0.03286445650733392,negative,183,,89
B_RIDGE,4,3,154,literally,textual,coefficient,0.032802607195895214,0.032802607195895214,positive,184,95,
B_RIDGE,4,3,262,tend,textual,coefficient,0.03249173548118322,0.03249173548118322,positive,185,96,
B_RIDGE,4,3,29,big,textual,coefficient,0.03195891666574868,0.03195891666574868,positive,186,97,
B_RIDGE,4,3,78,effective,textual,coefficient,0.031234234700462802,0.031234234700462802,positive,187,98,
B_RIDGE,4,3,293,works,textual,coefficient,0.02991355779631839,0.02991355779631839,positive,188,99,
B_RIDGE,4,3,245,strategies,textual,coefficient,-0.02959776930243433,0.02959776930243433,negative,189,,90
B_RIDGE,4,3,261,tell,textual,coefficient,0.029300651863507745,0.029300651863507745,positive,190,100,
B_RIDGE,4,3,282,usually,textual,coefficient,-0.028406996039770722,0.028406996039770722,negative,191,,91
B_RIDGE,4,3,235,small,textual,coefficient,-0.028379045274654895,0.028379045274654895,negative,192,,92
B_RIDGE,4,3,11,adhd brains,textual,coefficient,0.028286802858768466,0.028286802858768466,positive,193,101,
B_RIDGE,4,3,166,low,textual,coefficient,0.027669892687807278,0.027669892687807278,positive,194,102,
B_RIDGE,4,3,289,ways,textual,coefficient,0.027395949421578355,0.027395949421578355,positive,195,103,
B_RIDGE,4,3,124,hyperactive,textual,coefficient,-0.027102921251800832,0.027102921251800832,negative,196,,93
B_RIDGE,4,3,85,everybody,textual,coefficient,-0.02701265975237716,0.02701265975237716,negative,197,,94
B_RIDGE,4,3,215,research,textual,coefficient,-0.026848021692378064,0.026848021692378064,negative,198,,95
B_RIDGE,4,3,191,okay,textual,coefficient,-0.026357781893020005,0.026357781893020005,negative,199,,96
B_RIDGE,4,3,50,constantly,textual,coefficient,0.026100903647777132,0.026100903647777132,positive,200,104,
B_RIDGE,4,3,8,addiction,textual,coefficient,-0.026097809393151327,0.026097809393151327,negative,201,,97
B_RIDGE,4,3,62,difference,textual,coefficient,0.025749473020228043,0.025749473020228043,positive,202,105,
B_RIDGE,4,3,141,know,textual,coefficient,-0.024239805284060847,0.024239805284060847,negative,203,,98
B_RIDGE,4,3,239,state,textual,coefficient,-0.02419902712772743,0.02419902712772743,negative,204,,99
B_RIDGE,4,3,24,away,textual,coefficient,-0.023859480891288833,0.023859480891288833,negative,205,,100
B_RIDGE,4,3,224,self,textual,coefficient,-0.023576066680992436,0.023576066680992436,negative,206,,101
B_RIDGE,4,3,40,change,textual,coefficient,0.02321718948635115,0.02321718948635115,positive,207,106,
B_RIDGE,4,3,297,yeah,textual,coefficient,-0.02303894087260851,0.02303894087260851,negative,208,,102
B_RIDGE,4,3,87,executive,textual,coefficient,-0.022841876031485436,0.022841876031485436,negative,209,,103
B_RIDGE,4,3,144,later,textual,coefficient,-0.022696384756517838,0.022696384756517838,negative,210,,104
B_RIDGE,4,3,69,does,textual,coefficient,0.022666187602885166,0.022666187602885166,positive,211,107,
B_RIDGE,4,3,70,doesn,textual,coefficient,0.022621045759952843,0.022621045759952843,positive,212,108,
B_RIDGE,4,3,10,adhd brain,textual,coefficient,-0.022337514007245436,0.022337514007245436,negative,213,,105
B_RIDGE,4,3,159,long term,textual,coefficient,-0.02207717424506761,0.02207717424506761,negative,214,,106
B_RIDGE,4,3,91,fast,textual,coefficient,0.021770372243797135,0.021770372243797135,positive,215,109,
B_RIDGE,4,3,179,mind,textual,coefficient,0.02163578030713392,0.02163578030713392,positive,216,110,
B_RIDGE,4,3,33,brains,textual,coefficient,-0.02133369305281221,0.02133369305281221,negative,217,,107
B_RIDGE,4,3,122,highly,textual,coefficient,0.02124119008957865,0.02124119008957865,positive,218,111,
B_RIDGE,4,3,98,follow,textual,coefficient,-0.021232601627325976,0.021232601627325976,negative,219,,108
B_RIDGE,4,3,57,diagnosed,textual,coefficient,0.021232566076746864,0.021232566076746864,positive,220,112,
B_RIDGE,4,3,121,higher,textual,coefficient,-0.021106501955545705,0.021106501955545705,negative,221,,109
B_RIDGE,4,3,237,somebody,textual,coefficient,0.02102833002562595,0.02102833002562595,positive,222,113,
B_RIDGE,4,3,137,job,textual,coefficient,0.020502848849328712,0.020502848849328712,positive,223,114,
B_RIDGE,4,3,31,body,textual,coefficient,-0.020474702189082653,0.020474702189082653,negative,224,,110
B_RIDGE,4,3,103,function,textual,coefficient,-0.020323548234447528,0.020323548234447528,negative,225,,111
B_RIDGE,4,3,273,try,textual,coefficient,0.020307237189020208,0.020307237189020208,positive,226,115,
B_RIDGE,4,3,147,let,textual,coefficient,0.020180550017595816,0.020180550017595816,positive,227,116,
B_RIDGE,4,3,21,attention,textual,coefficient,-0.019964588180875213,0.019964588180875213,negative,228,,112
B_RIDGE,4,3,216,right,textual,coefficient,-0.019396482283898,0.019396482283898,negative,229,,113
B_RIDGE,4,3,295,worse,textual,coefficient,0.019394359807382494,0.019394359807382494,positive,230,117,
B_RIDGE,4,3,232,signs,textual,coefficient,-0.018845077881140704,0.018845077881140704,negative,231,,114
B_RIDGE,4,3,76,eat,textual,coefficient,0.018796396043379085,0.018796396043379085,positive,232,118,
B_RIDGE,4,3,71,doing,textual,coefficient,-0.018609227314622213,0.018609227314622213,negative,233,,115
B_RIDGE,4,3,172,mean,textual,coefficient,0.018335099660377083,0.018335099660377083,positive,234,119,
B_RIDGE,4,3,155,little,textual,coefficient,-0.017602157888351636,0.017602157888351636,negative,235,,116
B_RIDGE,4,3,201,physical,textual,coefficient,-0.017517915974741997,0.017517915974741997,negative,236,,117
B_RIDGE,4,3,230,short,textual,coefficient,-0.017294946833281772,0.017294946833281772,negative,237,,118
B_RIDGE,4,3,104,functioning,textual,coefficient,-0.017018933301961185,0.017018933301961185,negative,238,,119
B_RIDGE,4,3,228,seven,textual,coefficient,-0.01628683183884026,0.01628683183884026,negative,239,,120
B_RIDGE,4,3,61,diet,textual,coefficient,0.01608271873306384,0.01608271873306384,positive,240,120,
B_RIDGE,4,3,134,interesting,textual,coefficient,0.0158992951851088,0.0158992951851088,positive,241,121,
B_RIDGE,4,3,77,eating,textual,coefficient,0.015494938280258696,0.015494938280258696,positive,242,122,
B_RIDGE,4,3,82,end,textual,coefficient,0.01516532958194057,0.01516532958194057,positive,243,123,
B_RIDGE,4,3,13,adhd people,textual,coefficient,-0.01510535971977228,0.01510535971977228,negative,244,,121
B_RIDGE,4,3,125,hyperactivity,textual,coefficient,-0.014862439082401598,0.014862439082401598,negative,245,,122
B_RIDGE,4,3,67,distracted,textual,coefficient,-0.014525367638893784,0.014525367638893784,negative,246,,123
B_RIDGE,4,3,171,maybe,textual,coefficient,-0.014493720734453246,0.014493720734453246,negative,247,,124
B_RIDGE,4,3,258,talking,textual,coefficient,0.014489738579000152,0.014489738579000152,positive,248,124,
B_RIDGE,4,3,236,social,textual,coefficient,0.01428878976722577,0.01428878976722577,positive,249,125,
B_RIDGE,4,3,106,getting,textual,coefficient,-0.01421787176336458,0.01421787176336458,negative,250,,125
B_RIDGE,4,3,116,health,textual,coefficient,0.014213765319422499,0.014213765319422499,positive,251,126,
B_RIDGE,4,3,0,10,textual,coefficient,0.014181360621475358,0.014181360621475358,positive,252,127,
B_RIDGE,4,3,271,told,textual,coefficient,-0.014159720784138942,0.014159720784138942,negative,253,,126
B_RIDGE,4,3,156,little bit,textual,coefficient,-0.0138295383177587,0.0138295383177587,negative,254,,127
B_RIDGE,4,3,296,wrong,textual,coefficient,0.013800202181183803,0.013800202181183803,positive,255,128,
B_RIDGE,4,3,185,nervous,textual,coefficient,0.013388346790229183,0.013388346790229183,positive,256,129,
B_RIDGE,4,3,79,effects,textual,coefficient,-0.0130534587881227,0.0130534587881227,negative,257,,128
B_RIDGE,4,3,234,sleep,textual,coefficient,0.012666873130371207,0.012666873130371207,positive,258,130,
B_RIDGE,4,3,170,manage,textual,coefficient,-0.012567597858277768,0.012567597858277768,negative,259,,129
B_RIDGE,4,3,248,struggling,textual,coefficient,0.012008305098671259,0.012008305098671259,positive,260,131,
B_RIDGE,4,3,300,certainty_score,handcrafted_linguistic,coefficient,-0.011880979736279072,0.011880979736279072,negative,261,,130
B_RIDGE,4,3,238,start,textual,coefficient,-0.011528011306459232,0.011528011306459232,negative,262,,131
B_RIDGE,4,3,195,patients,textual,coefficient,0.01103738159221928,0.01103738159221928,positive,263,132,
B_RIDGE,4,3,3,able,textual,coefficient,-0.010603548204083902,0.010603548204083902,negative,264,,132
B_RIDGE,4,3,88,experience,textual,coefficient,0.010433721012218006,0.010433721012218006,positive,265,133,
B_RIDGE,4,3,109,good,textual,coefficient,0.010367806365783681,0.010367806365783681,positive,266,134,
B_RIDGE,4,3,187,new,textual,coefficient,-0.010158779402557645,0.010158779402557645,negative,267,,133
B_RIDGE,4,3,267,things like,textual,coefficient,-0.009875244473839917,0.009875244473839917,negative,268,,134
B_RIDGE,4,3,200,phone,textual,coefficient,-0.00969918676824158,0.00969918676824158,negative,269,,135
B_RIDGE,4,3,9,adhd,textual,coefficient,0.009410509085005557,0.009410509085005557,positive,270,135,
B_RIDGE,4,3,253,support,textual,coefficient,-0.009019633493757097,0.009019633493757097,negative,271,,136
B_RIDGE,4,3,49,constant,textual,coefficient,-0.008756711159207209,0.008756711159207209,negative,272,,137
B_RIDGE,4,3,222,second,textual,coefficient,0.008645694581389621,0.008645694581389621,positive,273,136,
B_RIDGE,4,3,94,feeling,textual,coefficient,-0.008498738788680238,0.008498738788680238,negative,274,,138
B_RIDGE,4,3,89,fact,textual,coefficient,-0.008479965237933899,0.008479965237933899,negative,275,,139
B_RIDGE,4,3,23,avoid,textual,coefficient,-0.008321779830507874,0.008321779830507874,negative,276,,140
B_RIDGE,4,3,220,saying,textual,coefficient,0.008268904030544845,0.008268904030544845,positive,277,137,
B_RIDGE,4,3,294,world,textual,coefficient,-0.008039989941018432,0.008039989941018432,negative,278,,141
B_RIDGE,4,3,27,best,textual,coefficient,-0.00795189493269134,0.00795189493269134,negative,279,,142
B_RIDGE,4,3,108,going,textual,coefficient,0.007848020643048681,0.007848020643048681,positive,280,138,
B_RIDGE,4,3,52,create,textual,coefficient,0.00721061966594528,0.00721061966594528,positive,281,139,
B_RIDGE,4,3,158,long,textual,coefficient,0.007080011723061605,0.007080011723061605,positive,282,140,
B_RIDGE,4,3,240,stay,textual,coefficient,0.007052187009431108,0.007052187009431108,positive,283,141,
B_RIDGE,4,3,193,order,textual,coefficient,-0.006982433135043555,0.006982433135043555,negative,284,,143
B_RIDGE,4,3,47,completely,textual,coefficient,-0.00686796061775882,0.00686796061775882,negative,285,,144
B_RIDGE,4,3,281,using,textual,coefficient,-0.006550682071419739,0.006550682071419739,negative,286,,145
B_RIDGE,4,3,285,video,textual,coefficient,0.006241664319385489,0.006241664319385489,positive,287,142,
B_RIDGE,4,3,35,caffeine,textual,coefficient,-0.005419588529663466,0.005419588529663466,negative,288,,146
B_RIDGE,4,3,183,need,textual,coefficient,-0.004972761448949166,0.004972761448949166,negative,289,,147
B_RIDGE,4,3,68,doctor,textual,coefficient,-0.00458682596044796,0.00458682596044796,negative,290,,148
B_RIDGE,4,3,299,yes,textual,coefficient,0.004421905913585914,0.004421905913585914,positive,291,143,
B_RIDGE,4,3,83,energy,textual,coefficient,-0.004208462640956858,0.004208462640956858,negative,292,,149
B_RIDGE,4,3,90,family,textual,coefficient,0.004154604822238798,0.004154604822238798,positive,293,144,
B_RIDGE,4,3,43,come,textual,coefficient,0.004032017744307218,0.004032017744307218,positive,294,145,
B_RIDGE,4,3,270,times,textual,coefficient,-0.0032277588101962975,0.0032277588101962975,negative,295,,150
B_RIDGE,4,3,218,said,textual,coefficient,-0.003200314869184023,0.003200314869184023,negative,296,,151
B_RIDGE,4,3,12,adhd medication,textual,coefficient,0.002220248102994168,0.002220248102994168,positive,297,146,
B_RIDGE,4,3,20,ask,textual,coefficient,-0.0017472450717566082,0.0017472450717566082,negative,298,,152
B_RIDGE,4,3,229,share,textual,coefficient,0.0017041696761940755,0.0017041696761940755,positive,299,147,
B_RIDGE,4,3,92,feel,textual,coefficient,-0.0016802651462224632,0.0016802651462224632,negative,300,,153
B_RIDGE,4,3,203,present,textual,coefficient,-0.0014266148696515364,0.0014266148696515364,negative,301,,154
B_RIDGE,4,3,279,use,textual,coefficient,0.0007845886561876696,0.0007845886561876696,positive,302,148,
B_RIDGE,4,4,255,symptoms,textual,coefficient,-0.2536529487711426,0.2536529487711426,negative,1,,1
B_RIDGE,4,4,189,number,textual,coefficient,0.2198633200240263,0.2198633200240263,positive,2,1,
B_RIDGE,4,4,125,hyperactivity,textual,coefficient,-0.20576034056442494,0.20576034056442494,negative,3,,2
B_RIDGE,4,4,108,going,textual,coefficient,0.20522908691449582,0.20522908691449582,positive,4,2,
B_RIDGE,4,4,61,diet,textual,coefficient,-0.19858389102676985,0.19858389102676985,negative,5,,3
B_RIDGE,4,4,58,diagnosis,textual,coefficient,-0.19516396897600924,0.19516396897600924,negative,6,,4
B_RIDGE,4,4,95,feels,textual,coefficient,0.19399586459840693,0.19399586459840693,positive,7,3,
B_RIDGE,4,4,219,say,textual,coefficient,0.19193750839556592,0.19193750839556592,positive,8,4,
B_RIDGE,4,4,232,signs,textual,coefficient,-0.1868303242180082,0.1868303242180082,negative,9,,5
B_RIDGE,4,4,83,energy,textual,coefficient,0.17214144573117734,0.17214144573117734,positive,10,5,
B_RIDGE,4,4,6,actually,textual,coefficient,0.16645543957013917,0.16645543957013917,positive,11,6,
B_RIDGE,4,4,242,stimulants,textual,coefficient,-0.16400728271318463,0.16400728271318463,negative,12,,6
B_RIDGE,4,4,138,just,textual,coefficient,0.16204210491715454,0.16204210491715454,positive,13,7,
B_RIDGE,4,4,102,fucking,textual,coefficient,0.16158520658924957,0.16158520658924957,positive,14,8,
B_RIDGE,4,4,32,brain,textual,coefficient,0.1614440223010539,0.1614440223010539,positive,15,9,
B_RIDGE,4,4,72,don,textual,coefficient,0.15990936138218034,0.15990936138218034,positive,16,10,
B_RIDGE,4,4,252,sugar,textual,coefficient,0.15964261980003824,0.15964261980003824,positive,17,11,
B_RIDGE,4,4,183,need,textual,coefficient,0.15848831859803886,0.15848831859803886,positive,18,12,
B_RIDGE,4,4,11,adhd brains,textual,coefficient,0.15572021745055625,0.15572021745055625,positive,19,13,
B_RIDGE,4,4,152,like,textual,coefficient,0.15441267977145817,0.15441267977145817,positive,20,14,
B_RIDGE,4,4,46,common,textual,coefficient,-0.1525810895621557,0.1525810895621557,negative,21,,7
B_RIDGE,4,4,128,impulsive,textual,coefficient,-0.15115996070347562,0.15115996070347562,negative,22,,8
B_RIDGE,4,4,14,adhd symptoms,textual,coefficient,-0.14456457191968358,0.14456457191968358,negative,23,,9
B_RIDGE,4,4,53,day,textual,coefficient,0.1432590703895381,0.1432590703895381,positive,24,15,
B_RIDGE,4,4,33,brains,textual,coefficient,0.14311593686232935,0.14311593686232935,positive,25,16,
B_RIDGE,4,4,295,worse,textual,coefficient,0.1422583597618077,0.1422583597618077,positive,26,17,
B_RIDGE,4,4,111,great,textual,coefficient,0.14028461121713479,0.14028461121713479,positive,27,18,
B_RIDGE,4,4,16,adults,textual,coefficient,-0.13854246644961457,0.13854246644961457,negative,28,,10
B_RIDGE,4,4,187,new,textual,coefficient,0.13292595969699694,0.13292595969699694,positive,29,19,
B_RIDGE,4,4,179,mind,textual,coefficient,0.13010836603966391,0.13010836603966391,positive,30,20,
B_RIDGE,4,4,151,life,textual,coefficient,0.12971217596261278,0.12971217596261278,positive,31,21,
B_RIDGE,4,4,262,tend,textual,coefficient,0.12968805575988246,0.12968805575988246,positive,32,22,
B_RIDGE,4,4,221,school,textual,coefficient,-0.12855774355731028,0.12855774355731028,negative,33,,11
B_RIDGE,4,4,23,avoid,textual,coefficient,0.12785600083595539,0.12785600083595539,positive,34,23,
B_RIDGE,4,4,276,uh,textual,coefficient,-0.12416152473098237,0.12416152473098237,negative,35,,12
B_RIDGE,4,4,185,nervous,textual,coefficient,0.12334087843746629,0.12334087843746629,positive,36,24,
B_RIDGE,4,4,21,attention,textual,coefficient,-0.12269441682831846,0.12269441682831846,negative,37,,13
B_RIDGE,4,4,24,away,textual,coefficient,0.12143375312344697,0.12143375312344697,positive,38,25,
B_RIDGE,4,4,243,stimulation,textual,coefficient,0.11990822078862765,0.11990822078862765,positive,39,26,
B_RIDGE,4,4,65,difficulty,textual,coefficient,-0.1187998247239537,0.1187998247239537,negative,40,,14
B_RIDGE,4,4,182,music,textual,coefficient,-0.11805453427255527,0.11805453427255527,negative,41,,15
B_RIDGE,4,4,174,medication,textual,coefficient,-0.11528904154006744,0.11528904154006744,negative,42,,16
B_RIDGE,4,4,34,burnout,textual,coefficient,0.11464671910257607,0.11464671910257607,positive,43,27,
B_RIDGE,4,4,119,helps,textual,coefficient,0.11432676916393181,0.11432676916393181,positive,44,28,
B_RIDGE,4,4,173,means,textual,coefficient,0.11383947050472892,0.11383947050472892,positive,45,29,
B_RIDGE,4,4,5,activity,textual,coefficient,-0.11183153606803632,0.11183153606803632,negative,46,,17
B_RIDGE,4,4,39,certain,textual,coefficient,-0.1118169367350211,0.1118169367350211,negative,47,,18
B_RIDGE,4,4,287,want,textual,coefficient,0.11056188896705527,0.11056188896705527,positive,48,30,
B_RIDGE,4,4,91,fast,textual,coefficient,-0.10989926699037285,0.10989926699037285,negative,49,,19
B_RIDGE,4,4,59,did,textual,coefficient,0.10972468279570645,0.10972468279570645,positive,50,31,
B_RIDGE,4,4,216,right,textual,coefficient,0.10907984655796812,0.10907984655796812,positive,51,32,
B_RIDGE,4,4,234,sleep,textual,coefficient,-0.10897436097502686,0.10897436097502686,negative,52,,20
B_RIDGE,4,4,239,state,textual,coefficient,0.10745931396969315,0.10745931396969315,positive,53,33,
B_RIDGE,4,4,244,stop,textual,coefficient,0.10681661247920453,0.10681661247920453,positive,54,34,
B_RIDGE,4,4,254,sure,textual,coefficient,-0.10589778943399808,0.10589778943399808,negative,55,,21
B_RIDGE,4,4,292,working,textual,coefficient,0.10562083195289985,0.10562083195289985,positive,56,35,
B_RIDGE,4,4,186,neurotypical,textual,coefficient,0.10347841717699591,0.10347841717699591,positive,57,36,
B_RIDGE,4,4,19,anxiety,textual,coefficient,0.10208978423804856,0.10208978423804856,positive,58,37,
B_RIDGE,4,4,81,emotions,textual,coefficient,-0.10145150961726944,0.10145150961726944,negative,59,,22
B_RIDGE,4,4,136,issues,textual,coefficient,-0.10099652829650069,0.10099652829650069,negative,60,,23
B_RIDGE,4,4,272,trouble,textual,coefficient,-0.10087968301935835,0.10087968301935835,negative,61,,24
B_RIDGE,4,4,191,okay,textual,coefficient,0.10084589665915288,0.10084589665915288,positive,62,38,
B_RIDGE,4,4,213,relationships,textual,coefficient,-0.10031152208358207,0.10031152208358207,negative,63,,25
B_RIDGE,4,4,245,strategies,textual,coefficient,-0.09874754085443793,0.09874754085443793,negative,64,,26
B_RIDGE,4,4,171,maybe,textual,coefficient,0.0984115281649868,0.0984115281649868,positive,65,39,
B_RIDGE,4,4,283,ve,textual,coefficient,0.0966264275216479,0.0966264275216479,positive,66,40,
B_RIDGE,4,4,36,called,textual,coefficient,0.09655511520912018,0.09655511520912018,positive,67,41,
B_RIDGE,4,4,227,sensory,textual,coefficient,-0.09614415403654612,0.09614415403654612,negative,68,,27
B_RIDGE,4,4,76,eat,textual,coefficient,0.0947417859596676,0.0947417859596676,positive,69,42,
B_RIDGE,4,4,110,got,textual,coefficient,0.09461439040446128,0.09461439040446128,positive,70,43,
B_RIDGE,4,4,145,learn,textual,coefficient,0.09459468998038711,0.09459468998038711,positive,71,44,
B_RIDGE,4,4,238,start,textual,coefficient,-0.0944647605394964,0.0944647605394964,negative,72,,28
B_RIDGE,4,4,27,best,textual,coefficient,0.09306223171520728,0.09306223171520728,positive,73,45,
B_RIDGE,4,4,121,higher,textual,coefficient,-0.09226407818353549,0.09226407818353549,negative,74,,29
B_RIDGE,4,4,141,know,textual,coefficient,0.09112460632307134,0.09112460632307134,positive,75,46,
B_RIDGE,4,4,296,wrong,textual,coefficient,0.08953335069463375,0.08953335069463375,positive,76,47,
B_RIDGE,4,4,43,come,textual,coefficient,0.08895756528650954,0.08895756528650954,positive,77,48,
B_RIDGE,4,4,127,important,textual,coefficient,-0.08880670759806224,0.08880670759806224,negative,78,,30
B_RIDGE,4,4,64,differently,textual,coefficient,-0.08770202437322315,0.08770202437322315,negative,79,,31
B_RIDGE,4,4,35,caffeine,textual,coefficient,0.08762950113378827,0.08762950113378827,positive,80,49,
B_RIDGE,4,4,166,low,textual,coefficient,0.08725540606704375,0.08725540606704375,positive,81,50,
B_RIDGE,4,4,130,inattentive,textual,coefficient,-0.08698400323499318,0.08698400323499318,negative,82,,32
B_RIDGE,4,4,115,having,textual,coefficient,-0.08649666516645808,0.08649666516645808,negative,83,,33
B_RIDGE,4,4,1,20,textual,coefficient,0.08643402483715866,0.08643402483715866,positive,84,51,
B_RIDGE,4,4,68,doctor,textual,coefficient,-0.08584085706722044,0.08584085706722044,negative,85,,34
B_RIDGE,4,4,279,use,textual,coefficient,-0.0857121967345891,0.0857121967345891,negative,86,,35
B_RIDGE,4,4,144,later,textual,coefficient,0.0852878608010301,0.0852878608010301,positive,87,52,
B_RIDGE,4,4,269,time,textual,coefficient,-0.08450832770336943,0.08450832770336943,negative,88,,36
B_RIDGE,4,4,79,effects,textual,coefficient,-0.08447547014337892,0.08447547014337892,negative,89,,37
B_RIDGE,4,4,291,work,textual,coefficient,0.08335999046829944,0.08335999046829944,positive,90,53,
B_RIDGE,4,4,285,video,textual,coefficient,-0.08264682578284636,0.08264682578284636,negative,91,,38
B_RIDGE,4,4,129,impulsivity,textual,coefficient,-0.08175437175172448,0.08175437175172448,negative,92,,39
B_RIDGE,4,4,9,adhd,textual,coefficient,-0.08116365563788776,0.08116365563788776,negative,93,,40
B_RIDGE,4,4,73,dopamine,textual,coefficient,0.08097720622218653,0.08097720622218653,positive,94,54,
B_RIDGE,4,4,15,adhders,textual,coefficient,0.08092406390306517,0.08092406390306517,positive,95,55,
B_RIDGE,4,4,197,people,textual,coefficient,0.0800920674302339,0.0800920674302339,positive,96,56,
B_RIDGE,4,4,271,told,textual,coefficient,0.07931912661457449,0.07931912661457449,positive,97,57,
B_RIDGE,4,4,139,kids,textual,coefficient,0.079144815156516,0.079144815156516,positive,98,58,
B_RIDGE,4,4,0,10,textual,coefficient,0.07890562664292046,0.07890562664292046,positive,99,59,
B_RIDGE,4,4,211,reason,textual,coefficient,0.07877239285548292,0.07877239285548292,positive,100,60,
B_RIDGE,4,4,301,hedge_score,handcrafted_linguistic,coefficient,-0.07869261279676583,0.07869261279676583,negative,101,,41
B_RIDGE,4,4,117,help,textual,coefficient,0.07836183419388733,0.07836183419388733,positive,102,61,
B_RIDGE,4,4,195,patients,textual,coefficient,-0.07795771668691817,0.07795771668691817,negative,103,,42
B_RIDGE,4,4,175,medications,textual,coefficient,-0.07784986548027176,0.07784986548027176,negative,104,,43
B_RIDGE,4,4,88,experience,textual,coefficient,-0.07730868865788647,0.07730868865788647,negative,105,,44
B_RIDGE,4,4,42,children,textual,coefficient,-0.07643431435650856,0.07643431435650856,negative,106,,45
B_RIDGE,4,4,206,problems,textual,coefficient,-0.0764011790297311,0.0764011790297311,negative,107,,46
B_RIDGE,4,4,60,didn,textual,coefficient,0.07620979541550753,0.07620979541550753,positive,108,62,
B_RIDGE,4,4,106,getting,textual,coefficient,-0.07620638735598621,0.07620638735598621,negative,109,,47
B_RIDGE,4,4,257,talk,textual,coefficient,-0.07608846622579742,0.07608846622579742,negative,110,,48
B_RIDGE,4,4,92,feel,textual,coefficient,0.07549591640559451,0.07549591640559451,positive,111,63,
B_RIDGE,4,4,268,think,textual,coefficient,-0.07507536814836567,0.07507536814836567,negative,112,,49
B_RIDGE,4,4,256,taking,textual,coefficient,-0.07491435960631855,0.07491435960631855,negative,113,,50
B_RIDGE,4,4,25,bad,textual,coefficient,-0.07318497783076458,0.07318497783076458,negative,114,,51
B_RIDGE,4,4,10,adhd brain,textual,coefficient,0.0730756896135653,0.0730756896135653,positive,115,64,
B_RIDGE,4,4,278,understand,textual,coefficient,-0.07276338499190807,0.07276338499190807,negative,116,,52
B_RIDGE,4,4,180,minutes,textual,coefficient,-0.0725245496069332,0.0725245496069332,negative,117,,53
B_RIDGE,4,4,223,seen,textual,coefficient,-0.07238660202843686,0.07238660202843686,negative,118,,54
B_RIDGE,4,4,22,autism,textual,coefficient,-0.07227283616089061,0.07227283616089061,negative,119,,55
B_RIDGE,4,4,8,addiction,textual,coefficient,0.07107975344759099,0.07107975344759099,positive,120,65,
B_RIDGE,4,4,282,usually,textual,coefficient,-0.07072316716819246,0.07072316716819246,negative,121,,56
B_RIDGE,4,4,48,condition,textual,coefficient,-0.07067183583612181,0.07067183583612181,negative,122,,57
B_RIDGE,4,4,44,comes,textual,coefficient,-0.0704105857328868,0.0704105857328868,negative,123,,58
B_RIDGE,4,4,263,term,textual,coefficient,-0.07026499631082188,0.07026499631082188,negative,124,,59
B_RIDGE,4,4,264,test,textual,coefficient,-0.06936914940157368,0.06936914940157368,negative,125,,60
B_RIDGE,4,4,246,stress,textual,coefficient,0.06871108134101259,0.06871108134101259,positive,126,66,
B_RIDGE,4,4,124,hyperactive,textual,coefficient,-0.0684800937446758,0.0684800937446758,negative,127,,61
B_RIDGE,4,4,120,high,textual,coefficient,0.06774976070900171,0.06774976070900171,positive,128,67,
B_RIDGE,4,4,78,effective,textual,coefficient,0.06755082686659396,0.06755082686659396,positive,129,68,
B_RIDGE,4,4,154,literally,textual,coefficient,0.0670989293741301,0.0670989293741301,positive,130,69,
B_RIDGE,4,4,165,love,textual,coefficient,0.06692997865352475,0.06692997865352475,positive,131,70,
B_RIDGE,4,4,84,especially,textual,coefficient,0.06666142765451231,0.06666142765451231,positive,132,71,
B_RIDGE,4,4,89,fact,textual,coefficient,0.06615878161252581,0.06615878161252581,positive,133,72,
B_RIDGE,4,4,31,body,textual,coefficient,0.06577749731597463,0.06577749731597463,positive,134,73,
B_RIDGE,4,4,203,present,textual,coefficient,-0.06559742687995386,0.06559742687995386,negative,135,,62
B_RIDGE,4,4,184,needs,textual,coefficient,0.0651615321356836,0.0651615321356836,positive,136,74,
B_RIDGE,4,4,96,finally,textual,coefficient,-0.06490716991304162,0.06490716991304162,negative,137,,63
B_RIDGE,4,4,86,example,textual,coefficient,-0.06445306739528744,0.06445306739528744,negative,138,,64
B_RIDGE,4,4,176,medicine,textual,coefficient,-0.06423370350958021,0.06423370350958021,negative,139,,65
B_RIDGE,4,4,178,mental,textual,coefficient,-0.06266284289533568,0.06266284289533568,negative,140,,66
B_RIDGE,4,4,258,talking,textual,coefficient,-0.06232739918910034,0.06232739918910034,negative,141,,67
B_RIDGE,4,4,237,somebody,textual,coefficient,-0.06164167448636234,0.06164167448636234,negative,142,,68
B_RIDGE,4,4,194,parents,textual,coefficient,-0.06051543769551807,0.06051543769551807,negative,143,,69
B_RIDGE,4,4,132,information,textual,coefficient,0.06023945546046528,0.06023945546046528,positive,144,75,
B_RIDGE,4,4,158,long,textual,coefficient,-0.05745429776849819,0.05745429776849819,negative,145,,70
B_RIDGE,4,4,113,hard,textual,coefficient,-0.05687685679787516,0.05687685679787516,negative,146,,71
B_RIDGE,4,4,177,memory,textual,coefficient,-0.056807455520417466,0.056807455520417466,negative,147,,72
B_RIDGE,4,4,50,constantly,textual,coefficient,0.05636793996705152,0.05636793996705152,positive,148,76,
B_RIDGE,4,4,247,struggle,textual,coefficient,-0.05621066633453069,0.05621066633453069,negative,149,,73
B_RIDGE,4,4,241,stimulant,textual,coefficient,-0.05611292908525179,0.05611292908525179,negative,150,,74
B_RIDGE,4,4,104,functioning,textual,coefficient,0.0546120393445447,0.0546120393445447,positive,151,77,
B_RIDGE,4,4,199,person,textual,coefficient,0.05422728937005371,0.05422728937005371,positive,152,78,
B_RIDGE,4,4,47,completely,textual,coefficient,0.0536181214155683,0.0536181214155683,positive,153,79,
B_RIDGE,4,4,82,end,textual,coefficient,0.053160859976145086,0.053160859976145086,positive,154,80,
B_RIDGE,4,4,131,increase,textual,coefficient,-0.05256420093936947,0.05256420093936947,negative,155,,75
B_RIDGE,4,4,56,depression,textual,coefficient,-0.05222212667813775,0.05222212667813775,negative,156,,76
B_RIDGE,4,4,217,risk,textual,coefficient,-0.05189050122055135,0.05189050122055135,negative,157,,77
B_RIDGE,4,4,265,thing,textual,coefficient,0.0510668721860086,0.0510668721860086,positive,158,81,
B_RIDGE,4,4,164,lots,textual,coefficient,0.05089345416224948,0.05089345416224948,positive,159,82,
B_RIDGE,4,4,249,studies,textual,coefficient,-0.049587714162481374,0.049587714162481374,negative,160,,78
B_RIDGE,4,4,37,calm,textual,coefficient,0.04939901823258854,0.04939901823258854,positive,161,83,
B_RIDGE,4,4,202,place,textual,coefficient,0.04924631991972723,0.04924631991972723,positive,162,84,
B_RIDGE,4,4,30,bit,textual,coefficient,-0.04867186815335144,0.04867186815335144,negative,163,,79
B_RIDGE,4,4,49,constant,textual,coefficient,0.04831919489856098,0.04831919489856098,positive,164,85,
B_RIDGE,4,4,210,really,textual,coefficient,-0.04796557960043634,0.04796557960043634,negative,165,,80
B_RIDGE,4,4,12,adhd medication,textual,coefficient,-0.047722388139856596,0.047722388139856596,negative,166,,81
B_RIDGE,4,4,298,years,textual,coefficient,0.04720468562319134,0.04720468562319134,positive,167,86,
B_RIDGE,4,4,163,lot people,textual,coefficient,0.04703208263800067,0.04703208263800067,positive,168,87,
B_RIDGE,4,4,168,makes,textual,coefficient,0.04682996129705935,0.04682996129705935,positive,169,88,
B_RIDGE,4,4,126,hyperfocus,textual,coefficient,-0.04629117316911204,0.04629117316911204,negative,170,,82
B_RIDGE,4,4,259,task,textual,coefficient,0.04616756908338494,0.04616756908338494,positive,171,89,
B_RIDGE,4,4,123,hours,textual,coefficient,0.045932788380999415,0.045932788380999415,positive,172,90,
B_RIDGE,4,4,267,things like,textual,coefficient,-0.045190513784929276,0.045190513784929276,negative,173,,83
B_RIDGE,4,4,224,self,textual,coefficient,0.04503811851114072,0.04503811851114072,positive,174,91,
B_RIDGE,4,4,98,follow,textual,coefficient,0.04466394331883535,0.04466394331883535,positive,175,92,
B_RIDGE,4,4,63,different,textual,coefficient,-0.0446133252929339,0.0446133252929339,negative,176,,84
B_RIDGE,4,4,159,long term,textual,coefficient,-0.0441934925530959,0.0441934925530959,negative,177,,85
B_RIDGE,4,4,149,level,textual,coefficient,-0.04388955339106374,0.04388955339106374,negative,178,,86
B_RIDGE,4,4,77,eating,textual,coefficient,0.04376136968656222,0.04376136968656222,positive,179,93,
B_RIDGE,4,4,29,big,textual,coefficient,-0.04364753733471584,0.04364753733471584,negative,180,,87
B_RIDGE,4,4,220,saying,textual,coefficient,0.04351063821754147,0.04351063821754147,positive,181,94,
B_RIDGE,4,4,275,type,textual,coefficient,-0.04345825911873422,0.04345825911873422,negative,182,,88
B_RIDGE,4,4,170,manage,textual,coefficient,-0.04298441985045662,0.04298441985045662,negative,183,,89
B_RIDGE,4,4,253,support,textual,coefficient,-0.042423288183827346,0.042423288183827346,negative,184,,90
B_RIDGE,4,4,228,seven,textual,coefficient,-0.04163955982933704,0.04163955982933704,negative,185,,91
B_RIDGE,4,4,200,phone,textual,coefficient,0.04148865069690735,0.04148865069690735,positive,186,95,
B_RIDGE,4,4,222,second,textual,coefficient,-0.041132128103758755,0.041132128103758755,negative,187,,92
B_RIDGE,4,4,134,interesting,textual,coefficient,0.041084460519557706,0.041084460519557706,positive,188,96,
B_RIDGE,4,4,54,days,textual,coefficient,0.04096072788474889,0.04096072788474889,positive,189,97,
B_RIDGE,4,4,274,trying,textual,coefficient,0.04084941644694962,0.04084941644694962,positive,190,98,
B_RIDGE,4,4,251,stuff,textual,coefficient,0.04014298485931256,0.04014298485931256,positive,191,99,
B_RIDGE,4,4,240,stay,textual,coefficient,-0.03942801351528097,0.03942801351528097,negative,192,,93
B_RIDGE,4,4,100,foods,textual,coefficient,-0.03918908993092429,0.03918908993092429,negative,193,,94
B_RIDGE,4,4,135,isn,textual,coefficient,0.03905339093432037,0.03905339093432037,positive,194,100,
B_RIDGE,4,4,67,distracted,textual,coefficient,-0.039013269464042724,0.039013269464042724,negative,195,,95
B_RIDGE,4,4,150,levels,textual,coefficient,0.038705716195765384,0.038705716195765384,positive,196,101,
B_RIDGE,4,4,75,easily,textual,coefficient,-0.0384633781106022,0.0384633781106022,negative,197,,96
B_RIDGE,4,4,114,harder,textual,coefficient,0.038366058199138,0.038366058199138,positive,198,102,
B_RIDGE,4,4,293,works,textual,coefficient,0.03834523762175946,0.03834523762175946,positive,199,103,
B_RIDGE,4,4,190,oh,textual,coefficient,-0.03833738307462221,0.03833738307462221,negative,200,,97
B_RIDGE,4,4,201,physical,textual,coefficient,-0.03817885985109942,0.03817885985109942,negative,201,,98
B_RIDGE,4,4,284,ve got,textual,coefficient,0.038050584223389625,0.038050584223389625,positive,202,104,
B_RIDGE,4,4,286,wait,textual,coefficient,-0.03680911055335446,0.03680911055335446,negative,203,,99
B_RIDGE,4,4,103,function,textual,coefficient,0.035700383342750455,0.035700383342750455,positive,204,105,
B_RIDGE,4,4,231,shows,textual,coefficient,0.035333467392827944,0.035333467392827944,positive,205,106,
B_RIDGE,4,4,215,research,textual,coefficient,0.03469532811035555,0.03469532811035555,positive,206,107,
B_RIDGE,4,4,101,forget,textual,coefficient,-0.03452307468150023,0.03452307468150023,negative,207,,100
B_RIDGE,4,4,62,difference,textual,coefficient,-0.034419787025886585,0.034419787025886585,negative,208,,101
B_RIDGE,4,4,289,ways,textual,coefficient,-0.034007349491523224,0.034007349491523224,negative,209,,102
B_RIDGE,4,4,236,social,textual,coefficient,0.033697920484187974,0.033697920484187974,positive,210,108,
B_RIDGE,4,4,66,disorder,textual,coefficient,-0.033534982549840685,0.033534982549840685,negative,211,,103
B_RIDGE,4,4,28,better,textual,coefficient,0.032816512726665796,0.032816512726665796,positive,212,109,
B_RIDGE,4,4,143,late,textual,coefficient,-0.0323261572721219,0.0323261572721219,negative,213,,104
B_RIDGE,4,4,300,certainty_score,handcrafted_linguistic,coefficient,0.03221458849397164,0.03221458849397164,positive,214,110,
B_RIDGE,4,4,116,health,textual,coefficient,0.031855505370633204,0.031855505370633204,positive,215,111,
B_RIDGE,4,4,270,times,textual,coefficient,0.031688632457239484,0.031688632457239484,positive,216,112,
B_RIDGE,4,4,97,focus,textual,coefficient,0.031453969829470026,0.031453969829470026,positive,217,113,
B_RIDGE,4,4,2,ability,textual,coefficient,0.031228966629360814,0.031228966629360814,positive,218,114,
B_RIDGE,4,4,137,job,textual,coefficient,-0.02957056264530306,0.02957056264530306,negative,219,,105
B_RIDGE,4,4,160,look,textual,coefficient,-0.029421902428923473,0.029421902428923473,negative,220,,106
B_RIDGE,4,4,70,doesn,textual,coefficient,0.028559652463059998,0.028559652463059998,positive,221,115,
B_RIDGE,4,4,147,let,textual,coefficient,0.028502322313844402,0.028502322313844402,positive,222,116,
B_RIDGE,4,4,156,little bit,textual,coefficient,-0.028434296916036782,0.028434296916036782,negative,223,,107
B_RIDGE,4,4,288,way,textual,coefficient,0.02789811291919264,0.02789811291919264,positive,224,117,
B_RIDGE,4,4,226,sensitive,textual,coefficient,0.02752511051241191,0.02752511051241191,positive,225,118,
B_RIDGE,4,4,233,sit,textual,coefficient,-0.027026845154022656,0.027026845154022656,negative,226,,108
B_RIDGE,4,4,148,let talk,textual,coefficient,-0.026925311673082666,0.026925311673082666,negative,227,,109
B_RIDGE,4,4,290,women,textual,coefficient,-0.026890302980655294,0.026890302980655294,negative,228,,110
B_RIDGE,4,4,208,real,textual,coefficient,-0.02665616776971945,0.02665616776971945,negative,229,,111
B_RIDGE,4,4,52,create,textual,coefficient,0.02631529008974861,0.02631529008974861,positive,230,119,
B_RIDGE,4,4,209,realize,textual,coefficient,-0.025811252745159777,0.025811252745159777,negative,231,,112
B_RIDGE,4,4,280,used,textual,coefficient,0.024219414125800066,0.024219414125800066,positive,232,120,
B_RIDGE,4,4,205,problem,textual,coefficient,-0.02385480051378813,0.02385480051378813,negative,233,,113
B_RIDGE,4,4,273,try,textual,coefficient,0.023383026097861144,0.023383026097861144,positive,234,121,
B_RIDGE,4,4,18,alcohol,textual,coefficient,-0.02310685849585622,0.02310685849585622,negative,235,,114
B_RIDGE,4,4,107,goes,textual,coefficient,0.022964917468975367,0.022964917468975367,positive,236,122,
B_RIDGE,4,4,204,probably,textual,coefficient,0.02287238559632369,0.02287238559632369,positive,237,123,
B_RIDGE,4,4,13,adhd people,textual,coefficient,0.022816725736954344,0.022816725736954344,positive,238,124,
B_RIDGE,4,4,277,um,textual,coefficient,-0.022302999942322908,0.022302999942322908,negative,239,,115
B_RIDGE,4,4,161,looking,textual,coefficient,-0.022153959280908023,0.022153959280908023,negative,240,,116
B_RIDGE,4,4,229,share,textual,coefficient,-0.02164707794695547,0.02164707794695547,negative,241,,117
B_RIDGE,4,4,167,make,textual,coefficient,-0.02158668618872326,0.02158668618872326,negative,242,,118
B_RIDGE,4,4,169,making,textual,coefficient,0.021097730245148945,0.021097730245148945,positive,243,125,
B_RIDGE,4,4,3,able,textual,coefficient,-0.01998924030222566,0.01998924030222566,negative,244,,119
B_RIDGE,4,4,99,food,textual,coefficient,-0.0198500392613705,0.0198500392613705,negative,245,,120
B_RIDGE,4,4,140,kind,textual,coefficient,0.019362373645473024,0.019362373645473024,positive,246,126,
B_RIDGE,4,4,118,helpful,textual,coefficient,0.019162785096385113,0.019162785096385113,positive,247,127,
B_RIDGE,4,4,105,gets,textual,coefficient,0.01867054850940188,0.01867054850940188,positive,248,128,
B_RIDGE,4,4,153,likely,textual,coefficient,-0.01833326674530043,0.01833326674530043,negative,249,,121
B_RIDGE,4,4,157,ll,textual,coefficient,0.017702657040271685,0.017702657040271685,positive,250,129,
B_RIDGE,4,4,55,deficit,textual,coefficient,0.01721772966168558,0.01721772966168558,positive,251,130,
B_RIDGE,4,4,248,struggling,textual,coefficient,-0.016249851376324485,0.016249851376324485,negative,252,,122
B_RIDGE,4,4,192,open,textual,coefficient,-0.01591204833745604,0.01591204833745604,negative,253,,123
B_RIDGE,4,4,93,feel like,textual,coefficient,0.015056291118524199,0.015056291118524199,positive,254,131,
B_RIDGE,4,4,261,tell,textual,coefficient,-0.015038500152965428,0.015038500152965428,negative,255,,124
B_RIDGE,4,4,17,affect,textual,coefficient,-0.01494556697269386,0.01494556697269386,negative,256,,125
B_RIDGE,4,4,230,short,textual,coefficient,-0.014816295201600962,0.014816295201600962,negative,257,,126
B_RIDGE,4,4,51,control,textual,coefficient,0.014256000379008373,0.014256000379008373,positive,258,132,
B_RIDGE,4,4,294,world,textual,coefficient,0.014085294615756505,0.014085294615756505,positive,259,133,
B_RIDGE,4,4,57,diagnosed,textual,coefficient,-0.013726361948839024,0.013726361948839024,negative,260,,127
B_RIDGE,4,4,250,study,textual,coefficient,0.013195449007617073,0.013195449007617073,positive,261,134,
B_RIDGE,4,4,20,ask,textual,coefficient,0.012871408451662986,0.012871408451662986,positive,262,135,
B_RIDGE,4,4,188,norepinephrine,textual,coefficient,-0.01144534805758304,0.01144534805758304,negative,263,,128
B_RIDGE,4,4,69,does,textual,coefficient,0.01128659717208781,0.01128659717208781,positive,264,136,
B_RIDGE,4,4,162,lot,textual,coefficient,0.010937490332561507,0.010937490332561507,positive,265,137,
B_RIDGE,4,4,90,family,textual,coefficient,0.01043734149911536,0.01043734149911536,positive,266,138,
B_RIDGE,4,4,225,sense,textual,coefficient,0.009865505770834435,0.009865505770834435,positive,267,139,
B_RIDGE,4,4,109,good,textual,coefficient,-0.009617742858573692,0.009617742858573692,negative,268,,129
B_RIDGE,4,4,260,tasks,textual,coefficient,-0.009276857116221152,0.009276857116221152,negative,269,,130
B_RIDGE,4,4,74,dysfunction,textual,coefficient,0.00916029911396748,0.00916029911396748,positive,270,140,
B_RIDGE,4,4,172,mean,textual,coefficient,-0.009037709779616068,0.009037709779616068,negative,271,,131
B_RIDGE,4,4,41,child,textual,coefficient,0.008985873604134597,0.008985873604134597,positive,272,141,
B_RIDGE,4,4,193,order,textual,coefficient,-0.008892191050395173,0.008892191050395173,negative,273,,132
B_RIDGE,4,4,266,things,textual,coefficient,-0.008162869393196853,0.008162869393196853,negative,274,,133
B_RIDGE,4,4,218,said,textual,coefficient,0.008114721283942588,0.008114721283942588,positive,275,142,
B_RIDGE,4,4,7,add,textual,coefficient,0.007581003585342362,0.007581003585342362,positive,276,143,
B_RIDGE,4,4,112,happens,textual,coefficient,0.006989688736713429,0.006989688736713429,positive,277,144,
B_RIDGE,4,4,198,people adhd,textual,coefficient,0.0069677049270881275,0.0069677049270881275,positive,278,145,
B_RIDGE,4,4,87,executive,textual,coefficient,0.006867307253654066,0.006867307253654066,positive,279,146,
B_RIDGE,4,4,122,highly,textual,coefficient,-0.006794712924874143,0.006794712924874143,negative,280,,134
B_RIDGE,4,4,235,small,textual,coefficient,0.006759046058947704,0.006759046058947704,positive,281,147,
B_RIDGE,4,4,146,learning,textual,coefficient,-0.006725258395009633,0.006725258395009633,negative,282,,135
B_RIDGE,4,4,26,behavior,textual,coefficient,0.006620902188565979,0.006620902188565979,positive,283,148,
B_RIDGE,4,4,212,regulation,textual,coefficient,0.006531116136126247,0.006531116136126247,positive,284,149,
B_RIDGE,4,4,142,lack,textual,coefficient,0.006369678095323563,0.006369678095323563,positive,285,150,
B_RIDGE,4,4,196,pay,textual,coefficient,-0.005518004723828307,0.005518004723828307,negative,286,,136
B_RIDGE,4,4,38,care,textual,coefficient,0.0053238426921316,0.0053238426921316,positive,287,151,
B_RIDGE,4,4,4,activities,textual,coefficient,-0.004667402154877043,0.004667402154877043,negative,288,,137
B_RIDGE,4,4,299,yes,textual,coefficient,-0.004426349577312297,0.004426349577312297,negative,289,,138
B_RIDGE,4,4,94,feeling,textual,coefficient,0.004341304296165143,0.004341304296165143,positive,290,152,
B_RIDGE,4,4,45,coming,textual,coefficient,0.004141410340660311,0.004141410340660311,positive,291,153,
B_RIDGE,4,4,85,everybody,textual,coefficient,-0.003083421988981882,0.003083421988981882,negative,292,,139
B_RIDGE,4,4,297,yeah,textual,coefficient,-0.002802109757370417,0.002802109757370417,negative,293,,140
B_RIDGE,4,4,80,emotional,textual,coefficient,-0.0026945177720655395,0.0026945177720655395,negative,294,,141
B_RIDGE,4,4,281,using,textual,coefficient,-0.002678837394692419,0.002678837394692419,negative,295,,142
B_RIDGE,4,4,40,change,textual,coefficient,-0.00254102591771534,0.00254102591771534,negative,296,,143
B_RIDGE,4,4,71,doing,textual,coefficient,0.00209344247059061,0.00209344247059061,positive,297,154,
B_RIDGE,4,4,181,motivation,textual,coefficient,-0.0019871068036239493,0.0019871068036239493,negative,298,,144
B_RIDGE,4,4,155,little,textual,coefficient,-0.0014784125518494838,0.0014784125518494838,negative,299,,145
B_RIDGE,4,4,133,instead,textual,coefficient,-0.0013999781058682244,0.0013999781058682244,negative,300,,146
B_RIDGE,4,4,214,remember,textual,coefficient,-0.0011316056756037922,0.0011316056756037922,negative,301,,147
B_RIDGE,4,4,207,protein,textual,coefficient,-7.28948422603417e-05,7.28948422603417e-05,negative,302,,148
B_RIDGE,5,1,252,symptoms,textual,coefficient,1.583953812360817,1.583953812360817,positive,1,1,
B_RIDGE,5,1,58,depression,textual,coefficient,-1.0926953095008938,1.0926953095008938,negative,2,,1
B_RIDGE,5,1,185,music,textual,coefficient,0.9534138585758117,0.9534138585758117,positive,3,2,
B_RIDGE,5,1,276,type,textual,coefficient,-0.9082157797473075,0.9082157797473075,negative,4,,2
B_RIDGE,5,1,121,having,textual,coefficient,0.8698436883375082,0.8698436883375082,positive,5,3,
B_RIDGE,5,1,128,higher,textual,coefficient,0.8446177403328541,0.8446177403328541,positive,6,4,
B_RIDGE,5,1,257,tasks,textual,coefficient,0.8375388580242169,0.8375388580242169,positive,7,5,
B_RIDGE,5,1,261,test,textual,coefficient,-0.8189781854578464,0.8189781854578464,negative,8,,3
B_RIDGE,5,1,47,comes,textual,coefficient,-0.8056825162792616,0.8056825162792616,negative,9,,4
B_RIDGE,5,1,295,worse,textual,coefficient,-0.7793193539671975,0.7793193539671975,negative,10,,5
B_RIDGE,5,1,113,good,textual,coefficient,-0.7527143058960262,0.7527143058960262,negative,11,,6
B_RIDGE,5,1,33,bit,textual,coefficient,-0.7503683612797202,0.7503683612797202,negative,12,,7
B_RIDGE,5,1,75,doing,textual,coefficient,0.7478212556211806,0.7478212556211806,positive,13,6,
B_RIDGE,5,1,137,impulsive,textual,coefficient,0.7152696591128046,0.7152696591128046,positive,14,7,
B_RIDGE,5,1,238,stimulant,textual,coefficient,0.7050342125308559,0.7050342125308559,positive,15,8,
B_RIDGE,5,1,235,start,textual,coefficient,0.7023434860936195,0.7023434860936195,positive,16,9,
B_RIDGE,5,1,81,easily,textual,coefficient,0.6716648561846668,0.6716648561846668,positive,17,10,
B_RIDGE,5,1,272,trouble,textual,coefficient,0.6573708559485428,0.6573708559485428,positive,18,11,
B_RIDGE,5,1,78,dopamine,textual,coefficient,-0.6377097836819986,0.6377097836819986,negative,19,,8
B_RIDGE,5,1,288,way,textual,coefficient,-0.6287732943328026,0.6287732943328026,negative,20,,9
B_RIDGE,5,1,48,common,textual,coefficient,0.6270693687762122,0.6270693687762122,positive,21,12,
B_RIDGE,5,1,284,ve,textual,coefficient,-0.6134616770091655,0.6134616770091655,negative,22,,10
B_RIDGE,5,1,56,day,textual,coefficient,-0.6118618790802386,0.6118618790802386,negative,23,,11
B_RIDGE,5,1,250,support,textual,coefficient,0.5983768512804208,0.5983768512804208,positive,24,13,
B_RIDGE,5,1,4,absolutely,textual,coefficient,0.5805474124169689,0.5805474124169689,positive,25,14,
B_RIDGE,5,1,64,diet,textual,coefficient,-0.5790669099955021,0.5790669099955021,negative,26,,12
B_RIDGE,5,1,249,sugar,textual,coefficient,-0.575770503455489,0.575770503455489,negative,27,,13
B_RIDGE,5,1,299,yes,textual,coefficient,0.5716335858986248,0.5716335858986248,positive,28,15,
B_RIDGE,5,1,150,late,textual,coefficient,-0.5669527018205904,0.5669527018205904,negative,29,,14
B_RIDGE,5,1,85,emotions,textual,coefficient,0.5498501601396533,0.5498501601396533,positive,30,16,
B_RIDGE,5,1,190,new,textual,coefficient,-0.5495062725394338,0.5495062725394338,negative,31,,15
B_RIDGE,5,1,160,little bit,textual,coefficient,-0.5400201325043227,0.5400201325043227,negative,32,,16
B_RIDGE,5,1,197,people,textual,coefficient,-0.5394643849158567,0.5394643849158567,negative,33,,17
B_RIDGE,5,1,208,real,textual,coefficient,0.5365169238151297,0.5365169238151297,positive,34,17,
B_RIDGE,5,1,186,need,textual,coefficient,-0.5334290397942115,0.5334290397942115,negative,35,,18
B_RIDGE,5,1,201,physical,textual,coefficient,-0.5316204349515062,0.5316204349515062,negative,36,,19
B_RIDGE,5,1,184,motivation,textual,coefficient,-0.5257038920592655,0.5257038920592655,negative,37,,20
B_RIDGE,5,1,229,sit,textual,coefficient,-0.5226242742984755,0.5226242742984755,negative,38,,21
B_RIDGE,5,1,224,sensitive,textual,coefficient,-0.5187449020494199,0.5187449020494199,negative,39,,22
B_RIDGE,5,1,112,gonna,textual,coefficient,-0.514712472941018,0.514712472941018,negative,40,,23
B_RIDGE,5,1,210,reason,textual,coefficient,-0.508492155796457,0.508492155796457,negative,41,,24
B_RIDGE,5,1,205,problem,textual,coefficient,0.49979263176485134,0.49979263176485134,positive,42,18,
B_RIDGE,5,1,92,experience,textual,coefficient,0.49657974675241356,0.49657974675241356,positive,43,19,
B_RIDGE,5,1,242,strategies,textual,coefficient,0.4959856282675256,0.4959856282675256,positive,44,20,
B_RIDGE,5,1,23,attention deficit,textual,coefficient,-0.4923338196254574,0.4923338196254574,negative,45,,25
B_RIDGE,5,1,181,mind,textual,coefficient,-0.48867146937675476,0.48867146937675476,negative,46,,26
B_RIDGE,5,1,176,medication,textual,coefficient,0.48034683843029424,0.48034683843029424,positive,47,21,
B_RIDGE,5,1,53,constantly,textual,coefficient,0.4801202427950638,0.4801202427950638,positive,48,22,
B_RIDGE,5,1,7,actually,textual,coefficient,-0.4737530707216237,0.4737530707216237,negative,49,,27
B_RIDGE,5,1,134,hyperactivity,textual,coefficient,-0.46804459554050953,0.46804459554050953,negative,50,,28
B_RIDGE,5,1,236,state,textual,coefficient,-0.46289097968494536,0.46289097968494536,negative,51,,29
B_RIDGE,5,1,287,want,textual,coefficient,-0.4557597657719772,0.4557597657719772,negative,52,,30
B_RIDGE,5,1,120,harder,textual,coefficient,0.44728852961894316,0.44728852961894316,positive,53,23,
B_RIDGE,5,1,169,lower,textual,coefficient,-0.4387325912960137,0.4387325912960137,negative,54,,31
B_RIDGE,5,1,41,care,textual,coefficient,-0.43752986684728684,0.43752986684728684,negative,55,,32
B_RIDGE,5,1,20,anxiety,textual,coefficient,0.42992620327951253,0.42992620327951253,positive,56,24,
B_RIDGE,5,1,9,addiction,textual,coefficient,-0.42648592246902134,0.42648592246902134,negative,57,,33
B_RIDGE,5,1,61,diagnosis,textual,coefficient,0.42505266774814376,0.42505266774814376,positive,58,25,
B_RIDGE,5,1,298,years,textual,coefficient,-0.42498337976183753,0.42498337976183753,negative,59,,34
B_RIDGE,5,1,86,end,textual,coefficient,0.42440500388152924,0.42440500388152924,positive,60,26,
B_RIDGE,5,1,107,function,textual,coefficient,0.42032758701855516,0.42032758701855516,positive,61,27,
B_RIDGE,5,1,96,feel like,textual,coefficient,0.41243961440503196,0.41243961440503196,positive,62,28,
B_RIDGE,5,1,135,impact,textual,coefficient,0.4122763889715103,0.4122763889715103,positive,63,29,
B_RIDGE,5,1,175,means,textual,coefficient,-0.4118185993711757,0.4118185993711757,negative,64,,35
B_RIDGE,5,1,277,uh,textual,coefficient,-0.41147720858899817,0.41147720858899817,negative,65,,36
B_RIDGE,5,1,74,doesn,textual,coefficient,-0.4107999901643072,0.4107999901643072,negative,66,,37
B_RIDGE,5,1,155,life,textual,coefficient,0.4096087592368385,0.4096087592368385,positive,67,30,
B_RIDGE,5,1,196,patients,textual,coefficient,-0.40849422731258656,0.40849422731258656,negative,68,,38
B_RIDGE,5,1,57,deficit,textual,coefficient,-0.40207732598785045,0.40207732598785045,negative,69,,39
B_RIDGE,5,1,162,long,textual,coefficient,-0.40114407720822004,0.40114407720822004,negative,70,,40
B_RIDGE,5,1,139,increase,textual,coefficient,-0.4011216369026332,0.4011216369026332,negative,71,,41
B_RIDGE,5,1,50,condition,textual,coefficient,0.39895061327706965,0.39895061327706965,positive,72,31,
B_RIDGE,5,1,263,thing,textual,coefficient,-0.3946922874691633,0.3946922874691633,negative,73,,42
B_RIDGE,5,1,168,low,textual,coefficient,0.39437379265570316,0.39437379265570316,positive,74,32,
B_RIDGE,5,1,62,did,textual,coefficient,-0.3900184448568717,0.3900184448568717,negative,75,,43
B_RIDGE,5,1,132,hyper,textual,coefficient,-0.38870454662602905,0.38870454662602905,negative,76,,44
B_RIDGE,5,1,131,hours,textual,coefficient,0.3881055513616191,0.3881055513616191,positive,77,33,
B_RIDGE,5,1,28,basically,textual,coefficient,-0.38596242956554466,0.38596242956554466,negative,78,,45
B_RIDGE,5,1,278,um,textual,coefficient,0.3825121235711557,0.3825121235711557,positive,79,34,
B_RIDGE,5,1,173,maybe,textual,coefficient,-0.38023792217741326,0.38023792217741326,negative,80,,46
B_RIDGE,5,1,230,sleep,textual,coefficient,-0.3800587660462764,0.3800587660462764,negative,81,,47
B_RIDGE,5,1,195,parents,textual,coefficient,0.37748089515039757,0.37748089515039757,positive,82,35,
B_RIDGE,5,1,188,nervous,textual,coefficient,-0.3721915823450627,0.3721915823450627,negative,83,,48
B_RIDGE,5,1,246,studies,textual,coefficient,0.36907185210956456,0.36907185210956456,positive,84,36,
B_RIDGE,5,1,279,understand,textual,coefficient,-0.3631755124918874,0.3631755124918874,negative,85,,49
B_RIDGE,5,1,273,try,textual,coefficient,-0.36071611627027533,0.36071611627027533,negative,86,,50
B_RIDGE,5,1,22,attention,textual,coefficient,-0.36036130668717176,0.36036130668717176,negative,87,,51
B_RIDGE,5,1,90,executive,textual,coefficient,0.36014806911979025,0.36014806911979025,positive,88,37,
B_RIDGE,5,1,225,sensory,textual,coefficient,-0.36008802033334636,0.36008802033334636,negative,89,,52
B_RIDGE,5,1,70,disorder,textual,coefficient,-0.3591208053520528,0.3591208053520528,negative,90,,53
B_RIDGE,5,1,270,times,textual,coefficient,0.35883092419945023,0.35883092419945023,positive,91,38,
B_RIDGE,5,1,269,time,textual,coefficient,-0.3587380344332657,0.3587380344332657,negative,92,,54
B_RIDGE,5,1,266,think,textual,coefficient,0.35550735810451345,0.35550735810451345,positive,93,39,
B_RIDGE,5,1,79,dr,textual,coefficient,-0.35165906034078537,0.35165906034078537,negative,94,,55
B_RIDGE,5,1,118,happens,textual,coefficient,-0.35081962682646994,0.35081962682646994,negative,95,,56
B_RIDGE,5,1,290,women,textual,coefficient,-0.35008245091290346,0.35008245091290346,negative,96,,57
B_RIDGE,5,1,143,issues,textual,coefficient,-0.34209132695393385,0.34209132695393385,negative,97,,58
B_RIDGE,5,1,54,control,textual,coefficient,-0.3410373080856191,0.3410373080856191,negative,98,,59
B_RIDGE,5,1,65,difference,textual,coefficient,0.3330853179134416,0.3330853179134416,positive,99,40,
B_RIDGE,5,1,209,really,textual,coefficient,0.33269538475693305,0.33269538475693305,positive,100,41,
B_RIDGE,5,1,138,impulsivity,textual,coefficient,0.32874647837745236,0.32874647837745236,positive,101,42,
B_RIDGE,5,1,127,high,textual,coefficient,-0.327776447388383,0.327776447388383,negative,102,,60
B_RIDGE,5,1,282,using,textual,coefficient,0.32628007166790224,0.32628007166790224,positive,103,43,
B_RIDGE,5,1,106,fucking,textual,coefficient,-0.3255597654534209,0.3255597654534209,negative,104,,61
B_RIDGE,5,1,213,rejection,textual,coefficient,-0.3253079047669073,0.3253079047669073,negative,105,,62
B_RIDGE,5,1,157,likely,textual,coefficient,-0.32498189308253705,0.32498189308253705,negative,106,,63
B_RIDGE,5,1,124,help,textual,coefficient,-0.3239138478371082,0.3239138478371082,negative,107,,64
B_RIDGE,5,1,237,stay,textual,coefficient,-0.32051074529280227,0.32051074529280227,negative,108,,65
B_RIDGE,5,1,94,fast,textual,coefficient,-0.31786627070001666,0.31786627070001666,negative,109,,66
B_RIDGE,5,1,32,big,textual,coefficient,0.31723413200245265,0.31723413200245265,positive,110,44,
B_RIDGE,5,1,286,video,textual,coefficient,0.31566008954532015,0.31566008954532015,positive,111,45,
B_RIDGE,5,1,5,activities,textual,coefficient,0.31565704217591084,0.31565704217591084,positive,112,46,
B_RIDGE,5,1,16,adults,textual,coefficient,-0.31417941581400777,0.31417941581400777,negative,113,,67
B_RIDGE,5,1,1,20,textual,coefficient,0.31297166349016087,0.31297166349016087,positive,114,47,
B_RIDGE,5,1,51,consequences,textual,coefficient,-0.3112485855300474,0.3112485855300474,negative,115,,68
B_RIDGE,5,1,206,problems,textual,coefficient,0.3102674494699296,0.3102674494699296,positive,116,48,
B_RIDGE,5,1,6,activity,textual,coefficient,-0.3063540628619708,0.3063540628619708,negative,117,,69
B_RIDGE,5,1,199,person,textual,coefficient,0.30469674814277753,0.30469674814277753,positive,118,49,
B_RIDGE,5,1,103,food,textual,coefficient,-0.3028810795397667,0.3028810795397667,negative,119,,70
B_RIDGE,5,1,154,levels,textual,coefficient,-0.299925483244706,0.299925483244706,negative,120,,71
B_RIDGE,5,1,115,great,textual,coefficient,-0.297034181674591,0.297034181674591,negative,121,,72
B_RIDGE,5,1,95,feel,textual,coefficient,-0.2948268079968036,0.2948268079968036,negative,122,,73
B_RIDGE,5,1,11,adhd brain,textual,coefficient,-0.2933778896242518,0.2933778896242518,negative,123,,74
B_RIDGE,5,1,183,morning,textual,coefficient,-0.2922939737669617,0.2922939737669617,negative,124,,75
B_RIDGE,5,1,55,create,textual,coefficient,0.29093335470587206,0.29093335470587206,positive,125,50,
B_RIDGE,5,1,40,calm,textual,coefficient,-0.28586472221859033,0.28586472221859033,negative,126,,76
B_RIDGE,5,1,72,doctor,textual,coefficient,0.2800492347288237,0.2800492347288237,positive,127,51,
B_RIDGE,5,1,39,called,textual,coefficient,-0.27508269594565615,0.27508269594565615,negative,128,,77
B_RIDGE,5,1,211,regulate,textual,coefficient,-0.27280336020941565,0.27280336020941565,negative,129,,78
B_RIDGE,5,1,88,especially,textual,coefficient,-0.27258282191413896,0.27258282191413896,negative,130,,79
B_RIDGE,5,1,25,avoid,textual,coefficient,-0.27180804898591604,0.27180804898591604,negative,131,,80
B_RIDGE,5,1,156,like,textual,coefficient,0.2681417070933673,0.2681417070933673,positive,132,52,
B_RIDGE,5,1,17,affects,textual,coefficient,-0.26517639513707414,0.26517639513707414,negative,133,,81
B_RIDGE,5,1,38,caffeine,textual,coefficient,-0.26413984932384604,0.26413984932384604,negative,134,,82
B_RIDGE,5,1,215,remember,textual,coefficient,-0.26341007363130464,0.26341007363130464,negative,135,,83
B_RIDGE,5,1,133,hyperactive,textual,coefficient,0.2581880911881034,0.2581880911881034,positive,136,53,
B_RIDGE,5,1,177,medications,textual,coefficient,0.2544100855808374,0.2544100855808374,positive,137,54,
B_RIDGE,5,1,214,relationships,textual,coefficient,-0.2532761059422228,0.2532761059422228,negative,138,,84
B_RIDGE,5,1,108,gets,textual,coefficient,-0.25210059495125703,0.25210059495125703,negative,139,,85
B_RIDGE,5,1,255,talking,textual,coefficient,0.2499328862640162,0.2499328862640162,positive,140,55,
B_RIDGE,5,1,163,long term,textual,coefficient,-0.2488511348080968,0.2488511348080968,negative,141,,86
B_RIDGE,5,1,147,kind,textual,coefficient,-0.248800996795121,0.248800996795121,negative,142,,87
B_RIDGE,5,1,126,helps,textual,coefficient,-0.24740649087699584,0.24740649087699584,negative,143,,88
B_RIDGE,5,1,265,things like,textual,coefficient,-0.2430198986817289,0.2430198986817289,negative,144,,89
B_RIDGE,5,1,159,little,textual,coefficient,-0.24281518649842213,0.24281518649842213,negative,145,,90
B_RIDGE,5,1,35,brain,textual,coefficient,-0.24030172338055925,0.24030172338055925,negative,146,,91
B_RIDGE,5,1,234,sort,textual,coefficient,-0.23996536811625066,0.23996536811625066,negative,147,,92
B_RIDGE,5,1,274,trying,textual,coefficient,-0.23849937845075256,0.23849937845075256,negative,148,,93
B_RIDGE,5,1,233,somebody,textual,coefficient,-0.2382839297690703,0.2382839297690703,negative,149,,94
B_RIDGE,5,1,146,kids,textual,coefficient,0.2376525019534279,0.2376525019534279,positive,150,56,
B_RIDGE,5,1,27,based,textual,coefficient,0.23479336673362827,0.23479336673362827,positive,151,57,
B_RIDGE,5,1,180,mental,textual,coefficient,0.23458690560860856,0.23458690560860856,positive,152,58,
B_RIDGE,5,1,204,probably,textual,coefficient,-0.23260217143345802,0.23260217143345802,negative,153,,95
B_RIDGE,5,1,232,social,textual,coefficient,-0.2317184143557857,0.2317184143557857,negative,154,,96
B_RIDGE,5,1,13,adhd people,textual,coefficient,-0.22379329349815977,0.22379329349815977,negative,155,,97
B_RIDGE,5,1,30,best,textual,coefficient,0.22131490831519718,0.22131490831519718,positive,156,59,
B_RIDGE,5,1,37,burnout,textual,coefficient,0.22049842000676803,0.22049842000676803,positive,157,60,
B_RIDGE,5,1,203,point,textual,coefficient,-0.21734156904131421,0.21734156904131421,negative,158,,98
B_RIDGE,5,1,80,drink,textual,coefficient,-0.216932911527511,0.216932911527511,negative,159,,99
B_RIDGE,5,1,280,use,textual,coefficient,-0.21602138807570945,0.21602138807570945,negative,160,,100
B_RIDGE,5,1,129,highly,textual,coefficient,-0.21529212354207702,0.21529212354207702,negative,161,,101
B_RIDGE,5,1,264,things,textual,coefficient,-0.21280677334559933,0.21280677334559933,negative,162,,102
B_RIDGE,5,1,59,diagnosed,textual,coefficient,0.21205231427420487,0.21205231427420487,positive,163,61,
B_RIDGE,5,1,148,know,textual,coefficient,-0.2103178553335614,0.2103178553335614,negative,164,,103
B_RIDGE,5,1,200,phone,textual,coefficient,-0.2064908434006941,0.2064908434006941,negative,165,,104
B_RIDGE,5,1,226,short,textual,coefficient,-0.20436168166418617,0.20436168166418617,negative,166,,105
B_RIDGE,5,1,171,makes,textual,coefficient,-0.2033302751360217,0.2033302751360217,negative,167,,106
B_RIDGE,5,1,293,works,textual,coefficient,0.20242696275571628,0.20242696275571628,positive,168,62,
B_RIDGE,5,1,259,tend,textual,coefficient,-0.20230779579017832,0.20230779579017832,negative,169,,107
B_RIDGE,5,1,219,saying,textual,coefficient,0.1999395651269705,0.1999395651269705,positive,170,63,
B_RIDGE,5,1,231,small,textual,coefficient,0.19953606242585165,0.19953606242585165,positive,171,64,
B_RIDGE,5,1,151,later,textual,coefficient,-0.19762818914394573,0.19762818914394573,negative,172,,108
B_RIDGE,5,1,36,brains,textual,coefficient,-0.1963081789406834,0.1963081789406834,negative,173,,109
B_RIDGE,5,1,116,gut,textual,coefficient,-0.19492505397116228,0.19492505397116228,negative,174,,110
B_RIDGE,5,1,31,better,textual,coefficient,-0.1912144627541338,0.1912144627541338,negative,175,,111
B_RIDGE,5,1,202,place,textual,coefficient,-0.19021339978716398,0.19021339978716398,negative,176,,112
B_RIDGE,5,1,114,got,textual,coefficient,-0.1890876238313109,0.1890876238313109,negative,177,,113
B_RIDGE,5,1,244,struggle,textual,coefficient,-0.18742526691311232,0.18742526691311232,negative,178,,114
B_RIDGE,5,1,93,fact,textual,coefficient,-0.18527961892909015,0.18527961892909015,negative,179,,115
B_RIDGE,5,1,18,alcohol,textual,coefficient,-0.18482124036038997,0.18482124036038997,negative,180,,116
B_RIDGE,5,1,251,sure,textual,coefficient,0.18331964130337172,0.18331964130337172,positive,181,65,
B_RIDGE,5,1,271,treatment,textual,coefficient,0.18076223855607068,0.18076223855607068,positive,182,66,
B_RIDGE,5,1,141,instead,textual,coefficient,0.1806522937997941,0.1806522937997941,positive,183,67,
B_RIDGE,5,1,104,foods,textual,coefficient,-0.17980620570427272,0.17980620570427272,negative,184,,117
B_RIDGE,5,1,189,neurotypical,textual,coefficient,-0.17754780735236153,0.17754780735236153,negative,185,,118
B_RIDGE,5,1,46,come,textual,coefficient,0.17660934337098852,0.17660934337098852,positive,186,68,
B_RIDGE,5,1,297,yeah,textual,coefficient,0.17366957118107776,0.17366957118107776,positive,187,69,
B_RIDGE,5,1,19,anger,textual,coefficient,-0.1713959284977046,0.1713959284977046,negative,188,,119
B_RIDGE,5,1,291,work,textual,coefficient,0.17037176897745804,0.17037176897745804,positive,189,70,
B_RIDGE,5,1,43,change,textual,coefficient,-0.16951007715745503,0.16951007715745503,negative,190,,120
B_RIDGE,5,1,256,task,textual,coefficient,-0.169198772217409,0.169198772217409,negative,191,,121
B_RIDGE,5,1,123,hear,textual,coefficient,0.1674352263080538,0.1674352263080538,positive,192,71,
B_RIDGE,5,1,164,look,textual,coefficient,0.16620178061732055,0.16620178061732055,positive,193,72,
B_RIDGE,5,1,294,world,textual,coefficient,-0.16215681361252038,0.16215681361252038,negative,194,,122
B_RIDGE,5,1,99,finally,textual,coefficient,0.15821032126573542,0.15821032126573542,positive,195,73,
B_RIDGE,5,1,12,adhd brains,textual,coefficient,-0.15816730854012648,0.15816730854012648,negative,196,,123
B_RIDGE,5,1,223,sense,textual,coefficient,0.15686405133518175,0.15686405133518175,positive,197,74,
B_RIDGE,5,1,125,helpful,textual,coefficient,-0.1542214206919065,0.1542214206919065,negative,198,,124
B_RIDGE,5,1,301,hedge_score,handcrafted_linguistic,coefficient,0.1540221574874967,0.1540221574874967,positive,199,75,
B_RIDGE,5,1,34,body,textual,coefficient,-0.15163361261733424,0.15163361261733424,negative,200,,125
B_RIDGE,5,1,260,term,textual,coefficient,0.15056613787107978,0.15056613787107978,positive,201,76,
B_RIDGE,5,1,222,self,textual,coefficient,-0.15053248376046602,0.15053248376046602,negative,202,,126
B_RIDGE,5,1,136,important,textual,coefficient,-0.1483704627577391,0.1483704627577391,negative,203,,127
B_RIDGE,5,1,268,thoughts,textual,coefficient,0.1446331281457365,0.1446331281457365,positive,204,77,
B_RIDGE,5,1,170,make,textual,coefficient,0.14208308011857443,0.14208308011857443,positive,205,78,
B_RIDGE,5,1,193,okay,textual,coefficient,-0.14166675451176106,0.14166675451176106,negative,206,,128
B_RIDGE,5,1,73,does,textual,coefficient,-0.14119346717280362,0.14119346717280362,negative,207,,129
B_RIDGE,5,1,45,children,textual,coefficient,-0.1397709772998422,0.1397709772998422,negative,208,,130
B_RIDGE,5,1,227,signs,textual,coefficient,0.13929908108113712,0.13929908108113712,positive,209,79,
B_RIDGE,5,1,144,job,textual,coefficient,-0.13844673028165325,0.13844673028165325,negative,210,,131
B_RIDGE,5,1,8,add,textual,coefficient,-0.13783711878891222,0.13783711878891222,negative,211,,132
B_RIDGE,5,1,167,love,textual,coefficient,-0.13519245308729122,0.13519245308729122,negative,212,,133
B_RIDGE,5,1,212,regulation,textual,coefficient,-0.13410779584866478,0.13410779584866478,negative,213,,134
B_RIDGE,5,1,153,let,textual,coefficient,-0.12998884908410185,0.12998884908410185,negative,214,,135
B_RIDGE,5,1,228,single,textual,coefficient,-0.12956545912587053,0.12956545912587053,negative,215,,136
B_RIDGE,5,1,15,adult,textual,coefficient,0.12789918534110142,0.12789918534110142,positive,216,80,
B_RIDGE,5,1,21,ask,textual,coefficient,0.12563132386141365,0.12563132386141365,positive,217,81,
B_RIDGE,5,1,220,school,textual,coefficient,0.1251298422193358,0.1251298422193358,positive,218,82,
B_RIDGE,5,1,247,study,textual,coefficient,0.12285661782040647,0.12285661782040647,positive,219,83,
B_RIDGE,5,1,52,constant,textual,coefficient,0.12254694037282719,0.12254694037282719,positive,220,84,
B_RIDGE,5,1,239,stimulants,textual,coefficient,0.1202677799233965,0.1202677799233965,positive,221,85,
B_RIDGE,5,1,91,exercise,textual,coefficient,0.11868720513519422,0.11868720513519422,positive,222,86,
B_RIDGE,5,1,248,stuff,textual,coefficient,-0.11844099449061431,0.11844099449061431,negative,223,,137
B_RIDGE,5,1,285,ve got,textual,coefficient,-0.11697235467044237,0.11697235467044237,negative,224,,138
B_RIDGE,5,1,258,tell,textual,coefficient,-0.11633430419203376,0.11633430419203376,negative,225,,139
B_RIDGE,5,1,83,eating,textual,coefficient,-0.11029211974351273,0.11029211974351273,negative,226,,140
B_RIDGE,5,1,3,able,textual,coefficient,-0.10973380772367156,0.10973380772367156,negative,227,,141
B_RIDGE,5,1,240,stimulation,textual,coefficient,-0.1087247985527437,0.1087247985527437,negative,228,,142
B_RIDGE,5,1,76,don,textual,coefficient,-0.10795342393062261,0.10795342393062261,negative,229,,143
B_RIDGE,5,1,0,10,textual,coefficient,0.1070576759304687,0.1070576759304687,positive,230,87,
B_RIDGE,5,1,24,autism,textual,coefficient,0.10645683244732008,0.10645683244732008,positive,231,88,
B_RIDGE,5,1,14,adhd symptoms,textual,coefficient,0.1057727464066753,0.1057727464066753,positive,232,89,
B_RIDGE,5,1,98,feels,textual,coefficient,-0.1055331191421317,0.1055331191421317,negative,233,,144
B_RIDGE,5,1,130,hour,textual,coefficient,0.10247039764885899,0.10247039764885899,positive,234,90,
B_RIDGE,5,1,152,learn,textual,coefficient,0.10073769870860391,0.10073769870860391,positive,235,91,
B_RIDGE,5,1,63,didn,textual,coefficient,-0.100453684395658,0.100453684395658,negative,236,,145
B_RIDGE,5,1,26,bad,textual,coefficient,-0.08905644044908918,0.08905644044908918,negative,237,,146
B_RIDGE,5,1,191,number,textual,coefficient,-0.08639766439895286,0.08639766439895286,negative,238,,147
B_RIDGE,5,1,221,second,textual,coefficient,-0.08453911798338268,0.08453911798338268,negative,239,,148
B_RIDGE,5,1,207,protein,textual,coefficient,0.08360510098392768,0.08360510098392768,positive,240,92,
B_RIDGE,5,1,122,health,textual,coefficient,0.08194684249154606,0.08194684249154606,positive,241,93,
B_RIDGE,5,1,42,certain,textual,coefficient,-0.08150190825990371,0.08150190825990371,negative,242,,149
B_RIDGE,5,1,101,focused,textual,coefficient,0.08143049363539491,0.08143049363539491,positive,243,94,
B_RIDGE,5,1,87,energy,textual,coefficient,0.07846183700792578,0.07846183700792578,positive,244,95,
B_RIDGE,5,1,253,taking,textual,coefficient,-0.07433567282148046,0.07433567282148046,negative,245,,150
B_RIDGE,5,1,281,used,textual,coefficient,0.07366394637606288,0.07366394637606288,positive,246,96,
B_RIDGE,5,1,254,talk,textual,coefficient,-0.0724481102121432,0.0724481102121432,negative,247,,151
B_RIDGE,5,1,218,say,textual,coefficient,-0.07219543523611219,0.07219543523611219,negative,248,,152
B_RIDGE,5,1,100,focus,textual,coefficient,-0.0721277818240182,0.0721277818240182,negative,249,,153
B_RIDGE,5,1,145,just,textual,coefficient,-0.07153590323677654,0.07153590323677654,negative,250,,154
B_RIDGE,5,1,292,working,textual,coefficient,-0.07150339050426836,0.07150339050426836,negative,251,,155
B_RIDGE,5,1,275,turn,textual,coefficient,-0.07018190438688791,0.07018190438688791,negative,252,,156
B_RIDGE,5,1,29,behavior,textual,coefficient,-0.06847877966354672,0.06847877966354672,negative,253,,157
B_RIDGE,5,1,262,therapy,textual,coefficient,0.06781412749283972,0.06781412749283972,positive,254,97,
B_RIDGE,5,1,2,ability,textual,coefficient,-0.06740769035747328,0.06740769035747328,negative,255,,158
B_RIDGE,5,1,245,struggling,textual,coefficient,-0.0646462818051708,0.0646462818051708,negative,256,,159
B_RIDGE,5,1,179,memory,textual,coefficient,-0.0638865749331248,0.0638865749331248,negative,257,,160
B_RIDGE,5,1,161,ll,textual,coefficient,-0.06277978730579688,0.06277978730579688,negative,258,,161
B_RIDGE,5,1,66,different,textual,coefficient,0.062228285985970945,0.062228285985970945,positive,259,98,
B_RIDGE,5,1,97,feeling,textual,coefficient,0.06139919946197587,0.06139919946197587,positive,260,99,
B_RIDGE,5,1,77,don know,textual,coefficient,-0.060689559178671686,0.060689559178671686,negative,261,,162
B_RIDGE,5,1,110,goes,textual,coefficient,0.0602683567298651,0.0602683567298651,positive,262,100,
B_RIDGE,5,1,243,stress,textual,coefficient,0.058193086238995335,0.058193086238995335,positive,263,101,
B_RIDGE,5,1,158,literally,textual,coefficient,-0.05711930492052654,0.05711930492052654,negative,264,,163
B_RIDGE,5,1,111,going,textual,coefficient,-0.05134876700090607,0.05134876700090607,negative,265,,164
B_RIDGE,5,1,194,overwhelmed,textual,coefficient,-0.05089725244211447,0.05089725244211447,negative,266,,165
B_RIDGE,5,1,10,adhd,textual,coefficient,0.04662008055838569,0.04662008055838569,positive,267,102,
B_RIDGE,5,1,217,right,textual,coefficient,-0.04626921617251802,0.04626921617251802,negative,268,,166
B_RIDGE,5,1,289,ways,textual,coefficient,0.04551053245699877,0.04551053245699877,positive,269,103,
B_RIDGE,5,1,198,people adhd,textual,coefficient,-0.04516276793903239,0.04516276793903239,negative,270,,167
B_RIDGE,5,1,216,research,textual,coefficient,0.04045117190903519,0.04045117190903519,positive,271,104,
B_RIDGE,5,1,165,looking,textual,coefficient,0.040093070470983254,0.040093070470983254,positive,272,105,
B_RIDGE,5,1,300,certainty_score,handcrafted_linguistic,coefficient,-0.03922961863752573,0.03922961863752573,negative,273,,168
B_RIDGE,5,1,172,making,textual,coefficient,0.03813163492750238,0.03813163492750238,positive,274,106,
B_RIDGE,5,1,69,difficulty,textual,coefficient,-0.036027036157757944,0.036027036157757944,negative,275,,169
B_RIDGE,5,1,89,everybody,textual,coefficient,0.03503830372813947,0.03503830372813947,positive,276,107,
B_RIDGE,5,1,178,meds,textual,coefficient,0.032838630826649375,0.032838630826649375,positive,277,108,
B_RIDGE,5,1,296,wrong,textual,coefficient,-0.032438550771387895,0.032438550771387895,negative,278,,170
B_RIDGE,5,1,44,child,textual,coefficient,0.03120620717898809,0.03120620717898809,positive,279,109,
B_RIDGE,5,1,192,oh,textual,coefficient,-0.030634297453230926,0.030634297453230926,negative,280,,171
B_RIDGE,5,1,84,emotional,textual,coefficient,-0.02957769548415752,0.02957769548415752,negative,281,,172
B_RIDGE,5,1,109,getting,textual,coefficient,0.029095046267749544,0.029095046267749544,positive,282,110,
B_RIDGE,5,1,267,thought,textual,coefficient,-0.028474871270172966,0.028474871270172966,negative,283,,173
B_RIDGE,5,1,67,differently,textual,coefficient,-0.02612017961089023,0.02612017961089023,negative,284,,174
B_RIDGE,5,1,149,lack,textual,coefficient,-0.02559735728020328,0.02559735728020328,negative,285,,175
B_RIDGE,5,1,49,completely,textual,coefficient,-0.021556905677707437,0.021556905677707437,negative,286,,176
B_RIDGE,5,1,187,needs,textual,coefficient,0.020668910765215195,0.020668910765215195,positive,287,111,
B_RIDGE,5,1,117,half,textual,coefficient,0.019090520611284748,0.019090520611284748,positive,288,112,
B_RIDGE,5,1,283,usually,textual,coefficient,-0.017058431857358093,0.017058431857358093,negative,289,,177
B_RIDGE,5,1,105,forget,textual,coefficient,-0.015117987405778004,0.015117987405778004,negative,290,,178
B_RIDGE,5,1,119,hard,textual,coefficient,-0.012112927461863748,0.012112927461863748,negative,291,,179
B_RIDGE,5,1,241,stop,textual,coefficient,-0.012093006011878078,0.012093006011878078,negative,292,,180
B_RIDGE,5,1,140,information,textual,coefficient,0.011300911130326616,0.011300911130326616,positive,293,113,
B_RIDGE,5,1,174,mean,textual,coefficient,-0.011160999594554985,0.011160999594554985,negative,294,,181
B_RIDGE,5,1,182,minutes,textual,coefficient,-0.008745293682383685,0.008745293682383685,negative,295,,182
B_RIDGE,5,1,68,difficult,textual,coefficient,-0.008551621916505428,0.008551621916505428,negative,296,,183
B_RIDGE,5,1,102,follow,textual,coefficient,-0.008502848525917288,0.008502848525917288,negative,297,,184
B_RIDGE,5,1,82,eat,textual,coefficient,0.006240067167027165,0.006240067167027165,positive,298,114,
B_RIDGE,5,1,142,isn,textual,coefficient,-0.004007714247058523,0.004007714247058523,negative,299,,185
B_RIDGE,5,1,71,distracted,textual,coefficient,-0.0032903430088565013,0.0032903430088565013,negative,300,,186
B_RIDGE,5,1,60,diagnosed adhd,textual,coefficient,-0.003085168096280752,0.003085168096280752,negative,301,,187
B_RIDGE,5,1,166,lot,textual,coefficient,-0.0007391117374108952,0.0007391117374108952,negative,302,,188
B_RIDGE,5,2,134,hyperactivity,textual,coefficient,1.0858184908200996,1.0858184908200996,positive,1,1,
B_RIDGE,5,2,64,diet,textual,coefficient,1.0335095347001044,1.0335095347001044,positive,2,2,
B_RIDGE,5,2,17,affects,textual,coefficient,1.0026183425817272,1.0026183425817272,positive,3,3,
B_RIDGE,5,2,127,high,textual,coefficient,0.9513007430824781,0.9513007430824781,positive,4,4,
B_RIDGE,5,2,58,depression,textual,coefficient,0.8705553446063186,0.8705553446063186,positive,5,5,
B_RIDGE,5,2,184,motivation,textual,coefficient,0.8605974759131045,0.8605974759131045,positive,6,6,
B_RIDGE,5,2,277,uh,textual,coefficient,0.8528427097703781,0.8528427097703781,positive,7,7,
B_RIDGE,5,2,239,stimulants,textual,coefficient,0.8379772273663245,0.8379772273663245,positive,8,8,
B_RIDGE,5,2,229,sit,textual,coefficient,0.8177338358192805,0.8177338358192805,positive,9,9,
B_RIDGE,5,2,147,kind,textual,coefficient,0.8171250476605209,0.8171250476605209,positive,10,10,
B_RIDGE,5,2,288,way,textual,coefficient,0.7800741685034898,0.7800741685034898,positive,11,11,
B_RIDGE,5,2,261,test,textual,coefficient,0.7664995033333982,0.7664995033333982,positive,12,12,
B_RIDGE,5,2,283,usually,textual,coefficient,0.7619358178737933,0.7619358178737933,positive,13,13,
B_RIDGE,5,2,155,life,textual,coefficient,-0.7283992854829877,0.7283992854829877,negative,14,,1
B_RIDGE,5,2,215,remember,textual,coefficient,0.7222577804639738,0.7222577804639738,positive,15,14,
B_RIDGE,5,2,41,care,textual,coefficient,0.7091586266131981,0.7091586266131981,positive,16,15,
B_RIDGE,5,2,22,attention,textual,coefficient,0.6868734346825711,0.6868734346825711,positive,17,16,
B_RIDGE,5,2,276,type,textual,coefficient,0.6835079016018438,0.6835079016018438,positive,18,17,
B_RIDGE,5,2,205,problem,textual,coefficient,-0.68298324948594,0.68298324948594,negative,19,,2
B_RIDGE,5,2,237,stay,textual,coefficient,0.6771891993892715,0.6771891993892715,positive,20,18,
B_RIDGE,5,2,53,constantly,textual,coefficient,-0.6762686047731084,0.6762686047731084,negative,21,,3
B_RIDGE,5,2,30,best,textual,coefficient,-0.6749186522156593,0.6749186522156593,negative,22,,4
B_RIDGE,5,2,94,fast,textual,coefficient,0.6714761659716458,0.6714761659716458,positive,23,19,
B_RIDGE,5,2,141,instead,textual,coefficient,-0.6572690989400924,0.6572690989400924,negative,24,,5
B_RIDGE,5,2,14,adhd symptoms,textual,coefficient,0.6497900965838513,0.6497900965838513,positive,25,20,
B_RIDGE,5,2,265,things like,textual,coefficient,0.6444324125526029,0.6444324125526029,positive,26,21,
B_RIDGE,5,2,159,little,textual,coefficient,0.6273683551025954,0.6273683551025954,positive,27,22,
B_RIDGE,5,2,149,lack,textual,coefficient,0.6096970000282178,0.6096970000282178,positive,28,23,
B_RIDGE,5,2,42,certain,textual,coefficient,0.6047281380606955,0.6047281380606955,positive,29,24,
B_RIDGE,5,2,125,helpful,textual,coefficient,-0.6045019049476901,0.6045019049476901,negative,30,,6
B_RIDGE,5,2,279,understand,textual,coefficient,0.6031047582450878,0.6031047582450878,positive,31,25,
B_RIDGE,5,2,47,comes,textual,coefficient,0.5990740222510638,0.5990740222510638,positive,32,26,
B_RIDGE,5,2,260,term,textual,coefficient,0.5882067180625855,0.5882067180625855,positive,33,27,
B_RIDGE,5,2,243,stress,textual,coefficient,-0.582813503574112,0.582813503574112,negative,34,,7
B_RIDGE,5,2,79,dr,textual,coefficient,0.5792108762280502,0.5792108762280502,positive,35,28,
B_RIDGE,5,2,7,actually,textual,coefficient,0.5744268319205367,0.5744268319205367,positive,36,29,
B_RIDGE,5,2,223,sense,textual,coefficient,-0.5732416885338715,0.5732416885338715,negative,37,,8
B_RIDGE,5,2,160,little bit,textual,coefficient,0.5577147171574518,0.5577147171574518,positive,38,30,
B_RIDGE,5,2,272,trouble,textual,coefficient,-0.543282034690721,0.543282034690721,negative,39,,9
B_RIDGE,5,2,166,lot,textual,coefficient,-0.5359019185200952,0.5359019185200952,negative,40,,10
B_RIDGE,5,2,142,isn,textual,coefficient,0.5324808533306796,0.5324808533306796,positive,41,31,
B_RIDGE,5,2,105,forget,textual,coefficient,-0.49970108894953486,0.49970108894953486,negative,42,,11
B_RIDGE,5,2,225,sensory,textual,coefficient,0.49537575382735416,0.49537575382735416,positive,43,32,
B_RIDGE,5,2,15,adult,textual,coefficient,0.4927314007338397,0.4927314007338397,positive,44,33,
B_RIDGE,5,2,128,higher,textual,coefficient,-0.4908513622564235,0.4908513622564235,negative,45,,12
B_RIDGE,5,2,241,stop,textual,coefficient,-0.48617830847239973,0.48617830847239973,negative,46,,13
B_RIDGE,5,2,33,bit,textual,coefficient,0.4848111179863962,0.4848111179863962,positive,47,34,
B_RIDGE,5,2,3,able,textual,coefficient,0.48414005249412695,0.48414005249412695,positive,48,35,
B_RIDGE,5,2,16,adults,textual,coefficient,0.48329496144154227,0.48329496144154227,positive,49,36,
B_RIDGE,5,2,109,getting,textual,coefficient,0.48042069777125257,0.48042069777125257,positive,50,37,
B_RIDGE,5,2,23,attention deficit,textual,coefficient,0.4803531896585886,0.4803531896585886,positive,51,38,
B_RIDGE,5,2,12,adhd brains,textual,coefficient,-0.47942983272548567,0.47942983272548567,negative,52,,14
B_RIDGE,5,2,163,long term,textual,coefficient,0.4767724262685617,0.4767724262685617,positive,53,39,
B_RIDGE,5,2,36,brains,textual,coefficient,-0.47581719443763865,0.47581719443763865,negative,54,,15
B_RIDGE,5,2,158,literally,textual,coefficient,-0.47256968956563594,0.47256968956563594,negative,55,,16
B_RIDGE,5,2,145,just,textual,coefficient,0.47206205964816433,0.47206205964816433,positive,56,40,
B_RIDGE,5,2,120,harder,textual,coefficient,-0.4715638097576313,0.4715638097576313,negative,57,,17
B_RIDGE,5,2,210,reason,textual,coefficient,0.46545878998365275,0.46545878998365275,positive,58,41,
B_RIDGE,5,2,213,rejection,textual,coefficient,0.4614335387033333,0.4614335387033333,positive,59,42,
B_RIDGE,5,2,170,make,textual,coefficient,-0.4601993242599047,0.4601993242599047,negative,60,,18
B_RIDGE,5,2,201,physical,textual,coefficient,0.4579593324426349,0.4579593324426349,positive,61,43,
B_RIDGE,5,2,204,probably,textual,coefficient,-0.45751633318010704,0.45751633318010704,negative,62,,19
B_RIDGE,5,2,197,people,textual,coefficient,0.4570890109371113,0.4570890109371113,positive,63,44,
B_RIDGE,5,2,139,increase,textual,coefficient,0.4520392552298153,0.4520392552298153,positive,64,45,
B_RIDGE,5,2,270,times,textual,coefficient,-0.45104406267074454,0.45104406267074454,negative,65,,20
B_RIDGE,5,2,202,place,textual,coefficient,0.4473082537030532,0.4473082537030532,positive,66,46,
B_RIDGE,5,2,171,makes,textual,coefficient,0.4435113931626357,0.4435113931626357,positive,67,47,
B_RIDGE,5,2,89,everybody,textual,coefficient,-0.4383653571461943,0.4383653571461943,negative,68,,21
B_RIDGE,5,2,269,time,textual,coefficient,0.435108141874007,0.435108141874007,positive,69,48,
B_RIDGE,5,2,86,end,textual,coefficient,-0.4340124029204213,0.4340124029204213,negative,70,,22
B_RIDGE,5,2,280,use,textual,coefficient,0.4303918865309429,0.4303918865309429,positive,71,49,
B_RIDGE,5,2,195,parents,textual,coefficient,0.42599219864715326,0.42599219864715326,positive,72,50,
B_RIDGE,5,2,246,studies,textual,coefficient,0.42598956058207826,0.42598956058207826,positive,73,51,
B_RIDGE,5,2,48,common,textual,coefficient,-0.42435509139821365,0.42435509139821365,negative,74,,23
B_RIDGE,5,2,84,emotional,textual,coefficient,-0.4225675227241301,0.4225675227241301,negative,75,,24
B_RIDGE,5,2,177,medications,textual,coefficient,-0.421797743727409,0.421797743727409,negative,76,,25
B_RIDGE,5,2,132,hyper,textual,coefficient,0.4190723533052321,0.4190723533052321,positive,77,52,
B_RIDGE,5,2,274,trying,textual,coefficient,-0.41809379125463925,0.41809379125463925,negative,78,,26
B_RIDGE,5,2,62,did,textual,coefficient,-0.41762639509097466,0.41762639509097466,negative,79,,27
B_RIDGE,5,2,209,really,textual,coefficient,-0.4132532068037902,0.4132532068037902,negative,80,,28
B_RIDGE,5,2,167,love,textual,coefficient,-0.41265005572194846,0.41265005572194846,negative,81,,29
B_RIDGE,5,2,55,create,textual,coefficient,-0.41003740424412594,0.41003740424412594,negative,82,,30
B_RIDGE,5,2,175,means,textual,coefficient,0.40291234499353157,0.40291234499353157,positive,83,53,
B_RIDGE,5,2,284,ve,textual,coefficient,-0.40269830096322307,0.40269830096322307,negative,84,,31
B_RIDGE,5,2,87,energy,textual,coefficient,-0.401040054097004,0.401040054097004,negative,85,,32
B_RIDGE,5,2,238,stimulant,textual,coefficient,-0.38783978303539396,0.38783978303539396,negative,86,,33
B_RIDGE,5,2,251,sure,textual,coefficient,0.38688543067790293,0.38688543067790293,positive,87,54,
B_RIDGE,5,2,129,highly,textual,coefficient,0.3856802018947075,0.3856802018947075,positive,88,55,
B_RIDGE,5,2,162,long,textual,coefficient,0.38334092938827646,0.38334092938827646,positive,89,56,
B_RIDGE,5,2,206,problems,textual,coefficient,0.3794697214355986,0.3794697214355986,positive,90,57,
B_RIDGE,5,2,60,diagnosed adhd,textual,coefficient,0.37863340437587817,0.37863340437587817,positive,91,58,
B_RIDGE,5,2,117,half,textual,coefficient,-0.37621705411449236,0.37621705411449236,negative,92,,34
B_RIDGE,5,2,208,real,textual,coefficient,0.3732544609981408,0.3732544609981408,positive,93,59,
B_RIDGE,5,2,164,look,textual,coefficient,0.3726080980254976,0.3726080980254976,positive,94,60,
B_RIDGE,5,2,76,don,textual,coefficient,0.37240234841338626,0.37240234841338626,positive,95,61,
B_RIDGE,5,2,182,minutes,textual,coefficient,0.36645401043413506,0.36645401043413506,positive,96,62,
B_RIDGE,5,2,240,stimulation,textual,coefficient,-0.36561888246946433,0.36561888246946433,negative,97,,35
B_RIDGE,5,2,295,worse,textual,coefficient,-0.3595157759065139,0.3595157759065139,negative,98,,36
B_RIDGE,5,2,45,children,textual,coefficient,0.35292152373084923,0.35292152373084923,positive,99,63,
B_RIDGE,5,2,231,small,textual,coefficient,-0.3517324969262208,0.3517324969262208,negative,100,,37
B_RIDGE,5,2,278,um,textual,coefficient,-0.3483618142048571,0.3483618142048571,negative,101,,38
B_RIDGE,5,2,19,anger,textual,coefficient,-0.34276312273069554,0.34276312273069554,negative,102,,39
B_RIDGE,5,2,254,talk,textual,coefficient,0.3423827023313384,0.3423827023313384,positive,103,64,
B_RIDGE,5,2,133,hyperactive,textual,coefficient,0.3415497882740038,0.3415497882740038,positive,104,65,
B_RIDGE,5,2,150,late,textual,coefficient,0.34059305130917483,0.34059305130917483,positive,105,66,
B_RIDGE,5,2,249,sugar,textual,coefficient,0.33681823573906267,0.33681823573906267,positive,106,67,
B_RIDGE,5,2,93,fact,textual,coefficient,0.3347438726201313,0.3347438726201313,positive,107,68,
B_RIDGE,5,2,211,regulate,textual,coefficient,0.3336566282533219,0.3336566282533219,positive,108,69,
B_RIDGE,5,2,178,meds,textual,coefficient,-0.331856899538442,0.331856899538442,negative,109,,40
B_RIDGE,5,2,72,doctor,textual,coefficient,-0.3308763390120289,0.3308763390120289,negative,110,,41
B_RIDGE,5,2,185,music,textual,coefficient,-0.3298079152656247,0.3298079152656247,negative,111,,42
B_RIDGE,5,2,217,right,textual,coefficient,0.32980321303470694,0.32980321303470694,positive,112,70,
B_RIDGE,5,2,140,information,textual,coefficient,0.3283441046233847,0.3283441046233847,positive,113,71,
B_RIDGE,5,2,69,difficulty,textual,coefficient,0.3243756838858406,0.3243756838858406,positive,114,72,
B_RIDGE,5,2,4,absolutely,textual,coefficient,-0.3223909328139287,0.3223909328139287,negative,115,,43
B_RIDGE,5,2,63,didn,textual,coefficient,-0.32224717532929364,0.32224717532929364,negative,116,,44
B_RIDGE,5,2,165,looking,textual,coefficient,0.321228435271842,0.321228435271842,positive,117,73,
B_RIDGE,5,2,157,likely,textual,coefficient,-0.3186327717652627,0.3186327717652627,negative,118,,45
B_RIDGE,5,2,263,thing,textual,coefficient,-0.3130135527769215,0.3130135527769215,negative,119,,46
B_RIDGE,5,2,258,tell,textual,coefficient,0.3110877894637722,0.3110877894637722,positive,120,74,
B_RIDGE,5,2,98,feels,textual,coefficient,-0.3106598259077904,0.3106598259077904,negative,121,,47
B_RIDGE,5,2,222,self,textual,coefficient,0.3102771972534789,0.3102771972534789,positive,122,75,
B_RIDGE,5,2,144,job,textual,coefficient,0.30916645178461166,0.30916645178461166,positive,123,76,
B_RIDGE,5,2,138,impulsivity,textual,coefficient,-0.30848639514171416,0.30848639514171416,negative,124,,48
B_RIDGE,5,2,122,health,textual,coefficient,-0.3047836230262721,0.3047836230262721,negative,125,,49
B_RIDGE,5,2,297,yeah,textual,coefficient,-0.30222514917012516,0.30222514917012516,negative,126,,50
B_RIDGE,5,2,207,protein,textual,coefficient,-0.30158352283859885,0.30158352283859885,negative,127,,51
B_RIDGE,5,2,180,mental,textual,coefficient,0.29743344294253915,0.29743344294253915,positive,128,77,
B_RIDGE,5,2,43,change,textual,coefficient,0.29152437949505167,0.29152437949505167,positive,129,78,
B_RIDGE,5,2,77,don know,textual,coefficient,-0.29121620597357545,0.29121620597357545,negative,130,,52
B_RIDGE,5,2,110,goes,textual,coefficient,-0.2906660563488177,0.2906660563488177,negative,131,,53
B_RIDGE,5,2,99,finally,textual,coefficient,0.28976405974199143,0.28976405974199143,positive,132,79,
B_RIDGE,5,2,257,tasks,textual,coefficient,-0.2894551155857957,0.2894551155857957,negative,133,,54
B_RIDGE,5,2,242,strategies,textual,coefficient,0.28912734630999826,0.28912734630999826,positive,134,80,
B_RIDGE,5,2,106,fucking,textual,coefficient,-0.2879084424774542,0.2879084424774542,negative,135,,55
B_RIDGE,5,2,25,avoid,textual,coefficient,-0.2858784238421925,0.2858784238421925,negative,136,,56
B_RIDGE,5,2,282,using,textual,coefficient,-0.2858507887766111,0.2858507887766111,negative,137,,57
B_RIDGE,5,2,97,feeling,textual,coefficient,0.28092364031772377,0.28092364031772377,positive,138,81,
B_RIDGE,5,2,203,point,textual,coefficient,-0.27815427672743304,0.27815427672743304,negative,139,,58
B_RIDGE,5,2,281,used,textual,coefficient,-0.2762580308188145,0.2762580308188145,negative,140,,59
B_RIDGE,5,2,153,let,textual,coefficient,0.27456744302501657,0.27456744302501657,positive,141,82,
B_RIDGE,5,2,20,anxiety,textual,coefficient,-0.2735607655025858,0.2735607655025858,negative,142,,60
B_RIDGE,5,2,267,thought,textual,coefficient,-0.27165164043099754,0.27165164043099754,negative,143,,61
B_RIDGE,5,2,96,feel like,textual,coefficient,-0.2707342767134565,0.2707342767134565,negative,144,,62
B_RIDGE,5,2,74,doesn,textual,coefficient,0.2696251295521178,0.2696251295521178,positive,145,83,
B_RIDGE,5,2,18,alcohol,textual,coefficient,-0.2664269369884949,0.2664269369884949,negative,146,,63
B_RIDGE,5,2,253,taking,textual,coefficient,-0.26400137834648546,0.26400137834648546,negative,147,,64
B_RIDGE,5,2,189,neurotypical,textual,coefficient,-0.2594448925392525,0.2594448925392525,negative,148,,65
B_RIDGE,5,2,121,having,textual,coefficient,-0.2564046011512594,0.2564046011512594,negative,149,,66
B_RIDGE,5,2,8,add,textual,coefficient,0.2561529495367113,0.2561529495367113,positive,150,84,
B_RIDGE,5,2,13,adhd people,textual,coefficient,0.253077000538787,0.253077000538787,positive,151,85,
B_RIDGE,5,2,95,feel,textual,coefficient,-0.25301807771276896,0.25301807771276896,negative,152,,67
B_RIDGE,5,2,113,good,textual,coefficient,0.2518356303459575,0.2518356303459575,positive,153,86,
B_RIDGE,5,2,196,patients,textual,coefficient,0.24902024559443345,0.24902024559443345,positive,154,87,
B_RIDGE,5,2,39,called,textual,coefficient,-0.24842348575237222,0.24842348575237222,negative,155,,68
B_RIDGE,5,2,273,try,textual,coefficient,0.24708426769230205,0.24708426769230205,positive,156,88,
B_RIDGE,5,2,54,control,textual,coefficient,0.2465069970949394,0.2465069970949394,positive,157,89,
B_RIDGE,5,2,255,talking,textual,coefficient,0.24543145275289735,0.24543145275289735,positive,158,90,
B_RIDGE,5,2,247,study,textual,coefficient,-0.2443495923738447,0.2443495923738447,negative,159,,69
B_RIDGE,5,2,299,yes,textual,coefficient,-0.2415825834118213,0.2415825834118213,negative,160,,70
B_RIDGE,5,2,92,experience,textual,coefficient,-0.2396560933165273,0.2396560933165273,negative,161,,71
B_RIDGE,5,2,82,eat,textual,coefficient,-0.23943068234668158,0.23943068234668158,negative,162,,72
B_RIDGE,5,2,181,mind,textual,coefficient,-0.23831041804244646,0.23831041804244646,negative,163,,73
B_RIDGE,5,2,136,important,textual,coefficient,-0.23352429983703774,0.23352429983703774,negative,164,,74
B_RIDGE,5,2,266,think,textual,coefficient,-0.23269138332632985,0.23269138332632985,negative,165,,75
B_RIDGE,5,2,235,start,textual,coefficient,0.2326242010311449,0.2326242010311449,positive,166,91,
B_RIDGE,5,2,198,people adhd,textual,coefficient,0.2290495921082339,0.2290495921082339,positive,167,92,
B_RIDGE,5,2,245,struggling,textual,coefficient,0.22663374779957,0.22663374779957,positive,168,93,
B_RIDGE,5,2,2,ability,textual,coefficient,-0.22628764667426352,0.22628764667426352,negative,169,,76
B_RIDGE,5,2,85,emotions,textual,coefficient,-0.22547145246421998,0.22547145246421998,negative,170,,77
B_RIDGE,5,2,83,eating,textual,coefficient,0.22429570403783522,0.22429570403783522,positive,171,94,
B_RIDGE,5,2,104,foods,textual,coefficient,0.2233445444724396,0.2233445444724396,positive,172,95,
B_RIDGE,5,2,135,impact,textual,coefficient,-0.223185226348853,0.223185226348853,negative,173,,78
B_RIDGE,5,2,214,relationships,textual,coefficient,-0.22207354191443504,0.22207354191443504,negative,174,,79
B_RIDGE,5,2,168,low,textual,coefficient,-0.2195810633407334,0.2195810633407334,negative,175,,80
B_RIDGE,5,2,5,activities,textual,coefficient,-0.2191350040205823,0.2191350040205823,negative,176,,81
B_RIDGE,5,2,236,state,textual,coefficient,-0.21856763622565173,0.21856763622565173,negative,177,,82
B_RIDGE,5,2,28,basically,textual,coefficient,-0.2152572313103637,0.2152572313103637,negative,178,,83
B_RIDGE,5,2,296,wrong,textual,coefficient,-0.215132296651676,0.215132296651676,negative,179,,84
B_RIDGE,5,2,216,research,textual,coefficient,-0.21146048065661108,0.21146048065661108,negative,180,,85
B_RIDGE,5,2,78,dopamine,textual,coefficient,-0.20627124409919392,0.20627124409919392,negative,181,,86
B_RIDGE,5,2,49,completely,textual,coefficient,-0.20272498111736348,0.20272498111736348,negative,182,,87
B_RIDGE,5,2,152,learn,textual,coefficient,-0.20246323716797687,0.20246323716797687,negative,183,,88
B_RIDGE,5,2,0,10,textual,coefficient,-0.19791204737455784,0.19791204737455784,negative,184,,89
B_RIDGE,5,2,66,different,textual,coefficient,-0.19682734235684315,0.19682734235684315,negative,185,,90
B_RIDGE,5,2,262,therapy,textual,coefficient,-0.19567553776780924,0.19567553776780924,negative,186,,91
B_RIDGE,5,2,75,doing,textual,coefficient,-0.19306235704836028,0.19306235704836028,negative,187,,92
B_RIDGE,5,2,294,world,textual,coefficient,0.1920684719573331,0.1920684719573331,positive,188,96,
B_RIDGE,5,2,212,regulation,textual,coefficient,0.1894990029629393,0.1894990029629393,positive,189,97,
B_RIDGE,5,2,70,disorder,textual,coefficient,0.18830344649525743,0.18830344649525743,positive,190,98,
B_RIDGE,5,2,9,addiction,textual,coefficient,0.18748533897770717,0.18748533897770717,positive,191,99,
B_RIDGE,5,2,115,great,textual,coefficient,-0.18480597699938145,0.18480597699938145,negative,192,,93
B_RIDGE,5,2,286,video,textual,coefficient,0.1845847225021364,0.1845847225021364,positive,193,100,
B_RIDGE,5,2,29,behavior,textual,coefficient,0.1834270872290387,0.1834270872290387,positive,194,101,
B_RIDGE,5,2,233,somebody,textual,coefficient,0.18141599860837931,0.18141599860837931,positive,195,102,
B_RIDGE,5,2,187,needs,textual,coefficient,0.1799947503379961,0.1799947503379961,positive,196,103,
B_RIDGE,5,2,91,exercise,textual,coefficient,-0.1786906174399382,0.1786906174399382,negative,197,,94
B_RIDGE,5,2,26,bad,textual,coefficient,-0.17772418910085475,0.17772418910085475,negative,198,,95
B_RIDGE,5,2,143,issues,textual,coefficient,0.17547990883203776,0.17547990883203776,positive,199,104,
B_RIDGE,5,2,221,second,textual,coefficient,0.17285977423812177,0.17285977423812177,positive,200,105,
B_RIDGE,5,2,220,school,textual,coefficient,-0.17239617059999504,0.17239617059999504,negative,201,,96
B_RIDGE,5,2,264,things,textual,coefficient,-0.17229022822436751,0.17229022822436751,negative,202,,97
B_RIDGE,5,2,81,easily,textual,coefficient,-0.1720757146980238,0.1720757146980238,negative,203,,98
B_RIDGE,5,2,112,gonna,textual,coefficient,-0.17183635565081215,0.17183635565081215,negative,204,,99
B_RIDGE,5,2,40,calm,textual,coefficient,-0.16816963118314143,0.16816963118314143,negative,205,,100
B_RIDGE,5,2,50,condition,textual,coefficient,-0.16806907989351336,0.16806907989351336,negative,206,,101
B_RIDGE,5,2,137,impulsive,textual,coefficient,0.1673139261765132,0.1673139261765132,positive,207,106,
B_RIDGE,5,2,65,difference,textual,coefficient,-0.16541597490958843,0.16541597490958843,negative,208,,102
B_RIDGE,5,2,27,based,textual,coefficient,0.16411295950787277,0.16411295950787277,positive,209,107,
B_RIDGE,5,2,34,body,textual,coefficient,-0.1641003402211266,0.1641003402211266,negative,210,,103
B_RIDGE,5,2,230,sleep,textual,coefficient,0.16229107563191555,0.16229107563191555,positive,211,108,
B_RIDGE,5,2,228,single,textual,coefficient,-0.1602417160470952,0.1602417160470952,negative,212,,104
B_RIDGE,5,2,154,levels,textual,coefficient,0.15969473241480678,0.15969473241480678,positive,213,109,
B_RIDGE,5,2,101,focused,textual,coefficient,-0.1584461866404265,0.1584461866404265,negative,214,,105
B_RIDGE,5,2,24,autism,textual,coefficient,0.1582742648292827,0.1582742648292827,positive,215,110,
B_RIDGE,5,2,192,oh,textual,coefficient,-0.15697141175018556,0.15697141175018556,negative,216,,106
B_RIDGE,5,2,57,deficit,textual,coefficient,0.1527717116648318,0.1527717116648318,positive,217,111,
B_RIDGE,5,2,46,come,textual,coefficient,-0.15150455491729836,0.15150455491729836,negative,218,,107
B_RIDGE,5,2,116,gut,textual,coefficient,-0.1508771980692584,0.1508771980692584,negative,219,,108
B_RIDGE,5,2,194,overwhelmed,textual,coefficient,-0.15081734938772748,0.15081734938772748,negative,220,,109
B_RIDGE,5,2,21,ask,textual,coefficient,0.14461495579245226,0.14461495579245226,positive,221,112,
B_RIDGE,5,2,190,new,textual,coefficient,-0.14348371739011975,0.14348371739011975,negative,222,,110
B_RIDGE,5,2,291,work,textual,coefficient,0.14321269159401137,0.14321269159401137,positive,223,113,
B_RIDGE,5,2,6,activity,textual,coefficient,0.14314616172208672,0.14314616172208672,positive,224,114,
B_RIDGE,5,2,11,adhd brain,textual,coefficient,0.1394575744412448,0.1394575744412448,positive,225,115,
B_RIDGE,5,2,259,tend,textual,coefficient,-0.13939564600230567,0.13939564600230567,negative,226,,111
B_RIDGE,5,2,161,ll,textual,coefficient,-0.13700670981649732,0.13700670981649732,negative,227,,112
B_RIDGE,5,2,227,signs,textual,coefficient,0.13662129813481363,0.13662129813481363,positive,228,116,
B_RIDGE,5,2,298,years,textual,coefficient,-0.13523017568707535,0.13523017568707535,negative,229,,113
B_RIDGE,5,2,244,struggle,textual,coefficient,-0.1344543517142589,0.1344543517142589,negative,230,,114
B_RIDGE,5,2,10,adhd,textual,coefficient,0.13185046626167604,0.13185046626167604,positive,231,117,
B_RIDGE,5,2,111,going,textual,coefficient,-0.13128650248260743,0.13128650248260743,negative,232,,115
B_RIDGE,5,2,218,say,textual,coefficient,-0.12869564465782632,0.12869564465782632,negative,233,,116
B_RIDGE,5,2,102,follow,textual,coefficient,-0.12826274398183687,0.12826274398183687,negative,234,,117
B_RIDGE,5,2,52,constant,textual,coefficient,-0.12680131315746176,0.12680131315746176,negative,235,,118
B_RIDGE,5,2,234,sort,textual,coefficient,0.12524874685032197,0.12524874685032197,positive,236,118,
B_RIDGE,5,2,131,hours,textual,coefficient,-0.1245989207795142,0.1245989207795142,negative,237,,119
B_RIDGE,5,2,173,maybe,textual,coefficient,0.1213533060528348,0.1213533060528348,positive,238,119,
B_RIDGE,5,2,114,got,textual,coefficient,-0.12073523486839775,0.12073523486839775,negative,239,,120
B_RIDGE,5,2,226,short,textual,coefficient,0.12043110370214662,0.12043110370214662,positive,240,120,
B_RIDGE,5,2,275,turn,textual,coefficient,0.11863089304021494,0.11863089304021494,positive,241,121,
B_RIDGE,5,2,44,child,textual,coefficient,-0.11723909785244065,0.11723909785244065,negative,242,,121
B_RIDGE,5,2,130,hour,textual,coefficient,-0.11494457515676516,0.11494457515676516,negative,243,,122
B_RIDGE,5,2,176,medication,textual,coefficient,0.11463303708435572,0.11463303708435572,positive,244,122,
B_RIDGE,5,2,71,distracted,textual,coefficient,0.11040440860666224,0.11040440860666224,positive,245,123,
B_RIDGE,5,2,188,nervous,textual,coefficient,0.10760374693059296,0.10760374693059296,positive,246,124,
B_RIDGE,5,2,268,thoughts,textual,coefficient,0.10540337560915207,0.10540337560915207,positive,247,125,
B_RIDGE,5,2,232,social,textual,coefficient,0.1029154796206624,0.1029154796206624,positive,248,126,
B_RIDGE,5,2,37,burnout,textual,coefficient,-0.0963894867172487,0.0963894867172487,negative,249,,123
B_RIDGE,5,2,199,person,textual,coefficient,-0.09571258182665923,0.09571258182665923,negative,250,,124
B_RIDGE,5,2,193,okay,textual,coefficient,-0.08839979604093087,0.08839979604093087,negative,251,,125
B_RIDGE,5,2,224,sensitive,textual,coefficient,-0.08145072153877111,0.08145072153877111,negative,252,,126
B_RIDGE,5,2,292,working,textual,coefficient,0.08076488833340989,0.08076488833340989,positive,253,127,
B_RIDGE,5,2,68,difficult,textual,coefficient,-0.07964299144874876,0.07964299144874876,negative,254,,127
B_RIDGE,5,2,124,help,textual,coefficient,0.07940200952282327,0.07940200952282327,positive,255,128,
B_RIDGE,5,2,156,like,textual,coefficient,0.0789728080903766,0.0789728080903766,positive,256,129,
B_RIDGE,5,2,186,need,textual,coefficient,0.07629125916558671,0.07629125916558671,positive,257,130,
B_RIDGE,5,2,108,gets,textual,coefficient,-0.07610784278595426,0.07610784278595426,negative,258,,128
B_RIDGE,5,2,174,mean,textual,coefficient,0.07358403987818912,0.07358403987818912,positive,259,131,
B_RIDGE,5,2,126,helps,textual,coefficient,0.07132244420884204,0.07132244420884204,positive,260,132,
B_RIDGE,5,2,90,executive,textual,coefficient,-0.07108555394138186,0.07108555394138186,negative,261,,129
B_RIDGE,5,2,119,hard,textual,coefficient,-0.07040884907013524,0.07040884907013524,negative,262,,130
B_RIDGE,5,2,100,focus,textual,coefficient,0.06764195349252937,0.06764195349252937,positive,263,133,
B_RIDGE,5,2,51,consequences,textual,coefficient,-0.06486367024849117,0.06486367024849117,negative,264,,131
B_RIDGE,5,2,250,support,textual,coefficient,-0.06114979773386832,0.06114979773386832,negative,265,,132
B_RIDGE,5,2,88,especially,textual,coefficient,-0.06080533113373811,0.06080533113373811,negative,266,,133
B_RIDGE,5,2,287,want,textual,coefficient,-0.060036481491495416,0.060036481491495416,negative,267,,134
B_RIDGE,5,2,73,does,textual,coefficient,0.05937482156904234,0.05937482156904234,positive,268,134,
B_RIDGE,5,2,31,better,textual,coefficient,0.05868385069494539,0.05868385069494539,positive,269,135,
B_RIDGE,5,2,35,brain,textual,coefficient,-0.057403308230600025,0.057403308230600025,negative,270,,135
B_RIDGE,5,2,38,caffeine,textual,coefficient,0.05692051851311279,0.05692051851311279,positive,271,136,
B_RIDGE,5,2,179,memory,textual,coefficient,0.05665500664794818,0.05665500664794818,positive,272,137,
B_RIDGE,5,2,191,number,textual,coefficient,-0.05618220483857256,0.05618220483857256,negative,273,,136
B_RIDGE,5,2,56,day,textual,coefficient,-0.05421854575300398,0.05421854575300398,negative,274,,137
B_RIDGE,5,2,293,works,textual,coefficient,-0.05025132394291163,0.05025132394291163,negative,275,,138
B_RIDGE,5,2,285,ve got,textual,coefficient,0.04929043511405239,0.04929043511405239,positive,276,138,
B_RIDGE,5,2,107,function,textual,coefficient,-0.04880062031553922,0.04880062031553922,negative,277,,139
B_RIDGE,5,2,219,saying,textual,coefficient,-0.04734891338075899,0.04734891338075899,negative,278,,140
B_RIDGE,5,2,103,food,textual,coefficient,-0.04444015087855115,0.04444015087855115,negative,279,,141
B_RIDGE,5,2,61,diagnosis,textual,coefficient,-0.04239840473667593,0.04239840473667593,negative,280,,142
B_RIDGE,5,2,248,stuff,textual,coefficient,0.03862670552807527,0.03862670552807527,positive,281,139,
B_RIDGE,5,2,271,treatment,textual,coefficient,0.038221454188513436,0.038221454188513436,positive,282,140,
B_RIDGE,5,2,123,hear,textual,coefficient,-0.031652848487644984,0.031652848487644984,negative,283,,143
B_RIDGE,5,2,183,morning,textual,coefficient,0.030679473779605868,0.030679473779605868,positive,284,141,
B_RIDGE,5,2,1,20,textual,coefficient,-0.029997930084956416,0.029997930084956416,negative,285,,144
B_RIDGE,5,2,59,diagnosed,textual,coefficient,-0.02844742019127334,0.02844742019127334,negative,286,,145
B_RIDGE,5,2,301,hedge_score,handcrafted_linguistic,coefficient,-0.02147202829346976,0.02147202829346976,negative,287,,146
B_RIDGE,5,2,80,drink,textual,coefficient,-0.019720265802399377,0.019720265802399377,negative,288,,147
B_RIDGE,5,2,300,certainty_score,handcrafted_linguistic,coefficient,-0.018171873040440923,0.018171873040440923,negative,289,,148
B_RIDGE,5,2,148,know,textual,coefficient,0.017032583340734587,0.017032583340734587,positive,290,142,
B_RIDGE,5,2,151,later,textual,coefficient,0.01670775494469307,0.01670775494469307,positive,291,143,
B_RIDGE,5,2,290,women,textual,coefficient,0.015414973734032538,0.015414973734032538,positive,292,144,
B_RIDGE,5,2,172,making,textual,coefficient,-0.015243387637411,0.015243387637411,negative,293,,149
B_RIDGE,5,2,289,ways,textual,coefficient,-0.014783896803373763,0.014783896803373763,negative,294,,150
B_RIDGE,5,2,67,differently,textual,coefficient,-0.01201793983836007,0.01201793983836007,negative,295,,151
B_RIDGE,5,2,256,task,textual,coefficient,-0.01094544647489837,0.01094544647489837,negative,296,,152
B_RIDGE,5,2,118,happens,textual,coefficient,0.010884236457108594,0.010884236457108594,positive,297,145,
B_RIDGE,5,2,32,big,textual,coefficient,-0.009557658797638105,0.009557658797638105,negative,298,,153
B_RIDGE,5,2,146,kids,textual,coefficient,0.008427817008833636,0.008427817008833636,positive,299,146,
B_RIDGE,5,2,169,lower,textual,coefficient,0.00377613220944011,0.00377613220944011,positive,300,147,
B_RIDGE,5,2,200,phone,textual,coefficient,0.003554443051924202,0.003554443051924202,positive,301,148,
B_RIDGE,5,2,252,symptoms,textual,coefficient,0.0020433911248154885,0.0020433911248154885,positive,302,149,
B_RIDGE,5,3,252,symptoms,textual,coefficient,-0.8905110320758065,0.8905110320758065,negative,1,,1
B_RIDGE,5,3,136,important,textual,coefficient,0.8880980684653312,0.8880980684653312,positive,2,1,
B_RIDGE,5,3,230,sleep,textual,coefficient,0.8682528913937311,0.8682528913937311,positive,3,2,
B_RIDGE,5,3,145,just,textual,coefficient,-0.8454580447889771,0.8454580447889771,negative,4,,2
B_RIDGE,5,3,125,helpful,textual,coefficient,0.8352867533035052,0.8352867533035052,positive,5,3,
B_RIDGE,5,3,269,time,textual,coefficient,0.8278297017867079,0.8278297017867079,positive,6,4,
B_RIDGE,5,3,78,dopamine,textual,coefficient,0.8245300721125045,0.8245300721125045,positive,7,5,
B_RIDGE,5,3,20,anxiety,textual,coefficient,-0.7955246406751892,0.7955246406751892,negative,8,,3
B_RIDGE,5,3,157,likely,textual,coefficient,0.780626747782281,0.780626747782281,positive,9,6,
B_RIDGE,5,3,214,relationships,textual,coefficient,0.765186864329536,0.765186864329536,positive,10,7,
B_RIDGE,5,3,74,doesn,textual,coefficient,0.7643283707821351,0.7643283707821351,positive,11,8,
B_RIDGE,5,3,246,studies,textual,coefficient,-0.7628906788493198,0.7628906788493198,negative,12,,4
B_RIDGE,5,3,229,sit,textual,coefficient,-0.7239973471672374,0.7239973471672374,negative,13,,5
B_RIDGE,5,3,80,drink,textual,coefficient,0.719159394410903,0.719159394410903,positive,14,9,
B_RIDGE,5,3,187,needs,textual,coefficient,-0.704672777839587,0.704672777839587,negative,15,,6
B_RIDGE,5,3,143,issues,textual,coefficient,0.6965926518220712,0.6965926518220712,positive,16,10,
B_RIDGE,5,3,3,able,textual,coefficient,-0.6931625714744543,0.6931625714744543,negative,17,,7
B_RIDGE,5,3,62,did,textual,coefficient,0.6791284407272716,0.6791284407272716,positive,18,11,
B_RIDGE,5,3,84,emotional,textual,coefficient,0.6712464019838961,0.6712464019838961,positive,19,12,
B_RIDGE,5,3,6,activity,textual,coefficient,0.6350357868020362,0.6350357868020362,positive,20,13,
B_RIDGE,5,3,224,sensitive,textual,coefficient,0.6344254506892366,0.6344254506892366,positive,21,14,
B_RIDGE,5,3,19,anger,textual,coefficient,0.6330014966583056,0.6330014966583056,positive,22,15,
B_RIDGE,5,3,107,function,textual,coefficient,-0.6329358812997493,0.6329358812997493,negative,23,,8
B_RIDGE,5,3,68,difficult,textual,coefficient,0.6313190887344575,0.6313190887344575,positive,24,16,
B_RIDGE,5,3,206,problems,textual,coefficient,-0.6298099840879909,0.6298099840879909,negative,25,,9
B_RIDGE,5,3,18,alcohol,textual,coefficient,0.6240950940606682,0.6240950940606682,positive,26,17,
B_RIDGE,5,3,1,20,textual,coefficient,-0.6195699923987684,0.6195699923987684,negative,27,,10
B_RIDGE,5,3,147,kind,textual,coefficient,-0.6071005863034029,0.6071005863034029,negative,28,,11
B_RIDGE,5,3,209,really,textual,coefficient,0.6052248621957989,0.6052248621957989,positive,29,18,
B_RIDGE,5,3,67,differently,textual,coefficient,0.5985911076184328,0.5985911076184328,positive,30,19,
B_RIDGE,5,3,235,start,textual,coefficient,-0.5965951380086119,0.5965951380086119,negative,31,,12
B_RIDGE,5,3,45,children,textual,coefficient,-0.5958344566070808,0.5958344566070808,negative,32,,13
B_RIDGE,5,3,31,better,textual,coefficient,0.5824228687830774,0.5824228687830774,positive,33,20,
B_RIDGE,5,3,75,doing,textual,coefficient,-0.5756804250034527,0.5756804250034527,negative,34,,14
B_RIDGE,5,3,220,school,textual,coefficient,0.571712959173788,0.571712959173788,positive,35,21,
B_RIDGE,5,3,207,protein,textual,coefficient,0.5663380415199716,0.5663380415199716,positive,36,22,
B_RIDGE,5,3,33,bit,textual,coefficient,0.5540230657186614,0.5540230657186614,positive,37,23,
B_RIDGE,5,3,161,ll,textual,coefficient,0.5475298889627932,0.5475298889627932,positive,38,24,
B_RIDGE,5,3,274,trying,textual,coefficient,0.5344976604487051,0.5344976604487051,positive,39,25,
B_RIDGE,5,3,227,signs,textual,coefficient,0.5293861158542652,0.5293861158542652,positive,40,26,
B_RIDGE,5,3,39,called,textual,coefficient,0.5234672033451937,0.5234672033451937,positive,41,27,
B_RIDGE,5,3,83,eating,textual,coefficient,-0.5206519570347333,0.5206519570347333,negative,42,,15
B_RIDGE,5,3,168,low,textual,coefficient,-0.5153368660136988,0.5153368660136988,negative,43,,16
B_RIDGE,5,3,255,talking,textual,coefficient,-0.5138110079956979,0.5138110079956979,negative,44,,17
B_RIDGE,5,3,47,comes,textual,coefficient,0.5100516408779687,0.5100516408779687,positive,45,28,
B_RIDGE,5,3,215,remember,textual,coefficient,-0.5079445005982325,0.5079445005982325,negative,46,,18
B_RIDGE,5,3,169,lower,textual,coefficient,0.5063205356570798,0.5063205356570798,positive,47,29,
B_RIDGE,5,3,17,affects,textual,coefficient,-0.5045738604209599,0.5045738604209599,negative,48,,19
B_RIDGE,5,3,116,gut,textual,coefficient,0.4957353091171358,0.4957353091171358,positive,49,30,
B_RIDGE,5,3,292,working,textual,coefficient,-0.4940784026807436,0.4940784026807436,negative,50,,20
B_RIDGE,5,3,127,high,textual,coefficient,-0.491011288308676,0.491011288308676,negative,51,,21
B_RIDGE,5,3,166,lot,textual,coefficient,0.49026493804101307,0.49026493804101307,positive,52,31,
B_RIDGE,5,3,103,food,textual,coefficient,0.4897291924238512,0.4897291924238512,positive,53,32,
B_RIDGE,5,3,100,focus,textual,coefficient,-0.48965441875176663,0.48965441875176663,negative,54,,22
B_RIDGE,5,3,119,hard,textual,coefficient,0.4841819181792704,0.4841819181792704,positive,55,33,
B_RIDGE,5,3,140,information,textual,coefficient,-0.4743941648130234,0.4743941648130234,negative,56,,23
B_RIDGE,5,3,167,love,textual,coefficient,0.4712156311110057,0.4712156311110057,positive,57,34,
B_RIDGE,5,3,126,helps,textual,coefficient,-0.46916835923749894,0.46916835923749894,negative,58,,24
B_RIDGE,5,3,142,isn,textual,coefficient,-0.46652958952827545,0.46652958952827545,negative,59,,25
B_RIDGE,5,3,105,forget,textual,coefficient,0.46458981447240927,0.46458981447240927,positive,60,35,
B_RIDGE,5,3,26,bad,textual,coefficient,0.46008718734613885,0.46008718734613885,positive,61,36,
B_RIDGE,5,3,165,looking,textual,coefficient,-0.4549983712010607,0.4549983712010607,negative,62,,26
B_RIDGE,5,3,76,don,textual,coefficient,-0.4547127976232091,0.4547127976232091,negative,63,,27
B_RIDGE,5,3,267,thought,textual,coefficient,-0.4544116165078511,0.4544116165078511,negative,64,,28
B_RIDGE,5,3,108,gets,textual,coefficient,0.4527264586720752,0.4527264586720752,positive,65,37,
B_RIDGE,5,3,264,things,textual,coefficient,0.44131040626164497,0.44131040626164497,positive,66,38,
B_RIDGE,5,3,263,thing,textual,coefficient,0.43450759357093816,0.43450759357093816,positive,67,39,
B_RIDGE,5,3,81,easily,textual,coefficient,-0.4322173315709449,0.4322173315709449,negative,68,,29
B_RIDGE,5,3,287,want,textual,coefficient,0.43179187568654576,0.43179187568654576,positive,69,40,
B_RIDGE,5,3,194,overwhelmed,textual,coefficient,0.42906591078530415,0.42906591078530415,positive,70,41,
B_RIDGE,5,3,27,based,textual,coefficient,-0.42376226520742977,0.42376226520742977,negative,71,,30
B_RIDGE,5,3,203,point,textual,coefficient,0.4198603914463835,0.4198603914463835,positive,72,42,
B_RIDGE,5,3,195,parents,textual,coefficient,-0.41648768945434594,0.41648768945434594,negative,73,,31
B_RIDGE,5,3,87,energy,textual,coefficient,-0.41382079242859865,0.41382079242859865,negative,74,,32
B_RIDGE,5,3,288,way,textual,coefficient,-0.4124897068991978,0.4124897068991978,negative,75,,33
B_RIDGE,5,3,72,doctor,textual,coefficient,0.4123746973612451,0.4123746973612451,positive,76,43,
B_RIDGE,5,3,156,like,textual,coefficient,-0.41163621112131854,0.41163621112131854,negative,77,,34
B_RIDGE,5,3,141,instead,textual,coefficient,0.4103954259135493,0.4103954259135493,positive,78,44,
B_RIDGE,5,3,154,levels,textual,coefficient,0.40747716774715675,0.40747716774715675,positive,79,45,
B_RIDGE,5,3,260,term,textual,coefficient,-0.405998491247855,0.405998491247855,negative,80,,35
B_RIDGE,5,3,284,ve,textual,coefficient,0.4040843231742781,0.4040843231742781,positive,81,46,
B_RIDGE,5,3,132,hyper,textual,coefficient,-0.4034585628858891,0.4034585628858891,negative,82,,36
B_RIDGE,5,3,37,burnout,textual,coefficient,-0.4025480305191422,0.4025480305191422,negative,83,,37
B_RIDGE,5,3,225,sensory,textual,coefficient,0.40225507087391743,0.40225507087391743,positive,84,47,
B_RIDGE,5,3,204,probably,textual,coefficient,0.39428978601458914,0.39428978601458914,positive,85,48,
B_RIDGE,5,3,149,lack,textual,coefficient,-0.3926199541158762,0.3926199541158762,negative,86,,38
B_RIDGE,5,3,249,sugar,textual,coefficient,-0.3921432740794138,0.3921432740794138,negative,87,,39
B_RIDGE,5,3,208,real,textual,coefficient,-0.3913957045890371,0.3913957045890371,negative,88,,40
B_RIDGE,5,3,180,mental,textual,coefficient,-0.3884157178645975,0.3884157178645975,negative,89,,41
B_RIDGE,5,3,218,say,textual,coefficient,-0.38306873175221146,0.38306873175221146,negative,90,,42
B_RIDGE,5,3,7,actually,textual,coefficient,-0.382344537639429,0.382344537639429,negative,91,,43
B_RIDGE,5,3,191,number,textual,coefficient,-0.3816637430960105,0.3816637430960105,negative,92,,44
B_RIDGE,5,3,244,struggle,textual,coefficient,0.373025844032975,0.373025844032975,positive,93,49,
B_RIDGE,5,3,101,focused,textual,coefficient,0.3723573221868706,0.3723573221868706,positive,94,50,
B_RIDGE,5,3,291,work,textual,coefficient,-0.37065243960821953,0.37065243960821953,negative,95,,45
B_RIDGE,5,3,278,um,textual,coefficient,-0.3694416423282157,0.3694416423282157,negative,96,,46
B_RIDGE,5,3,60,diagnosed adhd,textual,coefficient,-0.36649962578838347,0.36649962578838347,negative,97,,47
B_RIDGE,5,3,242,strategies,textual,coefficient,-0.3647037766617997,0.3647037766617997,negative,98,,48
B_RIDGE,5,3,253,taking,textual,coefficient,0.35519403806178496,0.35519403806178496,positive,99,51,
B_RIDGE,5,3,164,look,textual,coefficient,-0.35110892491686324,0.35110892491686324,negative,100,,49
B_RIDGE,5,3,179,memory,textual,coefficient,0.35003051760863163,0.35003051760863163,positive,101,52,
B_RIDGE,5,3,184,motivation,textual,coefficient,-0.34685823184225784,0.34685823184225784,negative,102,,50
B_RIDGE,5,3,216,research,textual,coefficient,-0.3463932470703387,0.3463932470703387,negative,103,,51
B_RIDGE,5,3,61,diagnosis,textual,coefficient,0.34608272978424276,0.34608272978424276,positive,104,53,
B_RIDGE,5,3,15,adult,textual,coefficient,-0.34452927098528696,0.34452927098528696,negative,105,,52
B_RIDGE,5,3,8,add,textual,coefficient,-0.34437598388740503,0.34437598388740503,negative,106,,53
B_RIDGE,5,3,240,stimulation,textual,coefficient,-0.3428153335693161,0.3428153335693161,negative,107,,54
B_RIDGE,5,3,158,literally,textual,coefficient,0.3406596860117776,0.3406596860117776,positive,108,54,
B_RIDGE,5,3,283,usually,textual,coefficient,-0.331848978583037,0.331848978583037,negative,109,,55
B_RIDGE,5,3,29,behavior,textual,coefficient,-0.3275293683390864,0.3275293683390864,negative,110,,56
B_RIDGE,5,3,239,stimulants,textual,coefficient,-0.3252061378149127,0.3252061378149127,negative,111,,57
B_RIDGE,5,3,217,right,textual,coefficient,-0.3251844476789154,0.3251844476789154,negative,112,,58
B_RIDGE,5,3,290,women,textual,coefficient,0.3179319141304964,0.3179319141304964,positive,113,55,
B_RIDGE,5,3,223,sense,textual,coefficient,0.31361834677482153,0.31361834677482153,positive,114,56,
B_RIDGE,5,3,262,therapy,textual,coefficient,0.3128495612382256,0.3128495612382256,positive,115,57,
B_RIDGE,5,3,243,stress,textual,coefficient,-0.3046200714791621,0.3046200714791621,negative,116,,59
B_RIDGE,5,3,257,tasks,textual,coefficient,-0.30270941149611225,0.30270941149611225,negative,117,,60
B_RIDGE,5,3,121,having,textual,coefficient,-0.3021848014488335,0.3021848014488335,negative,118,,61
B_RIDGE,5,3,279,understand,textual,coefficient,-0.30100719984273544,0.30100719984273544,negative,119,,62
B_RIDGE,5,3,238,stimulant,textual,coefficient,-0.30090205767037864,0.30090205767037864,negative,120,,63
B_RIDGE,5,3,261,test,textual,coefficient,0.2901975990019514,0.2901975990019514,positive,121,58,
B_RIDGE,5,3,97,feeling,textual,coefficient,-0.2896954672398948,0.2896954672398948,negative,122,,64
B_RIDGE,5,3,54,control,textual,coefficient,0.2818131519963535,0.2818131519963535,positive,123,59,
B_RIDGE,5,3,185,music,textual,coefficient,-0.2810019062292458,0.2810019062292458,negative,124,,65
B_RIDGE,5,3,190,new,textual,coefficient,0.27819308727056447,0.27819308727056447,positive,125,60,
B_RIDGE,5,3,175,means,textual,coefficient,-0.27691582019588634,0.27691582019588634,negative,126,,66
B_RIDGE,5,3,14,adhd symptoms,textual,coefficient,-0.27568109999674917,0.27568109999674917,negative,127,,67
B_RIDGE,5,3,172,making,textual,coefficient,-0.27121396896023725,0.27121396896023725,negative,128,,68
B_RIDGE,5,3,55,create,textual,coefficient,0.2633976590675516,0.2633976590675516,positive,129,61,
B_RIDGE,5,3,236,state,textual,coefficient,0.26278542887217393,0.26278542887217393,positive,130,62,
B_RIDGE,5,3,171,makes,textual,coefficient,-0.2617653898165923,0.2617653898165923,negative,131,,69
B_RIDGE,5,3,275,turn,textual,coefficient,-0.25978043938215467,0.25978043938215467,negative,132,,70
B_RIDGE,5,3,273,try,textual,coefficient,-0.25860181662720105,0.25860181662720105,negative,133,,71
B_RIDGE,5,3,270,times,textual,coefficient,-0.251447210634219,0.251447210634219,negative,134,,72
B_RIDGE,5,3,241,stop,textual,coefficient,-0.2451416007834367,0.2451416007834367,negative,135,,73
B_RIDGE,5,3,5,activities,textual,coefficient,-0.24386077140776768,0.24386077140776768,negative,136,,74
B_RIDGE,5,3,123,hear,textual,coefficient,-0.24231811260438726,0.24231811260438726,negative,137,,75
B_RIDGE,5,3,226,short,textual,coefficient,0.24121397733002192,0.24121397733002192,positive,138,63,
B_RIDGE,5,3,82,eat,textual,coefficient,0.24049341443833602,0.24049341443833602,positive,139,64,
B_RIDGE,5,3,93,fact,textual,coefficient,-0.23953854282442205,0.23953854282442205,negative,140,,76
B_RIDGE,5,3,32,big,textual,coefficient,-0.2389751511602898,0.2389751511602898,negative,141,,77
B_RIDGE,5,3,135,impact,textual,coefficient,-0.2327720919987869,0.2327720919987869,negative,142,,78
B_RIDGE,5,3,41,care,textual,coefficient,-0.23126793791221,0.23126793791221,negative,143,,79
B_RIDGE,5,3,66,different,textual,coefficient,0.23113525436595966,0.23113525436595966,positive,144,65,
B_RIDGE,5,3,2,ability,textual,coefficient,0.22706047954998954,0.22706047954998954,positive,145,66,
B_RIDGE,5,3,150,late,textual,coefficient,0.22480667806594054,0.22480667806594054,positive,146,67,
B_RIDGE,5,3,210,reason,textual,coefficient,-0.22133577109126723,0.22133577109126723,negative,147,,80
B_RIDGE,5,3,248,stuff,textual,coefficient,0.21701276041922246,0.21701276041922246,positive,148,68,
B_RIDGE,5,3,189,neurotypical,textual,coefficient,0.21689223470603433,0.21689223470603433,positive,149,69,
B_RIDGE,5,3,111,going,textual,coefficient,0.21545851278342934,0.21545851278342934,positive,150,70,
B_RIDGE,5,3,148,know,textual,coefficient,-0.21494132091765203,0.21494132091765203,negative,151,,81
B_RIDGE,5,3,234,sort,textual,coefficient,0.21435602853542868,0.21435602853542868,positive,152,71,
B_RIDGE,5,3,21,ask,textual,coefficient,-0.2135920167439999,0.2135920167439999,negative,153,,82
B_RIDGE,5,3,36,brains,textual,coefficient,-0.21242399025224837,0.21242399025224837,negative,154,,83
B_RIDGE,5,3,59,diagnosed,textual,coefficient,0.20846356142868938,0.20846356142868938,positive,155,72,
B_RIDGE,5,3,280,use,textual,coefficient,-0.20811074084639763,0.20811074084639763,negative,156,,84
B_RIDGE,5,3,188,nervous,textual,coefficient,-0.20632210141183407,0.20632210141183407,negative,157,,85
B_RIDGE,5,3,25,avoid,textual,coefficient,-0.20428742816836043,0.20428742816836043,negative,158,,86
B_RIDGE,5,3,70,disorder,textual,coefficient,0.20001565377077757,0.20001565377077757,positive,159,73,
B_RIDGE,5,3,174,mean,textual,coefficient,-0.19767810173955014,0.19767810173955014,negative,160,,87
B_RIDGE,5,3,155,life,textual,coefficient,-0.19359851173129586,0.19359851173129586,negative,161,,88
B_RIDGE,5,3,30,best,textual,coefficient,-0.18807532565682633,0.18807532565682633,negative,162,,89
B_RIDGE,5,3,106,fucking,textual,coefficient,-0.18350376706721064,0.18350376706721064,negative,163,,90
B_RIDGE,5,3,38,caffeine,textual,coefficient,-0.18075533768736435,0.18075533768736435,negative,164,,91
B_RIDGE,5,3,200,phone,textual,coefficient,-0.17956304287623662,0.17956304287623662,negative,165,,92
B_RIDGE,5,3,176,medication,textual,coefficient,-0.17883819536522966,0.17883819536522966,negative,166,,93
B_RIDGE,5,3,196,patients,textual,coefficient,0.1762619407565117,0.1762619407565117,positive,167,74,
B_RIDGE,5,3,177,medications,textual,coefficient,0.17611356765355393,0.17611356765355393,positive,168,75,
B_RIDGE,5,3,4,absolutely,textual,coefficient,-0.17310734296056637,0.17310734296056637,negative,169,,94
B_RIDGE,5,3,299,yes,textual,coefficient,-0.17309659882923048,0.17309659882923048,negative,170,,95
B_RIDGE,5,3,265,things like,textual,coefficient,-0.17257202576591074,0.17257202576591074,negative,171,,96
B_RIDGE,5,3,24,autism,textual,coefficient,-0.17116422381158194,0.17116422381158194,negative,172,,97
B_RIDGE,5,3,109,getting,textual,coefficient,-0.17059821776490317,0.17059821776490317,negative,173,,98
B_RIDGE,5,3,53,constantly,textual,coefficient,0.16987804032789366,0.16987804032789366,positive,174,76,
B_RIDGE,5,3,183,morning,textual,coefficient,0.1693500769326186,0.1693500769326186,positive,175,77,
B_RIDGE,5,3,271,treatment,textual,coefficient,-0.16924097410385133,0.16924097410385133,negative,176,,99
B_RIDGE,5,3,277,uh,textual,coefficient,0.1689554882863366,0.1689554882863366,positive,177,78,
B_RIDGE,5,3,282,using,textual,coefficient,0.16828338180623864,0.16828338180623864,positive,178,79,
B_RIDGE,5,3,219,saying,textual,coefficient,-0.16600793907036265,0.16600793907036265,negative,179,,100
B_RIDGE,5,3,250,support,textual,coefficient,-0.16546594940909168,0.16546594940909168,negative,180,,101
B_RIDGE,5,3,98,feels,textual,coefficient,-0.1646808494599909,0.1646808494599909,negative,181,,102
B_RIDGE,5,3,237,stay,textual,coefficient,-0.163456907095648,0.163456907095648,negative,182,,103
B_RIDGE,5,3,102,follow,textual,coefficient,-0.16295085843890583,0.16295085843890583,negative,183,,104
B_RIDGE,5,3,43,change,textual,coefficient,-0.16293445407164633,0.16293445407164633,negative,184,,105
B_RIDGE,5,3,139,increase,textual,coefficient,0.16277896610211062,0.16277896610211062,positive,185,80,
B_RIDGE,5,3,146,kids,textual,coefficient,-0.1606522512399714,0.1606522512399714,negative,186,,106
B_RIDGE,5,3,152,learn,textual,coefficient,0.15998815834662045,0.15998815834662045,positive,187,81,
B_RIDGE,5,3,295,worse,textual,coefficient,0.15544816403016173,0.15544816403016173,positive,188,82,
B_RIDGE,5,3,211,regulate,textual,coefficient,0.15328225901804043,0.15328225901804043,positive,189,83,
B_RIDGE,5,3,182,minutes,textual,coefficient,-0.1491146382258771,0.1491146382258771,negative,190,,107
B_RIDGE,5,3,281,used,textual,coefficient,0.14433752916977566,0.14433752916977566,positive,191,84,
B_RIDGE,5,3,96,feel like,textual,coefficient,-0.1436637912703518,0.1436637912703518,negative,192,,108
B_RIDGE,5,3,52,constant,textual,coefficient,-0.14312646158117223,0.14312646158117223,negative,193,,109
B_RIDGE,5,3,212,regulation,textual,coefficient,0.14219035941209188,0.14219035941209188,positive,194,85,
B_RIDGE,5,3,129,highly,textual,coefficient,-0.14206268361054272,0.14206268361054272,negative,195,,110
B_RIDGE,5,3,268,thoughts,textual,coefficient,0.14117210574956454,0.14117210574956454,positive,196,86,
B_RIDGE,5,3,0,10,textual,coefficient,0.14077252452765643,0.14077252452765643,positive,197,87,
B_RIDGE,5,3,124,help,textual,coefficient,-0.14057722060146344,0.14057722060146344,negative,198,,111
B_RIDGE,5,3,73,does,textual,coefficient,0.1399385654431589,0.1399385654431589,positive,199,88,
B_RIDGE,5,3,293,works,textual,coefficient,0.13762758508033685,0.13762758508033685,positive,200,89,
B_RIDGE,5,3,131,hours,textual,coefficient,-0.13518778200760823,0.13518778200760823,negative,201,,112
B_RIDGE,5,3,181,mind,textual,coefficient,0.13215983435531709,0.13215983435531709,positive,202,90,
B_RIDGE,5,3,285,ve got,textual,coefficient,-0.13135598369626814,0.13135598369626814,negative,203,,113
B_RIDGE,5,3,137,impulsive,textual,coefficient,-0.13069366079465136,0.13069366079465136,negative,204,,114
B_RIDGE,5,3,85,emotions,textual,coefficient,0.13037571061755146,0.13037571061755146,positive,205,91,
B_RIDGE,5,3,79,dr,textual,coefficient,0.1287935809179169,0.1287935809179169,positive,206,92,
B_RIDGE,5,3,44,child,textual,coefficient,0.12559170835560224,0.12559170835560224,positive,207,93,
B_RIDGE,5,3,178,meds,textual,coefficient,0.12550317184109344,0.12550317184109344,positive,208,94,
B_RIDGE,5,3,95,feel,textual,coefficient,0.12051470187075686,0.12051470187075686,positive,209,95,
B_RIDGE,5,3,297,yeah,textual,coefficient,-0.12033549085033514,0.12033549085033514,negative,210,,115
B_RIDGE,5,3,144,job,textual,coefficient,-0.11876565701547183,0.11876565701547183,negative,211,,116
B_RIDGE,5,3,130,hour,textual,coefficient,-0.11868573549240856,0.11868573549240856,negative,212,,117
B_RIDGE,5,3,163,long term,textual,coefficient,-0.11709591026725504,0.11709591026725504,negative,213,,118
B_RIDGE,5,3,40,calm,textual,coefficient,0.1146419295129296,0.1146419295129296,positive,214,96,
B_RIDGE,5,3,63,didn,textual,coefficient,-0.11429350133913194,0.11429350133913194,negative,215,,119
B_RIDGE,5,3,186,need,textual,coefficient,-0.11337057515067347,0.11337057515067347,negative,216,,120
B_RIDGE,5,3,296,wrong,textual,coefficient,-0.11200046171081175,0.11200046171081175,negative,217,,121
B_RIDGE,5,3,162,long,textual,coefficient,0.11015121887729906,0.11015121887729906,positive,218,97,
B_RIDGE,5,3,228,single,textual,coefficient,-0.1099069807423933,0.1099069807423933,negative,219,,122
B_RIDGE,5,3,65,difference,textual,coefficient,0.1076496318572577,0.1076496318572577,positive,220,98,
B_RIDGE,5,3,13,adhd people,textual,coefficient,0.1070735610212866,0.1070735610212866,positive,221,99,
B_RIDGE,5,3,199,person,textual,coefficient,0.10569553719230376,0.10569553719230376,positive,222,100,
B_RIDGE,5,3,9,addiction,textual,coefficient,-0.1056873037912924,0.1056873037912924,negative,223,,123
B_RIDGE,5,3,286,video,textual,coefficient,0.10503072015275972,0.10503072015275972,positive,224,101,
B_RIDGE,5,3,91,exercise,textual,coefficient,-0.10392442275797394,0.10392442275797394,negative,225,,124
B_RIDGE,5,3,10,adhd,textual,coefficient,-0.10090533986418594,0.10090533986418594,negative,226,,125
B_RIDGE,5,3,245,struggling,textual,coefficient,0.09975406406408703,0.09975406406408703,positive,227,102,
B_RIDGE,5,3,294,world,textual,coefficient,-0.0980444425760942,0.0980444425760942,negative,228,,126
B_RIDGE,5,3,128,higher,textual,coefficient,-0.09774455760619534,0.09774455760619534,negative,229,,127
B_RIDGE,5,3,22,attention,textual,coefficient,0.09771600575209688,0.09771600575209688,positive,230,103,
B_RIDGE,5,3,117,half,textual,coefficient,0.09688403772504614,0.09688403772504614,positive,231,104,
B_RIDGE,5,3,110,goes,textual,coefficient,-0.09635862645626049,0.09635862645626049,negative,232,,128
B_RIDGE,5,3,138,impulsivity,textual,coefficient,-0.09173702408201144,0.09173702408201144,negative,233,,129
B_RIDGE,5,3,46,come,textual,coefficient,-0.09105633445359823,0.09105633445359823,negative,234,,130
B_RIDGE,5,3,259,tend,textual,coefficient,-0.09078661089307365,0.09078661089307365,negative,235,,131
B_RIDGE,5,3,51,consequences,textual,coefficient,-0.09045863287121471,0.09045863287121471,negative,236,,132
B_RIDGE,5,3,254,talk,textual,coefficient,0.09036517994282912,0.09036517994282912,positive,237,105,
B_RIDGE,5,3,134,hyperactivity,textual,coefficient,-0.08768522518353263,0.08768522518353263,negative,238,,133
B_RIDGE,5,3,120,harder,textual,coefficient,0.08229122501696448,0.08229122501696448,positive,239,106,
B_RIDGE,5,3,69,difficulty,textual,coefficient,0.08080792233310262,0.08080792233310262,positive,240,107,
B_RIDGE,5,3,133,hyperactive,textual,coefficient,-0.08072789261287804,0.08072789261287804,negative,241,,134
B_RIDGE,5,3,49,completely,textual,coefficient,0.07994057907872713,0.07994057907872713,positive,242,108,
B_RIDGE,5,3,112,gonna,textual,coefficient,0.07929868182564219,0.07929868182564219,positive,243,109,
B_RIDGE,5,3,114,got,textual,coefficient,0.07918145161612239,0.07918145161612239,positive,244,110,
B_RIDGE,5,3,113,good,textual,coefficient,0.07842622537937931,0.07842622537937931,positive,245,111,
B_RIDGE,5,3,192,oh,textual,coefficient,0.07583945588894575,0.07583945588894575,positive,246,112,
B_RIDGE,5,3,86,end,textual,coefficient,-0.07427679452173172,0.07427679452173172,negative,247,,135
B_RIDGE,5,3,48,common,textual,coefficient,0.07373411945101604,0.07373411945101604,positive,248,113,
B_RIDGE,5,3,151,later,textual,coefficient,0.07183280138897646,0.07183280138897646,positive,249,114,
B_RIDGE,5,3,301,hedge_score,handcrafted_linguistic,coefficient,-0.07171549428340947,0.07171549428340947,negative,250,,136
B_RIDGE,5,3,23,attention deficit,textual,coefficient,-0.06951310823913197,0.06951310823913197,negative,251,,137
B_RIDGE,5,3,122,health,textual,coefficient,0.06921260026829767,0.06921260026829767,positive,252,115,
B_RIDGE,5,3,58,depression,textual,coefficient,0.0691854605859585,0.0691854605859585,positive,253,116,
B_RIDGE,5,3,71,distracted,textual,coefficient,-0.06914112855454535,0.06914112855454535,negative,254,,138
B_RIDGE,5,3,213,rejection,textual,coefficient,-0.06741947927961313,0.06741947927961313,negative,255,,139
B_RIDGE,5,3,201,physical,textual,coefficient,-0.06634254875614295,0.06634254875614295,negative,256,,140
B_RIDGE,5,3,99,finally,textual,coefficient,-0.06032627273023634,0.06032627273023634,negative,257,,141
B_RIDGE,5,3,64,diet,textual,coefficient,0.0593168163217428,0.0593168163217428,positive,258,117,
B_RIDGE,5,3,34,body,textual,coefficient,0.05787878958038181,0.05787878958038181,positive,259,118,
B_RIDGE,5,3,94,fast,textual,coefficient,-0.05463364865877494,0.05463364865877494,negative,260,,142
B_RIDGE,5,3,231,small,textual,coefficient,-0.050375057086961536,0.050375057086961536,negative,261,,143
B_RIDGE,5,3,153,let,textual,coefficient,-0.050199175416984716,0.050199175416984716,negative,262,,144
B_RIDGE,5,3,298,years,textual,coefficient,0.04992227288904686,0.04992227288904686,positive,263,119,
B_RIDGE,5,3,92,experience,textual,coefficient,-0.04954968588560923,0.04954968588560923,negative,264,,145
B_RIDGE,5,3,89,everybody,textual,coefficient,-0.04657663372521847,0.04657663372521847,negative,265,,146
B_RIDGE,5,3,159,little,textual,coefficient,0.044924449284398364,0.044924449284398364,positive,266,120,
B_RIDGE,5,3,221,second,textual,coefficient,0.04472608090732124,0.04472608090732124,positive,267,121,
B_RIDGE,5,3,50,condition,textual,coefficient,0.044536171824385413,0.044536171824385413,positive,268,122,
B_RIDGE,5,3,276,type,textual,coefficient,0.04280809798062908,0.04280809798062908,positive,269,123,
B_RIDGE,5,3,90,executive,textual,coefficient,0.0401635984165159,0.0401635984165159,positive,270,124,
B_RIDGE,5,3,222,self,textual,coefficient,-0.038447258416441685,0.038447258416441685,negative,271,,147
B_RIDGE,5,3,233,somebody,textual,coefficient,0.038388477076806586,0.038388477076806586,positive,272,125,
B_RIDGE,5,3,57,deficit,textual,coefficient,0.03784761471749545,0.03784761471749545,positive,273,126,
B_RIDGE,5,3,256,task,textual,coefficient,-0.03739547981323225,0.03739547981323225,negative,274,,148
B_RIDGE,5,3,12,adhd brains,textual,coefficient,-0.0371597284847134,0.0371597284847134,negative,275,,149
B_RIDGE,5,3,173,maybe,textual,coefficient,-0.03506979863767837,0.03506979863767837,negative,276,,150
B_RIDGE,5,3,35,brain,textual,coefficient,-0.033509233239651506,0.033509233239651506,negative,277,,151
B_RIDGE,5,3,300,certainty_score,handcrafted_linguistic,coefficient,0.032879252411245084,0.032879252411245084,positive,278,127,
B_RIDGE,5,3,77,don know,textual,coefficient,-0.0320566101412783,0.0320566101412783,negative,279,,152
B_RIDGE,5,3,272,trouble,textual,coefficient,0.029684877397041343,0.029684877397041343,positive,280,128,
B_RIDGE,5,3,205,problem,textual,coefficient,0.02941703889911246,0.02941703889911246,positive,281,129,
B_RIDGE,5,3,247,study,textual,coefficient,-0.028117155564618655,0.028117155564618655,negative,282,,153
B_RIDGE,5,3,42,certain,textual,coefficient,0.027843912722001284,0.027843912722001284,positive,283,130,
B_RIDGE,5,3,115,great,textual,coefficient,0.026869602257782472,0.026869602257782472,positive,284,131,
B_RIDGE,5,3,160,little bit,textual,coefficient,0.024425651434126523,0.024425651434126523,positive,285,132,
B_RIDGE,5,3,198,people adhd,textual,coefficient,-0.023298648646262896,0.023298648646262896,negative,286,,154
B_RIDGE,5,3,118,happens,textual,coefficient,0.02273309048740969,0.02273309048740969,positive,287,133,
B_RIDGE,5,3,251,sure,textual,coefficient,0.021847524137780575,0.021847524137780575,positive,288,134,
B_RIDGE,5,3,28,basically,textual,coefficient,0.02168793005689665,0.02168793005689665,positive,289,135,
B_RIDGE,5,3,202,place,textual,coefficient,0.020856573676943147,0.020856573676943147,positive,290,136,
B_RIDGE,5,3,193,okay,textual,coefficient,-0.018254783714665018,0.018254783714665018,negative,291,,155
B_RIDGE,5,3,56,day,textual,coefficient,-0.018196316505683926,0.018196316505683926,negative,292,,156
B_RIDGE,5,3,266,think,textual,coefficient,0.01714745233044058,0.01714745233044058,positive,293,137,
B_RIDGE,5,3,232,social,textual,coefficient,-0.013723433343253946,0.013723433343253946,negative,294,,157
B_RIDGE,5,3,170,make,textual,coefficient,-0.013522467463772732,0.013522467463772732,negative,295,,158
B_RIDGE,5,3,104,foods,textual,coefficient,0.010921588542057254,0.010921588542057254,positive,296,138,
B_RIDGE,5,3,16,adults,textual,coefficient,-0.010766122221019182,0.010766122221019182,negative,297,,159
B_RIDGE,5,3,258,tell,textual,coefficient,0.007333332502500606,0.007333332502500606,positive,298,139,
B_RIDGE,5,3,197,people,textual,coefficient,0.006663807752342951,0.006663807752342951,positive,299,140,
B_RIDGE,5,3,11,adhd brain,textual,coefficient,0.003431614521175816,0.003431614521175816,positive,300,141,
B_RIDGE,5,3,289,ways,textual,coefficient,-0.0030246938180867474,0.0030246938180867474,negative,301,,160
B_RIDGE,5,3,88,especially,textual,coefficient,0.002864187716148414,0.002864187716148414,positive,302,142,
B_RIDGE,5,4,295,worse,textual,coefficient,0.9834459528233634,0.9834459528233634,positive,1,1,
B_RIDGE,5,4,269,time,textual,coefficient,-0.9040068898300486,0.9040068898300486,negative,2,,1
B_RIDGE,5,4,36,brains,textual,coefficient,0.8846382399315588,0.8846382399315588,positive,3,2,
B_RIDGE,5,4,243,stress,textual,coefficient,0.8291896006951304,0.8291896006951304,positive,4,3,
B_RIDGE,5,4,240,stimulation,textual,coefficient,0.8170696775613713,0.8170696775613713,positive,5,4,
B_RIDGE,5,4,227,signs,textual,coefficient,-0.8052575933211753,0.8052575933211753,negative,6,,2
B_RIDGE,5,4,106,fucking,textual,coefficient,0.7971422403454316,0.7971422403454316,positive,7,5,
B_RIDGE,5,4,25,avoid,textual,coefficient,0.7619772886001569,0.7619772886001569,positive,8,6,
B_RIDGE,5,4,267,thought,textual,coefficient,0.7545839379237665,0.7545839379237665,positive,9,7,
B_RIDGE,5,4,137,impulsive,textual,coefficient,-0.7518392615161491,0.7518392615161491,negative,10,,3
B_RIDGE,5,4,241,stop,textual,coefficient,0.7434280909848171,0.7434280909848171,positive,11,8,
B_RIDGE,5,4,87,energy,textual,coefficient,0.7365276845032956,0.7365276845032956,positive,12,9,
B_RIDGE,5,4,61,diagnosis,textual,coefficient,-0.728850801421249,0.728850801421249,negative,13,,4
B_RIDGE,5,4,252,symptoms,textual,coefficient,-0.6954608034102537,0.6954608034102537,negative,14,,5
B_RIDGE,5,4,56,day,textual,coefficient,0.6842343538839598,0.6842343538839598,positive,15,10,
B_RIDGE,5,4,12,adhd brains,textual,coefficient,0.6747512328356275,0.6747512328356275,positive,16,11,
B_RIDGE,5,4,230,sleep,textual,coefficient,-0.6505962656351284,0.6505962656351284,negative,17,,6
B_RIDGE,5,4,126,helps,textual,coefficient,0.6452627818517488,0.6452627818517488,positive,18,12,
B_RIDGE,5,4,30,best,textual,coefficient,0.6417499201972572,0.6417499201972572,positive,19,13,
B_RIDGE,5,4,20,anxiety,textual,coefficient,0.6390841063969197,0.6390841063969197,positive,20,14,
B_RIDGE,5,4,239,stimulants,textual,coefficient,-0.6329531229355116,0.6329531229355116,negative,21,,7
B_RIDGE,5,4,249,sugar,textual,coefficient,0.6311231448795495,0.6311231448795495,positive,22,15,
B_RIDGE,5,4,74,doesn,textual,coefficient,-0.6231131793680201,0.6231131793680201,negative,23,,8
B_RIDGE,5,4,284,ve,textual,coefficient,0.6120756310410793,0.6120756310410793,positive,24,16,
B_RIDGE,5,4,277,uh,textual,coefficient,-0.6103399078915008,0.6103399078915008,negative,25,,9
B_RIDGE,5,4,112,gonna,textual,coefficient,0.6071036762195271,0.6071036762195271,positive,26,17,
B_RIDGE,5,4,286,video,textual,coefficient,-0.6052163247084428,0.6052163247084428,negative,27,,10
B_RIDGE,5,4,181,mind,textual,coefficient,0.59475728662874,0.59475728662874,positive,28,18,
B_RIDGE,5,4,251,sure,textual,coefficient,-0.5919540745889937,0.5919540745889937,negative,29,,11
B_RIDGE,5,4,218,say,textual,coefficient,0.5839591319350643,0.5839591319350643,positive,30,19,
B_RIDGE,5,4,98,feels,textual,coefficient,0.5809890311869358,0.5809890311869358,positive,31,20,
B_RIDGE,5,4,28,basically,textual,coefficient,0.5796114428991559,0.5796114428991559,positive,32,21,
B_RIDGE,5,4,186,need,textual,coefficient,0.5704936140926538,0.5704936140926538,positive,33,22,
B_RIDGE,5,4,67,differently,textual,coefficient,-0.5604419636809103,0.5604419636809103,negative,34,,12
B_RIDGE,5,4,42,certain,textual,coefficient,-0.5510028563280903,0.5510028563280903,negative,35,,13
B_RIDGE,5,4,68,difficult,textual,coefficient,-0.5431781828803327,0.5431781828803327,negative,36,,14
B_RIDGE,5,4,225,sensory,textual,coefficient,-0.5375509122599479,0.5375509122599479,negative,37,,15
B_RIDGE,5,4,63,didn,textual,coefficient,0.5369093167672299,0.5369093167672299,positive,38,23,
B_RIDGE,5,4,134,hyperactivity,textual,coefficient,-0.5302687751959987,0.5302687751959987,negative,39,,16
B_RIDGE,5,4,143,issues,textual,coefficient,-0.5302381618873699,0.5302381618873699,negative,40,,17
B_RIDGE,5,4,209,really,textual,coefficient,-0.5246686323769881,0.5246686323769881,negative,41,,18
B_RIDGE,5,4,220,school,textual,coefficient,-0.5245115283045534,0.5245115283045534,negative,42,,19
B_RIDGE,5,4,191,number,textual,coefficient,0.5240510489221666,0.5240510489221666,positive,43,24,
B_RIDGE,5,4,133,hyperactive,textual,coefficient,-0.518921548425014,0.518921548425014,negative,44,,20
B_RIDGE,5,4,208,real,textual,coefficient,-0.5186058241742296,0.5186058241742296,negative,45,,21
B_RIDGE,5,4,216,research,textual,coefficient,0.5172545790783187,0.5172545790783187,positive,46,25,
B_RIDGE,5,4,64,diet,textual,coefficient,-0.5136730874624893,0.5136730874624893,negative,47,,22
B_RIDGE,5,4,155,life,textual,coefficient,0.5124022434012449,0.5124022434012449,positive,48,26,
B_RIDGE,5,4,298,years,textual,coefficient,0.510319986630725,0.510319986630725,positive,49,27,
B_RIDGE,5,4,136,important,textual,coefficient,-0.5060610561808351,0.5060610561808351,negative,50,,23
B_RIDGE,5,4,187,needs,textual,coefficient,0.504059569468991,0.504059569468991,positive,51,28,
B_RIDGE,5,4,100,focus,textual,coefficient,0.49410008789993315,0.49410008789993315,positive,52,29,
B_RIDGE,5,4,292,working,textual,coefficient,0.48483457970216975,0.48483457970216975,positive,53,30,
B_RIDGE,5,4,80,drink,textual,coefficient,-0.4824824828637888,0.4824824828637888,negative,54,,24
B_RIDGE,5,4,14,adhd symptoms,textual,coefficient,-0.4800652583933031,0.4800652583933031,negative,55,,25
B_RIDGE,5,4,6,activity,textual,coefficient,-0.4718501045243247,0.4718501045243247,negative,56,,26
B_RIDGE,5,4,188,nervous,textual,coefficient,0.47083757465032033,0.47083757465032033,positive,57,31,
B_RIDGE,5,4,51,consequences,textual,coefficient,0.46671730145640256,0.46671730145640256,positive,58,32,
B_RIDGE,5,4,115,great,textual,coefficient,0.45494261255068624,0.45494261255068624,positive,59,33,
B_RIDGE,5,4,85,emotions,textual,coefficient,-0.4546444223119947,0.4546444223119947,negative,60,,27
B_RIDGE,5,4,31,better,textual,coefficient,-0.4499174715637894,0.4499174715637894,negative,61,,28
B_RIDGE,5,4,89,everybody,textual,coefficient,0.44983889138532407,0.44983889138532407,positive,62,34,
B_RIDGE,5,4,145,just,textual,coefficient,0.44486114866640947,0.44486114866640947,positive,63,35,
B_RIDGE,5,4,259,tend,textual,coefficient,0.4325582912544428,0.4325582912544428,positive,64,36,
B_RIDGE,5,4,159,little,textual,coefficient,-0.4294655308613971,0.4294655308613971,negative,65,,29
B_RIDGE,5,4,229,sit,textual,coefficient,0.42892977585611164,0.42892977585611164,positive,66,37,
B_RIDGE,5,4,95,feel,textual,coefficient,0.42727429722522575,0.42727429722522575,positive,67,38,
B_RIDGE,5,4,22,attention,textual,coefficient,-0.4242170612717266,0.4242170612717266,negative,68,,30
B_RIDGE,5,4,113,good,textual,coefficient,0.4224135122337816,0.4224135122337816,positive,69,39,
B_RIDGE,5,4,242,strategies,textual,coefficient,-0.42047030814106445,0.42047030814106445,negative,70,,31
B_RIDGE,5,4,236,state,textual,coefficient,0.4187702357966183,0.4187702357966183,positive,71,40,
B_RIDGE,5,4,176,medication,textual,coefficient,-0.41631812461336165,0.41631812461336165,negative,72,,32
B_RIDGE,5,4,190,new,textual,coefficient,0.4147409457021369,0.4147409457021369,positive,73,41,
B_RIDGE,5,4,283,usually,textual,coefficient,-0.41305417174309156,0.41305417174309156,negative,74,,33
B_RIDGE,5,4,148,know,textual,coefficient,0.4083685659526072,0.4083685659526072,positive,75,42,
B_RIDGE,5,4,83,eating,textual,coefficient,0.4065440477942669,0.4065440477942669,positive,76,43,
B_RIDGE,5,4,119,hard,textual,coefficient,-0.40168475980173307,0.40168475980173307,negative,77,,34
B_RIDGE,5,4,228,single,textual,coefficient,0.39970151025419176,0.39970151025419176,positive,78,44,
B_RIDGE,5,4,59,diagnosed,textual,coefficient,-0.3920772926243791,0.3920772926243791,negative,79,,35
B_RIDGE,5,4,268,thoughts,textual,coefficient,-0.39121562320396264,0.39121562320396264,negative,80,,36
B_RIDGE,5,4,38,caffeine,textual,coefficient,0.3879040791152276,0.3879040791152276,positive,81,45,
B_RIDGE,5,4,99,finally,textual,coefficient,-0.3876831064614836,0.3876831064614836,negative,82,,37
B_RIDGE,5,4,195,parents,textual,coefficient,-0.38700934798288145,0.38700934798288145,negative,83,,38
B_RIDGE,5,4,124,help,textual,coefficient,0.3851756734623757,0.3851756734623757,positive,84,46,
B_RIDGE,5,4,77,don know,textual,coefficient,0.38400050477143527,0.38400050477143527,positive,85,47,
B_RIDGE,5,4,45,children,textual,coefficient,0.38273089696704804,0.38273089696704804,positive,86,48,
B_RIDGE,5,4,200,phone,textual,coefficient,0.38254231838809577,0.38254231838809577,positive,87,49,
B_RIDGE,5,4,132,hyper,textual,coefficient,0.37314920392270745,0.37314920392270745,positive,88,50,
B_RIDGE,5,4,273,try,textual,coefficient,0.37241361875251555,0.37241361875251555,positive,89,51,
B_RIDGE,5,4,250,support,textual,coefficient,-0.3717371166523881,0.3717371166523881,negative,90,,39
B_RIDGE,5,4,69,difficulty,textual,coefficient,-0.3689839072630369,0.3689839072630369,negative,91,,40
B_RIDGE,5,4,72,doctor,textual,coefficient,-0.3613764648270734,0.3613764648270734,negative,92,,41
B_RIDGE,5,4,254,talk,textual,coefficient,-0.36028893934580897,0.36028893934580897,negative,93,,42
B_RIDGE,5,4,296,wrong,textual,coefficient,0.3595352536311751,0.3595352536311751,positive,94,52,
B_RIDGE,5,4,79,dr,textual,coefficient,-0.3564001661338187,0.3564001661338187,negative,95,,43
B_RIDGE,5,4,207,protein,textual,coefficient,-0.3483587407637156,0.3483587407637156,negative,96,,44
B_RIDGE,5,4,161,ll,textual,coefficient,-0.3476564254526877,0.3476564254526877,negative,97,,45
B_RIDGE,5,4,9,addiction,textual,coefficient,0.3447693707774105,0.3447693707774105,positive,98,53,
B_RIDGE,5,4,270,times,textual,coefficient,0.34375371846252845,0.34375371846252845,positive,99,54,
B_RIDGE,5,4,179,memory,textual,coefficient,-0.34294025815206486,0.34294025815206486,negative,100,,46
B_RIDGE,5,4,185,music,textual,coefficient,-0.3426107417611769,0.3426107417611769,negative,101,,47
B_RIDGE,5,4,168,low,textual,coefficient,0.34046749620342304,0.34046749620342304,positive,102,55,
B_RIDGE,5,4,40,calm,textual,coefficient,0.33944008776622303,0.33944008776622303,positive,103,56,
B_RIDGE,5,4,109,getting,textual,coefficient,-0.3389435300841654,0.3389435300841654,negative,104,,48
B_RIDGE,5,4,235,start,textual,coefficient,-0.3383430693335201,0.3383430693335201,negative,105,,49
B_RIDGE,5,4,1,20,textual,coefficient,0.3366219537993505,0.3366219537993505,positive,106,57,
B_RIDGE,5,4,278,um,textual,coefficient,0.33538692856980884,0.33538692856980884,positive,107,58,
B_RIDGE,5,4,260,term,textual,coefficient,-0.33290468825805025,0.33290468825805025,negative,108,,50
B_RIDGE,5,4,170,make,textual,coefficient,0.33161542920652426,0.33161542920652426,positive,109,59,
B_RIDGE,5,4,35,brain,textual,coefficient,0.3310563242979939,0.3310563242979939,positive,110,60,
B_RIDGE,5,4,88,especially,textual,coefficient,0.33048132658004675,0.33048132658004675,positive,111,61,
B_RIDGE,5,4,90,executive,textual,coefficient,-0.32932519180434566,0.32932519180434566,negative,112,,51
B_RIDGE,5,4,110,goes,textual,coefficient,0.32694020059033563,0.32694020059033563,positive,113,62,
B_RIDGE,5,4,3,able,textual,coefficient,0.31880043427928845,0.31880043427928845,positive,114,63,
B_RIDGE,5,4,118,happens,textual,coefficient,0.31725311705013165,0.31725311705013165,positive,115,64,
B_RIDGE,5,4,199,person,textual,coefficient,-0.3146582714350532,0.3146582714350532,negative,116,,52
B_RIDGE,5,4,121,having,textual,coefficient,-0.31118321508676605,0.31118321508676605,negative,117,,53
B_RIDGE,5,4,47,comes,textual,coefficient,-0.3034725820660999,0.3034725820660999,negative,118,,54
B_RIDGE,5,4,102,follow,textual,coefficient,0.2997176034298067,0.2997176034298067,positive,119,65,
B_RIDGE,5,4,94,fast,textual,coefficient,-0.29900814271160936,0.29900814271160936,negative,120,,55
B_RIDGE,5,4,204,probably,textual,coefficient,0.29573215333292036,0.29573215333292036,positive,121,66,
B_RIDGE,5,4,101,focused,textual,coefficient,-0.2953434194548944,0.2953434194548944,negative,122,,56
B_RIDGE,5,4,173,maybe,textual,coefficient,0.29397539301510967,0.29397539301510967,positive,123,67,
B_RIDGE,5,4,293,works,textual,coefficient,-0.2898293221485988,0.2898293221485988,negative,124,,57
B_RIDGE,5,4,214,relationships,textual,coefficient,-0.2897016820664401,0.2897016820664401,negative,125,,58
B_RIDGE,5,4,33,bit,textual,coefficient,-0.28841604567960494,0.28841604567960494,negative,126,,59
B_RIDGE,5,4,175,means,textual,coefficient,0.28592011958132363,0.28592011958132363,positive,127,68,
B_RIDGE,5,4,7,actually,textual,coefficient,0.2813832397290955,0.2813832397290955,positive,128,69,
B_RIDGE,5,4,37,burnout,textual,coefficient,0.2783722636554861,0.2783722636554861,positive,129,70,
B_RIDGE,5,4,202,place,textual,coefficient,-0.27788876039183313,0.27788876039183313,negative,130,,60
B_RIDGE,5,4,48,common,textual,coefficient,-0.27645416161938935,0.27645416161938935,negative,131,,61
B_RIDGE,5,4,15,adult,textual,coefficient,-0.2761365528647765,0.2761365528647765,negative,132,,62
B_RIDGE,5,4,50,condition,textual,coefficient,-0.2754631649200164,0.2754631649200164,negative,133,,63
B_RIDGE,5,4,65,difference,textual,coefficient,-0.27533527462235285,0.27533527462235285,negative,134,,64
B_RIDGE,5,4,263,thing,textual,coefficient,0.27319286434841694,0.27319286434841694,positive,135,71,
B_RIDGE,5,4,154,levels,textual,coefficient,-0.26723066334881634,0.26723066334881634,negative,136,,65
B_RIDGE,5,4,210,reason,textual,coefficient,0.26439869341061323,0.26439869341061323,positive,137,72,
B_RIDGE,5,4,245,struggling,textual,coefficient,-0.2616094710370722,0.2616094710370722,negative,138,,66
B_RIDGE,5,4,107,function,textual,coefficient,0.2612575791488981,0.2612575791488981,positive,139,73,
B_RIDGE,5,4,288,way,textual,coefficient,0.2611037490593627,0.2611037490593627,positive,140,74,
B_RIDGE,5,4,117,half,textual,coefficient,0.2601402037479379,0.2601402037479379,positive,141,75,
B_RIDGE,5,4,34,body,textual,coefficient,0.25785565256376497,0.25785565256376497,positive,142,76,
B_RIDGE,5,4,128,higher,textual,coefficient,-0.25601051179264595,0.25601051179264595,negative,143,,67
B_RIDGE,5,4,297,yeah,textual,coefficient,0.24893819797067418,0.24893819797067418,positive,144,77,
B_RIDGE,5,4,172,making,textual,coefficient,0.24839904207158864,0.24839904207158864,positive,145,78,
B_RIDGE,5,4,193,okay,textual,coefficient,0.24834195662932684,0.24834195662932684,positive,146,79,
B_RIDGE,5,4,257,tasks,textual,coefficient,-0.24529140599556265,0.24529140599556265,negative,147,,68
B_RIDGE,5,4,261,test,textual,coefficient,-0.2378053445567917,0.2378053445567917,negative,148,,69
B_RIDGE,5,4,17,affects,textual,coefficient,-0.2329863052557356,0.2329863052557356,negative,149,,70
B_RIDGE,5,4,114,got,textual,coefficient,0.23070864924751097,0.23070864924751097,positive,150,80,
B_RIDGE,5,4,265,things like,textual,coefficient,-0.228920210273292,0.228920210273292,negative,151,,71
B_RIDGE,5,4,194,overwhelmed,textual,coefficient,-0.22736629190309013,0.22736629190309013,negative,152,,72
B_RIDGE,5,4,8,add,textual,coefficient,0.22615965656285536,0.22615965656285536,positive,153,81,
B_RIDGE,5,4,189,neurotypical,textual,coefficient,0.22005523002912283,0.22005523002912283,positive,154,82,
B_RIDGE,5,4,84,emotional,textual,coefficient,-0.21912986849223673,0.21912986849223673,negative,155,,73
B_RIDGE,5,4,256,task,textual,coefficient,0.21750809596745083,0.21750809596745083,positive,156,83,
B_RIDGE,5,4,211,regulate,textual,coefficient,-0.2141074012493289,0.2141074012493289,negative,157,,74
B_RIDGE,5,4,139,increase,textual,coefficient,-0.21349526208088987,0.21349526208088987,negative,158,,75
B_RIDGE,5,4,29,behavior,textual,coefficient,0.21254181262870908,0.21254181262870908,positive,159,84,
B_RIDGE,5,4,57,deficit,textual,coefficient,0.21144239905963436,0.21144239905963436,positive,160,85,
B_RIDGE,5,4,275,turn,textual,coefficient,0.21133041444353057,0.21133041444353057,positive,161,86,
B_RIDGE,5,4,282,using,textual,coefficient,-0.20875914650357877,0.20875914650357877,negative,162,,76
B_RIDGE,5,4,182,minutes,textual,coefficient,-0.20859100544757725,0.20859100544757725,negative,163,,77
B_RIDGE,5,4,92,experience,textual,coefficient,-0.2074594575146806,0.2074594575146806,negative,164,,78
B_RIDGE,5,4,231,small,textual,coefficient,0.20250885685706002,0.20250885685706002,positive,165,87,
B_RIDGE,5,4,258,tell,textual,coefficient,-0.2021743289050225,0.2021743289050225,negative,166,,79
B_RIDGE,5,4,285,ve got,textual,coefficient,0.19913523099521355,0.19913523099521355,positive,167,88,
B_RIDGE,5,4,212,regulation,textual,coefficient,-0.19759718288745126,0.19759718288745126,negative,168,,80
B_RIDGE,5,4,237,stay,textual,coefficient,-0.1934588284650367,0.1934588284650367,negative,169,,81
B_RIDGE,5,4,26,bad,textual,coefficient,-0.19328992257107894,0.19328992257107894,negative,170,,82
B_RIDGE,5,4,149,lack,textual,coefficient,-0.19161974228761264,0.19161974228761264,negative,171,,83
B_RIDGE,5,4,76,don,textual,coefficient,0.1904044715664434,0.1904044715664434,positive,172,89,
B_RIDGE,5,4,158,literally,textual,coefficient,0.18903009897121126,0.18903009897121126,positive,173,90,
B_RIDGE,5,4,164,look,textual,coefficient,-0.1876342490605774,0.1876342490605774,negative,174,,84
B_RIDGE,5,4,54,control,textual,coefficient,-0.18735064635308607,0.18735064635308607,negative,175,,85
B_RIDGE,5,4,262,therapy,textual,coefficient,-0.18514845746365266,0.18514845746365266,negative,176,,86
B_RIDGE,5,4,276,type,textual,coefficient,0.18193090039894222,0.18193090039894222,positive,177,91,
B_RIDGE,5,4,178,meds,textual,coefficient,0.17350906503355717,0.17350906503355717,positive,178,92,
B_RIDGE,5,4,18,alcohol,textual,coefficient,-0.1728143655007197,0.1728143655007197,negative,179,,87
B_RIDGE,5,4,91,exercise,textual,coefficient,0.1638511773228087,0.1638511773228087,positive,180,93,
B_RIDGE,5,4,198,people adhd,textual,coefficient,-0.16058650813184924,0.16058650813184924,negative,181,,88
B_RIDGE,5,4,16,adults,textual,coefficient,-0.15826756602311529,0.15826756602311529,negative,182,,89
B_RIDGE,5,4,226,short,textual,coefficient,-0.15718196603603257,0.15718196603603257,negative,183,,90
B_RIDGE,5,4,299,yes,textual,coefficient,-0.15688516435190258,0.15688516435190258,negative,184,,91
B_RIDGE,5,4,205,problem,textual,coefficient,0.15376567917037012,0.15376567917037012,positive,185,94,
B_RIDGE,5,4,122,health,textual,coefficient,0.15354729759848615,0.15354729759848615,positive,186,95,
B_RIDGE,5,4,58,depression,textual,coefficient,0.15303498048220926,0.15303498048220926,positive,187,96,
B_RIDGE,5,4,11,adhd brain,textual,coefficient,0.15041532234399704,0.15041532234399704,positive,188,97,
B_RIDGE,5,4,116,gut,textual,coefficient,-0.15020501361092978,0.15020501361092978,negative,189,,92
B_RIDGE,5,4,247,study,textual,coefficient,0.14960148447291816,0.14960148447291816,positive,190,98,
B_RIDGE,5,4,5,activities,textual,coefficient,0.1473791107134735,0.1473791107134735,positive,191,99,
B_RIDGE,5,4,52,constant,textual,coefficient,0.1472809152053515,0.1472809152053515,positive,192,100,
B_RIDGE,5,4,49,completely,textual,coefficient,0.14446281363476302,0.14446281363476302,positive,193,101,
B_RIDGE,5,4,55,create,textual,coefficient,-0.14422287588516713,0.14422287588516713,negative,194,,93
B_RIDGE,5,4,272,trouble,textual,coefficient,-0.14372038760907233,0.14372038760907233,negative,195,,94
B_RIDGE,5,4,180,mental,textual,coefficient,-0.14363884579862182,0.14363884579862182,negative,196,,95
B_RIDGE,5,4,103,food,textual,coefficient,-0.14251137018359628,0.14251137018359628,negative,197,,96
B_RIDGE,5,4,232,social,textual,coefficient,0.14249440977569885,0.14249440977569885,positive,198,102,
B_RIDGE,5,4,266,think,textual,coefficient,-0.13993395289740437,0.13993395289740437,negative,199,,97
B_RIDGE,5,4,201,physical,textual,coefficient,0.1398547390543092,0.1398547390543092,positive,200,103,
B_RIDGE,5,4,248,stuff,textual,coefficient,-0.13716640693257187,0.13716640693257187,negative,201,,98
B_RIDGE,5,4,157,likely,textual,coefficient,-0.13699816036108667,0.13699816036108667,negative,202,,99
B_RIDGE,5,4,13,adhd people,textual,coefficient,-0.13636870506291818,0.13636870506291818,negative,203,,100
B_RIDGE,5,4,174,mean,textual,coefficient,0.1353361722836607,0.1353361722836607,positive,204,104,
B_RIDGE,5,4,140,information,textual,coefficient,0.1347196517336321,0.1347196517336321,positive,205,105,
B_RIDGE,5,4,221,second,textual,coefficient,-0.13301056424321403,0.13301056424321403,negative,206,,101
B_RIDGE,5,4,127,high,textual,coefficient,-0.13242023081007492,0.13242023081007492,negative,207,,102
B_RIDGE,5,4,130,hour,textual,coefficient,0.13119420667558404,0.13119420667558404,positive,208,106,
B_RIDGE,5,4,62,did,textual,coefficient,0.1285507796244993,0.1285507796244993,positive,209,107,
B_RIDGE,5,4,131,hours,textual,coefficient,-0.12818733602307159,0.12818733602307159,negative,210,,103
B_RIDGE,5,4,108,gets,textual,coefficient,-0.12453466792470701,0.12453466792470701,negative,211,,104
B_RIDGE,5,4,274,trying,textual,coefficient,0.12213740124109376,0.12213740124109376,positive,212,108,
B_RIDGE,5,4,222,self,textual,coefficient,-0.12132578654245764,0.12132578654245764,negative,213,,105
B_RIDGE,5,4,19,anger,textual,coefficient,-0.11877785222378073,0.11877785222378073,negative,214,,106
B_RIDGE,5,4,192,oh,textual,coefficient,0.11173928168690926,0.11173928168690926,positive,215,109,
B_RIDGE,5,4,163,long term,textual,coefficient,-0.11090191448391076,0.11090191448391076,negative,216,,107
B_RIDGE,5,4,151,later,textual,coefficient,0.10928420006915936,0.10928420006915936,positive,217,110,
B_RIDGE,5,4,123,hear,textual,coefficient,0.1065174265918001,0.1065174265918001,positive,218,111,
B_RIDGE,5,4,223,sense,textual,coefficient,0.10273621825861763,0.10273621825861763,positive,219,112,
B_RIDGE,5,4,234,sort,textual,coefficient,-0.09964034103052978,0.09964034103052978,negative,220,,108
B_RIDGE,5,4,66,different,textual,coefficient,-0.09656849070418233,0.09656849070418233,negative,221,,109
B_RIDGE,5,4,153,let,textual,coefficient,-0.09431860323098008,0.09431860323098008,negative,222,,110
B_RIDGE,5,4,165,looking,textual,coefficient,0.09365412177903679,0.09365412177903679,positive,223,113,
B_RIDGE,5,4,24,autism,textual,coefficient,-0.09340125379927723,0.09340125379927723,negative,224,,111
B_RIDGE,5,4,162,long,textual,coefficient,-0.09254505062690592,0.09254505062690592,negative,225,,112
B_RIDGE,5,4,183,morning,textual,coefficient,0.09240971147046187,0.09240971147046187,positive,226,114,
B_RIDGE,5,4,93,fact,textual,coefficient,0.089915628262756,0.089915628262756,positive,227,115,
B_RIDGE,5,4,146,kids,textual,coefficient,-0.085469079771495,0.085469079771495,negative,228,,113
B_RIDGE,5,4,4,absolutely,textual,coefficient,-0.08501467673984617,0.08501467673984617,negative,229,,114
B_RIDGE,5,4,287,want,textual,coefficient,0.08406703762255087,0.08406703762255087,positive,230,116,
B_RIDGE,5,4,86,end,textual,coefficient,0.08399725268147507,0.08399725268147507,positive,231,117,
B_RIDGE,5,4,23,attention deficit,textual,coefficient,0.08142018421275647,0.08142018421275647,positive,232,118,
B_RIDGE,5,4,10,adhd,textual,coefficient,-0.07777406408664858,0.07777406408664858,negative,233,,115
B_RIDGE,5,4,167,love,textual,coefficient,0.07664149835701158,0.07664149835701158,positive,234,119,
B_RIDGE,5,4,125,helpful,textual,coefficient,-0.07652726931781459,0.07652726931781459,negative,235,,116
B_RIDGE,5,4,203,point,textual,coefficient,0.07549847101738598,0.07549847101738598,positive,236,120,
B_RIDGE,5,4,197,people,textual,coefficient,0.07545845319591209,0.07545845319591209,positive,237,121,
B_RIDGE,5,4,138,impulsivity,textual,coefficient,0.07143752323095462,0.07143752323095462,positive,238,122,
B_RIDGE,5,4,169,lower,textual,coefficient,-0.07130761577394266,0.07130761577394266,negative,239,,117
B_RIDGE,5,4,32,big,textual,coefficient,-0.06869067533511528,0.06869067533511528,negative,240,,118
B_RIDGE,5,4,213,rejection,textual,coefficient,-0.06865224439196004,0.06865224439196004,negative,241,,119
B_RIDGE,5,4,294,world,textual,coefficient,0.06804824452167282,0.06804824452167282,positive,242,123,
B_RIDGE,5,4,81,easily,textual,coefficient,-0.06729494155438986,0.06729494155438986,negative,243,,120
B_RIDGE,5,4,2,ability,textual,coefficient,0.06661329075432579,0.06661329075432579,positive,244,124,
B_RIDGE,5,4,141,instead,textual,coefficient,0.06621757242821406,0.06621757242821406,positive,245,125,
B_RIDGE,5,4,46,come,textual,coefficient,0.06594736439118012,0.06594736439118012,positive,246,126,
B_RIDGE,5,4,156,like,textual,coefficient,0.06459694744318585,0.06459694744318585,positive,247,127,
B_RIDGE,5,4,142,isn,textual,coefficient,-0.06217053097907725,0.06217053097907725,negative,248,,121
B_RIDGE,5,4,279,understand,textual,coefficient,0.061105428803179374,0.061105428803179374,positive,249,128,
B_RIDGE,5,4,301,hedge_score,handcrafted_linguistic,coefficient,-0.06084870537052142,0.06084870537052142,negative,250,,122
B_RIDGE,5,4,206,problems,textual,coefficient,-0.05991978865463784,0.05991978865463784,negative,251,,123
B_RIDGE,5,4,152,learn,textual,coefficient,-0.05841753381808929,0.05841753381808929,negative,252,,124
B_RIDGE,5,4,281,used,textual,coefficient,0.05824137479417695,0.05824137479417695,positive,253,129,
B_RIDGE,5,4,73,does,textual,coefficient,-0.05806556101568621,0.05806556101568621,negative,254,,125
B_RIDGE,5,4,120,harder,textual,coefficient,-0.057992734764394704,0.057992734764394704,negative,255,,126
B_RIDGE,5,4,291,work,textual,coefficient,0.0570202174860788,0.0570202174860788,positive,256,130,
B_RIDGE,5,4,21,ask,textual,coefficient,-0.05656244162723876,0.05656244162723876,negative,257,,127
B_RIDGE,5,4,264,things,textual,coefficient,-0.05594354468433885,0.05594354468433885,negative,258,,128
B_RIDGE,5,4,104,foods,textual,coefficient,-0.05444225249633788,0.05444225249633788,negative,259,,129
B_RIDGE,5,4,97,feeling,textual,coefficient,-0.052618164606901385,0.052618164606901385,negative,260,,130
B_RIDGE,5,4,144,job,textual,coefficient,-0.05208449040908867,0.05208449040908867,negative,261,,131
B_RIDGE,5,4,244,struggle,textual,coefficient,-0.05109102939978869,0.05109102939978869,negative,262,,132
B_RIDGE,5,4,105,forget,textual,coefficient,0.05036093859154072,0.05036093859154072,positive,263,131,
B_RIDGE,5,4,0,10,textual,coefficient,-0.05007270255226162,0.05007270255226162,negative,264,,133
B_RIDGE,5,4,271,treatment,textual,coefficient,-0.04972881652397081,0.04972881652397081,negative,265,,134
B_RIDGE,5,4,215,remember,textual,coefficient,0.04900891510959419,0.04900891510959419,positive,266,132,
B_RIDGE,5,4,166,lot,textual,coefficient,0.04632428202048167,0.04632428202048167,positive,267,133,
B_RIDGE,5,4,135,impact,textual,coefficient,0.04363873326439491,0.04363873326439491,positive,268,134,
B_RIDGE,5,4,160,little bit,textual,coefficient,-0.04212557433202344,0.04212557433202344,negative,269,,135
B_RIDGE,5,4,217,right,textual,coefficient,0.04167460539684499,0.04167460539684499,positive,270,135,
B_RIDGE,5,4,43,change,textual,coefficient,0.04096946732346914,0.04096946732346914,positive,271,136,
B_RIDGE,5,4,41,care,textual,coefficient,-0.04036706440689344,0.04036706440689344,negative,272,,136
B_RIDGE,5,4,44,child,textual,coefficient,-0.039649221312271554,0.039649221312271554,negative,273,,137
B_RIDGE,5,4,147,kind,textual,coefficient,0.03873344476070897,0.03873344476070897,positive,274,137,
B_RIDGE,5,4,71,distracted,textual,coefficient,-0.037891357500847406,0.037891357500847406,negative,275,,138
B_RIDGE,5,4,224,sensitive,textual,coefficient,-0.03426988837825845,0.03426988837825845,negative,276,,139
B_RIDGE,5,4,111,going,textual,coefficient,-0.03282088938715025,0.03282088938715025,negative,277,,140
B_RIDGE,5,4,246,studies,textual,coefficient,-0.032283872339810574,0.032283872339810574,negative,278,,141
B_RIDGE,5,4,70,disorder,textual,coefficient,-0.029094793813704153,0.029094793813704153,negative,279,,142
B_RIDGE,5,4,129,highly,textual,coefficient,-0.02834933024862851,0.02834933024862851,negative,280,,143
B_RIDGE,5,4,289,ways,textual,coefficient,-0.027740817418940005,0.027740817418940005,negative,281,,144
B_RIDGE,5,4,53,constantly,textual,coefficient,0.02630187095761868,0.02630187095761868,positive,282,138,
B_RIDGE,5,4,27,based,textual,coefficient,0.02484601494420569,0.02484601494420569,positive,283,139,
B_RIDGE,5,4,300,certainty_score,handcrafted_linguistic,coefficient,0.024512871163442147,0.024512871163442147,positive,284,140,
B_RIDGE,5,4,171,makes,textual,coefficient,0.021456780324651065,0.021456780324651065,positive,285,141,
B_RIDGE,5,4,75,doing,textual,coefficient,0.020861616343139697,0.020861616343139697,positive,286,142,
B_RIDGE,5,4,78,dopamine,textual,coefficient,0.019427668477760958,0.019427668477760958,positive,287,143,
B_RIDGE,5,4,255,talking,textual,coefficient,0.018595631800024336,0.018595631800024336,positive,288,144,
B_RIDGE,5,4,233,somebody,textual,coefficient,0.018350498284219877,0.018350498284219877,positive,289,145,
B_RIDGE,5,4,196,patients,textual,coefficient,-0.01679715268223165,0.01679715268223165,negative,290,,145
B_RIDGE,5,4,253,taking,textual,coefficient,-0.01678221934191779,0.01678221934191779,negative,291,,146
B_RIDGE,5,4,290,women,textual,coefficient,0.016633440571894826,0.016633440571894826,positive,292,146,
B_RIDGE,5,4,238,stimulant,textual,coefficient,-0.016279037688246577,0.016279037688246577,negative,293,,147
B_RIDGE,5,4,219,saying,textual,coefficient,0.013414486010342433,0.013414486010342433,positive,294,147,
B_RIDGE,5,4,184,motivation,textual,coefficient,0.011974199860625872,0.011974199860625872,positive,295,148,
B_RIDGE,5,4,60,diagnosed adhd,textual,coefficient,-0.008998251841403626,0.008998251841403626,negative,296,,148
B_RIDGE,5,4,177,medications,textual,coefficient,-0.008669120666082395,0.008669120666082395,negative,297,,149
B_RIDGE,5,4,82,eat,textual,coefficient,-0.0072734198435713835,0.0072734198435713835,negative,298,,150
B_RIDGE,5,4,280,use,textual,coefficient,-0.006081171412775169,0.006081171412775169,negative,299,,151
B_RIDGE,5,4,96,feel like,textual,coefficient,0.0018337852703284247,0.0018337852703284247,positive,300,149,
B_RIDGE,5,4,150,late,textual,coefficient,0.001597156892532781,0.001597156892532781,positive,301,150,
B_RIDGE,5,4,39,called,textual,coefficient,0.00016263924112998164,0.00016263924112998164,positive,302,151,
