condition,fold,class_label,feature_index,feature,feature_group,weight_type,weight,absolute_weight,direction,absolute_rank,positive_rank,negative_rank
C_COMPLEMENT_NB,1,1,273,treatment,textual,complement_log_weight,6.840354901305528,6.840354901305528,positive,1,1,
C_COMPLEMENT_NB,1,1,182,music,textual,complement_log_weight,6.825652611816837,6.825652611816837,positive,2,2,
C_COMPLEMENT_NB,1,1,263,therapy,textual,complement_log_weight,6.746654406661603,6.746654406661603,positive,3,3,
C_COMPLEMENT_NB,1,1,133,inattentive,textual,complement_log_weight,6.735585081174535,6.735585081174535,positive,4,4,
C_COMPLEMENT_NB,1,1,129,impact,textual,complement_log_weight,6.732960765532107,6.732960765532107,positive,5,5,
C_COMPLEMENT_NB,1,1,274,trouble,textual,complement_log_weight,6.691109769928556,6.691109769928556,positive,6,6,
C_COMPLEMENT_NB,1,1,145,know adhd,textual,complement_log_weight,6.6807270289022584,6.6807270289022584,positive,7,7,
C_COMPLEMENT_NB,1,1,251,support,textual,complement_log_weight,6.672362528586282,6.672362528586282,positive,8,8,
C_COMPLEMENT_NB,1,1,8,adhd medication,textual,complement_log_weight,6.639540008195275,6.639540008195275,positive,9,9,
C_COMPLEMENT_NB,1,1,272,times,textual,complement_log_weight,6.634081013769166,6.634081013769166,positive,10,10,
C_COMPLEMENT_NB,1,1,14,affect,textual,complement_log_weight,6.620465214536625,6.620465214536625,positive,11,11,
C_COMPLEMENT_NB,1,1,12,adult,textual,complement_log_weight,6.6202641849760475,6.6202641849760475,positive,12,12,
C_COMPLEMENT_NB,1,1,238,starting,textual,complement_log_weight,6.611511696281745,6.611511696281745,positive,13,13,
C_COMPLEMENT_NB,1,1,184,needs,textual,complement_log_weight,6.607992010572247,6.607992010572247,positive,14,14,
C_COMPLEMENT_NB,1,1,77,dr,textual,complement_log_weight,6.606131369621139,6.606131369621139,positive,15,15,
C_COMPLEMENT_NB,1,1,278,typically,textual,complement_log_weight,6.601505118368711,6.601505118368711,positive,16,16,
C_COMPLEMENT_NB,1,1,224,seen,textual,complement_log_weight,6.600947354393376,6.600947354393376,positive,17,17,
C_COMPLEMENT_NB,1,1,268,thinking,textual,complement_log_weight,6.5991582401175775,6.5991582401175775,positive,18,18,
C_COMPLEMENT_NB,1,1,246,struggling,textual,complement_log_weight,6.5958023134003,6.5958023134003,positive,19,19,
C_COMPLEMENT_NB,1,1,226,sense,textual,complement_log_weight,6.595609975770728,6.595609975770728,positive,20,20,
C_COMPLEMENT_NB,1,1,140,job,textual,complement_log_weight,6.587584398754898,6.587584398754898,positive,21,21,
C_COMPLEMENT_NB,1,1,193,overwhelmed,textual,complement_log_weight,6.587139478815248,6.587139478815248,positive,22,22,
C_COMPLEMENT_NB,1,1,131,impulsive,textual,complement_log_weight,6.581616028916839,6.581616028916839,positive,23,23,
C_COMPLEMENT_NB,1,1,164,lot people,textual,complement_log_weight,6.577248952774398,6.577248952774398,positive,24,24,
C_COMPLEMENT_NB,1,1,64,difference,textual,complement_log_weight,6.576591571879868,6.576591571879868,positive,25,25,
C_COMPLEMENT_NB,1,1,84,end,textual,complement_log_weight,6.575439455397978,6.575439455397978,positive,26,26,
C_COMPLEMENT_NB,1,1,59,diagnosed adhd,textual,complement_log_weight,6.558489089097998,6.558489089097998,positive,27,27,
C_COMPLEMENT_NB,1,1,150,learning,textual,complement_log_weight,6.5543672213342665,6.5543672213342665,positive,28,28,
C_COMPLEMENT_NB,1,1,125,hours,textual,complement_log_weight,6.54721531408891,6.54721531408891,positive,29,29,
C_COMPLEMENT_NB,1,1,192,order,textual,complement_log_weight,6.545047152926738,6.545047152926738,positive,30,30,
C_COMPLEMENT_NB,1,1,26,based,textual,complement_log_weight,6.543279335345516,6.543279335345516,positive,31,31,
C_COMPLEMENT_NB,1,1,66,differently,textual,complement_log_weight,6.539211544734937,6.539211544734937,positive,32,32,
C_COMPLEMENT_NB,1,1,175,medications,textual,complement_log_weight,6.5391711600451545,6.5391711600451545,positive,33,33,
C_COMPLEMENT_NB,1,1,75,don know,textual,complement_log_weight,6.5381771352269675,6.5381771352269675,positive,34,34,
C_COMPLEMENT_NB,1,1,54,create,textual,complement_log_weight,6.533241408042778,6.533241408042778,positive,35,35,
C_COMPLEMENT_NB,1,1,40,certain,textual,complement_log_weight,6.531320365048013,6.531320365048013,positive,36,36,
C_COMPLEMENT_NB,1,1,137,interesting,textual,complement_log_weight,6.5296671448598795,6.5296671448598795,positive,37,37,
C_COMPLEMENT_NB,1,1,203,place,textual,complement_log_weight,6.529407557493023,6.529407557493023,positive,38,38,
C_COMPLEMENT_NB,1,1,159,little bit,textual,complement_log_weight,6.523019958119319,6.523019958119319,positive,39,39,
C_COMPLEMENT_NB,1,1,247,studies,textual,complement_log_weight,6.521641986718061,6.521641986718061,positive,40,40,
C_COMPLEMENT_NB,1,1,107,goes,textual,complement_log_weight,6.5211460533152765,6.5211460533152765,positive,41,41,
C_COMPLEMENT_NB,1,1,48,condition,textual,complement_log_weight,6.51860500850182,6.51860500850182,positive,42,42,
C_COMPLEMENT_NB,1,1,79,easily,textual,complement_log_weight,6.518008580062621,6.518008580062621,positive,43,43,
C_COMPLEMENT_NB,1,1,216,relationships,textual,complement_log_weight,6.516611397302049,6.516611397302049,positive,44,44,
C_COMPLEMENT_NB,1,1,18,aren,textual,complement_log_weight,6.513705546289867,6.513705546289867,positive,45,45,
C_COMPLEMENT_NB,1,1,39,care,textual,complement_log_weight,6.506592394250917,6.506592394250917,positive,46,46,
C_COMPLEMENT_NB,1,1,235,small,textual,complement_log_weight,6.506184441789662,6.506184441789662,positive,47,47,
C_COMPLEMENT_NB,1,1,116,harder,textual,complement_log_weight,6.496214315124673,6.496214315124673,positive,48,48,
C_COMPLEMENT_NB,1,1,119,hear,textual,complement_log_weight,6.486560321036383,6.486560321036383,positive,49,49,
C_COMPLEMENT_NB,1,1,135,information,textual,complement_log_weight,6.48494370434724,6.48494370434724,positive,50,50,
C_COMPLEMENT_NB,1,1,228,seven,textual,complement_log_weight,6.484913572179356,6.484913572179356,positive,51,51,
C_COMPLEMENT_NB,1,1,11,adhders,textual,complement_log_weight,6.481787629095995,6.481787629095995,positive,52,52,
C_COMPLEMENT_NB,1,1,152,level,textual,complement_log_weight,6.473723527437128,6.473723527437128,positive,53,53,
C_COMPLEMENT_NB,1,1,157,literally,textual,complement_log_weight,6.466355628922171,6.466355628922171,positive,54,54,
C_COMPLEMENT_NB,1,1,299,yes,textual,complement_log_weight,6.464650942680269,6.464650942680269,positive,55,55,
C_COMPLEMENT_NB,1,1,197,pay attention,textual,complement_log_weight,6.458679863215896,6.458679863215896,positive,56,56,
C_COMPLEMENT_NB,1,1,249,stuff,textual,complement_log_weight,6.457419216681028,6.457419216681028,positive,57,57,
C_COMPLEMENT_NB,1,1,78,dysfunction,textual,complement_log_weight,6.455833928358563,6.455833928358563,positive,58,58,
C_COMPLEMENT_NB,1,1,132,impulsivity,textual,complement_log_weight,6.453860213502921,6.453860213502921,positive,59,59,
C_COMPLEMENT_NB,1,1,281,using,textual,complement_log_weight,6.451071175040857,6.451071175040857,positive,60,60,
C_COMPLEMENT_NB,1,1,15,alcohol,textual,complement_log_weight,6.450988032516434,6.450988032516434,positive,61,61,
C_COMPLEMENT_NB,1,1,292,working memory,textual,complement_log_weight,6.450833716869129,6.450833716869129,positive,62,62,
C_COMPLEMENT_NB,1,1,81,eating,textual,complement_log_weight,6.449743260444476,6.449743260444476,positive,63,63,
C_COMPLEMENT_NB,1,1,231,signs,textual,complement_log_weight,6.449572411430289,6.449572411430289,positive,64,64,
C_COMPLEMENT_NB,1,1,241,stimulant,textual,complement_log_weight,6.44805443854924,6.44805443854924,positive,65,65,
C_COMPLEMENT_NB,1,1,88,example,textual,complement_log_weight,6.443970583532579,6.443970583532579,positive,66,66,
C_COMPLEMENT_NB,1,1,221,saying,textual,complement_log_weight,6.440714234969332,6.440714234969332,positive,67,67,
C_COMPLEMENT_NB,1,1,87,everybody,textual,complement_log_weight,6.438918863933581,6.438918863933581,positive,68,68,
C_COMPLEMENT_NB,1,1,201,phone,textual,complement_log_weight,6.431573044247022,6.431573044247022,positive,69,69,
C_COMPLEMENT_NB,1,1,109,gonna,textual,complement_log_weight,6.430863358037863,6.430863358037863,positive,70,70,
C_COMPLEMENT_NB,1,1,23,avoid,textual,complement_log_weight,6.427587415727861,6.427587415727861,positive,71,71,
C_COMPLEMENT_NB,1,1,80,eat,textual,complement_log_weight,6.422278179317501,6.422278179317501,positive,72,72,
C_COMPLEMENT_NB,1,1,70,doctor,textual,complement_log_weight,6.417082465309606,6.417082465309606,positive,73,73,
C_COMPLEMENT_NB,1,1,232,single,textual,complement_log_weight,6.415021683685674,6.415021683685674,positive,74,74,
C_COMPLEMENT_NB,1,1,248,study,textual,complement_log_weight,6.4144238399252265,6.4144238399252265,positive,75,75,
C_COMPLEMENT_NB,1,1,46,common,textual,complement_log_weight,6.413458293129451,6.413458293129451,positive,76,76,
C_COMPLEMENT_NB,1,1,47,completely,textual,complement_log_weight,6.407433143756597,6.407433143756597,positive,77,77,
C_COMPLEMENT_NB,1,1,1,ability,textual,complement_log_weight,6.403889160164324,6.403889160164324,positive,78,78,
C_COMPLEMENT_NB,1,1,9,adhd people,textual,complement_log_weight,6.398207806896539,6.398207806896539,positive,79,79,
C_COMPLEMENT_NB,1,1,67,difficulty,textual,complement_log_weight,6.397972889525481,6.397972889525481,positive,80,80,
C_COMPLEMENT_NB,1,1,205,prefrontal cortex,textual,complement_log_weight,6.394670416789951,6.394670416789951,positive,81,81,
C_COMPLEMENT_NB,1,1,118,health,textual,complement_log_weight,6.394324279416687,6.394324279416687,positive,82,82,
C_COMPLEMENT_NB,1,1,90,exercise,textual,complement_log_weight,6.393486863804359,6.393486863804359,positive,83,83,
C_COMPLEMENT_NB,1,1,105,gets,textual,complement_log_weight,6.384933863064254,6.384933863064254,positive,84,84,
C_COMPLEMENT_NB,1,1,270,thoughts,textual,complement_log_weight,6.382101421768446,6.382101421768446,positive,85,85,
C_COMPLEMENT_NB,1,1,50,constant,textual,complement_log_weight,6.381938884903278,6.381938884903278,positive,86,86,
C_COMPLEMENT_NB,1,1,227,sensitive,textual,complement_log_weight,6.380003818001948,6.380003818001948,positive,87,87,
C_COMPLEMENT_NB,1,1,229,shame,textual,complement_log_weight,6.373025411265908,6.373025411265908,positive,88,88,
C_COMPLEMENT_NB,1,1,112,great,textual,complement_log_weight,6.362838430982493,6.362838430982493,positive,89,89,
C_COMPLEMENT_NB,1,1,194,pain,textual,complement_log_weight,6.362402551164752,6.362402551164752,positive,90,90,
C_COMPLEMENT_NB,1,1,236,social,textual,complement_log_weight,6.360992441046067,6.360992441046067,positive,91,91,
C_COMPLEMENT_NB,1,1,43,children,textual,complement_log_weight,6.353647164056131,6.353647164056131,positive,92,92,
C_COMPLEMENT_NB,1,1,16,anger,textual,complement_log_weight,6.348745076299683,6.348745076299683,positive,93,93,
C_COMPLEMENT_NB,1,1,167,lower,textual,complement_log_weight,6.347853740423617,6.347853740423617,positive,94,94,
C_COMPLEMENT_NB,1,1,288,ways,textual,complement_log_weight,6.34773089513977,6.34773089513977,positive,95,95,
C_COMPLEMENT_NB,1,1,27,behavior,textual,complement_log_weight,6.345483659497832,6.345483659497832,positive,96,96,
C_COMPLEMENT_NB,1,1,240,stay,textual,complement_log_weight,6.343154525490472,6.343154525490472,positive,97,97,
C_COMPLEMENT_NB,1,1,24,away,textual,complement_log_weight,6.341930978992429,6.341930978992429,positive,98,98,
C_COMPLEMENT_NB,1,1,153,levels,textual,complement_log_weight,6.339432304260786,6.339432304260786,positive,99,99,
C_COMPLEMENT_NB,1,1,124,higher,textual,complement_log_weight,6.337006703080649,6.337006703080649,positive,100,100,
C_COMPLEMENT_NB,1,1,177,mental,textual,complement_log_weight,6.336671192445042,6.336671192445042,positive,101,101,
C_COMPLEMENT_NB,1,1,214,regulation,textual,complement_log_weight,6.335267692277164,6.335267692277164,positive,102,102,
C_COMPLEMENT_NB,1,1,19,ask,textual,complement_log_weight,6.333346413921581,6.333346413921581,positive,103,103,
C_COMPLEMENT_NB,1,1,30,big,textual,complement_log_weight,6.333342864151782,6.333342864151782,positive,104,104,
C_COMPLEMENT_NB,1,1,188,normal,textual,complement_log_weight,6.332226946020948,6.332226946020948,positive,105,105,
C_COMPLEMENT_NB,1,1,98,finally,textual,complement_log_weight,6.33115706334773,6.33115706334773,positive,106,106,
C_COMPLEMENT_NB,1,1,204,point,textual,complement_log_weight,6.33095053358571,6.33095053358571,positive,107,107,
C_COMPLEMENT_NB,1,1,242,stimulants,textual,complement_log_weight,6.3258196465508005,6.3258196465508005,positive,108,108,
C_COMPLEMENT_NB,1,1,53,cortex,textual,complement_log_weight,6.325026325529707,6.325026325529707,positive,109,109,
C_COMPLEMENT_NB,1,1,239,state,textual,complement_log_weight,6.324334683310957,6.324334683310957,positive,110,110,
C_COMPLEMENT_NB,1,1,289,women,textual,complement_log_weight,6.323926923830965,6.323926923830965,positive,111,111,
C_COMPLEMENT_NB,1,1,252,sure,textual,complement_log_weight,6.3216485563142255,6.3216485563142255,positive,112,112,
C_COMPLEMENT_NB,1,1,215,rejection,textual,complement_log_weight,6.318284960953226,6.318284960953226,positive,113,113,
C_COMPLEMENT_NB,1,1,41,change,textual,complement_log_weight,6.318143308666106,6.318143308666106,positive,114,114,
C_COMPLEMENT_NB,1,1,22,autism,textual,complement_log_weight,6.311614665966968,6.311614665966968,positive,115,115,
C_COMPLEMENT_NB,1,1,254,taking,textual,complement_log_weight,6.3061248238770204,6.3061248238770204,positive,116,116,
C_COMPLEMENT_NB,1,1,49,consequences,textual,complement_log_weight,6.305378200663489,6.305378200663489,positive,117,117,
C_COMPLEMENT_NB,1,1,256,talking,textual,complement_log_weight,6.301035825465154,6.301035825465154,positive,118,118,
C_COMPLEMENT_NB,1,1,83,emotions,textual,complement_log_weight,6.295989772426512,6.295989772426512,positive,119,119,
C_COMPLEMENT_NB,1,1,213,regulate,textual,complement_log_weight,6.294622389206921,6.294622389206921,positive,120,120,
C_COMPLEMENT_NB,1,1,266,things like,textual,complement_log_weight,6.294368070113046,6.294368070113046,positive,121,121,
C_COMPLEMENT_NB,1,1,296,wrong,textual,complement_log_weight,6.289878906369054,6.289878906369054,positive,122,122,
C_COMPLEMENT_NB,1,1,13,adults,textual,complement_log_weight,6.289404247493469,6.289404247493469,positive,123,123,
C_COMPLEMENT_NB,1,1,208,problems,textual,complement_log_weight,6.286038927319984,6.286038927319984,positive,124,124,
C_COMPLEMENT_NB,1,1,25,bad,textual,complement_log_weight,6.284506175004843,6.284506175004843,positive,125,125,
C_COMPLEMENT_NB,1,1,127,hyperactive,textual,complement_log_weight,6.282152246620883,6.282152246620883,positive,126,126,
C_COMPLEMENT_NB,1,1,294,world,textual,complement_log_weight,6.280261068167561,6.280261068167561,positive,127,127,
C_COMPLEMENT_NB,1,1,170,making,textual,complement_log_weight,6.277121033286181,6.277121033286181,positive,128,128,
C_COMPLEMENT_NB,1,1,44,come,textual,complement_log_weight,6.27489898182659,6.27489898182659,positive,129,129,
C_COMPLEMENT_NB,1,1,104,function,textual,complement_log_weight,6.27402606239325,6.27402606239325,positive,130,130,
C_COMPLEMENT_NB,1,1,62,didn,textual,complement_log_weight,6.272156467624828,6.272156467624828,positive,131,131,
C_COMPLEMENT_NB,1,1,57,depression,textual,complement_log_weight,6.269297442505286,6.269297442505286,positive,132,132,
C_COMPLEMENT_NB,1,1,179,minutes,textual,complement_log_weight,6.26709812165012,6.26709812165012,positive,133,133,
C_COMPLEMENT_NB,1,1,126,hyper,textual,complement_log_weight,6.266344937193196,6.266344937193196,positive,134,134,
C_COMPLEMENT_NB,1,1,69,distracted,textual,complement_log_weight,6.266249483386145,6.266249483386145,positive,135,135,
C_COMPLEMENT_NB,1,1,222,school,textual,complement_log_weight,6.263900185602625,6.263900185602625,positive,136,136,
C_COMPLEMENT_NB,1,1,212,reason,textual,complement_log_weight,6.2600233226000555,6.2600233226000555,positive,137,137,
C_COMPLEMENT_NB,1,1,285,video,textual,complement_log_weight,6.257401220737688,6.257401220737688,positive,138,138,
C_COMPLEMENT_NB,1,1,114,happens,textual,complement_log_weight,6.2552176512530755,6.2552176512530755,positive,139,139,
C_COMPLEMENT_NB,1,1,100,follow,textual,complement_log_weight,6.254503011414479,6.254503011414479,positive,140,140,
C_COMPLEMENT_NB,1,1,258,tasks,textual,complement_log_weight,6.2532970214659995,6.2532970214659995,positive,141,141,
C_COMPLEMENT_NB,1,1,195,patients,textual,complement_log_weight,6.250664149366749,6.250664149366749,positive,142,142,
C_COMPLEMENT_NB,1,1,28,best,textual,complement_log_weight,6.2487745252156,6.2487745252156,positive,143,143,
C_COMPLEMENT_NB,1,1,31,bit,textual,complement_log_weight,6.247940168051117,6.247940168051117,positive,144,144,
C_COMPLEMENT_NB,1,1,293,works,textual,complement_log_weight,6.247698591326269,6.247698591326269,positive,145,145,
C_COMPLEMENT_NB,1,1,243,stop,textual,complement_log_weight,6.245642025332952,6.245642025332952,positive,146,146,
C_COMPLEMENT_NB,1,1,282,usually,textual,complement_log_weight,6.245223204441483,6.245223204441483,positive,147,147,
C_COMPLEMENT_NB,1,1,218,research,textual,complement_log_weight,6.244663581605645,6.244663581605645,positive,148,148,
C_COMPLEMENT_NB,1,1,136,instead,textual,complement_log_weight,6.243799556157754,6.243799556157754,positive,149,149,
C_COMPLEMENT_NB,1,1,196,pay,textual,complement_log_weight,6.241601968209424,6.241601968209424,positive,150,150,
C_COMPLEMENT_NB,1,1,142,kids,textual,complement_log_weight,6.236546854869637,6.236546854869637,positive,151,151,
C_COMPLEMENT_NB,1,1,230,short,textual,complement_log_weight,6.236057303649755,6.236057303649755,positive,152,152,
C_COMPLEMENT_NB,1,1,96,feeling,textual,complement_log_weight,6.235196850226758,6.235196850226758,positive,153,153,
C_COMPLEMENT_NB,1,1,210,real,textual,complement_log_weight,6.23504973716856,6.23504973716856,positive,154,154,
C_COMPLEMENT_NB,1,1,146,lack,textual,complement_log_weight,6.233728773156996,6.233728773156996,positive,155,155,
C_COMPLEMENT_NB,1,1,35,burnout,textual,complement_log_weight,6.233520161942438,6.233520161942438,positive,156,156,
C_COMPLEMENT_NB,1,1,51,constantly,textual,complement_log_weight,6.230564375450071,6.230564375450071,positive,157,157,
C_COMPLEMENT_NB,1,1,2,able,textual,complement_log_weight,6.229718520826506,6.229718520826506,positive,158,158,
C_COMPLEMENT_NB,1,1,269,thought,textual,complement_log_weight,6.227096500072413,6.227096500072413,positive,159,159,
C_COMPLEMENT_NB,1,1,91,experience,textual,complement_log_weight,6.223393545611068,6.223393545611068,positive,160,160,
C_COMPLEMENT_NB,1,1,156,likely,textual,complement_log_weight,6.220940188784248,6.220940188784248,positive,161,161,
C_COMPLEMENT_NB,1,1,102,foods,textual,complement_log_weight,6.219264917618066,6.219264917618066,positive,162,162,
C_COMPLEMENT_NB,1,1,171,maybe,textual,complement_log_weight,6.216793074944107,6.216793074944107,positive,163,163,
C_COMPLEMENT_NB,1,1,181,motivation,textual,complement_log_weight,6.215219482926046,6.215219482926046,positive,164,164,
C_COMPLEMENT_NB,1,1,148,later,textual,complement_log_weight,6.2127286622027915,6.2127286622027915,positive,165,165,
C_COMPLEMENT_NB,1,1,7,adhd brains,textual,complement_log_weight,6.204692680250447,6.204692680250447,positive,166,166,
C_COMPLEMENT_NB,1,1,121,helpful,textual,complement_log_weight,6.203611035521159,6.203611035521159,positive,167,167,
C_COMPLEMENT_NB,1,1,36,caffeine,textual,complement_log_weight,6.203055224680884,6.203055224680884,positive,168,168,
C_COMPLEMENT_NB,1,1,38,calm,textual,complement_log_weight,6.202143651735722,6.202143651735722,positive,169,169,
C_COMPLEMENT_NB,1,1,149,learn,textual,complement_log_weight,6.200889289023077,6.200889289023077,positive,170,170,
C_COMPLEMENT_NB,1,1,190,oh,textual,complement_log_weight,6.199694465451363,6.199694465451363,positive,171,171,
C_COMPLEMENT_NB,1,1,279,understand,textual,complement_log_weight,6.197149356416155,6.197149356416155,positive,172,172,
C_COMPLEMENT_NB,1,1,202,physical,textual,complement_log_weight,6.195200771630997,6.195200771630997,positive,173,173,
C_COMPLEMENT_NB,1,1,17,anxiety,textual,complement_log_weight,6.192324874675429,6.192324874675429,positive,174,174,
C_COMPLEMENT_NB,1,1,60,diagnosis,textual,complement_log_weight,6.191551548803692,6.191551548803692,positive,175,175,
C_COMPLEMENT_NB,1,1,92,fact,textual,complement_log_weight,6.190643740288982,6.190643740288982,positive,176,176,
C_COMPLEMENT_NB,1,1,10,adhd symptoms,textual,complement_log_weight,6.189859086209712,6.189859086209712,positive,177,177,
C_COMPLEMENT_NB,1,1,172,mean,textual,complement_log_weight,6.188572653421322,6.188572653421322,positive,178,178,
C_COMPLEMENT_NB,1,1,223,second,textual,complement_log_weight,6.187362329691862,6.187362329691862,positive,179,179,
C_COMPLEMENT_NB,1,1,97,feels,textual,complement_log_weight,6.1810460640303955,6.1810460640303955,positive,180,180,
C_COMPLEMENT_NB,1,1,117,having,textual,complement_log_weight,6.1807360371702815,6.1807360371702815,positive,181,181,
C_COMPLEMENT_NB,1,1,138,isn,textual,complement_log_weight,6.1799492122759885,6.1799492122759885,positive,182,182,
C_COMPLEMENT_NB,1,1,225,self,textual,complement_log_weight,6.168169612350576,6.168169612350576,positive,183,183,
C_COMPLEMENT_NB,1,1,147,late,textual,complement_log_weight,6.166984242335992,6.166984242335992,positive,184,184,
C_COMPLEMENT_NB,1,1,217,remember,textual,complement_log_weight,6.1558562512747415,6.1558562512747415,positive,185,185,
C_COMPLEMENT_NB,1,1,21,attention deficit,textual,complement_log_weight,6.151606679440788,6.151606679440788,positive,186,186,
C_COMPLEMENT_NB,1,1,113,gut,textual,complement_log_weight,6.150284328727136,6.150284328727136,positive,187,187,
C_COMPLEMENT_NB,1,1,101,food,textual,complement_log_weight,6.146885793338772,6.146885793338772,positive,188,188,
C_COMPLEMENT_NB,1,1,233,sit,textual,complement_log_weight,6.14550738449701,6.14550738449701,positive,189,189,
C_COMPLEMENT_NB,1,1,244,stress,textual,complement_log_weight,6.145000689172558,6.145000689172558,positive,190,190,
C_COMPLEMENT_NB,1,1,180,morning,textual,complement_log_weight,6.142251868733186,6.142251868733186,positive,191,191,
C_COMPLEMENT_NB,1,1,295,worse,textual,complement_log_weight,6.139778492427079,6.139778492427079,positive,192,192,
C_COMPLEMENT_NB,1,1,191,okay,textual,complement_log_weight,6.137668271972357,6.137668271972357,positive,193,193,
C_COMPLEMENT_NB,1,1,86,especially,textual,complement_log_weight,6.135090766720576,6.135090766720576,positive,194,194,
C_COMPLEMENT_NB,1,1,52,control,textual,complement_log_weight,6.134489884591885,6.134489884591885,positive,195,195,
C_COMPLEMENT_NB,1,1,245,struggle,textual,complement_log_weight,6.128283491368524,6.128283491368524,positive,196,196,
C_COMPLEMENT_NB,1,1,250,sugar,textual,complement_log_weight,6.1237083953222795,6.1237083953222795,positive,197,197,
C_COMPLEMENT_NB,1,1,275,try,textual,complement_log_weight,6.115530078386552,6.115530078386552,positive,198,198,
C_COMPLEMENT_NB,1,1,291,working,textual,complement_log_weight,6.112117893502331,6.112117893502331,positive,199,199,
C_COMPLEMENT_NB,1,1,161,long,textual,complement_log_weight,6.104202685641059,6.104202685641059,positive,200,200,
C_COMPLEMENT_NB,1,1,298,years,textual,complement_log_weight,6.093558040734626,6.093558040734626,positive,201,201,
C_COMPLEMENT_NB,1,1,85,energy,textual,complement_log_weight,6.0908798363606405,6.0908798363606405,positive,202,202,
C_COMPLEMENT_NB,1,1,103,forget,textual,complement_log_weight,6.088779389355798,6.088779389355798,positive,203,203,
C_COMPLEMENT_NB,1,1,95,feel like,textual,complement_log_weight,6.085725035798135,6.085725035798135,positive,204,204,
C_COMPLEMENT_NB,1,1,89,executive,textual,complement_log_weight,6.0848040715312814,6.0848040715312814,positive,205,205,
C_COMPLEMENT_NB,1,1,207,problem,textual,complement_log_weight,6.0832058179113035,6.0832058179113035,positive,206,206,
C_COMPLEMENT_NB,1,1,93,fast,textual,complement_log_weight,6.080929821844839,6.080929821844839,positive,207,207,
C_COMPLEMENT_NB,1,1,61,did,textual,complement_log_weight,6.076138861244513,6.076138861244513,positive,208,208,
C_COMPLEMENT_NB,1,1,32,body,textual,complement_log_weight,6.0752842098462905,6.0752842098462905,positive,209,209,
C_COMPLEMENT_NB,1,1,134,increase,textual,complement_log_weight,6.0752791273745474,6.0752791273745474,positive,210,210,
C_COMPLEMENT_NB,1,1,261,term,textual,complement_log_weight,6.073334210207295,6.073334210207295,positive,211,211,
C_COMPLEMENT_NB,1,1,257,task,textual,complement_log_weight,6.073256325730181,6.073256325730181,positive,212,212,
C_COMPLEMENT_NB,1,1,169,makes,textual,complement_log_weight,6.073096431880823,6.073096431880823,positive,213,213,
C_COMPLEMENT_NB,1,1,187,new,textual,complement_log_weight,6.072733958586614,6.072733958586614,positive,214,214,
C_COMPLEMENT_NB,1,1,185,nervous,textual,complement_log_weight,6.071907243634873,6.071907243634873,positive,215,215,
C_COMPLEMENT_NB,1,1,56,deficit,textual,complement_log_weight,6.061794243640341,6.061794243640341,positive,216,216,
C_COMPLEMENT_NB,1,1,58,diagnosed,textual,complement_log_weight,6.057444996200949,6.057444996200949,positive,217,217,
C_COMPLEMENT_NB,1,1,173,means,textual,complement_log_weight,6.0478224247020425,6.0478224247020425,positive,218,218,
C_COMPLEMENT_NB,1,1,45,comes,textual,complement_log_weight,6.044943777941406,6.044943777941406,positive,219,219,
C_COMPLEMENT_NB,1,1,255,talk,textual,complement_log_weight,6.044860373925067,6.044860373925067,positive,220,220,
C_COMPLEMENT_NB,1,1,284,ve got,textual,complement_log_weight,6.040584930385002,6.040584930385002,positive,221,221,
C_COMPLEMENT_NB,1,1,63,diet,textual,complement_log_weight,6.0348017636860165,6.0348017636860165,positive,222,222,
C_COMPLEMENT_NB,1,1,186,neurotypical,textual,complement_log_weight,6.025072485962239,6.025072485962239,positive,223,223,
C_COMPLEMENT_NB,1,1,277,type,textual,complement_log_weight,6.022068658810911,6.022068658810911,positive,224,224,
C_COMPLEMENT_NB,1,1,6,adhd brain,textual,complement_log_weight,6.013841912464853,6.013841912464853,positive,225,225,
C_COMPLEMENT_NB,1,1,158,little,textual,complement_log_weight,6.013382949790491,6.013382949790491,positive,226,226,
C_COMPLEMENT_NB,1,1,166,low,textual,complement_log_weight,6.0120206129519085,6.0120206129519085,positive,227,227,
C_COMPLEMENT_NB,1,1,130,important,textual,complement_log_weight,6.010663643053338,6.010663643053338,positive,228,228,
C_COMPLEMENT_NB,1,1,139,issues,textual,complement_log_weight,6.008652860384771,6.008652860384771,positive,229,229,
C_COMPLEMENT_NB,1,1,262,test,textual,complement_log_weight,6.002378624044141,6.002378624044141,positive,230,230,
C_COMPLEMENT_NB,1,1,115,hard,textual,complement_log_weight,6.000336861295773,6.000336861295773,positive,231,231,
C_COMPLEMENT_NB,1,1,297,yeah,textual,complement_log_weight,5.99774637104629,5.99774637104629,positive,232,232,
C_COMPLEMENT_NB,1,1,206,probably,textual,complement_log_weight,5.993927325256758,5.993927325256758,positive,233,233,
C_COMPLEMENT_NB,1,1,209,protein,textual,complement_log_weight,5.993171285142912,5.993171285142912,positive,234,234,
C_COMPLEMENT_NB,1,1,73,doing,textual,complement_log_weight,5.987931193050689,5.987931193050689,positive,235,235,
C_COMPLEMENT_NB,1,1,29,better,textual,complement_log_weight,5.987636846408924,5.987636846408924,positive,236,236,
C_COMPLEMENT_NB,1,1,259,tell,textual,complement_log_weight,5.983845011597906,5.983845011597906,positive,237,237,
C_COMPLEMENT_NB,1,1,122,helps,textual,complement_log_weight,5.979100301552652,5.979100301552652,positive,238,238,
C_COMPLEMENT_NB,1,1,178,mind,textual,complement_log_weight,5.975601367799908,5.975601367799908,positive,239,239,
C_COMPLEMENT_NB,1,1,0,10,textual,complement_log_weight,5.948157968791894,5.948157968791894,positive,240,240,
C_COMPLEMENT_NB,1,1,37,called,textual,complement_log_weight,5.942624039893521,5.942624039893521,positive,241,241,
C_COMPLEMENT_NB,1,1,260,tend,textual,complement_log_weight,5.916369762042453,5.916369762042453,positive,242,242,
C_COMPLEMENT_NB,1,1,276,trying,textual,complement_log_weight,5.890301157446164,5.890301157446164,positive,243,243,
C_COMPLEMENT_NB,1,1,128,hyperactivity,textual,complement_log_weight,5.885550789361893,5.885550789361893,positive,244,244,
C_COMPLEMENT_NB,1,1,165,love,textual,complement_log_weight,5.883437720367406,5.883437720367406,positive,245,245,
C_COMPLEMENT_NB,1,1,68,disorder,textual,complement_log_weight,5.881450959507929,5.881450959507929,positive,246,246,
C_COMPLEMENT_NB,1,1,176,memory,textual,complement_log_weight,5.8789029033023805,5.8789029033023805,positive,247,247,
C_COMPLEMENT_NB,1,1,123,high,textual,complement_log_weight,5.871628696933803,5.871628696933803,positive,248,248,
C_COMPLEMENT_NB,1,1,71,does,textual,complement_log_weight,5.867877951626036,5.867877951626036,positive,249,249,
C_COMPLEMENT_NB,1,1,162,look,textual,complement_log_weight,5.859077391993963,5.859077391993963,positive,250,250,
C_COMPLEMENT_NB,1,1,42,child,textual,complement_log_weight,5.847364195661132,5.847364195661132,positive,251,251,
C_COMPLEMENT_NB,1,1,82,emotional,textual,complement_log_weight,5.8447066078646035,5.8447066078646035,positive,252,252,
C_COMPLEMENT_NB,1,1,151,let,textual,complement_log_weight,5.839007135527317,5.839007135527317,positive,253,253,
C_COMPLEMENT_NB,1,1,143,kind,textual,complement_log_weight,5.820376098149866,5.820376098149866,positive,254,254,
C_COMPLEMENT_NB,1,1,280,use,textual,complement_log_weight,5.812557373940009,5.812557373940009,positive,255,255,
C_COMPLEMENT_NB,1,1,4,add,textual,complement_log_weight,5.757575966356181,5.757575966356181,positive,256,256,
C_COMPLEMENT_NB,1,1,234,sleep,textual,complement_log_weight,5.7557627742314095,5.7557627742314095,positive,257,257,
C_COMPLEMENT_NB,1,1,72,doesn,textual,complement_log_weight,5.7534143632752235,5.7534143632752235,positive,258,258,
C_COMPLEMENT_NB,1,1,34,brains,textual,complement_log_weight,5.750115370863326,5.750115370863326,positive,259,259,
C_COMPLEMENT_NB,1,1,237,start,textual,complement_log_weight,5.748384905755221,5.748384905755221,positive,260,260,
C_COMPLEMENT_NB,1,1,111,got,textual,complement_log_weight,5.729971593011477,5.729971593011477,positive,261,261,
C_COMPLEMENT_NB,1,1,200,person,textual,complement_log_weight,5.720055159450575,5.720055159450575,positive,262,262,
C_COMPLEMENT_NB,1,1,106,getting,textual,complement_log_weight,5.709192092157651,5.709192092157651,positive,263,263,
C_COMPLEMENT_NB,1,1,174,medication,textual,complement_log_weight,5.6999399982431935,5.6999399982431935,positive,264,264,
C_COMPLEMENT_NB,1,1,110,good,textual,complement_log_weight,5.699434009921934,5.699434009921934,positive,265,265,
C_COMPLEMENT_NB,1,1,220,say,textual,complement_log_weight,5.698020499189049,5.698020499189049,positive,266,266,
C_COMPLEMENT_NB,1,1,253,symptoms,textual,complement_log_weight,5.68578585122893,5.68578585122893,positive,267,267,
C_COMPLEMENT_NB,1,1,65,different,textual,complement_log_weight,5.673439437576798,5.673439437576798,positive,268,268,
C_COMPLEMENT_NB,1,1,267,think,textual,complement_log_weight,5.639475756838719,5.639475756838719,positive,269,269,
C_COMPLEMENT_NB,1,1,287,way,textual,complement_log_weight,5.630739963861535,5.630739963861535,positive,270,270,
C_COMPLEMENT_NB,1,1,160,ll,textual,complement_log_weight,5.6233289854461495,5.6233289854461495,positive,271,271,
C_COMPLEMENT_NB,1,1,154,life,textual,complement_log_weight,5.6172187957254,5.6172187957254,positive,272,272,
C_COMPLEMENT_NB,1,1,286,want,textual,complement_log_weight,5.583212332709024,5.583212332709024,positive,273,273,
C_COMPLEMENT_NB,1,1,168,make,textual,complement_log_weight,5.5678941499645385,5.5678941499645385,positive,274,274,
C_COMPLEMENT_NB,1,1,290,work,textual,complement_log_weight,5.5570149316375215,5.5570149316375215,positive,275,275,
C_COMPLEMENT_NB,1,1,55,day,textual,complement_log_weight,5.494630569341186,5.494630569341186,positive,276,276,
C_COMPLEMENT_NB,1,1,219,right,textual,complement_log_weight,5.487586368221518,5.487586368221518,positive,277,277,
C_COMPLEMENT_NB,1,1,99,focus,textual,complement_log_weight,5.439202428525209,5.439202428525209,positive,278,278,
C_COMPLEMENT_NB,1,1,264,thing,textual,complement_log_weight,5.424902525072156,5.424902525072156,positive,279,279,
C_COMPLEMENT_NB,1,1,163,lot,textual,complement_log_weight,5.412143821235283,5.412143821235283,positive,280,280,
C_COMPLEMENT_NB,1,1,120,help,textual,complement_log_weight,5.394645237822441,5.394645237822441,positive,281,281,
C_COMPLEMENT_NB,1,1,20,attention,textual,complement_log_weight,5.375248106816731,5.375248106816731,positive,282,282,
C_COMPLEMENT_NB,1,1,283,ve,textual,complement_log_weight,5.339925026665885,5.339925026665885,positive,283,283,
C_COMPLEMENT_NB,1,1,94,feel,textual,complement_log_weight,5.339057068315054,5.339057068315054,positive,284,284,
C_COMPLEMENT_NB,1,1,199,people adhd,textual,complement_log_weight,5.331412042273791,5.331412042273791,positive,285,285,
C_COMPLEMENT_NB,1,1,211,really,textual,complement_log_weight,5.281054538108736,5.281054538108736,positive,286,286,
C_COMPLEMENT_NB,1,1,183,need,textual,complement_log_weight,5.265811131447309,5.265811131447309,positive,287,287,
C_COMPLEMENT_NB,1,1,144,know,textual,complement_log_weight,5.211438963827557,5.211438963827557,positive,288,288,
C_COMPLEMENT_NB,1,1,3,actually,textual,complement_log_weight,5.1899670039407155,5.1899670039407155,positive,289,289,
C_COMPLEMENT_NB,1,1,108,going,textual,complement_log_weight,5.164158960855273,5.164158960855273,positive,290,290,
C_COMPLEMENT_NB,1,1,271,time,textual,complement_log_weight,5.154649527445092,5.154649527445092,positive,291,291,
C_COMPLEMENT_NB,1,1,76,dopamine,textual,complement_log_weight,5.14208306071595,5.14208306071595,positive,292,292,
C_COMPLEMENT_NB,1,1,265,things,textual,complement_log_weight,5.141785236284589,5.141785236284589,positive,293,293,
C_COMPLEMENT_NB,1,1,74,don,textual,complement_log_weight,5.123570597453475,5.123570597453475,positive,294,294,
C_COMPLEMENT_NB,1,1,189,number,textual,complement_log_weight,5.086364916291718,5.086364916291718,positive,295,295,
C_COMPLEMENT_NB,1,1,141,just,textual,complement_log_weight,4.8708623165319045,4.8708623165319045,positive,296,296,
C_COMPLEMENT_NB,1,1,198,people,textual,complement_log_weight,4.777594164235977,4.777594164235977,positive,297,297,
C_COMPLEMENT_NB,1,1,33,brain,textual,complement_log_weight,4.745132314068508,4.745132314068508,positive,298,298,
C_COMPLEMENT_NB,1,1,155,like,textual,complement_log_weight,4.58187370662113,4.58187370662113,positive,299,299,
C_COMPLEMENT_NB,1,1,5,adhd,textual,complement_log_weight,4.126966474939908,4.126966474939908,positive,300,300,
C_COMPLEMENT_NB,1,1,301,hedge_score,handcrafted_linguistic,complement_log_weight,3.7845229381961913,3.7845229381961913,positive,301,301,
C_COMPLEMENT_NB,1,1,300,certainty_score,handcrafted_linguistic,complement_log_weight,3.5608752335149947,3.5608752335149947,positive,302,302,
C_COMPLEMENT_NB,1,1,305,duration_sec_within_platform_percentile,engagement_or_format,complement_log_weight,2.8256503396694983,2.8256503396694983,positive,303,303,
C_COMPLEMENT_NB,1,1,304,views_within_platform_percentile,engagement_or_format,complement_log_weight,2.8039675028622715,2.8039675028622715,positive,304,304,
C_COMPLEMENT_NB,1,1,303,comments_within_platform_percentile,engagement_or_format,complement_log_weight,2.7991549347298497,2.7991549347298497,positive,305,305,
C_COMPLEMENT_NB,1,1,302,likes_within_platform_percentile,engagement_or_format,complement_log_weight,2.793905061642876,2.793905061642876,positive,306,306,
C_COMPLEMENT_NB,1,2,194,pain,textual,complement_log_weight,6.814479211316341,6.814479211316341,positive,1,1,
C_COMPLEMENT_NB,1,2,270,thoughts,textual,complement_log_weight,6.727381471860561,6.727381471860561,positive,2,2,
C_COMPLEMENT_NB,1,2,77,dr,textual,complement_log_weight,6.7218212056601505,6.7218212056601505,positive,3,3,
C_COMPLEMENT_NB,1,2,159,little bit,textual,complement_log_weight,6.719405630731816,6.719405630731816,positive,4,4,
C_COMPLEMENT_NB,1,2,135,information,textual,complement_log_weight,6.666325916957385,6.666325916957385,positive,5,5,
C_COMPLEMENT_NB,1,2,150,learning,textual,complement_log_weight,6.664885059473608,6.664885059473608,positive,6,6,
C_COMPLEMENT_NB,1,2,184,needs,textual,complement_log_weight,6.656943385348446,6.656943385348446,positive,7,7,
C_COMPLEMENT_NB,1,2,40,certain,textual,complement_log_weight,6.636267904094172,6.636267904094172,positive,8,8,
C_COMPLEMENT_NB,1,2,39,care,textual,complement_log_weight,6.632750726515206,6.632750726515206,positive,9,9,
C_COMPLEMENT_NB,1,2,102,foods,textual,complement_log_weight,6.632414366630085,6.632414366630085,positive,10,10,
C_COMPLEMENT_NB,1,2,215,rejection,textual,complement_log_weight,6.6312370985874605,6.6312370985874605,positive,11,11,
C_COMPLEMENT_NB,1,2,75,don know,textual,complement_log_weight,6.625844502300766,6.625844502300766,positive,12,12,
C_COMPLEMENT_NB,1,2,59,diagnosed adhd,textual,complement_log_weight,6.616645828872329,6.616645828872329,positive,13,13,
C_COMPLEMENT_NB,1,2,203,place,textual,complement_log_weight,6.610205913909158,6.610205913909158,positive,14,14,
C_COMPLEMENT_NB,1,2,292,working memory,textual,complement_log_weight,6.599533101284768,6.599533101284768,positive,15,15,
C_COMPLEMENT_NB,1,2,192,order,textual,complement_log_weight,6.596208618171245,6.596208618171245,positive,16,16,
C_COMPLEMENT_NB,1,2,9,adhd people,textual,complement_log_weight,6.59325300734714,6.59325300734714,positive,17,17,
C_COMPLEMENT_NB,1,2,235,small,textual,complement_log_weight,6.589115420347438,6.589115420347438,positive,18,18,
C_COMPLEMENT_NB,1,2,112,great,textual,complement_log_weight,6.585980263463039,6.585980263463039,positive,19,19,
C_COMPLEMENT_NB,1,2,224,seen,textual,complement_log_weight,6.57589954574783,6.57589954574783,positive,20,20,
C_COMPLEMENT_NB,1,2,81,eating,textual,complement_log_weight,6.574636649732846,6.574636649732846,positive,21,21,
C_COMPLEMENT_NB,1,2,197,pay attention,textual,complement_log_weight,6.5730235166452,6.5730235166452,positive,22,22,
C_COMPLEMENT_NB,1,2,153,levels,textual,complement_log_weight,6.570629075609544,6.570629075609544,positive,23,23,
C_COMPLEMENT_NB,1,2,247,studies,textual,complement_log_weight,6.5701840001630085,6.5701840001630085,positive,24,24,
C_COMPLEMENT_NB,1,2,195,patients,textual,complement_log_weight,6.569713507148882,6.569713507148882,positive,25,25,
C_COMPLEMENT_NB,1,2,236,social,textual,complement_log_weight,6.563681973933744,6.563681973933744,positive,26,26,
C_COMPLEMENT_NB,1,2,246,struggling,textual,complement_log_weight,6.5624763139133275,6.5624763139133275,positive,27,27,
C_COMPLEMENT_NB,1,2,205,prefrontal cortex,textual,complement_log_weight,6.5613990299028,6.5613990299028,positive,28,28,
C_COMPLEMENT_NB,1,2,126,hyper,textual,complement_log_weight,6.5595776594989985,6.5595776594989985,positive,29,29,
C_COMPLEMENT_NB,1,2,273,treatment,textual,complement_log_weight,6.551658814595661,6.551658814595661,positive,30,30,
C_COMPLEMENT_NB,1,2,157,literally,textual,complement_log_weight,6.545851635394511,6.545851635394511,positive,31,31,
C_COMPLEMENT_NB,1,2,109,gonna,textual,complement_log_weight,6.545443123068437,6.545443123068437,positive,32,32,
C_COMPLEMENT_NB,1,2,201,phone,textual,complement_log_weight,6.541084930374142,6.541084930374142,positive,33,33,
C_COMPLEMENT_NB,1,2,66,differently,textual,complement_log_weight,6.535947719109617,6.535947719109617,positive,34,34,
C_COMPLEMENT_NB,1,2,78,dysfunction,textual,complement_log_weight,6.534901539722789,6.534901539722789,positive,35,35,
C_COMPLEMENT_NB,1,2,26,based,textual,complement_log_weight,6.530636276125728,6.530636276125728,positive,36,36,
C_COMPLEMENT_NB,1,2,268,thinking,textual,complement_log_weight,6.529143669701305,6.529143669701305,positive,37,37,
C_COMPLEMENT_NB,1,2,12,adult,textual,complement_log_weight,6.529086624169958,6.529086624169958,positive,38,38,
C_COMPLEMENT_NB,1,2,107,goes,textual,complement_log_weight,6.52522393277447,6.52522393277447,positive,39,39,
C_COMPLEMENT_NB,1,2,240,stay,textual,complement_log_weight,6.523537908009996,6.523537908009996,positive,40,40,
C_COMPLEMENT_NB,1,2,70,doctor,textual,complement_log_weight,6.521018750352998,6.521018750352998,positive,41,41,
C_COMPLEMENT_NB,1,2,263,therapy,textual,complement_log_weight,6.520340054113942,6.520340054113942,positive,42,42,
C_COMPLEMENT_NB,1,2,11,adhders,textual,complement_log_weight,6.517402142047813,6.517402142047813,positive,43,43,
C_COMPLEMENT_NB,1,2,18,aren,textual,complement_log_weight,6.517351339031551,6.517351339031551,positive,44,44,
C_COMPLEMENT_NB,1,2,213,regulate,textual,complement_log_weight,6.515056538347103,6.515056538347103,positive,45,45,
C_COMPLEMENT_NB,1,2,129,impact,textual,complement_log_weight,6.513591955097694,6.513591955097694,positive,46,46,
C_COMPLEMENT_NB,1,2,226,sense,textual,complement_log_weight,6.5036098873130905,6.5036098873130905,positive,47,47,
C_COMPLEMENT_NB,1,2,228,seven,textual,complement_log_weight,6.499986595670181,6.499986595670181,positive,48,48,
C_COMPLEMENT_NB,1,2,232,single,textual,complement_log_weight,6.49592285569777,6.49592285569777,positive,49,49,
C_COMPLEMENT_NB,1,2,15,alcohol,textual,complement_log_weight,6.494869600681269,6.494869600681269,positive,50,50,
C_COMPLEMENT_NB,1,2,137,interesting,textual,complement_log_weight,6.492373931797196,6.492373931797196,positive,51,51,
C_COMPLEMENT_NB,1,2,105,gets,textual,complement_log_weight,6.491349604993314,6.491349604993314,positive,52,52,
C_COMPLEMENT_NB,1,2,164,lot people,textual,complement_log_weight,6.488367574219782,6.488367574219782,positive,53,53,
C_COMPLEMENT_NB,1,2,53,cortex,textual,complement_log_weight,6.487279975574415,6.487279975574415,positive,54,54,
C_COMPLEMENT_NB,1,2,24,away,textual,complement_log_weight,6.4854198731228685,6.4854198731228685,positive,55,55,
C_COMPLEMENT_NB,1,2,80,eat,textual,complement_log_weight,6.48389428460808,6.48389428460808,positive,56,56,
C_COMPLEMENT_NB,1,2,282,usually,textual,complement_log_weight,6.4833677292830085,6.4833677292830085,positive,57,57,
C_COMPLEMENT_NB,1,2,238,starting,textual,complement_log_weight,6.481956886890419,6.481956886890419,positive,58,58,
C_COMPLEMENT_NB,1,2,14,affect,textual,complement_log_weight,6.4814234833320326,6.4814234833320326,positive,59,59,
C_COMPLEMENT_NB,1,2,193,overwhelmed,textual,complement_log_weight,6.476300793611686,6.476300793611686,positive,60,60,
C_COMPLEMENT_NB,1,2,251,support,textual,complement_log_weight,6.473469013038683,6.473469013038683,positive,61,61,
C_COMPLEMENT_NB,1,2,212,reason,textual,complement_log_weight,6.46993704994087,6.46993704994087,positive,62,62,
C_COMPLEMENT_NB,1,2,140,job,textual,complement_log_weight,6.469384396996929,6.469384396996929,positive,63,63,
C_COMPLEMENT_NB,1,2,227,sensitive,textual,complement_log_weight,6.467235712660349,6.467235712660349,positive,64,64,
C_COMPLEMENT_NB,1,2,54,create,textual,complement_log_weight,6.465056628322692,6.465056628322692,positive,65,65,
C_COMPLEMENT_NB,1,2,216,relationships,textual,complement_log_weight,6.4626705284304204,6.4626705284304204,positive,66,66,
C_COMPLEMENT_NB,1,2,229,shame,textual,complement_log_weight,6.460611466047484,6.460611466047484,positive,67,67,
C_COMPLEMENT_NB,1,2,249,stuff,textual,complement_log_weight,6.46033155771846,6.46033155771846,positive,68,68,
C_COMPLEMENT_NB,1,2,167,lower,textual,complement_log_weight,6.457646690780955,6.457646690780955,positive,69,69,
C_COMPLEMENT_NB,1,2,145,know adhd,textual,complement_log_weight,6.4524461241933055,6.4524461241933055,positive,70,70,
C_COMPLEMENT_NB,1,2,47,completely,textual,complement_log_weight,6.451516998841907,6.451516998841907,positive,71,71,
C_COMPLEMENT_NB,1,2,19,ask,textual,complement_log_weight,6.445268326506762,6.445268326506762,positive,72,72,
C_COMPLEMENT_NB,1,2,98,finally,textual,complement_log_weight,6.4418917012972905,6.4418917012972905,positive,73,73,
C_COMPLEMENT_NB,1,2,31,bit,textual,complement_log_weight,6.441293019408979,6.441293019408979,positive,74,74,
C_COMPLEMENT_NB,1,2,63,diet,textual,complement_log_weight,6.437420941299172,6.437420941299172,positive,75,75,
C_COMPLEMENT_NB,1,2,16,anger,textual,complement_log_weight,6.436351421202793,6.436351421202793,positive,76,76,
C_COMPLEMENT_NB,1,2,133,inattentive,textual,complement_log_weight,6.436270693368591,6.436270693368591,positive,77,77,
C_COMPLEMENT_NB,1,2,152,level,textual,complement_log_weight,6.433325581439535,6.433325581439535,positive,78,78,
C_COMPLEMENT_NB,1,2,1,ability,textual,complement_log_weight,6.43210682712427,6.43210682712427,positive,79,79,
C_COMPLEMENT_NB,1,2,49,consequences,textual,complement_log_weight,6.428478303875561,6.428478303875561,positive,80,80,
C_COMPLEMENT_NB,1,2,22,autism,textual,complement_log_weight,6.425668647601305,6.425668647601305,positive,81,81,
C_COMPLEMENT_NB,1,2,23,avoid,textual,complement_log_weight,6.421428630470458,6.421428630470458,positive,82,82,
C_COMPLEMENT_NB,1,2,266,things like,textual,complement_log_weight,6.420036042796562,6.420036042796562,positive,83,83,
C_COMPLEMENT_NB,1,2,125,hours,textual,complement_log_weight,6.416439942451533,6.416439942451533,positive,84,84,
C_COMPLEMENT_NB,1,2,134,increase,textual,complement_log_weight,6.410532618653579,6.410532618653579,positive,85,85,
C_COMPLEMENT_NB,1,2,21,attention deficit,textual,complement_log_weight,6.402319537654609,6.402319537654609,positive,86,86,
C_COMPLEMENT_NB,1,2,84,end,textual,complement_log_weight,6.398944931842799,6.398944931842799,positive,87,87,
C_COMPLEMENT_NB,1,2,261,term,textual,complement_log_weight,6.397226793489654,6.397226793489654,positive,88,88,
C_COMPLEMENT_NB,1,2,25,bad,textual,complement_log_weight,6.389513682878606,6.389513682878606,positive,89,89,
C_COMPLEMENT_NB,1,2,48,condition,textual,complement_log_weight,6.388312480904609,6.388312480904609,positive,90,90,
C_COMPLEMENT_NB,1,2,221,saying,textual,complement_log_weight,6.383234039885126,6.383234039885126,positive,91,91,
C_COMPLEMENT_NB,1,2,64,difference,textual,complement_log_weight,6.381785599754136,6.381785599754136,positive,92,92,
C_COMPLEMENT_NB,1,2,254,taking,textual,complement_log_weight,6.379262302268885,6.379262302268885,positive,93,93,
C_COMPLEMENT_NB,1,2,181,motivation,textual,complement_log_weight,6.377710162975416,6.377710162975416,positive,94,94,
C_COMPLEMENT_NB,1,2,177,mental,textual,complement_log_weight,6.3698309766388,6.3698309766388,positive,95,95,
C_COMPLEMENT_NB,1,2,8,adhd medication,textual,complement_log_weight,6.3676003385469055,6.3676003385469055,positive,96,96,
C_COMPLEMENT_NB,1,2,90,exercise,textual,complement_log_weight,6.361402804987096,6.361402804987096,positive,97,97,
C_COMPLEMENT_NB,1,2,188,normal,textual,complement_log_weight,6.359726848725407,6.359726848725407,positive,98,98,
C_COMPLEMENT_NB,1,2,93,fast,textual,complement_log_weight,6.358910947272517,6.358910947272517,positive,99,99,
C_COMPLEMENT_NB,1,2,239,state,textual,complement_log_weight,6.358348559963507,6.358348559963507,positive,100,100,
C_COMPLEMENT_NB,1,2,88,example,textual,complement_log_weight,6.358107989884145,6.358107989884145,positive,101,101,
C_COMPLEMENT_NB,1,2,50,constant,textual,complement_log_weight,6.3576304530398415,6.3576304530398415,positive,102,102,
C_COMPLEMENT_NB,1,2,38,calm,textual,complement_log_weight,6.354820352120077,6.354820352120077,positive,103,103,
C_COMPLEMENT_NB,1,2,57,depression,textual,complement_log_weight,6.3485014189302635,6.3485014189302635,positive,104,104,
C_COMPLEMENT_NB,1,2,161,long,textual,complement_log_weight,6.344608426361416,6.344608426361416,positive,105,105,
C_COMPLEMENT_NB,1,2,278,typically,textual,complement_log_weight,6.340428305222031,6.340428305222031,positive,106,106,
C_COMPLEMENT_NB,1,2,36,caffeine,textual,complement_log_weight,6.337476857686482,6.337476857686482,positive,107,107,
C_COMPLEMENT_NB,1,2,114,happens,textual,complement_log_weight,6.336991724912523,6.336991724912523,positive,108,108,
C_COMPLEMENT_NB,1,2,87,everybody,textual,complement_log_weight,6.335363845093685,6.335363845093685,positive,109,109,
C_COMPLEMENT_NB,1,2,35,burnout,textual,complement_log_weight,6.332184130066764,6.332184130066764,positive,110,110,
C_COMPLEMENT_NB,1,2,288,ways,textual,complement_log_weight,6.332078379307934,6.332078379307934,positive,111,111,
C_COMPLEMENT_NB,1,2,204,point,textual,complement_log_weight,6.329798468015494,6.329798468015494,positive,112,112,
C_COMPLEMENT_NB,1,2,92,fact,textual,complement_log_weight,6.327937807880369,6.327937807880369,positive,113,113,
C_COMPLEMENT_NB,1,2,180,morning,textual,complement_log_weight,6.321445342191006,6.321445342191006,positive,114,114,
C_COMPLEMENT_NB,1,2,118,health,textual,complement_log_weight,6.321177199001587,6.321177199001587,positive,115,115,
C_COMPLEMENT_NB,1,2,281,using,textual,complement_log_weight,6.320407738954919,6.320407738954919,positive,116,116,
C_COMPLEMENT_NB,1,2,119,hear,textual,complement_log_weight,6.317269549663895,6.317269549663895,positive,117,117,
C_COMPLEMENT_NB,1,2,250,sugar,textual,complement_log_weight,6.317057484002774,6.317057484002774,positive,118,118,
C_COMPLEMENT_NB,1,2,202,physical,textual,complement_log_weight,6.316261809866593,6.316261809866593,positive,119,119,
C_COMPLEMENT_NB,1,2,2,able,textual,complement_log_weight,6.315674196347731,6.315674196347731,positive,120,120,
C_COMPLEMENT_NB,1,2,233,sit,textual,complement_log_weight,6.313649377990344,6.313649377990344,positive,121,121,
C_COMPLEMENT_NB,1,2,294,world,textual,complement_log_weight,6.31303284132798,6.31303284132798,positive,122,122,
C_COMPLEMENT_NB,1,2,32,body,textual,complement_log_weight,6.311897055430319,6.311897055430319,positive,123,123,
C_COMPLEMENT_NB,1,2,262,test,textual,complement_log_weight,6.310585893364706,6.310585893364706,positive,124,124,
C_COMPLEMENT_NB,1,2,196,pay,textual,complement_log_weight,6.309613755568806,6.309613755568806,positive,125,125,
C_COMPLEMENT_NB,1,2,62,didn,textual,complement_log_weight,6.309004400123957,6.309004400123957,positive,126,126,
C_COMPLEMENT_NB,1,2,179,minutes,textual,complement_log_weight,6.308286158595094,6.308286158595094,positive,127,127,
C_COMPLEMENT_NB,1,2,274,trouble,textual,complement_log_weight,6.305672150822989,6.305672150822989,positive,128,128,
C_COMPLEMENT_NB,1,2,269,thought,textual,complement_log_weight,6.305473995940025,6.305473995940025,positive,129,129,
C_COMPLEMENT_NB,1,2,272,times,textual,complement_log_weight,6.299523342618591,6.299523342618591,positive,130,130,
C_COMPLEMENT_NB,1,2,230,short,textual,complement_log_weight,6.29564403230975,6.29564403230975,positive,131,131,
C_COMPLEMENT_NB,1,2,245,struggle,textual,complement_log_weight,6.295186268995401,6.295186268995401,positive,132,132,
C_COMPLEMENT_NB,1,2,299,yes,textual,complement_log_weight,6.2948998426589124,6.2948998426589124,positive,133,133,
C_COMPLEMENT_NB,1,2,52,control,textual,complement_log_weight,6.293827943916784,6.293827943916784,positive,134,134,
C_COMPLEMENT_NB,1,2,131,impulsive,textual,complement_log_weight,6.289619977405872,6.289619977405872,positive,135,135,
C_COMPLEMENT_NB,1,2,217,remember,textual,complement_log_weight,6.28170495274768,6.28170495274768,positive,136,136,
C_COMPLEMENT_NB,1,2,295,worse,textual,complement_log_weight,6.281359473741234,6.281359473741234,positive,137,137,
C_COMPLEMENT_NB,1,2,146,lack,textual,complement_log_weight,6.281266742495516,6.281266742495516,positive,138,138,
C_COMPLEMENT_NB,1,2,147,late,textual,complement_log_weight,6.281155086149397,6.281155086149397,positive,139,139,
C_COMPLEMENT_NB,1,2,30,big,textual,complement_log_weight,6.2811005029655504,6.2811005029655504,positive,140,140,
C_COMPLEMENT_NB,1,2,223,second,textual,complement_log_weight,6.281075250886967,6.281075250886967,positive,141,141,
C_COMPLEMENT_NB,1,2,101,food,textual,complement_log_weight,6.2807491303914125,6.2807491303914125,positive,142,142,
C_COMPLEMENT_NB,1,2,69,distracted,textual,complement_log_weight,6.275049958834737,6.275049958834737,positive,143,143,
C_COMPLEMENT_NB,1,2,252,sure,textual,complement_log_weight,6.270114883322951,6.270114883322951,positive,144,144,
C_COMPLEMENT_NB,1,2,293,works,textual,complement_log_weight,6.269784141197139,6.269784141197139,positive,145,145,
C_COMPLEMENT_NB,1,2,248,study,textual,complement_log_weight,6.266288470089317,6.266288470089317,positive,146,146,
C_COMPLEMENT_NB,1,2,279,understand,textual,complement_log_weight,6.264652651178078,6.264652651178078,positive,147,147,
C_COMPLEMENT_NB,1,2,242,stimulants,textual,complement_log_weight,6.251266341853801,6.251266341853801,positive,148,148,
C_COMPLEMENT_NB,1,2,172,mean,textual,complement_log_weight,6.247942355825075,6.247942355825075,positive,149,149,
C_COMPLEMENT_NB,1,2,175,medications,textual,complement_log_weight,6.24772049411112,6.24772049411112,positive,150,150,
C_COMPLEMENT_NB,1,2,41,change,textual,complement_log_weight,6.24680987871525,6.24680987871525,positive,151,151,
C_COMPLEMENT_NB,1,2,43,children,textual,complement_log_weight,6.246334637083139,6.246334637083139,positive,152,152,
C_COMPLEMENT_NB,1,2,156,likely,textual,complement_log_weight,6.245447180506337,6.245447180506337,positive,153,153,
C_COMPLEMENT_NB,1,2,27,behavior,textual,complement_log_weight,6.245071326456022,6.245071326456022,positive,154,154,
C_COMPLEMENT_NB,1,2,171,maybe,textual,complement_log_weight,6.243873271678597,6.243873271678597,positive,155,155,
C_COMPLEMENT_NB,1,2,127,hyperactive,textual,complement_log_weight,6.241521169192865,6.241521169192865,positive,156,156,
C_COMPLEMENT_NB,1,2,79,easily,textual,complement_log_weight,6.23894409697848,6.23894409697848,positive,157,157,
C_COMPLEMENT_NB,1,2,139,issues,textual,complement_log_weight,6.235003110613094,6.235003110613094,positive,158,158,
C_COMPLEMENT_NB,1,2,100,follow,textual,complement_log_weight,6.232822088723244,6.232822088723244,positive,159,159,
C_COMPLEMENT_NB,1,2,296,wrong,textual,complement_log_weight,6.231947451887749,6.231947451887749,positive,160,160,
C_COMPLEMENT_NB,1,2,7,adhd brains,textual,complement_log_weight,6.231400242875547,6.231400242875547,positive,161,161,
C_COMPLEMENT_NB,1,2,214,regulation,textual,complement_log_weight,6.228229494176579,6.228229494176579,positive,162,162,
C_COMPLEMENT_NB,1,2,138,isn,textual,complement_log_weight,6.228050279578547,6.228050279578547,positive,163,163,
C_COMPLEMENT_NB,1,2,56,deficit,textual,complement_log_weight,6.226737608071326,6.226737608071326,positive,164,164,
C_COMPLEMENT_NB,1,2,148,later,textual,complement_log_weight,6.226539665510151,6.226539665510151,positive,165,165,
C_COMPLEMENT_NB,1,2,185,nervous,textual,complement_log_weight,6.225358360693492,6.225358360693492,positive,166,166,
C_COMPLEMENT_NB,1,2,45,comes,textual,complement_log_weight,6.224399063411151,6.224399063411151,positive,167,167,
C_COMPLEMENT_NB,1,2,44,come,textual,complement_log_weight,6.214358705584932,6.214358705584932,positive,168,168,
C_COMPLEMENT_NB,1,2,121,helpful,textual,complement_log_weight,6.212120845197601,6.212120845197601,positive,169,169,
C_COMPLEMENT_NB,1,2,173,means,textual,complement_log_weight,6.203334519246229,6.203334519246229,positive,170,170,
C_COMPLEMENT_NB,1,2,277,type,textual,complement_log_weight,6.203005631970027,6.203005631970027,positive,171,171,
C_COMPLEMENT_NB,1,2,182,music,textual,complement_log_weight,6.202284825360423,6.202284825360423,positive,172,172,
C_COMPLEMENT_NB,1,2,298,years,textual,complement_log_weight,6.201359006439061,6.201359006439061,positive,173,173,
C_COMPLEMENT_NB,1,2,96,feeling,textual,complement_log_weight,6.200524128592237,6.200524128592237,positive,174,174,
C_COMPLEMENT_NB,1,2,86,especially,textual,complement_log_weight,6.197416765634139,6.197416765634139,positive,175,175,
C_COMPLEMENT_NB,1,2,113,gut,textual,complement_log_weight,6.194440468485627,6.194440468485627,positive,176,176,
C_COMPLEMENT_NB,1,2,285,video,textual,complement_log_weight,6.1931390186269875,6.1931390186269875,positive,177,177,
C_COMPLEMENT_NB,1,2,104,function,textual,complement_log_weight,6.191967471982523,6.191967471982523,positive,178,178,
C_COMPLEMENT_NB,1,2,256,talking,textual,complement_log_weight,6.187598889848785,6.187598889848785,positive,179,179,
C_COMPLEMENT_NB,1,2,6,adhd brain,textual,complement_log_weight,6.174308522482275,6.174308522482275,positive,180,180,
C_COMPLEMENT_NB,1,2,116,harder,textual,complement_log_weight,6.167506098592214,6.167506098592214,positive,181,181,
C_COMPLEMENT_NB,1,2,289,women,textual,complement_log_weight,6.1649011856913605,6.1649011856913605,positive,182,182,
C_COMPLEMENT_NB,1,2,67,difficulty,textual,complement_log_weight,6.158727948323879,6.158727948323879,positive,183,183,
C_COMPLEMENT_NB,1,2,124,higher,textual,complement_log_weight,6.158405656531927,6.158405656531927,positive,184,184,
C_COMPLEMENT_NB,1,2,187,new,textual,complement_log_weight,6.155153585829829,6.155153585829829,positive,185,185,
C_COMPLEMENT_NB,1,2,97,feels,textual,complement_log_weight,6.154083231697947,6.154083231697947,positive,186,186,
C_COMPLEMENT_NB,1,2,243,stop,textual,complement_log_weight,6.151525598310731,6.151525598310731,positive,187,187,
C_COMPLEMENT_NB,1,2,225,self,textual,complement_log_weight,6.150520824870379,6.150520824870379,positive,188,188,
C_COMPLEMENT_NB,1,2,149,learn,textual,complement_log_weight,6.148449255232048,6.148449255232048,positive,189,189,
C_COMPLEMENT_NB,1,2,132,impulsivity,textual,complement_log_weight,6.146109418777845,6.146109418777845,positive,190,190,
C_COMPLEMENT_NB,1,2,275,try,textual,complement_log_weight,6.145719057452261,6.145719057452261,positive,191,191,
C_COMPLEMENT_NB,1,2,218,research,textual,complement_log_weight,6.135032546293834,6.135032546293834,positive,192,192,
C_COMPLEMENT_NB,1,2,169,makes,textual,complement_log_weight,6.134261170245235,6.134261170245235,positive,193,193,
C_COMPLEMENT_NB,1,2,178,mind,textual,complement_log_weight,6.134077415869879,6.134077415869879,positive,194,194,
C_COMPLEMENT_NB,1,2,115,hard,textual,complement_log_weight,6.13297117949641,6.13297117949641,positive,195,195,
C_COMPLEMENT_NB,1,2,170,making,textual,complement_log_weight,6.131043620766018,6.131043620766018,positive,196,196,
C_COMPLEMENT_NB,1,2,136,instead,textual,complement_log_weight,6.125673717622214,6.125673717622214,positive,197,197,
C_COMPLEMENT_NB,1,2,28,best,textual,complement_log_weight,6.124427854640299,6.124427854640299,positive,198,198,
C_COMPLEMENT_NB,1,2,255,talk,textual,complement_log_weight,6.122726459192659,6.122726459192659,positive,199,199,
C_COMPLEMENT_NB,1,2,284,ve got,textual,complement_log_weight,6.1193317889068535,6.1193317889068535,positive,200,200,
C_COMPLEMENT_NB,1,2,158,little,textual,complement_log_weight,6.117721801982758,6.117721801982758,positive,201,201,
C_COMPLEMENT_NB,1,2,231,signs,textual,complement_log_weight,6.111379497908756,6.111379497908756,positive,202,202,
C_COMPLEMENT_NB,1,2,291,working,textual,complement_log_weight,6.1094608655405676,6.1094608655405676,positive,203,203,
C_COMPLEMENT_NB,1,2,13,adults,textual,complement_log_weight,6.108489280899282,6.108489280899282,positive,204,204,
C_COMPLEMENT_NB,1,2,166,low,textual,complement_log_weight,6.106121365571409,6.106121365571409,positive,205,205,
C_COMPLEMENT_NB,1,2,37,called,textual,complement_log_weight,6.102911217044094,6.102911217044094,positive,206,206,
C_COMPLEMENT_NB,1,2,46,common,textual,complement_log_weight,6.1011213610607165,6.1011213610607165,positive,207,207,
C_COMPLEMENT_NB,1,2,58,diagnosed,textual,complement_log_weight,6.100201944600184,6.100201944600184,positive,208,208,
C_COMPLEMENT_NB,1,2,244,stress,textual,complement_log_weight,6.098746381757015,6.098746381757015,positive,209,209,
C_COMPLEMENT_NB,1,2,85,energy,textual,complement_log_weight,6.097991124125783,6.097991124125783,positive,210,210,
C_COMPLEMENT_NB,1,2,210,real,textual,complement_log_weight,6.096704113627023,6.096704113627023,positive,211,211,
C_COMPLEMENT_NB,1,2,190,oh,textual,complement_log_weight,6.0932630604548725,6.0932630604548725,positive,212,212,
C_COMPLEMENT_NB,1,2,60,diagnosis,textual,complement_log_weight,6.092114458713756,6.092114458713756,positive,213,213,
C_COMPLEMENT_NB,1,2,222,school,textual,complement_log_weight,6.09196931460067,6.09196931460067,positive,214,214,
C_COMPLEMENT_NB,1,2,61,did,textual,complement_log_weight,6.089059923654765,6.089059923654765,positive,215,215,
C_COMPLEMENT_NB,1,2,191,okay,textual,complement_log_weight,6.088813859344308,6.088813859344308,positive,216,216,
C_COMPLEMENT_NB,1,2,297,yeah,textual,complement_log_weight,6.0865873156570505,6.0865873156570505,positive,217,217,
C_COMPLEMENT_NB,1,2,51,constantly,textual,complement_log_weight,6.082153991653931,6.082153991653931,positive,218,218,
C_COMPLEMENT_NB,1,2,89,executive,textual,complement_log_weight,6.0819535750357,6.0819535750357,positive,219,219,
C_COMPLEMENT_NB,1,2,142,kids,textual,complement_log_weight,6.081779728419455,6.081779728419455,positive,220,220,
C_COMPLEMENT_NB,1,2,122,helps,textual,complement_log_weight,6.0791110727081925,6.0791110727081925,positive,221,221,
C_COMPLEMENT_NB,1,2,103,forget,textual,complement_log_weight,6.067298546955856,6.067298546955856,positive,222,222,
C_COMPLEMENT_NB,1,2,95,feel like,textual,complement_log_weight,6.0614477746419055,6.0614477746419055,positive,223,223,
C_COMPLEMENT_NB,1,2,128,hyperactivity,textual,complement_log_weight,6.054452904966111,6.054452904966111,positive,224,224,
C_COMPLEMENT_NB,1,2,259,tell,textual,complement_log_weight,6.0412124338692825,6.0412124338692825,positive,225,225,
C_COMPLEMENT_NB,1,2,209,protein,textual,complement_log_weight,6.040490289677632,6.040490289677632,positive,226,226,
C_COMPLEMENT_NB,1,2,186,neurotypical,textual,complement_log_weight,6.022854815258178,6.022854815258178,positive,227,227,
C_COMPLEMENT_NB,1,2,10,adhd symptoms,textual,complement_log_weight,6.018732194469836,6.018732194469836,positive,228,228,
C_COMPLEMENT_NB,1,2,206,probably,textual,complement_log_weight,6.01424648925113,6.01424648925113,positive,229,229,
C_COMPLEMENT_NB,1,2,83,emotions,textual,complement_log_weight,6.010246032410435,6.010246032410435,positive,230,230,
C_COMPLEMENT_NB,1,2,176,memory,textual,complement_log_weight,6.003997477245832,6.003997477245832,positive,231,231,
C_COMPLEMENT_NB,1,2,208,problems,textual,complement_log_weight,5.996724383256739,5.996724383256739,positive,232,232,
C_COMPLEMENT_NB,1,2,91,experience,textual,complement_log_weight,5.988094368664793,5.988094368664793,positive,233,233,
C_COMPLEMENT_NB,1,2,117,having,textual,complement_log_weight,5.976453022141391,5.976453022141391,positive,234,234,
C_COMPLEMENT_NB,1,2,207,problem,textual,complement_log_weight,5.967094092951754,5.967094092951754,positive,235,235,
C_COMPLEMENT_NB,1,2,241,stimulant,textual,complement_log_weight,5.952876942542488,5.952876942542488,positive,236,236,
C_COMPLEMENT_NB,1,2,123,high,textual,complement_log_weight,5.948283808031093,5.948283808031093,positive,237,237,
C_COMPLEMENT_NB,1,2,130,important,textual,complement_log_weight,5.946706436180282,5.946706436180282,positive,238,238,
C_COMPLEMENT_NB,1,2,0,10,textual,complement_log_weight,5.944415712646052,5.944415712646052,positive,239,239,
C_COMPLEMENT_NB,1,2,257,task,textual,complement_log_weight,5.9324770601439765,5.9324770601439765,positive,240,240,
C_COMPLEMENT_NB,1,2,280,use,textual,complement_log_weight,5.930661969957759,5.930661969957759,positive,241,241,
C_COMPLEMENT_NB,1,2,276,trying,textual,complement_log_weight,5.928359865590246,5.928359865590246,positive,242,242,
C_COMPLEMENT_NB,1,2,17,anxiety,textual,complement_log_weight,5.927932749179589,5.927932749179589,positive,243,243,
C_COMPLEMENT_NB,1,2,165,love,textual,complement_log_weight,5.914612139514313,5.914612139514313,positive,244,244,
C_COMPLEMENT_NB,1,2,258,tasks,textual,complement_log_weight,5.910068714134969,5.910068714134969,positive,245,245,
C_COMPLEMENT_NB,1,2,110,good,textual,complement_log_weight,5.906618823432912,5.906618823432912,positive,246,246,
C_COMPLEMENT_NB,1,2,260,tend,textual,complement_log_weight,5.90079620446535,5.90079620446535,positive,247,247,
C_COMPLEMENT_NB,1,2,4,add,textual,complement_log_weight,5.889701520338659,5.889701520338659,positive,248,248,
C_COMPLEMENT_NB,1,2,29,better,textual,complement_log_weight,5.88950424741711,5.88950424741711,positive,249,249,
C_COMPLEMENT_NB,1,2,143,kind,textual,complement_log_weight,5.883623885905788,5.883623885905788,positive,250,250,
C_COMPLEMENT_NB,1,2,68,disorder,textual,complement_log_weight,5.876545448462288,5.876545448462288,positive,251,251,
C_COMPLEMENT_NB,1,2,151,let,textual,complement_log_weight,5.871908000508009,5.871908000508009,positive,252,252,
C_COMPLEMENT_NB,1,2,34,brains,textual,complement_log_weight,5.856902802673777,5.856902802673777,positive,253,253,
C_COMPLEMENT_NB,1,2,73,doing,textual,complement_log_weight,5.8406191083358,5.8406191083358,positive,254,254,
C_COMPLEMENT_NB,1,2,72,doesn,textual,complement_log_weight,5.820253839382196,5.820253839382196,positive,255,255,
C_COMPLEMENT_NB,1,2,42,child,textual,complement_log_weight,5.818781725737126,5.818781725737126,positive,256,256,
C_COMPLEMENT_NB,1,2,71,does,textual,complement_log_weight,5.800071164304042,5.800071164304042,positive,257,257,
C_COMPLEMENT_NB,1,2,287,way,textual,complement_log_weight,5.785395313264728,5.785395313264728,positive,258,258,
C_COMPLEMENT_NB,1,2,111,got,textual,complement_log_weight,5.745423502916559,5.745423502916559,positive,259,259,
C_COMPLEMENT_NB,1,2,220,say,textual,complement_log_weight,5.724912645270749,5.724912645270749,positive,260,260,
C_COMPLEMENT_NB,1,2,65,different,textual,complement_log_weight,5.70392099898477,5.70392099898477,positive,261,261,
C_COMPLEMENT_NB,1,2,82,emotional,textual,complement_log_weight,5.691184679874843,5.691184679874843,positive,262,262,
C_COMPLEMENT_NB,1,2,234,sleep,textual,complement_log_weight,5.667695859268238,5.667695859268238,positive,263,263,
C_COMPLEMENT_NB,1,2,162,look,textual,complement_log_weight,5.662906645653082,5.662906645653082,positive,264,264,
C_COMPLEMENT_NB,1,2,237,start,textual,complement_log_weight,5.658062295791042,5.658062295791042,positive,265,265,
C_COMPLEMENT_NB,1,2,160,ll,textual,complement_log_weight,5.650044519865178,5.650044519865178,positive,266,266,
C_COMPLEMENT_NB,1,2,106,getting,textual,complement_log_weight,5.625633521329441,5.625633521329441,positive,267,267,
C_COMPLEMENT_NB,1,2,286,want,textual,complement_log_weight,5.623593302822871,5.623593302822871,positive,268,268,
C_COMPLEMENT_NB,1,2,219,right,textual,complement_log_weight,5.6151444760251685,5.6151444760251685,positive,269,269,
C_COMPLEMENT_NB,1,2,200,person,textual,complement_log_weight,5.5827895720597045,5.5827895720597045,positive,270,270,
C_COMPLEMENT_NB,1,2,168,make,textual,complement_log_weight,5.495943906439887,5.495943906439887,positive,271,271,
C_COMPLEMENT_NB,1,2,154,life,textual,complement_log_weight,5.494987442820847,5.494987442820847,positive,272,272,
C_COMPLEMENT_NB,1,2,55,day,textual,complement_log_weight,5.490414229117708,5.490414229117708,positive,273,273,
C_COMPLEMENT_NB,1,2,290,work,textual,complement_log_weight,5.477392227703208,5.477392227703208,positive,274,274,
C_COMPLEMENT_NB,1,2,264,thing,textual,complement_log_weight,5.462072973475511,5.462072973475511,positive,275,275,
C_COMPLEMENT_NB,1,2,99,focus,textual,complement_log_weight,5.455346474157448,5.455346474157448,positive,276,276,
C_COMPLEMENT_NB,1,2,174,medication,textual,complement_log_weight,5.452959286514408,5.452959286514408,positive,277,277,
C_COMPLEMENT_NB,1,2,267,think,textual,complement_log_weight,5.436286428595058,5.436286428595058,positive,278,278,
C_COMPLEMENT_NB,1,2,120,help,textual,complement_log_weight,5.435079729439157,5.435079729439157,positive,279,279,
C_COMPLEMENT_NB,1,2,283,ve,textual,complement_log_weight,5.410644057951983,5.410644057951983,positive,280,280,
C_COMPLEMENT_NB,1,2,20,attention,textual,complement_log_weight,5.403279452925928,5.403279452925928,positive,281,281,
C_COMPLEMENT_NB,1,2,183,need,textual,complement_log_weight,5.380449577364069,5.380449577364069,positive,282,282,
C_COMPLEMENT_NB,1,2,199,people adhd,textual,complement_log_weight,5.368594619774473,5.368594619774473,positive,283,283,
C_COMPLEMENT_NB,1,2,3,actually,textual,complement_log_weight,5.364757134167208,5.364757134167208,positive,284,284,
C_COMPLEMENT_NB,1,2,163,lot,textual,complement_log_weight,5.359955436864331,5.359955436864331,positive,285,285,
C_COMPLEMENT_NB,1,2,94,feel,textual,complement_log_weight,5.351662414065189,5.351662414065189,positive,286,286,
C_COMPLEMENT_NB,1,2,76,dopamine,textual,complement_log_weight,5.312574977432972,5.312574977432972,positive,287,287,
C_COMPLEMENT_NB,1,2,108,going,textual,complement_log_weight,5.223758366933001,5.223758366933001,positive,288,288,
C_COMPLEMENT_NB,1,2,253,symptoms,textual,complement_log_weight,5.222164264188673,5.222164264188673,positive,289,289,
C_COMPLEMENT_NB,1,2,211,really,textual,complement_log_weight,5.204463832136756,5.204463832136756,positive,290,290,
C_COMPLEMENT_NB,1,2,74,don,textual,complement_log_weight,5.1775775643984545,5.1775775643984545,positive,291,291,
C_COMPLEMENT_NB,1,2,271,time,textual,complement_log_weight,5.1698794568865365,5.1698794568865365,positive,292,292,
C_COMPLEMENT_NB,1,2,144,know,textual,complement_log_weight,5.159136979833348,5.159136979833348,positive,293,293,
C_COMPLEMENT_NB,1,2,265,things,textual,complement_log_weight,5.100245115190089,5.100245115190089,positive,294,294,
C_COMPLEMENT_NB,1,2,189,number,textual,complement_log_weight,5.061662366095654,5.061662366095654,positive,295,295,
C_COMPLEMENT_NB,1,2,141,just,textual,complement_log_weight,4.888194002133033,4.888194002133033,positive,296,296,
C_COMPLEMENT_NB,1,2,33,brain,textual,complement_log_weight,4.887297382237016,4.887297382237016,positive,297,297,
C_COMPLEMENT_NB,1,2,198,people,textual,complement_log_weight,4.797690748601726,4.797690748601726,positive,298,298,
C_COMPLEMENT_NB,1,2,155,like,textual,complement_log_weight,4.557765834920596,4.557765834920596,positive,299,299,
C_COMPLEMENT_NB,1,2,5,adhd,textual,complement_log_weight,4.087324691864543,4.087324691864543,positive,300,300,
C_COMPLEMENT_NB,1,2,301,hedge_score,handcrafted_linguistic,complement_log_weight,3.6893974107254084,3.6893974107254084,positive,301,301,
C_COMPLEMENT_NB,1,2,300,certainty_score,handcrafted_linguistic,complement_log_weight,3.5250136848808697,3.5250136848808697,positive,302,302,
C_COMPLEMENT_NB,1,2,305,duration_sec_within_platform_percentile,engagement_or_format,complement_log_weight,2.808818038358789,2.808818038358789,positive,303,303,
C_COMPLEMENT_NB,1,2,302,likes_within_platform_percentile,engagement_or_format,complement_log_weight,2.8001973920654173,2.8001973920654173,positive,304,304,
C_COMPLEMENT_NB,1,2,303,comments_within_platform_percentile,engagement_or_format,complement_log_weight,2.798505063379408,2.798505063379408,positive,305,305,
C_COMPLEMENT_NB,1,2,304,views_within_platform_percentile,engagement_or_format,complement_log_weight,2.796165477557602,2.796165477557602,positive,306,306,
C_COMPLEMENT_NB,1,3,16,anger,textual,complement_log_weight,7.044457594186288,7.044457594186288,positive,1,1,
C_COMPLEMENT_NB,1,3,113,gut,textual,complement_log_weight,6.854655629470014,6.854655629470014,positive,2,2,
C_COMPLEMENT_NB,1,3,150,learning,textual,complement_log_weight,6.812813060727773,6.812813060727773,positive,3,3,
C_COMPLEMENT_NB,1,3,292,working memory,textual,complement_log_weight,6.810349114748431,6.810349114748431,positive,4,4,
C_COMPLEMENT_NB,1,3,53,cortex,textual,complement_log_weight,6.792755387323296,6.792755387323296,positive,5,5,
C_COMPLEMENT_NB,1,3,205,prefrontal cortex,textual,complement_log_weight,6.783392353762783,6.783392353762783,positive,6,6,
C_COMPLEMENT_NB,1,3,167,lower,textual,complement_log_weight,6.765041384485384,6.765041384485384,positive,7,7,
C_COMPLEMENT_NB,1,3,66,differently,textual,complement_log_weight,6.719766417275527,6.719766417275527,positive,8,8,
C_COMPLEMENT_NB,1,3,107,goes,textual,complement_log_weight,6.718412366952207,6.718412366952207,positive,9,9,
C_COMPLEMENT_NB,1,3,15,alcohol,textual,complement_log_weight,6.708554328843819,6.708554328843819,positive,10,10,
C_COMPLEMENT_NB,1,3,216,relationships,textual,complement_log_weight,6.695898197517707,6.695898197517707,positive,11,11,
C_COMPLEMENT_NB,1,3,157,literally,textual,complement_log_weight,6.6631405445098455,6.6631405445098455,positive,12,12,
C_COMPLEMENT_NB,1,3,88,example,textual,complement_log_weight,6.659103617882866,6.659103617882866,positive,13,13,
C_COMPLEMENT_NB,1,3,254,taking,textual,complement_log_weight,6.646630915814893,6.646630915814893,positive,14,14,
C_COMPLEMENT_NB,1,3,159,little bit,textual,complement_log_weight,6.6353627403829245,6.6353627403829245,positive,15,15,
C_COMPLEMENT_NB,1,3,1,ability,textual,complement_log_weight,6.634505582652557,6.634505582652557,positive,16,16,
C_COMPLEMENT_NB,1,3,213,regulate,textual,complement_log_weight,6.6250607970863244,6.6250607970863244,positive,17,17,
C_COMPLEMENT_NB,1,3,204,point,textual,complement_log_weight,6.623452174658507,6.623452174658507,positive,18,18,
C_COMPLEMENT_NB,1,3,238,starting,textual,complement_log_weight,6.6174786612636805,6.6174786612636805,positive,19,19,
C_COMPLEMENT_NB,1,3,11,adhders,textual,complement_log_weight,6.616025989163504,6.616025989163504,positive,20,20,
C_COMPLEMENT_NB,1,3,114,happens,textual,complement_log_weight,6.603065598617524,6.603065598617524,positive,21,21,
C_COMPLEMENT_NB,1,3,188,normal,textual,complement_log_weight,6.597834107915744,6.597834107915744,positive,22,22,
C_COMPLEMENT_NB,1,3,145,know adhd,textual,complement_log_weight,6.5941075465102745,6.5941075465102745,positive,23,23,
C_COMPLEMENT_NB,1,3,101,food,textual,complement_log_weight,6.585448791660424,6.585448791660424,positive,24,24,
C_COMPLEMENT_NB,1,3,105,gets,textual,complement_log_weight,6.582903175667289,6.582903175667289,positive,25,25,
C_COMPLEMENT_NB,1,3,164,lot people,textual,complement_log_weight,6.582096806920886,6.582096806920886,positive,26,26,
C_COMPLEMENT_NB,1,3,14,affect,textual,complement_log_weight,6.579873653203071,6.579873653203071,positive,27,27,
C_COMPLEMENT_NB,1,3,80,eat,textual,complement_log_weight,6.566485640913912,6.566485640913912,positive,28,28,
C_COMPLEMENT_NB,1,3,54,create,textual,complement_log_weight,6.564643214845643,6.564643214845643,positive,29,29,
C_COMPLEMENT_NB,1,3,152,level,textual,complement_log_weight,6.564634002863537,6.564634002863537,positive,30,30,
C_COMPLEMENT_NB,1,3,40,certain,textual,complement_log_weight,6.562832409589686,6.562832409589686,positive,31,31,
C_COMPLEMENT_NB,1,3,153,levels,textual,complement_log_weight,6.549127372850262,6.549127372850262,positive,32,32,
C_COMPLEMENT_NB,1,3,25,bad,textual,complement_log_weight,6.547647203806845,6.547647203806845,positive,33,33,
C_COMPLEMENT_NB,1,3,240,stay,textual,complement_log_weight,6.545153642228857,6.545153642228857,positive,34,34,
C_COMPLEMENT_NB,1,3,235,small,textual,complement_log_weight,6.544599541231984,6.544599541231984,positive,35,35,
C_COMPLEMENT_NB,1,3,193,overwhelmed,textual,complement_log_weight,6.537605317564592,6.537605317564592,positive,36,36,
C_COMPLEMENT_NB,1,3,75,don know,textual,complement_log_weight,6.5365408823990085,6.5365408823990085,positive,37,37,
C_COMPLEMENT_NB,1,3,263,therapy,textual,complement_log_weight,6.532245665301186,6.532245665301186,positive,38,38,
C_COMPLEMENT_NB,1,3,77,dr,textual,complement_log_weight,6.522219829076657,6.522219829076657,positive,39,39,
C_COMPLEMENT_NB,1,3,197,pay attention,textual,complement_log_weight,6.517694217491087,6.517694217491087,positive,40,40,
C_COMPLEMENT_NB,1,3,39,care,textual,complement_log_weight,6.514126851670494,6.514126851670494,positive,41,41,
C_COMPLEMENT_NB,1,3,31,bit,textual,complement_log_weight,6.512009418402604,6.512009418402604,positive,42,42,
C_COMPLEMENT_NB,1,3,78,dysfunction,textual,complement_log_weight,6.507618823438503,6.507618823438503,positive,43,43,
C_COMPLEMENT_NB,1,3,112,great,textual,complement_log_weight,6.505451497826935,6.505451497826935,positive,44,44,
C_COMPLEMENT_NB,1,3,137,interesting,textual,complement_log_weight,6.5027794437612245,6.5027794437612245,positive,45,45,
C_COMPLEMENT_NB,1,3,125,hours,textual,complement_log_weight,6.500915249570552,6.500915249570552,positive,46,46,
C_COMPLEMENT_NB,1,3,249,stuff,textual,complement_log_weight,6.498670519459438,6.498670519459438,positive,47,47,
C_COMPLEMENT_NB,1,3,229,shame,textual,complement_log_weight,6.493474147338102,6.493474147338102,positive,48,48,
C_COMPLEMENT_NB,1,3,109,gonna,textual,complement_log_weight,6.4892305878352685,6.4892305878352685,positive,49,49,
C_COMPLEMENT_NB,1,3,52,control,textual,complement_log_weight,6.487484420718534,6.487484420718534,positive,50,50,
C_COMPLEMENT_NB,1,3,227,sensitive,textual,complement_log_weight,6.486775424293632,6.486775424293632,positive,51,51,
C_COMPLEMENT_NB,1,3,9,adhd people,textual,complement_log_weight,6.483372387124173,6.483372387124173,positive,52,52,
C_COMPLEMENT_NB,1,3,201,phone,textual,complement_log_weight,6.476430498451087,6.476430498451087,positive,53,53,
C_COMPLEMENT_NB,1,3,81,eating,textual,complement_log_weight,6.4619850651863535,6.4619850651863535,positive,54,54,
C_COMPLEMENT_NB,1,3,121,helpful,textual,complement_log_weight,6.461580325408031,6.461580325408031,positive,55,55,
C_COMPLEMENT_NB,1,3,203,place,textual,complement_log_weight,6.459146001537238,6.459146001537238,positive,56,56,
C_COMPLEMENT_NB,1,3,278,typically,textual,complement_log_weight,6.446104283268481,6.446104283268481,positive,57,57,
C_COMPLEMENT_NB,1,3,98,finally,textual,complement_log_weight,6.444875435541087,6.444875435541087,positive,58,58,
C_COMPLEMENT_NB,1,3,30,big,textual,complement_log_weight,6.443249409721141,6.443249409721141,positive,59,59,
C_COMPLEMENT_NB,1,3,19,ask,textual,complement_log_weight,6.440323820498087,6.440323820498087,positive,60,60,
C_COMPLEMENT_NB,1,3,246,struggling,textual,complement_log_weight,6.4394119605582,6.4394119605582,positive,61,61,
C_COMPLEMENT_NB,1,3,236,social,textual,complement_log_weight,6.432289706177393,6.432289706177393,positive,62,62,
C_COMPLEMENT_NB,1,3,129,impact,textual,complement_log_weight,6.431864103970317,6.431864103970317,positive,63,63,
C_COMPLEMENT_NB,1,3,228,seven,textual,complement_log_weight,6.4272197158977225,6.4272197158977225,positive,64,64,
C_COMPLEMENT_NB,1,3,192,order,textual,complement_log_weight,6.4262696984758785,6.4262696984758785,positive,65,65,
C_COMPLEMENT_NB,1,3,270,thoughts,textual,complement_log_weight,6.426208657839147,6.426208657839147,positive,66,66,
C_COMPLEMENT_NB,1,3,41,change,textual,complement_log_weight,6.426135011510494,6.426135011510494,positive,67,67,
C_COMPLEMENT_NB,1,3,226,sense,textual,complement_log_weight,6.425271691963357,6.425271691963357,positive,68,68,
C_COMPLEMENT_NB,1,3,133,inattentive,textual,complement_log_weight,6.421899683052853,6.421899683052853,positive,69,69,
C_COMPLEMENT_NB,1,3,59,diagnosed adhd,textual,complement_log_weight,6.420021041628066,6.420021041628066,positive,70,70,
C_COMPLEMENT_NB,1,3,64,difference,textual,complement_log_weight,6.416368009530031,6.416368009530031,positive,71,71,
C_COMPLEMENT_NB,1,3,202,physical,textual,complement_log_weight,6.412834567909539,6.412834567909539,positive,72,72,
C_COMPLEMENT_NB,1,3,239,state,textual,complement_log_weight,6.408198725811403,6.408198725811403,positive,73,73,
C_COMPLEMENT_NB,1,3,180,morning,textual,complement_log_weight,6.401893700509473,6.401893700509473,positive,74,74,
C_COMPLEMENT_NB,1,3,49,consequences,textual,complement_log_weight,6.401442458625578,6.401442458625578,positive,75,75,
C_COMPLEMENT_NB,1,3,251,support,textual,complement_log_weight,6.399985791356137,6.399985791356137,positive,76,76,
C_COMPLEMENT_NB,1,3,274,trouble,textual,complement_log_weight,6.396534105251873,6.396534105251873,positive,77,77,
C_COMPLEMENT_NB,1,3,118,health,textual,complement_log_weight,6.395463889392115,6.395463889392115,positive,78,78,
C_COMPLEMENT_NB,1,3,38,calm,textual,complement_log_weight,6.390896631364804,6.390896631364804,positive,79,79,
C_COMPLEMENT_NB,1,3,184,needs,textual,complement_log_weight,6.388471462811915,6.388471462811915,positive,80,80,
C_COMPLEMENT_NB,1,3,135,information,textual,complement_log_weight,6.38339531858036,6.38339531858036,positive,81,81,
C_COMPLEMENT_NB,1,3,281,using,textual,complement_log_weight,6.382313606827984,6.382313606827984,positive,82,82,
C_COMPLEMENT_NB,1,3,196,pay,textual,complement_log_weight,6.380765575837943,6.380765575837943,positive,83,83,
C_COMPLEMENT_NB,1,3,209,protein,textual,complement_log_weight,6.3804688994342635,6.3804688994342635,positive,84,84,
C_COMPLEMENT_NB,1,3,23,avoid,textual,complement_log_weight,6.377960955908804,6.377960955908804,positive,85,85,
C_COMPLEMENT_NB,1,3,250,sugar,textual,complement_log_weight,6.377382086792651,6.377382086792651,positive,86,86,
C_COMPLEMENT_NB,1,3,268,thinking,textual,complement_log_weight,6.376418584657934,6.376418584657934,positive,87,87,
C_COMPLEMENT_NB,1,3,102,foods,textual,complement_log_weight,6.371795646200541,6.371795646200541,positive,88,88,
C_COMPLEMENT_NB,1,3,273,treatment,textual,complement_log_weight,6.369978116985019,6.369978116985019,positive,89,89,
C_COMPLEMENT_NB,1,3,262,test,textual,complement_log_weight,6.366180017852842,6.366180017852842,positive,90,90,
C_COMPLEMENT_NB,1,3,63,diet,textual,complement_log_weight,6.354620908373535,6.354620908373535,positive,91,91,
C_COMPLEMENT_NB,1,3,221,saying,textual,complement_log_weight,6.3535024513574925,6.3535024513574925,positive,92,92,
C_COMPLEMENT_NB,1,3,289,women,textual,complement_log_weight,6.347152791019983,6.347152791019983,positive,93,93,
C_COMPLEMENT_NB,1,3,70,doctor,textual,complement_log_weight,6.345214183524941,6.345214183524941,positive,94,94,
C_COMPLEMENT_NB,1,3,87,everybody,textual,complement_log_weight,6.343565804235974,6.343565804235974,positive,95,95,
C_COMPLEMENT_NB,1,3,7,adhd brains,textual,complement_log_weight,6.3429302566637515,6.3429302566637515,positive,96,96,
C_COMPLEMENT_NB,1,3,12,adult,textual,complement_log_weight,6.342642242445954,6.342642242445954,positive,97,97,
C_COMPLEMENT_NB,1,3,140,job,textual,complement_log_weight,6.339951324673445,6.339951324673445,positive,98,98,
C_COMPLEMENT_NB,1,3,212,reason,textual,complement_log_weight,6.338466242836918,6.338466242836918,positive,99,99,
C_COMPLEMENT_NB,1,3,48,condition,textual,complement_log_weight,6.337402759392266,6.337402759392266,positive,100,100,
C_COMPLEMENT_NB,1,3,90,exercise,textual,complement_log_weight,6.334705194392188,6.334705194392188,positive,101,101,
C_COMPLEMENT_NB,1,3,230,short,textual,complement_log_weight,6.334051243220569,6.334051243220569,positive,102,102,
C_COMPLEMENT_NB,1,3,18,aren,textual,complement_log_weight,6.3326451188111985,6.3326451188111985,positive,103,103,
C_COMPLEMENT_NB,1,3,224,seen,textual,complement_log_weight,6.3305331372719165,6.3305331372719165,positive,104,104,
C_COMPLEMENT_NB,1,3,26,based,textual,complement_log_weight,6.33012182446812,6.33012182446812,positive,105,105,
C_COMPLEMENT_NB,1,3,21,attention deficit,textual,complement_log_weight,6.3250226789167066,6.3250226789167066,positive,106,106,
C_COMPLEMENT_NB,1,3,195,patients,textual,complement_log_weight,6.323486185131182,6.323486185131182,positive,107,107,
C_COMPLEMENT_NB,1,3,288,ways,textual,complement_log_weight,6.321330324579949,6.321330324579949,positive,108,108,
C_COMPLEMENT_NB,1,3,36,caffeine,textual,complement_log_weight,6.321289366802485,6.321289366802485,positive,109,109,
C_COMPLEMENT_NB,1,3,252,sure,textual,complement_log_weight,6.316361109530348,6.316361109530348,positive,110,110,
C_COMPLEMENT_NB,1,3,47,completely,textual,complement_log_weight,6.3134561717878706,6.3134561717878706,positive,111,111,
C_COMPLEMENT_NB,1,3,84,end,textual,complement_log_weight,6.313188430308062,6.313188430308062,positive,112,112,
C_COMPLEMENT_NB,1,3,8,adhd medication,textual,complement_log_weight,6.3128227250173,6.3128227250173,positive,113,113,
C_COMPLEMENT_NB,1,3,147,late,textual,complement_log_weight,6.312774591534329,6.312774591534329,positive,114,114,
C_COMPLEMENT_NB,1,3,37,called,textual,complement_log_weight,6.311096178011892,6.311096178011892,positive,115,115,
C_COMPLEMENT_NB,1,3,126,hyper,textual,complement_log_weight,6.310309147268778,6.310309147268778,positive,116,116,
C_COMPLEMENT_NB,1,3,232,single,textual,complement_log_weight,6.305964636891685,6.305964636891685,positive,117,117,
C_COMPLEMENT_NB,1,3,24,away,textual,complement_log_weight,6.305362704198381,6.305362704198381,positive,118,118,
C_COMPLEMENT_NB,1,3,295,worse,textual,complement_log_weight,6.304327188397623,6.304327188397623,positive,119,119,
C_COMPLEMENT_NB,1,3,62,didn,textual,complement_log_weight,6.302343909069636,6.302343909069636,positive,120,120,
C_COMPLEMENT_NB,1,3,284,ve got,textual,complement_log_weight,6.29926547274129,6.29926547274129,positive,121,121,
C_COMPLEMENT_NB,1,3,248,study,textual,complement_log_weight,6.290923430252782,6.290923430252782,positive,122,122,
C_COMPLEMENT_NB,1,3,61,did,textual,complement_log_weight,6.287036670615876,6.287036670615876,positive,123,123,
C_COMPLEMENT_NB,1,3,139,issues,textual,complement_log_weight,6.286438551384373,6.286438551384373,positive,124,124,
C_COMPLEMENT_NB,1,3,247,studies,textual,complement_log_weight,6.285600932738825,6.285600932738825,positive,125,125,
C_COMPLEMENT_NB,1,3,149,learn,textual,complement_log_weight,6.2850048900150375,6.2850048900150375,positive,126,126,
C_COMPLEMENT_NB,1,3,50,constant,textual,complement_log_weight,6.282106349626223,6.282106349626223,positive,127,127,
C_COMPLEMENT_NB,1,3,45,comes,textual,complement_log_weight,6.280299017347014,6.280299017347014,positive,128,128,
C_COMPLEMENT_NB,1,3,294,world,textual,complement_log_weight,6.279565509857865,6.279565509857865,positive,129,129,
C_COMPLEMENT_NB,1,3,272,times,textual,complement_log_weight,6.274569519911904,6.274569519911904,positive,130,130,
C_COMPLEMENT_NB,1,3,266,things like,textual,complement_log_weight,6.2722120859301445,6.2722120859301445,positive,131,131,
C_COMPLEMENT_NB,1,3,293,works,textual,complement_log_weight,6.270140854978189,6.270140854978189,positive,132,132,
C_COMPLEMENT_NB,1,3,299,yes,textual,complement_log_weight,6.268388677123396,6.268388677123396,positive,133,133,
C_COMPLEMENT_NB,1,3,124,higher,textual,complement_log_weight,6.267915432307796,6.267915432307796,positive,134,134,
C_COMPLEMENT_NB,1,3,156,likely,textual,complement_log_weight,6.2665794283097815,6.2665794283097815,positive,135,135,
C_COMPLEMENT_NB,1,3,296,wrong,textual,complement_log_weight,6.262933709256315,6.262933709256315,positive,136,136,
C_COMPLEMENT_NB,1,3,176,memory,textual,complement_log_weight,6.256424254704924,6.256424254704924,positive,137,137,
C_COMPLEMENT_NB,1,3,215,rejection,textual,complement_log_weight,6.255805117098726,6.255805117098726,positive,138,138,
C_COMPLEMENT_NB,1,3,2,able,textual,complement_log_weight,6.2540500595570725,6.2540500595570725,positive,139,139,
C_COMPLEMENT_NB,1,3,166,low,textual,complement_log_weight,6.243895192937773,6.243895192937773,positive,140,140,
C_COMPLEMENT_NB,1,3,179,minutes,textual,complement_log_weight,6.242356271723838,6.242356271723838,positive,141,141,
C_COMPLEMENT_NB,1,3,119,hear,textual,complement_log_weight,6.241233920206543,6.241233920206543,positive,142,142,
C_COMPLEMENT_NB,1,3,223,second,textual,complement_log_weight,6.235685179684082,6.235685179684082,positive,143,143,
C_COMPLEMENT_NB,1,3,44,come,textual,complement_log_weight,6.234893763111436,6.234893763111436,positive,144,144,
C_COMPLEMENT_NB,1,3,245,struggle,textual,complement_log_weight,6.232499769256344,6.232499769256344,positive,145,145,
C_COMPLEMENT_NB,1,3,269,thought,textual,complement_log_weight,6.223360306111434,6.223360306111434,positive,146,146,
C_COMPLEMENT_NB,1,3,222,school,textual,complement_log_weight,6.22189824440129,6.22189824440129,positive,147,147,
C_COMPLEMENT_NB,1,3,136,instead,textual,complement_log_weight,6.218945121877094,6.218945121877094,positive,148,148,
C_COMPLEMENT_NB,1,3,92,fact,textual,complement_log_weight,6.216950313569382,6.216950313569382,positive,149,149,
C_COMPLEMENT_NB,1,3,86,especially,textual,complement_log_weight,6.213026438150628,6.213026438150628,positive,150,150,
C_COMPLEMENT_NB,1,3,194,pain,textual,complement_log_weight,6.210420127056762,6.210420127056762,positive,151,151,
C_COMPLEMENT_NB,1,3,93,fast,textual,complement_log_weight,6.209971602900293,6.209971602900293,positive,152,152,
C_COMPLEMENT_NB,1,3,104,function,textual,complement_log_weight,6.204144041811764,6.204144041811764,positive,153,153,
C_COMPLEMENT_NB,1,3,282,usually,textual,complement_log_weight,6.2035840658599835,6.2035840658599835,positive,154,154,
C_COMPLEMENT_NB,1,3,181,motivation,textual,complement_log_weight,6.202269385295895,6.202269385295895,positive,155,155,
C_COMPLEMENT_NB,1,3,276,trying,textual,complement_log_weight,6.202062343877064,6.202062343877064,positive,156,156,
C_COMPLEMENT_NB,1,3,131,impulsive,textual,complement_log_weight,6.199332037356509,6.199332037356509,positive,157,157,
C_COMPLEMENT_NB,1,3,177,mental,textual,complement_log_weight,6.198594377285015,6.198594377285015,positive,158,158,
C_COMPLEMENT_NB,1,3,100,follow,textual,complement_log_weight,6.1914077940028145,6.1914077940028145,positive,159,159,
C_COMPLEMENT_NB,1,3,127,hyperactive,textual,complement_log_weight,6.186366704195303,6.186366704195303,positive,160,160,
C_COMPLEMENT_NB,1,3,56,deficit,textual,complement_log_weight,6.185496955659759,6.185496955659759,positive,161,161,
C_COMPLEMENT_NB,1,3,32,body,textual,complement_log_weight,6.18543381567653,6.18543381567653,positive,162,162,
C_COMPLEMENT_NB,1,3,27,behavior,textual,complement_log_weight,6.184408048618623,6.184408048618623,positive,163,163,
C_COMPLEMENT_NB,1,3,46,common,textual,complement_log_weight,6.180618282296902,6.180618282296902,positive,164,164,
C_COMPLEMENT_NB,1,3,207,problem,textual,complement_log_weight,6.180447154527346,6.180447154527346,positive,165,165,
C_COMPLEMENT_NB,1,3,261,term,textual,complement_log_weight,6.179362753771675,6.179362753771675,positive,166,166,
C_COMPLEMENT_NB,1,3,285,video,textual,complement_log_weight,6.179090825203448,6.179090825203448,positive,167,167,
C_COMPLEMENT_NB,1,3,186,neurotypical,textual,complement_log_weight,6.175992102007674,6.175992102007674,positive,168,168,
C_COMPLEMENT_NB,1,3,97,feels,textual,complement_log_weight,6.174427553395914,6.174427553395914,positive,169,169,
C_COMPLEMENT_NB,1,3,190,oh,textual,complement_log_weight,6.17171654675791,6.17171654675791,positive,170,170,
C_COMPLEMENT_NB,1,3,161,long,textual,complement_log_weight,6.170638905855772,6.170638905855772,positive,171,171,
C_COMPLEMENT_NB,1,3,298,years,textual,complement_log_weight,6.1640623557065455,6.1640623557065455,positive,172,172,
C_COMPLEMENT_NB,1,3,233,sit,textual,complement_log_weight,6.1623188993207165,6.1623188993207165,positive,173,173,
C_COMPLEMENT_NB,1,3,96,feeling,textual,complement_log_weight,6.158547309359699,6.158547309359699,positive,174,174,
C_COMPLEMENT_NB,1,3,83,emotions,textual,complement_log_weight,6.156005215990137,6.156005215990137,positive,175,175,
C_COMPLEMENT_NB,1,3,187,new,textual,complement_log_weight,6.150061683159686,6.150061683159686,positive,176,176,
C_COMPLEMENT_NB,1,3,6,adhd brain,textual,complement_log_weight,6.146847151336188,6.146847151336188,positive,177,177,
C_COMPLEMENT_NB,1,3,148,later,textual,complement_log_weight,6.1422664949813885,6.1422664949813885,positive,178,178,
C_COMPLEMENT_NB,1,3,171,maybe,textual,complement_log_weight,6.138392528947836,6.138392528947836,positive,179,179,
C_COMPLEMENT_NB,1,3,57,depression,textual,complement_log_weight,6.13752758908943,6.13752758908943,positive,180,180,
C_COMPLEMENT_NB,1,3,277,type,textual,complement_log_weight,6.136028047414081,6.136028047414081,positive,181,181,
C_COMPLEMENT_NB,1,3,206,probably,textual,complement_log_weight,6.13402945119171,6.13402945119171,positive,182,182,
C_COMPLEMENT_NB,1,3,172,mean,textual,complement_log_weight,6.129920032230823,6.129920032230823,positive,183,183,
C_COMPLEMENT_NB,1,3,191,okay,textual,complement_log_weight,6.125817141330684,6.125817141330684,positive,184,184,
C_COMPLEMENT_NB,1,3,69,distracted,textual,complement_log_weight,6.123609185980816,6.123609185980816,positive,185,185,
C_COMPLEMENT_NB,1,3,214,regulation,textual,complement_log_weight,6.117945778183536,6.117945778183536,positive,186,186,
C_COMPLEMENT_NB,1,3,67,difficulty,textual,complement_log_weight,6.1168745172680286,6.1168745172680286,positive,187,187,
C_COMPLEMENT_NB,1,3,103,forget,textual,complement_log_weight,6.115903485381643,6.115903485381643,positive,188,188,
C_COMPLEMENT_NB,1,3,35,burnout,textual,complement_log_weight,6.114963765836977,6.114963765836977,positive,189,189,
C_COMPLEMENT_NB,1,3,134,increase,textual,complement_log_weight,6.113928404503357,6.113928404503357,positive,190,190,
C_COMPLEMENT_NB,1,3,185,nervous,textual,complement_log_weight,6.111403298285186,6.111403298285186,positive,191,191,
C_COMPLEMENT_NB,1,3,225,self,textual,complement_log_weight,6.105004529157219,6.105004529157219,positive,192,192,
C_COMPLEMENT_NB,1,3,116,harder,textual,complement_log_weight,6.1013031604875065,6.1013031604875065,positive,193,193,
C_COMPLEMENT_NB,1,3,182,music,textual,complement_log_weight,6.092890796523657,6.092890796523657,positive,194,194,
C_COMPLEMENT_NB,1,3,89,executive,textual,complement_log_weight,6.08852067900184,6.08852067900184,positive,195,195,
C_COMPLEMENT_NB,1,3,146,lack,textual,complement_log_weight,6.088038751096035,6.088038751096035,positive,196,196,
C_COMPLEMENT_NB,1,3,275,try,textual,complement_log_weight,6.083084338396217,6.083084338396217,positive,197,197,
C_COMPLEMENT_NB,1,3,291,working,textual,complement_log_weight,6.076638179040829,6.076638179040829,positive,198,198,
C_COMPLEMENT_NB,1,3,130,important,textual,complement_log_weight,6.072107983991229,6.072107983991229,positive,199,199,
C_COMPLEMENT_NB,1,3,43,children,textual,complement_log_weight,6.07132988106303,6.07132988106303,positive,200,200,
C_COMPLEMENT_NB,1,3,243,stop,textual,complement_log_weight,6.069298563537222,6.069298563537222,positive,201,201,
C_COMPLEMENT_NB,1,3,244,stress,textual,complement_log_weight,6.064786354722977,6.064786354722977,positive,202,202,
C_COMPLEMENT_NB,1,3,22,autism,textual,complement_log_weight,6.063172810404019,6.063172810404019,positive,203,203,
C_COMPLEMENT_NB,1,3,28,best,textual,complement_log_weight,6.061555419185779,6.061555419185779,positive,204,204,
C_COMPLEMENT_NB,1,3,169,makes,textual,complement_log_weight,6.061075140821807,6.061075140821807,positive,205,205,
C_COMPLEMENT_NB,1,3,297,yeah,textual,complement_log_weight,6.060396373863258,6.060396373863258,positive,206,206,
C_COMPLEMENT_NB,1,3,79,easily,textual,complement_log_weight,6.0586822240936,6.0586822240936,positive,207,207,
C_COMPLEMENT_NB,1,3,231,signs,textual,complement_log_weight,6.058255115582865,6.058255115582865,positive,208,208,
C_COMPLEMENT_NB,1,3,279,understand,textual,complement_log_weight,6.058161526564734,6.058161526564734,positive,209,209,
C_COMPLEMENT_NB,1,3,85,energy,textual,complement_log_weight,6.0542441890651775,6.0542441890651775,positive,210,210,
C_COMPLEMENT_NB,1,3,173,means,textual,complement_log_weight,6.05207890775868,6.05207890775868,positive,211,211,
C_COMPLEMENT_NB,1,3,178,mind,textual,complement_log_weight,6.049495885536516,6.049495885536516,positive,212,212,
C_COMPLEMENT_NB,1,3,218,research,textual,complement_log_weight,6.0491188785288115,6.0491188785288115,positive,213,213,
C_COMPLEMENT_NB,1,3,256,talking,textual,complement_log_weight,6.045189168530198,6.045189168530198,positive,214,214,
C_COMPLEMENT_NB,1,3,13,adults,textual,complement_log_weight,6.0418151991849465,6.0418151991849465,positive,215,215,
C_COMPLEMENT_NB,1,3,158,little,textual,complement_log_weight,6.040167646280177,6.040167646280177,positive,216,216,
C_COMPLEMENT_NB,1,3,58,diagnosed,textual,complement_log_weight,6.035644947121881,6.035644947121881,positive,217,217,
C_COMPLEMENT_NB,1,3,51,constantly,textual,complement_log_weight,6.03406829210703,6.03406829210703,positive,218,218,
C_COMPLEMENT_NB,1,3,165,love,textual,complement_log_weight,6.027415908613439,6.027415908613439,positive,219,219,
C_COMPLEMENT_NB,1,3,175,medications,textual,complement_log_weight,6.025607440709663,6.025607440709663,positive,220,220,
C_COMPLEMENT_NB,1,3,217,remember,textual,complement_log_weight,6.024472515464852,6.024472515464852,positive,221,221,
C_COMPLEMENT_NB,1,3,170,making,textual,complement_log_weight,6.017833045352728,6.017833045352728,positive,222,222,
C_COMPLEMENT_NB,1,3,115,hard,textual,complement_log_weight,6.014543032252555,6.014543032252555,positive,223,223,
C_COMPLEMENT_NB,1,3,60,diagnosis,textual,complement_log_weight,6.014199333394942,6.014199333394942,positive,224,224,
C_COMPLEMENT_NB,1,3,259,tell,textual,complement_log_weight,6.012944377287523,6.012944377287523,positive,225,225,
C_COMPLEMENT_NB,1,3,0,10,textual,complement_log_weight,6.011361732332558,6.011361732332558,positive,226,226,
C_COMPLEMENT_NB,1,3,122,helps,textual,complement_log_weight,5.996152241692096,5.996152241692096,positive,227,227,
C_COMPLEMENT_NB,1,3,132,impulsivity,textual,complement_log_weight,5.994015296564178,5.994015296564178,positive,228,228,
C_COMPLEMENT_NB,1,3,142,kids,textual,complement_log_weight,5.991187748580568,5.991187748580568,positive,229,229,
C_COMPLEMENT_NB,1,3,95,feel like,textual,complement_log_weight,5.990876555237548,5.990876555237548,positive,230,230,
C_COMPLEMENT_NB,1,3,138,isn,textual,complement_log_weight,5.988360574648496,5.988360574648496,positive,231,231,
C_COMPLEMENT_NB,1,3,29,better,textual,complement_log_weight,5.981064661773744,5.981064661773744,positive,232,232,
C_COMPLEMENT_NB,1,3,242,stimulants,textual,complement_log_weight,5.965526163115393,5.965526163115393,positive,233,233,
C_COMPLEMENT_NB,1,3,91,experience,textual,complement_log_weight,5.93496651732206,5.93496651732206,positive,234,234,
C_COMPLEMENT_NB,1,3,111,got,textual,complement_log_weight,5.929760388105275,5.929760388105275,positive,235,235,
C_COMPLEMENT_NB,1,3,234,sleep,textual,complement_log_weight,5.921675073528923,5.921675073528923,positive,236,236,
C_COMPLEMENT_NB,1,3,255,talk,textual,complement_log_weight,5.90978027671317,5.90978027671317,positive,237,237,
C_COMPLEMENT_NB,1,3,210,real,textual,complement_log_weight,5.908492119287201,5.908492119287201,positive,238,238,
C_COMPLEMENT_NB,1,3,260,tend,textual,complement_log_weight,5.90646077439668,5.90646077439668,positive,239,239,
C_COMPLEMENT_NB,1,3,42,child,textual,complement_log_weight,5.898751849160556,5.898751849160556,positive,240,240,
C_COMPLEMENT_NB,1,3,110,good,textual,complement_log_weight,5.895047822057353,5.895047822057353,positive,241,241,
C_COMPLEMENT_NB,1,3,280,use,textual,complement_log_weight,5.887214461113322,5.887214461113322,positive,242,242,
C_COMPLEMENT_NB,1,3,4,add,textual,complement_log_weight,5.874425338290992,5.874425338290992,positive,243,243,
C_COMPLEMENT_NB,1,3,72,doesn,textual,complement_log_weight,5.869174584012525,5.869174584012525,positive,244,244,
C_COMPLEMENT_NB,1,3,117,having,textual,complement_log_weight,5.866360949515152,5.866360949515152,positive,245,245,
C_COMPLEMENT_NB,1,3,10,adhd symptoms,textual,complement_log_weight,5.8661354876324605,5.8661354876324605,positive,246,246,
C_COMPLEMENT_NB,1,3,34,brains,textual,complement_log_weight,5.847931740103771,5.847931740103771,positive,247,247,
C_COMPLEMENT_NB,1,3,241,stimulant,textual,complement_log_weight,5.842424088113069,5.842424088113069,positive,248,248,
C_COMPLEMENT_NB,1,3,17,anxiety,textual,complement_log_weight,5.839608018483289,5.839608018483289,positive,249,249,
C_COMPLEMENT_NB,1,3,151,let,textual,complement_log_weight,5.8235207964491,5.8235207964491,positive,250,250,
C_COMPLEMENT_NB,1,3,257,task,textual,complement_log_weight,5.822052202980928,5.822052202980928,positive,251,251,
C_COMPLEMENT_NB,1,3,258,tasks,textual,complement_log_weight,5.810062318232242,5.810062318232242,positive,252,252,
C_COMPLEMENT_NB,1,3,143,kind,textual,complement_log_weight,5.807174303723602,5.807174303723602,positive,253,253,
C_COMPLEMENT_NB,1,3,208,problems,textual,complement_log_weight,5.799815012323456,5.799815012323456,positive,254,254,
C_COMPLEMENT_NB,1,3,82,emotional,textual,complement_log_weight,5.793619386933455,5.793619386933455,positive,255,255,
C_COMPLEMENT_NB,1,3,71,does,textual,complement_log_weight,5.793349314722024,5.793349314722024,positive,256,256,
C_COMPLEMENT_NB,1,3,68,disorder,textual,complement_log_weight,5.7933037046833045,5.7933037046833045,positive,257,257,
C_COMPLEMENT_NB,1,3,128,hyperactivity,textual,complement_log_weight,5.786191178702933,5.786191178702933,positive,258,258,
C_COMPLEMENT_NB,1,3,123,high,textual,complement_log_weight,5.7655823354627636,5.7655823354627636,positive,259,259,
C_COMPLEMENT_NB,1,3,73,doing,textual,complement_log_weight,5.741722268422915,5.741722268422915,positive,260,260,
C_COMPLEMENT_NB,1,3,287,way,textual,complement_log_weight,5.740983626588402,5.740983626588402,positive,261,261,
C_COMPLEMENT_NB,1,3,65,different,textual,complement_log_weight,5.714505469302781,5.714505469302781,positive,262,262,
C_COMPLEMENT_NB,1,3,286,want,textual,complement_log_weight,5.698777355270233,5.698777355270233,positive,263,263,
C_COMPLEMENT_NB,1,3,106,getting,textual,complement_log_weight,5.695973049301293,5.695973049301293,positive,264,264,
C_COMPLEMENT_NB,1,3,160,ll,textual,complement_log_weight,5.667838798539539,5.667838798539539,positive,265,265,
C_COMPLEMENT_NB,1,3,264,thing,textual,complement_log_weight,5.6525558360041135,5.6525558360041135,positive,266,266,
C_COMPLEMENT_NB,1,3,220,say,textual,complement_log_weight,5.624505916481845,5.624505916481845,positive,267,267,
C_COMPLEMENT_NB,1,3,168,make,textual,complement_log_weight,5.623906353806637,5.623906353806637,positive,268,268,
C_COMPLEMENT_NB,1,3,200,person,textual,complement_log_weight,5.5893683224043675,5.5893683224043675,positive,269,269,
C_COMPLEMENT_NB,1,3,162,look,textual,complement_log_weight,5.557740831261031,5.557740831261031,positive,270,270,
C_COMPLEMENT_NB,1,3,55,day,textual,complement_log_weight,5.553872290887739,5.553872290887739,positive,271,271,
C_COMPLEMENT_NB,1,3,154,life,textual,complement_log_weight,5.5497866631966835,5.5497866631966835,positive,272,272,
C_COMPLEMENT_NB,1,3,199,people adhd,textual,complement_log_weight,5.539479668664452,5.539479668664452,positive,273,273,
C_COMPLEMENT_NB,1,3,237,start,textual,complement_log_weight,5.5374409863622125,5.5374409863622125,positive,274,274,
C_COMPLEMENT_NB,1,3,219,right,textual,complement_log_weight,5.534464514558187,5.534464514558187,positive,275,275,
C_COMPLEMENT_NB,1,3,99,focus,textual,complement_log_weight,5.504511134566807,5.504511134566807,positive,276,276,
C_COMPLEMENT_NB,1,3,174,medication,textual,complement_log_weight,5.480055707570949,5.480055707570949,positive,277,277,
C_COMPLEMENT_NB,1,3,283,ve,textual,complement_log_weight,5.4734403727308285,5.4734403727308285,positive,278,278,
C_COMPLEMENT_NB,1,3,290,work,textual,complement_log_weight,5.461241302698772,5.461241302698772,positive,279,279,
C_COMPLEMENT_NB,1,3,267,think,textual,complement_log_weight,5.433765029119704,5.433765029119704,positive,280,280,
C_COMPLEMENT_NB,1,3,163,lot,textual,complement_log_weight,5.4232542060986635,5.4232542060986635,positive,281,281,
C_COMPLEMENT_NB,1,3,76,dopamine,textual,complement_log_weight,5.403005886820428,5.403005886820428,positive,282,282,
C_COMPLEMENT_NB,1,3,120,help,textual,complement_log_weight,5.397304501266458,5.397304501266458,positive,283,283,
C_COMPLEMENT_NB,1,3,211,really,textual,complement_log_weight,5.385589545127163,5.385589545127163,positive,284,284,
C_COMPLEMENT_NB,1,3,183,need,textual,complement_log_weight,5.356558650817117,5.356558650817117,positive,285,285,
C_COMPLEMENT_NB,1,3,94,feel,textual,complement_log_weight,5.348301131316604,5.348301131316604,positive,286,286,
C_COMPLEMENT_NB,1,3,20,attention,textual,complement_log_weight,5.333829087654192,5.333829087654192,positive,287,287,
C_COMPLEMENT_NB,1,3,3,actually,textual,complement_log_weight,5.320192752967571,5.320192752967571,positive,288,288,
C_COMPLEMENT_NB,1,3,108,going,textual,complement_log_weight,5.273258406623902,5.273258406623902,positive,289,289,
C_COMPLEMENT_NB,1,3,271,time,textual,complement_log_weight,5.244639957782394,5.244639957782394,positive,290,290,
C_COMPLEMENT_NB,1,3,265,things,textual,complement_log_weight,5.185987971874197,5.185987971874197,positive,291,291,
C_COMPLEMENT_NB,1,3,74,don,textual,complement_log_weight,5.1839228228690715,5.1839228228690715,positive,292,292,
C_COMPLEMENT_NB,1,3,144,know,textual,complement_log_weight,5.142001224143165,5.142001224143165,positive,293,293,
C_COMPLEMENT_NB,1,3,189,number,textual,complement_log_weight,5.057887174010764,5.057887174010764,positive,294,294,
C_COMPLEMENT_NB,1,3,253,symptoms,textual,complement_log_weight,5.029548079945597,5.029548079945597,positive,295,295,
C_COMPLEMENT_NB,1,3,33,brain,textual,complement_log_weight,4.913688096908114,4.913688096908114,positive,296,296,
C_COMPLEMENT_NB,1,3,198,people,textual,complement_log_weight,4.863247949078489,4.863247949078489,positive,297,297,
C_COMPLEMENT_NB,1,3,141,just,textual,complement_log_weight,4.801819387539383,4.801819387539383,positive,298,298,
C_COMPLEMENT_NB,1,3,155,like,textual,complement_log_weight,4.551635451326047,4.551635451326047,positive,299,299,
C_COMPLEMENT_NB,1,3,5,adhd,textual,complement_log_weight,4.09491085506582,4.09491085506582,positive,300,300,
C_COMPLEMENT_NB,1,3,301,hedge_score,handcrafted_linguistic,complement_log_weight,3.655430479578689,3.655430479578689,positive,301,301,
C_COMPLEMENT_NB,1,3,300,certainty_score,handcrafted_linguistic,complement_log_weight,3.5508226956820073,3.5508226956820073,positive,302,302,
C_COMPLEMENT_NB,1,3,302,likes_within_platform_percentile,engagement_or_format,complement_log_weight,2.853785863048233,2.853785863048233,positive,303,303,
C_COMPLEMENT_NB,1,3,303,comments_within_platform_percentile,engagement_or_format,complement_log_weight,2.849287838472592,2.849287838472592,positive,304,304,
C_COMPLEMENT_NB,1,3,304,views_within_platform_percentile,engagement_or_format,complement_log_weight,2.8469963399446603,2.8469963399446603,positive,305,305,
C_COMPLEMENT_NB,1,3,305,duration_sec_within_platform_percentile,engagement_or_format,complement_log_weight,2.8123877861877147,2.8123877861877147,positive,306,306,
C_COMPLEMENT_NB,1,4,109,gonna,textual,complement_log_weight,7.1137213337860326,7.1137213337860326,positive,1,1,
C_COMPLEMENT_NB,1,4,35,burnout,textual,complement_log_weight,7.016364303463659,7.016364303463659,positive,2,2,
C_COMPLEMENT_NB,1,4,269,thought,textual,complement_log_weight,7.0004438459613985,7.0004438459613985,positive,3,3,
C_COMPLEMENT_NB,1,4,24,away,textual,complement_log_weight,6.94748952192031,6.94748952192031,positive,4,4,
C_COMPLEMENT_NB,1,4,23,avoid,textual,complement_log_weight,6.805209082080759,6.805209082080759,positive,5,5,
C_COMPLEMENT_NB,1,4,157,literally,textual,complement_log_weight,6.783133965525775,6.783133965525775,positive,6,6,
C_COMPLEMENT_NB,1,4,112,great,textual,complement_log_weight,6.747509437862315,6.747509437862315,positive,7,7,
C_COMPLEMENT_NB,1,4,229,shame,textual,complement_log_weight,6.742830748795583,6.742830748795583,positive,8,8,
C_COMPLEMENT_NB,1,4,295,worse,textual,complement_log_weight,6.742404556882684,6.742404556882684,positive,9,9,
C_COMPLEMENT_NB,1,4,49,consequences,textual,complement_log_weight,6.7379547552538215,6.7379547552538215,positive,10,10,
C_COMPLEMENT_NB,1,4,11,adhders,textual,complement_log_weight,6.723848194900078,6.723848194900078,positive,11,11,
C_COMPLEMENT_NB,1,4,137,interesting,textual,complement_log_weight,6.716004278454079,6.716004278454079,positive,12,12,
C_COMPLEMENT_NB,1,4,239,state,textual,complement_log_weight,6.698937356090918,6.698937356090918,positive,13,13,
C_COMPLEMENT_NB,1,4,47,completely,textual,complement_log_weight,6.6747229561154,6.6747229561154,positive,14,14,
C_COMPLEMENT_NB,1,4,184,needs,textual,complement_log_weight,6.659858840685554,6.659858840685554,positive,15,15,
C_COMPLEMENT_NB,1,4,201,phone,textual,complement_log_weight,6.655878602693762,6.655878602693762,positive,16,16,
C_COMPLEMENT_NB,1,4,153,levels,textual,complement_log_weight,6.639609184047687,6.639609184047687,positive,17,17,
C_COMPLEMENT_NB,1,4,80,eat,textual,complement_log_weight,6.637806357853802,6.637806357853802,positive,18,18,
C_COMPLEMENT_NB,1,4,232,single,textual,complement_log_weight,6.628756599912055,6.628756599912055,positive,19,19,
C_COMPLEMENT_NB,1,4,203,place,textual,complement_log_weight,6.621599990656258,6.621599990656258,positive,20,20,
C_COMPLEMENT_NB,1,4,9,adhd people,textual,complement_log_weight,6.610106549462168,6.610106549462168,positive,21,21,
C_COMPLEMENT_NB,1,4,235,small,textual,complement_log_weight,6.605046165555577,6.605046165555577,positive,22,22,
C_COMPLEMENT_NB,1,4,181,motivation,textual,complement_log_weight,6.603023574693111,6.603023574693111,positive,23,23,
C_COMPLEMENT_NB,1,4,15,alcohol,textual,complement_log_weight,6.601438279209924,6.601438279209924,positive,24,24,
C_COMPLEMENT_NB,1,4,150,learning,textual,complement_log_weight,6.599868489857358,6.599868489857358,positive,25,25,
C_COMPLEMENT_NB,1,4,75,don know,textual,complement_log_weight,6.590420941564701,6.590420941564701,positive,26,26,
C_COMPLEMENT_NB,1,4,107,goes,textual,complement_log_weight,6.5874658105465125,6.5874658105465125,positive,27,27,
C_COMPLEMENT_NB,1,4,36,caffeine,textual,complement_log_weight,6.581327564674474,6.581327564674474,positive,28,28,
C_COMPLEMENT_NB,1,4,205,prefrontal cortex,textual,complement_log_weight,6.579868305595963,6.579868305595963,positive,29,29,
C_COMPLEMENT_NB,1,4,226,sense,textual,complement_log_weight,6.575881339005719,6.575881339005719,positive,30,30,
C_COMPLEMENT_NB,1,4,135,information,textual,complement_log_weight,6.573257723347404,6.573257723347404,positive,31,31,
C_COMPLEMENT_NB,1,4,90,exercise,textual,complement_log_weight,6.568823927192464,6.568823927192464,positive,32,32,
C_COMPLEMENT_NB,1,4,194,pain,textual,complement_log_weight,6.568143424876623,6.568143424876623,positive,33,33,
C_COMPLEMENT_NB,1,4,54,create,textual,complement_log_weight,6.556875111612691,6.556875111612691,positive,34,34,
C_COMPLEMENT_NB,1,4,212,reason,textual,complement_log_weight,6.556133617192145,6.556133617192145,positive,35,35,
C_COMPLEMENT_NB,1,4,164,lot people,textual,complement_log_weight,6.553213343363712,6.553213343363712,positive,36,36,
C_COMPLEMENT_NB,1,4,244,stress,textual,complement_log_weight,6.543914293487092,6.543914293487092,positive,37,37,
C_COMPLEMENT_NB,1,4,180,morning,textual,complement_log_weight,6.542053346002946,6.542053346002946,positive,38,38,
C_COMPLEMENT_NB,1,4,197,pay attention,textual,complement_log_weight,6.540598401303889,6.540598401303889,positive,39,39,
C_COMPLEMENT_NB,1,4,62,didn,textual,complement_log_weight,6.539325676628544,6.539325676628544,positive,40,40,
C_COMPLEMENT_NB,1,4,221,saying,textual,complement_log_weight,6.536870584253134,6.536870584253134,positive,41,41,
C_COMPLEMENT_NB,1,4,187,new,textual,complement_log_weight,6.5365269399575014,6.5365269399575014,positive,42,42,
C_COMPLEMENT_NB,1,4,7,adhd brains,textual,complement_log_weight,6.531008606784854,6.531008606784854,positive,43,43,
C_COMPLEMENT_NB,1,4,39,care,textual,complement_log_weight,6.52920434027878,6.52920434027878,positive,44,44,
C_COMPLEMENT_NB,1,4,185,nervous,textual,complement_log_weight,6.5276296951687005,6.5276296951687005,positive,45,45,
C_COMPLEMENT_NB,1,4,38,calm,textual,complement_log_weight,6.526141130225529,6.526141130225529,positive,46,46,
C_COMPLEMENT_NB,1,4,159,little bit,textual,complement_log_weight,6.523049777376905,6.523049777376905,positive,47,47,
C_COMPLEMENT_NB,1,4,26,based,textual,complement_log_weight,6.519147710064482,6.519147710064482,positive,48,48,
C_COMPLEMENT_NB,1,4,105,gets,textual,complement_log_weight,6.517982162612584,6.517982162612584,positive,49,49,
C_COMPLEMENT_NB,1,4,251,support,textual,complement_log_weight,6.516510427179592,6.516510427179592,positive,50,50,
C_COMPLEMENT_NB,1,4,192,order,textual,complement_log_weight,6.509553702402441,6.509553702402441,positive,51,51,
C_COMPLEMENT_NB,1,4,84,end,textual,complement_log_weight,6.508692771050033,6.508692771050033,positive,52,52,
C_COMPLEMENT_NB,1,4,213,regulate,textual,complement_log_weight,6.501840118171817,6.501840118171817,positive,53,53,
C_COMPLEMENT_NB,1,4,236,social,textual,complement_log_weight,6.498744338245912,6.498744338245912,positive,54,54,
C_COMPLEMENT_NB,1,4,118,health,textual,complement_log_weight,6.490229058756656,6.490229058756656,positive,55,55,
C_COMPLEMENT_NB,1,4,148,later,textual,complement_log_weight,6.486250118509159,6.486250118509159,positive,56,56,
C_COMPLEMENT_NB,1,4,171,maybe,textual,complement_log_weight,6.4851902250564875,6.4851902250564875,positive,57,57,
C_COMPLEMENT_NB,1,4,50,constant,textual,complement_log_weight,6.485178167094907,6.485178167094907,positive,58,58,
C_COMPLEMENT_NB,1,4,28,best,textual,complement_log_weight,6.484427081940984,6.484427081940984,positive,59,59,
C_COMPLEMENT_NB,1,4,92,fact,textual,complement_log_weight,6.483347221977691,6.483347221977691,positive,60,60,
C_COMPLEMENT_NB,1,4,18,aren,textual,complement_log_weight,6.480041963946846,6.480041963946846,positive,61,61,
C_COMPLEMENT_NB,1,4,53,cortex,textual,complement_log_weight,6.4786560596206595,6.4786560596206595,positive,62,62,
C_COMPLEMENT_NB,1,4,129,impact,textual,complement_log_weight,6.475551656346196,6.475551656346196,positive,63,63,
C_COMPLEMENT_NB,1,4,104,function,textual,complement_log_weight,6.4755396607447,6.4755396607447,positive,64,64,
C_COMPLEMENT_NB,1,4,188,normal,textual,complement_log_weight,6.47437583765982,6.47437583765982,positive,65,65,
C_COMPLEMENT_NB,1,4,125,hours,textual,complement_log_weight,6.472350022987162,6.472350022987162,positive,66,66,
C_COMPLEMENT_NB,1,4,78,dysfunction,textual,complement_log_weight,6.4673821748770575,6.4673821748770575,positive,67,67,
C_COMPLEMENT_NB,1,4,284,ve got,textual,complement_log_weight,6.461878821212559,6.461878821212559,positive,68,68,
C_COMPLEMENT_NB,1,4,292,working memory,textual,complement_log_weight,6.456849969236763,6.456849969236763,positive,69,69,
C_COMPLEMENT_NB,1,4,85,energy,textual,complement_log_weight,6.447728601362031,6.447728601362031,positive,70,70,
C_COMPLEMENT_NB,1,4,140,job,textual,complement_log_weight,6.445765864063641,6.445765864063641,positive,71,71,
C_COMPLEMENT_NB,1,4,126,hyper,textual,complement_log_weight,6.4435272436057085,6.4435272436057085,positive,72,72,
C_COMPLEMENT_NB,1,4,247,studies,textual,complement_log_weight,6.44332016248408,6.44332016248408,positive,73,73,
C_COMPLEMENT_NB,1,4,240,stay,textual,complement_log_weight,6.44047659000027,6.44047659000027,positive,74,74,
C_COMPLEMENT_NB,1,4,19,ask,textual,complement_log_weight,6.439695845521014,6.439695845521014,positive,75,75,
C_COMPLEMENT_NB,1,4,167,lower,textual,complement_log_weight,6.431609266930719,6.431609266930719,positive,76,76,
C_COMPLEMENT_NB,1,4,249,stuff,textual,complement_log_weight,6.422545256412341,6.422545256412341,positive,77,77,
C_COMPLEMENT_NB,1,4,59,diagnosed adhd,textual,complement_log_weight,6.422192511199935,6.422192511199935,positive,78,78,
C_COMPLEMENT_NB,1,4,296,wrong,textual,complement_log_weight,6.417308848656396,6.417308848656396,positive,79,79,
C_COMPLEMENT_NB,1,4,263,therapy,textual,complement_log_weight,6.4068185285735995,6.4068185285735995,positive,80,80,
C_COMPLEMENT_NB,1,4,178,mind,textual,complement_log_weight,6.406611134419187,6.406611134419187,positive,81,81,
C_COMPLEMENT_NB,1,4,1,ability,textual,complement_log_weight,6.400405725472678,6.400405725472678,positive,82,82,
C_COMPLEMENT_NB,1,4,122,helps,textual,complement_log_weight,6.396790098370281,6.396790098370281,positive,83,83,
C_COMPLEMENT_NB,1,4,14,affect,textual,complement_log_weight,6.3964897910731064,6.3964897910731064,positive,84,84,
C_COMPLEMENT_NB,1,4,243,stop,textual,complement_log_weight,6.385636784912713,6.385636784912713,positive,85,85,
C_COMPLEMENT_NB,1,4,233,sit,textual,complement_log_weight,6.38435860590626,6.38435860590626,positive,86,86,
C_COMPLEMENT_NB,1,4,6,adhd brain,textual,complement_log_weight,6.372723069043873,6.372723069043873,positive,87,87,
C_COMPLEMENT_NB,1,4,238,starting,textual,complement_log_weight,6.3680932427543055,6.3680932427543055,positive,88,88,
C_COMPLEMENT_NB,1,4,119,hear,textual,complement_log_weight,6.367514168119134,6.367514168119134,positive,89,89,
C_COMPLEMENT_NB,1,4,293,works,textual,complement_log_weight,6.362919034200717,6.362919034200717,positive,90,90,
C_COMPLEMENT_NB,1,4,227,sensitive,textual,complement_log_weight,6.354333575990241,6.354333575990241,positive,91,91,
C_COMPLEMENT_NB,1,4,145,know adhd,textual,complement_log_weight,6.351847680490837,6.351847680490837,positive,92,92,
C_COMPLEMENT_NB,1,4,246,struggling,textual,complement_log_weight,6.348895366542101,6.348895366542101,positive,93,93,
C_COMPLEMENT_NB,1,4,275,try,textual,complement_log_weight,6.346790781738967,6.346790781738967,positive,94,94,
C_COMPLEMENT_NB,1,4,32,body,textual,complement_log_weight,6.344104850682406,6.344104850682406,positive,95,95,
C_COMPLEMENT_NB,1,4,44,come,textual,complement_log_weight,6.341944191327177,6.341944191327177,positive,96,96,
C_COMPLEMENT_NB,1,4,16,anger,textual,complement_log_weight,6.339613868041458,6.339613868041458,positive,97,97,
C_COMPLEMENT_NB,1,4,41,change,textual,complement_log_weight,6.332791500079583,6.332791500079583,positive,98,98,
C_COMPLEMENT_NB,1,4,77,dr,textual,complement_log_weight,6.332732721375891,6.332732721375891,positive,99,99,
C_COMPLEMENT_NB,1,4,165,love,textual,complement_log_weight,6.33167528874477,6.33167528874477,positive,100,100,
C_COMPLEMENT_NB,1,4,81,eating,textual,complement_log_weight,6.326564500756138,6.326564500756138,positive,101,101,
C_COMPLEMENT_NB,1,4,173,means,textual,complement_log_weight,6.322818261173069,6.322818261173069,positive,102,102,
C_COMPLEMENT_NB,1,4,281,using,textual,complement_log_weight,6.322044792802279,6.322044792802279,positive,103,103,
C_COMPLEMENT_NB,1,4,288,ways,textual,complement_log_weight,6.321776194130371,6.321776194130371,positive,104,104,
C_COMPLEMENT_NB,1,4,37,called,textual,complement_log_weight,6.319225619328285,6.319225619328285,positive,105,105,
C_COMPLEMENT_NB,1,4,272,times,textual,complement_log_weight,6.318444683295709,6.318444683295709,positive,106,106,
C_COMPLEMENT_NB,1,4,250,sugar,textual,complement_log_weight,6.318328055084939,6.318328055084939,positive,107,107,
C_COMPLEMENT_NB,1,4,196,pay,textual,complement_log_weight,6.315035354558178,6.315035354558178,positive,108,108,
C_COMPLEMENT_NB,1,4,31,bit,textual,complement_log_weight,6.313510333915493,6.313510333915493,positive,109,109,
C_COMPLEMENT_NB,1,4,273,treatment,textual,complement_log_weight,6.312170329591259,6.312170329591259,positive,110,110,
C_COMPLEMENT_NB,1,4,97,feels,textual,complement_log_weight,6.312114826963002,6.312114826963002,positive,111,111,
C_COMPLEMENT_NB,1,4,191,okay,textual,complement_log_weight,6.304058811825607,6.304058811825607,positive,112,112,
C_COMPLEMENT_NB,1,4,66,differently,textual,complement_log_weight,6.299855934591916,6.299855934591916,positive,113,113,
C_COMPLEMENT_NB,1,4,186,neurotypical,textual,complement_log_weight,6.29849249146515,6.29849249146515,positive,114,114,
C_COMPLEMENT_NB,1,4,270,thoughts,textual,complement_log_weight,6.294880505247175,6.294880505247175,positive,115,115,
C_COMPLEMENT_NB,1,4,166,low,textual,complement_log_weight,6.287737365944712,6.287737365944712,positive,116,116,
C_COMPLEMENT_NB,1,4,202,physical,textual,complement_log_weight,6.284524548247007,6.284524548247007,positive,117,117,
C_COMPLEMENT_NB,1,4,152,level,textual,complement_log_weight,6.284368130085329,6.284368130085329,positive,118,118,
C_COMPLEMENT_NB,1,4,102,foods,textual,complement_log_weight,6.281699696325338,6.281699696325338,positive,119,119,
C_COMPLEMENT_NB,1,4,114,happens,textual,complement_log_weight,6.281219755550683,6.281219755550683,positive,120,120,
C_COMPLEMENT_NB,1,4,27,behavior,textual,complement_log_weight,6.279657771678184,6.279657771678184,positive,121,121,
C_COMPLEMENT_NB,1,4,278,typically,textual,complement_log_weight,6.278575675555757,6.278575675555757,positive,122,122,
C_COMPLEMENT_NB,1,4,193,overwhelmed,textual,complement_log_weight,6.276243196358191,6.276243196358191,positive,123,123,
C_COMPLEMENT_NB,1,4,294,world,textual,complement_log_weight,6.2725519028908785,6.2725519028908785,positive,124,124,
C_COMPLEMENT_NB,1,4,64,difference,textual,complement_log_weight,6.266596464182803,6.266596464182803,positive,125,125,
C_COMPLEMENT_NB,1,4,228,seven,textual,complement_log_weight,6.264685912175342,6.264685912175342,positive,126,126,
C_COMPLEMENT_NB,1,4,195,patients,textual,complement_log_weight,6.263658694184917,6.263658694184917,positive,127,127,
C_COMPLEMENT_NB,1,4,204,point,textual,complement_log_weight,6.26167250958158,6.26167250958158,positive,128,128,
C_COMPLEMENT_NB,1,4,291,working,textual,complement_log_weight,6.261503899327783,6.261503899327783,positive,129,129,
C_COMPLEMENT_NB,1,4,121,helpful,textual,complement_log_weight,6.261145476910301,6.261145476910301,positive,130,130,
C_COMPLEMENT_NB,1,4,61,did,textual,complement_log_weight,6.242330481302984,6.242330481302984,positive,131,131,
C_COMPLEMENT_NB,1,4,282,usually,textual,complement_log_weight,6.240253981140953,6.240253981140953,positive,132,132,
C_COMPLEMENT_NB,1,4,179,minutes,textual,complement_log_weight,6.238852204032009,6.238852204032009,positive,133,133,
C_COMPLEMENT_NB,1,4,30,big,textual,complement_log_weight,6.238206344432919,6.238206344432919,positive,134,134,
C_COMPLEMENT_NB,1,4,170,making,textual,complement_log_weight,6.2381001012123,6.2381001012123,positive,135,135,
C_COMPLEMENT_NB,1,4,216,relationships,textual,complement_log_weight,6.233083704751725,6.233083704751725,positive,136,136,
C_COMPLEMENT_NB,1,4,149,learn,textual,complement_log_weight,6.23222148078099,6.23222148078099,positive,137,137,
C_COMPLEMENT_NB,1,4,100,follow,textual,complement_log_weight,6.231679327017485,6.231679327017485,positive,138,138,
C_COMPLEMENT_NB,1,4,169,makes,textual,complement_log_weight,6.227795230563317,6.227795230563317,positive,139,139,
C_COMPLEMENT_NB,1,4,225,self,textual,complement_log_weight,6.225444888491491,6.225444888491491,positive,140,140,
C_COMPLEMENT_NB,1,4,40,certain,textual,complement_log_weight,6.2245154372438085,6.2245154372438085,positive,141,141,
C_COMPLEMENT_NB,1,4,98,finally,textual,complement_log_weight,6.220510840897382,6.220510840897382,positive,142,142,
C_COMPLEMENT_NB,1,4,2,able,textual,complement_log_weight,6.220291951083879,6.220291951083879,positive,143,143,
C_COMPLEMENT_NB,1,4,146,lack,textual,complement_log_weight,6.219747538989202,6.219747538989202,positive,144,144,
C_COMPLEMENT_NB,1,4,224,seen,textual,complement_log_weight,6.219489128704289,6.219489128704289,positive,145,145,
C_COMPLEMENT_NB,1,4,266,things like,textual,complement_log_weight,6.216349899041492,6.216349899041492,positive,146,146,
C_COMPLEMENT_NB,1,4,79,easily,textual,complement_log_weight,6.2156690381734485,6.2156690381734485,positive,147,147,
C_COMPLEMENT_NB,1,4,161,long,textual,complement_log_weight,6.214635855199854,6.214635855199854,positive,148,148,
C_COMPLEMENT_NB,1,4,25,bad,textual,complement_log_weight,6.200566123657846,6.200566123657846,positive,149,149,
C_COMPLEMENT_NB,1,4,116,harder,textual,complement_log_weight,6.199901525768473,6.199901525768473,positive,150,150,
C_COMPLEMENT_NB,1,4,177,mental,textual,complement_log_weight,6.195391051670838,6.195391051670838,positive,151,151,
C_COMPLEMENT_NB,1,4,215,rejection,textual,complement_log_weight,6.194413851245954,6.194413851245954,positive,152,152,
C_COMPLEMENT_NB,1,4,297,yeah,textual,complement_log_weight,6.190096556769536,6.190096556769536,positive,153,153,
C_COMPLEMENT_NB,1,4,142,kids,textual,complement_log_weight,6.189900999334607,6.189900999334607,positive,154,154,
C_COMPLEMENT_NB,1,4,86,especially,textual,complement_log_weight,6.189313504885245,6.189313504885245,positive,155,155,
C_COMPLEMENT_NB,1,4,299,yes,textual,complement_log_weight,6.186557550763513,6.186557550763513,positive,156,156,
C_COMPLEMENT_NB,1,4,298,years,textual,complement_log_weight,6.185845489634672,6.185845489634672,positive,157,157,
C_COMPLEMENT_NB,1,4,218,research,textual,complement_log_weight,6.180799867003018,6.180799867003018,positive,158,158,
C_COMPLEMENT_NB,1,4,21,attention deficit,textual,complement_log_weight,6.1794521749096365,6.1794521749096365,positive,159,159,
C_COMPLEMENT_NB,1,4,96,feeling,textual,complement_log_weight,6.1771691679299705,6.1771691679299705,positive,160,160,
C_COMPLEMENT_NB,1,4,88,example,textual,complement_log_weight,6.175691772347358,6.175691772347358,positive,161,161,
C_COMPLEMENT_NB,1,4,34,brains,textual,complement_log_weight,6.174829156849743,6.174829156849743,positive,162,162,
C_COMPLEMENT_NB,1,4,268,thinking,textual,complement_log_weight,6.170171385844987,6.170171385844987,positive,163,163,
C_COMPLEMENT_NB,1,4,230,short,textual,complement_log_weight,6.166515928533779,6.166515928533779,positive,164,164,
C_COMPLEMENT_NB,1,4,51,constantly,textual,complement_log_weight,6.166011888476521,6.166011888476521,positive,165,165,
C_COMPLEMENT_NB,1,4,138,isn,textual,complement_log_weight,6.160825477217295,6.160825477217295,positive,166,166,
C_COMPLEMENT_NB,1,4,136,instead,textual,complement_log_weight,6.159099858784872,6.159099858784872,positive,167,167,
C_COMPLEMENT_NB,1,4,12,adult,textual,complement_log_weight,6.154898817031516,6.154898817031516,positive,168,168,
C_COMPLEMENT_NB,1,4,261,term,textual,complement_log_weight,6.146198987777059,6.146198987777059,positive,169,169,
C_COMPLEMENT_NB,1,4,70,doctor,textual,complement_log_weight,6.145062731334442,6.145062731334442,positive,170,170,
C_COMPLEMENT_NB,1,4,87,everybody,textual,complement_log_weight,6.141151178216978,6.141151178216978,positive,171,171,
C_COMPLEMENT_NB,1,4,254,taking,textual,complement_log_weight,6.140851257268404,6.140851257268404,positive,172,172,
C_COMPLEMENT_NB,1,4,89,executive,textual,complement_log_weight,6.136418554767231,6.136418554767231,positive,173,173,
C_COMPLEMENT_NB,1,4,147,late,textual,complement_log_weight,6.133958653044189,6.133958653044189,positive,174,174,
C_COMPLEMENT_NB,1,4,8,adhd medication,textual,complement_log_weight,6.132894655285659,6.132894655285659,positive,175,175,
C_COMPLEMENT_NB,1,4,0,10,textual,complement_log_weight,6.131529363182282,6.131529363182282,positive,176,176,
C_COMPLEMENT_NB,1,4,245,struggle,textual,complement_log_weight,6.130085354353083,6.130085354353083,positive,177,177,
C_COMPLEMENT_NB,1,4,206,probably,textual,complement_log_weight,6.12519729597368,6.12519729597368,positive,178,178,
C_COMPLEMENT_NB,1,4,223,second,textual,complement_log_weight,6.115799744005242,6.115799744005242,positive,179,179,
C_COMPLEMENT_NB,1,4,190,oh,textual,complement_log_weight,6.114233308606383,6.114233308606383,positive,180,180,
C_COMPLEMENT_NB,1,4,95,feel like,textual,complement_log_weight,6.112943798097103,6.112943798097103,positive,181,181,
C_COMPLEMENT_NB,1,4,101,food,textual,complement_log_weight,6.110607934052763,6.110607934052763,positive,182,182,
C_COMPLEMENT_NB,1,4,52,control,textual,complement_log_weight,6.110021033333113,6.110021033333113,positive,183,183,
C_COMPLEMENT_NB,1,4,124,higher,textual,complement_log_weight,6.104551125990053,6.104551125990053,positive,184,184,
C_COMPLEMENT_NB,1,4,56,deficit,textual,complement_log_weight,6.102122640859238,6.102122640859238,positive,185,185,
C_COMPLEMENT_NB,1,4,279,understand,textual,complement_log_weight,6.101240019281707,6.101240019281707,positive,186,186,
C_COMPLEMENT_NB,1,4,285,video,textual,complement_log_weight,6.099289887596726,6.099289887596726,positive,187,187,
C_COMPLEMENT_NB,1,4,259,tell,textual,complement_log_weight,6.098479180876546,6.098479180876546,positive,188,188,
C_COMPLEMENT_NB,1,4,214,regulation,textual,complement_log_weight,6.097483015805799,6.097483015805799,positive,189,189,
C_COMPLEMENT_NB,1,4,93,fast,textual,complement_log_weight,6.092984148146032,6.092984148146032,positive,190,190,
C_COMPLEMENT_NB,1,4,113,gut,textual,complement_log_weight,6.091672052934005,6.091672052934005,positive,191,191,
C_COMPLEMENT_NB,1,4,48,condition,textual,complement_log_weight,6.0906723844455835,6.0906723844455835,positive,192,192,
C_COMPLEMENT_NB,1,4,43,children,textual,complement_log_weight,6.087178070665903,6.087178070665903,positive,193,193,
C_COMPLEMENT_NB,1,4,133,inattentive,textual,complement_log_weight,6.079528091046206,6.079528091046206,positive,194,194,
C_COMPLEMENT_NB,1,4,172,mean,textual,complement_log_weight,6.078606370738542,6.078606370738542,positive,195,195,
C_COMPLEMENT_NB,1,4,217,remember,textual,complement_log_weight,6.070961153219921,6.070961153219921,positive,196,196,
C_COMPLEMENT_NB,1,4,289,women,textual,complement_log_weight,6.046906758740707,6.046906758740707,positive,197,197,
C_COMPLEMENT_NB,1,4,248,study,textual,complement_log_weight,6.046091858411591,6.046091858411591,positive,198,198,
C_COMPLEMENT_NB,1,4,156,likely,textual,complement_log_weight,6.0413036333786785,6.0413036333786785,positive,199,199,
C_COMPLEMENT_NB,1,4,277,type,textual,complement_log_weight,6.037208831375222,6.037208831375222,positive,200,200,
C_COMPLEMENT_NB,1,4,257,task,textual,complement_log_weight,6.036674755068084,6.036674755068084,positive,201,201,
C_COMPLEMENT_NB,1,4,274,trouble,textual,complement_log_weight,6.033620330746373,6.033620330746373,positive,202,202,
C_COMPLEMENT_NB,1,4,69,distracted,textual,complement_log_weight,6.033120819300288,6.033120819300288,positive,203,203,
C_COMPLEMENT_NB,1,4,17,anxiety,textual,complement_log_weight,6.0321636087536,6.0321636087536,positive,204,204,
C_COMPLEMENT_NB,1,4,103,forget,textual,complement_log_weight,6.031211314330013,6.031211314330013,positive,205,205,
C_COMPLEMENT_NB,1,4,158,little,textual,complement_log_weight,6.028929574732968,6.028929574732968,positive,206,206,
C_COMPLEMENT_NB,1,4,111,got,textual,complement_log_weight,6.020406140282016,6.020406140282016,positive,207,207,
C_COMPLEMENT_NB,1,4,262,test,textual,complement_log_weight,6.015343946960575,6.015343946960575,positive,208,208,
C_COMPLEMENT_NB,1,4,134,increase,textual,complement_log_weight,6.011237818962495,6.011237818962495,positive,209,209,
C_COMPLEMENT_NB,1,4,57,depression,textual,complement_log_weight,6.006711732375027,6.006711732375027,positive,210,210,
C_COMPLEMENT_NB,1,4,115,hard,textual,complement_log_weight,6.003084724247084,6.003084724247084,positive,211,211,
C_COMPLEMENT_NB,1,4,209,protein,textual,complement_log_weight,5.980780453243448,5.980780453243448,positive,212,212,
C_COMPLEMENT_NB,1,4,175,medications,textual,complement_log_weight,5.98069445732862,5.98069445732862,positive,213,213,
C_COMPLEMENT_NB,1,4,207,problem,textual,complement_log_weight,5.976644058304309,5.976644058304309,positive,214,214,
C_COMPLEMENT_NB,1,4,252,sure,textual,complement_log_weight,5.976545066312819,5.976545066312819,positive,215,215,
C_COMPLEMENT_NB,1,4,143,kind,textual,complement_log_weight,5.9720612995612266,5.9720612995612266,positive,216,216,
C_COMPLEMENT_NB,1,4,123,high,textual,complement_log_weight,5.9699256645044185,5.9699256645044185,positive,217,217,
C_COMPLEMENT_NB,1,4,220,say,textual,complement_log_weight,5.969725710870739,5.969725710870739,positive,218,218,
C_COMPLEMENT_NB,1,4,117,having,textual,complement_log_weight,5.964290915278605,5.964290915278605,positive,219,219,
C_COMPLEMENT_NB,1,4,73,doing,textual,complement_log_weight,5.963408651588306,5.963408651588306,positive,220,220,
C_COMPLEMENT_NB,1,4,63,diet,textual,complement_log_weight,5.960788217148992,5.960788217148992,positive,221,221,
C_COMPLEMENT_NB,1,4,132,impulsivity,textual,complement_log_weight,5.957570565724229,5.957570565724229,positive,222,222,
C_COMPLEMENT_NB,1,4,22,autism,textual,complement_log_weight,5.957285100945125,5.957285100945125,positive,223,223,
C_COMPLEMENT_NB,1,4,276,trying,textual,complement_log_weight,5.957215363214479,5.957215363214479,positive,224,224,
C_COMPLEMENT_NB,1,4,29,better,textual,complement_log_weight,5.945135952456333,5.945135952456333,positive,225,225,
C_COMPLEMENT_NB,1,4,210,real,textual,complement_log_weight,5.93329873585518,5.93329873585518,positive,226,226,
C_COMPLEMENT_NB,1,4,260,tend,textual,complement_log_weight,5.929268688415178,5.929268688415178,positive,227,227,
C_COMPLEMENT_NB,1,4,182,music,textual,complement_log_weight,5.924506404546194,5.924506404546194,positive,228,228,
C_COMPLEMENT_NB,1,4,4,add,textual,complement_log_weight,5.922430399557337,5.922430399557337,positive,229,229,
C_COMPLEMENT_NB,1,4,280,use,textual,complement_log_weight,5.922082594785372,5.922082594785372,positive,230,230,
C_COMPLEMENT_NB,1,4,222,school,textual,complement_log_weight,5.919556898739083,5.919556898739083,positive,231,231,
C_COMPLEMENT_NB,1,4,45,comes,textual,complement_log_weight,5.912742786792784,5.912742786792784,positive,232,232,
C_COMPLEMENT_NB,1,4,131,impulsive,textual,complement_log_weight,5.9116413452009455,5.9116413452009455,positive,233,233,
C_COMPLEMENT_NB,1,4,139,issues,textual,complement_log_weight,5.889714309124123,5.889714309124123,positive,234,234,
C_COMPLEMENT_NB,1,4,255,talk,textual,complement_log_weight,5.882222493566083,5.882222493566083,positive,235,235,
C_COMPLEMENT_NB,1,4,176,memory,textual,complement_log_weight,5.879767422244597,5.879767422244597,positive,236,236,
C_COMPLEMENT_NB,1,4,127,hyperactive,textual,complement_log_weight,5.876739951177944,5.876739951177944,positive,237,237,
C_COMPLEMENT_NB,1,4,58,diagnosed,textual,complement_log_weight,5.872389452398166,5.872389452398166,positive,238,238,
C_COMPLEMENT_NB,1,4,46,common,textual,complement_log_weight,5.872367150106222,5.872367150106222,positive,239,239,
C_COMPLEMENT_NB,1,4,72,doesn,textual,complement_log_weight,5.869301509566679,5.869301509566679,positive,240,240,
C_COMPLEMENT_NB,1,4,242,stimulants,textual,complement_log_weight,5.867722133383534,5.867722133383534,positive,241,241,
C_COMPLEMENT_NB,1,4,258,tasks,textual,complement_log_weight,5.867503778066556,5.867503778066556,positive,242,242,
C_COMPLEMENT_NB,1,4,42,child,textual,complement_log_weight,5.852571364716636,5.852571364716636,positive,243,243,
C_COMPLEMENT_NB,1,4,130,important,textual,complement_log_weight,5.851841189182176,5.851841189182176,positive,244,244,
C_COMPLEMENT_NB,1,4,71,does,textual,complement_log_weight,5.844652516571557,5.844652516571557,positive,245,245,
C_COMPLEMENT_NB,1,4,83,emotions,textual,complement_log_weight,5.842916794742309,5.842916794742309,positive,246,246,
C_COMPLEMENT_NB,1,4,13,adults,textual,complement_log_weight,5.841852027527487,5.841852027527487,positive,247,247,
C_COMPLEMENT_NB,1,4,256,talking,textual,complement_log_weight,5.835352700528574,5.835352700528574,positive,248,248,
C_COMPLEMENT_NB,1,4,231,signs,textual,complement_log_weight,5.834600987766904,5.834600987766904,positive,249,249,
C_COMPLEMENT_NB,1,4,67,difficulty,textual,complement_log_weight,5.8341262960046425,5.8341262960046425,positive,250,250,
C_COMPLEMENT_NB,1,4,208,problems,textual,complement_log_weight,5.831350445882285,5.831350445882285,positive,251,251,
C_COMPLEMENT_NB,1,4,241,stimulant,textual,complement_log_weight,5.829915630016812,5.829915630016812,positive,252,252,
C_COMPLEMENT_NB,1,4,110,good,textual,complement_log_weight,5.826488392124351,5.826488392124351,positive,253,253,
C_COMPLEMENT_NB,1,4,287,way,textual,complement_log_weight,5.764050441962775,5.764050441962775,positive,254,254,
C_COMPLEMENT_NB,1,4,91,experience,textual,complement_log_weight,5.757119668742485,5.757119668742485,positive,255,255,
C_COMPLEMENT_NB,1,4,151,let,textual,complement_log_weight,5.753135908836439,5.753135908836439,positive,256,256,
C_COMPLEMENT_NB,1,4,237,start,textual,complement_log_weight,5.721426664880927,5.721426664880927,positive,257,257,
C_COMPLEMENT_NB,1,4,55,day,textual,complement_log_weight,5.717625791688797,5.717625791688797,positive,258,258,
C_COMPLEMENT_NB,1,4,160,ll,textual,complement_log_weight,5.7142779199375635,5.7142779199375635,positive,259,259,
C_COMPLEMENT_NB,1,4,200,person,textual,complement_log_weight,5.708722804380411,5.708722804380411,positive,260,260,
C_COMPLEMENT_NB,1,4,60,diagnosis,textual,complement_log_weight,5.706794728453868,5.706794728453868,positive,261,261,
C_COMPLEMENT_NB,1,4,286,want,textual,complement_log_weight,5.698795801934259,5.698795801934259,positive,262,262,
C_COMPLEMENT_NB,1,4,219,right,textual,complement_log_weight,5.684465680652799,5.684465680652799,positive,263,263,
C_COMPLEMENT_NB,1,4,68,disorder,textual,complement_log_weight,5.673264100741422,5.673264100741422,positive,264,264,
C_COMPLEMENT_NB,1,4,154,life,textual,complement_log_weight,5.669880593121323,5.669880593121323,positive,265,265,
C_COMPLEMENT_NB,1,4,65,different,textual,complement_log_weight,5.669562131838708,5.669562131838708,positive,266,266,
C_COMPLEMENT_NB,1,4,283,ve,textual,complement_log_weight,5.668474049612603,5.668474049612603,positive,267,267,
C_COMPLEMENT_NB,1,4,290,work,textual,complement_log_weight,5.662106328117105,5.662106328117105,positive,268,268,
C_COMPLEMENT_NB,1,4,183,need,textual,complement_log_weight,5.64463988759385,5.64463988759385,positive,269,269,
C_COMPLEMENT_NB,1,4,162,look,textual,complement_log_weight,5.641368583964911,5.641368583964911,positive,270,270,
C_COMPLEMENT_NB,1,4,264,thing,textual,complement_log_weight,5.639823564916554,5.639823564916554,positive,271,271,
C_COMPLEMENT_NB,1,4,10,adhd symptoms,textual,complement_log_weight,5.6341846111655425,5.6341846111655425,positive,272,272,
C_COMPLEMENT_NB,1,4,82,emotional,textual,complement_log_weight,5.627023507665108,5.627023507665108,positive,273,273,
C_COMPLEMENT_NB,1,4,76,dopamine,textual,complement_log_weight,5.619945311096153,5.619945311096153,positive,274,274,
C_COMPLEMENT_NB,1,4,106,getting,textual,complement_log_weight,5.595572476922246,5.595572476922246,positive,275,275,
C_COMPLEMENT_NB,1,4,128,hyperactivity,textual,complement_log_weight,5.581942559198737,5.581942559198737,positive,276,276,
C_COMPLEMENT_NB,1,4,3,actually,textual,complement_log_weight,5.5642384391305635,5.5642384391305635,positive,277,277,
C_COMPLEMENT_NB,1,4,234,sleep,textual,complement_log_weight,5.536669966346555,5.536669966346555,positive,278,278,
C_COMPLEMENT_NB,1,4,120,help,textual,complement_log_weight,5.53328241875473,5.53328241875473,positive,279,279,
C_COMPLEMENT_NB,1,4,199,people adhd,textual,complement_log_weight,5.528877252182662,5.528877252182662,positive,280,280,
C_COMPLEMENT_NB,1,4,168,make,textual,complement_log_weight,5.517261125372379,5.517261125372379,positive,281,281,
C_COMPLEMENT_NB,1,4,99,focus,textual,complement_log_weight,5.500143472657119,5.500143472657119,positive,282,282,
C_COMPLEMENT_NB,1,4,94,feel,textual,complement_log_weight,5.479397718163564,5.479397718163564,positive,283,283,
C_COMPLEMENT_NB,1,4,108,going,textual,complement_log_weight,5.445797216496409,5.445797216496409,positive,284,284,
C_COMPLEMENT_NB,1,4,163,lot,textual,complement_log_weight,5.4383917723031505,5.4383917723031505,positive,285,285,
C_COMPLEMENT_NB,1,4,267,think,textual,complement_log_weight,5.438151593682749,5.438151593682749,positive,286,286,
C_COMPLEMENT_NB,1,4,74,don,textual,complement_log_weight,5.343140523485948,5.343140523485948,positive,287,287,
C_COMPLEMENT_NB,1,4,174,medication,textual,complement_log_weight,5.268271136109621,5.268271136109621,positive,288,288,
C_COMPLEMENT_NB,1,4,211,really,textual,complement_log_weight,5.257679293345799,5.257679293345799,positive,289,289,
C_COMPLEMENT_NB,1,4,144,know,textual,complement_log_weight,5.248593916546005,5.248593916546005,positive,290,290,
C_COMPLEMENT_NB,1,4,20,attention,textual,complement_log_weight,5.226470296574279,5.226470296574279,positive,291,291,
C_COMPLEMENT_NB,1,4,265,things,textual,complement_log_weight,5.144187394815481,5.144187394815481,positive,292,292,
C_COMPLEMENT_NB,1,4,189,number,textual,complement_log_weight,5.128339506500578,5.128339506500578,positive,293,293,
C_COMPLEMENT_NB,1,4,271,time,textual,complement_log_weight,5.073894098782888,5.073894098782888,positive,294,294,
C_COMPLEMENT_NB,1,4,33,brain,textual,complement_log_weight,5.051713143225467,5.051713143225467,positive,295,295,
C_COMPLEMENT_NB,1,4,141,just,textual,complement_log_weight,5.036928907094695,5.036928907094695,positive,296,296,
C_COMPLEMENT_NB,1,4,253,symptoms,textual,complement_log_weight,4.896096060570764,4.896096060570764,positive,297,297,
C_COMPLEMENT_NB,1,4,198,people,textual,complement_log_weight,4.8749073780660215,4.8749073780660215,positive,298,298,
C_COMPLEMENT_NB,1,4,155,like,textual,complement_log_weight,4.7002213817116765,4.7002213817116765,positive,299,299,
C_COMPLEMENT_NB,1,4,5,adhd,textual,complement_log_weight,4.067573006207162,4.067573006207162,positive,300,300,
C_COMPLEMENT_NB,1,4,301,hedge_score,handcrafted_linguistic,complement_log_weight,3.654278860004538,3.654278860004538,positive,301,301,
C_COMPLEMENT_NB,1,4,300,certainty_score,handcrafted_linguistic,complement_log_weight,3.6069861364777784,3.6069861364777784,positive,302,302,
C_COMPLEMENT_NB,1,4,303,comments_within_platform_percentile,engagement_or_format,complement_log_weight,2.8288322524756033,2.8288322524756033,positive,303,303,
C_COMPLEMENT_NB,1,4,304,views_within_platform_percentile,engagement_or_format,complement_log_weight,2.828630963365635,2.828630963365635,positive,304,304,
C_COMPLEMENT_NB,1,4,302,likes_within_platform_percentile,engagement_or_format,complement_log_weight,2.828180006354932,2.828180006354932,positive,305,305,
C_COMPLEMENT_NB,1,4,305,duration_sec_within_platform_percentile,engagement_or_format,complement_log_weight,2.823109312619081,2.823109312619081,positive,306,306,
C_COMPLEMENT_NB,2,1,75,easily,textual,complement_log_weight,7.150980373120706,7.150980373120706,positive,1,1,
C_COMPLEMENT_NB,2,1,178,music,textual,complement_log_weight,7.124972802995302,7.124972802995302,positive,2,2,
C_COMPLEMENT_NB,2,1,139,know adhd,textual,complement_log_weight,7.075580884454008,7.075580884454008,positive,3,3,
C_COMPLEMENT_NB,2,1,267,thinking,textual,complement_log_weight,7.073478225653654,7.073478225653654,positive,4,4,
C_COMPLEMENT_NB,2,1,125,impact,textual,complement_log_weight,7.061843348607683,7.061843348607683,positive,5,5,
C_COMPLEMENT_NB,2,1,262,therapy,textual,complement_log_weight,7.02710396312118,7.02710396312118,positive,6,6,
C_COMPLEMENT_NB,2,1,246,studies,textual,complement_log_weight,7.011007742358412,7.011007742358412,positive,7,7,
C_COMPLEMENT_NB,2,1,170,medications,textual,complement_log_weight,6.972454523602517,6.972454523602517,positive,8,8,
C_COMPLEMENT_NB,2,1,11,adhd medication,textual,complement_log_weight,6.961730315935786,6.961730315935786,positive,9,9,
C_COMPLEMENT_NB,2,1,272,trouble,textual,complement_log_weight,6.954146245883557,6.954146245883557,positive,10,10,
C_COMPLEMENT_NB,2,1,293,works,textual,complement_log_weight,6.9417503388118424,6.9417503388118424,positive,11,11,
C_COMPLEMENT_NB,2,1,203,quickly,textual,complement_log_weight,6.939042350942006,6.939042350942006,positive,12,12,
C_COMPLEMENT_NB,2,1,165,manage,textual,complement_log_weight,6.921695211272351,6.921695211272351,positive,13,13,
C_COMPLEMENT_NB,2,1,224,seven,textual,complement_log_weight,6.913439648455344,6.913439648455344,positive,14,14,
C_COMPLEMENT_NB,2,1,277,um,textual,complement_log_weight,6.910390394958994,6.910390394958994,positive,15,15,
C_COMPLEMENT_NB,2,1,216,saying,textual,complement_log_weight,6.906530905785772,6.906530905785772,positive,16,16,
C_COMPLEMENT_NB,2,1,226,sign,textual,complement_log_weight,6.906326360451365,6.906326360451365,positive,17,17,
C_COMPLEMENT_NB,2,1,128,impulsivity,textual,complement_log_weight,6.901825514550559,6.901825514550559,positive,18,18,
C_COMPLEMENT_NB,2,1,89,family,textual,complement_log_weight,6.891156132161334,6.891156132161334,positive,19,19,
C_COMPLEMENT_NB,2,1,201,problems,textual,complement_log_weight,6.8886053468898085,6.8886053468898085,positive,20,20,
C_COMPLEMENT_NB,2,1,10,adhd just,textual,complement_log_weight,6.8865174171579255,6.8865174171579255,positive,21,21,
C_COMPLEMENT_NB,2,1,54,definitely,textual,complement_log_weight,6.884281054251285,6.884281054251285,positive,22,22,
C_COMPLEMENT_NB,2,1,156,looking,textual,complement_log_weight,6.845966363123984,6.845966363123984,positive,23,23,
C_COMPLEMENT_NB,2,1,129,inattentive,textual,complement_log_weight,6.827409342708422,6.827409342708422,positive,24,24,
C_COMPLEMENT_NB,2,1,16,affect,textual,complement_log_weight,6.8238305448556185,6.8238305448556185,positive,25,25,
C_COMPLEMENT_NB,2,1,257,tasks,textual,complement_log_weight,6.809524363186715,6.809524363186715,positive,26,26,
C_COMPLEMENT_NB,2,1,73,drink,textual,complement_log_weight,6.804165623351257,6.804165623351257,positive,27,27,
C_COMPLEMENT_NB,2,1,150,literally,textual,complement_log_weight,6.803675741865674,6.803675741865674,positive,28,28,
C_COMPLEMENT_NB,2,1,250,support,textual,complement_log_weight,6.8014744017357085,6.8014744017357085,positive,29,29,
C_COMPLEMENT_NB,2,1,231,small,textual,complement_log_weight,6.801015869522687,6.801015869522687,positive,30,30,
C_COMPLEMENT_NB,2,1,285,wait,textual,complement_log_weight,6.798072476158032,6.798072476158032,positive,31,31,
C_COMPLEMENT_NB,2,1,195,phone,textual,complement_log_weight,6.790746530794902,6.790746530794902,positive,32,32,
C_COMPLEMENT_NB,2,1,188,order,textual,complement_log_weight,6.787535041236155,6.787535041236155,positive,33,33,
C_COMPLEMENT_NB,2,1,48,condition,textual,complement_log_weight,6.777081865855077,6.777081865855077,positive,34,34,
C_COMPLEMENT_NB,2,1,189,overwhelmed,textual,complement_log_weight,6.7741016902986795,6.7741016902986795,positive,35,35,
C_COMPLEMENT_NB,2,1,210,relationships,textual,complement_log_weight,6.773372520423632,6.773372520423632,positive,36,36,
C_COMPLEMENT_NB,2,1,127,impulsive,textual,complement_log_weight,6.7723607220334685,6.7723607220334685,positive,37,37,
C_COMPLEMENT_NB,2,1,46,comments,textual,complement_log_weight,6.753211800688025,6.753211800688025,positive,38,38,
C_COMPLEMENT_NB,2,1,121,hours,textual,complement_log_weight,6.7518039264661525,6.7518039264661525,positive,39,39,
C_COMPLEMENT_NB,2,1,292,working memory,textual,complement_log_weight,6.743135799696939,6.743135799696939,positive,40,40,
C_COMPLEMENT_NB,2,1,152,little bit,textual,complement_log_weight,6.735503801013409,6.735503801013409,positive,41,41,
C_COMPLEMENT_NB,2,1,280,using,textual,complement_log_weight,6.732383932915405,6.732383932915405,positive,42,42,
C_COMPLEMENT_NB,2,1,296,wrong,textual,complement_log_weight,6.73000804737911,6.73000804737911,positive,43,43,
C_COMPLEMENT_NB,2,1,205,realize,textual,complement_log_weight,6.728002373535237,6.728002373535237,positive,44,44,
C_COMPLEMENT_NB,2,1,111,harder,textual,complement_log_weight,6.724047018191442,6.724047018191442,positive,45,45,
C_COMPLEMENT_NB,2,1,271,times,textual,complement_log_weight,6.719685866829164,6.719685866829164,positive,46,46,
C_COMPLEMENT_NB,2,1,40,certain,textual,complement_log_weight,6.713670851420294,6.713670851420294,positive,47,47,
C_COMPLEMENT_NB,2,1,72,dr,textual,complement_log_weight,6.712404549141224,6.712404549141224,positive,48,48,
C_COMPLEMENT_NB,2,1,88,fact,textual,complement_log_weight,6.710525103020729,6.710525103020729,positive,49,49,
C_COMPLEMENT_NB,2,1,3,absolutely,textual,complement_log_weight,6.70463815057753,6.70463815057753,positive,50,50,
C_COMPLEMENT_NB,2,1,235,sound,textual,complement_log_weight,6.700708602136427,6.700708602136427,positive,51,51,
C_COMPLEMENT_NB,2,1,24,avoid,textual,complement_log_weight,6.699935079098923,6.699935079098923,positive,52,52,
C_COMPLEMENT_NB,2,1,101,functioning,textual,complement_log_weight,6.6987185545158,6.6987185545158,positive,53,53,
C_COMPLEMENT_NB,2,1,228,single,textual,complement_log_weight,6.6986976062087225,6.6986976062087225,positive,54,54,
C_COMPLEMENT_NB,2,1,60,difference,textual,complement_log_weight,6.694166362890244,6.694166362890244,positive,55,55,
C_COMPLEMENT_NB,2,1,222,sensitivity,textual,complement_log_weight,6.69241564742266,6.69241564742266,positive,56,56,
C_COMPLEMENT_NB,2,1,158,lot people,textual,complement_log_weight,6.691976513324867,6.691976513324867,positive,57,57,
C_COMPLEMENT_NB,2,1,12,adhd people,textual,complement_log_weight,6.691829155023693,6.691829155023693,positive,58,58,
C_COMPLEMENT_NB,2,1,214,said,textual,complement_log_weight,6.6916463934288455,6.6916463934288455,positive,59,59,
C_COMPLEMENT_NB,2,1,107,great,textual,complement_log_weight,6.691193347103577,6.691193347103577,positive,60,60,
C_COMPLEMENT_NB,2,1,234,sort,textual,complement_log_weight,6.685694045276977,6.685694045276977,positive,61,61,
C_COMPLEMENT_NB,2,1,114,hear,textual,complement_log_weight,6.683123903042088,6.683123903042088,positive,62,62,
C_COMPLEMENT_NB,2,1,62,difficulty,textual,complement_log_weight,6.67997455692249,6.67997455692249,positive,63,63,
C_COMPLEMENT_NB,2,1,239,stimulant,textual,complement_log_weight,6.678113095195795,6.678113095195795,positive,64,64,
C_COMPLEMENT_NB,2,1,171,meds,textual,complement_log_weight,6.672281830873209,6.672281830873209,positive,65,65,
C_COMPLEMENT_NB,2,1,227,signs,textual,complement_log_weight,6.667901610604626,6.667901610604626,positive,66,66,
C_COMPLEMENT_NB,2,1,14,adhders,textual,complement_log_weight,6.666826175141127,6.666826175141127,positive,67,67,
C_COMPLEMENT_NB,2,1,269,thoughts,textual,complement_log_weight,6.6592085400813374,6.6592085400813374,positive,68,68,
C_COMPLEMENT_NB,2,1,225,shown,textual,complement_log_weight,6.657908093825279,6.657908093825279,positive,69,69,
C_COMPLEMENT_NB,2,1,299,yes,textual,complement_log_weight,6.654341721367453,6.654341721367453,positive,70,70,
C_COMPLEMENT_NB,2,1,84,example,textual,complement_log_weight,6.652576062712617,6.652576062712617,positive,71,71,
C_COMPLEMENT_NB,2,1,233,somebody,textual,complement_log_weight,6.651620432931991,6.651620432931991,positive,72,72,
C_COMPLEMENT_NB,2,1,70,don know,textual,complement_log_weight,6.651138387538723,6.651138387538723,positive,73,73,
C_COMPLEMENT_NB,2,1,17,affects,textual,complement_log_weight,6.642437806874236,6.642437806874236,positive,74,74,
C_COMPLEMENT_NB,2,1,251,sure,textual,complement_log_weight,6.641464902833877,6.641464902833877,positive,75,75,
C_COMPLEMENT_NB,2,1,276,uh,textual,complement_log_weight,6.636017348556586,6.636017348556586,positive,76,76,
C_COMPLEMENT_NB,2,1,80,end,textual,complement_log_weight,6.635105340453434,6.635105340453434,positive,77,77,
C_COMPLEMENT_NB,2,1,36,caffeine,textual,complement_log_weight,6.628748864961515,6.628748864961515,positive,78,78,
C_COMPLEMENT_NB,2,1,281,usually,textual,complement_log_weight,6.624939857339178,6.624939857339178,positive,79,79,
C_COMPLEMENT_NB,2,1,57,diagnosis,textual,complement_log_weight,6.618825315120035,6.618825315120035,positive,80,80,
C_COMPLEMENT_NB,2,1,64,distracted,textual,complement_log_weight,6.612857866209618,6.612857866209618,positive,81,81,
C_COMPLEMENT_NB,2,1,47,common,textual,complement_log_weight,6.608167273595264,6.608167273595264,positive,82,82,
C_COMPLEMENT_NB,2,1,237,state,textual,complement_log_weight,6.606895500834913,6.606895500834913,positive,83,83,
C_COMPLEMENT_NB,2,1,145,level,textual,complement_log_weight,6.593931478955983,6.593931478955983,positive,84,84,
C_COMPLEMENT_NB,2,1,245,struggling,textual,complement_log_weight,6.5847866107576385,6.5847866107576385,positive,85,85,
C_COMPLEMENT_NB,2,1,102,gets,textual,complement_log_weight,6.581523046921178,6.581523046921178,positive,86,86,
C_COMPLEMENT_NB,2,1,184,normal,textual,complement_log_weight,6.5771916638941015,6.5771916638941015,positive,87,87,
C_COMPLEMENT_NB,2,1,164,making,textual,complement_log_weight,6.572319862842234,6.572319862842234,positive,88,88,
C_COMPLEMENT_NB,2,1,288,ways,textual,complement_log_weight,6.571521284078555,6.571521284078555,positive,89,89,
C_COMPLEMENT_NB,2,1,51,create,textual,complement_log_weight,6.569935072977124,6.569935072977124,positive,90,90,
C_COMPLEMENT_NB,2,1,35,burnout,textual,complement_log_weight,6.564107364759259,6.564107364759259,positive,91,91,
C_COMPLEMENT_NB,2,1,294,world,textual,complement_log_weight,6.56266097127713,6.56266097127713,positive,92,92,
C_COMPLEMENT_NB,2,1,28,best,textual,complement_log_weight,6.5621758861006345,6.5621758861006345,positive,93,93,
C_COMPLEMENT_NB,2,1,74,dysfunction,textual,complement_log_weight,6.55714359908404,6.55714359908404,positive,94,94,
C_COMPLEMENT_NB,2,1,207,reason,textual,complement_log_weight,6.557018196765733,6.557018196765733,positive,95,95,
C_COMPLEMENT_NB,2,1,265,things like,textual,complement_log_weight,6.55473238907765,6.55473238907765,positive,96,96,
C_COMPLEMENT_NB,2,1,142,later,textual,complement_log_weight,6.554552118739602,6.554552118739602,positive,97,97,
C_COMPLEMENT_NB,2,1,197,place,textual,complement_log_weight,6.543486612419463,6.543486612419463,positive,98,98,
C_COMPLEMENT_NB,2,1,65,doctor,textual,complement_log_weight,6.543219035312334,6.543219035312334,positive,99,99,
C_COMPLEMENT_NB,2,1,100,function,textual,complement_log_weight,6.537571330951555,6.537571330951555,positive,100,100,
C_COMPLEMENT_NB,2,1,198,point,textual,complement_log_weight,6.5347657885522,6.5347657885522,positive,101,101,
C_COMPLEMENT_NB,2,1,190,patients,textual,complement_log_weight,6.524702131260639,6.524702131260639,positive,102,102,
C_COMPLEMENT_NB,2,1,247,study,textual,complement_log_weight,6.516215134409353,6.516215134409353,positive,103,103,
C_COMPLEMENT_NB,2,1,76,eat,textual,complement_log_weight,6.513163540996573,6.513163540996573,positive,104,104,
C_COMPLEMENT_NB,2,1,134,job,textual,complement_log_weight,6.511979333100075,6.511979333100075,positive,105,105,
C_COMPLEMENT_NB,2,1,131,instead,textual,complement_log_weight,6.510128251604041,6.510128251604041,positive,106,106,
C_COMPLEMENT_NB,2,1,77,eating,textual,complement_log_weight,6.509650466386456,6.509650466386456,positive,107,107,
C_COMPLEMENT_NB,2,1,209,rejection,textual,complement_log_weight,6.499474300920534,6.499474300920534,positive,108,108,
C_COMPLEMENT_NB,2,1,86,exercise,textual,complement_log_weight,6.495883690039903,6.495883690039903,positive,109,109,
C_COMPLEMENT_NB,2,1,19,anger,textual,complement_log_weight,6.495270986791095,6.495270986791095,positive,110,110,
C_COMPLEMENT_NB,2,1,27,behavior,textual,complement_log_weight,6.492411095579181,6.492411095579181,positive,111,111,
C_COMPLEMENT_NB,2,1,196,physical,textual,complement_log_weight,6.491399014138106,6.491399014138106,positive,112,112,
C_COMPLEMENT_NB,2,1,166,maybe,textual,complement_log_weight,6.491328895254463,6.491328895254463,positive,113,113,
C_COMPLEMENT_NB,2,1,232,social,textual,complement_log_weight,6.490689220468153,6.490689220468153,positive,114,114,
C_COMPLEMENT_NB,2,1,284,video,textual,complement_log_weight,6.489582371422277,6.489582371422277,positive,115,115,
C_COMPLEMENT_NB,2,1,23,autism,textual,complement_log_weight,6.486469575872012,6.486469575872012,positive,116,116,
C_COMPLEMENT_NB,2,1,180,needs,textual,complement_log_weight,6.479443493567677,6.479443493567677,positive,117,117,
C_COMPLEMENT_NB,2,1,83,everybody,textual,complement_log_weight,6.477193305818863,6.477193305818863,positive,118,118,
C_COMPLEMENT_NB,2,1,122,hyper,textual,complement_log_weight,6.469888861365736,6.469888861365736,positive,119,119,
C_COMPLEMENT_NB,2,1,79,emotions,textual,complement_log_weight,6.469109963806554,6.469109963806554,positive,120,120,
C_COMPLEMENT_NB,2,1,18,alcohol,textual,complement_log_weight,6.460823208703931,6.460823208703931,positive,121,121,
C_COMPLEMENT_NB,2,1,143,learn,textual,complement_log_weight,6.460391848038946,6.460391848038946,positive,122,122,
C_COMPLEMENT_NB,2,1,87,experience,textual,complement_log_weight,6.457998283183559,6.457998283183559,positive,123,123,
C_COMPLEMENT_NB,2,1,248,stuff,textual,complement_log_weight,6.4538878331678,6.4538878331678,positive,124,124,
C_COMPLEMENT_NB,2,1,186,oh,textual,complement_log_weight,6.447981596663845,6.447981596663845,positive,125,125,
C_COMPLEMENT_NB,2,1,238,stay,textual,complement_log_weight,6.445031338307877,6.445031338307877,positive,126,126,
C_COMPLEMENT_NB,2,1,208,regulation,textual,complement_log_weight,6.442813828761015,6.442813828761015,positive,127,127,
C_COMPLEMENT_NB,2,1,255,talking,textual,complement_log_weight,6.431600689585197,6.431600689585197,positive,128,128,
C_COMPLEMENT_NB,2,1,161,lower,textual,complement_log_weight,6.428680915998325,6.428680915998325,positive,129,129,
C_COMPLEMENT_NB,2,1,4,activity,textual,complement_log_weight,6.425303383290019,6.425303383290019,positive,130,130,
C_COMPLEMENT_NB,2,1,38,calm,textual,complement_log_weight,6.423065310811495,6.423065310811495,positive,131,131,
C_COMPLEMENT_NB,2,1,1,ability,textual,complement_log_weight,6.417754050355896,6.417754050355896,positive,132,132,
C_COMPLEMENT_NB,2,1,218,second,textual,complement_log_weight,6.411563840446353,6.411563840446353,positive,133,133,
C_COMPLEMENT_NB,2,1,220,sense,textual,complement_log_weight,6.4114278146225265,6.4114278146225265,positive,134,134,
C_COMPLEMENT_NB,2,1,26,bad,textual,complement_log_weight,6.410289765023388,6.410289765023388,positive,135,135,
C_COMPLEMENT_NB,2,1,146,levels,textual,complement_log_weight,6.404672849733373,6.404672849733373,positive,136,136,
C_COMPLEMENT_NB,2,1,41,change,textual,complement_log_weight,6.40128158972205,6.40128158972205,positive,137,137,
C_COMPLEMENT_NB,2,1,123,hyperactive,textual,complement_log_weight,6.397991063353984,6.397991063353984,positive,138,138,
C_COMPLEMENT_NB,2,1,15,adults,textual,complement_log_weight,6.3945170879221775,6.3945170879221775,positive,139,139,
C_COMPLEMENT_NB,2,1,243,stress,textual,complement_log_weight,6.389868075411024,6.389868075411024,positive,140,140,
C_COMPLEMENT_NB,2,1,120,highly,textual,complement_log_weight,6.389377125255419,6.389377125255419,positive,141,141,
C_COMPLEMENT_NB,2,1,278,understand,textual,complement_log_weight,6.381119990603239,6.381119990603239,positive,142,142,
C_COMPLEMENT_NB,2,1,39,care,textual,complement_log_weight,6.376831349236618,6.376831349236618,positive,143,143,
C_COMPLEMENT_NB,2,1,108,gut,textual,complement_log_weight,6.375432991309538,6.375432991309538,positive,144,144,
C_COMPLEMENT_NB,2,1,45,comes,textual,complement_log_weight,6.374943098884321,6.374943098884321,positive,145,145,
C_COMPLEMENT_NB,2,1,25,away,textual,complement_log_weight,6.370650778580817,6.370650778580817,positive,146,146,
C_COMPLEMENT_NB,2,1,183,new,textual,complement_log_weight,6.370289647738156,6.370289647738156,positive,147,147,
C_COMPLEMENT_NB,2,1,59,didn,textual,complement_log_weight,6.37003320051972,6.37003320051972,positive,148,148,
C_COMPLEMENT_NB,2,1,9,adhd brains,textual,complement_log_weight,6.363016267138911,6.363016267138911,positive,149,149,
C_COMPLEMENT_NB,2,1,223,sensory,textual,complement_log_weight,6.362623488476018,6.362623488476018,positive,150,150,
C_COMPLEMENT_NB,2,1,173,mental,textual,complement_log_weight,6.3550037922276665,6.3550037922276665,positive,151,151,
C_COMPLEMENT_NB,2,1,295,worse,textual,complement_log_weight,6.35328047180363,6.35328047180363,positive,152,152,
C_COMPLEMENT_NB,2,1,221,sensitive,textual,complement_log_weight,6.35039861921361,6.35039861921361,positive,153,153,
C_COMPLEMENT_NB,2,1,96,follow,textual,complement_log_weight,6.333029545200298,6.333029545200298,positive,154,154,
C_COMPLEMENT_NB,2,1,113,health,textual,complement_log_weight,6.331223701721516,6.331223701721516,positive,155,155,
C_COMPLEMENT_NB,2,1,241,stimulation,textual,complement_log_weight,6.327561260621045,6.327561260621045,positive,156,156,
C_COMPLEMENT_NB,2,1,212,research,textual,complement_log_weight,6.318989933690032,6.318989933690032,positive,157,157,
C_COMPLEMENT_NB,2,1,43,children,textual,complement_log_weight,6.316701792647203,6.316701792647203,positive,158,158,
C_COMPLEMENT_NB,2,1,268,thought,textual,complement_log_weight,6.303628124020964,6.303628124020964,positive,159,159,
C_COMPLEMENT_NB,2,1,177,motivation,textual,complement_log_weight,6.295633165497921,6.295633165497921,positive,160,160,
C_COMPLEMENT_NB,2,1,240,stimulants,textual,complement_log_weight,6.294289979736088,6.294289979736088,positive,161,161,
C_COMPLEMENT_NB,2,1,119,higher,textual,complement_log_weight,6.29410772350863,6.29410772350863,positive,162,162,
C_COMPLEMENT_NB,2,1,55,depression,textual,complement_log_weight,6.290705186162852,6.290705186162852,positive,163,163,
C_COMPLEMENT_NB,2,1,98,foods,textual,complement_log_weight,6.289682541451527,6.289682541451527,positive,164,164,
C_COMPLEMENT_NB,2,1,260,term,textual,complement_log_weight,6.288896255500651,6.288896255500651,positive,165,165,
C_COMPLEMENT_NB,2,1,30,big,textual,complement_log_weight,6.288551891029989,6.288551891029989,positive,166,166,
C_COMPLEMENT_NB,2,1,149,likely,textual,complement_log_weight,6.283167452947305,6.283167452947305,positive,167,167,
C_COMPLEMENT_NB,2,1,94,feels,textual,complement_log_weight,6.280601342925427,6.280601342925427,positive,168,168,
C_COMPLEMENT_NB,2,1,49,constantly,textual,complement_log_weight,6.280283924048466,6.280283924048466,positive,169,169,
C_COMPLEMENT_NB,2,1,175,minutes,textual,complement_log_weight,6.280029754384766,6.280029754384766,positive,170,170,
C_COMPLEMENT_NB,2,1,191,pay,textual,complement_log_weight,6.276055610163091,6.276055610163091,positive,171,171,
C_COMPLEMENT_NB,2,1,140,lack,textual,complement_log_weight,6.267794131304145,6.267794131304145,positive,172,172,
C_COMPLEMENT_NB,2,1,242,stop,textual,complement_log_weight,6.266205556932345,6.266205556932345,positive,173,173,
C_COMPLEMENT_NB,2,1,176,morning,textual,complement_log_weight,6.263728492711536,6.263728492711536,positive,174,174,
C_COMPLEMENT_NB,2,1,13,adhd symptoms,textual,complement_log_weight,6.261743021924137,6.261743021924137,positive,175,175,
C_COMPLEMENT_NB,2,1,31,bit,textual,complement_log_weight,6.259125703665939,6.259125703665939,positive,176,176,
C_COMPLEMENT_NB,2,1,112,having,textual,complement_log_weight,6.248116029542135,6.248116029542135,positive,177,177,
C_COMPLEMENT_NB,2,1,97,food,textual,complement_log_weight,6.242246525467518,6.242246525467518,positive,178,178,
C_COMPLEMENT_NB,2,1,92,feel like,textual,complement_log_weight,6.241951083945246,6.241951083945246,positive,179,179,
C_COMPLEMENT_NB,2,1,167,mean,textual,complement_log_weight,6.240891897097627,6.240891897097627,positive,180,180,
C_COMPLEMENT_NB,2,1,44,come,textual,complement_log_weight,6.240573077092493,6.240573077092493,positive,181,181,
C_COMPLEMENT_NB,2,1,109,happens,textual,complement_log_weight,6.240268089721483,6.240268089721483,positive,182,182,
C_COMPLEMENT_NB,2,1,93,feeling,textual,complement_log_weight,6.236147035699647,6.236147035699647,positive,183,183,
C_COMPLEMENT_NB,2,1,217,school,textual,complement_log_weight,6.230023237360886,6.230023237360886,positive,184,184,
C_COMPLEMENT_NB,2,1,253,taking,textual,complement_log_weight,6.2247656178176065,6.2247656178176065,positive,185,185,
C_COMPLEMENT_NB,2,1,289,women,textual,complement_log_weight,6.220699555149673,6.220699555149673,positive,186,186,
C_COMPLEMENT_NB,2,1,181,nervous,textual,complement_log_weight,6.214618207418465,6.214618207418465,positive,187,187,
C_COMPLEMENT_NB,2,1,110,hard,textual,complement_log_weight,6.213665969518597,6.213665969518597,positive,188,188,
C_COMPLEMENT_NB,2,1,254,talk,textual,complement_log_weight,6.1960079419347585,6.1960079419347585,positive,189,189,
C_COMPLEMENT_NB,2,1,136,kids,textual,complement_log_weight,6.193305464514947,6.193305464514947,positive,190,190,
C_COMPLEMENT_NB,2,1,130,increase,textual,complement_log_weight,6.184076761885044,6.184076761885044,positive,191,191,
C_COMPLEMENT_NB,2,1,261,test,textual,complement_log_weight,6.183444982364946,6.183444982364946,positive,192,192,
C_COMPLEMENT_NB,2,1,81,energy,textual,complement_log_weight,6.174663506852154,6.174663506852154,positive,193,193,
C_COMPLEMENT_NB,2,1,154,long,textual,complement_log_weight,6.172876648204253,6.172876648204253,positive,194,194,
C_COMPLEMENT_NB,2,1,219,self,textual,complement_log_weight,6.172453152370043,6.172453152370043,positive,195,195,
C_COMPLEMENT_NB,2,1,8,adhd brain,textual,complement_log_weight,6.1675196599848485,6.1675196599848485,positive,196,196,
C_COMPLEMENT_NB,2,1,200,problem,textual,complement_log_weight,6.1667186959637545,6.1667186959637545,positive,197,197,
C_COMPLEMENT_NB,2,1,22,attention deficit,textual,complement_log_weight,6.166631234986938,6.166631234986938,positive,198,198,
C_COMPLEMENT_NB,2,1,211,remember,textual,complement_log_weight,6.165612069155944,6.165612069155944,positive,199,199,
C_COMPLEMENT_NB,2,1,116,helpful,textual,complement_log_weight,6.164881249319713,6.164881249319713,positive,200,200,
C_COMPLEMENT_NB,2,1,291,working,textual,complement_log_weight,6.164278554468148,6.164278554468148,positive,201,201,
C_COMPLEMENT_NB,2,1,275,type,textual,complement_log_weight,6.1589397935225145,6.1589397935225145,positive,202,202,
C_COMPLEMENT_NB,2,1,204,real,textual,complement_log_weight,6.157578746966034,6.157578746966034,positive,203,203,
C_COMPLEMENT_NB,2,1,58,did,textual,complement_log_weight,6.15450805398479,6.15450805398479,positive,204,204,
C_COMPLEMENT_NB,2,1,283,ve got,textual,complement_log_weight,6.14200716850956,6.14200716850956,positive,205,205,
C_COMPLEMENT_NB,2,1,82,especially,textual,complement_log_weight,6.140742147993762,6.140742147993762,positive,206,206,
C_COMPLEMENT_NB,2,1,50,control,textual,complement_log_weight,6.139653456728275,6.139653456728275,positive,207,207,
C_COMPLEMENT_NB,2,1,199,probably,textual,complement_log_weight,6.138942188895047,6.138942188895047,positive,208,208,
C_COMPLEMENT_NB,2,1,160,low,textual,complement_log_weight,6.137094834920216,6.137094834920216,positive,209,209,
C_COMPLEMENT_NB,2,1,85,executive,textual,complement_log_weight,6.130617190737475,6.130617190737475,positive,210,210,
C_COMPLEMENT_NB,2,1,90,fast,textual,complement_log_weight,6.125067376937489,6.125067376937489,positive,211,211,
C_COMPLEMENT_NB,2,1,132,isn,textual,complement_log_weight,6.118424145235797,6.118424145235797,positive,212,212,
C_COMPLEMENT_NB,2,1,168,means,textual,complement_log_weight,6.114692753139664,6.114692753139664,positive,213,213,
C_COMPLEMENT_NB,2,1,151,little,textual,complement_log_weight,6.113224500120451,6.113224500120451,positive,214,214,
C_COMPLEMENT_NB,2,1,163,makes,textual,complement_log_weight,6.104761064315427,6.104761064315427,positive,215,215,
C_COMPLEMENT_NB,2,1,2,able,textual,complement_log_weight,6.104582659937119,6.104582659937119,positive,216,216,
C_COMPLEMENT_NB,2,1,182,neurotypical,textual,complement_log_weight,6.102188322244225,6.102188322244225,positive,217,217,
C_COMPLEMENT_NB,2,1,297,yeah,textual,complement_log_weight,6.094123656764949,6.094123656764949,positive,218,218,
C_COMPLEMENT_NB,2,1,202,protein,textual,complement_log_weight,6.091878791576336,6.091878791576336,positive,219,219,
C_COMPLEMENT_NB,2,1,133,issues,textual,complement_log_weight,6.0849826108329355,6.0849826108329355,positive,220,220,
C_COMPLEMENT_NB,2,1,32,body,textual,complement_log_weight,6.080666455937766,6.080666455937766,positive,221,221,
C_COMPLEMENT_NB,2,1,172,memory,textual,complement_log_weight,6.077748353569108,6.077748353569108,positive,222,222,
C_COMPLEMENT_NB,2,1,78,emotional,textual,complement_log_weight,6.074219258878832,6.074219258878832,positive,223,223,
C_COMPLEMENT_NB,2,1,53,deficit,textual,complement_log_weight,6.073724024064262,6.073724024064262,positive,224,224,
C_COMPLEMENT_NB,2,1,229,sit,textual,complement_log_weight,6.0731900541538755,6.0731900541538755,positive,225,225,
C_COMPLEMENT_NB,2,1,141,late,textual,complement_log_weight,6.068183969648326,6.068183969648326,positive,226,226,
C_COMPLEMENT_NB,2,1,117,helps,textual,complement_log_weight,6.066761143145625,6.066761143145625,positive,227,227,
C_COMPLEMENT_NB,2,1,187,okay,textual,complement_log_weight,6.052874786799803,6.052874786799803,positive,228,228,
C_COMPLEMENT_NB,2,1,256,task,textual,complement_log_weight,6.049730142004818,6.049730142004818,positive,229,229,
C_COMPLEMENT_NB,2,1,298,years,textual,complement_log_weight,6.048358208088432,6.048358208088432,positive,230,230,
C_COMPLEMENT_NB,2,1,56,diagnosed,textual,complement_log_weight,6.0410359352440075,6.0410359352440075,positive,231,231,
C_COMPLEMENT_NB,2,1,274,trying,textual,complement_log_weight,6.028218956921909,6.028218956921909,positive,232,232,
C_COMPLEMENT_NB,2,1,258,tell,textual,complement_log_weight,6.02690569327876,6.02690569327876,positive,233,233,
C_COMPLEMENT_NB,2,1,169,medication,textual,complement_log_weight,6.019449571056626,6.019449571056626,positive,234,234,
C_COMPLEMENT_NB,2,1,244,struggle,textual,complement_log_weight,6.016396646800369,6.016396646800369,positive,235,235,
C_COMPLEMENT_NB,2,1,99,forget,textual,complement_log_weight,6.0148197147712485,6.0148197147712485,positive,236,236,
C_COMPLEMENT_NB,2,1,37,called,textual,complement_log_weight,6.013042573266107,6.013042573266107,positive,237,237,
C_COMPLEMENT_NB,2,1,273,try,textual,complement_log_weight,5.995899851441288,5.995899851441288,positive,238,238,
C_COMPLEMENT_NB,2,1,174,mind,textual,complement_log_weight,5.990905121394781,5.990905121394781,positive,239,239,
C_COMPLEMENT_NB,2,1,279,use,textual,complement_log_weight,5.982546251239507,5.982546251239507,positive,240,240,
C_COMPLEMENT_NB,2,1,144,let,textual,complement_log_weight,5.979695477523195,5.979695477523195,positive,241,241,
C_COMPLEMENT_NB,2,1,155,look,textual,complement_log_weight,5.977737350322674,5.977737350322674,positive,242,242,
C_COMPLEMENT_NB,2,1,20,anxiety,textual,complement_log_weight,5.975897671949059,5.975897671949059,positive,243,243,
C_COMPLEMENT_NB,2,1,68,doing,textual,complement_log_weight,5.971128948124652,5.971128948124652,positive,244,244,
C_COMPLEMENT_NB,2,1,259,tend,textual,complement_log_weight,5.964422865359085,5.964422865359085,positive,245,245,
C_COMPLEMENT_NB,2,1,6,add,textual,complement_log_weight,5.9643012301743985,5.9643012301743985,positive,246,246,
C_COMPLEMENT_NB,2,1,126,important,textual,complement_log_weight,5.93352943855617,5.93352943855617,positive,247,247,
C_COMPLEMENT_NB,2,1,124,hyperactivity,textual,complement_log_weight,5.927503502290447,5.927503502290447,positive,248,248,
C_COMPLEMENT_NB,2,1,29,better,textual,complement_log_weight,5.92421791830457,5.92421791830457,positive,249,249,
C_COMPLEMENT_NB,2,1,249,sugar,textual,complement_log_weight,5.92380757028169,5.92380757028169,positive,250,250,
C_COMPLEMENT_NB,2,1,0,10,textual,complement_log_weight,5.920455743095051,5.920455743095051,positive,251,251,
C_COMPLEMENT_NB,2,1,118,high,textual,complement_log_weight,5.910564183142286,5.910564183142286,positive,252,252,
C_COMPLEMENT_NB,2,1,67,doesn,textual,complement_log_weight,5.86075261504155,5.86075261504155,positive,253,253,
C_COMPLEMENT_NB,2,1,103,getting,textual,complement_log_weight,5.838168383243238,5.838168383243238,positive,254,254,
C_COMPLEMENT_NB,2,1,159,love,textual,complement_log_weight,5.826374099910137,5.826374099910137,positive,255,255,
C_COMPLEMENT_NB,2,1,34,brains,textual,complement_log_weight,5.816556245532922,5.816556245532922,positive,256,256,
C_COMPLEMENT_NB,2,1,106,got,textual,complement_log_weight,5.795404410549615,5.795404410549615,positive,257,257,
C_COMPLEMENT_NB,2,1,66,does,textual,complement_log_weight,5.787960959911687,5.787960959911687,positive,258,258,
C_COMPLEMENT_NB,2,1,137,kind,textual,complement_log_weight,5.771476024585459,5.771476024585459,positive,259,259,
C_COMPLEMENT_NB,2,1,63,disorder,textual,complement_log_weight,5.7618925840943644,5.7618925840943644,positive,260,260,
C_COMPLEMENT_NB,2,1,61,different,textual,complement_log_weight,5.721061873566868,5.721061873566868,positive,261,261,
C_COMPLEMENT_NB,2,1,230,sleep,textual,complement_log_weight,5.699885256379431,5.699885256379431,positive,262,262,
C_COMPLEMENT_NB,2,1,162,make,textual,complement_log_weight,5.6672505008268725,5.6672505008268725,positive,263,263,
C_COMPLEMENT_NB,2,1,236,start,textual,complement_log_weight,5.648047459376703,5.648047459376703,positive,264,264,
C_COMPLEMENT_NB,2,1,42,child,textual,complement_log_weight,5.6377081069554835,5.6377081069554835,positive,265,265,
C_COMPLEMENT_NB,2,1,215,say,textual,complement_log_weight,5.618902730608592,5.618902730608592,positive,266,266,
C_COMPLEMENT_NB,2,1,194,person,textual,complement_log_weight,5.616703169518541,5.616703169518541,positive,267,267,
C_COMPLEMENT_NB,2,1,252,symptoms,textual,complement_log_weight,5.602713822711866,5.602713822711866,positive,268,268,
C_COMPLEMENT_NB,2,1,105,good,textual,complement_log_weight,5.5882472175863604,5.5882472175863604,positive,269,269,
C_COMPLEMENT_NB,2,1,290,work,textual,complement_log_weight,5.584352611002291,5.584352611002291,positive,270,270,
C_COMPLEMENT_NB,2,1,286,want,textual,complement_log_weight,5.569454021235586,5.569454021235586,positive,271,271,
C_COMPLEMENT_NB,2,1,147,life,textual,complement_log_weight,5.549337290904396,5.549337290904396,positive,272,272,
C_COMPLEMENT_NB,2,1,266,think,textual,complement_log_weight,5.533161905823379,5.533161905823379,positive,273,273,
C_COMPLEMENT_NB,2,1,52,day,textual,complement_log_weight,5.531754409575335,5.531754409575335,positive,274,274,
C_COMPLEMENT_NB,2,1,153,ll,textual,complement_log_weight,5.4749798456431,5.4749798456431,positive,275,275,
C_COMPLEMENT_NB,2,1,115,help,textual,complement_log_weight,5.470620639398587,5.470620639398587,positive,276,276,
C_COMPLEMENT_NB,2,1,287,way,textual,complement_log_weight,5.445779826879304,5.445779826879304,positive,277,277,
C_COMPLEMENT_NB,2,1,213,right,textual,complement_log_weight,5.436501182468805,5.436501182468805,positive,278,278,
C_COMPLEMENT_NB,2,1,91,feel,textual,complement_log_weight,5.427982783237126,5.427982783237126,positive,279,279,
C_COMPLEMENT_NB,2,1,193,people adhd,textual,complement_log_weight,5.378708336075622,5.378708336075622,positive,280,280,
C_COMPLEMENT_NB,2,1,157,lot,textual,complement_log_weight,5.3767222143531,5.3767222143531,positive,281,281,
C_COMPLEMENT_NB,2,1,263,thing,textual,complement_log_weight,5.372707082135162,5.372707082135162,positive,282,282,
C_COMPLEMENT_NB,2,1,95,focus,textual,complement_log_weight,5.347865544371429,5.347865544371429,positive,283,283,
C_COMPLEMENT_NB,2,1,282,ve,textual,complement_log_weight,5.303266075670234,5.303266075670234,positive,284,284,
C_COMPLEMENT_NB,2,1,21,attention,textual,complement_log_weight,5.27657950966354,5.27657950966354,positive,285,285,
C_COMPLEMENT_NB,2,1,179,need,textual,complement_log_weight,5.2580619936293385,5.2580619936293385,positive,286,286,
C_COMPLEMENT_NB,2,1,5,actually,textual,complement_log_weight,5.227948523411271,5.227948523411271,positive,287,287,
C_COMPLEMENT_NB,2,1,206,really,textual,complement_log_weight,5.220802185934289,5.220802185934289,positive,288,288,
C_COMPLEMENT_NB,2,1,270,time,textual,complement_log_weight,5.0882925146197735,5.0882925146197735,positive,289,289,
C_COMPLEMENT_NB,2,1,138,know,textual,complement_log_weight,5.087971413676755,5.087971413676755,positive,290,290,
C_COMPLEMENT_NB,2,1,104,going,textual,complement_log_weight,5.06242749920602,5.06242749920602,positive,291,291,
C_COMPLEMENT_NB,2,1,185,number,textual,complement_log_weight,5.056106571755735,5.056106571755735,positive,292,292,
C_COMPLEMENT_NB,2,1,71,dopamine,textual,complement_log_weight,5.024103555020897,5.024103555020897,positive,293,293,
C_COMPLEMENT_NB,2,1,264,things,textual,complement_log_weight,5.017079246271055,5.017079246271055,positive,294,294,
C_COMPLEMENT_NB,2,1,69,don,textual,complement_log_weight,4.997640503866176,4.997640503866176,positive,295,295,
C_COMPLEMENT_NB,2,1,135,just,textual,complement_log_weight,4.766256554984322,4.766256554984322,positive,296,296,
C_COMPLEMENT_NB,2,1,192,people,textual,complement_log_weight,4.762442481209133,4.762442481209133,positive,297,297,
C_COMPLEMENT_NB,2,1,33,brain,textual,complement_log_weight,4.600088468999269,4.600088468999269,positive,298,298,
C_COMPLEMENT_NB,2,1,148,like,textual,complement_log_weight,4.422227770078688,4.422227770078688,positive,299,299,
C_COMPLEMENT_NB,2,1,7,adhd,textual,complement_log_weight,4.014077346311936,4.014077346311936,positive,300,300,
C_COMPLEMENT_NB,2,1,301,hedge_score,handcrafted_linguistic,complement_log_weight,3.6772329590769695,3.6772329590769695,positive,301,301,
C_COMPLEMENT_NB,2,1,300,certainty_score,handcrafted_linguistic,complement_log_weight,3.417620822009439,3.417620822009439,positive,302,302,
C_COMPLEMENT_NB,2,1,305,duration_sec_within_platform_percentile,engagement_or_format,complement_log_weight,2.6825971422524475,2.6825971422524475,positive,303,303,
C_COMPLEMENT_NB,2,1,304,views_within_platform_percentile,engagement_or_format,complement_log_weight,2.6536369574401233,2.6536369574401233,positive,304,304,
C_COMPLEMENT_NB,2,1,303,comments_within_platform_percentile,engagement_or_format,complement_log_weight,2.6481665591462997,2.6481665591462997,positive,305,305,
C_COMPLEMENT_NB,2,1,302,likes_within_platform_percentile,engagement_or_format,complement_log_weight,2.6478389391967743,2.6478389391967743,positive,306,306,
C_COMPLEMENT_NB,2,2,152,little bit,textual,complement_log_weight,7.15159037863818,7.15159037863818,positive,1,1,
C_COMPLEMENT_NB,2,2,269,thoughts,textual,complement_log_weight,7.145014534781455,7.145014534781455,positive,2,2,
C_COMPLEMENT_NB,2,2,285,wait,textual,complement_log_weight,7.133083780319657,7.133083780319657,positive,3,3,
C_COMPLEMENT_NB,2,2,222,sensitivity,textual,complement_log_weight,7.123774183979451,7.123774183979451,positive,4,4,
C_COMPLEMENT_NB,2,2,17,affects,textual,complement_log_weight,7.074298325685057,7.074298325685057,positive,5,5,
C_COMPLEMENT_NB,2,2,276,uh,textual,complement_log_weight,6.990822648684509,6.990822648684509,positive,6,6,
C_COMPLEMENT_NB,2,2,165,manage,textual,complement_log_weight,6.98890977748541,6.98890977748541,positive,7,7,
C_COMPLEMENT_NB,2,2,54,definitely,textual,complement_log_weight,6.987535162384739,6.987535162384739,positive,8,8,
C_COMPLEMENT_NB,2,2,190,patients,textual,complement_log_weight,6.967600983401349,6.967600983401349,positive,9,9,
C_COMPLEMENT_NB,2,2,226,sign,textual,complement_log_weight,6.909512146266678,6.909512146266678,positive,10,10,
C_COMPLEMENT_NB,2,2,40,certain,textual,complement_log_weight,6.907250963880536,6.907250963880536,positive,11,11,
C_COMPLEMENT_NB,2,2,73,drink,textual,complement_log_weight,6.882091786333567,6.882091786333567,positive,12,12,
C_COMPLEMENT_NB,2,2,234,sort,textual,complement_log_weight,6.880942116452216,6.880942116452216,positive,13,13,
C_COMPLEMENT_NB,2,2,293,works,textual,complement_log_weight,6.868171041161665,6.868171041161665,positive,14,14,
C_COMPLEMENT_NB,2,2,267,thinking,textual,complement_log_weight,6.855285401966694,6.855285401966694,positive,15,15,
C_COMPLEMENT_NB,2,2,107,great,textual,complement_log_weight,6.849054657318368,6.849054657318368,positive,16,16,
C_COMPLEMENT_NB,2,2,36,caffeine,textual,complement_log_weight,6.846544394474034,6.846544394474034,positive,17,17,
C_COMPLEMENT_NB,2,2,228,single,textual,complement_log_weight,6.828481751723185,6.828481751723185,positive,18,18,
C_COMPLEMENT_NB,2,2,224,seven,textual,complement_log_weight,6.824821172045708,6.824821172045708,positive,19,19,
C_COMPLEMENT_NB,2,2,72,dr,textual,complement_log_weight,6.822485087176635,6.822485087176635,positive,20,20,
C_COMPLEMENT_NB,2,2,188,order,textual,complement_log_weight,6.811902869096959,6.811902869096959,positive,21,21,
C_COMPLEMENT_NB,2,2,150,literally,textual,complement_log_weight,6.809852281912629,6.809852281912629,positive,22,22,
C_COMPLEMENT_NB,2,2,122,hyper,textual,complement_log_weight,6.807779417735907,6.807779417735907,positive,23,23,
C_COMPLEMENT_NB,2,2,70,don know,textual,complement_log_weight,6.802144542892322,6.802144542892322,positive,24,24,
C_COMPLEMENT_NB,2,2,235,sound,textual,complement_log_weight,6.797642141657656,6.797642141657656,positive,25,25,
C_COMPLEMENT_NB,2,2,98,foods,textual,complement_log_weight,6.792336676719581,6.792336676719581,positive,26,26,
C_COMPLEMENT_NB,2,2,292,working memory,textual,complement_log_weight,6.789100805925933,6.789100805925933,positive,27,27,
C_COMPLEMENT_NB,2,2,130,increase,textual,complement_log_weight,6.781247630641596,6.781247630641596,positive,28,28,
C_COMPLEMENT_NB,2,2,12,adhd people,textual,complement_log_weight,6.779748511998842,6.779748511998842,positive,29,29,
C_COMPLEMENT_NB,2,2,10,adhd just,textual,complement_log_weight,6.775818111933925,6.775818111933925,positive,30,30,
C_COMPLEMENT_NB,2,2,177,motivation,textual,complement_log_weight,6.7584475788179,6.7584475788179,positive,31,31,
C_COMPLEMENT_NB,2,2,171,meds,textual,complement_log_weight,6.757483973888613,6.757483973888613,positive,32,32,
C_COMPLEMENT_NB,2,2,231,small,textual,complement_log_weight,6.755673494907396,6.755673494907396,positive,33,33,
C_COMPLEMENT_NB,2,2,238,stay,textual,complement_log_weight,6.749838938342684,6.749838938342684,positive,34,34,
C_COMPLEMENT_NB,2,2,246,studies,textual,complement_log_weight,6.749772285661113,6.749772285661113,positive,35,35,
C_COMPLEMENT_NB,2,2,65,doctor,textual,complement_log_weight,6.7472490210178275,6.7472490210178275,positive,36,36,
C_COMPLEMENT_NB,2,2,101,functioning,textual,complement_log_weight,6.737615491136724,6.737615491136724,positive,37,37,
C_COMPLEMENT_NB,2,2,88,fact,textual,complement_log_weight,6.736228001763496,6.736228001763496,positive,38,38,
C_COMPLEMENT_NB,2,2,156,looking,textual,complement_log_weight,6.734639082141583,6.734639082141583,positive,39,39,
C_COMPLEMENT_NB,2,2,299,yes,textual,complement_log_weight,6.730146796026002,6.730146796026002,positive,40,40,
C_COMPLEMENT_NB,2,2,197,place,textual,complement_log_weight,6.720865519190344,6.720865519190344,positive,41,41,
C_COMPLEMENT_NB,2,2,209,rejection,textual,complement_log_weight,6.718327727264781,6.718327727264781,positive,42,42,
C_COMPLEMENT_NB,2,2,102,gets,textual,complement_log_weight,6.705017598575333,6.705017598575333,positive,43,43,
C_COMPLEMENT_NB,2,2,11,adhd medication,textual,complement_log_weight,6.701997883367441,6.701997883367441,positive,44,44,
C_COMPLEMENT_NB,2,2,207,reason,textual,complement_log_weight,6.695629723045462,6.695629723045462,positive,45,45,
C_COMPLEMENT_NB,2,2,14,adhders,textual,complement_log_weight,6.689315813309437,6.689315813309437,positive,46,46,
C_COMPLEMENT_NB,2,2,48,condition,textual,complement_log_weight,6.687997351516667,6.687997351516667,positive,47,47,
C_COMPLEMENT_NB,2,2,46,comments,textual,complement_log_weight,6.683589164617397,6.683589164617397,positive,48,48,
C_COMPLEMENT_NB,2,2,281,usually,textual,complement_log_weight,6.681995562637264,6.681995562637264,positive,49,49,
C_COMPLEMENT_NB,2,2,166,maybe,textual,complement_log_weight,6.681770204131511,6.681770204131511,positive,50,50,
C_COMPLEMENT_NB,2,2,237,state,textual,complement_log_weight,6.674420895159133,6.674420895159133,positive,51,51,
C_COMPLEMENT_NB,2,2,89,family,textual,complement_log_weight,6.672916378074802,6.672916378074802,positive,52,52,
C_COMPLEMENT_NB,2,2,262,therapy,textual,complement_log_weight,6.670625415726456,6.670625415726456,positive,53,53,
C_COMPLEMENT_NB,2,2,195,phone,textual,complement_log_weight,6.6641327225775315,6.6641327225775315,positive,54,54,
C_COMPLEMENT_NB,2,2,210,relationships,textual,complement_log_weight,6.661740086542711,6.661740086542711,positive,55,55,
C_COMPLEMENT_NB,2,2,216,saying,textual,complement_log_weight,6.6615509888335,6.6615509888335,positive,56,56,
C_COMPLEMENT_NB,2,2,232,social,textual,complement_log_weight,6.65617178105609,6.65617178105609,positive,57,57,
C_COMPLEMENT_NB,2,2,265,things like,textual,complement_log_weight,6.653918061953648,6.653918061953648,positive,58,58,
C_COMPLEMENT_NB,2,2,24,avoid,textual,complement_log_weight,6.6511430850582025,6.6511430850582025,positive,59,59,
C_COMPLEMENT_NB,2,2,74,dysfunction,textual,complement_log_weight,6.647385520113338,6.647385520113338,positive,60,60,
C_COMPLEMENT_NB,2,2,77,eating,textual,complement_log_weight,6.631923657173963,6.631923657173963,positive,61,61,
C_COMPLEMENT_NB,2,2,145,level,textual,complement_log_weight,6.630713123412661,6.630713123412661,positive,62,62,
C_COMPLEMENT_NB,2,2,196,physical,textual,complement_log_weight,6.6255751743285245,6.6255751743285245,positive,63,63,
C_COMPLEMENT_NB,2,2,39,care,textual,complement_log_weight,6.623527335071683,6.623527335071683,positive,64,64,
C_COMPLEMENT_NB,2,2,139,know adhd,textual,complement_log_weight,6.623423837158918,6.623423837158918,positive,65,65,
C_COMPLEMENT_NB,2,2,121,hours,textual,complement_log_weight,6.620751471853521,6.620751471853521,positive,66,66,
C_COMPLEMENT_NB,2,2,233,somebody,textual,complement_log_weight,6.611968750698654,6.611968750698654,positive,67,67,
C_COMPLEMENT_NB,2,2,38,calm,textual,complement_log_weight,6.608984419895797,6.608984419895797,positive,68,68,
C_COMPLEMENT_NB,2,2,277,um,textual,complement_log_weight,6.605735930826017,6.605735930826017,positive,69,69,
C_COMPLEMENT_NB,2,2,214,said,textual,complement_log_weight,6.604628075431094,6.604628075431094,positive,70,70,
C_COMPLEMENT_NB,2,2,100,function,textual,complement_log_weight,6.596326270349014,6.596326270349014,positive,71,71,
C_COMPLEMENT_NB,2,2,22,attention deficit,textual,complement_log_weight,6.5961275564043875,6.5961275564043875,positive,72,72,
C_COMPLEMENT_NB,2,2,189,overwhelmed,textual,complement_log_weight,6.595116066236959,6.595116066236959,positive,73,73,
C_COMPLEMENT_NB,2,2,205,realize,textual,complement_log_weight,6.595039606034466,6.595039606034466,positive,74,74,
C_COMPLEMENT_NB,2,2,134,job,textual,complement_log_weight,6.594169831329963,6.594169831329963,positive,75,75,
C_COMPLEMENT_NB,2,2,84,example,textual,complement_log_weight,6.580505514658431,6.580505514658431,positive,76,76,
C_COMPLEMENT_NB,2,2,75,easily,textual,complement_log_weight,6.576734817158479,6.576734817158479,positive,77,77,
C_COMPLEMENT_NB,2,2,158,lot people,textual,complement_log_weight,6.575889917508239,6.575889917508239,positive,78,78,
C_COMPLEMENT_NB,2,2,51,create,textual,complement_log_weight,6.570128186494364,6.570128186494364,positive,79,79,
C_COMPLEMENT_NB,2,2,125,impact,textual,complement_log_weight,6.569112421605778,6.569112421605778,positive,80,80,
C_COMPLEMENT_NB,2,2,31,bit,textual,complement_log_weight,6.56569946607447,6.56569946607447,positive,81,81,
C_COMPLEMENT_NB,2,2,161,lower,textual,complement_log_weight,6.56197906605418,6.56197906605418,positive,82,82,
C_COMPLEMENT_NB,2,2,225,shown,textual,complement_log_weight,6.561302535661936,6.561302535661936,positive,83,83,
C_COMPLEMENT_NB,2,2,114,hear,textual,complement_log_weight,6.561166423037144,6.561166423037144,positive,84,84,
C_COMPLEMENT_NB,2,2,280,using,textual,complement_log_weight,6.560728847422632,6.560728847422632,positive,85,85,
C_COMPLEMENT_NB,2,2,41,change,textual,complement_log_weight,6.5604578013235075,6.5604578013235075,positive,86,86,
C_COMPLEMENT_NB,2,2,245,struggling,textual,complement_log_weight,6.557265057720604,6.557265057720604,positive,87,87,
C_COMPLEMENT_NB,2,2,180,needs,textual,complement_log_weight,6.5569668364602025,6.5569668364602025,positive,88,88,
C_COMPLEMENT_NB,2,2,170,medications,textual,complement_log_weight,6.556259384359867,6.556259384359867,positive,89,89,
C_COMPLEMENT_NB,2,2,120,highly,textual,complement_log_weight,6.5559887396183605,6.5559887396183605,positive,90,90,
C_COMPLEMENT_NB,2,2,25,away,textual,complement_log_weight,6.530359224388384,6.530359224388384,positive,91,91,
C_COMPLEMENT_NB,2,2,146,levels,textual,complement_log_weight,6.5279014095011965,6.5279014095011965,positive,92,92,
C_COMPLEMENT_NB,2,2,223,sensory,textual,complement_log_weight,6.524609426967952,6.524609426967952,positive,93,93,
C_COMPLEMENT_NB,2,2,203,quickly,textual,complement_log_weight,6.5225177944559,6.5225177944559,positive,94,94,
C_COMPLEMENT_NB,2,2,26,bad,textual,complement_log_weight,6.520026917199129,6.520026917199129,positive,95,95,
C_COMPLEMENT_NB,2,2,127,impulsive,textual,complement_log_weight,6.519397942065675,6.519397942065675,positive,96,96,
C_COMPLEMENT_NB,2,2,19,anger,textual,complement_log_weight,6.517998931876331,6.517998931876331,positive,97,97,
C_COMPLEMENT_NB,2,2,284,video,textual,complement_log_weight,6.516455643056436,6.516455643056436,positive,98,98,
C_COMPLEMENT_NB,2,2,294,world,textual,complement_log_weight,6.512133302507191,6.512133302507191,positive,99,99,
C_COMPLEMENT_NB,2,2,83,everybody,textual,complement_log_weight,6.509708314817474,6.509708314817474,positive,100,100,
C_COMPLEMENT_NB,2,2,76,eat,textual,complement_log_weight,6.509590929153242,6.509590929153242,positive,101,101,
C_COMPLEMENT_NB,2,2,288,ways,textual,complement_log_weight,6.5091507566961475,6.5091507566961475,positive,102,102,
C_COMPLEMENT_NB,2,2,18,alcohol,textual,complement_log_weight,6.508210598280816,6.508210598280816,positive,103,103,
C_COMPLEMENT_NB,2,2,218,second,textual,complement_log_weight,6.507534554834998,6.507534554834998,positive,104,104,
C_COMPLEMENT_NB,2,2,142,later,textual,complement_log_weight,6.506985379857126,6.506985379857126,positive,105,105,
C_COMPLEMENT_NB,2,2,184,normal,textual,complement_log_weight,6.505848771492762,6.505848771492762,positive,106,106,
C_COMPLEMENT_NB,2,2,16,affect,textual,complement_log_weight,6.499560071745664,6.499560071745664,positive,107,107,
C_COMPLEMENT_NB,2,2,296,wrong,textual,complement_log_weight,6.49859032760249,6.49859032760249,positive,108,108,
C_COMPLEMENT_NB,2,2,198,point,textual,complement_log_weight,6.49368709177217,6.49368709177217,positive,109,109,
C_COMPLEMENT_NB,2,2,295,worse,textual,complement_log_weight,6.492825886931616,6.492825886931616,positive,110,110,
C_COMPLEMENT_NB,2,2,271,times,textual,complement_log_weight,6.4835486186199365,6.4835486186199365,positive,111,111,
C_COMPLEMENT_NB,2,2,23,autism,textual,complement_log_weight,6.4654144258656085,6.4654144258656085,positive,112,112,
C_COMPLEMENT_NB,2,2,183,new,textual,complement_log_weight,6.46311233054502,6.46311233054502,positive,113,113,
C_COMPLEMENT_NB,2,2,1,ability,textual,complement_log_weight,6.462734081279334,6.462734081279334,positive,114,114,
C_COMPLEMENT_NB,2,2,140,lack,textual,complement_log_weight,6.458966908847307,6.458966908847307,positive,115,115,
C_COMPLEMENT_NB,2,2,248,stuff,textual,complement_log_weight,6.456607433154368,6.456607433154368,positive,116,116,
C_COMPLEMENT_NB,2,2,4,activity,textual,complement_log_weight,6.450711585170637,6.450711585170637,positive,117,117,
C_COMPLEMENT_NB,2,2,175,minutes,textual,complement_log_weight,6.449753451113053,6.449753451113053,positive,118,118,
C_COMPLEMENT_NB,2,2,164,making,textual,complement_log_weight,6.444875886253941,6.444875886253941,positive,119,119,
C_COMPLEMENT_NB,2,2,90,fast,textual,complement_log_weight,6.4438890892305,6.4438890892305,positive,120,120,
C_COMPLEMENT_NB,2,2,178,music,textual,complement_log_weight,6.442951526170825,6.442951526170825,positive,121,121,
C_COMPLEMENT_NB,2,2,64,distracted,textual,complement_log_weight,6.4401883056967675,6.4401883056967675,positive,122,122,
C_COMPLEMENT_NB,2,2,176,morning,textual,complement_log_weight,6.4377684189335564,6.4377684189335564,positive,123,123,
C_COMPLEMENT_NB,2,2,8,adhd brain,textual,complement_log_weight,6.434122676245178,6.434122676245178,positive,124,124,
C_COMPLEMENT_NB,2,2,3,absolutely,textual,complement_log_weight,6.430854561804282,6.430854561804282,positive,125,125,
C_COMPLEMENT_NB,2,2,221,sensitive,textual,complement_log_weight,6.429197049882225,6.429197049882225,positive,126,126,
C_COMPLEMENT_NB,2,2,86,exercise,textual,complement_log_weight,6.427257396440883,6.427257396440883,positive,127,127,
C_COMPLEMENT_NB,2,2,57,diagnosis,textual,complement_log_weight,6.42604380558505,6.42604380558505,positive,128,128,
C_COMPLEMENT_NB,2,2,9,adhd brains,textual,complement_log_weight,6.423188677306652,6.423188677306652,positive,129,129,
C_COMPLEMENT_NB,2,2,181,nervous,textual,complement_log_weight,6.416320940088748,6.416320940088748,positive,130,130,
C_COMPLEMENT_NB,2,2,250,support,textual,complement_log_weight,6.411873465841572,6.411873465841572,positive,131,131,
C_COMPLEMENT_NB,2,2,129,inattentive,textual,complement_log_weight,6.410851378139732,6.410851378139732,positive,132,132,
C_COMPLEMENT_NB,2,2,143,learn,textual,complement_log_weight,6.4106408631226195,6.4106408631226195,positive,133,133,
C_COMPLEMENT_NB,2,2,241,stimulation,textual,complement_log_weight,6.410494064101366,6.410494064101366,positive,134,134,
C_COMPLEMENT_NB,2,2,251,sure,textual,complement_log_weight,6.399465423913723,6.399465423913723,positive,135,135,
C_COMPLEMENT_NB,2,2,108,gut,textual,complement_log_weight,6.398592868212706,6.398592868212706,positive,136,136,
C_COMPLEMENT_NB,2,2,97,food,textual,complement_log_weight,6.396980949043332,6.396980949043332,positive,137,137,
C_COMPLEMENT_NB,2,2,268,thought,textual,complement_log_weight,6.390587937399401,6.390587937399401,positive,138,138,
C_COMPLEMENT_NB,2,2,240,stimulants,textual,complement_log_weight,6.387767418166837,6.387767418166837,positive,139,139,
C_COMPLEMENT_NB,2,2,28,best,textual,complement_log_weight,6.37935804676639,6.37935804676639,positive,140,140,
C_COMPLEMENT_NB,2,2,96,follow,textual,complement_log_weight,6.374971884966029,6.374971884966029,positive,141,141,
C_COMPLEMENT_NB,2,2,80,end,textual,complement_log_weight,6.3718216233056975,6.3718216233056975,positive,142,142,
C_COMPLEMENT_NB,2,2,229,sit,textual,complement_log_weight,6.3699757137802075,6.3699757137802075,positive,143,143,
C_COMPLEMENT_NB,2,2,53,deficit,textual,complement_log_weight,6.365470861531261,6.365470861531261,positive,144,144,
C_COMPLEMENT_NB,2,2,45,comes,textual,complement_log_weight,6.365036854722328,6.365036854722328,positive,145,145,
C_COMPLEMENT_NB,2,2,111,harder,textual,complement_log_weight,6.364961481437187,6.364961481437187,positive,146,146,
C_COMPLEMENT_NB,2,2,247,study,textual,complement_log_weight,6.362380342041467,6.362380342041467,positive,147,147,
C_COMPLEMENT_NB,2,2,109,happens,textual,complement_log_weight,6.3591206499096415,6.3591206499096415,positive,148,148,
C_COMPLEMENT_NB,2,2,27,behavior,textual,complement_log_weight,6.353143169017303,6.353143169017303,positive,149,149,
C_COMPLEMENT_NB,2,2,191,pay,textual,complement_log_weight,6.351296205010825,6.351296205010825,positive,150,150,
C_COMPLEMENT_NB,2,2,35,burnout,textual,complement_log_weight,6.350720517187828,6.350720517187828,positive,151,151,
C_COMPLEMENT_NB,2,2,94,feels,textual,complement_log_weight,6.3481834397481105,6.3481834397481105,positive,152,152,
C_COMPLEMENT_NB,2,2,227,signs,textual,complement_log_weight,6.343769393560668,6.343769393560668,positive,153,153,
C_COMPLEMENT_NB,2,2,278,understand,textual,complement_log_weight,6.342277739672393,6.342277739672393,positive,154,154,
C_COMPLEMENT_NB,2,2,93,feeling,textual,complement_log_weight,6.341851277309852,6.341851277309852,positive,155,155,
C_COMPLEMENT_NB,2,2,261,test,textual,complement_log_weight,6.339481656688213,6.339481656688213,positive,156,156,
C_COMPLEMENT_NB,2,2,173,mental,textual,complement_log_weight,6.336101784723324,6.336101784723324,positive,157,157,
C_COMPLEMENT_NB,2,2,59,didn,textual,complement_log_weight,6.331277630600672,6.331277630600672,positive,158,158,
C_COMPLEMENT_NB,2,2,220,sense,textual,complement_log_weight,6.329419715854475,6.329419715854475,positive,159,159,
C_COMPLEMENT_NB,2,2,275,type,textual,complement_log_weight,6.328872912210072,6.328872912210072,positive,160,160,
C_COMPLEMENT_NB,2,2,186,oh,textual,complement_log_weight,6.322674582785884,6.322674582785884,positive,161,161,
C_COMPLEMENT_NB,2,2,13,adhd symptoms,textual,complement_log_weight,6.311057189528026,6.311057189528026,positive,162,162,
C_COMPLEMENT_NB,2,2,255,talking,textual,complement_log_weight,6.3077254879077715,6.3077254879077715,positive,163,163,
C_COMPLEMENT_NB,2,2,167,mean,textual,complement_log_weight,6.303471508706658,6.303471508706658,positive,164,164,
C_COMPLEMENT_NB,2,2,43,children,textual,complement_log_weight,6.299037876862446,6.299037876862446,positive,165,165,
C_COMPLEMENT_NB,2,2,253,taking,textual,complement_log_weight,6.296534256055418,6.296534256055418,positive,166,166,
C_COMPLEMENT_NB,2,2,208,regulation,textual,complement_log_weight,6.294177935384643,6.294177935384643,positive,167,167,
C_COMPLEMENT_NB,2,2,55,depression,textual,complement_log_weight,6.293937355743161,6.293937355743161,positive,168,168,
C_COMPLEMENT_NB,2,2,149,likely,textual,complement_log_weight,6.285935364350528,6.285935364350528,positive,169,169,
C_COMPLEMENT_NB,2,2,154,long,textual,complement_log_weight,6.272332131603338,6.272332131603338,positive,170,170,
C_COMPLEMENT_NB,2,2,141,late,textual,complement_log_weight,6.268488340505967,6.268488340505967,positive,171,171,
C_COMPLEMENT_NB,2,2,85,executive,textual,complement_log_weight,6.267498650505854,6.267498650505854,positive,172,172,
C_COMPLEMENT_NB,2,2,212,research,textual,complement_log_weight,6.266964665745036,6.266964665745036,positive,173,173,
C_COMPLEMENT_NB,2,2,60,difference,textual,complement_log_weight,6.2662019232570145,6.2662019232570145,positive,174,174,
C_COMPLEMENT_NB,2,2,254,talk,textual,complement_log_weight,6.258526680282925,6.258526680282925,positive,175,175,
C_COMPLEMENT_NB,2,2,2,able,textual,complement_log_weight,6.2516163014097135,6.2516163014097135,positive,176,176,
C_COMPLEMENT_NB,2,2,123,hyperactive,textual,complement_log_weight,6.250692753112811,6.250692753112811,positive,177,177,
C_COMPLEMENT_NB,2,2,136,kids,textual,complement_log_weight,6.250301483025625,6.250301483025625,positive,178,178,
C_COMPLEMENT_NB,2,2,131,instead,textual,complement_log_weight,6.247804986459914,6.247804986459914,positive,179,179,
C_COMPLEMENT_NB,2,2,79,emotions,textual,complement_log_weight,6.247167317463335,6.247167317463335,positive,180,180,
C_COMPLEMENT_NB,2,2,243,stress,textual,complement_log_weight,6.238602337795264,6.238602337795264,positive,181,181,
C_COMPLEMENT_NB,2,2,133,issues,textual,complement_log_weight,6.238257452206344,6.238257452206344,positive,182,182,
C_COMPLEMENT_NB,2,2,151,little,textual,complement_log_weight,6.23810883057592,6.23810883057592,positive,183,183,
C_COMPLEMENT_NB,2,2,110,hard,textual,complement_log_weight,6.236778232011183,6.236778232011183,positive,184,184,
C_COMPLEMENT_NB,2,2,128,impulsivity,textual,complement_log_weight,6.234749307884276,6.234749307884276,positive,185,185,
C_COMPLEMENT_NB,2,2,242,stop,textual,complement_log_weight,6.233411362455149,6.233411362455149,positive,186,186,
C_COMPLEMENT_NB,2,2,116,helpful,textual,complement_log_weight,6.233017505366553,6.233017505366553,positive,187,187,
C_COMPLEMENT_NB,2,2,113,health,textual,complement_log_weight,6.232123572683406,6.232123572683406,positive,188,188,
C_COMPLEMENT_NB,2,2,58,did,textual,complement_log_weight,6.231429562556927,6.231429562556927,positive,189,189,
C_COMPLEMENT_NB,2,2,62,difficulty,textual,complement_log_weight,6.227521818128405,6.227521818128405,positive,190,190,
C_COMPLEMENT_NB,2,2,44,come,textual,complement_log_weight,6.225738188652423,6.225738188652423,positive,191,191,
C_COMPLEMENT_NB,2,2,201,problems,textual,complement_log_weight,6.223710753499226,6.223710753499226,positive,192,192,
C_COMPLEMENT_NB,2,2,272,trouble,textual,complement_log_weight,6.22086132750191,6.22086132750191,positive,193,193,
C_COMPLEMENT_NB,2,2,260,term,textual,complement_log_weight,6.217479085301738,6.217479085301738,positive,194,194,
C_COMPLEMENT_NB,2,2,283,ve got,textual,complement_log_weight,6.215670041642352,6.215670041642352,positive,195,195,
C_COMPLEMENT_NB,2,2,32,body,textual,complement_log_weight,6.214442587342735,6.214442587342735,positive,196,196,
C_COMPLEMENT_NB,2,2,82,especially,textual,complement_log_weight,6.210600903114707,6.210600903114707,positive,197,197,
C_COMPLEMENT_NB,2,2,47,common,textual,complement_log_weight,6.207635362620348,6.207635362620348,positive,198,198,
C_COMPLEMENT_NB,2,2,15,adults,textual,complement_log_weight,6.194536340245408,6.194536340245408,positive,199,199,
C_COMPLEMENT_NB,2,2,87,experience,textual,complement_log_weight,6.192037083557931,6.192037083557931,positive,200,200,
C_COMPLEMENT_NB,2,2,168,means,textual,complement_log_weight,6.185875401766828,6.185875401766828,positive,201,201,
C_COMPLEMENT_NB,2,2,163,makes,textual,complement_log_weight,6.1851261080374,6.1851261080374,positive,202,202,
C_COMPLEMENT_NB,2,2,211,remember,textual,complement_log_weight,6.182111249944739,6.182111249944739,positive,203,203,
C_COMPLEMENT_NB,2,2,30,big,textual,complement_log_weight,6.1777590927612955,6.1777590927612955,positive,204,204,
C_COMPLEMENT_NB,2,2,273,try,textual,complement_log_weight,6.176727571248333,6.176727571248333,positive,205,205,
C_COMPLEMENT_NB,2,2,50,control,textual,complement_log_weight,6.175024796561884,6.175024796561884,positive,206,206,
C_COMPLEMENT_NB,2,2,291,working,textual,complement_log_weight,6.174553126574897,6.174553126574897,positive,207,207,
C_COMPLEMENT_NB,2,2,182,neurotypical,textual,complement_log_weight,6.145599881290257,6.145599881290257,positive,208,208,
C_COMPLEMENT_NB,2,2,199,probably,textual,complement_log_weight,6.1393876436586785,6.1393876436586785,positive,209,209,
C_COMPLEMENT_NB,2,2,160,low,textual,complement_log_weight,6.137866746297063,6.137866746297063,positive,210,210,
C_COMPLEMENT_NB,2,2,81,energy,textual,complement_log_weight,6.137407771368219,6.137407771368219,positive,211,211,
C_COMPLEMENT_NB,2,2,289,women,textual,complement_log_weight,6.135800779237039,6.135800779237039,positive,212,212,
C_COMPLEMENT_NB,2,2,117,helps,textual,complement_log_weight,6.131540782885739,6.131540782885739,positive,213,213,
C_COMPLEMENT_NB,2,2,174,mind,textual,complement_log_weight,6.127844380660331,6.127844380660331,positive,214,214,
C_COMPLEMENT_NB,2,2,37,called,textual,complement_log_weight,6.123711105727374,6.123711105727374,positive,215,215,
C_COMPLEMENT_NB,2,2,219,self,textual,complement_log_weight,6.122390250798342,6.122390250798342,positive,216,216,
C_COMPLEMENT_NB,2,2,187,okay,textual,complement_log_weight,6.114825244334847,6.114825244334847,positive,217,217,
C_COMPLEMENT_NB,2,2,239,stimulant,textual,complement_log_weight,6.114767322775721,6.114767322775721,positive,218,218,
C_COMPLEMENT_NB,2,2,49,constantly,textual,complement_log_weight,6.104531137377458,6.104531137377458,positive,219,219,
C_COMPLEMENT_NB,2,2,217,school,textual,complement_log_weight,6.092013305244545,6.092013305244545,positive,220,220,
C_COMPLEMENT_NB,2,2,298,years,textual,complement_log_weight,6.091455477274013,6.091455477274013,positive,221,221,
C_COMPLEMENT_NB,2,2,258,tell,textual,complement_log_weight,6.084420506703654,6.084420506703654,positive,222,222,
C_COMPLEMENT_NB,2,2,249,sugar,textual,complement_log_weight,6.083255084107529,6.083255084107529,positive,223,223,
C_COMPLEMENT_NB,2,2,297,yeah,textual,complement_log_weight,6.080718967008848,6.080718967008848,positive,224,224,
C_COMPLEMENT_NB,2,2,202,protein,textual,complement_log_weight,6.074515466536521,6.074515466536521,positive,225,225,
C_COMPLEMENT_NB,2,2,124,hyperactivity,textual,complement_log_weight,6.071143851500345,6.071143851500345,positive,226,226,
C_COMPLEMENT_NB,2,2,6,add,textual,complement_log_weight,6.059014947795507,6.059014947795507,positive,227,227,
C_COMPLEMENT_NB,2,2,274,trying,textual,complement_log_weight,6.057708177936771,6.057708177936771,positive,228,228,
C_COMPLEMENT_NB,2,2,204,real,textual,complement_log_weight,6.057046663182139,6.057046663182139,positive,229,229,
C_COMPLEMENT_NB,2,2,132,isn,textual,complement_log_weight,6.047526603390738,6.047526603390738,positive,230,230,
C_COMPLEMENT_NB,2,2,200,problem,textual,complement_log_weight,6.039281893674285,6.039281893674285,positive,231,231,
C_COMPLEMENT_NB,2,2,244,struggle,textual,complement_log_weight,6.027811918299384,6.027811918299384,positive,232,232,
C_COMPLEMENT_NB,2,2,279,use,textual,complement_log_weight,6.0154733961499,6.0154733961499,positive,233,233,
C_COMPLEMENT_NB,2,2,92,feel like,textual,complement_log_weight,5.997876811563085,5.997876811563085,positive,234,234,
C_COMPLEMENT_NB,2,2,172,memory,textual,complement_log_weight,5.99557543836712,5.99557543836712,positive,235,235,
C_COMPLEMENT_NB,2,2,257,tasks,textual,complement_log_weight,5.994048529819885,5.994048529819885,positive,236,236,
C_COMPLEMENT_NB,2,2,256,task,textual,complement_log_weight,5.992957632824737,5.992957632824737,positive,237,237,
C_COMPLEMENT_NB,2,2,118,high,textual,complement_log_weight,5.991991339677415,5.991991339677415,positive,238,238,
C_COMPLEMENT_NB,2,2,56,diagnosed,textual,complement_log_weight,5.955666041904241,5.955666041904241,positive,239,239,
C_COMPLEMENT_NB,2,2,0,10,textual,complement_log_weight,5.944917969900421,5.944917969900421,positive,240,240,
C_COMPLEMENT_NB,2,2,112,having,textual,complement_log_weight,5.941169282165668,5.941169282165668,positive,241,241,
C_COMPLEMENT_NB,2,2,34,brains,textual,complement_log_weight,5.9371985965093925,5.9371985965093925,positive,242,242,
C_COMPLEMENT_NB,2,2,99,forget,textual,complement_log_weight,5.926823019189269,5.926823019189269,positive,243,243,
C_COMPLEMENT_NB,2,2,144,let,textual,complement_log_weight,5.914276400327913,5.914276400327913,positive,244,244,
C_COMPLEMENT_NB,2,2,67,doesn,textual,complement_log_weight,5.911517041194813,5.911517041194813,positive,245,245,
C_COMPLEMENT_NB,2,2,63,disorder,textual,complement_log_weight,5.910963307105033,5.910963307105033,positive,246,246,
C_COMPLEMENT_NB,2,2,119,higher,textual,complement_log_weight,5.908313456363156,5.908313456363156,positive,247,247,
C_COMPLEMENT_NB,2,2,29,better,textual,complement_log_weight,5.907853740841462,5.907853740841462,positive,248,248,
C_COMPLEMENT_NB,2,2,137,kind,textual,complement_log_weight,5.906359863881932,5.906359863881932,positive,249,249,
C_COMPLEMENT_NB,2,2,259,tend,textual,complement_log_weight,5.888941358268986,5.888941358268986,positive,250,250,
C_COMPLEMENT_NB,2,2,159,love,textual,complement_log_weight,5.86164180047319,5.86164180047319,positive,251,251,
C_COMPLEMENT_NB,2,2,20,anxiety,textual,complement_log_weight,5.8616376858169295,5.8616376858169295,positive,252,252,
C_COMPLEMENT_NB,2,2,68,doing,textual,complement_log_weight,5.857150808082258,5.857150808082258,positive,253,253,
C_COMPLEMENT_NB,2,2,126,important,textual,complement_log_weight,5.8386335342187525,5.8386335342187525,positive,254,254,
C_COMPLEMENT_NB,2,2,106,got,textual,complement_log_weight,5.8223331526964275,5.8223331526964275,positive,255,255,
C_COMPLEMENT_NB,2,2,155,look,textual,complement_log_weight,5.821092777117994,5.821092777117994,positive,256,256,
C_COMPLEMENT_NB,2,2,103,getting,textual,complement_log_weight,5.802562257094903,5.802562257094903,positive,257,257,
C_COMPLEMENT_NB,2,2,66,does,textual,complement_log_weight,5.787463010756695,5.787463010756695,positive,258,258,
C_COMPLEMENT_NB,2,2,105,good,textual,complement_log_weight,5.776163285076363,5.776163285076363,positive,259,259,
C_COMPLEMENT_NB,2,2,78,emotional,textual,complement_log_weight,5.75737020285041,5.75737020285041,positive,260,260,
C_COMPLEMENT_NB,2,2,61,different,textual,complement_log_weight,5.723235048269427,5.723235048269427,positive,261,261,
C_COMPLEMENT_NB,2,2,230,sleep,textual,complement_log_weight,5.712454447074359,5.712454447074359,positive,262,262,
C_COMPLEMENT_NB,2,2,287,way,textual,complement_log_weight,5.696290982403915,5.696290982403915,positive,263,263,
C_COMPLEMENT_NB,2,2,215,say,textual,complement_log_weight,5.643879702879009,5.643879702879009,positive,264,264,
C_COMPLEMENT_NB,2,2,286,want,textual,complement_log_weight,5.630176054539894,5.630176054539894,positive,265,265,
C_COMPLEMENT_NB,2,2,169,medication,textual,complement_log_weight,5.627979477032511,5.627979477032511,positive,266,266,
C_COMPLEMENT_NB,2,2,52,day,textual,complement_log_weight,5.616249787855395,5.616249787855395,positive,267,267,
C_COMPLEMENT_NB,2,2,42,child,textual,complement_log_weight,5.60530555292672,5.60530555292672,positive,268,268,
C_COMPLEMENT_NB,2,2,162,make,textual,complement_log_weight,5.605068417152217,5.605068417152217,positive,269,269,
C_COMPLEMENT_NB,2,2,236,start,textual,complement_log_weight,5.5822506337413005,5.5822506337413005,positive,270,270,
C_COMPLEMENT_NB,2,2,213,right,textual,complement_log_weight,5.561311086160221,5.561311086160221,positive,271,271,
C_COMPLEMENT_NB,2,2,290,work,textual,complement_log_weight,5.533404555664226,5.533404555664226,positive,272,272,
C_COMPLEMENT_NB,2,2,153,ll,textual,complement_log_weight,5.525338862291684,5.525338862291684,positive,273,273,
C_COMPLEMENT_NB,2,2,194,person,textual,complement_log_weight,5.508713438348463,5.508713438348463,positive,274,274,
C_COMPLEMENT_NB,2,2,115,help,textual,complement_log_weight,5.496250391508586,5.496250391508586,positive,275,275,
C_COMPLEMENT_NB,2,2,95,focus,textual,complement_log_weight,5.494836350856917,5.494836350856917,positive,276,276,
C_COMPLEMENT_NB,2,2,263,thing,textual,complement_log_weight,5.453500139794586,5.453500139794586,positive,277,277,
C_COMPLEMENT_NB,2,2,282,ve,textual,complement_log_weight,5.447976909367322,5.447976909367322,positive,278,278,
C_COMPLEMENT_NB,2,2,157,lot,textual,complement_log_weight,5.431977234671572,5.431977234671572,positive,279,279,
C_COMPLEMENT_NB,2,2,193,people adhd,textual,complement_log_weight,5.4300065312022365,5.4300065312022365,positive,280,280,
C_COMPLEMENT_NB,2,2,147,life,textual,complement_log_weight,5.419646819579548,5.419646819579548,positive,281,281,
C_COMPLEMENT_NB,2,2,179,need,textual,complement_log_weight,5.391348907327229,5.391348907327229,positive,282,282,
C_COMPLEMENT_NB,2,2,266,think,textual,complement_log_weight,5.375713224783105,5.375713224783105,positive,283,283,
C_COMPLEMENT_NB,2,2,91,feel,textual,complement_log_weight,5.354504041953391,5.354504041953391,positive,284,284,
C_COMPLEMENT_NB,2,2,5,actually,textual,complement_log_weight,5.339936310064514,5.339936310064514,positive,285,285,
C_COMPLEMENT_NB,2,2,21,attention,textual,complement_log_weight,5.322756523889491,5.322756523889491,positive,286,286,
C_COMPLEMENT_NB,2,2,252,symptoms,textual,complement_log_weight,5.271662312575099,5.271662312575099,positive,287,287,
C_COMPLEMENT_NB,2,2,270,time,textual,complement_log_weight,5.239307719344165,5.239307719344165,positive,288,288,
C_COMPLEMENT_NB,2,2,206,really,textual,complement_log_weight,5.206948128535622,5.206948128535622,positive,289,289,
C_COMPLEMENT_NB,2,2,71,dopamine,textual,complement_log_weight,5.126786875200901,5.126786875200901,positive,290,290,
C_COMPLEMENT_NB,2,2,104,going,textual,complement_log_weight,5.112660165243895,5.112660165243895,positive,291,291,
C_COMPLEMENT_NB,2,2,69,don,textual,complement_log_weight,5.054450553636598,5.054450553636598,positive,292,292,
C_COMPLEMENT_NB,2,2,138,know,textual,complement_log_weight,5.042203536949298,5.042203536949298,positive,293,293,
C_COMPLEMENT_NB,2,2,264,things,textual,complement_log_weight,5.030078787150564,5.030078787150564,positive,294,294,
C_COMPLEMENT_NB,2,2,185,number,textual,complement_log_weight,4.992606143752871,4.992606143752871,positive,295,295,
C_COMPLEMENT_NB,2,2,135,just,textual,complement_log_weight,4.803899455259495,4.803899455259495,positive,296,296,
C_COMPLEMENT_NB,2,2,192,people,textual,complement_log_weight,4.744683879335678,4.744683879335678,positive,297,297,
C_COMPLEMENT_NB,2,2,33,brain,textual,complement_log_weight,4.732166103318736,4.732166103318736,positive,298,298,
C_COMPLEMENT_NB,2,2,148,like,textual,complement_log_weight,4.411695317245155,4.411695317245155,positive,299,299,
C_COMPLEMENT_NB,2,2,7,adhd,textual,complement_log_weight,3.988905176123751,3.988905176123751,positive,300,300,
C_COMPLEMENT_NB,2,2,301,hedge_score,handcrafted_linguistic,complement_log_weight,3.577819621787282,3.577819621787282,positive,301,301,
C_COMPLEMENT_NB,2,2,300,certainty_score,handcrafted_linguistic,complement_log_weight,3.3954846946598707,3.3954846946598707,positive,302,302,
C_COMPLEMENT_NB,2,2,305,duration_sec_within_platform_percentile,engagement_or_format,complement_log_weight,2.6719603082055996,2.6719603082055996,positive,303,303,
C_COMPLEMENT_NB,2,2,303,comments_within_platform_percentile,engagement_or_format,complement_log_weight,2.6713995695237345,2.6713995695237345,positive,304,304,
C_COMPLEMENT_NB,2,2,302,likes_within_platform_percentile,engagement_or_format,complement_log_weight,2.6708312700935264,2.6708312700935264,positive,305,305,
C_COMPLEMENT_NB,2,2,304,views_within_platform_percentile,engagement_or_format,complement_log_weight,2.6694497129474777,2.6694497129474777,positive,306,306,
C_COMPLEMENT_NB,2,3,108,gut,textual,complement_log_weight,7.918464677416802,7.918464677416802,positive,1,1,
C_COMPLEMENT_NB,2,3,73,drink,textual,complement_log_weight,7.827514502059225,7.827514502059225,positive,2,2,
C_COMPLEMENT_NB,2,3,292,working memory,textual,complement_log_weight,7.476674562622691,7.476674562622691,positive,3,3,
C_COMPLEMENT_NB,2,3,102,gets,textual,complement_log_weight,7.261916858338634,7.261916858338634,positive,4,4,
C_COMPLEMENT_NB,2,3,235,sound,textual,complement_log_weight,7.227849669792624,7.227849669792624,positive,5,5,
C_COMPLEMENT_NB,2,3,19,anger,textual,complement_log_weight,7.219666351034905,7.219666351034905,positive,6,6,
C_COMPLEMENT_NB,2,3,205,realize,textual,complement_log_weight,7.1686754105160775,7.1686754105160775,positive,7,7,
C_COMPLEMENT_NB,2,3,210,relationships,textual,complement_log_weight,7.1572282110505006,7.1572282110505006,positive,8,8,
C_COMPLEMENT_NB,2,3,84,example,textual,complement_log_weight,7.063675554657017,7.063675554657017,positive,9,9,
C_COMPLEMENT_NB,2,3,116,helpful,textual,complement_log_weight,7.0470288285132545,7.0470288285132545,positive,10,10,
C_COMPLEMENT_NB,2,3,171,meds,textual,complement_log_weight,7.035851297600654,7.035851297600654,positive,11,11,
C_COMPLEMENT_NB,2,3,253,taking,textual,complement_log_weight,7.028053748504277,7.028053748504277,positive,12,12,
C_COMPLEMENT_NB,2,3,18,alcohol,textual,complement_log_weight,7.018173718621711,7.018173718621711,positive,13,13,
C_COMPLEMENT_NB,2,3,184,normal,textual,complement_log_weight,6.985505532564182,6.985505532564182,positive,14,14,
C_COMPLEMENT_NB,2,3,161,lower,textual,complement_log_weight,6.9771937785544464,6.9771937785544464,positive,15,15,
C_COMPLEMENT_NB,2,3,145,level,textual,complement_log_weight,6.976319355088783,6.976319355088783,positive,16,16,
C_COMPLEMENT_NB,2,3,74,dysfunction,textual,complement_log_weight,6.971299416578775,6.971299416578775,positive,17,17,
C_COMPLEMENT_NB,2,3,299,yes,textual,complement_log_weight,6.971252173057784,6.971252173057784,positive,18,18,
C_COMPLEMENT_NB,2,3,261,test,textual,complement_log_weight,6.951198982913861,6.951198982913861,positive,19,19,
C_COMPLEMENT_NB,2,3,150,literally,textual,complement_log_weight,6.943770713256385,6.943770713256385,positive,20,20,
C_COMPLEMENT_NB,2,3,276,uh,textual,complement_log_weight,6.930563018080193,6.930563018080193,positive,21,21,
C_COMPLEMENT_NB,2,3,40,certain,textual,complement_log_weight,6.92388443842133,6.92388443842133,positive,22,22,
C_COMPLEMENT_NB,2,3,234,sort,textual,complement_log_weight,6.905299509392662,6.905299509392662,positive,23,23,
C_COMPLEMENT_NB,2,3,146,levels,textual,complement_log_weight,6.905001894981988,6.905001894981988,positive,24,24,
C_COMPLEMENT_NB,2,3,221,sensitive,textual,complement_log_weight,6.899443810662791,6.899443810662791,positive,25,25,
C_COMPLEMENT_NB,2,3,36,caffeine,textual,complement_log_weight,6.8972198775545746,6.8972198775545746,positive,26,26,
C_COMPLEMENT_NB,2,3,198,point,textual,complement_log_weight,6.877387266813534,6.877387266813534,positive,27,27,
C_COMPLEMENT_NB,2,3,152,little bit,textual,complement_log_weight,6.866451165101061,6.866451165101061,positive,28,28,
C_COMPLEMENT_NB,2,3,165,manage,textual,complement_log_weight,6.864879001749837,6.864879001749837,positive,29,29,
C_COMPLEMENT_NB,2,3,97,food,textual,complement_log_weight,6.859042309902058,6.859042309902058,positive,30,30,
C_COMPLEMENT_NB,2,3,54,definitely,textual,complement_log_weight,6.851817721382393,6.851817721382393,positive,31,31,
C_COMPLEMENT_NB,2,3,1,ability,textual,complement_log_weight,6.849603687277524,6.849603687277524,positive,32,32,
C_COMPLEMENT_NB,2,3,224,seven,textual,complement_log_weight,6.84738084283084,6.84738084283084,positive,33,33,
C_COMPLEMENT_NB,2,3,4,activity,textual,complement_log_weight,6.812314062491424,6.812314062491424,positive,34,34,
C_COMPLEMENT_NB,2,3,12,adhd people,textual,complement_log_weight,6.803820292788711,6.803820292788711,positive,35,35,
C_COMPLEMENT_NB,2,3,14,adhders,textual,complement_log_weight,6.8030781103191575,6.8030781103191575,positive,36,36,
C_COMPLEMENT_NB,2,3,72,dr,textual,complement_log_weight,6.8023075043113765,6.8023075043113765,positive,37,37,
C_COMPLEMENT_NB,2,3,190,patients,textual,complement_log_weight,6.795092744941317,6.795092744941317,positive,38,38,
C_COMPLEMENT_NB,2,3,109,happens,textual,complement_log_weight,6.792233546666952,6.792233546666952,positive,39,39,
C_COMPLEMENT_NB,2,3,107,great,textual,complement_log_weight,6.788428649187476,6.788428649187476,positive,40,40,
C_COMPLEMENT_NB,2,3,139,know adhd,textual,complement_log_weight,6.786806924830179,6.786806924830179,positive,41,41,
C_COMPLEMENT_NB,2,3,46,comments,textual,complement_log_weight,6.786276416739987,6.786276416739987,positive,42,42,
C_COMPLEMENT_NB,2,3,16,affect,textual,complement_log_weight,6.766051505653609,6.766051505653609,positive,43,43,
C_COMPLEMENT_NB,2,3,262,therapy,textual,complement_log_weight,6.7610401061733585,6.7610401061733585,positive,44,44,
C_COMPLEMENT_NB,2,3,158,lot people,textual,complement_log_weight,6.746586166147049,6.746586166147049,positive,45,45,
C_COMPLEMENT_NB,2,3,70,don know,textual,complement_log_weight,6.732053232045803,6.732053232045803,positive,46,46,
C_COMPLEMENT_NB,2,3,38,calm,textual,complement_log_weight,6.728342720636756,6.728342720636756,positive,47,47,
C_COMPLEMENT_NB,2,3,288,ways,textual,complement_log_weight,6.724220555350281,6.724220555350281,positive,48,48,
C_COMPLEMENT_NB,2,3,237,state,textual,complement_log_weight,6.7184676563278565,6.7184676563278565,positive,49,49,
C_COMPLEMENT_NB,2,3,26,bad,textual,complement_log_weight,6.711685894044435,6.711685894044435,positive,50,50,
C_COMPLEMENT_NB,2,3,31,bit,textual,complement_log_weight,6.710500993337677,6.710500993337677,positive,51,51,
C_COMPLEMENT_NB,2,3,225,shown,textual,complement_log_weight,6.700655170584543,6.700655170584543,positive,52,52,
C_COMPLEMENT_NB,2,3,24,avoid,textual,complement_log_weight,6.680518000708264,6.680518000708264,positive,53,53,
C_COMPLEMENT_NB,2,3,51,create,textual,complement_log_weight,6.677004959964343,6.677004959964343,positive,54,54,
C_COMPLEMENT_NB,2,3,231,small,textual,complement_log_weight,6.6759846597230785,6.6759846597230785,positive,55,55,
C_COMPLEMENT_NB,2,3,188,order,textual,complement_log_weight,6.661864866604779,6.661864866604779,positive,56,56,
C_COMPLEMENT_NB,2,3,101,functioning,textual,complement_log_weight,6.6492893614564235,6.6492893614564235,positive,57,57,
C_COMPLEMENT_NB,2,3,285,wait,textual,complement_log_weight,6.64857771107966,6.64857771107966,positive,58,58,
C_COMPLEMENT_NB,2,3,214,said,textual,complement_log_weight,6.6458334079522565,6.6458334079522565,positive,59,59,
C_COMPLEMENT_NB,2,3,207,reason,textual,complement_log_weight,6.645210686795134,6.645210686795134,positive,60,60,
C_COMPLEMENT_NB,2,3,226,sign,textual,complement_log_weight,6.641496992311297,6.641496992311297,positive,61,61,
C_COMPLEMENT_NB,2,3,41,change,textual,complement_log_weight,6.639090350077415,6.639090350077415,positive,62,62,
C_COMPLEMENT_NB,2,3,100,function,textual,complement_log_weight,6.630273203695625,6.630273203695625,positive,63,63,
C_COMPLEMENT_NB,2,3,89,family,textual,complement_log_weight,6.626468708355172,6.626468708355172,positive,64,64,
C_COMPLEMENT_NB,2,3,189,overwhelmed,textual,complement_log_weight,6.6239767385048935,6.6239767385048935,positive,65,65,
C_COMPLEMENT_NB,2,3,121,hours,textual,complement_log_weight,6.620353984013705,6.620353984013705,positive,66,66,
C_COMPLEMENT_NB,2,3,11,adhd medication,textual,complement_log_weight,6.617790679922606,6.617790679922606,positive,67,67,
C_COMPLEMENT_NB,2,3,17,affects,textual,complement_log_weight,6.617396043872631,6.617396043872631,positive,68,68,
C_COMPLEMENT_NB,2,3,267,thinking,textual,complement_log_weight,6.6171121987853985,6.6171121987853985,positive,69,69,
C_COMPLEMENT_NB,2,3,98,foods,textual,complement_log_weight,6.616314276286671,6.616314276286671,positive,70,70,
C_COMPLEMENT_NB,2,3,248,stuff,textual,complement_log_weight,6.613808404635311,6.613808404635311,positive,71,71,
C_COMPLEMENT_NB,2,3,281,usually,textual,complement_log_weight,6.613538413109208,6.613538413109208,positive,72,72,
C_COMPLEMENT_NB,2,3,76,eat,textual,complement_log_weight,6.6063798577909125,6.6063798577909125,positive,73,73,
C_COMPLEMENT_NB,2,3,233,somebody,textual,complement_log_weight,6.605380712637996,6.605380712637996,positive,74,74,
C_COMPLEMENT_NB,2,3,48,condition,textual,complement_log_weight,6.602785359665347,6.602785359665347,positive,75,75,
C_COMPLEMENT_NB,2,3,293,works,textual,complement_log_weight,6.594524765238325,6.594524765238325,positive,76,76,
C_COMPLEMENT_NB,2,3,228,single,textual,complement_log_weight,6.594156305659648,6.594156305659648,positive,77,77,
C_COMPLEMENT_NB,2,3,166,maybe,textual,complement_log_weight,6.593951635181261,6.593951635181261,positive,78,78,
C_COMPLEMENT_NB,2,3,9,adhd brains,textual,complement_log_weight,6.59074972792065,6.59074972792065,positive,79,79,
C_COMPLEMENT_NB,2,3,122,hyper,textual,complement_log_weight,6.587199662646253,6.587199662646253,positive,80,80,
C_COMPLEMENT_NB,2,3,77,eating,textual,complement_log_weight,6.581513583310071,6.581513583310071,positive,81,81,
C_COMPLEMENT_NB,2,3,238,stay,textual,complement_log_weight,6.580569372707368,6.580569372707368,positive,82,82,
C_COMPLEMENT_NB,2,3,10,adhd just,textual,complement_log_weight,6.576775427142854,6.576775427142854,positive,83,83,
C_COMPLEMENT_NB,2,3,220,sense,textual,complement_log_weight,6.565082770966459,6.565082770966459,positive,84,84,
C_COMPLEMENT_NB,2,3,88,fact,textual,complement_log_weight,6.563750566796121,6.563750566796121,positive,85,85,
C_COMPLEMENT_NB,2,3,296,wrong,textual,complement_log_weight,6.563054457343869,6.563054457343869,positive,86,86,
C_COMPLEMENT_NB,2,3,251,sure,textual,complement_log_weight,6.562700868206963,6.562700868206963,positive,87,87,
C_COMPLEMENT_NB,2,3,197,place,textual,complement_log_weight,6.561460951997925,6.561460951997925,positive,88,88,
C_COMPLEMENT_NB,2,3,143,learn,textual,complement_log_weight,6.560343726498765,6.560343726498765,positive,89,89,
C_COMPLEMENT_NB,2,3,245,struggling,textual,complement_log_weight,6.560252437633705,6.560252437633705,positive,90,90,
C_COMPLEMENT_NB,2,3,176,morning,textual,complement_log_weight,6.556943901853607,6.556943901853607,positive,91,91,
C_COMPLEMENT_NB,2,3,202,protein,textual,complement_log_weight,6.554935451711238,6.554935451711238,positive,92,92,
C_COMPLEMENT_NB,2,3,294,world,textual,complement_log_weight,6.554195628908289,6.554195628908289,positive,93,93,
C_COMPLEMENT_NB,2,3,280,using,textual,complement_log_weight,6.554005853863097,6.554005853863097,positive,94,94,
C_COMPLEMENT_NB,2,3,86,exercise,textual,complement_log_weight,6.547177499366098,6.547177499366098,positive,95,95,
C_COMPLEMENT_NB,2,3,191,pay,textual,complement_log_weight,6.543361490803066,6.543361490803066,positive,96,96,
C_COMPLEMENT_NB,2,3,195,phone,textual,complement_log_weight,6.539736530175897,6.539736530175897,positive,97,97,
C_COMPLEMENT_NB,2,3,134,job,textual,complement_log_weight,6.539398185139936,6.539398185139936,positive,98,98,
C_COMPLEMENT_NB,2,3,271,times,textual,complement_log_weight,6.5243807985520865,6.5243807985520865,positive,99,99,
C_COMPLEMENT_NB,2,3,265,things like,textual,complement_log_weight,6.521973988562391,6.521973988562391,positive,100,100,
C_COMPLEMENT_NB,2,3,65,doctor,textual,complement_log_weight,6.51798465966787,6.51798465966787,positive,101,101,
C_COMPLEMENT_NB,2,3,269,thoughts,textual,complement_log_weight,6.517649362165554,6.517649362165554,positive,102,102,
C_COMPLEMENT_NB,2,3,295,worse,textual,complement_log_weight,6.506216714146929,6.506216714146929,positive,103,103,
C_COMPLEMENT_NB,2,3,277,um,textual,complement_log_weight,6.505911868943373,6.505911868943373,positive,104,104,
C_COMPLEMENT_NB,2,3,232,social,textual,complement_log_weight,6.504015293477737,6.504015293477737,positive,105,105,
C_COMPLEMENT_NB,2,3,216,saying,textual,complement_log_weight,6.5021262912583895,6.5021262912583895,positive,106,106,
C_COMPLEMENT_NB,2,3,223,sensory,textual,complement_log_weight,6.4953932399030485,6.4953932399030485,positive,107,107,
C_COMPLEMENT_NB,2,3,172,memory,textual,complement_log_weight,6.484878787729012,6.484878787729012,positive,108,108,
C_COMPLEMENT_NB,2,3,182,neurotypical,textual,complement_log_weight,6.4844458665653235,6.4844458665653235,positive,109,109,
C_COMPLEMENT_NB,2,3,222,sensitivity,textual,complement_log_weight,6.482411144291797,6.482411144291797,positive,110,110,
C_COMPLEMENT_NB,2,3,125,impact,textual,complement_log_weight,6.477348483468326,6.477348483468326,positive,111,111,
C_COMPLEMENT_NB,2,3,196,physical,textual,complement_log_weight,6.4723432659341675,6.4723432659341675,positive,112,112,
C_COMPLEMENT_NB,2,3,129,inattentive,textual,complement_log_weight,6.470622029087252,6.470622029087252,positive,113,113,
C_COMPLEMENT_NB,2,3,177,motivation,textual,complement_log_weight,6.466742711319799,6.466742711319799,positive,114,114,
C_COMPLEMENT_NB,2,3,39,care,textual,complement_log_weight,6.463167108361393,6.463167108361393,positive,115,115,
C_COMPLEMENT_NB,2,3,60,difference,textual,complement_log_weight,6.451248344847839,6.451248344847839,positive,116,116,
C_COMPLEMENT_NB,2,3,120,highly,textual,complement_log_weight,6.445436233006922,6.445436233006922,positive,117,117,
C_COMPLEMENT_NB,2,3,58,did,textual,complement_log_weight,6.443650894618577,6.443650894618577,positive,118,118,
C_COMPLEMENT_NB,2,3,79,emotions,textual,complement_log_weight,6.4425827996432465,6.4425827996432465,positive,119,119,
C_COMPLEMENT_NB,2,3,22,attention deficit,textual,complement_log_weight,6.4411527717365145,6.4411527717365145,positive,120,120,
C_COMPLEMENT_NB,2,3,175,minutes,textual,complement_log_weight,6.440541594255972,6.440541594255972,positive,121,121,
C_COMPLEMENT_NB,2,3,28,best,textual,complement_log_weight,6.440396367996987,6.440396367996987,positive,122,122,
C_COMPLEMENT_NB,2,3,183,new,textual,complement_log_weight,6.4238361983509025,6.4238361983509025,positive,123,123,
C_COMPLEMENT_NB,2,3,45,comes,textual,complement_log_weight,6.422240614225309,6.422240614225309,positive,124,124,
C_COMPLEMENT_NB,2,3,247,study,textual,complement_log_weight,6.4167314492198955,6.4167314492198955,positive,125,125,
C_COMPLEMENT_NB,2,3,268,thought,textual,complement_log_weight,6.416017342541949,6.416017342541949,positive,126,126,
C_COMPLEMENT_NB,2,3,114,hear,textual,complement_log_weight,6.408181805690191,6.408181805690191,positive,127,127,
C_COMPLEMENT_NB,2,3,274,trying,textual,complement_log_weight,6.405003175075904,6.405003175075904,positive,128,128,
C_COMPLEMENT_NB,2,3,156,looking,textual,complement_log_weight,6.400751240210095,6.400751240210095,positive,129,129,
C_COMPLEMENT_NB,2,3,8,adhd brain,textual,complement_log_weight,6.397492686031514,6.397492686031514,positive,130,130,
C_COMPLEMENT_NB,2,3,250,support,textual,complement_log_weight,6.393916690724085,6.393916690724085,positive,131,131,
C_COMPLEMENT_NB,2,3,37,called,textual,complement_log_weight,6.392440306500707,6.392440306500707,positive,132,132,
C_COMPLEMENT_NB,2,3,83,everybody,textual,complement_log_weight,6.386662854787551,6.386662854787551,positive,133,133,
C_COMPLEMENT_NB,2,3,111,harder,textual,complement_log_weight,6.382797858739331,6.382797858739331,positive,134,134,
C_COMPLEMENT_NB,2,3,30,big,textual,complement_log_weight,6.378310720703251,6.378310720703251,positive,135,135,
C_COMPLEMENT_NB,2,3,80,end,textual,complement_log_weight,6.377070586506234,6.377070586506234,positive,136,136,
C_COMPLEMENT_NB,2,3,75,easily,textual,complement_log_weight,6.376493064974236,6.376493064974236,positive,137,137,
C_COMPLEMENT_NB,2,3,149,likely,textual,complement_log_weight,6.376236603082138,6.376236603082138,positive,138,138,
C_COMPLEMENT_NB,2,3,25,away,textual,complement_log_weight,6.372762393043241,6.372762393043241,positive,139,139,
C_COMPLEMENT_NB,2,3,218,second,textual,complement_log_weight,6.371913681215996,6.371913681215996,positive,140,140,
C_COMPLEMENT_NB,2,3,203,quickly,textual,complement_log_weight,6.365771664526515,6.365771664526515,positive,141,141,
C_COMPLEMENT_NB,2,3,186,oh,textual,complement_log_weight,6.36452531168287,6.36452531168287,positive,142,142,
C_COMPLEMENT_NB,2,3,85,executive,textual,complement_log_weight,6.356789991942555,6.356789991942555,positive,143,143,
C_COMPLEMENT_NB,2,3,94,feels,textual,complement_log_weight,6.356266162648379,6.356266162648379,positive,144,144,
C_COMPLEMENT_NB,2,3,200,problem,textual,complement_log_weight,6.354425147114087,6.354425147114087,positive,145,145,
C_COMPLEMENT_NB,2,3,209,rejection,textual,complement_log_weight,6.354402459552434,6.354402459552434,positive,146,146,
C_COMPLEMENT_NB,2,3,59,didn,textual,complement_log_weight,6.347662667342644,6.347662667342644,positive,147,147,
C_COMPLEMENT_NB,2,3,126,important,textual,complement_log_weight,6.345305095480512,6.345305095480512,positive,148,148,
C_COMPLEMENT_NB,2,3,27,behavior,textual,complement_log_weight,6.341247278730955,6.341247278730955,positive,149,149,
C_COMPLEMENT_NB,2,3,23,autism,textual,complement_log_weight,6.331978226383201,6.331978226383201,positive,150,150,
C_COMPLEMENT_NB,2,3,96,follow,textual,complement_log_weight,6.329525813788689,6.329525813788689,positive,151,151,
C_COMPLEMENT_NB,2,3,275,type,textual,complement_log_weight,6.327675354879407,6.327675354879407,positive,152,152,
C_COMPLEMENT_NB,2,3,181,nervous,textual,complement_log_weight,6.325322161046778,6.325322161046778,positive,153,153,
C_COMPLEMENT_NB,2,3,199,probably,textual,complement_log_weight,6.321284486813932,6.321284486813932,positive,154,154,
C_COMPLEMENT_NB,2,3,283,ve got,textual,complement_log_weight,6.318828297144659,6.318828297144659,positive,155,155,
C_COMPLEMENT_NB,2,3,272,trouble,textual,complement_log_weight,6.317388478195235,6.317388478195235,positive,156,156,
C_COMPLEMENT_NB,2,3,160,low,textual,complement_log_weight,6.31576624669999,6.31576624669999,positive,157,157,
C_COMPLEMENT_NB,2,3,127,impulsive,textual,complement_log_weight,6.315397741419908,6.315397741419908,positive,158,158,
C_COMPLEMENT_NB,2,3,164,making,textual,complement_log_weight,6.312241152620117,6.312241152620117,positive,159,159,
C_COMPLEMENT_NB,2,3,50,control,textual,complement_log_weight,6.311595624028158,6.311595624028158,positive,160,160,
C_COMPLEMENT_NB,2,3,53,deficit,textual,complement_log_weight,6.305857892707293,6.305857892707293,positive,161,161,
C_COMPLEMENT_NB,2,3,133,issues,textual,complement_log_weight,6.300841836884385,6.300841836884385,positive,162,162,
C_COMPLEMENT_NB,2,3,3,absolutely,textual,complement_log_weight,6.298049500417611,6.298049500417611,positive,163,163,
C_COMPLEMENT_NB,2,3,82,especially,textual,complement_log_weight,6.29546373396119,6.29546373396119,positive,164,164,
C_COMPLEMENT_NB,2,3,113,health,textual,complement_log_weight,6.29176730237218,6.29176730237218,positive,165,165,
C_COMPLEMENT_NB,2,3,246,studies,textual,complement_log_weight,6.29160406418003,6.29160406418003,positive,166,166,
C_COMPLEMENT_NB,2,3,47,common,textual,complement_log_weight,6.284454148281943,6.284454148281943,positive,167,167,
C_COMPLEMENT_NB,2,3,142,later,textual,complement_log_weight,6.278241740045871,6.278241740045871,positive,168,168,
C_COMPLEMENT_NB,2,3,90,fast,textual,complement_log_weight,6.272031236762824,6.272031236762824,positive,169,169,
C_COMPLEMENT_NB,2,3,170,medications,textual,complement_log_weight,6.2680980670198,6.2680980670198,positive,170,170,
C_COMPLEMENT_NB,2,3,212,research,textual,complement_log_weight,6.266808621292698,6.266808621292698,positive,171,171,
C_COMPLEMENT_NB,2,3,167,mean,textual,complement_log_weight,6.255718846279655,6.255718846279655,positive,172,172,
C_COMPLEMENT_NB,2,3,217,school,textual,complement_log_weight,6.246529779397562,6.246529779397562,positive,173,173,
C_COMPLEMENT_NB,2,3,141,late,textual,complement_log_weight,6.2422095412064476,6.2422095412064476,positive,174,174,
C_COMPLEMENT_NB,2,3,130,increase,textual,complement_log_weight,6.240238140123265,6.240238140123265,positive,175,175,
C_COMPLEMENT_NB,2,3,154,long,textual,complement_log_weight,6.239129953771877,6.239129953771877,positive,176,176,
C_COMPLEMENT_NB,2,3,291,working,textual,complement_log_weight,6.238995634428355,6.238995634428355,positive,177,177,
C_COMPLEMENT_NB,2,3,243,stress,textual,complement_log_weight,6.235280577822608,6.235280577822608,positive,178,178,
C_COMPLEMENT_NB,2,3,13,adhd symptoms,textual,complement_log_weight,6.235271514607216,6.235271514607216,positive,179,179,
C_COMPLEMENT_NB,2,3,178,music,textual,complement_log_weight,6.229199887420033,6.229199887420033,positive,180,180,
C_COMPLEMENT_NB,2,3,131,instead,textual,complement_log_weight,6.225639589749111,6.225639589749111,positive,181,181,
C_COMPLEMENT_NB,2,3,208,regulation,textual,complement_log_weight,6.225224543858834,6.225224543858834,positive,182,182,
C_COMPLEMENT_NB,2,3,255,talking,textual,complement_log_weight,6.223118312219485,6.223118312219485,positive,183,183,
C_COMPLEMENT_NB,2,3,62,difficulty,textual,complement_log_weight,6.222294542193087,6.222294542193087,positive,184,184,
C_COMPLEMENT_NB,2,3,44,come,textual,complement_log_weight,6.219020878861097,6.219020878861097,positive,185,185,
C_COMPLEMENT_NB,2,3,284,video,textual,complement_log_weight,6.218836901016281,6.218836901016281,positive,186,186,
C_COMPLEMENT_NB,2,3,180,needs,textual,complement_log_weight,6.215166392110254,6.215166392110254,positive,187,187,
C_COMPLEMENT_NB,2,3,241,stimulation,textual,complement_log_weight,6.214342163477272,6.214342163477272,positive,188,188,
C_COMPLEMENT_NB,2,3,289,women,textual,complement_log_weight,6.214056399168032,6.214056399168032,positive,189,189,
C_COMPLEMENT_NB,2,3,81,energy,textual,complement_log_weight,6.203443732129441,6.203443732129441,positive,190,190,
C_COMPLEMENT_NB,2,3,278,understand,textual,complement_log_weight,6.18740945369407,6.18740945369407,positive,191,191,
C_COMPLEMENT_NB,2,3,35,burnout,textual,complement_log_weight,6.185417865720818,6.185417865720818,positive,192,192,
C_COMPLEMENT_NB,2,3,242,stop,textual,complement_log_weight,6.185200246556407,6.185200246556407,positive,193,193,
C_COMPLEMENT_NB,2,3,32,body,textual,complement_log_weight,6.184347275122706,6.184347275122706,positive,194,194,
C_COMPLEMENT_NB,2,3,163,makes,textual,complement_log_weight,6.176139706249064,6.176139706249064,positive,195,195,
C_COMPLEMENT_NB,2,3,123,hyperactive,textual,complement_log_weight,6.1726376792780675,6.1726376792780675,positive,196,196,
C_COMPLEMENT_NB,2,3,64,distracted,textual,complement_log_weight,6.1642178840247235,6.1642178840247235,positive,197,197,
C_COMPLEMENT_NB,2,3,240,stimulants,textual,complement_log_weight,6.162672529929844,6.162672529929844,positive,198,198,
C_COMPLEMENT_NB,2,3,298,years,textual,complement_log_weight,6.158051083232769,6.158051083232769,positive,199,199,
C_COMPLEMENT_NB,2,3,93,feeling,textual,complement_log_weight,6.15771052569261,6.15771052569261,positive,200,200,
C_COMPLEMENT_NB,2,3,244,struggle,textual,complement_log_weight,6.155599646785805,6.155599646785805,positive,201,201,
C_COMPLEMENT_NB,2,3,117,helps,textual,complement_log_weight,6.153810815815039,6.153810815815039,positive,202,202,
C_COMPLEMENT_NB,2,3,173,mental,textual,complement_log_weight,6.150006853061181,6.150006853061181,positive,203,203,
C_COMPLEMENT_NB,2,3,249,sugar,textual,complement_log_weight,6.143944778033764,6.143944778033764,positive,204,204,
C_COMPLEMENT_NB,2,3,110,hard,textual,complement_log_weight,6.14041197714692,6.14041197714692,positive,205,205,
C_COMPLEMENT_NB,2,3,273,try,textual,complement_log_weight,6.13159728473945,6.13159728473945,positive,206,206,
C_COMPLEMENT_NB,2,3,254,talk,textual,complement_log_weight,6.123977733967458,6.123977733967458,positive,207,207,
C_COMPLEMENT_NB,2,3,260,term,textual,complement_log_weight,6.118682457305769,6.118682457305769,positive,208,208,
C_COMPLEMENT_NB,2,3,140,lack,textual,complement_log_weight,6.115348576956936,6.115348576956936,positive,209,209,
C_COMPLEMENT_NB,2,3,6,add,textual,complement_log_weight,6.11493096925411,6.11493096925411,positive,210,210,
C_COMPLEMENT_NB,2,3,2,able,textual,complement_log_weight,6.10852497938417,6.10852497938417,positive,211,211,
C_COMPLEMENT_NB,2,3,229,sit,textual,complement_log_weight,6.104812293966884,6.104812293966884,positive,212,212,
C_COMPLEMENT_NB,2,3,168,means,textual,complement_log_weight,6.101952837711536,6.101952837711536,positive,213,213,
C_COMPLEMENT_NB,2,3,136,kids,textual,complement_log_weight,6.076404343725351,6.076404343725351,positive,214,214,
C_COMPLEMENT_NB,2,3,15,adults,textual,complement_log_weight,6.071784439606435,6.071784439606435,positive,215,215,
C_COMPLEMENT_NB,2,3,128,impulsivity,textual,complement_log_weight,6.060579924093086,6.060579924093086,positive,216,216,
C_COMPLEMENT_NB,2,3,187,okay,textual,complement_log_weight,6.054235612178202,6.054235612178202,positive,217,217,
C_COMPLEMENT_NB,2,3,227,signs,textual,complement_log_weight,6.0522916346685545,6.0522916346685545,positive,218,218,
C_COMPLEMENT_NB,2,3,49,constantly,textual,complement_log_weight,6.046252426995444,6.046252426995444,positive,219,219,
C_COMPLEMENT_NB,2,3,57,diagnosis,textual,complement_log_weight,6.045188863647201,6.045188863647201,positive,220,220,
C_COMPLEMENT_NB,2,3,159,love,textual,complement_log_weight,6.045078852586475,6.045078852586475,positive,221,221,
C_COMPLEMENT_NB,2,3,99,forget,textual,complement_log_weight,6.040160830681678,6.040160830681678,positive,222,222,
C_COMPLEMENT_NB,2,3,258,tell,textual,complement_log_weight,6.037466434752404,6.037466434752404,positive,223,223,
C_COMPLEMENT_NB,2,3,43,children,textual,complement_log_weight,6.020292222319012,6.020292222319012,positive,224,224,
C_COMPLEMENT_NB,2,3,151,little,textual,complement_log_weight,6.0198260400668655,6.0198260400668655,positive,225,225,
C_COMPLEMENT_NB,2,3,0,10,textual,complement_log_weight,6.00284692994564,6.00284692994564,positive,226,226,
C_COMPLEMENT_NB,2,3,174,mind,textual,complement_log_weight,5.999706667652247,5.999706667652247,positive,227,227,
C_COMPLEMENT_NB,2,3,87,experience,textual,complement_log_weight,5.992877375031744,5.992877375031744,positive,228,228,
C_COMPLEMENT_NB,2,3,55,depression,textual,complement_log_weight,5.979519940003135,5.979519940003135,positive,229,229,
C_COMPLEMENT_NB,2,3,201,problems,textual,complement_log_weight,5.978013600753774,5.978013600753774,positive,230,230,
C_COMPLEMENT_NB,2,3,219,self,textual,complement_log_weight,5.977400706847254,5.977400706847254,positive,231,231,
C_COMPLEMENT_NB,2,3,29,better,textual,complement_log_weight,5.975789207953935,5.975789207953935,positive,232,232,
C_COMPLEMENT_NB,2,3,211,remember,textual,complement_log_weight,5.967369852685023,5.967369852685023,positive,233,233,
C_COMPLEMENT_NB,2,3,67,doesn,textual,complement_log_weight,5.962179869752832,5.962179869752832,positive,234,234,
C_COMPLEMENT_NB,2,3,297,yeah,textual,complement_log_weight,5.9594054401832794,5.9594054401832794,positive,235,235,
C_COMPLEMENT_NB,2,3,106,got,textual,complement_log_weight,5.957046377784019,5.957046377784019,positive,236,236,
C_COMPLEMENT_NB,2,3,259,tend,textual,complement_log_weight,5.948674064586448,5.948674064586448,positive,237,237,
C_COMPLEMENT_NB,2,3,119,higher,textual,complement_log_weight,5.945952821145189,5.945952821145189,positive,238,238,
C_COMPLEMENT_NB,2,3,34,brains,textual,complement_log_weight,5.917338721606191,5.917338721606191,positive,239,239,
C_COMPLEMENT_NB,2,3,239,stimulant,textual,complement_log_weight,5.913498095365501,5.913498095365501,positive,240,240,
C_COMPLEMENT_NB,2,3,230,sleep,textual,complement_log_weight,5.912015467733633,5.912015467733633,positive,241,241,
C_COMPLEMENT_NB,2,3,144,let,textual,complement_log_weight,5.90874139231647,5.90874139231647,positive,242,242,
C_COMPLEMENT_NB,2,3,92,feel like,textual,complement_log_weight,5.908416784660137,5.908416784660137,positive,243,243,
C_COMPLEMENT_NB,2,3,257,tasks,textual,complement_log_weight,5.903175660727599,5.903175660727599,positive,244,244,
C_COMPLEMENT_NB,2,3,279,use,textual,complement_log_weight,5.8926887981425,5.8926887981425,positive,245,245,
C_COMPLEMENT_NB,2,3,78,emotional,textual,complement_log_weight,5.881551095804655,5.881551095804655,positive,246,246,
C_COMPLEMENT_NB,2,3,118,high,textual,complement_log_weight,5.879423842560714,5.879423842560714,positive,247,247,
C_COMPLEMENT_NB,2,3,112,having,textual,complement_log_weight,5.878682881833719,5.878682881833719,positive,248,248,
C_COMPLEMENT_NB,2,3,256,task,textual,complement_log_weight,5.865495332645634,5.865495332645634,positive,249,249,
C_COMPLEMENT_NB,2,3,204,real,textual,complement_log_weight,5.865166775817939,5.865166775817939,positive,250,250,
C_COMPLEMENT_NB,2,3,103,getting,textual,complement_log_weight,5.864172196893182,5.864172196893182,positive,251,251,
C_COMPLEMENT_NB,2,3,56,diagnosed,textual,complement_log_weight,5.861543649386406,5.861543649386406,positive,252,252,
C_COMPLEMENT_NB,2,3,63,disorder,textual,complement_log_weight,5.8316968354051975,5.8316968354051975,positive,253,253,
C_COMPLEMENT_NB,2,3,124,hyperactivity,textual,complement_log_weight,5.8303700416794255,5.8303700416794255,positive,254,254,
C_COMPLEMENT_NB,2,3,42,child,textual,complement_log_weight,5.825419069063972,5.825419069063972,positive,255,255,
C_COMPLEMENT_NB,2,3,105,good,textual,complement_log_weight,5.810318227836286,5.810318227836286,positive,256,256,
C_COMPLEMENT_NB,2,3,61,different,textual,complement_log_weight,5.802934861268855,5.802934861268855,positive,257,257,
C_COMPLEMENT_NB,2,3,66,does,textual,complement_log_weight,5.796946066763126,5.796946066763126,positive,258,258,
C_COMPLEMENT_NB,2,3,68,doing,textual,complement_log_weight,5.791631792169837,5.791631792169837,positive,259,259,
C_COMPLEMENT_NB,2,3,132,isn,textual,complement_log_weight,5.785996969224951,5.785996969224951,positive,260,260,
C_COMPLEMENT_NB,2,3,162,make,textual,complement_log_weight,5.770701425972134,5.770701425972134,positive,261,261,
C_COMPLEMENT_NB,2,3,20,anxiety,textual,complement_log_weight,5.724996645093251,5.724996645093251,positive,262,262,
C_COMPLEMENT_NB,2,3,137,kind,textual,complement_log_weight,5.723667583376424,5.723667583376424,positive,263,263,
C_COMPLEMENT_NB,2,3,286,want,textual,complement_log_weight,5.711834026905066,5.711834026905066,positive,264,264,
C_COMPLEMENT_NB,2,3,155,look,textual,complement_log_weight,5.695559325299779,5.695559325299779,positive,265,265,
C_COMPLEMENT_NB,2,3,263,thing,textual,complement_log_weight,5.682206535639974,5.682206535639974,positive,266,266,
C_COMPLEMENT_NB,2,3,52,day,textual,complement_log_weight,5.650097764114152,5.650097764114152,positive,267,267,
C_COMPLEMENT_NB,2,3,153,ll,textual,complement_log_weight,5.605428772744813,5.605428772744813,positive,268,268,
C_COMPLEMENT_NB,2,3,215,say,textual,complement_log_weight,5.552459595303978,5.552459595303978,positive,269,269,
C_COMPLEMENT_NB,2,3,157,lot,textual,complement_log_weight,5.532139685109787,5.532139685109787,positive,270,270,
C_COMPLEMENT_NB,2,3,193,people adhd,textual,complement_log_weight,5.530590614277622,5.530590614277622,positive,271,271,
C_COMPLEMENT_NB,2,3,236,start,textual,complement_log_weight,5.521395635738858,5.521395635738858,positive,272,272,
C_COMPLEMENT_NB,2,3,206,really,textual,complement_log_weight,5.514814799473428,5.514814799473428,positive,273,273,
C_COMPLEMENT_NB,2,3,169,medication,textual,complement_log_weight,5.513506293759432,5.513506293759432,positive,274,274,
C_COMPLEMENT_NB,2,3,287,way,textual,complement_log_weight,5.508538073837633,5.508538073837633,positive,275,275,
C_COMPLEMENT_NB,2,3,213,right,textual,complement_log_weight,5.457691093577215,5.457691093577215,positive,276,276,
C_COMPLEMENT_NB,2,3,71,dopamine,textual,complement_log_weight,5.456672819877558,5.456672819877558,positive,277,277,
C_COMPLEMENT_NB,2,3,266,think,textual,complement_log_weight,5.445188578421956,5.445188578421956,positive,278,278,
C_COMPLEMENT_NB,2,3,194,person,textual,complement_log_weight,5.442714517548171,5.442714517548171,positive,279,279,
C_COMPLEMENT_NB,2,3,282,ve,textual,complement_log_weight,5.401785667061659,5.401785667061659,positive,280,280,
C_COMPLEMENT_NB,2,3,290,work,textual,complement_log_weight,5.399190467881088,5.399190467881088,positive,281,281,
C_COMPLEMENT_NB,2,3,115,help,textual,complement_log_weight,5.382939187570826,5.382939187570826,positive,282,282,
C_COMPLEMENT_NB,2,3,147,life,textual,complement_log_weight,5.369509483093548,5.369509483093548,positive,283,283,
C_COMPLEMENT_NB,2,3,95,focus,textual,complement_log_weight,5.350228531197887,5.350228531197887,positive,284,284,
C_COMPLEMENT_NB,2,3,91,feel,textual,complement_log_weight,5.342879382301124,5.342879382301124,positive,285,285,
C_COMPLEMENT_NB,2,3,179,need,textual,complement_log_weight,5.323275082637199,5.323275082637199,positive,286,286,
C_COMPLEMENT_NB,2,3,270,time,textual,complement_log_weight,5.307248850764463,5.307248850764463,positive,287,287,
C_COMPLEMENT_NB,2,3,21,attention,textual,complement_log_weight,5.258663071057935,5.258663071057935,positive,288,288,
C_COMPLEMENT_NB,2,3,5,actually,textual,complement_log_weight,5.2449387247353325,5.2449387247353325,positive,289,289,
C_COMPLEMENT_NB,2,3,252,symptoms,textual,complement_log_weight,5.092516404139163,5.092516404139163,positive,290,290,
C_COMPLEMENT_NB,2,3,104,going,textual,complement_log_weight,5.0864664932332895,5.0864664932332895,positive,291,291,
C_COMPLEMENT_NB,2,3,264,things,textual,complement_log_weight,5.063713133461925,5.063713133461925,positive,292,292,
C_COMPLEMENT_NB,2,3,185,number,textual,complement_log_weight,5.0621506507041225,5.0621506507041225,positive,293,293,
C_COMPLEMENT_NB,2,3,138,know,textual,complement_log_weight,5.037546991757243,5.037546991757243,positive,294,294,
C_COMPLEMENT_NB,2,3,69,don,textual,complement_log_weight,4.981995346202708,4.981995346202708,positive,295,295,
C_COMPLEMENT_NB,2,3,192,people,textual,complement_log_weight,4.808978958737596,4.808978958737596,positive,296,296,
C_COMPLEMENT_NB,2,3,33,brain,textual,complement_log_weight,4.735038676671201,4.735038676671201,positive,297,297,
C_COMPLEMENT_NB,2,3,135,just,textual,complement_log_weight,4.674660429537721,4.674660429537721,positive,298,298,
C_COMPLEMENT_NB,2,3,148,like,textual,complement_log_weight,4.369475029982235,4.369475029982235,positive,299,299,
C_COMPLEMENT_NB,2,3,7,adhd,textual,complement_log_weight,3.9602346964440476,3.9602346964440476,positive,300,300,
C_COMPLEMENT_NB,2,3,301,hedge_score,handcrafted_linguistic,complement_log_weight,3.549668016680776,3.549668016680776,positive,301,301,
C_COMPLEMENT_NB,2,3,300,certainty_score,handcrafted_linguistic,complement_log_weight,3.448048673340367,3.448048673340367,positive,302,302,
C_COMPLEMENT_NB,2,3,302,likes_within_platform_percentile,engagement_or_format,complement_log_weight,2.683987865859124,2.683987865859124,positive,303,303,
C_COMPLEMENT_NB,2,3,304,views_within_platform_percentile,engagement_or_format,complement_log_weight,2.676996960772795,2.676996960772795,positive,304,304,
C_COMPLEMENT_NB,2,3,303,comments_within_platform_percentile,engagement_or_format,complement_log_weight,2.6748062299472535,2.6748062299472535,positive,305,305,
C_COMPLEMENT_NB,2,3,305,duration_sec_within_platform_percentile,engagement_or_format,complement_log_weight,2.669402759641851,2.669402759641851,positive,306,306,
C_COMPLEMENT_NB,2,4,237,state,textual,complement_log_weight,7.437261416907703,7.437261416907703,positive,1,1,
C_COMPLEMENT_NB,2,4,25,away,textual,complement_log_weight,7.403454067592007,7.403454067592007,positive,2,2,
C_COMPLEMENT_NB,2,4,228,single,textual,complement_log_weight,7.364610070719734,7.364610070719734,positive,3,3,
C_COMPLEMENT_NB,2,4,36,caffeine,textual,complement_log_weight,7.288166859227214,7.288166859227214,positive,4,4,
C_COMPLEMENT_NB,2,4,268,thought,textual,complement_log_weight,7.283825032437293,7.283825032437293,positive,5,5,
C_COMPLEMENT_NB,2,4,166,maybe,textual,complement_log_weight,7.26237794024869,7.26237794024869,positive,6,6,
C_COMPLEMENT_NB,2,4,150,literally,textual,complement_log_weight,7.2621289319240745,7.2621289319240745,positive,7,7,
C_COMPLEMENT_NB,2,4,241,stimulation,textual,complement_log_weight,7.228759104833508,7.228759104833508,positive,8,8,
C_COMPLEMENT_NB,2,4,14,adhders,textual,complement_log_weight,7.2154877051780435,7.2154877051780435,positive,9,9,
C_COMPLEMENT_NB,2,4,295,worse,textual,complement_log_weight,7.197723275807201,7.197723275807201,positive,10,10,
C_COMPLEMENT_NB,2,4,24,avoid,textual,complement_log_weight,7.18132296236685,7.18132296236685,positive,11,11,
C_COMPLEMENT_NB,2,4,171,meds,textual,complement_log_weight,7.1727667679618525,7.1727667679618525,positive,12,12,
C_COMPLEMENT_NB,2,4,207,reason,textual,complement_log_weight,7.128093557638745,7.128093557638745,positive,13,13,
C_COMPLEMENT_NB,2,4,38,calm,textual,complement_log_weight,7.112419124167787,7.112419124167787,positive,14,14,
C_COMPLEMENT_NB,2,4,107,great,textual,complement_log_weight,7.105821978618842,7.105821978618842,positive,15,15,
C_COMPLEMENT_NB,2,4,293,works,textual,complement_log_weight,7.096219852320661,7.096219852320661,positive,16,16,
C_COMPLEMENT_NB,2,4,46,comments,textual,complement_log_weight,7.060423352591202,7.060423352591202,positive,17,17,
C_COMPLEMENT_NB,2,4,54,definitely,textual,complement_log_weight,7.037242925776601,7.037242925776601,positive,18,18,
C_COMPLEMENT_NB,2,4,176,morning,textual,complement_log_weight,7.012459372753718,7.012459372753718,positive,19,19,
C_COMPLEMENT_NB,2,4,94,feels,textual,complement_log_weight,7.010669051539083,7.010669051539083,positive,20,20,
C_COMPLEMENT_NB,2,4,35,burnout,textual,complement_log_weight,6.996644303708157,6.996644303708157,positive,21,21,
C_COMPLEMENT_NB,2,4,231,small,textual,complement_log_weight,6.986770385616354,6.986770385616354,positive,22,22,
C_COMPLEMENT_NB,2,4,9,adhd brains,textual,complement_log_weight,6.9655272527883065,6.9655272527883065,positive,23,23,
C_COMPLEMENT_NB,2,4,142,later,textual,complement_log_weight,6.947605600706749,6.947605600706749,positive,24,24,
C_COMPLEMENT_NB,2,4,180,needs,textual,complement_log_weight,6.910008916367117,6.910008916367117,positive,25,25,
C_COMPLEMENT_NB,2,4,100,function,textual,complement_log_weight,6.89576435170482,6.89576435170482,positive,26,26,
C_COMPLEMENT_NB,2,4,216,saying,textual,complement_log_weight,6.885018974228743,6.885018974228743,positive,27,27,
C_COMPLEMENT_NB,2,4,152,little bit,textual,complement_log_weight,6.883676029584367,6.883676029584367,positive,28,28,
C_COMPLEMENT_NB,2,4,197,place,textual,complement_log_weight,6.878830611301307,6.878830611301307,positive,29,29,
C_COMPLEMENT_NB,2,4,70,don know,textual,complement_log_weight,6.87267498567261,6.87267498567261,positive,30,30,
C_COMPLEMENT_NB,2,4,225,shown,textual,complement_log_weight,6.85775712588193,6.85775712588193,positive,31,31,
C_COMPLEMENT_NB,2,4,101,functioning,textual,complement_log_weight,6.853578480585076,6.853578480585076,positive,32,32,
C_COMPLEMENT_NB,2,4,277,um,textual,complement_log_weight,6.851431291511819,6.851431291511819,positive,33,33,
C_COMPLEMENT_NB,2,4,122,hyper,textual,complement_log_weight,6.839673501016129,6.839673501016129,positive,34,34,
C_COMPLEMENT_NB,2,4,76,eat,textual,complement_log_weight,6.837541041574233,6.837541041574233,positive,35,35,
C_COMPLEMENT_NB,2,4,73,drink,textual,complement_log_weight,6.816911580986371,6.816911580986371,positive,36,36,
C_COMPLEMENT_NB,2,4,88,fact,textual,complement_log_weight,6.812706707239927,6.812706707239927,positive,37,37,
C_COMPLEMENT_NB,2,4,292,working memory,textual,complement_log_weight,6.808745966482917,6.808745966482917,positive,38,38,
C_COMPLEMENT_NB,2,4,158,lot people,textual,complement_log_weight,6.8075633077705175,6.8075633077705175,positive,39,39,
C_COMPLEMENT_NB,2,4,235,sound,textual,complement_log_weight,6.800501549625724,6.800501549625724,positive,40,40,
C_COMPLEMENT_NB,2,4,181,nervous,textual,complement_log_weight,6.7933108848462,6.7933108848462,positive,41,41,
C_COMPLEMENT_NB,2,4,165,manage,textual,complement_log_weight,6.791271828132623,6.791271828132623,positive,42,42,
C_COMPLEMENT_NB,2,4,51,create,textual,complement_log_weight,6.779048404680975,6.779048404680975,positive,43,43,
C_COMPLEMENT_NB,2,4,44,come,textual,complement_log_weight,6.767130745964371,6.767130745964371,positive,44,44,
C_COMPLEMENT_NB,2,4,12,adhd people,textual,complement_log_weight,6.758826427329606,6.758826427329606,positive,45,45,
C_COMPLEMENT_NB,2,4,188,order,textual,complement_log_weight,6.75139168127032,6.75139168127032,positive,46,46,
C_COMPLEMENT_NB,2,4,214,said,textual,complement_log_weight,6.747335211998092,6.747335211998092,positive,47,47,
C_COMPLEMENT_NB,2,4,59,didn,textual,complement_log_weight,6.742675467154488,6.742675467154488,positive,48,48,
C_COMPLEMENT_NB,2,4,294,world,textual,complement_log_weight,6.740468159260136,6.740468159260136,positive,49,49,
C_COMPLEMENT_NB,2,4,146,levels,textual,complement_log_weight,6.73995017043506,6.73995017043506,positive,50,50,
C_COMPLEMENT_NB,2,4,234,sort,textual,complement_log_weight,6.739086907599844,6.739086907599844,positive,51,51,
C_COMPLEMENT_NB,2,4,195,phone,textual,complement_log_weight,6.722558291738214,6.722558291738214,positive,52,52,
C_COMPLEMENT_NB,2,4,177,motivation,textual,complement_log_weight,6.719366002076335,6.719366002076335,positive,53,53,
C_COMPLEMENT_NB,2,4,285,wait,textual,complement_log_weight,6.711160361158187,6.711160361158187,positive,54,54,
C_COMPLEMENT_NB,2,4,174,mind,textual,complement_log_weight,6.69550480516706,6.69550480516706,positive,55,55,
C_COMPLEMENT_NB,2,4,89,family,textual,complement_log_weight,6.689371871579344,6.689371871579344,positive,56,56,
C_COMPLEMENT_NB,2,4,114,hear,textual,complement_log_weight,6.688093523563532,6.688093523563532,positive,57,57,
C_COMPLEMENT_NB,2,4,74,dysfunction,textual,complement_log_weight,6.686217530826009,6.686217530826009,positive,58,58,
C_COMPLEMENT_NB,2,4,299,yes,textual,complement_log_weight,6.6781561397190625,6.6781561397190625,positive,59,59,
C_COMPLEMENT_NB,2,4,232,social,textual,complement_log_weight,6.675986998701585,6.675986998701585,positive,60,60,
C_COMPLEMENT_NB,2,4,243,stress,textual,complement_log_weight,6.675743164603119,6.675743164603119,positive,61,61,
C_COMPLEMENT_NB,2,4,203,quickly,textual,complement_log_weight,6.674259282352907,6.674259282352907,positive,62,62,
C_COMPLEMENT_NB,2,4,83,everybody,textual,complement_log_weight,6.673489294397997,6.673489294397997,positive,63,63,
C_COMPLEMENT_NB,2,4,28,best,textual,complement_log_weight,6.668663407391027,6.668663407391027,positive,64,64,
C_COMPLEMENT_NB,2,4,81,energy,textual,complement_log_weight,6.662571035523725,6.662571035523725,positive,65,65,
C_COMPLEMENT_NB,2,4,102,gets,textual,complement_log_weight,6.661870533165869,6.661870533165869,positive,66,66,
C_COMPLEMENT_NB,2,4,233,somebody,textual,complement_log_weight,6.661168121132817,6.661168121132817,positive,67,67,
C_COMPLEMENT_NB,2,4,121,hours,textual,complement_log_weight,6.6606449812325135,6.6606449812325135,positive,68,68,
C_COMPLEMENT_NB,2,4,18,alcohol,textual,complement_log_weight,6.658333145043766,6.658333145043766,positive,69,69,
C_COMPLEMENT_NB,2,4,183,new,textual,complement_log_weight,6.656298413448889,6.656298413448889,positive,70,70,
C_COMPLEMENT_NB,2,4,271,times,textual,complement_log_weight,6.650884593496287,6.650884593496287,positive,71,71,
C_COMPLEMENT_NB,2,4,242,stop,textual,complement_log_weight,6.649417437922083,6.649417437922083,positive,72,72,
C_COMPLEMENT_NB,2,4,281,usually,textual,complement_log_weight,6.643390488167685,6.643390488167685,positive,73,73,
C_COMPLEMENT_NB,2,4,58,did,textual,complement_log_weight,6.618279463635516,6.618279463635516,positive,74,74,
C_COMPLEMENT_NB,2,4,77,eating,textual,complement_log_weight,6.613473830787363,6.613473830787363,positive,75,75,
C_COMPLEMENT_NB,2,4,75,easily,textual,complement_log_weight,6.600822318170251,6.600822318170251,positive,76,76,
C_COMPLEMENT_NB,2,4,96,follow,textual,complement_log_weight,6.600755409190008,6.600755409190008,positive,77,77,
C_COMPLEMENT_NB,2,4,291,working,textual,complement_log_weight,6.586371922202368,6.586371922202368,positive,78,78,
C_COMPLEMENT_NB,2,4,238,stay,textual,complement_log_weight,6.581847405519275,6.581847405519275,positive,79,79,
C_COMPLEMENT_NB,2,4,296,wrong,textual,complement_log_weight,6.5770828042635445,6.5770828042635445,positive,80,80,
C_COMPLEMENT_NB,2,4,269,thoughts,textual,complement_log_weight,6.576564239905272,6.576564239905272,positive,81,81,
C_COMPLEMENT_NB,2,4,262,therapy,textual,complement_log_weight,6.566755197462789,6.566755197462789,positive,82,82,
C_COMPLEMENT_NB,2,4,249,sugar,textual,complement_log_weight,6.564039061677194,6.564039061677194,positive,83,83,
C_COMPLEMENT_NB,2,4,283,ve got,textual,complement_log_weight,6.5598546024142035,6.5598546024142035,positive,84,84,
C_COMPLEMENT_NB,2,4,26,bad,textual,complement_log_weight,6.5543838881392364,6.5543838881392364,positive,85,85,
C_COMPLEMENT_NB,2,4,229,sit,textual,complement_log_weight,6.5527051439974215,6.5527051439974215,positive,86,86,
C_COMPLEMENT_NB,2,4,117,helps,textual,complement_log_weight,6.551134993573256,6.551134993573256,positive,87,87,
C_COMPLEMENT_NB,2,4,224,seven,textual,complement_log_weight,6.547418635507061,6.547418635507061,positive,88,88,
C_COMPLEMENT_NB,2,4,3,absolutely,textual,complement_log_weight,6.546067384960034,6.546067384960034,positive,89,89,
C_COMPLEMENT_NB,2,4,17,affects,textual,complement_log_weight,6.544060634770915,6.544060634770915,positive,90,90,
C_COMPLEMENT_NB,2,4,139,know adhd,textual,complement_log_weight,6.53876042362753,6.53876042362753,positive,91,91,
C_COMPLEMENT_NB,2,4,125,impact,textual,complement_log_weight,6.534336054901082,6.534336054901082,positive,92,92,
C_COMPLEMENT_NB,2,4,273,try,textual,complement_log_weight,6.529213690327787,6.529213690327787,positive,93,93,
C_COMPLEMENT_NB,2,4,184,normal,textual,complement_log_weight,6.526879600952345,6.526879600952345,positive,94,94,
C_COMPLEMENT_NB,2,4,19,anger,textual,complement_log_weight,6.515951180351973,6.515951180351973,positive,95,95,
C_COMPLEMENT_NB,2,4,80,end,textual,complement_log_weight,6.512776880109857,6.512776880109857,positive,96,96,
C_COMPLEMENT_NB,2,4,86,exercise,textual,complement_log_weight,6.512235794432807,6.512235794432807,positive,97,97,
C_COMPLEMENT_NB,2,4,248,stuff,textual,complement_log_weight,6.511093305823413,6.511093305823413,positive,98,98,
C_COMPLEMENT_NB,2,4,145,level,textual,complement_log_weight,6.5097871775784215,6.5097871775784215,positive,99,99,
C_COMPLEMENT_NB,2,4,39,care,textual,complement_log_weight,6.508699478425161,6.508699478425161,positive,100,100,
C_COMPLEMENT_NB,2,4,189,overwhelmed,textual,complement_log_weight,6.499701131649032,6.499701131649032,positive,101,101,
C_COMPLEMENT_NB,2,4,10,adhd just,textual,complement_log_weight,6.498058049552947,6.498058049552947,positive,102,102,
C_COMPLEMENT_NB,2,4,1,ability,textual,complement_log_weight,6.4976042861703425,6.4976042861703425,positive,103,103,
C_COMPLEMENT_NB,2,4,98,foods,textual,complement_log_weight,6.49312401009408,6.49312401009408,positive,104,104,
C_COMPLEMENT_NB,2,4,205,realize,textual,complement_log_weight,6.492718100268792,6.492718100268792,positive,105,105,
C_COMPLEMENT_NB,2,4,109,happens,textual,complement_log_weight,6.485748567690049,6.485748567690049,positive,106,106,
C_COMPLEMENT_NB,2,4,161,lower,textual,complement_log_weight,6.474792394996868,6.474792394996868,positive,107,107,
C_COMPLEMENT_NB,2,4,218,second,textual,complement_log_weight,6.473067549448848,6.473067549448848,positive,108,108,
C_COMPLEMENT_NB,2,4,8,adhd brain,textual,complement_log_weight,6.472675626990906,6.472675626990906,positive,109,109,
C_COMPLEMENT_NB,2,4,41,change,textual,complement_log_weight,6.4653304007168915,6.4653304007168915,positive,110,110,
C_COMPLEMENT_NB,2,4,11,adhd medication,textual,complement_log_weight,6.464595269495833,6.464595269495833,positive,111,111,
C_COMPLEMENT_NB,2,4,280,using,textual,complement_log_weight,6.461412566162532,6.461412566162532,positive,112,112,
C_COMPLEMENT_NB,2,4,222,sensitivity,textual,complement_log_weight,6.4588661123005044,6.4588661123005044,positive,113,113,
C_COMPLEMENT_NB,2,4,136,kids,textual,complement_log_weight,6.456658711287563,6.456658711287563,positive,114,114,
C_COMPLEMENT_NB,2,4,84,example,textual,complement_log_weight,6.456494725298648,6.456494725298648,positive,115,115,
C_COMPLEMENT_NB,2,4,182,neurotypical,textual,complement_log_weight,6.4561627580857195,6.4561627580857195,positive,116,116,
C_COMPLEMENT_NB,2,4,198,point,textual,complement_log_weight,6.4505031285223335,6.4505031285223335,positive,117,117,
C_COMPLEMENT_NB,2,4,212,research,textual,complement_log_weight,6.44791264082573,6.44791264082573,positive,118,118,
C_COMPLEMENT_NB,2,4,156,looking,textual,complement_log_weight,6.444310509103246,6.444310509103246,positive,119,119,
C_COMPLEMENT_NB,2,4,226,sign,textual,complement_log_weight,6.441369210674846,6.441369210674846,positive,120,120,
C_COMPLEMENT_NB,2,4,168,means,textual,complement_log_weight,6.439112588257175,6.439112588257175,positive,121,121,
C_COMPLEMENT_NB,2,4,40,certain,textual,complement_log_weight,6.437323674572478,6.437323674572478,positive,122,122,
C_COMPLEMENT_NB,2,4,210,relationships,textual,complement_log_weight,6.436787761824016,6.436787761824016,positive,123,123,
C_COMPLEMENT_NB,2,4,16,affect,textual,complement_log_weight,6.433511441063915,6.433511441063915,positive,124,124,
C_COMPLEMENT_NB,2,4,187,okay,textual,complement_log_weight,6.429897915377727,6.429897915377727,positive,125,125,
C_COMPLEMENT_NB,2,4,288,ways,textual,complement_log_weight,6.429420385508858,6.429420385508858,positive,126,126,
C_COMPLEMENT_NB,2,4,265,things like,textual,complement_log_weight,6.426233429773951,6.426233429773951,positive,127,127,
C_COMPLEMENT_NB,2,4,134,job,textual,complement_log_weight,6.423543026886273,6.423543026886273,positive,128,128,
C_COMPLEMENT_NB,2,4,85,executive,textual,complement_log_weight,6.410094286129398,6.410094286129398,positive,129,129,
C_COMPLEMENT_NB,2,4,186,oh,textual,complement_log_weight,6.401239373340312,6.401239373340312,positive,130,130,
C_COMPLEMENT_NB,2,4,27,behavior,textual,complement_log_weight,6.40048315689161,6.40048315689161,positive,131,131,
C_COMPLEMENT_NB,2,4,175,minutes,textual,complement_log_weight,6.395490917758482,6.395490917758482,positive,132,132,
C_COMPLEMENT_NB,2,4,31,bit,textual,complement_log_weight,6.394698581311084,6.394698581311084,positive,133,133,
C_COMPLEMENT_NB,2,4,111,harder,textual,complement_log_weight,6.387210929599498,6.387210929599498,positive,134,134,
C_COMPLEMENT_NB,2,4,143,learn,textual,complement_log_weight,6.382291353457116,6.382291353457116,positive,135,135,
C_COMPLEMENT_NB,2,4,93,feeling,textual,complement_log_weight,6.381876470322943,6.381876470322943,positive,136,136,
C_COMPLEMENT_NB,2,4,245,struggling,textual,complement_log_weight,6.381777120791484,6.381777120791484,positive,137,137,
C_COMPLEMENT_NB,2,4,164,making,textual,complement_log_weight,6.380628540616173,6.380628540616173,positive,138,138,
C_COMPLEMENT_NB,2,4,72,dr,textual,complement_log_weight,6.379441696591912,6.379441696591912,positive,139,139,
C_COMPLEMENT_NB,2,4,297,yeah,textual,complement_log_weight,6.377056364457448,6.377056364457448,positive,140,140,
C_COMPLEMENT_NB,2,4,209,rejection,textual,complement_log_weight,6.376161308772157,6.376161308772157,positive,141,141,
C_COMPLEMENT_NB,2,4,267,thinking,textual,complement_log_weight,6.3742502362314015,6.3742502362314015,positive,142,142,
C_COMPLEMENT_NB,2,4,191,pay,textual,complement_log_weight,6.371968172844106,6.371968172844106,positive,143,143,
C_COMPLEMENT_NB,2,4,220,sense,textual,complement_log_weight,6.371833203154483,6.371833203154483,positive,144,144,
C_COMPLEMENT_NB,2,4,131,instead,textual,complement_log_weight,6.366518305199423,6.366518305199423,positive,145,145,
C_COMPLEMENT_NB,2,4,196,physical,textual,complement_log_weight,6.356771210717754,6.356771210717754,positive,146,146,
C_COMPLEMENT_NB,2,4,163,makes,textual,complement_log_weight,6.352000090448622,6.352000090448622,positive,147,147,
C_COMPLEMENT_NB,2,4,278,understand,textual,complement_log_weight,6.342157853367919,6.342157853367919,positive,148,148,
C_COMPLEMENT_NB,2,4,298,years,textual,complement_log_weight,6.339945608731604,6.339945608731604,positive,149,149,
C_COMPLEMENT_NB,2,4,50,control,textual,complement_log_weight,6.338350915152455,6.338350915152455,positive,150,150,
C_COMPLEMENT_NB,2,4,37,called,textual,complement_log_weight,6.336921687865155,6.336921687865155,positive,151,151,
C_COMPLEMENT_NB,2,4,120,highly,textual,complement_log_weight,6.335543708255526,6.335543708255526,positive,152,152,
C_COMPLEMENT_NB,2,4,247,study,textual,complement_log_weight,6.329319267285252,6.329319267285252,positive,153,153,
C_COMPLEMENT_NB,2,4,199,probably,textual,complement_log_weight,6.326894911727791,6.326894911727791,positive,154,154,
C_COMPLEMENT_NB,2,4,246,studies,textual,complement_log_weight,6.326314380056635,6.326314380056635,positive,155,155,
C_COMPLEMENT_NB,2,4,48,condition,textual,complement_log_weight,6.315762112940891,6.315762112940891,positive,156,156,
C_COMPLEMENT_NB,2,4,97,food,textual,complement_log_weight,6.311112460214736,6.311112460214736,positive,157,157,
C_COMPLEMENT_NB,2,4,190,patients,textual,complement_log_weight,6.310927772994332,6.310927772994332,positive,158,158,
C_COMPLEMENT_NB,2,4,65,doctor,textual,complement_log_weight,6.309309741591106,6.309309741591106,positive,159,159,
C_COMPLEMENT_NB,2,4,30,big,textual,complement_log_weight,6.305218398283635,6.305218398283635,positive,160,160,
C_COMPLEMENT_NB,2,4,113,health,textual,complement_log_weight,6.299586040314078,6.299586040314078,positive,161,161,
C_COMPLEMENT_NB,2,4,45,comes,textual,complement_log_weight,6.291142121989115,6.291142121989115,positive,162,162,
C_COMPLEMENT_NB,2,4,276,uh,textual,complement_log_weight,6.2794733766446065,6.2794733766446065,positive,163,163,
C_COMPLEMENT_NB,2,4,140,lack,textual,complement_log_weight,6.278751360512382,6.278751360512382,positive,164,164,
C_COMPLEMENT_NB,2,4,223,sensory,textual,complement_log_weight,6.275611044899372,6.275611044899372,positive,165,165,
C_COMPLEMENT_NB,2,4,49,constantly,textual,complement_log_weight,6.267828620797002,6.267828620797002,positive,166,166,
C_COMPLEMENT_NB,2,4,22,attention deficit,textual,complement_log_weight,6.265640214384074,6.265640214384074,positive,167,167,
C_COMPLEMENT_NB,2,4,160,low,textual,complement_log_weight,6.259557699682387,6.259557699682387,positive,168,168,
C_COMPLEMENT_NB,2,4,82,especially,textual,complement_log_weight,6.251529227773748,6.251529227773748,positive,169,169,
C_COMPLEMENT_NB,2,4,159,love,textual,complement_log_weight,6.24973725506068,6.24973725506068,positive,170,170,
C_COMPLEMENT_NB,2,4,284,video,textual,complement_log_weight,6.249576826863568,6.249576826863568,positive,171,171,
C_COMPLEMENT_NB,2,4,0,10,textual,complement_log_weight,6.247084089508675,6.247084089508675,positive,172,172,
C_COMPLEMENT_NB,2,4,221,sensitive,textual,complement_log_weight,6.240251182676695,6.240251182676695,positive,173,173,
C_COMPLEMENT_NB,2,4,32,body,textual,complement_log_weight,6.236247902906602,6.236247902906602,positive,174,174,
C_COMPLEMENT_NB,2,4,151,little,textual,complement_log_weight,6.228529824067324,6.228529824067324,positive,175,175,
C_COMPLEMENT_NB,2,4,20,anxiety,textual,complement_log_weight,6.226815255732465,6.226815255732465,positive,176,176,
C_COMPLEMENT_NB,2,4,130,increase,textual,complement_log_weight,6.223893542086837,6.223893542086837,positive,177,177,
C_COMPLEMENT_NB,2,4,64,distracted,textual,complement_log_weight,6.223538692865977,6.223538692865977,positive,178,178,
C_COMPLEMENT_NB,2,4,118,high,textual,complement_log_weight,6.218862118450649,6.218862118450649,positive,179,179,
C_COMPLEMENT_NB,2,4,170,medications,textual,complement_log_weight,6.2179578941879905,6.2179578941879905,positive,180,180,
C_COMPLEMENT_NB,2,4,253,taking,textual,complement_log_weight,6.205266288199542,6.205266288199542,positive,181,181,
C_COMPLEMENT_NB,2,4,2,able,textual,complement_log_weight,6.200282630215439,6.200282630215439,positive,182,182,
C_COMPLEMENT_NB,2,4,132,isn,textual,complement_log_weight,6.199726803842209,6.199726803842209,positive,183,183,
C_COMPLEMENT_NB,2,4,250,support,textual,complement_log_weight,6.197684127312309,6.197684127312309,positive,184,184,
C_COMPLEMENT_NB,2,4,60,difference,textual,complement_log_weight,6.194837934958429,6.194837934958429,positive,185,185,
C_COMPLEMENT_NB,2,4,34,brains,textual,complement_log_weight,6.194156229641316,6.194156229641316,positive,186,186,
C_COMPLEMENT_NB,2,4,251,sure,textual,complement_log_weight,6.190862510947765,6.190862510947765,positive,187,187,
C_COMPLEMENT_NB,2,4,202,protein,textual,complement_log_weight,6.176550498846601,6.176550498846601,positive,188,188,
C_COMPLEMENT_NB,2,4,90,fast,textual,complement_log_weight,6.172265934502916,6.172265934502916,positive,189,189,
C_COMPLEMENT_NB,2,4,201,problems,textual,complement_log_weight,6.160576537695468,6.160576537695468,positive,190,190,
C_COMPLEMENT_NB,2,4,116,helpful,textual,complement_log_weight,6.158323495342684,6.158323495342684,positive,191,191,
C_COMPLEMENT_NB,2,4,167,mean,textual,complement_log_weight,6.157975454820175,6.157975454820175,positive,192,192,
C_COMPLEMENT_NB,2,4,259,tend,textual,complement_log_weight,6.154264828319935,6.154264828319935,positive,193,193,
C_COMPLEMENT_NB,2,4,154,long,textual,complement_log_weight,6.151819870649759,6.151819870649759,positive,194,194,
C_COMPLEMENT_NB,2,4,108,gut,textual,complement_log_weight,6.144200589095211,6.144200589095211,positive,195,195,
C_COMPLEMENT_NB,2,4,261,test,textual,complement_log_weight,6.142681316561481,6.142681316561481,positive,196,196,
C_COMPLEMENT_NB,2,4,274,trying,textual,complement_log_weight,6.141506415778081,6.141506415778081,positive,197,197,
C_COMPLEMENT_NB,2,4,110,hard,textual,complement_log_weight,6.140526995281984,6.140526995281984,positive,198,198,
C_COMPLEMENT_NB,2,4,289,women,textual,complement_log_weight,6.123770605827807,6.123770605827807,positive,199,199,
C_COMPLEMENT_NB,2,4,275,type,textual,complement_log_weight,6.122682872458284,6.122682872458284,positive,200,200,
C_COMPLEMENT_NB,2,4,53,deficit,textual,complement_log_weight,6.1172837647762455,6.1172837647762455,positive,201,201,
C_COMPLEMENT_NB,2,4,208,regulation,textual,complement_log_weight,6.1165556914089185,6.1165556914089185,positive,202,202,
C_COMPLEMENT_NB,2,4,219,self,textual,complement_log_weight,6.114279006794362,6.114279006794362,positive,203,203,
C_COMPLEMENT_NB,2,4,178,music,textual,complement_log_weight,6.111747720906822,6.111747720906822,positive,204,204,
C_COMPLEMENT_NB,2,4,67,doesn,textual,complement_log_weight,6.106178028237985,6.106178028237985,positive,205,205,
C_COMPLEMENT_NB,2,4,258,tell,textual,complement_log_weight,6.10574644811966,6.10574644811966,positive,206,206,
C_COMPLEMENT_NB,2,4,79,emotions,textual,complement_log_weight,6.104824034947377,6.104824034947377,positive,207,207,
C_COMPLEMENT_NB,2,4,211,remember,textual,complement_log_weight,6.095277596500667,6.095277596500667,positive,208,208,
C_COMPLEMENT_NB,2,4,106,got,textual,complement_log_weight,6.091638018108925,6.091638018108925,positive,209,209,
C_COMPLEMENT_NB,2,4,43,children,textual,complement_log_weight,6.090709845067912,6.090709845067912,positive,210,210,
C_COMPLEMENT_NB,2,4,173,mental,textual,complement_log_weight,6.076755087932386,6.076755087932386,positive,211,211,
C_COMPLEMENT_NB,2,4,129,inattentive,textual,complement_log_weight,6.060796880687583,6.060796880687583,positive,212,212,
C_COMPLEMENT_NB,2,4,239,stimulant,textual,complement_log_weight,6.057067380283937,6.057067380283937,positive,213,213,
C_COMPLEMENT_NB,2,4,92,feel like,textual,complement_log_weight,6.052383609485195,6.052383609485195,positive,214,214,
C_COMPLEMENT_NB,2,4,215,say,textual,complement_log_weight,6.0449288460834545,6.0449288460834545,positive,215,215,
C_COMPLEMENT_NB,2,4,200,problem,textual,complement_log_weight,6.042615478873198,6.042615478873198,positive,216,216,
C_COMPLEMENT_NB,2,4,149,likely,textual,complement_log_weight,6.0359164732951305,6.0359164732951305,positive,217,217,
C_COMPLEMENT_NB,2,4,260,term,textual,complement_log_weight,6.023237608300251,6.023237608300251,positive,218,218,
C_COMPLEMENT_NB,2,4,141,late,textual,complement_log_weight,6.020032223664264,6.020032223664264,positive,219,219,
C_COMPLEMENT_NB,2,4,172,memory,textual,complement_log_weight,6.01659768470338,6.01659768470338,positive,220,220,
C_COMPLEMENT_NB,2,4,4,activity,textual,complement_log_weight,6.007872177651305,6.007872177651305,positive,221,221,
C_COMPLEMENT_NB,2,4,52,day,textual,complement_log_weight,6.001448382174878,6.001448382174878,positive,222,222,
C_COMPLEMENT_NB,2,4,23,autism,textual,complement_log_weight,6.000596474635742,6.000596474635742,positive,223,223,
C_COMPLEMENT_NB,2,4,128,impulsivity,textual,complement_log_weight,5.998867050709379,5.998867050709379,positive,224,224,
C_COMPLEMENT_NB,2,4,127,impulsive,textual,complement_log_weight,5.990027246278805,5.990027246278805,positive,225,225,
C_COMPLEMENT_NB,2,4,55,depression,textual,complement_log_weight,5.984975888149272,5.984975888149272,positive,226,226,
C_COMPLEMENT_NB,2,4,254,talk,textual,complement_log_weight,5.975070157379064,5.975070157379064,positive,227,227,
C_COMPLEMENT_NB,2,4,204,real,textual,complement_log_weight,5.973211502473542,5.973211502473542,positive,228,228,
C_COMPLEMENT_NB,2,4,244,struggle,textual,complement_log_weight,5.955868741580261,5.955868741580261,positive,229,229,
C_COMPLEMENT_NB,2,4,6,add,textual,complement_log_weight,5.953651785143815,5.953651785143815,positive,230,230,
C_COMPLEMENT_NB,2,4,279,use,textual,complement_log_weight,5.948594441703093,5.948594441703093,positive,231,231,
C_COMPLEMENT_NB,2,4,240,stimulants,textual,complement_log_weight,5.945239644935092,5.945239644935092,positive,232,232,
C_COMPLEMENT_NB,2,4,255,talking,textual,complement_log_weight,5.944813818430041,5.944813818430041,positive,233,233,
C_COMPLEMENT_NB,2,4,144,let,textual,complement_log_weight,5.943501113063361,5.943501113063361,positive,234,234,
C_COMPLEMENT_NB,2,4,13,adhd symptoms,textual,complement_log_weight,5.935120532011473,5.935120532011473,positive,235,235,
C_COMPLEMENT_NB,2,4,47,common,textual,complement_log_weight,5.925827936648735,5.925827936648735,positive,236,236,
C_COMPLEMENT_NB,2,4,87,experience,textual,complement_log_weight,5.91530944300566,5.91530944300566,positive,237,237,
C_COMPLEMENT_NB,2,4,68,doing,textual,complement_log_weight,5.914102824637004,5.914102824637004,positive,238,238,
C_COMPLEMENT_NB,2,4,57,diagnosis,textual,complement_log_weight,5.913206413829816,5.913206413829816,positive,239,239,
C_COMPLEMENT_NB,2,4,272,trouble,textual,complement_log_weight,5.908175017714171,5.908175017714171,positive,240,240,
C_COMPLEMENT_NB,2,4,256,task,textual,complement_log_weight,5.9040570394606116,5.9040570394606116,positive,241,241,
C_COMPLEMENT_NB,2,4,29,better,textual,complement_log_weight,5.903130476724699,5.903130476724699,positive,242,242,
C_COMPLEMENT_NB,2,4,99,forget,textual,complement_log_weight,5.901163403032866,5.901163403032866,positive,243,243,
C_COMPLEMENT_NB,2,4,123,hyperactive,textual,complement_log_weight,5.879081272828491,5.879081272828491,positive,244,244,
C_COMPLEMENT_NB,2,4,112,having,textual,complement_log_weight,5.863677943155961,5.863677943155961,positive,245,245,
C_COMPLEMENT_NB,2,4,227,signs,textual,complement_log_weight,5.850058998506187,5.850058998506187,positive,246,246,
C_COMPLEMENT_NB,2,4,137,kind,textual,complement_log_weight,5.8442913267143055,5.8442913267143055,positive,247,247,
C_COMPLEMENT_NB,2,4,282,ve,textual,complement_log_weight,5.823841672595063,5.823841672595063,positive,248,248,
C_COMPLEMENT_NB,2,4,217,school,textual,complement_log_weight,5.822773357984798,5.822773357984798,positive,249,249,
C_COMPLEMENT_NB,2,4,15,adults,textual,complement_log_weight,5.817345540350802,5.817345540350802,positive,250,250,
C_COMPLEMENT_NB,2,4,66,does,textual,complement_log_weight,5.814761915487451,5.814761915487451,positive,251,251,
C_COMPLEMENT_NB,2,4,62,difficulty,textual,complement_log_weight,5.812002579310551,5.812002579310551,positive,252,252,
C_COMPLEMENT_NB,2,4,147,life,textual,complement_log_weight,5.763087826857908,5.763087826857908,positive,253,253,
C_COMPLEMENT_NB,2,4,286,want,textual,complement_log_weight,5.762333753292953,5.762333753292953,positive,254,254,
C_COMPLEMENT_NB,2,4,105,good,textual,complement_log_weight,5.7620648736408855,5.7620648736408855,positive,255,255,
C_COMPLEMENT_NB,2,4,133,issues,textual,complement_log_weight,5.761912173564117,5.761912173564117,positive,256,256,
C_COMPLEMENT_NB,2,4,126,important,textual,complement_log_weight,5.760300904906235,5.760300904906235,positive,257,257,
C_COMPLEMENT_NB,2,4,115,help,textual,complement_log_weight,5.74756843945114,5.74756843945114,positive,258,258,
C_COMPLEMENT_NB,2,4,257,tasks,textual,complement_log_weight,5.732179683640343,5.732179683640343,positive,259,259,
C_COMPLEMENT_NB,2,4,213,right,textual,complement_log_weight,5.728592036622776,5.728592036622776,positive,260,260,
C_COMPLEMENT_NB,2,4,56,diagnosed,textual,complement_log_weight,5.724703318063971,5.724703318063971,positive,261,261,
C_COMPLEMENT_NB,2,4,119,higher,textual,complement_log_weight,5.720083516436725,5.720083516436725,positive,262,262,
C_COMPLEMENT_NB,2,4,155,look,textual,complement_log_weight,5.714712477334444,5.714712477334444,positive,263,263,
C_COMPLEMENT_NB,2,4,153,ll,textual,complement_log_weight,5.682264365126541,5.682264365126541,positive,264,264,
C_COMPLEMENT_NB,2,4,287,way,textual,complement_log_weight,5.678946907079499,5.678946907079499,positive,265,265,
C_COMPLEMENT_NB,2,4,263,thing,textual,complement_log_weight,5.6583159040953666,5.6583159040953666,positive,266,266,
C_COMPLEMENT_NB,2,4,103,getting,textual,complement_log_weight,5.65597064067828,5.65597064067828,positive,267,267,
C_COMPLEMENT_NB,2,4,61,different,textual,complement_log_weight,5.641796472899661,5.641796472899661,positive,268,268,
C_COMPLEMENT_NB,2,4,290,work,textual,complement_log_weight,5.641340147164745,5.641340147164745,positive,269,269,
C_COMPLEMENT_NB,2,4,162,make,textual,complement_log_weight,5.634231615655636,5.634231615655636,positive,270,270,
C_COMPLEMENT_NB,2,4,63,disorder,textual,complement_log_weight,5.614501309732686,5.614501309732686,positive,271,271,
C_COMPLEMENT_NB,2,4,78,emotional,textual,complement_log_weight,5.604750414889546,5.604750414889546,positive,272,272,
C_COMPLEMENT_NB,2,4,5,actually,textual,complement_log_weight,5.59591125371367,5.59591125371367,positive,273,273,
C_COMPLEMENT_NB,2,4,124,hyperactivity,textual,complement_log_weight,5.557453192899693,5.557453192899693,positive,274,274,
C_COMPLEMENT_NB,2,4,194,person,textual,complement_log_weight,5.543550477859245,5.543550477859245,positive,275,275,
C_COMPLEMENT_NB,2,4,179,need,textual,complement_log_weight,5.541329660582699,5.541329660582699,positive,276,276,
C_COMPLEMENT_NB,2,4,42,child,textual,complement_log_weight,5.5343482388631795,5.5343482388631795,positive,277,277,
C_COMPLEMENT_NB,2,4,169,medication,textual,complement_log_weight,5.502073735072962,5.502073735072962,positive,278,278,
C_COMPLEMENT_NB,2,4,230,sleep,textual,complement_log_weight,5.501691129598944,5.501691129598944,positive,279,279,
C_COMPLEMENT_NB,2,4,236,start,textual,complement_log_weight,5.486519273408362,5.486519273408362,positive,280,280,
C_COMPLEMENT_NB,2,4,95,focus,textual,complement_log_weight,5.440079047311736,5.440079047311736,positive,281,281,
C_COMPLEMENT_NB,2,4,157,lot,textual,complement_log_weight,5.440029716864266,5.440029716864266,positive,282,282,
C_COMPLEMENT_NB,2,4,193,people adhd,textual,complement_log_weight,5.402912672682906,5.402912672682906,positive,283,283,
C_COMPLEMENT_NB,2,4,266,think,textual,complement_log_weight,5.393968603787011,5.393968603787011,positive,284,284,
C_COMPLEMENT_NB,2,4,91,feel,textual,complement_log_weight,5.383218232144162,5.383218232144162,positive,285,285,
C_COMPLEMENT_NB,2,4,104,going,textual,complement_log_weight,5.379532524716359,5.379532524716359,positive,286,286,
C_COMPLEMENT_NB,2,4,71,dopamine,textual,complement_log_weight,5.3248533738841735,5.3248533738841735,positive,287,287,
C_COMPLEMENT_NB,2,4,206,really,textual,complement_log_weight,5.213947761873694,5.213947761873694,positive,288,288,
C_COMPLEMENT_NB,2,4,69,don,textual,complement_log_weight,5.205182726729371,5.205182726729371,positive,289,289,
C_COMPLEMENT_NB,2,4,138,know,textual,complement_log_weight,5.185045042188187,5.185045042188187,positive,290,290,
C_COMPLEMENT_NB,2,4,185,number,textual,complement_log_weight,5.179696554725321,5.179696554725321,positive,291,291,
C_COMPLEMENT_NB,2,4,264,things,textual,complement_log_weight,5.110925472993434,5.110925472993434,positive,292,292,
C_COMPLEMENT_NB,2,4,21,attention,textual,complement_log_weight,5.10434118344974,5.10434118344974,positive,293,293,
C_COMPLEMENT_NB,2,4,270,time,textual,complement_log_weight,5.072129123036175,5.072129123036175,positive,294,294,
C_COMPLEMENT_NB,2,4,252,symptoms,textual,complement_log_weight,4.990324092580953,4.990324092580953,positive,295,295,
C_COMPLEMENT_NB,2,4,135,just,textual,complement_log_weight,4.895220783397402,4.895220783397402,positive,296,296,
C_COMPLEMENT_NB,2,4,33,brain,textual,complement_log_weight,4.806861592061855,4.806861592061855,positive,297,297,
C_COMPLEMENT_NB,2,4,192,people,textual,complement_log_weight,4.744479015135851,4.744479015135851,positive,298,298,
C_COMPLEMENT_NB,2,4,148,like,textual,complement_log_weight,4.552939388593456,4.552939388593456,positive,299,299,
C_COMPLEMENT_NB,2,4,7,adhd,textual,complement_log_weight,3.923929802652306,3.923929802652306,positive,300,300,
C_COMPLEMENT_NB,2,4,301,hedge_score,handcrafted_linguistic,complement_log_weight,3.489806767588459,3.489806767588459,positive,301,301,
C_COMPLEMENT_NB,2,4,300,certainty_score,handcrafted_linguistic,complement_log_weight,3.466331759883685,3.466331759883685,positive,302,302,
C_COMPLEMENT_NB,2,4,303,comments_within_platform_percentile,engagement_or_format,complement_log_weight,2.676494271277718,2.676494271277718,positive,303,303,
C_COMPLEMENT_NB,2,4,304,views_within_platform_percentile,engagement_or_format,complement_log_weight,2.670217574235275,2.670217574235275,positive,304,304,
C_COMPLEMENT_NB,2,4,302,likes_within_platform_percentile,engagement_or_format,complement_log_weight,2.668001439658697,2.668001439658697,positive,305,305,
C_COMPLEMENT_NB,2,4,305,duration_sec_within_platform_percentile,engagement_or_format,complement_log_weight,2.6411095602620236,2.6411095602620236,positive,306,306,
C_COMPLEMENT_NB,3,1,4,activities,textual,complement_log_weight,7.1655339338836175,7.1655339338836175,positive,1,1,
C_COMPLEMENT_NB,3,1,144,lead,textual,complement_log_weight,6.970722295486103,6.970722295486103,positive,2,2,
C_COMPLEMENT_NB,3,1,180,music,textual,complement_log_weight,6.856909550065523,6.856909550065523,positive,3,3,
C_COMPLEMENT_NB,3,1,271,trouble,textual,complement_log_weight,6.798126788842332,6.798126788842332,positive,4,4,
C_COMPLEMENT_NB,3,1,11,adhd medication,textual,complement_log_weight,6.792467227026393,6.792467227026393,positive,5,5,
C_COMPLEMENT_NB,3,1,128,impulsive,textual,complement_log_weight,6.789780558263555,6.789780558263555,positive,6,6,
C_COMPLEMENT_NB,3,1,139,know adhd,textual,complement_log_weight,6.778424547418406,6.778424547418406,positive,7,7,
C_COMPLEMENT_NB,3,1,26,based,textual,complement_log_weight,6.75651813529725,6.75651813529725,positive,8,8,
C_COMPLEMENT_NB,3,1,62,difference,textual,complement_log_weight,6.7280918078166465,6.7280918078166465,positive,9,9,
C_COMPLEMENT_NB,3,1,130,inattentive,textual,complement_log_weight,6.6834157629559146,6.6834157629559146,positive,10,10,
C_COMPLEMENT_NB,3,1,48,condition,textual,complement_log_weight,6.6828456747750975,6.6828456747750975,positive,11,11,
C_COMPLEMENT_NB,3,1,151,listen,textual,complement_log_weight,6.6804392580082395,6.6804392580082395,positive,12,12,
C_COMPLEMENT_NB,3,1,140,knowing,textual,complement_log_weight,6.650660673547531,6.650660673547531,positive,13,13,
C_COMPLEMENT_NB,3,1,270,treatment,textual,complement_log_weight,6.64884813167763,6.64884813167763,positive,14,14,
C_COMPLEMENT_NB,3,1,205,quickly,textual,complement_log_weight,6.645142207741708,6.645142207741708,positive,15,15,
C_COMPLEMENT_NB,3,1,285,wait,textual,complement_log_weight,6.640174218181843,6.640174218181843,positive,16,16,
C_COMPLEMENT_NB,3,1,85,example,textual,complement_log_weight,6.634101463710903,6.634101463710903,positive,17,17,
C_COMPLEMENT_NB,3,1,264,thinking,textual,complement_log_weight,6.62648587472356,6.62648587472356,positive,18,18,
C_COMPLEMENT_NB,3,1,43,chronic,textual,complement_log_weight,6.61447818521307,6.61447818521307,positive,19,19,
C_COMPLEMENT_NB,3,1,14,adult,textual,complement_log_weight,6.614242833476822,6.614242833476822,positive,20,20,
C_COMPLEMENT_NB,3,1,280,using,textual,complement_log_weight,6.607540574411145,6.607540574411145,positive,21,21,
C_COMPLEMENT_NB,3,1,77,eat,textual,complement_log_weight,6.601433566700387,6.601433566700387,positive,22,22,
C_COMPLEMENT_NB,3,1,220,seen,textual,complement_log_weight,6.598903645883297,6.598903645883297,positive,23,23,
C_COMPLEMENT_NB,3,1,234,sound,textual,complement_log_weight,6.597383093269256,6.597383093269256,positive,24,24,
C_COMPLEMENT_NB,3,1,276,um,textual,complement_log_weight,6.596536673893627,6.596536673893627,positive,25,25,
C_COMPLEMENT_NB,3,1,158,looking,textual,complement_log_weight,6.594909297680635,6.594909297680635,positive,26,26,
C_COMPLEMENT_NB,3,1,19,aren,textual,complement_log_weight,6.591941073561643,6.591941073561643,positive,27,27,
C_COMPLEMENT_NB,3,1,246,stuff,textual,complement_log_weight,6.587153295189693,6.587153295189693,positive,28,28,
C_COMPLEMENT_NB,3,1,217,saying,textual,complement_log_weight,6.585024995004324,6.585024995004324,positive,29,29,
C_COMPLEMENT_NB,3,1,57,diagnosed adhd,textual,complement_log_weight,6.582974557131386,6.582974557131386,positive,30,30,
C_COMPLEMENT_NB,3,1,292,working memory,textual,complement_log_weight,6.582965893834465,6.582965893834465,positive,31,31,
C_COMPLEMENT_NB,3,1,238,stimulant,textual,complement_log_weight,6.577808977159173,6.577808977159173,positive,32,32,
C_COMPLEMENT_NB,3,1,39,certain,textual,complement_log_weight,6.573916990709116,6.573916990709116,positive,33,33,
C_COMPLEMENT_NB,3,1,244,studies,textual,complement_log_weight,6.566649702089509,6.566649702089509,positive,34,34,
C_COMPLEMENT_NB,3,1,191,overwhelmed,textual,complement_log_weight,6.556776645883208,6.556776645883208,positive,35,35,
C_COMPLEMENT_NB,3,1,49,constant,textual,complement_log_weight,6.551976928756855,6.551976928756855,positive,36,36,
C_COMPLEMENT_NB,3,1,78,eating,textual,complement_log_weight,6.551856990076395,6.551856990076395,positive,37,37,
C_COMPLEMENT_NB,3,1,122,home,textual,complement_log_weight,6.551132120119406,6.551132120119406,positive,38,38,
C_COMPLEMENT_NB,3,1,172,meds,textual,complement_log_weight,6.539747866798101,6.539747866798101,positive,39,39,
C_COMPLEMENT_NB,3,1,129,impulsivity,textual,complement_log_weight,6.539469179962373,6.539469179962373,positive,40,40,
C_COMPLEMENT_NB,3,1,147,level,textual,complement_log_weight,6.539311541642159,6.539311541642159,positive,41,41,
C_COMPLEMENT_NB,3,1,266,thoughts,textual,complement_log_weight,6.530550804330979,6.530550804330979,positive,42,42,
C_COMPLEMENT_NB,3,1,275,uh,textual,complement_log_weight,6.523578255386136,6.523578255386136,positive,43,43,
C_COMPLEMENT_NB,3,1,228,single,textual,complement_log_weight,6.521595751454954,6.521595751454954,positive,44,44,
C_COMPLEMENT_NB,3,1,171,medications,textual,complement_log_weight,6.5110004281499965,6.5110004281499965,positive,45,45,
C_COMPLEMENT_NB,3,1,76,easily,textual,complement_log_weight,6.504969164772483,6.504969164772483,positive,46,46,
C_COMPLEMENT_NB,3,1,75,dysfunction,textual,complement_log_weight,6.501564354742464,6.501564354742464,positive,47,47,
C_COMPLEMENT_NB,3,1,166,manage,textual,complement_log_weight,6.499888199210759,6.499888199210759,positive,48,48,
C_COMPLEMENT_NB,3,1,239,stimulants,textual,complement_log_weight,6.4993425965667635,6.4993425965667635,positive,49,49,
C_COMPLEMENT_NB,3,1,243,struggling,textual,complement_log_weight,6.49286651588249,6.49286651588249,positive,50,50,
C_COMPLEMENT_NB,3,1,65,difficulty,textual,complement_log_weight,6.488198632010958,6.488198632010958,positive,51,51,
C_COMPLEMENT_NB,3,1,64,differently,textual,complement_log_weight,6.4837796766120945,6.4837796766120945,positive,52,52,
C_COMPLEMENT_NB,3,1,73,don know,textual,complement_log_weight,6.480632659708385,6.480632659708385,positive,53,53,
C_COMPLEMENT_NB,3,1,153,little bit,textual,complement_log_weight,6.4804868524680845,6.4804868524680845,positive,54,54,
C_COMPLEMENT_NB,3,1,215,running,textual,complement_log_weight,6.480096348238022,6.480096348238022,positive,55,55,
C_COMPLEMENT_NB,3,1,199,place,textual,complement_log_weight,6.4789691782764,6.4789691782764,positive,56,56,
C_COMPLEMENT_NB,3,1,81,end,textual,complement_log_weight,6.477608772640893,6.477608772640893,positive,57,57,
C_COMPLEMENT_NB,3,1,5,activity,textual,complement_log_weight,6.4650235753290115,6.4650235753290115,positive,58,58,
C_COMPLEMENT_NB,3,1,231,small,textual,complement_log_weight,6.462835672511764,6.462835672511764,positive,59,59,
C_COMPLEMENT_NB,3,1,248,support,textual,complement_log_weight,6.456758339650357,6.456758339650357,positive,60,60,
C_COMPLEMENT_NB,3,1,288,ways,textual,complement_log_weight,6.4561295378106465,6.4561295378106465,positive,61,61,
C_COMPLEMENT_NB,3,1,131,information,textual,complement_log_weight,6.455491306259799,6.455491306259799,positive,62,62,
C_COMPLEMENT_NB,3,1,46,common,textual,complement_log_weight,6.454270827307011,6.454270827307011,positive,63,63,
C_COMPLEMENT_NB,3,1,68,doctor,textual,complement_log_weight,6.453984687748795,6.453984687748795,positive,64,64,
C_COMPLEMENT_NB,3,1,2,30,textual,complement_log_weight,6.453143127044639,6.453143127044639,positive,65,65,
C_COMPLEMENT_NB,3,1,160,lot people,textual,complement_log_weight,6.452248339684179,6.452248339684179,positive,66,66,
C_COMPLEMENT_NB,3,1,115,hear,textual,complement_log_weight,6.450019305627936,6.450019305627936,positive,67,67,
C_COMPLEMENT_NB,3,1,262,things like,textual,complement_log_weight,6.449666593836161,6.449666593836161,positive,68,68,
C_COMPLEMENT_NB,3,1,12,adhd people,textual,complement_log_weight,6.4481241830885505,6.4481241830885505,positive,69,69,
C_COMPLEMENT_NB,3,1,20,ask,textual,complement_log_weight,6.4446855952335005,6.4446855952335005,positive,70,70,
C_COMPLEMENT_NB,3,1,194,pay attention,textual,complement_log_weight,6.444471656934596,6.444471656934596,positive,71,71,
C_COMPLEMENT_NB,3,1,206,real,textual,complement_log_weight,6.4426453954113425,6.4426453954113425,positive,72,72,
C_COMPLEMENT_NB,3,1,225,seven,textual,complement_log_weight,6.440403964559303,6.440403964559303,positive,73,73,
C_COMPLEMENT_NB,3,1,299,yes,textual,complement_log_weight,6.436541973892515,6.436541973892515,positive,74,74,
C_COMPLEMENT_NB,3,1,105,gonna,textual,complement_log_weight,6.436129601344099,6.436129601344099,positive,75,75,
C_COMPLEMENT_NB,3,1,241,stress,textual,complement_log_weight,6.435977913806369,6.435977913806369,positive,76,76,
C_COMPLEMENT_NB,3,1,268,times,textual,complement_log_weight,6.435689129121097,6.435689129121097,positive,77,77,
C_COMPLEMENT_NB,3,1,190,open,textual,complement_log_weight,6.434658713955894,6.434658713955894,positive,78,78,
C_COMPLEMENT_NB,3,1,233,somebody,textual,complement_log_weight,6.433737102309502,6.433737102309502,positive,79,79,
C_COMPLEMENT_NB,3,1,67,distracted,textual,complement_log_weight,6.431177301645103,6.431177301645103,positive,80,80,
C_COMPLEMENT_NB,3,1,279,used,textual,complement_log_weight,6.430645150285217,6.430645150285217,positive,81,81,
C_COMPLEMENT_NB,3,1,210,regulation,textual,complement_log_weight,6.430292543394081,6.430292543394081,positive,82,82,
C_COMPLEMENT_NB,3,1,124,hyper,textual,complement_log_weight,6.428791118832281,6.428791118832281,positive,83,83,
C_COMPLEMENT_NB,3,1,212,remember,textual,complement_log_weight,6.425257597766227,6.425257597766227,positive,84,84,
C_COMPLEMENT_NB,3,1,141,lack,textual,complement_log_weight,6.423630158702896,6.423630158702896,positive,85,85,
C_COMPLEMENT_NB,3,1,123,hours,textual,complement_log_weight,6.417394792945893,6.417394792945893,positive,86,86,
C_COMPLEMENT_NB,3,1,103,goes,textual,complement_log_weight,6.417100124980705,6.417100124980705,positive,87,87,
C_COMPLEMENT_NB,3,1,37,calm,textual,complement_log_weight,6.414577776507096,6.414577776507096,positive,88,88,
C_COMPLEMENT_NB,3,1,16,alcohol,textual,complement_log_weight,6.40974758822547,6.40974758822547,positive,89,89,
C_COMPLEMENT_NB,3,1,232,social,textual,complement_log_weight,6.404529532492234,6.404529532492234,positive,90,90,
C_COMPLEMENT_NB,3,1,52,cortex,textual,complement_log_weight,6.4041250227388264,6.4041250227388264,positive,91,91,
C_COMPLEMENT_NB,3,1,177,mood,textual,complement_log_weight,6.400682741354982,6.400682741354982,positive,92,92,
C_COMPLEMENT_NB,3,1,174,mental,textual,complement_log_weight,6.398181910332868,6.398181910332868,positive,93,93,
C_COMPLEMENT_NB,3,1,182,needs,textual,complement_log_weight,6.393039994588692,6.393039994588692,positive,94,94,
C_COMPLEMENT_NB,3,1,27,behavior,textual,complement_log_weight,6.388443130873236,6.388443130873236,positive,95,95,
C_COMPLEMENT_NB,3,1,87,exercise,textual,complement_log_weight,6.383952696786251,6.383952696786251,positive,96,96,
C_COMPLEMENT_NB,3,1,108,great,textual,complement_log_weight,6.379864109228838,6.379864109228838,positive,97,97,
C_COMPLEMENT_NB,3,1,1,20,textual,complement_log_weight,6.379387303107522,6.379387303107522,positive,98,98,
C_COMPLEMENT_NB,3,1,237,stay,textual,complement_log_weight,6.377990101283385,6.377990101283385,positive,99,99,
C_COMPLEMENT_NB,3,1,40,change,textual,complement_log_weight,6.375662349379559,6.375662349379559,positive,100,100,
C_COMPLEMENT_NB,3,1,226,short,textual,complement_log_weight,6.355219874322305,6.355219874322305,positive,101,101,
C_COMPLEMENT_NB,3,1,100,fucking,textual,complement_log_weight,6.352961865293263,6.352961865293263,positive,102,102,
C_COMPLEMENT_NB,3,1,84,everybody,textual,complement_log_weight,6.35035613968331,6.35035613968331,positive,103,103,
C_COMPLEMENT_NB,3,1,125,hyperactive,textual,complement_log_weight,6.347921888992791,6.347921888992791,positive,104,104,
C_COMPLEMENT_NB,3,1,293,works,textual,complement_log_weight,6.3469185487029485,6.3469185487029485,positive,105,105,
C_COMPLEMENT_NB,3,1,35,burnout,textual,complement_log_weight,6.342262376417578,6.342262376417578,positive,106,106,
C_COMPLEMENT_NB,3,1,219,second,textual,complement_log_weight,6.334172919558079,6.334172919558079,positive,107,107,
C_COMPLEMENT_NB,3,1,143,later,textual,complement_log_weight,6.333929046005849,6.333929046005849,positive,108,108,
C_COMPLEMENT_NB,3,1,245,study,textual,complement_log_weight,6.332889619589325,6.332889619589325,positive,109,109,
C_COMPLEMENT_NB,3,1,110,happens,textual,complement_log_weight,6.331766593134288,6.331766593134288,positive,110,110,
C_COMPLEMENT_NB,3,1,156,long term,textual,complement_log_weight,6.33112828428132,6.33112828428132,positive,111,111,
C_COMPLEMENT_NB,3,1,200,point,textual,complement_log_weight,6.329176039027987,6.329176039027987,positive,112,112,
C_COMPLEMENT_NB,3,1,296,wrong,textual,complement_log_weight,6.327836947031195,6.327836947031195,positive,113,113,
C_COMPLEMENT_NB,3,1,193,pay,textual,complement_log_weight,6.3276361291819905,6.3276361291819905,positive,114,114,
C_COMPLEMENT_NB,3,1,82,energy,textual,complement_log_weight,6.32622946907725,6.32622946907725,positive,115,115,
C_COMPLEMENT_NB,3,1,188,oh,textual,complement_log_weight,6.325183333059169,6.325183333059169,positive,116,116,
C_COMPLEMENT_NB,3,1,9,adhd brain,textual,complement_log_weight,6.324913106373588,6.324913106373588,positive,117,117,
C_COMPLEMENT_NB,3,1,167,maybe,textual,complement_log_weight,6.322208590089267,6.322208590089267,positive,118,118,
C_COMPLEMENT_NB,3,1,17,anger,textual,complement_log_weight,6.320683822208832,6.320683822208832,positive,119,119,
C_COMPLEMENT_NB,3,1,249,sure,textual,complement_log_weight,6.3200177893293965,6.3200177893293965,positive,120,120,
C_COMPLEMENT_NB,3,1,24,away,textual,complement_log_weight,6.318378811849311,6.318378811849311,positive,121,121,
C_COMPLEMENT_NB,3,1,274,type,textual,complement_log_weight,6.315146973658797,6.315146973658797,positive,122,122,
C_COMPLEMENT_NB,3,1,236,state,textual,complement_log_weight,6.314907549137966,6.314907549137966,positive,123,123,
C_COMPLEMENT_NB,3,1,150,likely,textual,complement_log_weight,6.311262796022631,6.311262796022631,positive,124,124,
C_COMPLEMENT_NB,3,1,55,depression,textual,complement_log_weight,6.310498732938152,6.310498732938152,positive,125,125,
C_COMPLEMENT_NB,3,1,112,harder,textual,complement_log_weight,6.309449926155061,6.309449926155061,positive,126,126,
C_COMPLEMENT_NB,3,1,186,normal,textual,complement_log_weight,6.302965530188659,6.302965530188659,positive,127,127,
C_COMPLEMENT_NB,3,1,204,protein,textual,complement_log_weight,6.297963840196976,6.297963840196976,positive,128,128,
C_COMPLEMENT_NB,3,1,255,tasks,textual,complement_log_weight,6.297950528592754,6.297950528592754,positive,129,129,
C_COMPLEMENT_NB,3,1,211,rejection,textual,complement_log_weight,6.295290937889875,6.295290937889875,positive,130,130,
C_COMPLEMENT_NB,3,1,60,didn,textual,complement_log_weight,6.294877176352321,6.294877176352321,positive,131,131,
C_COMPLEMENT_NB,3,1,80,emotions,textual,complement_log_weight,6.292940519802239,6.292940519802239,positive,132,132,
C_COMPLEMENT_NB,3,1,25,bad,textual,complement_log_weight,6.2924442320247405,6.2924442320247405,positive,133,133,
C_COMPLEMENT_NB,3,1,222,sense,textual,complement_log_weight,6.291351535517206,6.291351535517206,positive,134,134,
C_COMPLEMENT_NB,3,1,213,research,textual,complement_log_weight,6.287095522929165,6.287095522929165,positive,135,135,
C_COMPLEMENT_NB,3,1,101,function,textual,complement_log_weight,6.2862531181306505,6.2862531181306505,positive,136,136,
C_COMPLEMENT_NB,3,1,47,completely,textual,complement_log_weight,6.284508771730361,6.284508771730361,positive,137,137,
C_COMPLEMENT_NB,3,1,97,follow,textual,complement_log_weight,6.283460048552969,6.283460048552969,positive,138,138,
C_COMPLEMENT_NB,3,1,192,patients,textual,complement_log_weight,6.277107576927309,6.277107576927309,positive,139,139,
C_COMPLEMENT_NB,3,1,95,finally,textual,complement_log_weight,6.276333803401606,6.276333803401606,positive,140,140,
C_COMPLEMENT_NB,3,1,224,sensory,textual,complement_log_weight,6.276110820912429,6.276110820912429,positive,141,141,
C_COMPLEMENT_NB,3,1,114,health,textual,complement_log_weight,6.276032617275128,6.276032617275128,positive,142,142,
C_COMPLEMENT_NB,3,1,28,best,textual,complement_log_weight,6.274195239828519,6.274195239828519,positive,143,143,
C_COMPLEMENT_NB,3,1,198,physical,textual,complement_log_weight,6.267764410367977,6.267764410367977,positive,144,144,
C_COMPLEMENT_NB,3,1,120,higher,textual,complement_log_weight,6.2662179476671,6.2662179476671,positive,145,145,
C_COMPLEMENT_NB,3,1,253,talking,textual,complement_log_weight,6.265149854579228,6.265149854579228,positive,146,146,
C_COMPLEMENT_NB,3,1,209,regulate,textual,complement_log_weight,6.262478316780047,6.262478316780047,positive,147,147,
C_COMPLEMENT_NB,3,1,168,mean,textual,complement_log_weight,6.26139798488482,6.26139798488482,positive,148,148,
C_COMPLEMENT_NB,3,1,284,video,textual,complement_log_weight,6.260977053071068,6.260977053071068,positive,149,149,
C_COMPLEMENT_NB,3,1,50,constantly,textual,complement_log_weight,6.258336928563222,6.258336928563222,positive,150,150,
C_COMPLEMENT_NB,3,1,208,reason,textual,complement_log_weight,6.253985814579771,6.253985814579771,positive,151,151,
C_COMPLEMENT_NB,3,1,164,makes,textual,complement_log_weight,6.250243315354976,6.250243315354976,positive,152,152,
C_COMPLEMENT_NB,3,1,88,experience,textual,complement_log_weight,6.246640036876555,6.246640036876555,positive,153,153,
C_COMPLEMENT_NB,3,1,294,world,textual,complement_log_weight,6.24408414173051,6.24408414173051,positive,154,154,
C_COMPLEMENT_NB,3,1,281,usually,textual,complement_log_weight,6.239136333674536,6.239136333674536,positive,155,155,
C_COMPLEMENT_NB,3,1,59,did,textual,complement_log_weight,6.238483816866767,6.238483816866767,positive,156,156,
C_COMPLEMENT_NB,3,1,31,bit,textual,complement_log_weight,6.236854766718207,6.236854766718207,positive,157,157,
C_COMPLEMENT_NB,3,1,165,making,textual,complement_log_weight,6.236845999305292,6.236845999305292,positive,158,158,
C_COMPLEMENT_NB,3,1,42,children,textual,complement_log_weight,6.2352070887157724,6.2352070887157724,positive,159,159,
C_COMPLEMENT_NB,3,1,15,adults,textual,complement_log_weight,6.234993901423474,6.234993901423474,positive,160,160,
C_COMPLEMENT_NB,3,1,121,highly,textual,complement_log_weight,6.233817888904775,6.233817888904775,positive,161,161,
C_COMPLEMENT_NB,3,1,22,attention deficit,textual,complement_log_weight,6.2287694554777016,6.2287694554777016,positive,162,162,
C_COMPLEMENT_NB,3,1,269,told,textual,complement_log_weight,6.225242180461101,6.225242180461101,positive,163,163,
C_COMPLEMENT_NB,3,1,3,able,textual,complement_log_weight,6.221945851584708,6.221945851584708,positive,164,164,
C_COMPLEMENT_NB,3,1,283,ve got,textual,complement_log_weight,6.215648479349309,6.215648479349309,positive,165,165,
C_COMPLEMENT_NB,3,1,13,adhd symptoms,textual,complement_log_weight,6.215588659052347,6.215588659052347,positive,166,166,
C_COMPLEMENT_NB,3,1,203,problems,textual,complement_log_weight,6.214884609058113,6.214884609058113,positive,167,167,
C_COMPLEMENT_NB,3,1,10,adhd brains,textual,complement_log_weight,6.2100393142516745,6.2100393142516745,positive,168,168,
C_COMPLEMENT_NB,3,1,227,signs,textual,complement_log_weight,6.209137770448459,6.209137770448459,positive,169,169,
C_COMPLEMENT_NB,3,1,251,taking,textual,complement_log_weight,6.207411375403343,6.207411375403343,positive,170,170,
C_COMPLEMENT_NB,3,1,38,care,textual,complement_log_weight,6.204031135659292,6.204031135659292,positive,171,171,
C_COMPLEMENT_NB,3,1,202,problem,textual,complement_log_weight,6.200233933076217,6.200233933076217,positive,172,172,
C_COMPLEMENT_NB,3,1,98,food,textual,complement_log_weight,6.197349057930269,6.197349057930269,positive,173,173,
C_COMPLEMENT_NB,3,1,23,autism,textual,complement_log_weight,6.184493393771643,6.184493393771643,positive,174,174,
C_COMPLEMENT_NB,3,1,297,yeah,textual,complement_log_weight,6.183533394435813,6.183533394435813,positive,175,175,
C_COMPLEMENT_NB,3,1,265,thought,textual,complement_log_weight,6.182343915322004,6.182343915322004,positive,176,176,
C_COMPLEMENT_NB,3,1,113,having,textual,complement_log_weight,6.181780453566422,6.181780453566422,positive,177,177,
C_COMPLEMENT_NB,3,1,176,minutes,textual,complement_log_weight,6.1809481692738935,6.1809481692738935,positive,178,178,
C_COMPLEMENT_NB,3,1,259,test,textual,complement_log_weight,6.172859182752223,6.172859182752223,positive,179,179,
C_COMPLEMENT_NB,3,1,258,term,textual,complement_log_weight,6.167760180859248,6.167760180859248,positive,180,180,
C_COMPLEMENT_NB,3,1,58,diagnosis,textual,complement_log_weight,6.161854042888305,6.161854042888305,positive,181,181,
C_COMPLEMENT_NB,3,1,132,instead,textual,complement_log_weight,6.158145455115161,6.158145455115161,positive,182,182,
C_COMPLEMENT_NB,3,1,30,big,textual,complement_log_weight,6.157892234784004,6.157892234784004,positive,183,183,
C_COMPLEMENT_NB,3,1,109,gut,textual,complement_log_weight,6.15651588798243,6.15651588798243,positive,184,184,
C_COMPLEMENT_NB,3,1,277,understand,textual,complement_log_weight,6.156146944593998,6.156146944593998,positive,185,185,
C_COMPLEMENT_NB,3,1,223,sensitive,textual,complement_log_weight,6.153679516818595,6.153679516818595,positive,186,186,
C_COMPLEMENT_NB,3,1,99,forget,textual,complement_log_weight,6.146078642041464,6.146078642041464,positive,187,187,
C_COMPLEMENT_NB,3,1,291,working,textual,complement_log_weight,6.140588300767229,6.140588300767229,positive,188,188,
C_COMPLEMENT_NB,3,1,89,fact,textual,complement_log_weight,6.139295865112018,6.139295865112018,positive,189,189,
C_COMPLEMENT_NB,3,1,136,kids,textual,complement_log_weight,6.1373740243890165,6.1373740243890165,positive,190,190,
C_COMPLEMENT_NB,3,1,90,fast,textual,complement_log_weight,6.136730524438289,6.136730524438289,positive,191,191,
C_COMPLEMENT_NB,3,1,145,learn,textual,complement_log_weight,6.130385059400242,6.130385059400242,positive,192,192,
C_COMPLEMENT_NB,3,1,183,nervous,textual,complement_log_weight,6.128063300005778,6.128063300005778,positive,193,193,
C_COMPLEMENT_NB,3,1,240,stop,textual,complement_log_weight,6.125576449837271,6.125576449837271,positive,194,194,
C_COMPLEMENT_NB,3,1,178,morning,textual,complement_log_weight,6.12404575109251,6.12404575109251,positive,195,195,
C_COMPLEMENT_NB,3,1,179,motivation,textual,complement_log_weight,6.123108645753026,6.123108645753026,positive,196,196,
C_COMPLEMENT_NB,3,1,295,worse,textual,complement_log_weight,6.121286637602366,6.121286637602366,positive,197,197,
C_COMPLEMENT_NB,3,1,86,executive,textual,complement_log_weight,6.117254948172438,6.117254948172438,positive,198,198,
C_COMPLEMENT_NB,3,1,54,deficit,textual,complement_log_weight,6.117125667798926,6.117125667798926,positive,199,199,
C_COMPLEMENT_NB,3,1,44,come,textual,complement_log_weight,6.115661358876958,6.115661358876958,positive,200,200,
C_COMPLEMENT_NB,3,1,93,feeling,textual,complement_log_weight,6.114562801757844,6.114562801757844,positive,201,201,
C_COMPLEMENT_NB,3,1,218,school,textual,complement_log_weight,6.113124474756616,6.113124474756616,positive,202,202,
C_COMPLEMENT_NB,3,1,173,memory,textual,complement_log_weight,6.110645192446563,6.110645192446563,positive,203,203,
C_COMPLEMENT_NB,3,1,117,helpful,textual,complement_log_weight,6.110636443382801,6.110636443382801,positive,204,204,
C_COMPLEMENT_NB,3,1,155,long,textual,complement_log_weight,6.105915585415973,6.105915585415973,positive,205,205,
C_COMPLEMENT_NB,3,1,162,low,textual,complement_log_weight,6.105761303960556,6.105761303960556,positive,206,206,
C_COMPLEMENT_NB,3,1,229,sit,textual,complement_log_weight,6.102915368094936,6.102915368094936,positive,207,207,
C_COMPLEMENT_NB,3,1,169,means,textual,complement_log_weight,6.095737623944742,6.095737623944742,positive,208,208,
C_COMPLEMENT_NB,3,1,247,sugar,textual,complement_log_weight,6.094940932995982,6.094940932995982,positive,209,209,
C_COMPLEMENT_NB,3,1,189,okay,textual,complement_log_weight,6.088854296287806,6.088854296287806,positive,210,210,
C_COMPLEMENT_NB,3,1,83,especially,textual,complement_log_weight,6.085464589400787,6.085464589400787,positive,211,211,
C_COMPLEMENT_NB,3,1,61,diet,textual,complement_log_weight,6.076121985388104,6.076121985388104,positive,212,212,
C_COMPLEMENT_NB,3,1,221,self,textual,complement_log_weight,6.061798249018896,6.061798249018896,positive,213,213,
C_COMPLEMENT_NB,3,1,36,called,textual,complement_log_weight,6.0522244715015105,6.0522244715015105,positive,214,214,
C_COMPLEMENT_NB,3,1,32,body,textual,complement_log_weight,6.050417473432221,6.050417473432221,positive,215,215,
C_COMPLEMENT_NB,3,1,92,feel like,textual,complement_log_weight,6.043748962536316,6.043748962536316,positive,216,216,
C_COMPLEMENT_NB,3,1,161,love,textual,complement_log_weight,6.038228346289971,6.038228346289971,positive,217,217,
C_COMPLEMENT_NB,3,1,142,late,textual,complement_log_weight,6.033747047539658,6.033747047539658,positive,218,218,
C_COMPLEMENT_NB,3,1,18,anxiety,textual,complement_log_weight,6.009501666184977,6.009501666184977,positive,219,219,
C_COMPLEMENT_NB,3,1,118,helps,textual,complement_log_weight,6.006393748386604,6.006393748386604,positive,220,220,
C_COMPLEMENT_NB,3,1,289,women,textual,complement_log_weight,6.0060325904543905,6.0060325904543905,positive,221,221,
C_COMPLEMENT_NB,3,1,51,control,textual,complement_log_weight,6.004234695470094,6.004234695470094,positive,222,222,
C_COMPLEMENT_NB,3,1,45,comes,textual,complement_log_weight,6.001190895725422,6.001190895725422,positive,223,223,
C_COMPLEMENT_NB,3,1,184,neurotypical,textual,complement_log_weight,6.000746551506313,6.000746551506313,positive,224,224,
C_COMPLEMENT_NB,3,1,273,trying,textual,complement_log_weight,5.998863123831245,5.998863123831245,positive,225,225,
C_COMPLEMENT_NB,3,1,69,does,textual,complement_log_weight,5.998094245819413,5.998094245819413,positive,226,226,
C_COMPLEMENT_NB,3,1,94,feels,textual,complement_log_weight,5.98878747871635,5.98878747871635,positive,227,227,
C_COMPLEMENT_NB,3,1,175,mind,textual,complement_log_weight,5.988632006423891,5.988632006423891,positive,228,228,
C_COMPLEMENT_NB,3,1,133,isn,textual,complement_log_weight,5.988273247963216,5.988273247963216,positive,229,229,
C_COMPLEMENT_NB,3,1,201,probably,textual,complement_log_weight,5.988013751457646,5.988013751457646,positive,230,230,
C_COMPLEMENT_NB,3,1,185,new,textual,complement_log_weight,5.982757305706652,5.982757305706652,positive,231,231,
C_COMPLEMENT_NB,3,1,298,years,textual,complement_log_weight,5.97481886914426,5.97481886914426,positive,232,232,
C_COMPLEMENT_NB,3,1,111,hard,textual,complement_log_weight,5.973681800007653,5.973681800007653,positive,233,233,
C_COMPLEMENT_NB,3,1,56,diagnosed,textual,complement_log_weight,5.96938455806457,5.96938455806457,positive,234,234,
C_COMPLEMENT_NB,3,1,256,tell,textual,complement_log_weight,5.952837185832937,5.952837185832937,positive,235,235,
C_COMPLEMENT_NB,3,1,152,little,textual,complement_log_weight,5.952056961053049,5.952056961053049,positive,236,236,
C_COMPLEMENT_NB,3,1,119,high,textual,complement_log_weight,5.947311348471888,5.947311348471888,positive,237,237,
C_COMPLEMENT_NB,3,1,257,tend,textual,complement_log_weight,5.945910249337557,5.945910249337557,positive,238,238,
C_COMPLEMENT_NB,3,1,127,important,textual,complement_log_weight,5.93318454497361,5.93318454497361,positive,239,239,
C_COMPLEMENT_NB,3,1,242,struggle,textual,complement_log_weight,5.931080803986147,5.931080803986147,positive,240,240,
C_COMPLEMENT_NB,3,1,126,hyperactivity,textual,complement_log_weight,5.910173592982748,5.910173592982748,positive,241,241,
C_COMPLEMENT_NB,3,1,107,got,textual,complement_log_weight,5.9007640849637495,5.9007640849637495,positive,242,242,
C_COMPLEMENT_NB,3,1,254,task,textual,complement_log_weight,5.8997410205994205,5.8997410205994205,positive,243,243,
C_COMPLEMENT_NB,3,1,0,10,textual,complement_log_weight,5.899081306275762,5.899081306275762,positive,244,244,
C_COMPLEMENT_NB,3,1,252,talk,textual,complement_log_weight,5.891158077731265,5.891158077731265,positive,245,245,
C_COMPLEMENT_NB,3,1,134,issues,textual,complement_log_weight,5.88676874883374,5.88676874883374,positive,246,246,
C_COMPLEMENT_NB,3,1,137,kind,textual,complement_log_weight,5.882520481065071,5.882520481065071,positive,247,247,
C_COMPLEMENT_NB,3,1,71,doing,textual,complement_log_weight,5.87924205688937,5.87924205688937,positive,248,248,
C_COMPLEMENT_NB,3,1,79,emotional,textual,complement_log_weight,5.873825936969529,5.873825936969529,positive,249,249,
C_COMPLEMENT_NB,3,1,272,try,textual,complement_log_weight,5.8442497262383855,5.8442497262383855,positive,250,250,
C_COMPLEMENT_NB,3,1,70,doesn,textual,complement_log_weight,5.8403291856104795,5.8403291856104795,positive,251,251,
C_COMPLEMENT_NB,3,1,29,better,textual,complement_log_weight,5.8375665045562535,5.8375665045562535,positive,252,252,
C_COMPLEMENT_NB,3,1,170,medication,textual,complement_log_weight,5.809920218648607,5.809920218648607,positive,253,253,
C_COMPLEMENT_NB,3,1,146,let,textual,complement_log_weight,5.8080980904363075,5.8080980904363075,positive,254,254,
C_COMPLEMENT_NB,3,1,66,disorder,textual,complement_log_weight,5.802172411710628,5.802172411710628,positive,255,255,
C_COMPLEMENT_NB,3,1,34,brains,textual,complement_log_weight,5.793672868961196,5.793672868961196,positive,256,256,
C_COMPLEMENT_NB,3,1,278,use,textual,complement_log_weight,5.7852435166632645,5.7852435166632645,positive,257,257,
C_COMPLEMENT_NB,3,1,157,look,textual,complement_log_weight,5.7790920761779185,5.7790920761779185,positive,258,258,
C_COMPLEMENT_NB,3,1,7,add,textual,complement_log_weight,5.736002646976354,5.736002646976354,positive,259,259,
C_COMPLEMENT_NB,3,1,63,different,textual,complement_log_weight,5.721628485919623,5.721628485919623,positive,260,260,
C_COMPLEMENT_NB,3,1,41,child,textual,complement_log_weight,5.6913250198499385,5.6913250198499385,positive,261,261,
C_COMPLEMENT_NB,3,1,216,say,textual,complement_log_weight,5.682371165559049,5.682371165559049,positive,262,262,
C_COMPLEMENT_NB,3,1,102,getting,textual,complement_log_weight,5.659129168203655,5.659129168203655,positive,263,263,
C_COMPLEMENT_NB,3,1,250,symptoms,textual,complement_log_weight,5.648878079945144,5.648878079945144,positive,264,264,
C_COMPLEMENT_NB,3,1,230,sleep,textual,complement_log_weight,5.647976147149463,5.647976147149463,positive,265,265,
C_COMPLEMENT_NB,3,1,163,make,textual,complement_log_weight,5.6353331967190545,5.6353331967190545,positive,266,266,
C_COMPLEMENT_NB,3,1,106,good,textual,complement_log_weight,5.633759048184223,5.633759048184223,positive,267,267,
C_COMPLEMENT_NB,3,1,214,right,textual,complement_log_weight,5.62576619786521,5.62576619786521,positive,268,268,
C_COMPLEMENT_NB,3,1,197,person,textual,complement_log_weight,5.585381213289551,5.585381213289551,positive,269,269,
C_COMPLEMENT_NB,3,1,290,work,textual,complement_log_weight,5.574562964816866,5.574562964816866,positive,270,270,
C_COMPLEMENT_NB,3,1,148,life,textual,complement_log_weight,5.574506305023343,5.574506305023343,positive,271,271,
C_COMPLEMENT_NB,3,1,263,think,textual,complement_log_weight,5.557771344577256,5.557771344577256,positive,272,272,
C_COMPLEMENT_NB,3,1,235,start,textual,complement_log_weight,5.548966360941568,5.548966360941568,positive,273,273,
C_COMPLEMENT_NB,3,1,53,day,textual,complement_log_weight,5.527409186716793,5.527409186716793,positive,274,274,
C_COMPLEMENT_NB,3,1,260,thing,textual,complement_log_weight,5.5015448826591715,5.5015448826591715,positive,275,275,
C_COMPLEMENT_NB,3,1,96,focus,textual,complement_log_weight,5.472607877889829,5.472607877889829,positive,276,276,
C_COMPLEMENT_NB,3,1,286,want,textual,complement_log_weight,5.471062878362556,5.471062878362556,positive,277,277,
C_COMPLEMENT_NB,3,1,287,way,textual,complement_log_weight,5.460230864546728,5.460230864546728,positive,278,278,
C_COMPLEMENT_NB,3,1,21,attention,textual,complement_log_weight,5.450545518985338,5.450545518985338,positive,279,279,
C_COMPLEMENT_NB,3,1,154,ll,textual,complement_log_weight,5.441714993375874,5.441714993375874,positive,280,280,
C_COMPLEMENT_NB,3,1,116,help,textual,complement_log_weight,5.421579665324755,5.421579665324755,positive,281,281,
C_COMPLEMENT_NB,3,1,159,lot,textual,complement_log_weight,5.3647437221868985,5.3647437221868985,positive,282,282,
C_COMPLEMENT_NB,3,1,196,people adhd,textual,complement_log_weight,5.351568987807883,5.351568987807883,positive,283,283,
C_COMPLEMENT_NB,3,1,282,ve,textual,complement_log_weight,5.330409626712907,5.330409626712907,positive,284,284,
C_COMPLEMENT_NB,3,1,91,feel,textual,complement_log_weight,5.288101509325396,5.288101509325396,positive,285,285,
C_COMPLEMENT_NB,3,1,6,actually,textual,complement_log_weight,5.272102521362996,5.272102521362996,positive,286,286,
C_COMPLEMENT_NB,3,1,207,really,textual,complement_log_weight,5.255162814302613,5.255162814302613,positive,287,287,
C_COMPLEMENT_NB,3,1,181,need,textual,complement_log_weight,5.2489277951168685,5.2489277951168685,positive,288,288,
C_COMPLEMENT_NB,3,1,267,time,textual,complement_log_weight,5.20099926602017,5.20099926602017,positive,289,289,
C_COMPLEMENT_NB,3,1,104,going,textual,complement_log_weight,5.188376652304399,5.188376652304399,positive,290,290,
C_COMPLEMENT_NB,3,1,138,know,textual,complement_log_weight,5.16926368488567,5.16926368488567,positive,291,291,
C_COMPLEMENT_NB,3,1,261,things,textual,complement_log_weight,5.120242517926247,5.120242517926247,positive,292,292,
C_COMPLEMENT_NB,3,1,187,number,textual,complement_log_weight,5.102035486492245,5.102035486492245,positive,293,293,
C_COMPLEMENT_NB,3,1,74,dopamine,textual,complement_log_weight,5.085111553187902,5.085111553187902,positive,294,294,
C_COMPLEMENT_NB,3,1,72,don,textual,complement_log_weight,5.080011855996538,5.080011855996538,positive,295,295,
C_COMPLEMENT_NB,3,1,135,just,textual,complement_log_weight,4.83670080278307,4.83670080278307,positive,296,296,
C_COMPLEMENT_NB,3,1,33,brain,textual,complement_log_weight,4.753522986498579,4.753522986498579,positive,297,297,
C_COMPLEMENT_NB,3,1,195,people,textual,complement_log_weight,4.740618894264489,4.740618894264489,positive,298,298,
C_COMPLEMENT_NB,3,1,149,like,textual,complement_log_weight,4.571009066784813,4.571009066784813,positive,299,299,
C_COMPLEMENT_NB,3,1,8,adhd,textual,complement_log_weight,4.158266498826623,4.158266498826623,positive,300,300,
C_COMPLEMENT_NB,3,1,301,hedge_score,handcrafted_linguistic,complement_log_weight,3.7852169855527777,3.7852169855527777,positive,301,301,
C_COMPLEMENT_NB,3,1,300,certainty_score,handcrafted_linguistic,complement_log_weight,3.492030509301471,3.492030509301471,positive,302,302,
C_COMPLEMENT_NB,3,1,305,duration_sec_within_platform_percentile,engagement_or_format,complement_log_weight,2.8234503377889846,2.8234503377889846,positive,303,303,
C_COMPLEMENT_NB,3,1,304,views_within_platform_percentile,engagement_or_format,complement_log_weight,2.8033354760145195,2.8033354760145195,positive,304,304,
C_COMPLEMENT_NB,3,1,303,comments_within_platform_percentile,engagement_or_format,complement_log_weight,2.7994671305137877,2.7994671305137877,positive,305,305,
C_COMPLEMENT_NB,3,1,302,likes_within_platform_percentile,engagement_or_format,complement_log_weight,2.794905796308814,2.794905796308814,positive,306,306,
C_COMPLEMENT_NB,3,2,43,chronic,textual,complement_log_weight,6.806668501736274,6.806668501736274,positive,1,1,
C_COMPLEMENT_NB,3,2,78,eating,textual,complement_log_weight,6.799823591493139,6.799823591493139,positive,2,2,
C_COMPLEMENT_NB,3,2,266,thoughts,textual,complement_log_weight,6.782983930734122,6.782983930734122,positive,3,3,
C_COMPLEMENT_NB,3,2,215,running,textual,complement_log_weight,6.781925422646016,6.781925422646016,positive,4,4,
C_COMPLEMENT_NB,3,2,285,wait,textual,complement_log_weight,6.776941107835167,6.776941107835167,positive,5,5,
C_COMPLEMENT_NB,3,2,292,working memory,textual,complement_log_weight,6.724082106109016,6.724082106109016,positive,6,6,
C_COMPLEMENT_NB,3,2,190,open,textual,complement_log_weight,6.696897586948576,6.696897586948576,positive,7,7,
C_COMPLEMENT_NB,3,2,153,little bit,textual,complement_log_weight,6.667277441781729,6.667277441781729,positive,8,8,
C_COMPLEMENT_NB,3,2,275,uh,textual,complement_log_weight,6.666227645033269,6.666227645033269,positive,9,9,
C_COMPLEMENT_NB,3,2,131,information,textual,complement_log_weight,6.660677863814653,6.660677863814653,positive,10,10,
C_COMPLEMENT_NB,3,2,166,manage,textual,complement_log_weight,6.658073315068803,6.658073315068803,positive,11,11,
C_COMPLEMENT_NB,3,2,211,rejection,textual,complement_log_weight,6.657475334195896,6.657475334195896,positive,12,12,
C_COMPLEMENT_NB,3,2,144,lead,textual,complement_log_weight,6.646732744020188,6.646732744020188,positive,13,13,
C_COMPLEMENT_NB,3,2,57,diagnosed adhd,textual,complement_log_weight,6.640266554271235,6.640266554271235,positive,14,14,
C_COMPLEMENT_NB,3,2,234,sound,textual,complement_log_weight,6.636227390008735,6.636227390008735,positive,15,15,
C_COMPLEMENT_NB,3,2,220,seen,textual,complement_log_weight,6.632480631981618,6.632480631981618,positive,16,16,
C_COMPLEMENT_NB,3,2,20,ask,textual,complement_log_weight,6.625168510462552,6.625168510462552,positive,17,17,
C_COMPLEMENT_NB,3,2,232,social,textual,complement_log_weight,6.618766620877663,6.618766620877663,positive,18,18,
C_COMPLEMENT_NB,3,2,2,30,textual,complement_log_weight,6.616392597666276,6.616392597666276,positive,19,19,
C_COMPLEMENT_NB,3,2,124,hyper,textual,complement_log_weight,6.613094926990653,6.613094926990653,positive,20,20,
C_COMPLEMENT_NB,3,2,73,don know,textual,complement_log_weight,6.610774376984888,6.610774376984888,positive,21,21,
C_COMPLEMENT_NB,3,2,12,adhd people,textual,complement_log_weight,6.597125034066281,6.597125034066281,positive,22,22,
C_COMPLEMENT_NB,3,2,228,single,textual,complement_log_weight,6.589941946917267,6.589941946917267,positive,23,23,
C_COMPLEMENT_NB,3,2,68,doctor,textual,complement_log_weight,6.577369693174555,6.577369693174555,positive,24,24,
C_COMPLEMENT_NB,3,2,237,stay,textual,complement_log_weight,6.577339762050632,6.577339762050632,positive,25,25,
C_COMPLEMENT_NB,3,2,77,eat,textual,complement_log_weight,6.576163207956481,6.576163207956481,positive,26,26,
C_COMPLEMENT_NB,3,2,75,dysfunction,textual,complement_log_weight,6.575738044804659,6.575738044804659,positive,27,27,
C_COMPLEMENT_NB,3,2,26,based,textual,complement_log_weight,6.574117916263397,6.574117916263397,positive,28,28,
C_COMPLEMENT_NB,3,2,37,calm,textual,complement_log_weight,6.572877689884309,6.572877689884309,positive,29,29,
C_COMPLEMENT_NB,3,2,39,certain,textual,complement_log_weight,6.56528031121531,6.56528031121531,positive,30,30,
C_COMPLEMENT_NB,3,2,85,example,textual,complement_log_weight,6.564149766326823,6.564149766326823,positive,31,31,
C_COMPLEMENT_NB,3,2,22,attention deficit,textual,complement_log_weight,6.556659629426648,6.556659629426648,positive,32,32,
C_COMPLEMENT_NB,3,2,225,seven,textual,complement_log_weight,6.555311356828082,6.555311356828082,positive,33,33,
C_COMPLEMENT_NB,3,2,61,diet,textual,complement_log_weight,6.5527135799159195,6.5527135799159195,positive,34,34,
C_COMPLEMENT_NB,3,2,246,stuff,textual,complement_log_weight,6.5520588418924275,6.5520588418924275,positive,35,35,
C_COMPLEMENT_NB,3,2,64,differently,textual,complement_log_weight,6.547488436899912,6.547488436899912,positive,36,36,
C_COMPLEMENT_NB,3,2,105,gonna,textual,complement_log_weight,6.546937879004323,6.546937879004323,positive,37,37,
C_COMPLEMENT_NB,3,2,224,sensory,textual,complement_log_weight,6.544098163006791,6.544098163006791,positive,38,38,
C_COMPLEMENT_NB,3,2,108,great,textual,complement_log_weight,6.53756160298023,6.53756160298023,positive,39,39,
C_COMPLEMENT_NB,3,2,199,place,textual,complement_log_weight,6.53366271711051,6.53366271711051,positive,40,40,
C_COMPLEMENT_NB,3,2,1,20,textual,complement_log_weight,6.530947388176629,6.530947388176629,positive,41,41,
C_COMPLEMENT_NB,3,2,259,test,textual,complement_log_weight,6.528487825245714,6.528487825245714,positive,42,42,
C_COMPLEMENT_NB,3,2,243,struggling,textual,complement_log_weight,6.526461771297745,6.526461771297745,positive,43,43,
C_COMPLEMENT_NB,3,2,191,overwhelmed,textual,complement_log_weight,6.525433047119767,6.525433047119767,positive,44,44,
C_COMPLEMENT_NB,3,2,49,constant,textual,complement_log_weight,6.523159456281569,6.523159456281569,positive,45,45,
C_COMPLEMENT_NB,3,2,16,alcohol,textual,complement_log_weight,6.520555865885695,6.520555865885695,positive,46,46,
C_COMPLEMENT_NB,3,2,182,needs,textual,complement_log_weight,6.52031545769219,6.52031545769219,positive,47,47,
C_COMPLEMENT_NB,3,2,52,cortex,textual,complement_log_weight,6.51493330039905,6.51493330039905,positive,48,48,
C_COMPLEMENT_NB,3,2,158,looking,textual,complement_log_weight,6.5149225980205125,6.5149225980205125,positive,49,49,
C_COMPLEMENT_NB,3,2,270,treatment,textual,complement_log_weight,6.513273281486474,6.513273281486474,positive,50,50,
C_COMPLEMENT_NB,3,2,192,patients,textual,complement_log_weight,6.5084693695493385,6.5084693695493385,positive,51,51,
C_COMPLEMENT_NB,3,2,194,pay attention,textual,complement_log_weight,6.503529478183513,6.503529478183513,positive,52,52,
C_COMPLEMENT_NB,3,2,280,using,textual,complement_log_weight,6.498153902484189,6.498153902484189,positive,53,53,
C_COMPLEMENT_NB,3,2,151,listen,textual,complement_log_weight,6.497225651010281,6.497225651010281,positive,54,54,
C_COMPLEMENT_NB,3,2,95,finally,textual,complement_log_weight,6.497034563055209,6.497034563055209,positive,55,55,
C_COMPLEMENT_NB,3,2,19,aren,textual,complement_log_weight,6.488304172951761,6.488304172951761,positive,56,56,
C_COMPLEMENT_NB,3,2,217,saying,textual,complement_log_weight,6.4872758103527675,6.4872758103527675,positive,57,57,
C_COMPLEMENT_NB,3,2,90,fast,textual,complement_log_weight,6.4868519652341305,6.4868519652341305,positive,58,58,
C_COMPLEMENT_NB,3,2,48,condition,textual,complement_log_weight,6.485462151990687,6.485462151990687,positive,59,59,
C_COMPLEMENT_NB,3,2,177,mood,textual,complement_log_weight,6.485394439804403,6.485394439804403,positive,60,60,
C_COMPLEMENT_NB,3,2,233,somebody,textual,complement_log_weight,6.4842817640534705,6.4842817640534705,positive,61,61,
C_COMPLEMENT_NB,3,2,103,goes,textual,complement_log_weight,6.482569299752467,6.482569299752467,positive,62,62,
C_COMPLEMENT_NB,3,2,14,adult,textual,complement_log_weight,6.4813176912885,6.4813176912885,positive,63,63,
C_COMPLEMENT_NB,3,2,172,meds,textual,complement_log_weight,6.478557747662693,6.478557747662693,positive,64,64,
C_COMPLEMENT_NB,3,2,38,care,textual,complement_log_weight,6.47834229238046,6.47834229238046,positive,65,65,
C_COMPLEMENT_NB,3,2,209,regulate,textual,complement_log_weight,6.475900565605619,6.475900565605619,positive,66,66,
C_COMPLEMENT_NB,3,2,264,thinking,textual,complement_log_weight,6.473932001903097,6.473932001903097,positive,67,67,
C_COMPLEMENT_NB,3,2,128,impulsive,textual,complement_log_weight,6.472872039885697,6.472872039885697,positive,68,68,
C_COMPLEMENT_NB,3,2,231,small,textual,complement_log_weight,6.46416435634574,6.46416435634574,positive,69,69,
C_COMPLEMENT_NB,3,2,100,fucking,textual,complement_log_weight,6.4637701429534875,6.4637701429534875,positive,70,70,
C_COMPLEMENT_NB,3,2,67,distracted,textual,complement_log_weight,6.460158140042073,6.460158140042073,positive,71,71,
C_COMPLEMENT_NB,3,2,122,home,textual,complement_log_weight,6.453958241440348,6.453958241440348,positive,72,72,
C_COMPLEMENT_NB,3,2,40,change,textual,complement_log_weight,6.4478770679489275,6.4478770679489275,positive,73,73,
C_COMPLEMENT_NB,3,2,25,bad,textual,complement_log_weight,6.446411369491054,6.446411369491054,positive,74,74,
C_COMPLEMENT_NB,3,2,244,studies,textual,complement_log_weight,6.44597461237291,6.44597461237291,positive,75,75,
C_COMPLEMENT_NB,3,2,4,activities,textual,complement_log_weight,6.441098256685157,6.441098256685157,positive,76,76,
C_COMPLEMENT_NB,3,2,284,video,textual,complement_log_weight,6.440236610760755,6.440236610760755,positive,77,77,
C_COMPLEMENT_NB,3,2,140,knowing,textual,complement_log_weight,6.439752421975999,6.439752421975999,positive,78,78,
C_COMPLEMENT_NB,3,2,81,end,textual,complement_log_weight,6.4378827713064215,6.4378827713064215,positive,79,79,
C_COMPLEMENT_NB,3,2,180,music,textual,complement_log_weight,6.433912536544039,6.433912536544039,positive,80,80,
C_COMPLEMENT_NB,3,2,208,reason,textual,complement_log_weight,6.432447167586366,6.432447167586366,positive,81,81,
C_COMPLEMENT_NB,3,2,115,hear,textual,complement_log_weight,6.431976098359519,6.431976098359519,positive,82,82,
C_COMPLEMENT_NB,3,2,141,lack,textual,complement_log_weight,6.4299880233981455,6.4299880233981455,positive,83,83,
C_COMPLEMENT_NB,3,2,24,away,textual,complement_log_weight,6.426826761731247,6.426826761731247,positive,84,84,
C_COMPLEMENT_NB,3,2,147,level,textual,complement_log_weight,6.425506035525207,6.425506035525207,positive,85,85,
C_COMPLEMENT_NB,3,2,179,motivation,textual,complement_log_weight,6.4252986649416135,6.4252986649416135,positive,86,86,
C_COMPLEMENT_NB,3,2,31,bit,textual,complement_log_weight,6.424994544035852,6.424994544035852,positive,87,87,
C_COMPLEMENT_NB,3,2,249,sure,textual,complement_log_weight,6.422908801855981,6.422908801855981,positive,88,88,
C_COMPLEMENT_NB,3,2,212,remember,textual,complement_log_weight,6.422723567354091,6.422723567354091,positive,89,89,
C_COMPLEMENT_NB,3,2,269,told,textual,complement_log_weight,6.420096150183501,6.420096150183501,positive,90,90,
C_COMPLEMENT_NB,3,2,150,likely,textual,complement_log_weight,6.419664766121181,6.419664766121181,positive,91,91,
C_COMPLEMENT_NB,3,2,160,lot people,textual,complement_log_weight,6.417442609019775,6.417442609019775,positive,92,92,
C_COMPLEMENT_NB,3,2,110,happens,textual,complement_log_weight,6.416644156392352,6.416644156392352,positive,93,93,
C_COMPLEMENT_NB,3,2,139,know adhd,textual,complement_log_weight,6.413829690233918,6.413829690233918,positive,94,94,
C_COMPLEMENT_NB,3,2,156,long term,textual,complement_log_weight,6.410648165726512,6.410648165726512,positive,95,95,
C_COMPLEMENT_NB,3,2,219,second,textual,complement_log_weight,6.409973340782905,6.409973340782905,positive,96,96,
C_COMPLEMENT_NB,3,2,279,used,textual,complement_log_weight,6.405725145487759,6.405725145487759,positive,97,97,
C_COMPLEMENT_NB,3,2,5,activity,textual,complement_log_weight,6.403419355222714,6.403419355222714,positive,98,98,
C_COMPLEMENT_NB,3,2,198,physical,textual,complement_log_weight,6.398935015739539,6.398935015739539,positive,99,99,
C_COMPLEMENT_NB,3,2,121,highly,textual,complement_log_weight,6.39752110868643,6.39752110868643,positive,100,100,
C_COMPLEMENT_NB,3,2,226,short,textual,complement_log_weight,6.396687595752005,6.396687595752005,positive,101,101,
C_COMPLEMENT_NB,3,2,193,pay,textual,complement_log_weight,6.3938151259323925,6.3938151259323925,positive,102,102,
C_COMPLEMENT_NB,3,2,200,point,textual,complement_log_weight,6.393251576125714,6.393251576125714,positive,103,103,
C_COMPLEMENT_NB,3,2,123,hours,textual,complement_log_weight,6.391969033239204,6.391969033239204,positive,104,104,
C_COMPLEMENT_NB,3,2,87,exercise,textual,complement_log_weight,6.389910360359566,6.389910360359566,positive,105,105,
C_COMPLEMENT_NB,3,2,281,usually,textual,complement_log_weight,6.389641993590999,6.389641993590999,positive,106,106,
C_COMPLEMENT_NB,3,2,11,adhd medication,textual,complement_log_weight,6.376983711125786,6.376983711125786,positive,107,107,
C_COMPLEMENT_NB,3,2,262,things like,textual,complement_log_weight,6.371865753178556,6.371865753178556,positive,108,108,
C_COMPLEMENT_NB,3,2,205,quickly,textual,complement_log_weight,6.370838126042931,6.370838126042931,positive,109,109,
C_COMPLEMENT_NB,3,2,223,sensitive,textual,complement_log_weight,6.3650844231556585,6.3650844231556585,positive,110,110,
C_COMPLEMENT_NB,3,2,27,behavior,textual,complement_log_weight,6.364499123736781,6.364499123736781,positive,111,111,
C_COMPLEMENT_NB,3,2,47,completely,textual,complement_log_weight,6.3624983794889,6.3624983794889,positive,112,112,
C_COMPLEMENT_NB,3,2,210,regulation,textual,complement_log_weight,6.361518536231577,6.361518536231577,positive,113,113,
C_COMPLEMENT_NB,3,2,293,works,textual,complement_log_weight,6.359141108436012,6.359141108436012,positive,114,114,
C_COMPLEMENT_NB,3,2,130,inattentive,textual,complement_log_weight,6.356297539702034,6.356297539702034,positive,115,115,
C_COMPLEMENT_NB,3,2,294,world,textual,complement_log_weight,6.355287309249753,6.355287309249753,positive,116,116,
C_COMPLEMENT_NB,3,2,98,food,textual,complement_log_weight,6.353599404497555,6.353599404497555,positive,117,117,
C_COMPLEMENT_NB,3,2,9,adhd brain,textual,complement_log_weight,6.353394259473321,6.353394259473321,positive,118,118,
C_COMPLEMENT_NB,3,2,17,anger,textual,complement_log_weight,6.350187317272666,6.350187317272666,positive,119,119,
C_COMPLEMENT_NB,3,2,274,type,textual,complement_log_weight,6.349700260204866,6.349700260204866,positive,120,120,
C_COMPLEMENT_NB,3,2,54,deficit,textual,complement_log_weight,6.346786601140215,6.346786601140215,positive,121,121,
C_COMPLEMENT_NB,3,2,60,didn,textual,complement_log_weight,6.346024689931378,6.346024689931378,positive,122,122,
C_COMPLEMENT_NB,3,2,276,um,textual,complement_log_weight,6.345519074756247,6.345519074756247,positive,123,123,
C_COMPLEMENT_NB,3,2,236,state,textual,complement_log_weight,6.341985704772068,6.341985704772068,positive,124,124,
C_COMPLEMENT_NB,3,2,23,autism,textual,complement_log_weight,6.336821049389936,6.336821049389936,positive,125,125,
C_COMPLEMENT_NB,3,2,288,ways,textual,complement_log_weight,6.330910848547083,6.330910848547083,positive,126,126,
C_COMPLEMENT_NB,3,2,251,taking,textual,complement_log_weight,6.330715944067008,6.330715944067008,positive,127,127,
C_COMPLEMENT_NB,3,2,101,function,textual,complement_log_weight,6.319922971222207,6.319922971222207,positive,128,128,
C_COMPLEMENT_NB,3,2,204,protein,textual,complement_log_weight,6.318803268288684,6.318803268288684,positive,129,129,
C_COMPLEMENT_NB,3,2,143,later,textual,complement_log_weight,6.307133567582853,6.307133567582853,positive,130,130,
C_COMPLEMENT_NB,3,2,247,sugar,textual,complement_log_weight,6.3064440163370445,6.3064440163370445,positive,131,131,
C_COMPLEMENT_NB,3,2,62,difference,textual,complement_log_weight,6.305830620460545,6.305830620460545,positive,132,132,
C_COMPLEMENT_NB,3,2,283,ve got,textual,complement_log_weight,6.295543465648601,6.295543465648601,positive,133,133,
C_COMPLEMENT_NB,3,2,265,thought,textual,complement_log_weight,6.293152192982228,6.293152192982228,positive,134,134,
C_COMPLEMENT_NB,3,2,241,stress,textual,complement_log_weight,6.286814314841043,6.286814314841043,positive,135,135,
C_COMPLEMENT_NB,3,2,248,support,textual,complement_log_weight,6.285713684363765,6.285713684363765,positive,136,136,
C_COMPLEMENT_NB,3,2,186,normal,textual,complement_log_weight,6.281805640007515,6.281805640007515,positive,137,137,
C_COMPLEMENT_NB,3,2,176,minutes,textual,complement_log_weight,6.2801871450874645,6.2801871450874645,positive,138,138,
C_COMPLEMENT_NB,3,2,89,fact,textual,complement_log_weight,6.27988852517609,6.27988852517609,positive,139,139,
C_COMPLEMENT_NB,3,2,167,maybe,textual,complement_log_weight,6.279315059911187,6.279315059911187,positive,140,140,
C_COMPLEMENT_NB,3,2,76,easily,textual,complement_log_weight,6.278997614568289,6.278997614568289,positive,141,141,
C_COMPLEMENT_NB,3,2,188,oh,textual,complement_log_weight,6.276021116682221,6.276021116682221,positive,142,142,
C_COMPLEMENT_NB,3,2,183,nervous,textual,complement_log_weight,6.272812610746497,6.272812610746497,positive,143,143,
C_COMPLEMENT_NB,3,2,174,mental,textual,complement_log_weight,6.271689126556241,6.271689126556241,positive,144,144,
C_COMPLEMENT_NB,3,2,168,mean,textual,complement_log_weight,6.27044809478804,6.27044809478804,positive,145,145,
C_COMPLEMENT_NB,3,2,109,gut,textual,complement_log_weight,6.267324165642655,6.267324165642655,positive,146,146,
C_COMPLEMENT_NB,3,2,178,morning,textual,complement_log_weight,6.2672013566601565,6.2672013566601565,positive,147,147,
C_COMPLEMENT_NB,3,2,125,hyperactive,textual,complement_log_weight,6.26717667319512,6.26717667319512,positive,148,148,
C_COMPLEMENT_NB,3,2,169,means,textual,complement_log_weight,6.2645448818900755,6.2645448818900755,positive,149,149,
C_COMPLEMENT_NB,3,2,10,adhd brains,textual,complement_log_weight,6.261141722675219,6.261141722675219,positive,150,150,
C_COMPLEMENT_NB,3,2,299,yes,textual,complement_log_weight,6.259095083324955,6.259095083324955,positive,151,151,
C_COMPLEMENT_NB,3,2,229,sit,textual,complement_log_weight,6.256760274541006,6.256760274541006,positive,152,152,
C_COMPLEMENT_NB,3,2,82,energy,textual,complement_log_weight,6.255923197964395,6.255923197964395,positive,153,153,
C_COMPLEMENT_NB,3,2,35,burnout,textual,complement_log_weight,6.250660776810267,6.250660776810267,positive,154,154,
C_COMPLEMENT_NB,3,2,59,did,textual,complement_log_weight,6.249237493174416,6.249237493174416,positive,155,155,
C_COMPLEMENT_NB,3,2,277,understand,textual,complement_log_weight,6.249103168272625,6.249103168272625,positive,156,156,
C_COMPLEMENT_NB,3,2,253,talking,textual,complement_log_weight,6.248624154434704,6.248624154434704,positive,157,157,
C_COMPLEMENT_NB,3,2,84,everybody,textual,complement_log_weight,6.246550839898414,6.246550839898414,positive,158,158,
C_COMPLEMENT_NB,3,2,245,study,textual,complement_log_weight,6.244944316504301,6.244944316504301,positive,159,159,
C_COMPLEMENT_NB,3,2,213,research,textual,complement_log_weight,6.240203777470605,6.240203777470605,positive,160,160,
C_COMPLEMENT_NB,3,2,222,sense,textual,complement_log_weight,6.230324661361881,6.230324661361881,positive,161,161,
C_COMPLEMENT_NB,3,2,3,able,textual,complement_log_weight,6.229071246278044,6.229071246278044,positive,162,162,
C_COMPLEMENT_NB,3,2,88,experience,textual,complement_log_weight,6.228473857398052,6.228473857398052,positive,163,163,
C_COMPLEMENT_NB,3,2,164,makes,textual,complement_log_weight,6.2256511376713215,6.2256511376713215,positive,164,164,
C_COMPLEMENT_NB,3,2,296,wrong,textual,complement_log_weight,6.224408012772707,6.224408012772707,positive,165,165,
C_COMPLEMENT_NB,3,2,268,times,textual,complement_log_weight,6.215577748138993,6.215577748138993,positive,166,166,
C_COMPLEMENT_NB,3,2,295,worse,textual,complement_log_weight,6.211872606126152,6.211872606126152,positive,167,167,
C_COMPLEMENT_NB,3,2,297,yeah,textual,complement_log_weight,6.206625592309109,6.206625592309109,positive,168,168,
C_COMPLEMENT_NB,3,2,129,impulsivity,textual,complement_log_weight,6.1936017819855635,6.1936017819855635,positive,169,169,
C_COMPLEMENT_NB,3,2,142,late,textual,complement_log_weight,6.186299285510207,6.186299285510207,positive,170,170,
C_COMPLEMENT_NB,3,2,227,signs,textual,complement_log_weight,6.186087784868198,6.186087784868198,positive,171,171,
C_COMPLEMENT_NB,3,2,189,okay,textual,complement_log_weight,6.185349958890019,6.185349958890019,positive,172,172,
C_COMPLEMENT_NB,3,2,65,difficulty,textual,complement_log_weight,6.185001932380257,6.185001932380257,positive,173,173,
C_COMPLEMENT_NB,3,2,42,children,textual,complement_log_weight,6.183437969319943,6.183437969319943,positive,174,174,
C_COMPLEMENT_NB,3,2,171,medications,textual,complement_log_weight,6.176384072537108,6.176384072537108,positive,175,175,
C_COMPLEMENT_NB,3,2,165,making,textual,complement_log_weight,6.170009540915116,6.170009540915116,positive,176,176,
C_COMPLEMENT_NB,3,2,112,harder,textual,complement_log_weight,6.169034596332322,6.169034596332322,positive,177,177,
C_COMPLEMENT_NB,3,2,145,learn,textual,complement_log_weight,6.167816198664339,6.167816198664339,positive,178,178,
C_COMPLEMENT_NB,3,2,97,follow,textual,complement_log_weight,6.167695825855505,6.167695825855505,positive,179,179,
C_COMPLEMENT_NB,3,2,28,best,textual,complement_log_weight,6.165692542384394,6.165692542384394,positive,180,180,
C_COMPLEMENT_NB,3,2,126,hyperactivity,textual,complement_log_weight,6.16295040893248,6.16295040893248,positive,181,181,
C_COMPLEMENT_NB,3,2,152,little,textual,complement_log_weight,6.156148561832864,6.156148561832864,positive,182,182,
C_COMPLEMENT_NB,3,2,114,health,textual,complement_log_weight,6.154250260719613,6.154250260719613,positive,183,183,
C_COMPLEMENT_NB,3,2,44,come,textual,complement_log_weight,6.1523181761111045,6.1523181761111045,positive,184,184,
C_COMPLEMENT_NB,3,2,239,stimulants,textual,complement_log_weight,6.150916652416213,6.150916652416213,positive,185,185,
C_COMPLEMENT_NB,3,2,51,control,textual,complement_log_weight,6.149641028094171,6.149641028094171,positive,186,186,
C_COMPLEMENT_NB,3,2,206,real,textual,complement_log_weight,6.149411723806658,6.149411723806658,positive,187,187,
C_COMPLEMENT_NB,3,2,93,feeling,textual,complement_log_weight,6.146578979099548,6.146578979099548,positive,188,188,
C_COMPLEMENT_NB,3,2,173,memory,textual,complement_log_weight,6.146393071547991,6.146393071547991,positive,189,189,
C_COMPLEMENT_NB,3,2,291,working,textual,complement_log_weight,6.146130679863815,6.146130679863815,positive,190,190,
C_COMPLEMENT_NB,3,2,271,trouble,textual,complement_log_weight,6.136946460490331,6.136946460490331,positive,191,191,
C_COMPLEMENT_NB,3,2,55,depression,textual,complement_log_weight,6.130372607372146,6.130372607372146,positive,192,192,
C_COMPLEMENT_NB,3,2,58,diagnosis,textual,complement_log_weight,6.125357718732758,6.125357718732758,positive,193,193,
C_COMPLEMENT_NB,3,2,45,comes,textual,complement_log_weight,6.1252427230962025,6.1252427230962025,positive,194,194,
C_COMPLEMENT_NB,3,2,32,body,textual,complement_log_weight,6.120773236335035,6.120773236335035,positive,195,195,
C_COMPLEMENT_NB,3,2,161,love,textual,complement_log_weight,6.119903940167752,6.119903940167752,positive,196,196,
C_COMPLEMENT_NB,3,2,36,called,textual,complement_log_weight,6.119003416674271,6.119003416674271,positive,197,197,
C_COMPLEMENT_NB,3,2,221,self,textual,complement_log_weight,6.118909394642889,6.118909394642889,positive,198,198,
C_COMPLEMENT_NB,3,2,133,isn,textual,complement_log_weight,6.114987849420839,6.114987849420839,positive,199,199,
C_COMPLEMENT_NB,3,2,175,mind,textual,complement_log_weight,6.112759541859921,6.112759541859921,positive,200,200,
C_COMPLEMENT_NB,3,2,258,term,textual,complement_log_weight,6.110205477393277,6.110205477393277,positive,201,201,
C_COMPLEMENT_NB,3,2,155,long,textual,complement_log_weight,6.109164218165423,6.109164218165423,positive,202,202,
C_COMPLEMENT_NB,3,2,86,executive,textual,complement_log_weight,6.106590367336966,6.106590367336966,positive,203,203,
C_COMPLEMENT_NB,3,2,117,helpful,textual,complement_log_weight,6.105292427040678,6.105292427040678,positive,204,204,
C_COMPLEMENT_NB,3,2,298,years,textual,complement_log_weight,6.103378628231536,6.103378628231536,positive,205,205,
C_COMPLEMENT_NB,3,2,80,emotions,textual,complement_log_weight,6.101485204675958,6.101485204675958,positive,206,206,
C_COMPLEMENT_NB,3,2,185,new,textual,complement_log_weight,6.10139011985068,6.10139011985068,positive,207,207,
C_COMPLEMENT_NB,3,2,289,women,textual,complement_log_weight,6.10090475708675,6.10090475708675,positive,208,208,
C_COMPLEMENT_NB,3,2,240,stop,textual,complement_log_weight,6.100772057503496,6.100772057503496,positive,209,209,
C_COMPLEMENT_NB,3,2,256,tell,textual,complement_log_weight,6.093984997914334,6.093984997914334,positive,210,210,
C_COMPLEMENT_NB,3,2,83,especially,textual,complement_log_weight,6.093025809506408,6.093025809506408,positive,211,211,
C_COMPLEMENT_NB,3,2,136,kids,textual,complement_log_weight,6.0924253050917825,6.0924253050917825,positive,212,212,
C_COMPLEMENT_NB,3,2,50,constantly,textual,complement_log_weight,6.091034922133371,6.091034922133371,positive,213,213,
C_COMPLEMENT_NB,3,2,111,hard,textual,complement_log_weight,6.083790417046401,6.083790417046401,positive,214,214,
C_COMPLEMENT_NB,3,2,99,forget,textual,complement_log_weight,6.076284673210897,6.076284673210897,positive,215,215,
C_COMPLEMENT_NB,3,2,238,stimulant,textual,complement_log_weight,6.0730173070039575,6.0730173070039575,positive,216,216,
C_COMPLEMENT_NB,3,2,202,problem,textual,complement_log_weight,6.069401588279916,6.069401588279916,positive,217,217,
C_COMPLEMENT_NB,3,2,46,common,textual,complement_log_weight,6.056592171336663,6.056592171336663,positive,218,218,
C_COMPLEMENT_NB,3,2,162,low,textual,complement_log_weight,6.053826349430677,6.053826349430677,positive,219,219,
C_COMPLEMENT_NB,3,2,15,adults,textual,complement_log_weight,6.052457978371847,6.052457978371847,positive,220,220,
C_COMPLEMENT_NB,3,2,252,talk,textual,complement_log_weight,6.050691884625203,6.050691884625203,positive,221,221,
C_COMPLEMENT_NB,3,2,118,helps,textual,complement_log_weight,6.041928607777823,6.041928607777823,positive,222,222,
C_COMPLEMENT_NB,3,2,201,probably,textual,complement_log_weight,6.036104191433795,6.036104191433795,positive,223,223,
C_COMPLEMENT_NB,3,2,13,adhd symptoms,textual,complement_log_weight,6.020269185686741,6.020269185686741,positive,224,224,
C_COMPLEMENT_NB,3,2,30,big,textual,complement_log_weight,6.019117407686958,6.019117407686958,positive,225,225,
C_COMPLEMENT_NB,3,2,134,issues,textual,complement_log_weight,6.008461364716818,6.008461364716818,positive,226,226,
C_COMPLEMENT_NB,3,2,203,problems,textual,complement_log_weight,6.006291778371625,6.006291778371625,positive,227,227,
C_COMPLEMENT_NB,3,2,92,feel like,textual,complement_log_weight,6.0036876682569,6.0036876682569,positive,228,228,
C_COMPLEMENT_NB,3,2,119,high,textual,complement_log_weight,6.000730627615305,6.000730627615305,positive,229,229,
C_COMPLEMENT_NB,3,2,242,struggle,textual,complement_log_weight,5.993522379826458,5.993522379826458,positive,230,230,
C_COMPLEMENT_NB,3,2,132,instead,textual,complement_log_weight,5.991490500414365,5.991490500414365,positive,231,231,
C_COMPLEMENT_NB,3,2,273,trying,textual,complement_log_weight,5.990860253230571,5.990860253230571,positive,232,232,
C_COMPLEMENT_NB,3,2,120,higher,textual,complement_log_weight,5.990146372941272,5.990146372941272,positive,233,233,
C_COMPLEMENT_NB,3,2,257,tend,textual,complement_log_weight,5.985906361870134,5.985906361870134,positive,234,234,
C_COMPLEMENT_NB,3,2,94,feels,textual,complement_log_weight,5.985663431741851,5.985663431741851,positive,235,235,
C_COMPLEMENT_NB,3,2,184,neurotypical,textual,complement_log_weight,5.9851477941613025,5.9851477941613025,positive,236,236,
C_COMPLEMENT_NB,3,2,272,try,textual,complement_log_weight,5.973727878714034,5.973727878714034,positive,237,237,
C_COMPLEMENT_NB,3,2,137,kind,textual,complement_log_weight,5.958024615100647,5.958024615100647,positive,238,238,
C_COMPLEMENT_NB,3,2,254,task,textual,complement_log_weight,5.944449131810411,5.944449131810411,positive,239,239,
C_COMPLEMENT_NB,3,2,218,school,textual,complement_log_weight,5.944126088878683,5.944126088878683,positive,240,240,
C_COMPLEMENT_NB,3,2,146,let,textual,complement_log_weight,5.941615922771266,5.941615922771266,positive,241,241,
C_COMPLEMENT_NB,3,2,0,10,textual,complement_log_weight,5.934320377400271,5.934320377400271,positive,242,242,
C_COMPLEMENT_NB,3,2,106,good,textual,complement_log_weight,5.931558013542091,5.931558013542091,positive,243,243,
C_COMPLEMENT_NB,3,2,56,diagnosed,textual,complement_log_weight,5.930983051244833,5.930983051244833,positive,244,244,
C_COMPLEMENT_NB,3,2,69,does,textual,complement_log_weight,5.909951381561403,5.909951381561403,positive,245,245,
C_COMPLEMENT_NB,3,2,70,doesn,textual,complement_log_weight,5.9098657269456165,5.9098657269456165,positive,246,246,
C_COMPLEMENT_NB,3,2,107,got,textual,complement_log_weight,5.907515721776652,5.907515721776652,positive,247,247,
C_COMPLEMENT_NB,3,2,127,important,textual,complement_log_weight,5.906209715484893,5.906209715484893,positive,248,248,
C_COMPLEMENT_NB,3,2,34,brains,textual,complement_log_weight,5.9045248568356605,5.9045248568356605,positive,249,249,
C_COMPLEMENT_NB,3,2,113,having,textual,complement_log_weight,5.88125192808721,5.88125192808721,positive,250,250,
C_COMPLEMENT_NB,3,2,7,add,textual,complement_log_weight,5.84658469157249,5.84658469157249,positive,251,251,
C_COMPLEMENT_NB,3,2,66,disorder,textual,complement_log_weight,5.82960817507975,5.82960817507975,positive,252,252,
C_COMPLEMENT_NB,3,2,71,doing,textual,complement_log_weight,5.8229659129111475,5.8229659129111475,positive,253,253,
C_COMPLEMENT_NB,3,2,29,better,textual,complement_log_weight,5.808637441194024,5.808637441194024,positive,254,254,
C_COMPLEMENT_NB,3,2,278,use,textual,complement_log_weight,5.789111311826604,5.789111311826604,positive,255,255,
C_COMPLEMENT_NB,3,2,255,tasks,textual,complement_log_weight,5.781063660873499,5.781063660873499,positive,256,256,
C_COMPLEMENT_NB,3,2,157,look,textual,complement_log_weight,5.775793594944681,5.775793594944681,positive,257,257,
C_COMPLEMENT_NB,3,2,18,anxiety,textual,complement_log_weight,5.7552389176260945,5.7552389176260945,positive,258,258,
C_COMPLEMENT_NB,3,2,216,say,textual,complement_log_weight,5.7268769466219975,5.7268769466219975,positive,259,259,
C_COMPLEMENT_NB,3,2,79,emotional,textual,complement_log_weight,5.713949160945749,5.713949160945749,positive,260,260,
C_COMPLEMENT_NB,3,2,63,different,textual,complement_log_weight,5.70205003354786,5.70205003354786,positive,261,261,
C_COMPLEMENT_NB,3,2,214,right,textual,complement_log_weight,5.685488579919017,5.685488579919017,positive,262,262,
C_COMPLEMENT_NB,3,2,287,way,textual,complement_log_weight,5.6668151603203745,5.6668151603203745,positive,263,263,
C_COMPLEMENT_NB,3,2,102,getting,textual,complement_log_weight,5.640019415505722,5.640019415505722,positive,264,264,
C_COMPLEMENT_NB,3,2,41,child,textual,complement_log_weight,5.638084173371413,5.638084173371413,positive,265,265,
C_COMPLEMENT_NB,3,2,286,want,textual,complement_log_weight,5.614543787307739,5.614543787307739,positive,266,266,
C_COMPLEMENT_NB,3,2,230,sleep,textual,complement_log_weight,5.602632533871364,5.602632533871364,positive,267,267,
C_COMPLEMENT_NB,3,2,154,ll,textual,complement_log_weight,5.57575567609733,5.57575567609733,positive,268,268,
C_COMPLEMENT_NB,3,2,235,start,textual,complement_log_weight,5.571695993636655,5.571695993636655,positive,269,269,
C_COMPLEMENT_NB,3,2,170,medication,textual,complement_log_weight,5.5653719344668655,5.5653719344668655,positive,270,270,
C_COMPLEMENT_NB,3,2,96,focus,textual,complement_log_weight,5.53049592761499,5.53049592761499,positive,271,271,
C_COMPLEMENT_NB,3,2,260,thing,textual,complement_log_weight,5.528726771750117,5.528726771750117,positive,272,272,
C_COMPLEMENT_NB,3,2,163,make,textual,complement_log_weight,5.528117807365766,5.528117807365766,positive,273,273,
C_COMPLEMENT_NB,3,2,53,day,textual,complement_log_weight,5.507253599883964,5.507253599883964,positive,274,274,
C_COMPLEMENT_NB,3,2,290,work,textual,complement_log_weight,5.496943788191009,5.496943788191009,positive,275,275,
C_COMPLEMENT_NB,3,2,197,person,textual,complement_log_weight,5.491756763315786,5.491756763315786,positive,276,276,
C_COMPLEMENT_NB,3,2,263,think,textual,complement_log_weight,5.454522089409337,5.454522089409337,positive,277,277,
C_COMPLEMENT_NB,3,2,181,need,textual,complement_log_weight,5.433087988213227,5.433087988213227,positive,278,278,
C_COMPLEMENT_NB,3,2,148,life,textual,complement_log_weight,5.430445076993709,5.430445076993709,positive,279,279,
C_COMPLEMENT_NB,3,2,116,help,textual,complement_log_weight,5.423240389714374,5.423240389714374,positive,280,280,
C_COMPLEMENT_NB,3,2,282,ve,textual,complement_log_weight,5.419241586265236,5.419241586265236,positive,281,281,
C_COMPLEMENT_NB,3,2,6,actually,textual,complement_log_weight,5.416611405903939,5.416611405903939,positive,282,282,
C_COMPLEMENT_NB,3,2,21,attention,textual,complement_log_weight,5.415264589771176,5.415264589771176,positive,283,283,
C_COMPLEMENT_NB,3,2,196,people adhd,textual,complement_log_weight,5.3885601806618695,5.3885601806618695,positive,284,284,
C_COMPLEMENT_NB,3,2,159,lot,textual,complement_log_weight,5.327453803780055,5.327453803780055,positive,285,285,
C_COMPLEMENT_NB,3,2,91,feel,textual,complement_log_weight,5.325088311115024,5.325088311115024,positive,286,286,
C_COMPLEMENT_NB,3,2,104,going,textual,complement_log_weight,5.238556850704818,5.238556850704818,positive,287,287,
C_COMPLEMENT_NB,3,2,267,time,textual,complement_log_weight,5.233654856552367,5.233654856552367,positive,288,288,
C_COMPLEMENT_NB,3,2,207,really,textual,complement_log_weight,5.187114257851765,5.187114257851765,positive,289,289,
C_COMPLEMENT_NB,3,2,74,dopamine,textual,complement_log_weight,5.181516985871378,5.181516985871378,positive,290,290,
C_COMPLEMENT_NB,3,2,250,symptoms,textual,complement_log_weight,5.170372423842103,5.170372423842103,positive,291,291,
C_COMPLEMENT_NB,3,2,72,don,textual,complement_log_weight,5.156717338382773,5.156717338382773,positive,292,292,
C_COMPLEMENT_NB,3,2,138,know,textual,complement_log_weight,5.139379623604889,5.139379623604889,positive,293,293,
C_COMPLEMENT_NB,3,2,187,number,textual,complement_log_weight,5.069076518914037,5.069076518914037,positive,294,294,
C_COMPLEMENT_NB,3,2,261,things,textual,complement_log_weight,5.062911306471331,5.062911306471331,positive,295,295,
C_COMPLEMENT_NB,3,2,135,just,textual,complement_log_weight,4.885186416325838,4.885186416325838,positive,296,296,
C_COMPLEMENT_NB,3,2,33,brain,textual,complement_log_weight,4.853884925912687,4.853884925912687,positive,297,297,
C_COMPLEMENT_NB,3,2,195,people,textual,complement_log_weight,4.74994002308654,4.74994002308654,positive,298,298,
C_COMPLEMENT_NB,3,2,149,like,textual,complement_log_weight,4.5531699123744955,4.5531699123744955,positive,299,299,
C_COMPLEMENT_NB,3,2,8,adhd,textual,complement_log_weight,4.096948631677353,4.096948631677353,positive,300,300,
C_COMPLEMENT_NB,3,2,301,hedge_score,handcrafted_linguistic,complement_log_weight,3.6975775858515374,3.6975775858515374,positive,301,301,
C_COMPLEMENT_NB,3,2,300,certainty_score,handcrafted_linguistic,complement_log_weight,3.473508338805157,3.473508338805157,positive,302,302,
C_COMPLEMENT_NB,3,2,302,likes_within_platform_percentile,engagement_or_format,complement_log_weight,2.8016949022677466,2.8016949022677466,positive,303,303,
C_COMPLEMENT_NB,3,2,304,views_within_platform_percentile,engagement_or_format,complement_log_weight,2.8006752781043964,2.8006752781043964,positive,304,304,
C_COMPLEMENT_NB,3,2,305,duration_sec_within_platform_percentile,engagement_or_format,complement_log_weight,2.798886921918232,2.798886921918232,positive,305,305,
C_COMPLEMENT_NB,3,2,303,comments_within_platform_percentile,engagement_or_format,complement_log_weight,2.7978280140346703,2.7978280140346703,positive,306,306,
C_COMPLEMENT_NB,3,3,16,alcohol,textual,complement_log_weight,7.178606390714622,7.178606390714622,positive,1,1,
C_COMPLEMENT_NB,3,3,109,gut,textual,complement_log_weight,7.082637827610449,7.082637827610449,positive,2,2,
C_COMPLEMENT_NB,3,3,52,cortex,textual,complement_log_weight,6.907837488229868,6.907837488229868,positive,3,3,
C_COMPLEMENT_NB,3,3,292,working memory,textual,complement_log_weight,6.902394046664026,6.902394046664026,positive,4,4,
C_COMPLEMENT_NB,3,3,234,sound,textual,complement_log_weight,6.873027289487841,6.873027289487841,positive,5,5,
C_COMPLEMENT_NB,3,3,64,differently,textual,complement_log_weight,6.78242635279978,6.78242635279978,positive,6,6,
C_COMPLEMENT_NB,3,3,17,anger,textual,complement_log_weight,6.709583100554784,6.709583100554784,positive,7,7,
C_COMPLEMENT_NB,3,3,110,happens,textual,complement_log_weight,6.683800376049946,6.683800376049946,positive,8,8,
C_COMPLEMENT_NB,3,3,39,certain,textual,complement_log_weight,6.679808523551768,6.679808523551768,positive,9,9,
C_COMPLEMENT_NB,3,3,2,30,textual,complement_log_weight,6.676056988900563,6.676056988900563,positive,10,10,
C_COMPLEMENT_NB,3,3,279,used,textual,complement_log_weight,6.672011311312722,6.672011311312722,positive,11,11,
C_COMPLEMENT_NB,3,3,5,activity,textual,complement_log_weight,6.659132082844866,6.659132082844866,positive,12,12,
C_COMPLEMENT_NB,3,3,85,example,textual,complement_log_weight,6.63893238510926,6.63893238510926,positive,13,13,
C_COMPLEMENT_NB,3,3,200,point,textual,complement_log_weight,6.625494200388146,6.625494200388146,positive,14,14,
C_COMPLEMENT_NB,3,3,246,stuff,textual,complement_log_weight,6.613644249373395,6.613644249373395,positive,15,15,
C_COMPLEMENT_NB,3,3,243,struggling,textual,complement_log_weight,6.6082677600246065,6.6082677600246065,positive,16,16,
C_COMPLEMENT_NB,3,3,215,running,textual,complement_log_weight,6.6071619512550415,6.6071619512550415,positive,17,17,
C_COMPLEMENT_NB,3,3,160,lot people,textual,complement_log_weight,6.6029554409344415,6.6029554409344415,positive,18,18,
C_COMPLEMENT_NB,3,3,251,taking,textual,complement_log_weight,6.589713019244247,6.589713019244247,positive,19,19,
C_COMPLEMENT_NB,3,3,194,pay attention,textual,complement_log_weight,6.588396941230885,6.588396941230885,positive,20,20,
C_COMPLEMENT_NB,3,3,20,ask,textual,complement_log_weight,6.587163498690301,6.587163498690301,positive,21,21,
C_COMPLEMENT_NB,3,3,153,little bit,textual,complement_log_weight,6.584733504725042,6.584733504725042,positive,22,22,
C_COMPLEMENT_NB,3,3,233,somebody,textual,complement_log_weight,6.583990619583576,6.583990619583576,positive,23,23,
C_COMPLEMENT_NB,3,3,275,uh,textual,complement_log_weight,6.580708212702815,6.580708212702815,positive,24,24,
C_COMPLEMENT_NB,3,3,166,manage,textual,complement_log_weight,6.573905978167435,6.573905978167435,positive,25,25,
C_COMPLEMENT_NB,3,3,75,dysfunction,textual,complement_log_weight,6.572719802086434,6.572719802086434,positive,26,26,
C_COMPLEMENT_NB,3,3,144,lead,textual,complement_log_weight,6.571059903875868,6.571059903875868,positive,27,27,
C_COMPLEMENT_NB,3,3,103,goes,textual,complement_log_weight,6.568236619730693,6.568236619730693,positive,28,28,
C_COMPLEMENT_NB,3,3,73,don know,textual,complement_log_weight,6.5560387242543845,6.5560387242543845,positive,29,29,
C_COMPLEMENT_NB,3,3,172,meds,textual,complement_log_weight,6.555050720318454,6.555050720318454,positive,30,30,
C_COMPLEMENT_NB,3,3,78,eating,textual,complement_log_weight,6.543990040291416,6.543990040291416,positive,31,31,
C_COMPLEMENT_NB,3,3,259,test,textual,complement_log_weight,6.542432527000073,6.542432527000073,positive,32,32,
C_COMPLEMENT_NB,3,3,147,level,textual,complement_log_weight,6.537488756079799,6.537488756079799,positive,33,33,
C_COMPLEMENT_NB,3,3,223,sensitive,textual,complement_log_weight,6.529044663208472,6.529044663208472,positive,34,34,
C_COMPLEMENT_NB,3,3,285,wait,textual,complement_log_weight,6.527363253882205,6.527363253882205,positive,35,35,
C_COMPLEMENT_NB,3,3,186,normal,textual,complement_log_weight,6.52635125779839,6.52635125779839,positive,36,36,
C_COMPLEMENT_NB,3,3,95,finally,textual,complement_log_weight,6.525438254899147,6.525438254899147,positive,37,37,
C_COMPLEMENT_NB,3,3,209,regulate,textual,complement_log_weight,6.523425667779189,6.523425667779189,positive,38,38,
C_COMPLEMENT_NB,3,3,249,sure,textual,complement_log_weight,6.523380027042944,6.523380027042944,positive,39,39,
C_COMPLEMENT_NB,3,3,193,pay,textual,complement_log_weight,6.521655647014805,6.521655647014805,positive,40,40,
C_COMPLEMENT_NB,3,3,25,bad,textual,complement_log_weight,6.516543036041074,6.516543036041074,positive,41,41,
C_COMPLEMENT_NB,3,3,191,overwhelmed,textual,complement_log_weight,6.513436363165715,6.513436363165715,positive,42,42,
C_COMPLEMENT_NB,3,3,22,attention deficit,textual,complement_log_weight,6.508679873823695,6.508679873823695,positive,43,43,
C_COMPLEMENT_NB,3,3,225,seven,textual,complement_log_weight,6.50183574961443,6.50183574961443,positive,44,44,
C_COMPLEMENT_NB,3,3,98,food,textual,complement_log_weight,6.499120554039852,6.499120554039852,positive,45,45,
C_COMPLEMENT_NB,3,3,31,bit,textual,complement_log_weight,6.490181234014021,6.490181234014021,positive,46,46,
C_COMPLEMENT_NB,3,3,105,gonna,textual,complement_log_weight,6.489227313079919,6.489227313079919,positive,47,47,
C_COMPLEMENT_NB,3,3,57,diagnosed adhd,textual,complement_log_weight,6.4855154618797615,6.4855154618797615,positive,48,48,
C_COMPLEMENT_NB,3,3,192,patients,textual,complement_log_weight,6.484930397213315,6.484930397213315,positive,49,49,
C_COMPLEMENT_NB,3,3,177,mood,textual,complement_log_weight,6.484626164017669,6.484626164017669,positive,50,50,
C_COMPLEMENT_NB,3,3,151,listen,textual,complement_log_weight,6.481619798261288,6.481619798261288,positive,51,51,
C_COMPLEMENT_NB,3,3,77,eat,textual,complement_log_weight,6.477592253106665,6.477592253106665,positive,52,52,
C_COMPLEMENT_NB,3,3,14,adult,textual,complement_log_weight,6.474332006750239,6.474332006750239,positive,53,53,
C_COMPLEMENT_NB,3,3,37,calm,textual,complement_log_weight,6.462676681348766,6.462676681348766,positive,54,54,
C_COMPLEMENT_NB,3,3,226,short,textual,complement_log_weight,6.462399600048671,6.462399600048671,positive,55,55,
C_COMPLEMENT_NB,3,3,280,using,textual,complement_log_weight,6.4521485159801015,6.4521485159801015,positive,56,56,
C_COMPLEMENT_NB,3,3,139,know adhd,textual,complement_log_weight,6.443111956957008,6.443111956957008,positive,57,57,
C_COMPLEMENT_NB,3,3,130,inattentive,textual,complement_log_weight,6.441133183228159,6.441133183228159,positive,58,58,
C_COMPLEMENT_NB,3,3,49,constant,textual,complement_log_weight,6.4408862284487425,6.4408862284487425,positive,59,59,
C_COMPLEMENT_NB,3,3,217,saying,textual,complement_log_weight,6.430927891119914,6.430927891119914,positive,60,60,
C_COMPLEMENT_NB,3,3,224,sensory,textual,complement_log_weight,6.429491216627421,6.429491216627421,positive,61,61,
C_COMPLEMENT_NB,3,3,117,helpful,textual,complement_log_weight,6.428151884536462,6.428151884536462,positive,62,62,
C_COMPLEMENT_NB,3,3,266,thoughts,textual,complement_log_weight,6.425666656997591,6.425666656997591,positive,63,63,
C_COMPLEMENT_NB,3,3,270,treatment,textual,complement_log_weight,6.42560956838318,6.42560956838318,positive,64,64,
C_COMPLEMENT_NB,3,3,122,home,textual,complement_log_weight,6.422314506556311,6.422314506556311,positive,65,65,
C_COMPLEMENT_NB,3,3,190,open,textual,complement_log_weight,6.421980160044878,6.421980160044878,positive,66,66,
C_COMPLEMENT_NB,3,3,150,likely,textual,complement_log_weight,6.419984352874757,6.419984352874757,positive,67,67,
C_COMPLEMENT_NB,3,3,237,stay,textual,complement_log_weight,6.41630072974643,6.41630072974643,positive,68,68,
C_COMPLEMENT_NB,3,3,188,oh,textual,complement_log_weight,6.414943328437315,6.414943328437315,positive,69,69,
C_COMPLEMENT_NB,3,3,231,small,textual,complement_log_weight,6.4139758666351065,6.4139758666351065,positive,70,70,
C_COMPLEMENT_NB,3,3,26,based,textual,complement_log_weight,6.412733458330609,6.412733458330609,positive,71,71,
C_COMPLEMENT_NB,3,3,219,second,textual,complement_log_weight,6.405904249831703,6.405904249831703,positive,72,72,
C_COMPLEMENT_NB,3,3,142,late,textual,complement_log_weight,6.402552223713715,6.402552223713715,positive,73,73,
C_COMPLEMENT_NB,3,3,12,adhd people,textual,complement_log_weight,6.401794468057627,6.401794468057627,positive,74,74,
C_COMPLEMENT_NB,3,3,11,adhd medication,textual,complement_log_weight,6.401262372589392,6.401262372589392,positive,75,75,
C_COMPLEMENT_NB,3,3,68,doctor,textual,complement_log_weight,6.400974379376892,6.400974379376892,positive,76,76,
C_COMPLEMENT_NB,3,3,60,didn,textual,complement_log_weight,6.399693474066383,6.399693474066383,positive,77,77,
C_COMPLEMENT_NB,3,3,48,condition,textual,complement_log_weight,6.397452354560934,6.397452354560934,positive,78,78,
C_COMPLEMENT_NB,3,3,294,world,textual,complement_log_weight,6.395851056844538,6.395851056844538,positive,79,79,
C_COMPLEMENT_NB,3,3,43,chronic,textual,complement_log_weight,6.395602980326902,6.395602980326902,positive,80,80,
C_COMPLEMENT_NB,3,3,156,long term,textual,complement_log_weight,6.39331045468776,6.39331045468776,positive,81,81,
C_COMPLEMENT_NB,3,3,222,sense,textual,complement_log_weight,6.38927667642971,6.38927667642971,positive,82,82,
C_COMPLEMENT_NB,3,3,293,works,textual,complement_log_weight,6.388143504756867,6.388143504756867,positive,83,83,
C_COMPLEMENT_NB,3,3,54,deficit,textual,complement_log_weight,6.385113668220226,6.385113668220226,positive,84,84,
C_COMPLEMENT_NB,3,3,202,problem,textual,complement_log_weight,6.384290085411612,6.384290085411612,positive,85,85,
C_COMPLEMENT_NB,3,3,204,protein,textual,complement_log_weight,6.382853843034743,6.382853843034743,positive,86,86,
C_COMPLEMENT_NB,3,3,108,great,textual,complement_log_weight,6.381277821272713,6.381277821272713,positive,87,87,
C_COMPLEMENT_NB,3,3,274,type,textual,complement_log_weight,6.37978676639715,6.37978676639715,positive,88,88,
C_COMPLEMENT_NB,3,3,124,hyper,textual,complement_log_weight,6.3791083881554815,6.3791083881554815,positive,89,89,
C_COMPLEMENT_NB,3,3,199,place,textual,complement_log_weight,6.376005130202252,6.376005130202252,positive,90,90,
C_COMPLEMENT_NB,3,3,81,end,textual,complement_log_weight,6.375691536279652,6.375691536279652,positive,91,91,
C_COMPLEMENT_NB,3,3,36,called,textual,complement_log_weight,6.373491415519048,6.373491415519048,positive,92,92,
C_COMPLEMENT_NB,3,3,228,single,textual,complement_log_weight,6.371076146645408,6.371076146645408,positive,93,93,
C_COMPLEMENT_NB,3,3,178,morning,textual,complement_log_weight,6.368124176430926,6.368124176430926,positive,94,94,
C_COMPLEMENT_NB,3,3,269,told,textual,complement_log_weight,6.366721188008001,6.366721188008001,positive,95,95,
C_COMPLEMENT_NB,3,3,140,knowing,textual,complement_log_weight,6.363199473789227,6.363199473789227,positive,96,96,
C_COMPLEMENT_NB,3,3,19,aren,textual,complement_log_weight,6.363152807763507,6.363152807763507,positive,97,97,
C_COMPLEMENT_NB,3,3,295,worse,textual,complement_log_weight,6.357285766748482,6.357285766748482,positive,98,98,
C_COMPLEMENT_NB,3,3,236,state,textual,complement_log_weight,6.356311219344382,6.356311219344382,positive,99,99,
C_COMPLEMENT_NB,3,3,262,things like,textual,complement_log_weight,6.355428629631677,6.355428629631677,positive,100,100,
C_COMPLEMENT_NB,3,3,24,away,textual,complement_log_weight,6.3546026679073835,6.3546026679073835,positive,101,101,
C_COMPLEMENT_NB,3,3,87,exercise,textual,complement_log_weight,6.35168147095524,6.35168147095524,positive,102,102,
C_COMPLEMENT_NB,3,3,232,social,textual,complement_log_weight,6.350397616834665,6.350397616834665,positive,103,103,
C_COMPLEMENT_NB,3,3,143,later,textual,complement_log_weight,6.350183806731027,6.350183806731027,positive,104,104,
C_COMPLEMENT_NB,3,3,10,adhd brains,textual,complement_log_weight,6.349932779902522,6.349932779902522,positive,105,105,
C_COMPLEMENT_NB,3,3,40,change,textual,complement_log_weight,6.346443165227117,6.346443165227117,positive,106,106,
C_COMPLEMENT_NB,3,3,123,hours,textual,complement_log_weight,6.346185810213746,6.346185810213746,positive,107,107,
C_COMPLEMENT_NB,3,3,61,diet,textual,complement_log_weight,6.34387329784665,6.34387329784665,positive,108,108,
C_COMPLEMENT_NB,3,3,264,thinking,textual,complement_log_weight,6.341371981395519,6.341371981395519,positive,109,109,
C_COMPLEMENT_NB,3,3,176,minutes,textual,complement_log_weight,6.33720044939966,6.33720044939966,positive,110,110,
C_COMPLEMENT_NB,3,3,220,seen,textual,complement_log_weight,6.336117664977963,6.336117664977963,positive,111,111,
C_COMPLEMENT_NB,3,3,180,music,textual,complement_log_weight,6.329312535937443,6.329312535937443,positive,112,112,
C_COMPLEMENT_NB,3,3,158,looking,textual,complement_log_weight,6.3257579225813325,6.3257579225813325,positive,113,113,
C_COMPLEMENT_NB,3,3,80,emotions,textual,complement_log_weight,6.324004177257184,6.324004177257184,positive,114,114,
C_COMPLEMENT_NB,3,3,210,regulation,textual,complement_log_weight,6.323488640151347,6.323488640151347,positive,115,115,
C_COMPLEMENT_NB,3,3,208,reason,textual,complement_log_weight,6.322750889002526,6.322750889002526,positive,116,116,
C_COMPLEMENT_NB,3,3,101,function,textual,complement_log_weight,6.321797789721121,6.321797789721121,positive,117,117,
C_COMPLEMENT_NB,3,3,125,hyperactive,textual,complement_log_weight,6.319703227653248,6.319703227653248,positive,118,118,
C_COMPLEMENT_NB,3,3,283,ve got,textual,complement_log_weight,6.312000981273859,6.312000981273859,positive,119,119,
C_COMPLEMENT_NB,3,3,59,did,textual,complement_log_weight,6.311710412641745,6.311710412641745,positive,120,120,
C_COMPLEMENT_NB,3,3,1,20,textual,complement_log_weight,6.311464062149867,6.311464062149867,positive,121,121,
C_COMPLEMENT_NB,3,3,47,completely,textual,complement_log_weight,6.311333420583434,6.311333420583434,positive,122,122,
C_COMPLEMENT_NB,3,3,115,hear,textual,complement_log_weight,6.30685109885606,6.30685109885606,positive,123,123,
C_COMPLEMENT_NB,3,3,84,everybody,textual,complement_log_weight,6.30003764108828,6.30003764108828,positive,124,124,
C_COMPLEMENT_NB,3,3,131,information,textual,complement_log_weight,6.297966817328035,6.297966817328035,positive,125,125,
C_COMPLEMENT_NB,3,3,67,distracted,textual,complement_log_weight,6.297319957179751,6.297319957179751,positive,126,126,
C_COMPLEMENT_NB,3,3,288,ways,textual,complement_log_weight,6.294693002421549,6.294693002421549,positive,127,127,
C_COMPLEMENT_NB,3,3,198,physical,textual,complement_log_weight,6.290115106967552,6.290115106967552,positive,128,128,
C_COMPLEMENT_NB,3,3,164,makes,textual,complement_log_weight,6.2895134912729365,6.2895134912729365,positive,129,129,
C_COMPLEMENT_NB,3,3,128,impulsive,textual,complement_log_weight,6.286163269922389,6.286163269922389,positive,130,130,
C_COMPLEMENT_NB,3,3,182,needs,textual,complement_log_weight,6.285709770523381,6.285709770523381,positive,131,131,
C_COMPLEMENT_NB,3,3,9,adhd brain,textual,complement_log_weight,6.281473869522618,6.281473869522618,positive,132,132,
C_COMPLEMENT_NB,3,3,4,activities,textual,complement_log_weight,6.2778821674195875,6.2778821674195875,positive,133,133,
C_COMPLEMENT_NB,3,3,239,stimulants,textual,complement_log_weight,6.2748023459957025,6.2748023459957025,positive,134,134,
C_COMPLEMENT_NB,3,3,121,highly,textual,complement_log_weight,6.271414274946148,6.271414274946148,positive,135,135,
C_COMPLEMENT_NB,3,3,205,quickly,textual,complement_log_weight,6.263244824184933,6.263244824184933,positive,136,136,
C_COMPLEMENT_NB,3,3,100,fucking,textual,complement_log_weight,6.262136951951664,6.262136951951664,positive,137,137,
C_COMPLEMENT_NB,3,3,58,diagnosis,textual,complement_log_weight,6.260070768176141,6.260070768176141,positive,138,138,
C_COMPLEMENT_NB,3,3,299,yes,textual,complement_log_weight,6.257784000515319,6.257784000515319,positive,139,139,
C_COMPLEMENT_NB,3,3,265,thought,textual,complement_log_weight,6.255790482790643,6.255790482790643,positive,140,140,
C_COMPLEMENT_NB,3,3,168,mean,textual,complement_log_weight,6.252761900230485,6.252761900230485,positive,141,141,
C_COMPLEMENT_NB,3,3,145,learn,textual,complement_log_weight,6.247376679869456,6.247376679869456,positive,142,142,
C_COMPLEMENT_NB,3,3,289,women,textual,complement_log_weight,6.243497550707304,6.243497550707304,positive,143,143,
C_COMPLEMENT_NB,3,3,173,memory,textual,complement_log_weight,6.242529520559415,6.242529520559415,positive,144,144,
C_COMPLEMENT_NB,3,3,268,times,textual,complement_log_weight,6.241253980761015,6.241253980761015,positive,145,145,
C_COMPLEMENT_NB,3,3,82,energy,textual,complement_log_weight,6.240024439038087,6.240024439038087,positive,146,146,
C_COMPLEMENT_NB,3,3,167,maybe,textual,complement_log_weight,6.237049452724107,6.237049452724107,positive,147,147,
C_COMPLEMENT_NB,3,3,62,difference,textual,complement_log_weight,6.233264832503655,6.233264832503655,positive,148,148,
C_COMPLEMENT_NB,3,3,183,nervous,textual,complement_log_weight,6.232037717251274,6.232037717251274,positive,149,149,
C_COMPLEMENT_NB,3,3,27,behavior,textual,complement_log_weight,6.230678228623699,6.230678228623699,positive,150,150,
C_COMPLEMENT_NB,3,3,127,important,textual,complement_log_weight,6.230090955109253,6.230090955109253,positive,151,151,
C_COMPLEMENT_NB,3,3,244,studies,textual,complement_log_weight,6.229167607628931,6.229167607628931,positive,152,152,
C_COMPLEMENT_NB,3,3,51,control,textual,complement_log_weight,6.227362483053394,6.227362483053394,positive,153,153,
C_COMPLEMENT_NB,3,3,162,low,textual,complement_log_weight,6.223926627607835,6.223926627607835,positive,154,154,
C_COMPLEMENT_NB,3,3,296,wrong,textual,complement_log_weight,6.215657798249773,6.215657798249773,positive,155,155,
C_COMPLEMENT_NB,3,3,88,experience,textual,complement_log_weight,6.215657015382272,6.215657015382272,positive,156,156,
C_COMPLEMENT_NB,3,3,211,rejection,textual,complement_log_weight,6.21557669462477,6.21557669462477,positive,157,157,
C_COMPLEMENT_NB,3,3,90,fast,textual,complement_log_weight,6.208506879908508,6.208506879908508,positive,158,158,
C_COMPLEMENT_NB,3,3,271,trouble,textual,complement_log_weight,6.20573153567117,6.20573153567117,positive,159,159,
C_COMPLEMENT_NB,3,3,248,support,textual,complement_log_weight,6.205276911691399,6.205276911691399,positive,160,160,
C_COMPLEMENT_NB,3,3,55,depression,textual,complement_log_weight,6.203176225984445,6.203176225984445,positive,161,161,
C_COMPLEMENT_NB,3,3,112,harder,textual,complement_log_weight,6.195692854975437,6.195692854975437,positive,162,162,
C_COMPLEMENT_NB,3,3,284,video,textual,complement_log_weight,6.194466960734141,6.194466960734141,positive,163,163,
C_COMPLEMENT_NB,3,3,89,fact,textual,complement_log_weight,6.189087427103736,6.189087427103736,positive,164,164,
C_COMPLEMENT_NB,3,3,213,research,textual,complement_log_weight,6.188029854475791,6.188029854475791,positive,165,165,
C_COMPLEMENT_NB,3,3,189,okay,textual,complement_log_weight,6.185118795034968,6.185118795034968,positive,166,166,
C_COMPLEMENT_NB,3,3,201,probably,textual,complement_log_weight,6.184559758731749,6.184559758731749,positive,167,167,
C_COMPLEMENT_NB,3,3,276,um,textual,complement_log_weight,6.180808700095002,6.180808700095002,positive,168,168,
C_COMPLEMENT_NB,3,3,97,follow,textual,complement_log_weight,6.176525039122673,6.176525039122673,positive,169,169,
C_COMPLEMENT_NB,3,3,241,stress,textual,complement_log_weight,6.1646245960836605,6.1646245960836605,positive,170,170,
C_COMPLEMENT_NB,3,3,114,health,textual,complement_log_weight,6.161087730575187,6.161087730575187,positive,171,171,
C_COMPLEMENT_NB,3,3,273,trying,textual,complement_log_weight,6.153020074278331,6.153020074278331,positive,172,172,
C_COMPLEMENT_NB,3,3,38,care,textual,complement_log_weight,6.1441240659141005,6.1441240659141005,positive,173,173,
C_COMPLEMENT_NB,3,3,281,usually,textual,complement_log_weight,6.143718940681627,6.143718940681627,positive,174,174,
C_COMPLEMENT_NB,3,3,242,struggle,textual,complement_log_weight,6.140406764897972,6.140406764897972,positive,175,175,
C_COMPLEMENT_NB,3,3,45,comes,textual,complement_log_weight,6.1401906090570595,6.1401906090570595,positive,176,176,
C_COMPLEMENT_NB,3,3,134,issues,textual,complement_log_weight,6.139001878348888,6.139001878348888,positive,177,177,
C_COMPLEMENT_NB,3,3,247,sugar,textual,complement_log_weight,6.133165747355033,6.133165747355033,positive,178,178,
C_COMPLEMENT_NB,3,3,245,study,textual,complement_log_weight,6.133081754484023,6.133081754484023,positive,179,179,
C_COMPLEMENT_NB,3,3,161,love,textual,complement_log_weight,6.131346020959727,6.131346020959727,positive,180,180,
C_COMPLEMENT_NB,3,3,212,remember,textual,complement_log_weight,6.130628255518052,6.130628255518052,positive,181,181,
C_COMPLEMENT_NB,3,3,76,easily,textual,complement_log_weight,6.1302761994178585,6.1302761994178585,positive,182,182,
C_COMPLEMENT_NB,3,3,30,big,textual,complement_log_weight,6.129612924268494,6.129612924268494,positive,183,183,
C_COMPLEMENT_NB,3,3,44,come,textual,complement_log_weight,6.128457988250538,6.128457988250538,positive,184,184,
C_COMPLEMENT_NB,3,3,297,yeah,textual,complement_log_weight,6.124496597902287,6.124496597902287,positive,185,185,
C_COMPLEMENT_NB,3,3,65,difficulty,textual,complement_log_weight,6.123138896194191,6.123138896194191,positive,186,186,
C_COMPLEMENT_NB,3,3,169,means,textual,complement_log_weight,6.123050454693124,6.123050454693124,positive,187,187,
C_COMPLEMENT_NB,3,3,253,talking,textual,complement_log_weight,6.120359691620619,6.120359691620619,positive,188,188,
C_COMPLEMENT_NB,3,3,141,lack,textual,complement_log_weight,6.119930695069076,6.119930695069076,positive,189,189,
C_COMPLEMENT_NB,3,3,174,mental,textual,complement_log_weight,6.119849878865533,6.119849878865533,positive,190,190,
C_COMPLEMENT_NB,3,3,229,sit,textual,complement_log_weight,6.1127805681161975,6.1127805681161975,positive,191,191,
C_COMPLEMENT_NB,3,3,28,best,textual,complement_log_weight,6.112352923380319,6.112352923380319,positive,192,192,
C_COMPLEMENT_NB,3,3,179,motivation,textual,complement_log_weight,6.107265646237372,6.107265646237372,positive,193,193,
C_COMPLEMENT_NB,3,3,50,constantly,textual,complement_log_weight,6.1016338839354844,6.1016338839354844,positive,194,194,
C_COMPLEMENT_NB,3,3,165,making,textual,complement_log_weight,6.0999962372372725,6.0999962372372725,positive,195,195,
C_COMPLEMENT_NB,3,3,291,working,textual,complement_log_weight,6.0997286995849365,6.0997286995849365,positive,196,196,
C_COMPLEMENT_NB,3,3,23,autism,textual,complement_log_weight,6.095411523486799,6.095411523486799,positive,197,197,
C_COMPLEMENT_NB,3,3,32,body,textual,complement_log_weight,6.09466883116671,6.09466883116671,positive,198,198,
C_COMPLEMENT_NB,3,3,185,new,textual,complement_log_weight,6.091956934796857,6.091956934796857,positive,199,199,
C_COMPLEMENT_NB,3,3,83,especially,textual,complement_log_weight,6.087095565420639,6.087095565420639,positive,200,200,
C_COMPLEMENT_NB,3,3,152,little,textual,complement_log_weight,6.084748195525563,6.084748195525563,positive,201,201,
C_COMPLEMENT_NB,3,3,227,signs,textual,complement_log_weight,6.08274500748027,6.08274500748027,positive,202,202,
C_COMPLEMENT_NB,3,3,118,helps,textual,complement_log_weight,6.08265275881982,6.08265275881982,positive,203,203,
C_COMPLEMENT_NB,3,3,3,able,textual,complement_log_weight,6.074708321511679,6.074708321511679,positive,204,204,
C_COMPLEMENT_NB,3,3,218,school,textual,complement_log_weight,6.074511500153659,6.074511500153659,positive,205,205,
C_COMPLEMENT_NB,3,3,46,common,textual,complement_log_weight,6.073283189774314,6.073283189774314,positive,206,206,
C_COMPLEMENT_NB,3,3,298,years,textual,complement_log_weight,6.069561910411313,6.069561910411313,positive,207,207,
C_COMPLEMENT_NB,3,3,184,neurotypical,textual,complement_log_weight,6.064588758123395,6.064588758123395,positive,208,208,
C_COMPLEMENT_NB,3,3,35,burnout,textual,complement_log_weight,6.061012870973998,6.061012870973998,positive,209,209,
C_COMPLEMENT_NB,3,3,155,long,textual,complement_log_weight,6.059100180859078,6.059100180859078,positive,210,210,
C_COMPLEMENT_NB,3,3,258,term,textual,complement_log_weight,6.057922477842811,6.057922477842811,positive,211,211,
C_COMPLEMENT_NB,3,3,120,higher,textual,complement_log_weight,6.055217226227859,6.055217226227859,positive,212,212,
C_COMPLEMENT_NB,3,3,277,understand,textual,complement_log_weight,6.0513086583007665,6.0513086583007665,positive,213,213,
C_COMPLEMENT_NB,3,3,238,stimulant,textual,complement_log_weight,6.051194025114694,6.051194025114694,positive,214,214,
C_COMPLEMENT_NB,3,3,132,instead,textual,complement_log_weight,6.046286991521977,6.046286991521977,positive,215,215,
C_COMPLEMENT_NB,3,3,171,medications,textual,complement_log_weight,6.045101770408737,6.045101770408737,positive,216,216,
C_COMPLEMENT_NB,3,3,129,impulsivity,textual,complement_log_weight,6.0420008378691765,6.0420008378691765,positive,217,217,
C_COMPLEMENT_NB,3,3,175,mind,textual,complement_log_weight,6.040799651180642,6.040799651180642,positive,218,218,
C_COMPLEMENT_NB,3,3,99,forget,textual,complement_log_weight,6.035089449171729,6.035089449171729,positive,219,219,
C_COMPLEMENT_NB,3,3,221,self,textual,complement_log_weight,6.026161960211668,6.026161960211668,positive,220,220,
C_COMPLEMENT_NB,3,3,240,stop,textual,complement_log_weight,6.022038720557679,6.022038720557679,positive,221,221,
C_COMPLEMENT_NB,3,3,93,feeling,textual,complement_log_weight,6.020425820912655,6.020425820912655,positive,222,222,
C_COMPLEMENT_NB,3,3,86,executive,textual,complement_log_weight,6.0192860382840285,6.0192860382840285,positive,223,223,
C_COMPLEMENT_NB,3,3,136,kids,textual,complement_log_weight,6.0120084852380336,6.0120084852380336,positive,224,224,
C_COMPLEMENT_NB,3,3,56,diagnosed,textual,complement_log_weight,6.011987212173677,6.011987212173677,positive,225,225,
C_COMPLEMENT_NB,3,3,107,got,textual,complement_log_weight,6.006574704379988,6.006574704379988,positive,226,226,
C_COMPLEMENT_NB,3,3,69,does,textual,complement_log_weight,5.99536196237802,5.99536196237802,positive,227,227,
C_COMPLEMENT_NB,3,3,111,hard,textual,complement_log_weight,5.981764805378286,5.981764805378286,positive,228,228,
C_COMPLEMENT_NB,3,3,206,real,textual,complement_log_weight,5.977008424402821,5.977008424402821,positive,229,229,
C_COMPLEMENT_NB,3,3,70,doesn,textual,complement_log_weight,5.968803477636008,5.968803477636008,positive,230,230,
C_COMPLEMENT_NB,3,3,0,10,textual,complement_log_weight,5.963067568953056,5.963067568953056,positive,231,231,
C_COMPLEMENT_NB,3,3,272,try,textual,complement_log_weight,5.9615658825341535,5.9615658825341535,positive,232,232,
C_COMPLEMENT_NB,3,3,256,tell,textual,complement_log_weight,5.950638844894746,5.950638844894746,positive,233,233,
C_COMPLEMENT_NB,3,3,29,better,textual,complement_log_weight,5.944060000702588,5.944060000702588,positive,234,234,
C_COMPLEMENT_NB,3,3,94,feels,textual,complement_log_weight,5.9397604222441345,5.9397604222441345,positive,235,235,
C_COMPLEMENT_NB,3,3,42,children,textual,complement_log_weight,5.936223974196155,5.936223974196155,positive,236,236,
C_COMPLEMENT_NB,3,3,92,feel like,textual,complement_log_weight,5.92555430925396,5.92555430925396,positive,237,237,
C_COMPLEMENT_NB,3,3,252,talk,textual,complement_log_weight,5.924963694361006,5.924963694361006,positive,238,238,
C_COMPLEMENT_NB,3,3,257,tend,textual,complement_log_weight,5.9228008373530185,5.9228008373530185,positive,239,239,
C_COMPLEMENT_NB,3,3,15,adults,textual,complement_log_weight,5.914331678603343,5.914331678603343,positive,240,240,
C_COMPLEMENT_NB,3,3,34,brains,textual,complement_log_weight,5.888099900845653,5.888099900845653,positive,241,241,
C_COMPLEMENT_NB,3,3,7,add,textual,complement_log_weight,5.869843981709666,5.869843981709666,positive,242,242,
C_COMPLEMENT_NB,3,3,13,adhd symptoms,textual,complement_log_weight,5.86564236435163,5.86564236435163,positive,243,243,
C_COMPLEMENT_NB,3,3,278,use,textual,complement_log_weight,5.8464410272858265,5.8464410272858265,positive,244,244,
C_COMPLEMENT_NB,3,3,66,disorder,textual,complement_log_weight,5.840409777804716,5.840409777804716,positive,245,245,
C_COMPLEMENT_NB,3,3,133,isn,textual,complement_log_weight,5.83554500431145,5.83554500431145,positive,246,246,
C_COMPLEMENT_NB,3,3,146,let,textual,complement_log_weight,5.831719203977072,5.831719203977072,positive,247,247,
C_COMPLEMENT_NB,3,3,113,having,textual,complement_log_weight,5.820213822912964,5.820213822912964,positive,248,248,
C_COMPLEMENT_NB,3,3,203,problems,textual,complement_log_weight,5.812248479157512,5.812248479157512,positive,249,249,
C_COMPLEMENT_NB,3,3,126,hyperactivity,textual,complement_log_weight,5.805341753926722,5.805341753926722,positive,250,250,
C_COMPLEMENT_NB,3,3,71,doing,textual,complement_log_weight,5.803154528793261,5.803154528793261,positive,251,251,
C_COMPLEMENT_NB,3,3,119,high,textual,complement_log_weight,5.796660853183777,5.796660853183777,positive,252,252,
C_COMPLEMENT_NB,3,3,137,kind,textual,complement_log_weight,5.793368641008299,5.793368641008299,positive,253,253,
C_COMPLEMENT_NB,3,3,254,task,textual,complement_log_weight,5.78822237624468,5.78822237624468,positive,254,254,
C_COMPLEMENT_NB,3,3,230,sleep,textual,complement_log_weight,5.7816973261252,5.7816973261252,positive,255,255,
C_COMPLEMENT_NB,3,3,79,emotional,textual,complement_log_weight,5.781065028956803,5.781065028956803,positive,256,256,
C_COMPLEMENT_NB,3,3,41,child,textual,complement_log_weight,5.770940588008516,5.770940588008516,positive,257,257,
C_COMPLEMENT_NB,3,3,106,good,textual,complement_log_weight,5.756832709894248,5.756832709894248,positive,258,258,
C_COMPLEMENT_NB,3,3,63,different,textual,complement_log_weight,5.742048712226639,5.742048712226639,positive,259,259,
C_COMPLEMENT_NB,3,3,170,medication,textual,complement_log_weight,5.687586886125842,5.687586886125842,positive,260,260,
C_COMPLEMENT_NB,3,3,260,thing,textual,complement_log_weight,5.686979609846102,5.686979609846102,positive,261,261,
C_COMPLEMENT_NB,3,3,154,ll,textual,complement_log_weight,5.683330877592995,5.683330877592995,positive,262,262,
C_COMPLEMENT_NB,3,3,255,tasks,textual,complement_log_weight,5.676245234126352,5.676245234126352,positive,263,263,
C_COMPLEMENT_NB,3,3,102,getting,textual,complement_log_weight,5.671960256360578,5.671960256360578,positive,264,264,
C_COMPLEMENT_NB,3,3,216,say,textual,complement_log_weight,5.6709262690599225,5.6709262690599225,positive,265,265,
C_COMPLEMENT_NB,3,3,18,anxiety,textual,complement_log_weight,5.629592099581055,5.629592099581055,positive,266,266,
C_COMPLEMENT_NB,3,3,214,right,textual,complement_log_weight,5.629528053236118,5.629528053236118,positive,267,267,
C_COMPLEMENT_NB,3,3,53,day,textual,complement_log_weight,5.619029585863053,5.619029585863053,positive,268,268,
C_COMPLEMENT_NB,3,3,157,look,textual,complement_log_weight,5.618421940810468,5.618421940810468,positive,269,269,
C_COMPLEMENT_NB,3,3,286,want,textual,complement_log_weight,5.6170071155660715,5.6170071155660715,positive,270,270,
C_COMPLEMENT_NB,3,3,196,people adhd,textual,complement_log_weight,5.564298092124995,5.564298092124995,positive,271,271,
C_COMPLEMENT_NB,3,3,163,make,textual,complement_log_weight,5.555759071360401,5.555759071360401,positive,272,272,
C_COMPLEMENT_NB,3,3,287,way,textual,complement_log_weight,5.552748128945727,5.552748128945727,positive,273,273,
C_COMPLEMENT_NB,3,3,263,think,textual,complement_log_weight,5.5382172534886545,5.5382172534886545,positive,274,274,
C_COMPLEMENT_NB,3,3,159,lot,textual,complement_log_weight,5.530610233837787,5.530610233837787,positive,275,275,
C_COMPLEMENT_NB,3,3,148,life,textual,complement_log_weight,5.501821410353654,5.501821410353654,positive,276,276,
C_COMPLEMENT_NB,3,3,235,start,textual,complement_log_weight,5.496802331141677,5.496802331141677,positive,277,277,
C_COMPLEMENT_NB,3,3,282,ve,textual,complement_log_weight,5.491363246815295,5.491363246815295,positive,278,278,
C_COMPLEMENT_NB,3,3,290,work,textual,complement_log_weight,5.4843584464196,5.4843584464196,positive,279,279,
C_COMPLEMENT_NB,3,3,197,person,textual,complement_log_weight,5.481899068264912,5.481899068264912,positive,280,280,
C_COMPLEMENT_NB,3,3,207,really,textual,complement_log_weight,5.4448203231711645,5.4448203231711645,positive,281,281,
C_COMPLEMENT_NB,3,3,96,focus,textual,complement_log_weight,5.400016589526476,5.400016589526476,positive,282,282,
C_COMPLEMENT_NB,3,3,74,dopamine,textual,complement_log_weight,5.394012460872514,5.394012460872514,positive,283,283,
C_COMPLEMENT_NB,3,3,6,actually,textual,complement_log_weight,5.392650066698082,5.392650066698082,positive,284,284,
C_COMPLEMENT_NB,3,3,21,attention,textual,complement_log_weight,5.385469115021047,5.385469115021047,positive,285,285,
C_COMPLEMENT_NB,3,3,91,feel,textual,complement_log_weight,5.378895025971018,5.378895025971018,positive,286,286,
C_COMPLEMENT_NB,3,3,181,need,textual,complement_log_weight,5.3707187917711705,5.3707187917711705,positive,287,287,
C_COMPLEMENT_NB,3,3,116,help,textual,complement_log_weight,5.363341933245004,5.363341933245004,positive,288,288,
C_COMPLEMENT_NB,3,3,104,going,textual,complement_log_weight,5.275270224832019,5.275270224832019,positive,289,289,
C_COMPLEMENT_NB,3,3,267,time,textual,complement_log_weight,5.254558915025729,5.254558915025729,positive,290,290,
C_COMPLEMENT_NB,3,3,138,know,textual,complement_log_weight,5.158202612117179,5.158202612117179,positive,291,291,
C_COMPLEMENT_NB,3,3,261,things,textual,complement_log_weight,5.12657674367918,5.12657674367918,positive,292,292,
C_COMPLEMENT_NB,3,3,72,don,textual,complement_log_weight,5.1159568721293756,5.1159568721293756,positive,293,293,
C_COMPLEMENT_NB,3,3,250,symptoms,textual,complement_log_weight,5.065229806929218,5.065229806929218,positive,294,294,
C_COMPLEMENT_NB,3,3,187,number,textual,complement_log_weight,5.01240515946255,5.01240515946255,positive,295,295,
C_COMPLEMENT_NB,3,3,33,brain,textual,complement_log_weight,4.897602981986843,4.897602981986843,positive,296,296,
C_COMPLEMENT_NB,3,3,195,people,textual,complement_log_weight,4.818502574721422,4.818502574721422,positive,297,297,
C_COMPLEMENT_NB,3,3,135,just,textual,complement_log_weight,4.809584435718033,4.809584435718033,positive,298,298,
C_COMPLEMENT_NB,3,3,149,like,textual,complement_log_weight,4.563926249216873,4.563926249216873,positive,299,299,
C_COMPLEMENT_NB,3,3,8,adhd,textual,complement_log_weight,4.090932691276288,4.090932691276288,positive,300,300,
C_COMPLEMENT_NB,3,3,301,hedge_score,handcrafted_linguistic,complement_log_weight,3.653080176952034,3.653080176952034,positive,301,301,
C_COMPLEMENT_NB,3,3,300,certainty_score,handcrafted_linguistic,complement_log_weight,3.5588987315261997,3.5588987315261997,positive,302,302,
C_COMPLEMENT_NB,3,3,303,comments_within_platform_percentile,engagement_or_format,complement_log_weight,2.843706944848782,2.843706944848782,positive,303,303,
C_COMPLEMENT_NB,3,3,302,likes_within_platform_percentile,engagement_or_format,complement_log_weight,2.8401794475526656,2.8401794475526656,positive,304,304,
C_COMPLEMENT_NB,3,3,304,views_within_platform_percentile,engagement_or_format,complement_log_weight,2.832129043697271,2.832129043697271,positive,305,305,
C_COMPLEMENT_NB,3,3,305,duration_sec_within_platform_percentile,engagement_or_format,complement_log_weight,2.823142134823567,2.823142134823567,positive,306,306,
C_COMPLEMENT_NB,3,4,100,fucking,textual,complement_log_weight,7.473639148034043,7.473639148034043,positive,1,1,
C_COMPLEMENT_NB,3,4,105,gonna,textual,complement_log_weight,7.112036093802053,7.112036093802053,positive,2,2,
C_COMPLEMENT_NB,3,4,265,thought,textual,complement_log_weight,6.9822747734922554,6.9822747734922554,positive,3,3,
C_COMPLEMENT_NB,3,4,1,20,textual,complement_log_weight,6.88470831864707,6.88470831864707,positive,4,4,
C_COMPLEMENT_NB,3,4,182,needs,textual,complement_log_weight,6.866129173662726,6.866129173662726,positive,5,5,
C_COMPLEMENT_NB,3,4,24,away,textual,complement_log_weight,6.85985333546718,6.85985333546718,positive,6,6,
C_COMPLEMENT_NB,3,4,199,place,textual,complement_log_weight,6.8352013061095125,6.8352013061095125,positive,7,7,
C_COMPLEMENT_NB,3,4,77,eat,textual,complement_log_weight,6.779997268212347,6.779997268212347,positive,8,8,
C_COMPLEMENT_NB,3,4,49,constant,textual,complement_log_weight,6.742631148878231,6.742631148878231,positive,9,9,
C_COMPLEMENT_NB,3,4,108,great,textual,complement_log_weight,6.735663443450645,6.735663443450645,positive,10,10,
C_COMPLEMENT_NB,3,4,236,state,textual,complement_log_weight,6.733982805299268,6.733982805299268,positive,11,11,
C_COMPLEMENT_NB,3,4,37,calm,textual,complement_log_weight,6.73099382991513,6.73099382991513,positive,12,12,
C_COMPLEMENT_NB,3,4,269,told,textual,complement_log_weight,6.70569950459102,6.70569950459102,positive,13,13,
C_COMPLEMENT_NB,3,4,131,information,textual,complement_log_weight,6.68059132301742,6.68059132301742,positive,14,14,
C_COMPLEMENT_NB,3,4,43,chronic,textual,complement_log_weight,6.680508442241162,6.680508442241162,positive,15,15,
C_COMPLEMENT_NB,3,4,240,stop,textual,complement_log_weight,6.671154604694665,6.671154604694665,positive,16,16,
C_COMPLEMENT_NB,3,4,81,end,textual,complement_log_weight,6.6651992557458195,6.6651992557458195,positive,17,17,
C_COMPLEMENT_NB,3,4,234,sound,textual,complement_log_weight,6.6576564766232424,6.6576564766232424,positive,18,18,
C_COMPLEMENT_NB,3,4,232,social,textual,complement_log_weight,6.64917620061943,6.64917620061943,positive,19,19,
C_COMPLEMENT_NB,3,4,241,stress,textual,complement_log_weight,6.646425678250045,6.646425678250045,positive,20,20,
C_COMPLEMENT_NB,3,4,228,single,textual,complement_log_weight,6.635262991704373,6.635262991704373,positive,21,21,
C_COMPLEMENT_NB,3,4,10,adhd brains,textual,complement_log_weight,6.623146603716534,6.623146603716534,positive,22,22,
C_COMPLEMENT_NB,3,4,60,didn,textual,complement_log_weight,6.618657848349334,6.618657848349334,positive,23,23,
C_COMPLEMENT_NB,3,4,172,meds,textual,complement_log_weight,6.600342227544062,6.600342227544062,positive,24,24,
C_COMPLEMENT_NB,3,4,208,reason,textual,complement_log_weight,6.599114561546192,6.599114561546192,positive,25,25,
C_COMPLEMENT_NB,3,4,178,morning,textual,complement_log_weight,6.596099120698359,6.596099120698359,positive,26,26,
C_COMPLEMENT_NB,3,4,47,completely,textual,complement_log_weight,6.593267790257817,6.593267790257817,positive,27,27,
C_COMPLEMENT_NB,3,4,161,love,textual,complement_log_weight,6.5929500794016205,6.5929500794016205,positive,28,28,
C_COMPLEMENT_NB,3,4,140,knowing,textual,complement_log_weight,6.589662133121184,6.589662133121184,positive,29,29,
C_COMPLEMENT_NB,3,4,243,struggling,textual,complement_log_weight,6.58860516095033,6.58860516095033,positive,30,30,
C_COMPLEMENT_NB,3,4,295,worse,textual,complement_log_weight,6.58854638040778,6.58854638040778,positive,31,31,
C_COMPLEMENT_NB,3,4,143,later,textual,complement_log_weight,6.5867592377873745,6.5867592377873745,positive,32,32,
C_COMPLEMENT_NB,3,4,35,burnout,textual,complement_log_weight,6.583480509179425,6.583480509179425,positive,33,33,
C_COMPLEMENT_NB,3,4,20,ask,textual,complement_log_weight,6.58135732032682,6.58135732032682,positive,34,34,
C_COMPLEMENT_NB,3,4,103,goes,textual,complement_log_weight,6.5811651171847245,6.5811651171847245,positive,35,35,
C_COMPLEMENT_NB,3,4,246,stuff,textual,complement_log_weight,6.56824399744187,6.56824399744187,positive,36,36,
C_COMPLEMENT_NB,3,4,217,saying,textual,complement_log_weight,6.567904839015279,6.567904839015279,positive,37,37,
C_COMPLEMENT_NB,3,4,73,don know,textual,complement_log_weight,6.559189534474516,6.559189534474516,positive,38,38,
C_COMPLEMENT_NB,3,4,52,cortex,textual,complement_log_weight,6.555789107769488,6.555789107769488,positive,39,39,
C_COMPLEMENT_NB,3,4,12,adhd people,textual,complement_log_weight,6.549252073328068,6.549252073328068,positive,40,40,
C_COMPLEMENT_NB,3,4,209,regulate,textual,complement_log_weight,6.547953532521997,6.547953532521997,positive,41,41,
C_COMPLEMENT_NB,3,4,233,somebody,textual,complement_log_weight,6.546839330807794,6.546839330807794,positive,42,42,
C_COMPLEMENT_NB,3,4,78,eating,textual,complement_log_weight,6.544229856655411,6.544229856655411,positive,43,43,
C_COMPLEMENT_NB,3,4,9,adhd brain,textual,complement_log_weight,6.538153812527248,6.538153812527248,positive,44,44,
C_COMPLEMENT_NB,3,4,153,little bit,textual,complement_log_weight,6.532864627799936,6.532864627799936,positive,45,45,
C_COMPLEMENT_NB,3,4,247,sugar,textual,complement_log_weight,6.532774421940617,6.532774421940617,positive,46,46,
C_COMPLEMENT_NB,3,4,124,hyper,textual,complement_log_weight,6.532527610982024,6.532527610982024,positive,47,47,
C_COMPLEMENT_NB,3,4,2,30,textual,complement_log_weight,6.5287417379580495,6.5287417379580495,positive,48,48,
C_COMPLEMENT_NB,3,4,101,function,textual,complement_log_weight,6.526942911714137,6.526942911714137,positive,49,49,
C_COMPLEMENT_NB,3,4,292,working memory,textual,complement_log_weight,6.525644608537447,6.525644608537447,positive,50,50,
C_COMPLEMENT_NB,3,4,28,best,textual,complement_log_weight,6.520904293425154,6.520904293425154,positive,51,51,
C_COMPLEMENT_NB,3,4,115,hear,textual,complement_log_weight,6.518314003775993,6.518314003775993,positive,52,52,
C_COMPLEMENT_NB,3,4,283,ve got,textual,complement_log_weight,6.514509889252059,6.514509889252059,positive,53,53,
C_COMPLEMENT_NB,3,4,274,type,textual,complement_log_weight,6.51218564503741,6.51218564503741,positive,54,54,
C_COMPLEMENT_NB,3,4,194,pay attention,textual,complement_log_weight,6.504945157455212,6.504945157455212,positive,55,55,
C_COMPLEMENT_NB,3,4,123,hours,textual,complement_log_weight,6.5012528634255515,6.5012528634255515,positive,56,56,
C_COMPLEMENT_NB,3,4,166,manage,textual,complement_log_weight,6.498961744866371,6.498961744866371,positive,57,57,
C_COMPLEMENT_NB,3,4,190,open,textual,complement_log_weight,6.490196650655809,6.490196650655809,positive,58,58,
C_COMPLEMENT_NB,3,4,231,small,textual,complement_log_weight,6.489871339795693,6.489871339795693,positive,59,59,
C_COMPLEMENT_NB,3,4,160,lot people,textual,complement_log_weight,6.484568915877156,6.484568915877156,positive,60,60,
C_COMPLEMENT_NB,3,4,59,did,textual,complement_log_weight,6.483265405735222,6.483265405735222,positive,61,61,
C_COMPLEMENT_NB,3,4,215,running,textual,complement_log_weight,6.480102529763846,6.480102529763846,positive,62,62,
C_COMPLEMENT_NB,3,4,183,nervous,textual,complement_log_weight,6.478044701429521,6.478044701429521,positive,63,63,
C_COMPLEMENT_NB,3,4,167,maybe,textual,complement_log_weight,6.470462777573395,6.470462777573395,positive,64,64,
C_COMPLEMENT_NB,3,4,110,happens,textual,complement_log_weight,6.469598260507508,6.469598260507508,positive,65,65,
C_COMPLEMENT_NB,3,4,293,works,textual,complement_log_weight,6.463690761765762,6.463690761765762,positive,66,66,
C_COMPLEMENT_NB,3,4,25,bad,textual,complement_log_weight,6.46002040981842,6.46002040981842,positive,67,67,
C_COMPLEMENT_NB,3,4,19,aren,textual,complement_log_weight,6.45930221358113,6.45930221358113,positive,68,68,
C_COMPLEMENT_NB,3,4,288,ways,textual,complement_log_weight,6.458876256507978,6.458876256507978,positive,69,69,
C_COMPLEMENT_NB,3,4,26,based,textual,complement_log_weight,6.447349163850638,6.447349163850638,positive,70,70,
C_COMPLEMENT_NB,3,4,191,overwhelmed,textual,complement_log_weight,6.445605240491049,6.445605240491049,positive,71,71,
C_COMPLEMENT_NB,3,4,294,world,textual,complement_log_weight,6.443959157469152,6.443959157469152,positive,72,72,
C_COMPLEMENT_NB,3,4,144,lead,textual,complement_log_weight,6.440290665187902,6.440290665187902,positive,73,73,
C_COMPLEMENT_NB,3,4,75,dysfunction,textual,complement_log_weight,6.440107668523693,6.440107668523693,positive,74,74,
C_COMPLEMENT_NB,3,4,193,pay,textual,complement_log_weight,6.43506271643984,6.43506271643984,positive,75,75,
C_COMPLEMENT_NB,3,4,87,exercise,textual,complement_log_weight,6.431079129661703,6.431079129661703,positive,76,76,
C_COMPLEMENT_NB,3,4,44,come,textual,complement_log_weight,6.426715542005703,6.426715542005703,positive,77,77,
C_COMPLEMENT_NB,3,4,279,used,textual,complement_log_weight,6.418041732740869,6.418041732740869,positive,78,78,
C_COMPLEMENT_NB,3,4,151,listen,textual,complement_log_weight,6.415085711371711,6.415085711371711,positive,79,79,
C_COMPLEMENT_NB,3,4,205,quickly,textual,complement_log_weight,6.413817251708029,6.413817251708029,positive,80,80,
C_COMPLEMENT_NB,3,4,296,wrong,textual,complement_log_weight,6.408773732415458,6.408773732415458,positive,81,81,
C_COMPLEMENT_NB,3,4,285,wait,textual,complement_log_weight,6.407072835470535,6.407072835470535,positive,82,82,
C_COMPLEMENT_NB,3,4,175,mind,textual,complement_log_weight,6.4034280981825304,6.4034280981825304,positive,83,83,
C_COMPLEMENT_NB,3,4,200,point,textual,complement_log_weight,6.403102161791191,6.403102161791191,positive,84,84,
C_COMPLEMENT_NB,3,4,122,home,textual,complement_log_weight,6.400749493872778,6.400749493872778,positive,85,85,
C_COMPLEMENT_NB,3,4,16,alcohol,textual,complement_log_weight,6.400579312990387,6.400579312990387,positive,86,86,
C_COMPLEMENT_NB,3,4,185,new,textual,complement_log_weight,6.397381781904249,6.397381781904249,positive,87,87,
C_COMPLEMENT_NB,3,4,38,care,textual,complement_log_weight,6.392401387680881,6.392401387680881,positive,88,88,
C_COMPLEMENT_NB,3,4,40,change,textual,complement_log_weight,6.3866308903357885,6.3866308903357885,positive,89,89,
C_COMPLEMENT_NB,3,4,57,diagnosed adhd,textual,complement_log_weight,6.384034223239857,6.384034223239857,positive,90,90,
C_COMPLEMENT_NB,3,4,169,means,textual,complement_log_weight,6.381540375412113,6.381540375412113,positive,91,91,
C_COMPLEMENT_NB,3,4,82,energy,textual,complement_log_weight,6.376417324745801,6.376417324745801,positive,92,92,
C_COMPLEMENT_NB,3,4,156,long term,textual,complement_log_weight,6.374556097895192,6.374556097895192,positive,93,93,
C_COMPLEMENT_NB,3,4,94,feels,textual,complement_log_weight,6.373517894889662,6.373517894889662,positive,94,94,
C_COMPLEMENT_NB,3,4,150,likely,textual,complement_log_weight,6.373340919266846,6.373340919266846,positive,95,95,
C_COMPLEMENT_NB,3,4,237,stay,textual,complement_log_weight,6.3727962478023255,6.3727962478023255,positive,96,96,
C_COMPLEMENT_NB,3,4,17,anger,textual,complement_log_weight,6.3724313675391295,6.3724313675391295,positive,97,97,
C_COMPLEMENT_NB,3,4,179,motivation,textual,complement_log_weight,6.371206351223326,6.371206351223326,positive,98,98,
C_COMPLEMENT_NB,3,4,223,sensitive,textual,complement_log_weight,6.368816865844237,6.368816865844237,positive,99,99,
C_COMPLEMENT_NB,3,4,244,studies,textual,complement_log_weight,6.364110699020557,6.364110699020557,positive,100,100,
C_COMPLEMENT_NB,3,4,85,example,textual,complement_log_weight,6.363714041362592,6.363714041362592,positive,101,101,
C_COMPLEMENT_NB,3,4,186,normal,textual,complement_log_weight,6.358948022686146,6.358948022686146,positive,102,102,
C_COMPLEMENT_NB,3,4,266,thoughts,textual,complement_log_weight,6.356734072979525,6.356734072979525,positive,103,103,
C_COMPLEMENT_NB,3,4,184,neurotypical,textual,complement_log_weight,6.350865087481268,6.350865087481268,positive,104,104,
C_COMPLEMENT_NB,3,4,229,sit,textual,complement_log_weight,6.346771438894824,6.346771438894824,positive,105,105,
C_COMPLEMENT_NB,3,4,276,um,textual,complement_log_weight,6.341093959287132,6.341093959287132,positive,106,106,
C_COMPLEMENT_NB,3,4,118,helps,textual,complement_log_weight,6.340094038176288,6.340094038176288,positive,107,107,
C_COMPLEMENT_NB,3,4,89,fact,textual,complement_log_weight,6.339000893645246,6.339000893645246,positive,108,108,
C_COMPLEMENT_NB,3,4,280,using,textual,complement_log_weight,6.336449737601886,6.336449737601886,positive,109,109,
C_COMPLEMENT_NB,3,4,245,study,textual,complement_log_weight,6.335102242373532,6.335102242373532,positive,110,110,
C_COMPLEMENT_NB,3,4,219,second,textual,complement_log_weight,6.324223649283316,6.324223649283316,positive,111,111,
C_COMPLEMENT_NB,3,4,139,know adhd,textual,complement_log_weight,6.3198412026801,6.3198412026801,positive,112,112,
C_COMPLEMENT_NB,3,4,262,things like,textual,complement_log_weight,6.318795110190597,6.318795110190597,positive,113,113,
C_COMPLEMENT_NB,3,4,226,short,textual,complement_log_weight,6.317177842854272,6.317177842854272,positive,114,114,
C_COMPLEMENT_NB,3,4,31,bit,textual,complement_log_weight,6.317101666374498,6.317101666374498,positive,115,115,
C_COMPLEMENT_NB,3,4,141,lack,textual,complement_log_weight,6.317087357373473,6.317087357373473,positive,116,116,
C_COMPLEMENT_NB,3,4,4,activities,textual,complement_log_weight,6.316199555014303,6.316199555014303,positive,117,117,
C_COMPLEMENT_NB,3,4,164,makes,textual,complement_log_weight,6.315357058382642,6.315357058382642,positive,118,118,
C_COMPLEMENT_NB,3,4,225,seven,textual,complement_log_weight,6.314010732249007,6.314010732249007,positive,119,119,
C_COMPLEMENT_NB,3,4,291,working,textual,complement_log_weight,6.310182042687129,6.310182042687129,positive,120,120,
C_COMPLEMENT_NB,3,4,189,okay,textual,complement_log_weight,6.3080149339577405,6.3080149339577405,positive,121,121,
C_COMPLEMENT_NB,3,4,192,patients,textual,complement_log_weight,6.307654050627916,6.307654050627916,positive,122,122,
C_COMPLEMENT_NB,3,4,204,protein,textual,complement_log_weight,6.306551350198742,6.306551350198742,positive,123,123,
C_COMPLEMENT_NB,3,4,145,learn,textual,complement_log_weight,6.300876469707922,6.300876469707922,positive,124,124,
C_COMPLEMENT_NB,3,4,158,looking,textual,complement_log_weight,6.295388849242623,6.295388849242623,positive,125,125,
C_COMPLEMENT_NB,3,4,64,differently,textual,complement_log_weight,6.2929363247024215,6.2929363247024215,positive,126,126,
C_COMPLEMENT_NB,3,4,84,everybody,textual,complement_log_weight,6.29231346415709,6.29231346415709,positive,127,127,
C_COMPLEMENT_NB,3,4,67,distracted,textual,complement_log_weight,6.292030059315192,6.292030059315192,positive,128,128,
C_COMPLEMENT_NB,3,4,39,certain,textual,complement_log_weight,6.283382227154035,6.283382227154035,positive,129,129,
C_COMPLEMENT_NB,3,4,112,harder,textual,complement_log_weight,6.282413749631022,6.282413749631022,positive,130,130,
C_COMPLEMENT_NB,3,4,188,oh,textual,complement_log_weight,6.282333811131165,6.282333811131165,positive,131,131,
C_COMPLEMENT_NB,3,4,211,rejection,textual,complement_log_weight,6.279760188396714,6.279760188396714,positive,132,132,
C_COMPLEMENT_NB,3,4,95,finally,textual,complement_log_weight,6.276784284306263,6.276784284306263,positive,133,133,
C_COMPLEMENT_NB,3,4,76,easily,textual,complement_log_weight,6.274040421198983,6.274040421198983,positive,134,134,
C_COMPLEMENT_NB,3,4,268,times,textual,complement_log_weight,6.271793747812414,6.271793747812414,positive,135,135,
C_COMPLEMENT_NB,3,4,177,mood,textual,complement_log_weight,6.268362065382588,6.268362065382588,positive,136,136,
C_COMPLEMENT_NB,3,4,11,adhd medication,textual,complement_log_weight,6.263148394566452,6.263148394566452,positive,137,137,
C_COMPLEMENT_NB,3,4,36,called,textual,complement_log_weight,6.244079875840511,6.244079875840511,positive,138,138,
C_COMPLEMENT_NB,3,4,220,seen,textual,complement_log_weight,6.242612932957549,6.242612932957549,positive,139,139,
C_COMPLEMENT_NB,3,4,222,sense,textual,complement_log_weight,6.237172000787201,6.237172000787201,positive,140,140,
C_COMPLEMENT_NB,3,4,176,minutes,textual,complement_log_weight,6.2369881573548005,6.2369881573548005,positive,141,141,
C_COMPLEMENT_NB,3,4,90,fast,textual,complement_log_weight,6.232784906025229,6.232784906025229,positive,142,142,
C_COMPLEMENT_NB,3,4,281,usually,textual,complement_log_weight,6.231607792404171,6.231607792404171,positive,143,143,
C_COMPLEMENT_NB,3,4,213,research,textual,complement_log_weight,6.228509980757666,6.228509980757666,positive,144,144,
C_COMPLEMENT_NB,3,4,27,behavior,textual,complement_log_weight,6.226872975296562,6.226872975296562,positive,145,145,
C_COMPLEMENT_NB,3,4,68,doctor,textual,complement_log_weight,6.223966434586802,6.223966434586802,positive,146,146,
C_COMPLEMENT_NB,3,4,165,making,textual,complement_log_weight,6.217117072139784,6.217117072139784,positive,147,147,
C_COMPLEMENT_NB,3,4,298,years,textual,complement_log_weight,6.214736456759267,6.214736456759267,positive,148,148,
C_COMPLEMENT_NB,3,4,22,attention deficit,textual,complement_log_weight,6.213160501012601,6.213160501012601,positive,149,149,
C_COMPLEMENT_NB,3,4,32,body,textual,complement_log_weight,6.209757711259597,6.209757711259597,positive,150,150,
C_COMPLEMENT_NB,3,4,270,treatment,textual,complement_log_weight,6.204772356844187,6.204772356844187,positive,151,151,
C_COMPLEMENT_NB,3,4,224,sensory,textual,complement_log_weight,6.203604864211221,6.203604864211221,positive,152,152,
C_COMPLEMENT_NB,3,4,284,video,textual,complement_log_weight,6.1996254850808805,6.1996254850808805,positive,153,153,
C_COMPLEMENT_NB,3,4,180,music,textual,complement_log_weight,6.197227947201327,6.197227947201327,positive,154,154,
C_COMPLEMENT_NB,3,4,251,taking,textual,complement_log_weight,6.194643509780636,6.194643509780636,positive,155,155,
C_COMPLEMENT_NB,3,4,98,food,textual,complement_log_weight,6.192100064484648,6.192100064484648,positive,156,156,
C_COMPLEMENT_NB,3,4,256,tell,textual,complement_log_weight,6.188315600766691,6.188315600766691,positive,157,157,
C_COMPLEMENT_NB,3,4,117,helpful,textual,complement_log_weight,6.18794112417939,6.18794112417939,positive,158,158,
C_COMPLEMENT_NB,3,4,14,adult,textual,complement_log_weight,6.187412448131571,6.187412448131571,positive,159,159,
C_COMPLEMENT_NB,3,4,97,follow,textual,complement_log_weight,6.18187204299473,6.18187204299473,positive,160,160,
C_COMPLEMENT_NB,3,4,212,remember,textual,complement_log_weight,6.180865902256809,6.180865902256809,positive,161,161,
C_COMPLEMENT_NB,3,4,198,physical,textual,complement_log_weight,6.180074216907122,6.180074216907122,positive,162,162,
C_COMPLEMENT_NB,3,4,210,regulation,textual,complement_log_weight,6.179055255049586,6.179055255049586,positive,163,163,
C_COMPLEMENT_NB,3,4,48,condition,textual,complement_log_weight,6.173947423958584,6.173947423958584,positive,164,164,
C_COMPLEMENT_NB,3,4,248,support,textual,complement_log_weight,6.172468457322589,6.172468457322589,positive,165,165,
C_COMPLEMENT_NB,3,4,51,control,textual,complement_log_weight,6.171376391899264,6.171376391899264,positive,166,166,
C_COMPLEMENT_NB,3,4,114,health,textual,complement_log_weight,6.162611523648594,6.162611523648594,positive,167,167,
C_COMPLEMENT_NB,3,4,121,highly,textual,complement_log_weight,6.162368530706437,6.162368530706437,positive,168,168,
C_COMPLEMENT_NB,3,4,275,uh,textual,complement_log_weight,6.161210414180234,6.161210414180234,positive,169,169,
C_COMPLEMENT_NB,3,4,297,yeah,textual,complement_log_weight,6.160321663919189,6.160321663919189,positive,170,170,
C_COMPLEMENT_NB,3,4,62,difference,textual,complement_log_weight,6.154233893827075,6.154233893827075,positive,171,171,
C_COMPLEMENT_NB,3,4,109,gut,textual,complement_log_weight,6.153581802116272,6.153581802116272,positive,172,172,
C_COMPLEMENT_NB,3,4,107,got,textual,complement_log_weight,6.1488851706844105,6.1488851706844105,positive,173,173,
C_COMPLEMENT_NB,3,4,168,mean,textual,complement_log_weight,6.148882200602925,6.148882200602925,positive,174,174,
C_COMPLEMENT_NB,3,4,299,yes,textual,complement_log_weight,6.148383219623099,6.148383219623099,positive,175,175,
C_COMPLEMENT_NB,3,4,93,feeling,textual,complement_log_weight,6.147891794266124,6.147891794266124,positive,176,176,
C_COMPLEMENT_NB,3,4,259,test,textual,complement_log_weight,6.142569783450166,6.142569783450166,positive,177,177,
C_COMPLEMENT_NB,3,4,264,thinking,textual,complement_log_weight,6.1417530983648225,6.1417530983648225,positive,178,178,
C_COMPLEMENT_NB,3,4,83,especially,textual,complement_log_weight,6.140388112220069,6.140388112220069,positive,179,179,
C_COMPLEMENT_NB,3,4,147,level,textual,complement_log_weight,6.139707836111508,6.139707836111508,positive,180,180,
C_COMPLEMENT_NB,3,4,201,probably,textual,complement_log_weight,6.139497131932986,6.139497131932986,positive,181,181,
C_COMPLEMENT_NB,3,4,50,constantly,textual,complement_log_weight,6.1386891567212345,6.1386891567212345,positive,182,182,
C_COMPLEMENT_NB,3,4,34,brains,textual,complement_log_weight,6.137707505012411,6.137707505012411,positive,183,183,
C_COMPLEMENT_NB,3,4,152,little,textual,complement_log_weight,6.136850231745693,6.136850231745693,positive,184,184,
C_COMPLEMENT_NB,3,4,162,low,textual,complement_log_weight,6.134261656253779,6.134261656253779,positive,185,185,
C_COMPLEMENT_NB,3,4,221,self,textual,complement_log_weight,6.132480958922059,6.132480958922059,positive,186,186,
C_COMPLEMENT_NB,3,4,155,long,textual,complement_log_weight,6.131489398980213,6.131489398980213,positive,187,187,
C_COMPLEMENT_NB,3,4,55,depression,textual,complement_log_weight,6.130752914066001,6.130752914066001,positive,188,188,
C_COMPLEMENT_NB,3,4,206,real,textual,complement_log_weight,6.127048690247279,6.127048690247279,positive,189,189,
C_COMPLEMENT_NB,3,4,257,tend,textual,complement_log_weight,6.126052800639789,6.126052800639789,positive,190,190,
C_COMPLEMENT_NB,3,4,174,mental,textual,complement_log_weight,6.118946166215233,6.118946166215233,positive,191,191,
C_COMPLEMENT_NB,3,4,272,try,textual,complement_log_weight,6.118571522271979,6.118571522271979,positive,192,192,
C_COMPLEMENT_NB,3,4,133,isn,textual,complement_log_weight,6.118329097989806,6.118329097989806,positive,193,193,
C_COMPLEMENT_NB,3,4,0,10,textual,complement_log_weight,6.115018329906452,6.115018329906452,positive,194,194,
C_COMPLEMENT_NB,3,4,277,understand,textual,complement_log_weight,6.112445725741651,6.112445725741651,positive,195,195,
C_COMPLEMENT_NB,3,4,30,big,textual,complement_log_weight,6.110375175363702,6.110375175363702,positive,196,196,
C_COMPLEMENT_NB,3,4,130,inattentive,textual,complement_log_weight,6.110080058145582,6.110080058145582,positive,197,197,
C_COMPLEMENT_NB,3,4,86,executive,textual,complement_log_weight,6.102838478930506,6.102838478930506,positive,198,198,
C_COMPLEMENT_NB,3,4,249,sure,textual,complement_log_weight,6.100627488099004,6.100627488099004,positive,199,199,
C_COMPLEMENT_NB,3,4,92,feel like,textual,complement_log_weight,6.096235250273903,6.096235250273903,positive,200,200,
C_COMPLEMENT_NB,3,4,216,say,textual,complement_log_weight,6.094102659582258,6.094102659582258,positive,201,201,
C_COMPLEMENT_NB,3,4,99,forget,textual,complement_log_weight,6.094019678286486,6.094019678286486,positive,202,202,
C_COMPLEMENT_NB,3,4,5,activity,textual,complement_log_weight,6.092012721949471,6.092012721949471,positive,203,203,
C_COMPLEMENT_NB,3,4,54,deficit,textual,complement_log_weight,6.09171783105843,6.09171783105843,positive,204,204,
C_COMPLEMENT_NB,3,4,128,impulsive,textual,complement_log_weight,6.091302678812096,6.091302678812096,positive,205,205,
C_COMPLEMENT_NB,3,4,136,kids,textual,complement_log_weight,6.076450341463705,6.076450341463705,positive,206,206,
C_COMPLEMENT_NB,3,4,132,instead,textual,complement_log_weight,6.0692053517831015,6.0692053517831015,positive,207,207,
C_COMPLEMENT_NB,3,4,3,able,textual,complement_log_weight,6.060776358317751,6.060776358317751,positive,208,208,
C_COMPLEMENT_NB,3,4,289,women,textual,complement_log_weight,6.0535237741836525,6.0535237741836525,positive,209,209,
C_COMPLEMENT_NB,3,4,254,task,textual,complement_log_weight,6.031048078577958,6.031048078577958,positive,210,210,
C_COMPLEMENT_NB,3,4,273,trying,textual,complement_log_weight,6.029296701253156,6.029296701253156,positive,211,211,
C_COMPLEMENT_NB,3,4,258,term,textual,complement_log_weight,6.026081363987906,6.026081363987906,positive,212,212,
C_COMPLEMENT_NB,3,4,238,stimulant,textual,complement_log_weight,6.02466884719474,6.02466884719474,positive,213,213,
C_COMPLEMENT_NB,3,4,42,children,textual,complement_log_weight,6.008156900931617,6.008156900931617,positive,214,214,
C_COMPLEMENT_NB,3,4,129,impulsivity,textual,complement_log_weight,5.986877923981316,5.986877923981316,positive,215,215,
C_COMPLEMENT_NB,3,4,125,hyperactive,textual,complement_log_weight,5.985247497608565,5.985247497608565,positive,216,216,
C_COMPLEMENT_NB,3,4,45,comes,textual,complement_log_weight,5.9804239473989655,5.9804239473989655,positive,217,217,
C_COMPLEMENT_NB,3,4,111,hard,textual,complement_log_weight,5.963996852413819,5.963996852413819,positive,218,218,
C_COMPLEMENT_NB,3,4,173,memory,textual,complement_log_weight,5.963135664571803,5.963135664571803,positive,219,219,
C_COMPLEMENT_NB,3,4,71,doing,textual,complement_log_weight,5.955269779034515,5.955269779034515,positive,220,220,
C_COMPLEMENT_NB,3,4,61,diet,textual,complement_log_weight,5.9546628288507675,5.9546628288507675,positive,221,221,
C_COMPLEMENT_NB,3,4,239,stimulants,textual,complement_log_weight,5.953829781768147,5.953829781768147,positive,222,222,
C_COMPLEMENT_NB,3,4,142,late,textual,complement_log_weight,5.945360867768172,5.945360867768172,positive,223,223,
C_COMPLEMENT_NB,3,4,202,problem,textual,complement_log_weight,5.944701601905892,5.944701601905892,positive,224,224,
C_COMPLEMENT_NB,3,4,171,medications,textual,complement_log_weight,5.934821151594771,5.934821151594771,positive,225,225,
C_COMPLEMENT_NB,3,4,253,talking,textual,complement_log_weight,5.9248811470234095,5.9248811470234095,positive,226,226,
C_COMPLEMENT_NB,3,4,242,struggle,textual,complement_log_weight,5.920633980592994,5.920633980592994,positive,227,227,
C_COMPLEMENT_NB,3,4,88,experience,textual,complement_log_weight,5.9179646061737685,5.9179646061737685,positive,228,228,
C_COMPLEMENT_NB,3,4,18,anxiety,textual,complement_log_weight,5.916263227061314,5.916263227061314,positive,229,229,
C_COMPLEMENT_NB,3,4,80,emotions,textual,complement_log_weight,5.915111792626202,5.915111792626202,positive,230,230,
C_COMPLEMENT_NB,3,4,70,doesn,textual,complement_log_weight,5.914259442741617,5.914259442741617,positive,231,231,
C_COMPLEMENT_NB,3,4,271,trouble,textual,complement_log_weight,5.9061998939248666,5.9061998939248666,positive,232,232,
C_COMPLEMENT_NB,3,4,23,autism,textual,complement_log_weight,5.906017780439004,5.906017780439004,positive,233,233,
C_COMPLEMENT_NB,3,4,69,does,textual,complement_log_weight,5.902954286337048,5.902954286337048,positive,234,234,
C_COMPLEMENT_NB,3,4,119,high,textual,complement_log_weight,5.887164228644413,5.887164228644413,positive,235,235,
C_COMPLEMENT_NB,3,4,137,kind,textual,complement_log_weight,5.885639909458763,5.885639909458763,positive,236,236,
C_COMPLEMENT_NB,3,4,146,let,textual,complement_log_weight,5.877221885241267,5.877221885241267,positive,237,237,
C_COMPLEMENT_NB,3,4,65,difficulty,textual,complement_log_weight,5.855720015945679,5.855720015945679,positive,238,238,
C_COMPLEMENT_NB,3,4,203,problems,textual,complement_log_weight,5.838102495830989,5.838102495830989,positive,239,239,
C_COMPLEMENT_NB,3,4,7,add,textual,complement_log_weight,5.831195051154264,5.831195051154264,positive,240,240,
C_COMPLEMENT_NB,3,4,120,higher,textual,complement_log_weight,5.81679089999024,5.81679089999024,positive,241,241,
C_COMPLEMENT_NB,3,4,58,diagnosis,textual,complement_log_weight,5.801242273163573,5.801242273163573,positive,242,242,
C_COMPLEMENT_NB,3,4,227,signs,textual,complement_log_weight,5.797773968510499,5.797773968510499,positive,243,243,
C_COMPLEMENT_NB,3,4,56,diagnosed,textual,complement_log_weight,5.792125198784492,5.792125198784492,positive,244,244,
C_COMPLEMENT_NB,3,4,106,good,textual,complement_log_weight,5.7917584774059465,5.7917584774059465,positive,245,245,
C_COMPLEMENT_NB,3,4,113,having,textual,complement_log_weight,5.788025678679092,5.788025678679092,positive,246,246,
C_COMPLEMENT_NB,3,4,29,better,textual,complement_log_weight,5.781439933234249,5.781439933234249,positive,247,247,
C_COMPLEMENT_NB,3,4,127,important,textual,complement_log_weight,5.78113984579824,5.78113984579824,positive,248,248,
C_COMPLEMENT_NB,3,4,15,adults,textual,complement_log_weight,5.759583911843831,5.759583911843831,positive,249,249,
C_COMPLEMENT_NB,3,4,46,common,textual,complement_log_weight,5.757518481254945,5.757518481254945,positive,250,250,
C_COMPLEMENT_NB,3,4,148,life,textual,complement_log_weight,5.7500865037704365,5.7500865037704365,positive,251,251,
C_COMPLEMENT_NB,3,4,63,different,textual,complement_log_weight,5.748410105671112,5.748410105671112,positive,252,252,
C_COMPLEMENT_NB,3,4,286,want,textual,complement_log_weight,5.744313560630157,5.744313560630157,positive,253,253,
C_COMPLEMENT_NB,3,4,278,use,textual,complement_log_weight,5.7420348444477005,5.7420348444477005,positive,254,254,
C_COMPLEMENT_NB,3,4,157,look,textual,complement_log_weight,5.734543397012796,5.734543397012796,positive,255,255,
C_COMPLEMENT_NB,3,4,255,tasks,textual,complement_log_weight,5.727039701215051,5.727039701215051,positive,256,256,
C_COMPLEMENT_NB,3,4,218,school,textual,complement_log_weight,5.726103903569731,5.726103903569731,positive,257,257,
C_COMPLEMENT_NB,3,4,252,talk,textual,complement_log_weight,5.722430918743584,5.722430918743584,positive,258,258,
C_COMPLEMENT_NB,3,4,13,adhd symptoms,textual,complement_log_weight,5.703393830831402,5.703393830831402,positive,259,259,
C_COMPLEMENT_NB,3,4,214,right,textual,complement_log_weight,5.697800567459778,5.697800567459778,positive,260,260,
C_COMPLEMENT_NB,3,4,154,ll,textual,complement_log_weight,5.6943715619948785,5.6943715619948785,positive,261,261,
C_COMPLEMENT_NB,3,4,134,issues,textual,complement_log_weight,5.694128240853114,5.694128240853114,positive,262,262,
C_COMPLEMENT_NB,3,4,260,thing,textual,complement_log_weight,5.68315815315034,5.68315815315034,positive,263,263,
C_COMPLEMENT_NB,3,4,287,way,textual,complement_log_weight,5.675377232753112,5.675377232753112,positive,264,264,
C_COMPLEMENT_NB,3,4,53,day,textual,complement_log_weight,5.6706516011151855,5.6706516011151855,positive,265,265,
C_COMPLEMENT_NB,3,4,79,emotional,textual,complement_log_weight,5.667450665201831,5.667450665201831,positive,266,266,
C_COMPLEMENT_NB,3,4,181,need,textual,complement_log_weight,5.61257038123591,5.61257038123591,positive,267,267,
C_COMPLEMENT_NB,3,4,66,disorder,textual,complement_log_weight,5.605384917044173,5.605384917044173,positive,268,268,
C_COMPLEMENT_NB,3,4,282,ve,textual,complement_log_weight,5.6036878736556055,5.6036878736556055,positive,269,269,
C_COMPLEMENT_NB,3,4,116,help,textual,complement_log_weight,5.59952634001359,5.59952634001359,positive,270,270,
C_COMPLEMENT_NB,3,4,163,make,textual,complement_log_weight,5.597584811929059,5.597584811929059,positive,271,271,
C_COMPLEMENT_NB,3,4,126,hyperactivity,textual,complement_log_weight,5.585712467375647,5.585712467375647,positive,272,272,
C_COMPLEMENT_NB,3,4,290,work,textual,complement_log_weight,5.58533241641446,5.58533241641446,positive,273,273,
C_COMPLEMENT_NB,3,4,102,getting,textual,complement_log_weight,5.5711884529786015,5.5711884529786015,positive,274,274,
C_COMPLEMENT_NB,3,4,235,start,textual,complement_log_weight,5.5695746001526905,5.5695746001526905,positive,275,275,
C_COMPLEMENT_NB,3,4,6,actually,textual,complement_log_weight,5.5436797607670085,5.5436797607670085,positive,276,276,
C_COMPLEMENT_NB,3,4,91,feel,textual,complement_log_weight,5.527285438886415,5.527285438886415,positive,277,277,
C_COMPLEMENT_NB,3,4,197,person,textual,complement_log_weight,5.522734116744098,5.522734116744098,positive,278,278,
C_COMPLEMENT_NB,3,4,41,child,textual,complement_log_weight,5.520877028140588,5.520877028140588,positive,279,279,
C_COMPLEMENT_NB,3,4,263,think,textual,complement_log_weight,5.502341983665329,5.502341983665329,positive,280,280,
C_COMPLEMENT_NB,3,4,104,going,textual,complement_log_weight,5.467984982251377,5.467984982251377,positive,281,281,
C_COMPLEMENT_NB,3,4,230,sleep,textual,complement_log_weight,5.458463193971311,5.458463193971311,positive,282,282,
C_COMPLEMENT_NB,3,4,96,focus,textual,complement_log_weight,5.4473697409102915,5.4473697409102915,positive,283,283,
C_COMPLEMENT_NB,3,4,196,people adhd,textual,complement_log_weight,5.408109998195694,5.408109998195694,positive,284,284,
C_COMPLEMENT_NB,3,4,159,lot,textual,complement_log_weight,5.350888299599614,5.350888299599614,positive,285,285,
C_COMPLEMENT_NB,3,4,170,medication,textual,complement_log_weight,5.349606631425849,5.349606631425849,positive,286,286,
C_COMPLEMENT_NB,3,4,72,don,textual,complement_log_weight,5.349024599237685,5.349024599237685,positive,287,287,
C_COMPLEMENT_NB,3,4,74,dopamine,textual,complement_log_weight,5.346631604011057,5.346631604011057,positive,288,288,
C_COMPLEMENT_NB,3,4,207,really,textual,complement_log_weight,5.235994380093244,5.235994380093244,positive,289,289,
C_COMPLEMENT_NB,3,4,138,know,textual,complement_log_weight,5.234127782229617,5.234127782229617,positive,290,290,
C_COMPLEMENT_NB,3,4,21,attention,textual,complement_log_weight,5.18150638648525,5.18150638648525,positive,291,291,
C_COMPLEMENT_NB,3,4,187,number,textual,complement_log_weight,5.176638509505967,5.176638509505967,positive,292,292,
C_COMPLEMENT_NB,3,4,267,time,textual,complement_log_weight,5.171382651522709,5.171382651522709,positive,293,293,
C_COMPLEMENT_NB,3,4,261,things,textual,complement_log_weight,5.130740737158589,5.130740737158589,positive,294,294,
C_COMPLEMENT_NB,3,4,33,brain,textual,complement_log_weight,5.0006484610114486,5.0006484610114486,positive,295,295,
C_COMPLEMENT_NB,3,4,135,just,textual,complement_log_weight,4.9701616896494,4.9701616896494,positive,296,296,
C_COMPLEMENT_NB,3,4,250,symptoms,textual,complement_log_weight,4.952275436851511,4.952275436851511,positive,297,297,
C_COMPLEMENT_NB,3,4,195,people,textual,complement_log_weight,4.831779752281384,4.831779752281384,positive,298,298,
C_COMPLEMENT_NB,3,4,149,like,textual,complement_log_weight,4.678607049791896,4.678607049791896,positive,299,299,
C_COMPLEMENT_NB,3,4,8,adhd,textual,complement_log_weight,4.084449500339429,4.084449500339429,positive,300,300,
C_COMPLEMENT_NB,3,4,301,hedge_score,handcrafted_linguistic,complement_log_weight,3.6711763580589634,3.6711763580589634,positive,301,301,
C_COMPLEMENT_NB,3,4,300,certainty_score,handcrafted_linguistic,complement_log_weight,3.537975953534685,3.537975953534685,positive,302,302,
C_COMPLEMENT_NB,3,4,302,likes_within_platform_percentile,engagement_or_format,complement_log_weight,2.8306976919265234,2.8306976919265234,positive,303,303,
C_COMPLEMENT_NB,3,4,304,views_within_platform_percentile,engagement_or_format,complement_log_weight,2.830449617149677,2.830449617149677,positive,304,304,
C_COMPLEMENT_NB,3,4,303,comments_within_platform_percentile,engagement_or_format,complement_log_weight,2.826737034765512,2.826737034765512,positive,305,305,
C_COMPLEMENT_NB,3,4,305,duration_sec_within_platform_percentile,engagement_or_format,complement_log_weight,2.8188049599537415,2.8188049599537415,positive,306,306,
C_COMPLEMENT_NB,4,1,4,activities,textual,complement_log_weight,6.976695124623219,6.976695124623219,positive,1,1,
C_COMPLEMENT_NB,4,1,272,trouble,textual,complement_log_weight,6.9079852909843185,6.9079852909843185,positive,2,2,
C_COMPLEMENT_NB,4,1,182,music,textual,complement_log_weight,6.894751771723916,6.894751771723916,positive,3,3,
C_COMPLEMENT_NB,4,1,217,risk,textual,complement_log_weight,6.782895685982049,6.782895685982049,positive,4,4,
C_COMPLEMENT_NB,4,1,194,parents,textual,complement_log_weight,6.7634424893513865,6.7634424893513865,positive,5,5,
C_COMPLEMENT_NB,4,1,277,um,textual,complement_log_weight,6.745629987046962,6.745629987046962,positive,6,6,
C_COMPLEMENT_NB,4,1,90,family,textual,complement_log_weight,6.728463848796819,6.728463848796819,positive,7,7,
C_COMPLEMENT_NB,4,1,126,hyperfocus,textual,complement_log_weight,6.718463905692009,6.718463905692009,positive,8,8,
C_COMPLEMENT_NB,4,1,75,easily,textual,complement_log_weight,6.716560718573632,6.716560718573632,positive,9,9,
C_COMPLEMENT_NB,4,1,130,inattentive,textual,complement_log_weight,6.713737112595808,6.713737112595808,positive,10,10,
C_COMPLEMENT_NB,4,1,249,studies,textual,complement_log_weight,6.686576578018375,6.686576578018375,positive,11,11,
C_COMPLEMENT_NB,4,1,128,impulsive,textual,complement_log_weight,6.685547467056371,6.685547467056371,positive,12,12,
C_COMPLEMENT_NB,4,1,229,share,textual,complement_log_weight,6.665494792330339,6.665494792330339,positive,13,13,
C_COMPLEMENT_NB,4,1,161,looking,textual,complement_log_weight,6.661080073896679,6.661080073896679,positive,14,14,
C_COMPLEMENT_NB,4,1,231,shows,textual,complement_log_weight,6.653152312378151,6.653152312378151,positive,15,15,
C_COMPLEMENT_NB,4,1,223,seen,textual,complement_log_weight,6.650938377077218,6.650938377077218,positive,16,16,
C_COMPLEMENT_NB,4,1,209,realize,textual,complement_log_weight,6.64352290469955,6.64352290469955,positive,17,17,
C_COMPLEMENT_NB,4,1,39,certain,textual,complement_log_weight,6.636352388806133,6.636352388806133,positive,18,18,
C_COMPLEMENT_NB,4,1,228,seven,textual,complement_log_weight,6.620875076410987,6.620875076410987,positive,19,19,
C_COMPLEMENT_NB,4,1,203,present,textual,complement_log_weight,6.610882219608759,6.610882219608759,positive,20,20,
C_COMPLEMENT_NB,4,1,48,condition,textual,complement_log_weight,6.608715831999031,6.608715831999031,positive,21,21,
C_COMPLEMENT_NB,4,1,286,wait,textual,complement_log_weight,6.603908688087475,6.603908688087475,positive,22,22,
C_COMPLEMENT_NB,4,1,254,sure,textual,complement_log_weight,6.580554196246108,6.580554196246108,positive,23,23,
C_COMPLEMENT_NB,4,1,12,adhd medication,textual,complement_log_weight,6.577140866656057,6.577140866656057,positive,24,24,
C_COMPLEMENT_NB,4,1,45,coming,textual,complement_log_weight,6.571654783378805,6.571654783378805,positive,25,25,
C_COMPLEMENT_NB,4,1,212,regulation,textual,complement_log_weight,6.5701918929200955,6.5701918929200955,positive,26,26,
C_COMPLEMENT_NB,4,1,237,somebody,textual,complement_log_weight,6.5696418821820695,6.5696418821820695,positive,27,27,
C_COMPLEMENT_NB,4,1,164,lots,textual,complement_log_weight,6.563988335819869,6.563988335819869,positive,28,28,
C_COMPLEMENT_NB,4,1,124,hyperactive,textual,complement_log_weight,6.56280453915901,6.56280453915901,positive,29,29,
C_COMPLEMENT_NB,4,1,146,learning,textual,complement_log_weight,6.558250899850061,6.558250899850061,positive,30,30,
C_COMPLEMENT_NB,4,1,129,impulsivity,textual,complement_log_weight,6.553356613518932,6.553356613518932,positive,31,31,
C_COMPLEMENT_NB,4,1,235,small,textual,complement_log_weight,6.552496342685443,6.552496342685443,positive,32,32,
C_COMPLEMENT_NB,4,1,280,used,textual,complement_log_weight,6.549379608683841,6.549379608683841,positive,33,33,
C_COMPLEMENT_NB,4,1,248,struggling,textual,complement_log_weight,6.548943461667158,6.548943461667158,positive,34,34,
C_COMPLEMENT_NB,4,1,220,saying,textual,complement_log_weight,6.546691782796573,6.546691782796573,positive,35,35,
C_COMPLEMENT_NB,4,1,78,effective,textual,complement_log_weight,6.544623733103397,6.544623733103397,positive,36,36,
C_COMPLEMENT_NB,4,1,245,strategies,textual,complement_log_weight,6.541182421536977,6.541182421536977,positive,37,37,
C_COMPLEMENT_NB,4,1,17,affect,textual,complement_log_weight,6.538683167506337,6.538683167506337,positive,38,38,
C_COMPLEMENT_NB,4,1,5,activity,textual,complement_log_weight,6.535065142265588,6.535065142265588,positive,39,39,
C_COMPLEMENT_NB,4,1,65,difficulty,textual,complement_log_weight,6.527518868837477,6.527518868837477,positive,40,40,
C_COMPLEMENT_NB,4,1,239,state,textual,complement_log_weight,6.52492893991349,6.52492893991349,positive,41,41,
C_COMPLEMENT_NB,4,1,107,goes,textual,complement_log_weight,6.518072923282495,6.518072923282495,positive,42,42,
C_COMPLEMENT_NB,4,1,104,functioning,textual,complement_log_weight,6.515422038373508,6.515422038373508,positive,43,43,
C_COMPLEMENT_NB,4,1,64,differently,textual,complement_log_weight,6.512586461476532,6.512586461476532,positive,44,44,
C_COMPLEMENT_NB,4,1,123,hours,textual,complement_log_weight,6.511059108416182,6.511059108416182,positive,45,45,
C_COMPLEMENT_NB,4,1,79,effects,textual,complement_log_weight,6.50965490498152,6.50965490498152,positive,46,46,
C_COMPLEMENT_NB,4,1,193,order,textual,complement_log_weight,6.507315612613754,6.507315612613754,positive,47,47,
C_COMPLEMENT_NB,4,1,156,little bit,textual,complement_log_weight,6.501172645908361,6.501172645908361,positive,48,48,
C_COMPLEMENT_NB,4,1,276,uh,textual,complement_log_weight,6.497499183464378,6.497499183464378,positive,49,49,
C_COMPLEMENT_NB,4,1,148,let talk,textual,complement_log_weight,6.496237195277683,6.496237195277683,positive,50,50,
C_COMPLEMENT_NB,4,1,218,said,textual,complement_log_weight,6.493868426999873,6.493868426999873,positive,51,51,
C_COMPLEMENT_NB,4,1,281,using,textual,complement_log_weight,6.493270329068497,6.493270329068497,positive,52,52,
C_COMPLEMENT_NB,4,1,213,relationships,textual,complement_log_weight,6.492190886863425,6.492190886863425,positive,53,53,
C_COMPLEMENT_NB,4,1,200,phone,textual,complement_log_weight,6.47628599932659,6.47628599932659,positive,54,54,
C_COMPLEMENT_NB,4,1,81,emotions,textual,complement_log_weight,6.471703666205649,6.471703666205649,positive,55,55,
C_COMPLEMENT_NB,4,1,114,harder,textual,complement_log_weight,6.465219774634492,6.465219774634492,positive,56,56,
C_COMPLEMENT_NB,4,1,184,needs,textual,complement_log_weight,6.464536018833215,6.464536018833215,positive,57,57,
C_COMPLEMENT_NB,4,1,246,stress,textual,complement_log_weight,6.46108620386206,6.46108620386206,positive,58,58,
C_COMPLEMENT_NB,4,1,154,literally,textual,complement_log_weight,6.459890087919272,6.459890087919272,positive,59,59,
C_COMPLEMENT_NB,4,1,26,behavior,textual,complement_log_weight,6.459832070863549,6.459832070863549,positive,60,60,
C_COMPLEMENT_NB,4,1,82,end,textual,complement_log_weight,6.456540697479958,6.456540697479958,positive,61,61,
C_COMPLEMENT_NB,4,1,188,norepinephrine,textual,complement_log_weight,6.454972673112435,6.454972673112435,positive,62,62,
C_COMPLEMENT_NB,4,1,20,ask,textual,complement_log_weight,6.452359296306062,6.452359296306062,positive,63,63,
C_COMPLEMENT_NB,4,1,215,research,textual,complement_log_weight,6.451863203310564,6.451863203310564,positive,64,64,
C_COMPLEMENT_NB,4,1,253,support,textual,complement_log_weight,6.451716571517624,6.451716571517624,positive,65,65,
C_COMPLEMENT_NB,4,1,42,children,textual,complement_log_weight,6.446765730534759,6.446765730534759,positive,66,66,
C_COMPLEMENT_NB,4,1,296,wrong,textual,complement_log_weight,6.444792887460082,6.444792887460082,positive,67,67,
C_COMPLEMENT_NB,4,1,170,manage,textual,complement_log_weight,6.4436428149275375,6.4436428149275375,positive,68,68,
C_COMPLEMENT_NB,4,1,105,gets,textual,complement_log_weight,6.44270627427951,6.44270627427951,positive,69,69,
C_COMPLEMENT_NB,4,1,289,ways,textual,complement_log_weight,6.4419676322057855,6.4419676322057855,positive,70,70,
C_COMPLEMENT_NB,4,1,134,interesting,textual,complement_log_weight,6.436831267246686,6.436831267246686,positive,71,71,
C_COMPLEMENT_NB,4,1,18,alcohol,textual,complement_log_weight,6.436192372695651,6.436192372695651,positive,72,72,
C_COMPLEMENT_NB,4,1,1,20,textual,complement_log_weight,6.435933053895512,6.435933053895512,positive,73,73,
C_COMPLEMENT_NB,4,1,251,stuff,textual,complement_log_weight,6.434754838392983,6.434754838392983,positive,74,74,
C_COMPLEMENT_NB,4,1,137,job,textual,complement_log_weight,6.432557575193054,6.432557575193054,positive,75,75,
C_COMPLEMENT_NB,4,1,62,difference,textual,complement_log_weight,6.432248070771506,6.432248070771506,positive,76,76,
C_COMPLEMENT_NB,4,1,132,information,textual,complement_log_weight,6.430180783950479,6.430180783950479,positive,77,77,
C_COMPLEMENT_NB,4,1,227,sensory,textual,complement_log_weight,6.429394863448367,6.429394863448367,positive,78,78,
C_COMPLEMENT_NB,4,1,175,medications,textual,complement_log_weight,6.427739191235171,6.427739191235171,positive,79,79,
C_COMPLEMENT_NB,4,1,49,constant,textual,complement_log_weight,6.42439356108146,6.42439356108146,positive,80,80,
C_COMPLEMENT_NB,4,1,96,finally,textual,complement_log_weight,6.421498206206618,6.421498206206618,positive,81,81,
C_COMPLEMENT_NB,4,1,270,times,textual,complement_log_weight,6.42012650815695,6.42012650815695,positive,82,82,
C_COMPLEMENT_NB,4,1,52,create,textual,complement_log_weight,6.415799648567648,6.415799648567648,positive,83,83,
C_COMPLEMENT_NB,4,1,192,open,textual,complement_log_weight,6.415502297324614,6.415502297324614,positive,84,84,
C_COMPLEMENT_NB,4,1,60,didn,textual,complement_log_weight,6.414411565721757,6.414411565721757,positive,85,85,
C_COMPLEMENT_NB,4,1,149,level,textual,complement_log_weight,6.41295389167588,6.41295389167588,positive,86,86,
C_COMPLEMENT_NB,4,1,102,fucking,textual,complement_log_weight,6.411026320842327,6.411026320842327,positive,87,87,
C_COMPLEMENT_NB,4,1,202,place,textual,complement_log_weight,6.40640532474737,6.40640532474737,positive,88,88,
C_COMPLEMENT_NB,4,1,76,eat,textual,complement_log_weight,6.405163995545523,6.405163995545523,positive,89,89,
C_COMPLEMENT_NB,4,1,236,social,textual,complement_log_weight,6.403404668364661,6.403404668364661,positive,90,90,
C_COMPLEMENT_NB,4,1,27,best,textual,complement_log_weight,6.398682295429866,6.398682295429866,positive,91,91,
C_COMPLEMENT_NB,4,1,15,adhders,textual,complement_log_weight,6.397252090357787,6.397252090357787,positive,92,92,
C_COMPLEMENT_NB,4,1,299,yes,textual,complement_log_weight,6.396648685996321,6.396648685996321,positive,93,93,
C_COMPLEMENT_NB,4,1,46,common,textual,complement_log_weight,6.3933332576290285,6.3933332576290285,positive,94,94,
C_COMPLEMENT_NB,4,1,47,completely,textual,complement_log_weight,6.393329988221047,6.393329988221047,positive,95,95,
C_COMPLEMENT_NB,4,1,23,avoid,textual,complement_log_weight,6.389838549199582,6.389838549199582,positive,96,96,
C_COMPLEMENT_NB,4,1,77,eating,textual,complement_log_weight,6.386682229336216,6.386682229336216,positive,97,97,
C_COMPLEMENT_NB,4,1,111,great,textual,complement_log_weight,6.383873047472276,6.383873047472276,positive,98,98,
C_COMPLEMENT_NB,4,1,85,everybody,textual,complement_log_weight,6.381499594175433,6.381499594175433,positive,99,99,
C_COMPLEMENT_NB,4,1,241,stimulant,textual,complement_log_weight,6.373380766039319,6.373380766039319,positive,100,100,
C_COMPLEMENT_NB,4,1,34,burnout,textual,complement_log_weight,6.371922353516307,6.371922353516307,positive,101,101,
C_COMPLEMENT_NB,4,1,121,higher,textual,complement_log_weight,6.366429000466217,6.366429000466217,positive,102,102,
C_COMPLEMENT_NB,4,1,8,addiction,textual,complement_log_weight,6.362116827584229,6.362116827584229,positive,103,103,
C_COMPLEMENT_NB,4,1,86,example,textual,complement_log_weight,6.358823905754243,6.358823905754243,positive,104,104,
C_COMPLEMENT_NB,4,1,206,problems,textual,complement_log_weight,6.357954341359536,6.357954341359536,positive,105,105,
C_COMPLEMENT_NB,4,1,260,tasks,textual,complement_log_weight,6.3504132343512305,6.3504132343512305,positive,106,106,
C_COMPLEMENT_NB,4,1,74,dysfunction,textual,complement_log_weight,6.3449223407587105,6.3449223407587105,positive,107,107,
C_COMPLEMENT_NB,4,1,68,doctor,textual,complement_log_weight,6.341395608441726,6.341395608441726,positive,108,108,
C_COMPLEMENT_NB,4,1,163,lot people,textual,complement_log_weight,6.3387836351480535,6.3387836351480535,positive,109,109,
C_COMPLEMENT_NB,4,1,37,calm,textual,complement_log_weight,6.336071268325733,6.336071268325733,positive,110,110,
C_COMPLEMENT_NB,4,1,103,function,textual,complement_log_weight,6.33122856816774,6.33122856816774,positive,111,111,
C_COMPLEMENT_NB,4,1,13,adhd people,textual,complement_log_weight,6.328661398550086,6.328661398550086,positive,112,112,
C_COMPLEMENT_NB,4,1,211,reason,textual,complement_log_weight,6.320800750015964,6.320800750015964,positive,113,113,
C_COMPLEMENT_NB,4,1,144,later,textual,complement_log_weight,6.320201622798668,6.320201622798668,positive,114,114,
C_COMPLEMENT_NB,4,1,2,ability,textual,complement_log_weight,6.319710281607152,6.319710281607152,positive,115,115,
C_COMPLEMENT_NB,4,1,242,stimulants,textual,complement_log_weight,6.3196163749197165,6.3196163749197165,positive,116,116,
C_COMPLEMENT_NB,4,1,250,study,textual,complement_log_weight,6.319262432594459,6.319262432594459,positive,117,117,
C_COMPLEMENT_NB,4,1,190,oh,textual,complement_log_weight,6.316530927221661,6.316530927221661,positive,118,118,
C_COMPLEMENT_NB,4,1,243,stimulation,textual,complement_log_weight,6.315329243887927,6.315329243887927,positive,119,119,
C_COMPLEMENT_NB,4,1,54,days,textual,complement_log_weight,6.314544562962998,6.314544562962998,positive,120,120,
C_COMPLEMENT_NB,4,1,267,things like,textual,complement_log_weight,6.313659663522779,6.313659663522779,positive,121,121,
C_COMPLEMENT_NB,4,1,24,away,textual,complement_log_weight,6.310244448061086,6.310244448061086,positive,122,122,
C_COMPLEMENT_NB,4,1,230,short,textual,complement_log_weight,6.307824858577226,6.307824858577226,positive,123,123,
C_COMPLEMENT_NB,4,1,205,problem,textual,complement_log_weight,6.305767456520467,6.305767456520467,positive,124,124,
C_COMPLEMENT_NB,4,1,293,works,textual,complement_log_weight,6.3050401695426626,6.3050401695426626,positive,125,125,
C_COMPLEMENT_NB,4,1,94,feeling,textual,complement_log_weight,6.300118975507086,6.300118975507086,positive,126,126,
C_COMPLEMENT_NB,4,1,29,big,textual,complement_log_weight,6.292585571269665,6.292585571269665,positive,127,127,
C_COMPLEMENT_NB,4,1,98,follow,textual,complement_log_weight,6.291020557160389,6.291020557160389,positive,128,128,
C_COMPLEMENT_NB,4,1,150,levels,textual,complement_log_weight,6.290749476093363,6.290749476093363,positive,129,129,
C_COMPLEMENT_NB,4,1,240,stay,textual,complement_log_weight,6.289655574405176,6.289655574405176,positive,130,130,
C_COMPLEMENT_NB,4,1,67,distracted,textual,complement_log_weight,6.286575818147446,6.286575818147446,positive,131,131,
C_COMPLEMENT_NB,4,1,88,experience,textual,complement_log_weight,6.284536999536484,6.284536999536484,positive,132,132,
C_COMPLEMENT_NB,4,1,25,bad,textual,complement_log_weight,6.284524852501705,6.284524852501705,positive,133,133,
C_COMPLEMENT_NB,4,1,139,kids,textual,complement_log_weight,6.273720832938388,6.273720832938388,positive,134,134,
C_COMPLEMENT_NB,4,1,225,sense,textual,complement_log_weight,6.267581355225759,6.267581355225759,positive,135,135,
C_COMPLEMENT_NB,4,1,145,learn,textual,complement_log_weight,6.265622809701939,6.265622809701939,positive,136,136,
C_COMPLEMENT_NB,4,1,204,probably,textual,complement_log_weight,6.265580793104005,6.265580793104005,positive,137,137,
C_COMPLEMENT_NB,4,1,118,helpful,textual,complement_log_weight,6.264562573645742,6.264562573645742,positive,138,138,
C_COMPLEMENT_NB,4,1,221,school,textual,complement_log_weight,6.2645042804881115,6.2645042804881115,positive,139,139,
C_COMPLEMENT_NB,4,1,176,medicine,textual,complement_log_weight,6.2632016556080305,6.2632016556080305,positive,140,140,
C_COMPLEMENT_NB,4,1,16,adults,textual,complement_log_weight,6.261272860351905,6.261272860351905,positive,141,141,
C_COMPLEMENT_NB,4,1,258,talking,textual,complement_log_weight,6.259363704798863,6.259363704798863,positive,142,142,
C_COMPLEMENT_NB,4,1,196,pay,textual,complement_log_weight,6.2566776350647695,6.2566776350647695,positive,143,143,
C_COMPLEMENT_NB,4,1,22,autism,textual,complement_log_weight,6.256409809966591,6.256409809966591,positive,144,144,
C_COMPLEMENT_NB,4,1,285,video,textual,complement_log_weight,6.255693617483869,6.255693617483869,positive,145,145,
C_COMPLEMENT_NB,4,1,56,depression,textual,complement_log_weight,6.253978095941427,6.253978095941427,positive,146,146,
C_COMPLEMENT_NB,4,1,93,feel like,textual,complement_log_weight,6.252774646005873,6.252774646005873,positive,147,147,
C_COMPLEMENT_NB,4,1,122,highly,textual,complement_log_weight,6.252172494614935,6.252172494614935,positive,148,148,
C_COMPLEMENT_NB,4,1,233,sit,textual,complement_log_weight,6.252144543474284,6.252144543474284,positive,149,149,
C_COMPLEMENT_NB,4,1,294,world,textual,complement_log_weight,6.250284394793063,6.250284394793063,positive,150,150,
C_COMPLEMENT_NB,4,1,116,health,textual,complement_log_weight,6.2486913491227005,6.2486913491227005,positive,151,151,
C_COMPLEMENT_NB,4,1,142,lack,textual,complement_log_weight,6.24862269669692,6.24862269669692,positive,152,152,
C_COMPLEMENT_NB,4,1,195,patients,textual,complement_log_weight,6.248452431739026,6.248452431739026,positive,153,153,
C_COMPLEMENT_NB,4,1,271,told,textual,complement_log_weight,6.2439138439893656,6.2439138439893656,positive,154,154,
C_COMPLEMENT_NB,4,1,159,long term,textual,complement_log_weight,6.243297268312026,6.243297268312026,positive,155,155,
C_COMPLEMENT_NB,4,1,282,usually,textual,complement_log_weight,6.242563071911476,6.242563071911476,positive,156,156,
C_COMPLEMENT_NB,4,1,168,makes,textual,complement_log_weight,6.237175439365823,6.237175439365823,positive,157,157,
C_COMPLEMENT_NB,4,1,178,mental,textual,complement_log_weight,6.2290052914511955,6.2290052914511955,positive,158,158,
C_COMPLEMENT_NB,4,1,275,type,textual,complement_log_weight,6.226287295576837,6.226287295576837,positive,159,159,
C_COMPLEMENT_NB,4,1,171,maybe,textual,complement_log_weight,6.225786604778914,6.225786604778914,positive,160,160,
C_COMPLEMENT_NB,4,1,222,second,textual,complement_log_weight,6.225420435494502,6.225420435494502,positive,161,161,
C_COMPLEMENT_NB,4,1,153,likely,textual,complement_log_weight,6.224391363510842,6.224391363510842,positive,162,162,
C_COMPLEMENT_NB,4,1,181,motivation,textual,complement_log_weight,6.22112237884419,6.22112237884419,positive,163,163,
C_COMPLEMENT_NB,4,1,264,test,textual,complement_log_weight,6.219510123909556,6.219510123909556,positive,164,164,
C_COMPLEMENT_NB,4,1,295,worse,textual,complement_log_weight,6.2171603507247335,6.2171603507247335,positive,165,165,
C_COMPLEMENT_NB,4,1,169,making,textual,complement_log_weight,6.216818980450547,6.216818980450547,positive,166,166,
C_COMPLEMENT_NB,4,1,35,caffeine,textual,complement_log_weight,6.216442237127726,6.216442237127726,positive,167,167,
C_COMPLEMENT_NB,4,1,244,stop,textual,complement_log_weight,6.215379505121122,6.215379505121122,positive,168,168,
C_COMPLEMENT_NB,4,1,38,care,textual,complement_log_weight,6.214321652408759,6.214321652408759,positive,169,169,
C_COMPLEMENT_NB,4,1,208,real,textual,complement_log_weight,6.211080261346242,6.211080261346242,positive,170,170,
C_COMPLEMENT_NB,4,1,201,physical,textual,complement_log_weight,6.21083461078328,6.21083461078328,positive,171,171,
C_COMPLEMENT_NB,4,1,232,signs,textual,complement_log_weight,6.208539793343345,6.208539793343345,positive,172,172,
C_COMPLEMENT_NB,4,1,40,change,textual,complement_log_weight,6.205438290104461,6.205438290104461,positive,173,173,
C_COMPLEMENT_NB,4,1,30,bit,textual,complement_log_weight,6.20456955074459,6.20456955074459,positive,174,174,
C_COMPLEMENT_NB,4,1,55,deficit,textual,complement_log_weight,6.203304129748093,6.203304129748093,positive,175,175,
C_COMPLEMENT_NB,4,1,131,increase,textual,complement_log_weight,6.201941473340481,6.201941473340481,positive,176,176,
C_COMPLEMENT_NB,4,1,226,sensitive,textual,complement_log_weight,6.197978857248926,6.197978857248926,positive,177,177,
C_COMPLEMENT_NB,4,1,112,happens,textual,complement_log_weight,6.193344791312377,6.193344791312377,positive,178,178,
C_COMPLEMENT_NB,4,1,278,understand,textual,complement_log_weight,6.193054503221269,6.193054503221269,positive,179,179,
C_COMPLEMENT_NB,4,1,292,working,textual,complement_log_weight,6.185098872158471,6.185098872158471,positive,180,180,
C_COMPLEMENT_NB,4,1,135,isn,textual,complement_log_weight,6.183380517427686,6.183380517427686,positive,181,181,
C_COMPLEMENT_NB,4,1,51,control,textual,complement_log_weight,6.180394741205635,6.180394741205635,positive,182,182,
C_COMPLEMENT_NB,4,1,191,okay,textual,complement_log_weight,6.179506527947943,6.179506527947943,positive,183,183,
C_COMPLEMENT_NB,4,1,99,food,textual,complement_log_weight,6.179163342131968,6.179163342131968,positive,184,184,
C_COMPLEMENT_NB,4,1,14,adhd symptoms,textual,complement_log_weight,6.1768372139289065,6.1768372139289065,positive,185,185,
C_COMPLEMENT_NB,4,1,180,minutes,textual,complement_log_weight,6.174517987738393,6.174517987738393,positive,186,186,
C_COMPLEMENT_NB,4,1,89,fact,textual,complement_log_weight,6.173373102994251,6.173373102994251,positive,187,187,
C_COMPLEMENT_NB,4,1,115,having,textual,complement_log_weight,6.171310272873318,6.171310272873318,positive,188,188,
C_COMPLEMENT_NB,4,1,214,remember,textual,complement_log_weight,6.168723559555978,6.168723559555978,positive,189,189,
C_COMPLEMENT_NB,4,1,101,forget,textual,complement_log_weight,6.163267173134374,6.163267173134374,positive,190,190,
C_COMPLEMENT_NB,4,1,133,instead,textual,complement_log_weight,6.163264689093909,6.163264689093909,positive,191,191,
C_COMPLEMENT_NB,4,1,58,diagnosis,textual,complement_log_weight,6.145783207171323,6.145783207171323,positive,192,192,
C_COMPLEMENT_NB,4,1,256,taking,textual,complement_log_weight,6.132032927034119,6.132032927034119,positive,193,193,
C_COMPLEMENT_NB,4,1,61,diet,textual,complement_log_weight,6.1314038724743885,6.1314038724743885,positive,194,194,
C_COMPLEMENT_NB,4,1,91,fast,textual,complement_log_weight,6.130992700329455,6.130992700329455,positive,195,195,
C_COMPLEMENT_NB,4,1,3,able,textual,complement_log_weight,6.125280818164184,6.125280818164184,positive,196,196,
C_COMPLEMENT_NB,4,1,43,come,textual,complement_log_weight,6.125187234239552,6.125187234239552,positive,197,197,
C_COMPLEMENT_NB,4,1,297,yeah,textual,complement_log_weight,6.119961149497967,6.119961149497967,positive,198,198,
C_COMPLEMENT_NB,4,1,172,mean,textual,complement_log_weight,6.1173950214702675,6.1173950214702675,positive,199,199,
C_COMPLEMENT_NB,4,1,19,anxiety,textual,complement_log_weight,6.117236338731864,6.117236338731864,positive,200,200,
C_COMPLEMENT_NB,4,1,166,low,textual,complement_log_weight,6.116624623642153,6.116624623642153,positive,201,201,
C_COMPLEMENT_NB,4,1,185,nervous,textual,complement_log_weight,6.108061969722366,6.108061969722366,positive,202,202,
C_COMPLEMENT_NB,4,1,284,ve got,textual,complement_log_weight,6.105146631871503,6.105146631871503,positive,203,203,
C_COMPLEMENT_NB,4,1,224,self,textual,complement_log_weight,6.100350794863262,6.100350794863262,positive,204,204,
C_COMPLEMENT_NB,4,1,50,constantly,textual,complement_log_weight,6.091979238143774,6.091979238143774,positive,205,205,
C_COMPLEMENT_NB,4,1,11,adhd brains,textual,complement_log_weight,6.088458223884628,6.088458223884628,positive,206,206,
C_COMPLEMENT_NB,4,1,59,did,textual,complement_log_weight,6.083778642739638,6.083778642739638,positive,207,207,
C_COMPLEMENT_NB,4,1,36,called,textual,complement_log_weight,6.081278490400077,6.081278490400077,positive,208,208,
C_COMPLEMENT_NB,4,1,100,foods,textual,complement_log_weight,6.077618979444974,6.077618979444974,positive,209,209,
C_COMPLEMENT_NB,4,1,263,term,textual,complement_log_weight,6.076126106254864,6.076126106254864,positive,210,210,
C_COMPLEMENT_NB,4,1,186,neurotypical,textual,complement_log_weight,6.067864926783439,6.067864926783439,positive,211,211,
C_COMPLEMENT_NB,4,1,57,diagnosed,textual,complement_log_weight,6.065337102826472,6.065337102826472,positive,212,212,
C_COMPLEMENT_NB,4,1,95,feels,textual,complement_log_weight,6.056212002104853,6.056212002104853,positive,213,213,
C_COMPLEMENT_NB,4,1,83,energy,textual,complement_log_weight,6.047584358209982,6.047584358209982,positive,214,214,
C_COMPLEMENT_NB,4,1,207,protein,textual,complement_log_weight,6.045406634592437,6.045406634592437,positive,215,215,
C_COMPLEMENT_NB,4,1,274,trying,textual,complement_log_weight,6.034320006029351,6.034320006029351,positive,216,216,
C_COMPLEMENT_NB,4,1,155,little,textual,complement_log_weight,6.034145138585718,6.034145138585718,positive,217,217,
C_COMPLEMENT_NB,4,1,298,years,textual,complement_log_weight,6.030533046193881,6.030533046193881,positive,218,218,
C_COMPLEMENT_NB,4,1,44,comes,textual,complement_log_weight,6.024268624579299,6.024268624579299,positive,219,219,
C_COMPLEMENT_NB,4,1,158,long,textual,complement_log_weight,6.019480931439852,6.019480931439852,positive,220,220,
C_COMPLEMENT_NB,4,1,87,executive,textual,complement_log_weight,6.018949994200797,6.018949994200797,positive,221,221,
C_COMPLEMENT_NB,4,1,173,means,textual,complement_log_weight,6.018277804504348,6.018277804504348,positive,222,222,
C_COMPLEMENT_NB,4,1,80,emotional,textual,complement_log_weight,6.014979210907263,6.014979210907263,positive,223,223,
C_COMPLEMENT_NB,4,1,125,hyperactivity,textual,complement_log_weight,6.00640081416808,6.00640081416808,positive,224,224,
C_COMPLEMENT_NB,4,1,140,kind,textual,complement_log_weight,6.000717754571922,6.000717754571922,positive,225,225,
C_COMPLEMENT_NB,4,1,28,better,textual,complement_log_weight,6.000005421521685,6.000005421521685,positive,226,226,
C_COMPLEMENT_NB,4,1,187,new,textual,complement_log_weight,5.996434749850171,5.996434749850171,positive,227,227,
C_COMPLEMENT_NB,4,1,10,adhd brain,textual,complement_log_weight,5.994928997853015,5.994928997853015,positive,228,228,
C_COMPLEMENT_NB,4,1,290,women,textual,complement_log_weight,5.993247742205263,5.993247742205263,positive,229,229,
C_COMPLEMENT_NB,4,1,136,issues,textual,complement_log_weight,5.9924492396233155,5.9924492396233155,positive,230,230,
C_COMPLEMENT_NB,4,1,71,doing,textual,complement_log_weight,5.98651318461212,5.98651318461212,positive,231,231,
C_COMPLEMENT_NB,4,1,119,helps,textual,complement_log_weight,5.98413405932975,5.98413405932975,positive,232,232,
C_COMPLEMENT_NB,4,1,113,hard,textual,complement_log_weight,5.9836599174066105,5.9836599174066105,positive,233,233,
C_COMPLEMENT_NB,4,1,66,disorder,textual,complement_log_weight,5.983074179472097,5.983074179472097,positive,234,234,
C_COMPLEMENT_NB,4,1,143,late,textual,complement_log_weight,5.974161202341941,5.974161202341941,positive,235,235,
C_COMPLEMENT_NB,4,1,84,especially,textual,complement_log_weight,5.971953841229811,5.971953841229811,positive,236,236,
C_COMPLEMENT_NB,4,1,31,body,textual,complement_log_weight,5.966909341622239,5.966909341622239,positive,237,237,
C_COMPLEMENT_NB,4,1,177,memory,textual,complement_log_weight,5.962790668618106,5.962790668618106,positive,238,238,
C_COMPLEMENT_NB,4,1,7,add,textual,complement_log_weight,5.961012070522214,5.961012070522214,positive,239,239,
C_COMPLEMENT_NB,4,1,0,10,textual,complement_log_weight,5.959473476013351,5.959473476013351,positive,240,240,
C_COMPLEMENT_NB,4,1,179,mind,textual,complement_log_weight,5.949276688957686,5.949276688957686,positive,241,241,
C_COMPLEMENT_NB,4,1,261,tell,textual,complement_log_weight,5.939950847001324,5.939950847001324,positive,242,242,
C_COMPLEMENT_NB,4,1,273,try,textual,complement_log_weight,5.930863671153038,5.930863671153038,positive,243,243,
C_COMPLEMENT_NB,4,1,259,task,textual,complement_log_weight,5.920828136503831,5.920828136503831,positive,244,244,
C_COMPLEMENT_NB,4,1,247,struggle,textual,complement_log_weight,5.909364994620103,5.909364994620103,positive,245,245,
C_COMPLEMENT_NB,4,1,165,love,textual,complement_log_weight,5.894121876231413,5.894121876231413,positive,246,246,
C_COMPLEMENT_NB,4,1,70,doesn,textual,complement_log_weight,5.8862547353198424,5.8862547353198424,positive,247,247,
C_COMPLEMENT_NB,4,1,257,talk,textual,complement_log_weight,5.8861353922441,5.8861353922441,positive,248,248,
C_COMPLEMENT_NB,4,1,147,let,textual,complement_log_weight,5.880329758783836,5.880329758783836,positive,249,249,
C_COMPLEMENT_NB,4,1,127,important,textual,complement_log_weight,5.8505598164907004,5.8505598164907004,positive,250,250,
C_COMPLEMENT_NB,4,1,252,sugar,textual,complement_log_weight,5.822150244811126,5.822150244811126,positive,251,251,
C_COMPLEMENT_NB,4,1,234,sleep,textual,complement_log_weight,5.820871106202378,5.820871106202378,positive,252,252,
C_COMPLEMENT_NB,4,1,110,got,textual,complement_log_weight,5.807575243976133,5.807575243976133,positive,253,253,
C_COMPLEMENT_NB,4,1,279,use,textual,complement_log_weight,5.799940204623436,5.799940204623436,positive,254,254,
C_COMPLEMENT_NB,4,1,120,high,textual,complement_log_weight,5.799178594146959,5.799178594146959,positive,255,255,
C_COMPLEMENT_NB,4,1,262,tend,textual,complement_log_weight,5.780224927576451,5.780224927576451,positive,256,256,
C_COMPLEMENT_NB,4,1,69,does,textual,complement_log_weight,5.75792695947896,5.75792695947896,positive,257,257,
C_COMPLEMENT_NB,4,1,106,getting,textual,complement_log_weight,5.752514753810551,5.752514753810551,positive,258,258,
C_COMPLEMENT_NB,4,1,41,child,textual,complement_log_weight,5.722451431210992,5.722451431210992,positive,259,259,
C_COMPLEMENT_NB,4,1,160,look,textual,complement_log_weight,5.721755147666297,5.721755147666297,positive,260,260,
C_COMPLEMENT_NB,4,1,33,brains,textual,complement_log_weight,5.719726176389217,5.719726176389217,positive,261,261,
C_COMPLEMENT_NB,4,1,268,think,textual,complement_log_weight,5.698497572996019,5.698497572996019,positive,262,262,
C_COMPLEMENT_NB,4,1,63,different,textual,complement_log_weight,5.672672256381644,5.672672256381644,positive,263,263,
C_COMPLEMENT_NB,4,1,238,start,textual,complement_log_weight,5.669183917897234,5.669183917897234,positive,264,264,
C_COMPLEMENT_NB,4,1,219,say,textual,complement_log_weight,5.666258123457349,5.666258123457349,positive,265,265,
C_COMPLEMENT_NB,4,1,167,make,textual,complement_log_weight,5.653173626302042,5.653173626302042,positive,266,266,
C_COMPLEMENT_NB,4,1,174,medication,textual,complement_log_weight,5.648818073307442,5.648818073307442,positive,267,267,
C_COMPLEMENT_NB,4,1,109,good,textual,complement_log_weight,5.607352077152902,5.607352077152902,positive,268,268,
C_COMPLEMENT_NB,4,1,199,person,textual,complement_log_weight,5.577169765377416,5.577169765377416,positive,269,269,
C_COMPLEMENT_NB,4,1,151,life,textual,complement_log_weight,5.571223220234554,5.571223220234554,positive,270,270,
C_COMPLEMENT_NB,4,1,216,right,textual,complement_log_weight,5.551955643678011,5.551955643678011,positive,271,271,
C_COMPLEMENT_NB,4,1,255,symptoms,textual,complement_log_weight,5.551596149422375,5.551596149422375,positive,272,272,
C_COMPLEMENT_NB,4,1,288,way,textual,complement_log_weight,5.503372182493204,5.503372182493204,positive,273,273,
C_COMPLEMENT_NB,4,1,291,work,textual,complement_log_weight,5.5023133170955525,5.5023133170955525,positive,274,274,
C_COMPLEMENT_NB,4,1,157,ll,textual,complement_log_weight,5.477489744158997,5.477489744158997,positive,275,275,
C_COMPLEMENT_NB,4,1,21,attention,textual,complement_log_weight,5.462863034238578,5.462863034238578,positive,276,276,
C_COMPLEMENT_NB,4,1,265,thing,textual,complement_log_weight,5.449670020663148,5.449670020663148,positive,277,277,
C_COMPLEMENT_NB,4,1,287,want,textual,complement_log_weight,5.4089235320636595,5.4089235320636595,positive,278,278,
C_COMPLEMENT_NB,4,1,117,help,textual,complement_log_weight,5.396493690779291,5.396493690779291,positive,279,279,
C_COMPLEMENT_NB,4,1,198,people adhd,textual,complement_log_weight,5.3963506036442555,5.3963506036442555,positive,280,280,
C_COMPLEMENT_NB,4,1,92,feel,textual,complement_log_weight,5.390081417984784,5.390081417984784,positive,281,281,
C_COMPLEMENT_NB,4,1,97,focus,textual,complement_log_weight,5.387053403766191,5.387053403766191,positive,282,282,
C_COMPLEMENT_NB,4,1,53,day,textual,complement_log_weight,5.384833797740923,5.384833797740923,positive,283,283,
C_COMPLEMENT_NB,4,1,162,lot,textual,complement_log_weight,5.384025890028076,5.384025890028076,positive,284,284,
C_COMPLEMENT_NB,4,1,283,ve,textual,complement_log_weight,5.379344543374498,5.379344543374498,positive,285,285,
C_COMPLEMENT_NB,4,1,210,really,textual,complement_log_weight,5.307225126438481,5.307225126438481,positive,286,286,
C_COMPLEMENT_NB,4,1,183,need,textual,complement_log_weight,5.283854485210233,5.283854485210233,positive,287,287,
C_COMPLEMENT_NB,4,1,6,actually,textual,complement_log_weight,5.2464879945279845,5.2464879945279845,positive,288,288,
C_COMPLEMENT_NB,4,1,269,time,textual,complement_log_weight,5.223613352462591,5.223613352462591,positive,289,289,
C_COMPLEMENT_NB,4,1,141,know,textual,complement_log_weight,5.199912816334714,5.199912816334714,positive,290,290,
C_COMPLEMENT_NB,4,1,266,things,textual,complement_log_weight,5.161545291329,5.161545291329,positive,291,291,
C_COMPLEMENT_NB,4,1,108,going,textual,complement_log_weight,5.132204659552797,5.132204659552797,positive,292,292,
C_COMPLEMENT_NB,4,1,73,dopamine,textual,complement_log_weight,5.12239034221244,5.12239034221244,positive,293,293,
C_COMPLEMENT_NB,4,1,72,don,textual,complement_log_weight,5.0609026507494805,5.0609026507494805,positive,294,294,
C_COMPLEMENT_NB,4,1,189,number,textual,complement_log_weight,4.992531468106267,4.992531468106267,positive,295,295,
C_COMPLEMENT_NB,4,1,138,just,textual,complement_log_weight,4.902747644254989,4.902747644254989,positive,296,296,
C_COMPLEMENT_NB,4,1,197,people,textual,complement_log_weight,4.740155193249486,4.740155193249486,positive,297,297,
C_COMPLEMENT_NB,4,1,32,brain,textual,complement_log_weight,4.734709298749421,4.734709298749421,positive,298,298,
C_COMPLEMENT_NB,4,1,152,like,textual,complement_log_weight,4.613664148519543,4.613664148519543,positive,299,299,
C_COMPLEMENT_NB,4,1,9,adhd,textual,complement_log_weight,4.147976099500691,4.147976099500691,positive,300,300,
C_COMPLEMENT_NB,4,1,301,hedge_score,handcrafted_linguistic,complement_log_weight,3.7892880867657746,3.7892880867657746,positive,301,301,
C_COMPLEMENT_NB,4,1,300,certainty_score,handcrafted_linguistic,complement_log_weight,3.635352251633916,3.635352251633916,positive,302,302,
C_COMPLEMENT_NB,4,1,305,duration_sec_within_platform_percentile,engagement_or_format,complement_log_weight,2.81301895915445,2.81301895915445,positive,303,303,
C_COMPLEMENT_NB,4,1,304,views_within_platform_percentile,engagement_or_format,complement_log_weight,2.7836561540659113,2.7836561540659113,positive,304,304,
C_COMPLEMENT_NB,4,1,303,comments_within_platform_percentile,engagement_or_format,complement_log_weight,2.7784823666267795,2.7784823666267795,positive,305,305,
C_COMPLEMENT_NB,4,1,302,likes_within_platform_percentile,engagement_or_format,complement_log_weight,2.7758522875901726,2.7758522875901726,positive,306,306,
C_COMPLEMENT_NB,4,2,156,little bit,textual,complement_log_weight,6.723336771711414,6.723336771711414,positive,1,1,
C_COMPLEMENT_NB,4,2,194,parents,textual,complement_log_weight,6.672787144047129,6.672787144047129,positive,2,2,
C_COMPLEMENT_NB,4,2,229,share,textual,complement_log_weight,6.671812961028101,6.671812961028101,positive,3,3,
C_COMPLEMENT_NB,4,2,223,seen,textual,complement_log_weight,6.667888525381653,6.667888525381653,positive,4,4,
C_COMPLEMENT_NB,4,2,148,let talk,textual,complement_log_weight,6.657812148923093,6.657812148923093,positive,5,5,
C_COMPLEMENT_NB,4,2,146,learning,textual,complement_log_weight,6.656771340357527,6.656771340357527,positive,6,6,
C_COMPLEMENT_NB,4,2,286,wait,textual,complement_log_weight,6.651604038985608,6.651604038985608,positive,7,7,
C_COMPLEMENT_NB,4,2,54,days,textual,complement_log_weight,6.64907673680337,6.64907673680337,positive,8,8,
C_COMPLEMENT_NB,4,2,195,patients,textual,complement_log_weight,6.646741302620687,6.646741302620687,positive,9,9,
C_COMPLEMENT_NB,4,2,192,open,textual,complement_log_weight,6.636938262964838,6.636938262964838,positive,10,10,
C_COMPLEMENT_NB,4,2,193,order,textual,complement_log_weight,6.633491813197175,6.633491813197175,positive,11,11,
C_COMPLEMENT_NB,4,2,228,seven,textual,complement_log_weight,6.630699858257735,6.630699858257735,positive,12,12,
C_COMPLEMENT_NB,4,2,39,certain,textual,complement_log_weight,6.629678821836883,6.629678821836883,positive,13,13,
C_COMPLEMENT_NB,4,2,203,present,textual,complement_log_weight,6.625617178850058,6.625617178850058,positive,14,14,
C_COMPLEMENT_NB,4,2,227,sensory,textual,complement_log_weight,6.622455747159573,6.622455747159573,positive,15,15,
C_COMPLEMENT_NB,4,2,61,diet,textual,complement_log_weight,6.620896070563343,6.620896070563343,positive,16,16,
C_COMPLEMENT_NB,4,2,68,doctor,textual,complement_log_weight,6.602228771633607,6.602228771633607,positive,17,17,
C_COMPLEMENT_NB,4,2,170,manage,textual,complement_log_weight,6.599745617899421,6.599745617899421,positive,18,18,
C_COMPLEMENT_NB,4,2,164,lots,textual,complement_log_weight,6.5971192153339135,6.5971192153339135,positive,19,19,
C_COMPLEMENT_NB,4,2,209,realize,textual,complement_log_weight,6.593324741266286,6.593324741266286,positive,20,20,
C_COMPLEMENT_NB,4,2,248,struggling,textual,complement_log_weight,6.587268351957537,6.587268351957537,positive,21,21,
C_COMPLEMENT_NB,4,2,237,somebody,textual,complement_log_weight,6.584917220207281,6.584917220207281,positive,22,22,
C_COMPLEMENT_NB,4,2,78,effective,textual,complement_log_weight,6.579487787308421,6.579487787308421,positive,23,23,
C_COMPLEMENT_NB,4,2,184,needs,textual,complement_log_weight,6.577508520930939,6.577508520930939,positive,24,24,
C_COMPLEMENT_NB,4,2,276,uh,textual,complement_log_weight,6.576813781559592,6.576813781559592,positive,25,25,
C_COMPLEMENT_NB,4,2,107,goes,textual,complement_log_weight,6.5716599117921755,6.5716599117921755,positive,26,26,
C_COMPLEMENT_NB,4,2,132,information,textual,complement_log_weight,6.568021396213638,6.568021396213638,positive,27,27,
C_COMPLEMENT_NB,4,2,188,norepinephrine,textual,complement_log_weight,6.563656224417547,6.563656224417547,positive,28,28,
C_COMPLEMENT_NB,4,2,131,increase,textual,complement_log_weight,6.5536913109401596,6.5536913109401596,positive,29,29,
C_COMPLEMENT_NB,4,2,5,activity,textual,complement_log_weight,6.544046853805594,6.544046853805594,positive,30,30,
C_COMPLEMENT_NB,4,2,231,shows,textual,complement_log_weight,6.542780603188855,6.542780603188855,positive,31,31,
C_COMPLEMENT_NB,4,2,22,autism,textual,complement_log_weight,6.536798855103239,6.536798855103239,positive,32,32,
C_COMPLEMENT_NB,4,2,111,great,textual,complement_log_weight,6.53612217373793,6.53612217373793,positive,33,33,
C_COMPLEMENT_NB,4,2,249,studies,textual,complement_log_weight,6.535853109826263,6.535853109826263,positive,34,34,
C_COMPLEMENT_NB,4,2,4,activities,textual,complement_log_weight,6.52887958952378,6.52887958952378,positive,35,35,
C_COMPLEMENT_NB,4,2,239,state,textual,complement_log_weight,6.52551508189758,6.52551508189758,positive,36,36,
C_COMPLEMENT_NB,4,2,233,sit,textual,complement_log_weight,6.52110094370176,6.52110094370176,positive,37,37,
C_COMPLEMENT_NB,4,2,13,adhd people,textual,complement_log_weight,6.5210799715125525,6.5210799715125525,positive,38,38,
C_COMPLEMENT_NB,4,2,102,fucking,textual,complement_log_weight,6.5197098721474385,6.5197098721474385,positive,39,39,
C_COMPLEMENT_NB,4,2,280,used,textual,complement_log_weight,6.511408183085165,6.511408183085165,positive,40,40,
C_COMPLEMENT_NB,4,2,282,usually,textual,complement_log_weight,6.511188201938235,6.511188201938235,positive,41,41,
C_COMPLEMENT_NB,4,2,96,finally,textual,complement_log_weight,6.509972033475876,6.509972033475876,positive,42,42,
C_COMPLEMENT_NB,4,2,202,place,textual,complement_log_weight,6.509854517958959,6.509854517958959,positive,43,43,
C_COMPLEMENT_NB,4,2,8,addiction,textual,complement_log_weight,6.508193892267772,6.508193892267772,positive,44,44,
C_COMPLEMENT_NB,4,2,235,small,textual,complement_log_weight,6.507704231475709,6.507704231475709,positive,45,45,
C_COMPLEMENT_NB,4,2,251,stuff,textual,complement_log_weight,6.505779702570552,6.505779702570552,positive,46,46,
C_COMPLEMENT_NB,4,2,240,stay,textual,complement_log_weight,6.5054536684353605,6.5054536684353605,positive,47,47,
C_COMPLEMENT_NB,4,2,126,hyperfocus,textual,complement_log_weight,6.505250462295425,6.505250462295425,positive,48,48,
C_COMPLEMENT_NB,4,2,218,said,textual,complement_log_weight,6.505047790949676,6.505047790949676,positive,49,49,
C_COMPLEMENT_NB,4,2,38,care,textual,complement_log_weight,6.503104340835825,6.503104340835825,positive,50,50,
C_COMPLEMENT_NB,4,2,94,feeling,textual,complement_log_weight,6.501051576366695,6.501051576366695,positive,51,51,
C_COMPLEMENT_NB,4,2,277,um,textual,complement_log_weight,6.500481632513747,6.500481632513747,positive,52,52,
C_COMPLEMENT_NB,4,2,48,condition,textual,complement_log_weight,6.498473517890794,6.498473517890794,positive,53,53,
C_COMPLEMENT_NB,4,2,236,social,textual,complement_log_weight,6.498008437080845,6.498008437080845,positive,54,54,
C_COMPLEMENT_NB,4,2,12,adhd medication,textual,complement_log_weight,6.497883207007688,6.497883207007688,positive,55,55,
C_COMPLEMENT_NB,4,2,154,literally,textual,complement_log_weight,6.4969063397510105,6.4969063397510105,positive,56,56,
C_COMPLEMENT_NB,4,2,104,functioning,textual,complement_log_weight,6.496803406670614,6.496803406670614,positive,57,57,
C_COMPLEMENT_NB,4,2,90,family,textual,complement_log_weight,6.494923512913638,6.494923512913638,positive,58,58,
C_COMPLEMENT_NB,4,2,211,reason,textual,complement_log_weight,6.494863088286203,6.494863088286203,positive,59,59,
C_COMPLEMENT_NB,4,2,181,motivation,textual,complement_log_weight,6.494070672688144,6.494070672688144,positive,60,60,
C_COMPLEMENT_NB,4,2,24,away,textual,complement_log_weight,6.486483601615748,6.486483601615748,positive,61,61,
C_COMPLEMENT_NB,4,2,289,ways,textual,complement_log_weight,6.4797890661036694,6.4797890661036694,positive,62,62,
C_COMPLEMENT_NB,4,2,123,hours,textual,complement_log_weight,6.4758605686066755,6.4758605686066755,positive,63,63,
C_COMPLEMENT_NB,4,2,77,eating,textual,complement_log_weight,6.475437488945333,6.475437488945333,positive,64,64,
C_COMPLEMENT_NB,4,2,105,gets,textual,complement_log_weight,6.47511638769489,6.47511638769489,positive,65,65,
C_COMPLEMENT_NB,4,2,137,job,textual,complement_log_weight,6.474800481900123,6.474800481900123,positive,66,66,
C_COMPLEMENT_NB,4,2,20,ask,textual,complement_log_weight,6.474651562411765,6.474651562411765,positive,67,67,
C_COMPLEMENT_NB,4,2,18,alcohol,textual,complement_log_weight,6.473443682057877,6.473443682057877,positive,68,68,
C_COMPLEMENT_NB,4,2,271,told,textual,complement_log_weight,6.472553196713117,6.472553196713117,positive,69,69,
C_COMPLEMENT_NB,4,2,45,coming,textual,complement_log_weight,6.471034553969326,6.471034553969326,positive,70,70,
C_COMPLEMENT_NB,4,2,64,differently,textual,complement_log_weight,6.470182082669569,6.470182082669569,positive,71,71,
C_COMPLEMENT_NB,4,2,161,looking,textual,complement_log_weight,6.4674134950047515,6.4674134950047515,positive,72,72,
C_COMPLEMENT_NB,4,2,124,hyperactive,textual,complement_log_weight,6.4658044360045945,6.4658044360045945,positive,73,73,
C_COMPLEMENT_NB,4,2,264,test,textual,complement_log_weight,6.4655063674999385,6.4655063674999385,positive,74,74,
C_COMPLEMENT_NB,4,2,100,foods,textual,complement_log_weight,6.46545231712888,6.46545231712888,positive,75,75,
C_COMPLEMENT_NB,4,2,220,saying,textual,complement_log_weight,6.4608699504426985,6.4608699504426985,positive,76,76,
C_COMPLEMENT_NB,4,2,200,phone,textual,complement_log_weight,6.460719689791719,6.460719689791719,positive,77,77,
C_COMPLEMENT_NB,4,2,15,adhders,textual,complement_log_weight,6.4602952190636955,6.4602952190636955,positive,78,78,
C_COMPLEMENT_NB,4,2,254,sure,textual,complement_log_weight,6.459688777737129,6.459688777737129,positive,79,79,
C_COMPLEMENT_NB,4,2,150,levels,textual,complement_log_weight,6.459194311442653,6.459194311442653,positive,80,80,
C_COMPLEMENT_NB,4,2,47,completely,textual,complement_log_weight,6.459126273073951,6.459126273073951,positive,81,81,
C_COMPLEMENT_NB,4,2,76,eat,textual,complement_log_weight,6.455696840771922,6.455696840771922,positive,82,82,
C_COMPLEMENT_NB,4,2,217,risk,textual,complement_log_weight,6.455102197190192,6.455102197190192,positive,83,83,
C_COMPLEMENT_NB,4,2,75,easily,textual,complement_log_weight,6.454637849935317,6.454637849935317,positive,84,84,
C_COMPLEMENT_NB,4,2,74,dysfunction,textual,complement_log_weight,6.453262571253467,6.453262571253467,positive,85,85,
C_COMPLEMENT_NB,4,2,79,effects,textual,complement_log_weight,6.452227851855887,6.452227851855887,positive,86,86,
C_COMPLEMENT_NB,4,2,37,calm,textual,complement_log_weight,6.451793605030955,6.451793605030955,positive,87,87,
C_COMPLEMENT_NB,4,2,159,long term,textual,complement_log_weight,6.444724624441356,6.444724624441356,positive,88,88,
C_COMPLEMENT_NB,4,2,23,avoid,textual,complement_log_weight,6.437075315274032,6.437075315274032,positive,89,89,
C_COMPLEMENT_NB,4,2,130,inattentive,textual,complement_log_weight,6.4276974214119935,6.4276974214119935,positive,90,90,
C_COMPLEMENT_NB,4,2,176,medicine,textual,complement_log_weight,6.425653377703416,6.425653377703416,positive,91,91,
C_COMPLEMENT_NB,4,2,122,highly,textual,complement_log_weight,6.424566843057312,6.424566843057312,positive,92,92,
C_COMPLEMENT_NB,4,2,49,constant,textual,complement_log_weight,6.418272456163716,6.418272456163716,positive,93,93,
C_COMPLEMENT_NB,4,2,134,interesting,textual,complement_log_weight,6.41547531799147,6.41547531799147,positive,94,94,
C_COMPLEMENT_NB,4,2,213,relationships,textual,complement_log_weight,6.415069988472039,6.415069988472039,positive,95,95,
C_COMPLEMENT_NB,4,2,60,didn,textual,complement_log_weight,6.4130686446944605,6.4130686446944605,positive,96,96,
C_COMPLEMENT_NB,4,2,17,affect,textual,complement_log_weight,6.412349551685797,6.412349551685797,positive,97,97,
C_COMPLEMENT_NB,4,2,242,stimulants,textual,complement_log_weight,6.4123070483815345,6.4123070483815345,positive,98,98,
C_COMPLEMENT_NB,4,2,275,type,textual,complement_log_weight,6.411059815753498,6.411059815753498,positive,99,99,
C_COMPLEMENT_NB,4,2,25,bad,textual,complement_log_weight,6.410641069920708,6.410641069920708,positive,100,100,
C_COMPLEMENT_NB,4,2,163,lot people,textual,complement_log_weight,6.410637964670483,6.410637964670483,positive,101,101,
C_COMPLEMENT_NB,4,2,142,lack,textual,complement_log_weight,6.407384355103414,6.407384355103414,positive,102,102,
C_COMPLEMENT_NB,4,2,201,physical,textual,complement_log_weight,6.406137418443497,6.406137418443497,positive,103,103,
C_COMPLEMENT_NB,4,2,243,stimulation,textual,complement_log_weight,6.40412216864246,6.40412216864246,positive,104,104,
C_COMPLEMENT_NB,4,2,128,impulsive,textual,complement_log_weight,6.402669883028576,6.402669883028576,positive,105,105,
C_COMPLEMENT_NB,4,2,245,strategies,textual,complement_log_weight,6.400867830379956,6.400867830379956,positive,106,106,
C_COMPLEMENT_NB,4,2,225,sense,textual,complement_log_weight,6.388704799864992,6.388704799864992,positive,107,107,
C_COMPLEMENT_NB,4,2,30,bit,textual,complement_log_weight,6.3881401492943075,6.3881401492943075,positive,108,108,
C_COMPLEMENT_NB,4,2,52,create,textual,complement_log_weight,6.384959599876177,6.384959599876177,positive,109,109,
C_COMPLEMENT_NB,4,2,296,wrong,textual,complement_log_weight,6.384359736721634,6.384359736721634,positive,110,110,
C_COMPLEMENT_NB,4,2,230,short,textual,complement_log_weight,6.380110805550478,6.380110805550478,positive,111,111,
C_COMPLEMENT_NB,4,2,178,mental,textual,complement_log_weight,6.376868643493022,6.376868643493022,positive,112,112,
C_COMPLEMENT_NB,4,2,86,example,textual,complement_log_weight,6.375871338406424,6.375871338406424,positive,113,113,
C_COMPLEMENT_NB,4,2,1,20,textual,complement_log_weight,6.372677012427192,6.372677012427192,positive,114,114,
C_COMPLEMENT_NB,4,2,267,things like,textual,complement_log_weight,6.37247138800503,6.37247138800503,positive,115,115,
C_COMPLEMENT_NB,4,2,26,behavior,textual,complement_log_weight,6.369661582412012,6.369661582412012,positive,116,116,
C_COMPLEMENT_NB,4,2,281,using,textual,complement_log_weight,6.362342363253844,6.362342363253844,positive,117,117,
C_COMPLEMENT_NB,4,2,222,second,textual,complement_log_weight,6.36102306044999,6.36102306044999,positive,118,118,
C_COMPLEMENT_NB,4,2,91,fast,textual,complement_log_weight,6.360349268117394,6.360349268117394,positive,119,119,
C_COMPLEMENT_NB,4,2,144,later,textual,complement_log_weight,6.360193066044245,6.360193066044245,positive,120,120,
C_COMPLEMENT_NB,4,2,27,best,textual,complement_log_weight,6.3575591148674295,6.3575591148674295,positive,121,121,
C_COMPLEMENT_NB,4,2,149,level,textual,complement_log_weight,6.351611451650417,6.351611451650417,positive,122,122,
C_COMPLEMENT_NB,4,2,204,probably,textual,complement_log_weight,6.345135672446292,6.345135672446292,positive,123,123,
C_COMPLEMENT_NB,4,2,35,caffeine,textual,complement_log_weight,6.344031917903978,6.344031917903978,positive,124,124,
C_COMPLEMENT_NB,4,2,118,helpful,textual,complement_log_weight,6.335994755368616,6.335994755368616,positive,125,125,
C_COMPLEMENT_NB,4,2,34,burnout,textual,complement_log_weight,6.332271091514014,6.332271091514014,positive,126,126,
C_COMPLEMENT_NB,4,2,82,end,textual,complement_log_weight,6.332226461219602,6.332226461219602,positive,127,127,
C_COMPLEMENT_NB,4,2,295,worse,textual,complement_log_weight,6.331706027094486,6.331706027094486,positive,128,128,
C_COMPLEMENT_NB,4,2,212,regulation,textual,complement_log_weight,6.328470127052594,6.328470127052594,positive,129,129,
C_COMPLEMENT_NB,4,2,168,makes,textual,complement_log_weight,6.327147270315749,6.327147270315749,positive,130,130,
C_COMPLEMENT_NB,4,2,293,works,textual,complement_log_weight,6.3214142222953456,6.3214142222953456,positive,131,131,
C_COMPLEMENT_NB,4,2,2,ability,textual,complement_log_weight,6.316528082333315,6.316528082333315,positive,132,132,
C_COMPLEMENT_NB,4,2,42,children,textual,complement_log_weight,6.305906988300932,6.305906988300932,positive,133,133,
C_COMPLEMENT_NB,4,2,99,food,textual,complement_log_weight,6.305384921137442,6.305384921137442,positive,134,134,
C_COMPLEMENT_NB,4,2,85,everybody,textual,complement_log_weight,6.300939116912153,6.300939116912153,positive,135,135,
C_COMPLEMENT_NB,4,2,89,fact,textual,complement_log_weight,6.3003905707863215,6.3003905707863215,positive,136,136,
C_COMPLEMENT_NB,4,2,278,understand,textual,complement_log_weight,6.297673845085969,6.297673845085969,positive,137,137,
C_COMPLEMENT_NB,4,2,56,depression,textual,complement_log_weight,6.295908238496949,6.295908238496949,positive,138,138,
C_COMPLEMENT_NB,4,2,55,deficit,textual,complement_log_weight,6.292831039329835,6.292831039329835,positive,139,139,
C_COMPLEMENT_NB,4,2,299,yes,textual,complement_log_weight,6.290762578145292,6.290762578145292,positive,140,140,
C_COMPLEMENT_NB,4,2,40,change,textual,complement_log_weight,6.284932269962317,6.284932269962317,positive,141,141,
C_COMPLEMENT_NB,4,2,253,support,textual,complement_log_weight,6.2824352782497765,6.2824352782497765,positive,142,142,
C_COMPLEMENT_NB,4,2,180,minutes,textual,complement_log_weight,6.279163602474366,6.279163602474366,positive,143,143,
C_COMPLEMENT_NB,4,2,294,world,textual,complement_log_weight,6.278853141682824,6.278853141682824,positive,144,144,
C_COMPLEMENT_NB,4,2,112,happens,textual,complement_log_weight,6.270856228522044,6.270856228522044,positive,145,145,
C_COMPLEMENT_NB,4,2,103,function,textual,complement_log_weight,6.268095434573418,6.268095434573418,positive,146,146,
C_COMPLEMENT_NB,4,2,270,times,textual,complement_log_weight,6.266158052058557,6.266158052058557,positive,147,147,
C_COMPLEMENT_NB,4,2,196,pay,textual,complement_log_weight,6.264845691256664,6.264845691256664,positive,148,148,
C_COMPLEMENT_NB,4,2,191,okay,textual,complement_log_weight,6.258808443145274,6.258808443145274,positive,149,149,
C_COMPLEMENT_NB,4,2,98,follow,textual,complement_log_weight,6.258138780097398,6.258138780097398,positive,150,150,
C_COMPLEMENT_NB,4,2,246,stress,textual,complement_log_weight,6.25788989949297,6.25788989949297,positive,151,151,
C_COMPLEMENT_NB,4,2,175,medications,textual,complement_log_weight,6.257731969598312,6.257731969598312,positive,152,152,
C_COMPLEMENT_NB,4,2,215,research,textual,complement_log_weight,6.256428285211987,6.256428285211987,positive,153,153,
C_COMPLEMENT_NB,4,2,285,video,textual,complement_log_weight,6.246800548462167,6.246800548462167,positive,154,154,
C_COMPLEMENT_NB,4,2,256,taking,textual,complement_log_weight,6.244106411286636,6.244106411286636,positive,155,155,
C_COMPLEMENT_NB,4,2,272,trouble,textual,complement_log_weight,6.232451867880027,6.232451867880027,positive,156,156,
C_COMPLEMENT_NB,4,2,145,learn,textual,complement_log_weight,6.2290950837460715,6.2290950837460715,positive,157,157,
C_COMPLEMENT_NB,4,2,81,emotions,textual,complement_log_weight,6.224571882756111,6.224571882756111,positive,158,158,
C_COMPLEMENT_NB,4,2,221,school,textual,complement_log_weight,6.222559607559854,6.222559607559854,positive,159,159,
C_COMPLEMENT_NB,4,2,207,protein,textual,complement_log_weight,6.21616748411158,6.21616748411158,positive,160,160,
C_COMPLEMENT_NB,4,2,67,distracted,textual,complement_log_weight,6.215839535123152,6.215839535123152,positive,161,161,
C_COMPLEMENT_NB,4,2,182,music,textual,complement_log_weight,6.212066361965663,6.212066361965663,positive,162,162,
C_COMPLEMENT_NB,4,2,226,sensitive,textual,complement_log_weight,6.210568919744228,6.210568919744228,positive,163,163,
C_COMPLEMENT_NB,4,2,171,maybe,textual,complement_log_weight,6.20834653988321,6.20834653988321,positive,164,164,
C_COMPLEMENT_NB,4,2,7,add,textual,complement_log_weight,6.206050999215381,6.206050999215381,positive,165,165,
C_COMPLEMENT_NB,4,2,51,control,textual,complement_log_weight,6.205844678164511,6.205844678164511,positive,166,166,
C_COMPLEMENT_NB,4,2,153,likely,textual,complement_log_weight,6.19907315187934,6.19907315187934,positive,167,167,
C_COMPLEMENT_NB,4,2,208,real,textual,complement_log_weight,6.189735997975024,6.189735997975024,positive,168,168,
C_COMPLEMENT_NB,4,2,62,difference,textual,complement_log_weight,6.189196449397837,6.189196449397837,positive,169,169,
C_COMPLEMENT_NB,4,2,284,ve got,textual,complement_log_weight,6.183771585874689,6.183771585874689,positive,170,170,
C_COMPLEMENT_NB,4,2,185,nervous,textual,complement_log_weight,6.180543165007411,6.180543165007411,positive,171,171,
C_COMPLEMENT_NB,4,2,172,mean,textual,complement_log_weight,6.174596438507477,6.174596438507477,positive,172,172,
C_COMPLEMENT_NB,4,2,205,problem,textual,complement_log_weight,6.172610553174323,6.172610553174323,positive,173,173,
C_COMPLEMENT_NB,4,2,43,come,textual,complement_log_weight,6.170108539303476,6.170108539303476,positive,174,174,
C_COMPLEMENT_NB,4,2,3,able,textual,complement_log_weight,6.161222575738555,6.161222575738555,positive,175,175,
C_COMPLEMENT_NB,4,2,139,kids,textual,complement_log_weight,6.158537673206503,6.158537673206503,positive,176,176,
C_COMPLEMENT_NB,4,2,116,health,textual,complement_log_weight,6.1502287346933455,6.1502287346933455,positive,177,177,
C_COMPLEMENT_NB,4,2,190,oh,textual,complement_log_weight,6.14947315373308,6.14947315373308,positive,178,178,
C_COMPLEMENT_NB,4,2,292,working,textual,complement_log_weight,6.14826513056996,6.14826513056996,positive,179,179,
C_COMPLEMENT_NB,4,2,36,called,textual,complement_log_weight,6.1481427187494715,6.1481427187494715,positive,180,180,
C_COMPLEMENT_NB,4,2,250,study,textual,complement_log_weight,6.1449567971211,6.1449567971211,positive,181,181,
C_COMPLEMENT_NB,4,2,129,impulsivity,textual,complement_log_weight,6.144433240920135,6.144433240920135,positive,182,182,
C_COMPLEMENT_NB,4,2,173,means,textual,complement_log_weight,6.143727038045749,6.143727038045749,positive,183,183,
C_COMPLEMENT_NB,4,2,244,stop,textual,complement_log_weight,6.141032893599078,6.141032893599078,positive,184,184,
C_COMPLEMENT_NB,4,2,65,difficulty,textual,complement_log_weight,6.1362101439486025,6.1362101439486025,positive,185,185,
C_COMPLEMENT_NB,4,2,263,term,textual,complement_log_weight,6.135482711774403,6.135482711774403,positive,186,186,
C_COMPLEMENT_NB,4,2,11,adhd brains,textual,complement_log_weight,6.135250412127257,6.135250412127257,positive,187,187,
C_COMPLEMENT_NB,4,2,143,late,textual,complement_log_weight,6.132326898482379,6.132326898482379,positive,188,188,
C_COMPLEMENT_NB,4,2,44,comes,textual,complement_log_weight,6.130961140894312,6.130961140894312,positive,189,189,
C_COMPLEMENT_NB,4,2,101,forget,textual,complement_log_weight,6.122335799235532,6.122335799235532,positive,190,190,
C_COMPLEMENT_NB,4,2,179,mind,textual,complement_log_weight,6.122287442655729,6.122287442655729,positive,191,191,
C_COMPLEMENT_NB,4,2,113,hard,textual,complement_log_weight,6.122093813021542,6.122093813021542,positive,192,192,
C_COMPLEMENT_NB,4,2,10,adhd brain,textual,complement_log_weight,6.118178692141937,6.118178692141937,positive,193,193,
C_COMPLEMENT_NB,4,2,31,body,textual,complement_log_weight,6.117529780550949,6.117529780550949,positive,194,194,
C_COMPLEMENT_NB,4,2,232,signs,textual,complement_log_weight,6.113350895122123,6.113350895122123,positive,195,195,
C_COMPLEMENT_NB,4,2,158,long,textual,complement_log_weight,6.1122299210543884,6.1122299210543884,positive,196,196,
C_COMPLEMENT_NB,4,2,83,energy,textual,complement_log_weight,6.111057896515183,6.111057896515183,positive,197,197,
C_COMPLEMENT_NB,4,2,214,remember,textual,complement_log_weight,6.107924221965994,6.107924221965994,positive,198,198,
C_COMPLEMENT_NB,4,2,93,feel like,textual,complement_log_weight,6.10787908800187,6.10787908800187,positive,199,199,
C_COMPLEMENT_NB,4,2,258,talking,textual,complement_log_weight,6.100594184352348,6.100594184352348,positive,200,200,
C_COMPLEMENT_NB,4,2,59,did,textual,complement_log_weight,6.097966039590621,6.097966039590621,positive,201,201,
C_COMPLEMENT_NB,4,2,114,harder,textual,complement_log_weight,6.095663338401793,6.095663338401793,positive,202,202,
C_COMPLEMENT_NB,4,2,169,making,textual,complement_log_weight,6.094939491459991,6.094939491459991,positive,203,203,
C_COMPLEMENT_NB,4,2,29,big,textual,complement_log_weight,6.0866330872997105,6.0866330872997105,positive,204,204,
C_COMPLEMENT_NB,4,2,297,yeah,textual,complement_log_weight,6.083263805205114,6.083263805205114,positive,205,205,
C_COMPLEMENT_NB,4,2,187,new,textual,complement_log_weight,6.082342792856551,6.082342792856551,positive,206,206,
C_COMPLEMENT_NB,4,2,166,low,textual,complement_log_weight,6.080422970929335,6.080422970929335,positive,207,207,
C_COMPLEMENT_NB,4,2,135,isn,textual,complement_log_weight,6.075872072618508,6.075872072618508,positive,208,208,
C_COMPLEMENT_NB,4,2,95,feels,textual,complement_log_weight,6.072999926873,6.072999926873,positive,209,209,
C_COMPLEMENT_NB,4,2,274,trying,textual,complement_log_weight,6.072097165459828,6.072097165459828,positive,210,210,
C_COMPLEMENT_NB,4,2,155,little,textual,complement_log_weight,6.071910986073174,6.071910986073174,positive,211,211,
C_COMPLEMENT_NB,4,2,28,better,textual,complement_log_weight,6.065357307357018,6.065357307357018,positive,212,212,
C_COMPLEMENT_NB,4,2,224,self,textual,complement_log_weight,6.063499875454447,6.063499875454447,positive,213,213,
C_COMPLEMENT_NB,4,2,298,years,textual,complement_log_weight,6.063005098687252,6.063005098687252,positive,214,214,
C_COMPLEMENT_NB,4,2,119,helps,textual,complement_log_weight,6.059058953838564,6.059058953838564,positive,215,215,
C_COMPLEMENT_NB,4,2,186,neurotypical,textual,complement_log_weight,6.05896373237781,6.05896373237781,positive,216,216,
C_COMPLEMENT_NB,4,2,136,issues,textual,complement_log_weight,6.057366084801837,6.057366084801837,positive,217,217,
C_COMPLEMENT_NB,4,2,140,kind,textual,complement_log_weight,6.057301278926758,6.057301278926758,positive,218,218,
C_COMPLEMENT_NB,4,2,121,higher,textual,complement_log_weight,6.056441828863119,6.056441828863119,positive,219,219,
C_COMPLEMENT_NB,4,2,252,sugar,textual,complement_log_weight,6.0529306440666915,6.0529306440666915,positive,220,220,
C_COMPLEMENT_NB,4,2,16,adults,textual,complement_log_weight,6.052859594526822,6.052859594526822,positive,221,221,
C_COMPLEMENT_NB,4,2,273,try,textual,complement_log_weight,6.052155426610297,6.052155426610297,positive,222,222,
C_COMPLEMENT_NB,4,2,257,talk,textual,complement_log_weight,6.042345943644473,6.042345943644473,positive,223,223,
C_COMPLEMENT_NB,4,2,58,diagnosis,textual,complement_log_weight,6.0412718815689095,6.0412718815689095,positive,224,224,
C_COMPLEMENT_NB,4,2,14,adhd symptoms,textual,complement_log_weight,6.034598669853942,6.034598669853942,positive,225,225,
C_COMPLEMENT_NB,4,2,87,executive,textual,complement_log_weight,6.033409864753127,6.033409864753127,positive,226,226,
C_COMPLEMENT_NB,4,2,50,constantly,textual,complement_log_weight,6.022344077429865,6.022344077429865,positive,227,227,
C_COMPLEMENT_NB,4,2,261,tell,textual,complement_log_weight,6.0195548096309395,6.0195548096309395,positive,228,228,
C_COMPLEMENT_NB,4,2,177,memory,textual,complement_log_weight,6.015989966675999,6.015989966675999,positive,229,229,
C_COMPLEMENT_NB,4,2,206,problems,textual,complement_log_weight,6.010522594524707,6.010522594524707,positive,230,230,
C_COMPLEMENT_NB,4,2,133,instead,textual,complement_log_weight,6.009678096534512,6.009678096534512,positive,231,231,
C_COMPLEMENT_NB,4,2,247,struggle,textual,complement_log_weight,6.0048297714747285,6.0048297714747285,positive,232,232,
C_COMPLEMENT_NB,4,2,46,common,textual,complement_log_weight,6.00442561461014,6.00442561461014,positive,233,233,
C_COMPLEMENT_NB,4,2,88,experience,textual,complement_log_weight,5.999647830111086,5.999647830111086,positive,234,234,
C_COMPLEMENT_NB,4,2,84,especially,textual,complement_log_weight,5.991624311762641,5.991624311762641,positive,235,235,
C_COMPLEMENT_NB,4,2,290,women,textual,complement_log_weight,5.980311762146915,5.980311762146915,positive,236,236,
C_COMPLEMENT_NB,4,2,57,diagnosed,textual,complement_log_weight,5.966832285737485,5.966832285737485,positive,237,237,
C_COMPLEMENT_NB,4,2,120,high,textual,complement_log_weight,5.9658154761901105,5.9658154761901105,positive,238,238,
C_COMPLEMENT_NB,4,2,70,doesn,textual,complement_log_weight,5.959382516038431,5.959382516038431,positive,239,239,
C_COMPLEMENT_NB,4,2,66,disorder,textual,complement_log_weight,5.947231062459491,5.947231062459491,positive,240,240,
C_COMPLEMENT_NB,4,2,241,stimulant,textual,complement_log_weight,5.946610930752469,5.946610930752469,positive,241,241,
C_COMPLEMENT_NB,4,2,125,hyperactivity,textual,complement_log_weight,5.9412707610744215,5.9412707610744215,positive,242,242,
C_COMPLEMENT_NB,4,2,147,let,textual,complement_log_weight,5.934668073682211,5.934668073682211,positive,243,243,
C_COMPLEMENT_NB,4,2,0,10,textual,complement_log_weight,5.925088756345827,5.925088756345827,positive,244,244,
C_COMPLEMENT_NB,4,2,165,love,textual,complement_log_weight,5.914358896879671,5.914358896879671,positive,245,245,
C_COMPLEMENT_NB,4,2,127,important,textual,complement_log_weight,5.879574998806255,5.879574998806255,positive,246,246,
C_COMPLEMENT_NB,4,2,71,doing,textual,complement_log_weight,5.872163424965872,5.872163424965872,positive,247,247,
C_COMPLEMENT_NB,4,2,109,good,textual,complement_log_weight,5.852977964088033,5.852977964088033,positive,248,248,
C_COMPLEMENT_NB,4,2,260,tasks,textual,complement_log_weight,5.848972763706034,5.848972763706034,positive,249,249,
C_COMPLEMENT_NB,4,2,279,use,textual,complement_log_weight,5.847908974693228,5.847908974693228,positive,250,250,
C_COMPLEMENT_NB,4,2,259,task,textual,complement_log_weight,5.845919102605085,5.845919102605085,positive,251,251,
C_COMPLEMENT_NB,4,2,110,got,textual,complement_log_weight,5.831791820811457,5.831791820811457,positive,252,252,
C_COMPLEMENT_NB,4,2,80,emotional,textual,complement_log_weight,5.83017179645448,5.83017179645448,positive,253,253,
C_COMPLEMENT_NB,4,2,115,having,textual,complement_log_weight,5.824937491129679,5.824937491129679,positive,254,254,
C_COMPLEMENT_NB,4,2,19,anxiety,textual,complement_log_weight,5.82242296281589,5.82242296281589,positive,255,255,
C_COMPLEMENT_NB,4,2,33,brains,textual,complement_log_weight,5.795894488530083,5.795894488530083,positive,256,256,
C_COMPLEMENT_NB,4,2,234,sleep,textual,complement_log_weight,5.78293486714693,5.78293486714693,positive,257,257,
C_COMPLEMENT_NB,4,2,219,say,textual,complement_log_weight,5.746764037551624,5.746764037551624,positive,258,258,
C_COMPLEMENT_NB,4,2,262,tend,textual,complement_log_weight,5.742630954369145,5.742630954369145,positive,259,259,
C_COMPLEMENT_NB,4,2,41,child,textual,complement_log_weight,5.742342965516895,5.742342965516895,positive,260,260,
C_COMPLEMENT_NB,4,2,69,does,textual,complement_log_weight,5.734768919023283,5.734768919023283,positive,261,261,
C_COMPLEMENT_NB,4,2,106,getting,textual,complement_log_weight,5.706853771510633,5.706853771510633,positive,262,262,
C_COMPLEMENT_NB,4,2,288,way,textual,complement_log_weight,5.69870181944526,5.69870181944526,positive,263,263,
C_COMPLEMENT_NB,4,2,63,different,textual,complement_log_weight,5.647901599528876,5.647901599528876,positive,264,264,
C_COMPLEMENT_NB,4,2,216,right,textual,complement_log_weight,5.631926927879761,5.631926927879761,positive,265,265,
C_COMPLEMENT_NB,4,2,160,look,textual,complement_log_weight,5.6275670248369964,5.6275670248369964,positive,266,266,
C_COMPLEMENT_NB,4,2,238,start,textual,complement_log_weight,5.615684817553397,5.615684817553397,positive,267,267,
C_COMPLEMENT_NB,4,2,199,person,textual,complement_log_weight,5.600707031494691,5.600707031494691,positive,268,268,
C_COMPLEMENT_NB,4,2,167,make,textual,complement_log_weight,5.5945895327150685,5.5945895327150685,positive,269,269,
C_COMPLEMENT_NB,4,2,157,ll,textual,complement_log_weight,5.555491958999763,5.555491958999763,positive,270,270,
C_COMPLEMENT_NB,4,2,265,thing,textual,complement_log_weight,5.549315895245647,5.549315895245647,positive,271,271,
C_COMPLEMENT_NB,4,2,287,want,textual,complement_log_weight,5.533159015584016,5.533159015584016,positive,272,272,
C_COMPLEMENT_NB,4,2,268,think,textual,complement_log_weight,5.521448333771826,5.521448333771826,positive,273,273,
C_COMPLEMENT_NB,4,2,174,medication,textual,complement_log_weight,5.518414841031169,5.518414841031169,positive,274,274,
C_COMPLEMENT_NB,4,2,291,work,textual,complement_log_weight,5.494526077611752,5.494526077611752,positive,275,275,
C_COMPLEMENT_NB,4,2,97,focus,textual,complement_log_weight,5.492342994446638,5.492342994446638,positive,276,276,
C_COMPLEMENT_NB,4,2,151,life,textual,complement_log_weight,5.482594174695109,5.482594174695109,positive,277,277,
C_COMPLEMENT_NB,4,2,117,help,textual,complement_log_weight,5.4373258427008135,5.4373258427008135,positive,278,278,
C_COMPLEMENT_NB,4,2,183,need,textual,complement_log_weight,5.4344013159761495,5.4344013159761495,positive,279,279,
C_COMPLEMENT_NB,4,2,53,day,textual,complement_log_weight,5.431504029729269,5.431504029729269,positive,280,280,
C_COMPLEMENT_NB,4,2,283,ve,textual,complement_log_weight,5.414465761795103,5.414465761795103,positive,281,281,
C_COMPLEMENT_NB,4,2,198,people adhd,textual,complement_log_weight,5.379573628905527,5.379573628905527,positive,282,282,
C_COMPLEMENT_NB,4,2,92,feel,textual,complement_log_weight,5.37944630279773,5.37944630279773,positive,283,283,
C_COMPLEMENT_NB,4,2,6,actually,textual,complement_log_weight,5.352346504374823,5.352346504374823,positive,284,284,
C_COMPLEMENT_NB,4,2,21,attention,textual,complement_log_weight,5.3475185094277045,5.3475185094277045,positive,285,285,
C_COMPLEMENT_NB,4,2,162,lot,textual,complement_log_weight,5.343126316578027,5.343126316578027,positive,286,286,
C_COMPLEMENT_NB,4,2,210,really,textual,complement_log_weight,5.261143105474324,5.261143105474324,positive,287,287,
C_COMPLEMENT_NB,4,2,73,dopamine,textual,complement_log_weight,5.226211696804351,5.226211696804351,positive,288,288,
C_COMPLEMENT_NB,4,2,269,time,textual,complement_log_weight,5.214940542450408,5.214940542450408,positive,289,289,
C_COMPLEMENT_NB,4,2,108,going,textual,complement_log_weight,5.190426695930209,5.190426695930209,positive,290,290,
C_COMPLEMENT_NB,4,2,255,symptoms,textual,complement_log_weight,5.1774971726046815,5.1774971726046815,positive,291,291,
C_COMPLEMENT_NB,4,2,141,know,textual,complement_log_weight,5.152427020169129,5.152427020169129,positive,292,292,
C_COMPLEMENT_NB,4,2,72,don,textual,complement_log_weight,5.139877763487127,5.139877763487127,positive,293,293,
C_COMPLEMENT_NB,4,2,266,things,textual,complement_log_weight,5.079976588637483,5.079976588637483,positive,294,294,
C_COMPLEMENT_NB,4,2,189,number,textual,complement_log_weight,5.061774097556147,5.061774097556147,positive,295,295,
C_COMPLEMENT_NB,4,2,138,just,textual,complement_log_weight,4.893046981154532,4.893046981154532,positive,296,296,
C_COMPLEMENT_NB,4,2,32,brain,textual,complement_log_weight,4.803606870418443,4.803606870418443,positive,297,297,
C_COMPLEMENT_NB,4,2,197,people,textual,complement_log_weight,4.7472842537665905,4.7472842537665905,positive,298,298,
C_COMPLEMENT_NB,4,2,152,like,textual,complement_log_weight,4.585522538388766,4.585522538388766,positive,299,299,
C_COMPLEMENT_NB,4,2,9,adhd,textual,complement_log_weight,4.091258401985532,4.091258401985532,positive,300,300,
C_COMPLEMENT_NB,4,2,301,hedge_score,handcrafted_linguistic,complement_log_weight,3.667827496992722,3.667827496992722,positive,301,301,
C_COMPLEMENT_NB,4,2,300,certainty_score,handcrafted_linguistic,complement_log_weight,3.5901021596849785,3.5901021596849785,positive,302,302,
C_COMPLEMENT_NB,4,2,305,duration_sec_within_platform_percentile,engagement_or_format,complement_log_weight,2.7989812862845356,2.7989812862845356,positive,303,303,
C_COMPLEMENT_NB,4,2,302,likes_within_platform_percentile,engagement_or_format,complement_log_weight,2.7930341647836516,2.7930341647836516,positive,304,304,
C_COMPLEMENT_NB,4,2,304,views_within_platform_percentile,engagement_or_format,complement_log_weight,2.7923536991119406,2.7923536991119406,positive,305,305,
C_COMPLEMENT_NB,4,2,303,comments_within_platform_percentile,engagement_or_format,complement_log_weight,2.7892767296748815,2.7892767296748815,positive,306,306,
C_COMPLEMENT_NB,4,3,188,norepinephrine,textual,complement_log_weight,7.021138348678073,7.021138348678073,positive,1,1,
C_COMPLEMENT_NB,4,3,18,alcohol,textual,complement_log_weight,6.853608051505807,6.853608051505807,positive,2,2,
C_COMPLEMENT_NB,4,3,146,learning,textual,complement_log_weight,6.7917428781530145,6.7917428781530145,positive,3,3,
C_COMPLEMENT_NB,4,3,176,medicine,textual,complement_log_weight,6.740719993673941,6.740719993673941,positive,4,4,
C_COMPLEMENT_NB,4,3,209,realize,textual,complement_log_weight,6.72463660453207,6.72463660453207,positive,5,5,
C_COMPLEMENT_NB,4,3,213,relationships,textual,complement_log_weight,6.714937727747791,6.714937727747791,positive,6,6,
C_COMPLEMENT_NB,4,3,64,differently,textual,complement_log_weight,6.709795193885137,6.709795193885137,positive,7,7,
C_COMPLEMENT_NB,4,3,39,certain,textual,complement_log_weight,6.7096191708753965,6.7096191708753965,positive,8,8,
C_COMPLEMENT_NB,4,3,225,sense,textual,complement_log_weight,6.679875659209674,6.679875659209674,positive,9,9,
C_COMPLEMENT_NB,4,3,86,example,textual,complement_log_weight,6.66329390770716,6.66329390770716,positive,10,10,
C_COMPLEMENT_NB,4,3,107,goes,textual,complement_log_weight,6.660738165048187,6.660738165048187,positive,11,11,
C_COMPLEMENT_NB,4,3,78,effective,textual,complement_log_weight,6.658927930843502,6.658927930843502,positive,12,12,
C_COMPLEMENT_NB,4,3,163,lot people,textual,complement_log_weight,6.656044078559932,6.656044078559932,positive,13,13,
C_COMPLEMENT_NB,4,3,105,gets,textual,complement_log_weight,6.644282284380648,6.644282284380648,positive,14,14,
C_COMPLEMENT_NB,4,3,280,used,textual,complement_log_weight,6.627903431272858,6.627903431272858,positive,15,15,
C_COMPLEMENT_NB,4,3,229,share,textual,complement_log_weight,6.616697932699315,6.616697932699315,positive,16,16,
C_COMPLEMENT_NB,4,3,25,bad,textual,complement_log_weight,6.61185644895196,6.61185644895196,positive,17,17,
C_COMPLEMENT_NB,4,3,256,taking,textual,complement_log_weight,6.602371255046866,6.602371255046866,positive,18,18,
C_COMPLEMENT_NB,4,3,45,coming,textual,complement_log_weight,6.594909556000349,6.594909556000349,positive,19,19,
C_COMPLEMENT_NB,4,3,237,somebody,textual,complement_log_weight,6.59393358718654,6.59393358718654,positive,20,20,
C_COMPLEMENT_NB,4,3,48,condition,textual,complement_log_weight,6.586862670228882,6.586862670228882,positive,21,21,
C_COMPLEMENT_NB,4,3,118,helpful,textual,complement_log_weight,6.586254044495151,6.586254044495151,positive,22,22,
C_COMPLEMENT_NB,4,3,15,adhders,textual,complement_log_weight,6.583989421294983,6.583989421294983,positive,23,23,
C_COMPLEMENT_NB,4,3,37,calm,textual,complement_log_weight,6.583131120678638,6.583131120678638,positive,24,24,
C_COMPLEMENT_NB,4,3,154,literally,textual,complement_log_weight,6.575477086468961,6.575477086468961,positive,25,25,
C_COMPLEMENT_NB,4,3,156,little bit,textual,complement_log_weight,6.572936643399413,6.572936643399413,positive,26,26,
C_COMPLEMENT_NB,4,3,251,stuff,textual,complement_log_weight,6.560952523464732,6.560952523464732,positive,27,27,
C_COMPLEMENT_NB,4,3,2,ability,textual,complement_log_weight,6.560057434922436,6.560057434922436,positive,28,28,
C_COMPLEMENT_NB,4,3,5,activity,textual,complement_log_weight,6.558386537070865,6.558386537070865,positive,29,29,
C_COMPLEMENT_NB,4,3,248,struggling,textual,complement_log_weight,6.548383687442491,6.548383687442491,positive,30,30,
C_COMPLEMENT_NB,4,3,30,bit,textual,complement_log_weight,6.541621249347765,6.541621249347765,positive,31,31,
C_COMPLEMENT_NB,4,3,81,emotions,textual,complement_log_weight,6.539081366869992,6.539081366869992,positive,32,32,
C_COMPLEMENT_NB,4,3,193,order,textual,complement_log_weight,6.535444394838323,6.535444394838323,positive,33,33,
C_COMPLEMENT_NB,4,3,150,levels,textual,complement_log_weight,6.533519938715035,6.533519938715035,positive,34,34,
C_COMPLEMENT_NB,4,3,96,finally,textual,complement_log_weight,6.533046959986528,6.533046959986528,positive,35,35,
C_COMPLEMENT_NB,4,3,99,food,textual,complement_log_weight,6.531096193430126,6.531096193430126,positive,36,36,
C_COMPLEMENT_NB,4,3,289,ways,textual,complement_log_weight,6.53004513060556,6.53004513060556,positive,37,37,
C_COMPLEMENT_NB,4,3,74,dysfunction,textual,complement_log_weight,6.5296393935516335,6.5296393935516335,positive,38,38,
C_COMPLEMENT_NB,4,3,17,affect,textual,complement_log_weight,6.52558287044404,6.52558287044404,positive,39,39,
C_COMPLEMENT_NB,4,3,207,protein,textual,complement_log_weight,6.519743884629892,6.519743884629892,positive,40,40,
C_COMPLEMENT_NB,4,3,276,uh,textual,complement_log_weight,6.516516876935543,6.516516876935543,positive,41,41,
C_COMPLEMENT_NB,4,3,148,let talk,textual,complement_log_weight,6.51586815126909,6.51586815126909,positive,42,42,
C_COMPLEMENT_NB,4,3,203,present,textual,complement_log_weight,6.515819091652192,6.515819091652192,positive,43,43,
C_COMPLEMENT_NB,4,3,149,level,textual,complement_log_weight,6.509381032354098,6.509381032354098,positive,44,44,
C_COMPLEMENT_NB,4,3,228,seven,textual,complement_log_weight,6.505253909732062,6.505253909732062,positive,45,45,
C_COMPLEMENT_NB,4,3,264,test,textual,complement_log_weight,6.5024169291620915,6.5024169291620915,positive,46,46,
C_COMPLEMENT_NB,4,3,90,family,textual,complement_log_weight,6.4922034053615985,6.4922034053615985,positive,47,47,
C_COMPLEMENT_NB,4,3,76,eat,textual,complement_log_weight,6.490681643554201,6.490681643554201,positive,48,48,
C_COMPLEMENT_NB,4,3,220,saying,textual,complement_log_weight,6.488968036046669,6.488968036046669,positive,49,49,
C_COMPLEMENT_NB,4,3,226,sensitive,textual,complement_log_weight,6.483156673887986,6.483156673887986,positive,50,50,
C_COMPLEMENT_NB,4,3,170,manage,textual,complement_log_weight,6.481949370227174,6.481949370227174,positive,51,51,
C_COMPLEMENT_NB,4,3,130,inattentive,textual,complement_log_weight,6.4814286934163885,6.4814286934163885,positive,52,52,
C_COMPLEMENT_NB,4,3,112,happens,textual,complement_log_weight,6.479924743980067,6.479924743980067,positive,53,53,
C_COMPLEMENT_NB,4,3,195,patients,textual,complement_log_weight,6.476835993060565,6.476835993060565,positive,54,54,
C_COMPLEMENT_NB,4,3,218,said,textual,complement_log_weight,6.471277410816515,6.471277410816515,positive,55,55,
C_COMPLEMENT_NB,4,3,196,pay,textual,complement_log_weight,6.466852577311227,6.466852577311227,positive,56,56,
C_COMPLEMENT_NB,4,3,12,adhd medication,textual,complement_log_weight,6.462519433952711,6.462519433952711,positive,57,57,
C_COMPLEMENT_NB,4,3,239,state,textual,complement_log_weight,6.462351462701093,6.462351462701093,positive,58,58,
C_COMPLEMENT_NB,4,3,137,job,textual,complement_log_weight,6.458294598846491,6.458294598846491,positive,59,59,
C_COMPLEMENT_NB,4,3,68,doctor,textual,complement_log_weight,6.454669896106145,6.454669896106145,positive,60,60,
C_COMPLEMENT_NB,4,3,236,social,textual,complement_log_weight,6.451863915760901,6.451863915760901,positive,61,61,
C_COMPLEMENT_NB,4,3,104,functioning,textual,complement_log_weight,6.447441216939593,6.447441216939593,positive,62,62,
C_COMPLEMENT_NB,4,3,20,ask,textual,complement_log_weight,6.44705009286525,6.44705009286525,positive,63,63,
C_COMPLEMENT_NB,4,3,286,wait,textual,complement_log_weight,6.4452641989991415,6.4452641989991415,positive,64,64,
C_COMPLEMENT_NB,4,3,240,stay,textual,complement_log_weight,6.441517545482509,6.441517545482509,positive,65,65,
C_COMPLEMENT_NB,4,3,134,interesting,textual,complement_log_weight,6.438868557250368,6.438868557250368,positive,66,66,
C_COMPLEMENT_NB,4,3,205,problem,textual,complement_log_weight,6.424239347103396,6.424239347103396,positive,67,67,
C_COMPLEMENT_NB,4,3,223,seen,textual,complement_log_weight,6.42321207314452,6.42321207314452,positive,68,68,
C_COMPLEMENT_NB,4,3,200,phone,textual,complement_log_weight,6.419305318278095,6.419305318278095,positive,69,69,
C_COMPLEMENT_NB,4,3,13,adhd people,textual,complement_log_weight,6.415730025788835,6.415730025788835,positive,70,70,
C_COMPLEMENT_NB,4,3,192,open,textual,complement_log_weight,6.415323334422142,6.415323334422142,positive,71,71,
C_COMPLEMENT_NB,4,3,23,avoid,textual,complement_log_weight,6.415086225972454,6.415086225972454,positive,72,72,
C_COMPLEMENT_NB,4,3,235,small,textual,complement_log_weight,6.411795194933079,6.411795194933079,positive,73,73,
C_COMPLEMENT_NB,4,3,77,eating,textual,complement_log_weight,6.410216440861353,6.410216440861353,positive,74,74,
C_COMPLEMENT_NB,4,3,102,fucking,textual,complement_log_weight,6.41011208938957,6.41011208938957,positive,75,75,
C_COMPLEMENT_NB,4,3,61,diet,textual,complement_log_weight,6.4047887711639895,6.4047887711639895,positive,76,76,
C_COMPLEMENT_NB,4,3,122,highly,textual,complement_log_weight,6.398929026493004,6.398929026493004,positive,77,77,
C_COMPLEMENT_NB,4,3,52,create,textual,complement_log_weight,6.396700293639772,6.396700293639772,positive,78,78,
C_COMPLEMENT_NB,4,3,47,completely,textual,complement_log_weight,6.394476100618616,6.394476100618616,positive,79,79,
C_COMPLEMENT_NB,4,3,296,wrong,textual,complement_log_weight,6.393447844248937,6.393447844248937,positive,80,80,
C_COMPLEMENT_NB,4,3,231,shows,textual,complement_log_weight,6.391592245416444,6.391592245416444,positive,81,81,
C_COMPLEMENT_NB,4,3,8,addiction,textual,complement_log_weight,6.390382666293815,6.390382666293815,positive,82,82,
C_COMPLEMENT_NB,4,3,24,away,textual,complement_log_weight,6.385088088717323,6.385088088717323,positive,83,83,
C_COMPLEMENT_NB,4,3,194,parents,textual,complement_log_weight,6.380499540495587,6.380499540495587,positive,84,84,
C_COMPLEMENT_NB,4,3,204,probably,textual,complement_log_weight,6.379468278776114,6.379468278776114,positive,85,85,
C_COMPLEMENT_NB,4,3,271,told,textual,complement_log_weight,6.376728569997745,6.376728569997745,positive,86,86,
C_COMPLEMENT_NB,4,3,79,effects,textual,complement_log_weight,6.366630291604406,6.366630291604406,positive,87,87,
C_COMPLEMENT_NB,4,3,55,deficit,textual,complement_log_weight,6.365917150341125,6.365917150341125,positive,88,88,
C_COMPLEMENT_NB,4,3,27,best,textual,complement_log_weight,6.363546767217029,6.363546767217029,positive,89,89,
C_COMPLEMENT_NB,4,3,49,constant,textual,complement_log_weight,6.36340650749954,6.36340650749954,positive,90,90,
C_COMPLEMENT_NB,4,3,293,works,textual,complement_log_weight,6.362640428343519,6.362640428343519,positive,91,91,
C_COMPLEMENT_NB,4,3,94,feeling,textual,complement_log_weight,6.362008946370773,6.362008946370773,positive,92,92,
C_COMPLEMENT_NB,4,3,82,end,textual,complement_log_weight,6.359233577350494,6.359233577350494,positive,93,93,
C_COMPLEMENT_NB,4,3,202,place,textual,complement_log_weight,6.359205520559365,6.359205520559365,positive,94,94,
C_COMPLEMENT_NB,4,3,54,days,textual,complement_log_weight,6.358343024437495,6.358343024437495,positive,95,95,
C_COMPLEMENT_NB,4,3,180,minutes,textual,complement_log_weight,6.357275631090708,6.357275631090708,positive,96,96,
C_COMPLEMENT_NB,4,3,126,hyperfocus,textual,complement_log_weight,6.355824454335344,6.355824454335344,positive,97,97,
C_COMPLEMENT_NB,4,3,295,worse,textual,complement_log_weight,6.35139210487231,6.35139210487231,positive,98,98,
C_COMPLEMENT_NB,4,3,211,reason,textual,complement_log_weight,6.348388881551539,6.348388881551539,positive,99,99,
C_COMPLEMENT_NB,4,3,227,sensory,textual,complement_log_weight,6.3396354546719484,6.3396354546719484,positive,100,100,
C_COMPLEMENT_NB,4,3,277,um,textual,complement_log_weight,6.339113216014672,6.339113216014672,positive,101,101,
C_COMPLEMENT_NB,4,3,124,hyperactive,textual,complement_log_weight,6.3389139028906545,6.3389139028906545,positive,102,102,
C_COMPLEMENT_NB,4,3,281,using,textual,complement_log_weight,6.337807528804302,6.337807528804302,positive,103,103,
C_COMPLEMENT_NB,4,3,284,ve got,textual,complement_log_weight,6.334759866841633,6.334759866841633,positive,104,104,
C_COMPLEMENT_NB,4,3,123,hours,textual,complement_log_weight,6.332766744095814,6.332766744095814,positive,105,105,
C_COMPLEMENT_NB,4,3,35,caffeine,textual,complement_log_weight,6.327757381033828,6.327757381033828,positive,106,106,
C_COMPLEMENT_NB,4,3,60,didn,textual,complement_log_weight,6.319268373377696,6.319268373377696,positive,107,107,
C_COMPLEMENT_NB,4,3,164,lots,textual,complement_log_weight,6.319011501618395,6.319011501618395,positive,108,108,
C_COMPLEMENT_NB,4,3,51,control,textual,complement_log_weight,6.314889932101158,6.314889932101158,positive,109,109,
C_COMPLEMENT_NB,4,3,159,long term,textual,complement_log_weight,6.309826252224826,6.309826252224826,positive,110,110,
C_COMPLEMENT_NB,4,3,91,fast,textual,complement_log_weight,6.309668940657796,6.309668940657796,positive,111,111,
C_COMPLEMENT_NB,4,3,299,yes,textual,complement_log_weight,6.308830630356089,6.308830630356089,positive,112,112,
C_COMPLEMENT_NB,4,3,40,change,textual,complement_log_weight,6.3067488414387,6.3067488414387,positive,113,113,
C_COMPLEMENT_NB,4,3,245,strategies,textual,complement_log_weight,6.306226919925365,6.306226919925365,positive,114,114,
C_COMPLEMENT_NB,4,3,254,sure,textual,complement_log_weight,6.305917609973747,6.305917609973747,positive,115,115,
C_COMPLEMENT_NB,4,3,111,great,textual,complement_log_weight,6.305371740726031,6.305371740726031,positive,116,116,
C_COMPLEMENT_NB,4,3,4,activities,textual,complement_log_weight,6.304509960905191,6.304509960905191,positive,117,117,
C_COMPLEMENT_NB,4,3,222,second,textual,complement_log_weight,6.301514675912677,6.301514675912677,positive,118,118,
C_COMPLEMENT_NB,4,3,249,studies,textual,complement_log_weight,6.296545565136816,6.296545565136816,positive,119,119,
C_COMPLEMENT_NB,4,3,267,things like,textual,complement_log_weight,6.292619296947547,6.292619296947547,positive,120,120,
C_COMPLEMENT_NB,4,3,230,short,textual,complement_log_weight,6.289230143312093,6.289230143312093,positive,121,121,
C_COMPLEMENT_NB,4,3,270,times,textual,complement_log_weight,6.280925241374356,6.280925241374356,positive,122,122,
C_COMPLEMENT_NB,4,3,144,later,textual,complement_log_weight,6.277461988161943,6.277461988161943,positive,123,123,
C_COMPLEMENT_NB,4,3,190,oh,textual,complement_log_weight,6.277232983122231,6.277232983122231,positive,124,124,
C_COMPLEMENT_NB,4,3,233,sit,textual,complement_log_weight,6.27507680778241,6.27507680778241,positive,125,125,
C_COMPLEMENT_NB,4,3,132,information,textual,complement_log_weight,6.2729525097497545,6.2729525097497545,positive,126,126,
C_COMPLEMENT_NB,4,3,201,physical,textual,complement_log_weight,6.269552088617373,6.269552088617373,positive,127,127,
C_COMPLEMENT_NB,4,3,75,easily,textual,complement_log_weight,6.268582215953498,6.268582215953498,positive,128,128,
C_COMPLEMENT_NB,4,3,161,looking,textual,complement_log_weight,6.268459042758852,6.268459042758852,positive,129,129,
C_COMPLEMENT_NB,4,3,142,lack,textual,complement_log_weight,6.265314625179537,6.265314625179537,positive,130,130,
C_COMPLEMENT_NB,4,3,221,school,textual,complement_log_weight,6.260968943274803,6.260968943274803,positive,131,131,
C_COMPLEMENT_NB,4,3,184,needs,textual,complement_log_weight,6.249674439415571,6.249674439415571,positive,132,132,
C_COMPLEMENT_NB,4,3,59,did,textual,complement_log_weight,6.248621618005403,6.248621618005403,positive,133,133,
C_COMPLEMENT_NB,4,3,44,comes,textual,complement_log_weight,6.243834733272891,6.243834733272891,positive,134,134,
C_COMPLEMENT_NB,4,3,89,fact,textual,complement_log_weight,6.2431066886844,6.2431066886844,positive,135,135,
C_COMPLEMENT_NB,4,3,62,difference,textual,complement_log_weight,6.2401716862843335,6.2401716862843335,positive,136,136,
C_COMPLEMENT_NB,4,3,153,likely,textual,complement_log_weight,6.238812369514919,6.238812369514919,positive,137,137,
C_COMPLEMENT_NB,4,3,103,function,textual,complement_log_weight,6.236001459145729,6.236001459145729,positive,138,138,
C_COMPLEMENT_NB,4,3,101,forget,textual,complement_log_weight,6.234255208533307,6.234255208533307,positive,139,139,
C_COMPLEMENT_NB,4,3,36,called,textual,complement_log_weight,6.23399023341915,6.23399023341915,positive,140,140,
C_COMPLEMENT_NB,4,3,143,late,textual,complement_log_weight,6.233239371140249,6.233239371140249,positive,141,141,
C_COMPLEMENT_NB,4,3,7,add,textual,complement_log_weight,6.232032876421909,6.232032876421909,positive,142,142,
C_COMPLEMENT_NB,4,3,282,usually,textual,complement_log_weight,6.230091272272609,6.230091272272609,positive,143,143,
C_COMPLEMENT_NB,4,3,294,world,textual,complement_log_weight,6.229522311954229,6.229522311954229,positive,144,144,
C_COMPLEMENT_NB,4,3,127,important,textual,complement_log_weight,6.226649315668368,6.226649315668368,positive,145,145,
C_COMPLEMENT_NB,4,3,128,impulsive,textual,complement_log_weight,6.225099526392104,6.225099526392104,positive,146,146,
C_COMPLEMENT_NB,4,3,285,video,textual,complement_log_weight,6.2228741528813405,6.2228741528813405,positive,147,147,
C_COMPLEMENT_NB,4,3,253,support,textual,complement_log_weight,6.2208830144566445,6.2208830144566445,positive,148,148,
C_COMPLEMENT_NB,4,3,85,everybody,textual,complement_log_weight,6.217583603793002,6.217583603793002,positive,149,149,
C_COMPLEMENT_NB,4,3,242,stimulants,textual,complement_log_weight,6.213371868034788,6.213371868034788,positive,150,150,
C_COMPLEMENT_NB,4,3,181,motivation,textual,complement_log_weight,6.21198825576236,6.21198825576236,positive,151,151,
C_COMPLEMENT_NB,4,3,243,stimulation,textual,complement_log_weight,6.209953422799954,6.209953422799954,positive,152,152,
C_COMPLEMENT_NB,4,3,246,stress,textual,complement_log_weight,6.208271146146056,6.208271146146056,positive,153,153,
C_COMPLEMENT_NB,4,3,215,research,textual,complement_log_weight,6.206328756007244,6.206328756007244,positive,154,154,
C_COMPLEMENT_NB,4,3,100,foods,textual,complement_log_weight,6.205761061860553,6.205761061860553,positive,155,155,
C_COMPLEMENT_NB,4,3,178,mental,textual,complement_log_weight,6.2038951994416065,6.2038951994416065,positive,156,156,
C_COMPLEMENT_NB,4,3,168,makes,textual,complement_log_weight,6.198724752690923,6.198724752690923,positive,157,157,
C_COMPLEMENT_NB,4,3,1,20,textual,complement_log_weight,6.194951933158927,6.194951933158927,positive,158,158,
C_COMPLEMENT_NB,4,3,185,nervous,textual,complement_log_weight,6.193838423536264,6.193838423536264,positive,159,159,
C_COMPLEMENT_NB,4,3,212,regulation,textual,complement_log_weight,6.190902214250334,6.190902214250334,positive,160,160,
C_COMPLEMENT_NB,4,3,11,adhd brains,textual,complement_log_weight,6.1901217764190255,6.1901217764190255,positive,161,161,
C_COMPLEMENT_NB,4,3,38,care,textual,complement_log_weight,6.186669033614149,6.186669033614149,positive,162,162,
C_COMPLEMENT_NB,4,3,43,come,textual,complement_log_weight,6.18633581127401,6.18633581127401,positive,163,163,
C_COMPLEMENT_NB,4,3,98,follow,textual,complement_log_weight,6.1862644991306865,6.1862644991306865,positive,164,164,
C_COMPLEMENT_NB,4,3,186,neurotypical,textual,complement_log_weight,6.180691650211238,6.180691650211238,positive,165,165,
C_COMPLEMENT_NB,4,3,29,big,textual,complement_log_weight,6.179134562812877,6.179134562812877,positive,166,166,
C_COMPLEMENT_NB,4,3,274,trying,textual,complement_log_weight,6.179108193963531,6.179108193963531,positive,167,167,
C_COMPLEMENT_NB,4,3,22,autism,textual,complement_log_weight,6.176622729971976,6.176622729971976,positive,168,168,
C_COMPLEMENT_NB,4,3,133,instead,textual,complement_log_weight,6.175901694866821,6.175901694866821,positive,169,169,
C_COMPLEMENT_NB,4,3,191,okay,textual,complement_log_weight,6.173629453224293,6.173629453224293,positive,170,170,
C_COMPLEMENT_NB,4,3,272,trouble,textual,complement_log_weight,6.165629813580727,6.165629813580727,positive,171,171,
C_COMPLEMENT_NB,4,3,145,learn,textual,complement_log_weight,6.165156536045373,6.165156536045373,positive,172,172,
C_COMPLEMENT_NB,4,3,217,risk,textual,complement_log_weight,6.1645738870568385,6.1645738870568385,positive,173,173,
C_COMPLEMENT_NB,4,3,298,years,textual,complement_log_weight,6.163096961847568,6.163096961847568,positive,174,174,
C_COMPLEMENT_NB,4,3,275,type,textual,complement_log_weight,6.162024861956557,6.162024861956557,positive,175,175,
C_COMPLEMENT_NB,4,3,113,hard,textual,complement_log_weight,6.155452929184481,6.155452929184481,positive,176,176,
C_COMPLEMENT_NB,4,3,136,issues,textual,complement_log_weight,6.154568995324717,6.154568995324717,positive,177,177,
C_COMPLEMENT_NB,4,3,166,low,textual,complement_log_weight,6.153685503516444,6.153685503516444,positive,178,178,
C_COMPLEMENT_NB,4,3,171,maybe,textual,complement_log_weight,6.153476055637853,6.153476055637853,positive,179,179,
C_COMPLEMENT_NB,4,3,116,health,textual,complement_log_weight,6.152870120664638,6.152870120664638,positive,180,180,
C_COMPLEMENT_NB,4,3,67,distracted,textual,complement_log_weight,6.149915389976981,6.149915389976981,positive,181,181,
C_COMPLEMENT_NB,4,3,278,understand,textual,complement_log_weight,6.143542635879936,6.143542635879936,positive,182,182,
C_COMPLEMENT_NB,4,3,34,burnout,textual,complement_log_weight,6.138210182131805,6.138210182131805,positive,183,183,
C_COMPLEMENT_NB,4,3,58,diagnosis,textual,complement_log_weight,6.135963855264464,6.135963855264464,positive,184,184,
C_COMPLEMENT_NB,4,3,165,love,textual,complement_log_weight,6.12930813246343,6.12930813246343,positive,185,185,
C_COMPLEMENT_NB,4,3,179,mind,textual,complement_log_weight,6.1243163782086345,6.1243163782086345,positive,186,186,
C_COMPLEMENT_NB,4,3,26,behavior,textual,complement_log_weight,6.115375690182109,6.115375690182109,positive,187,187,
C_COMPLEMENT_NB,4,3,290,women,textual,complement_log_weight,6.111151092287249,6.111151092287249,positive,188,188,
C_COMPLEMENT_NB,4,3,172,mean,textual,complement_log_weight,6.110568858316764,6.110568858316764,positive,189,189,
C_COMPLEMENT_NB,4,3,177,memory,textual,complement_log_weight,6.106973434994278,6.106973434994278,positive,190,190,
C_COMPLEMENT_NB,4,3,175,medications,textual,complement_log_weight,6.10654673257535,6.10654673257535,positive,191,191,
C_COMPLEMENT_NB,4,3,247,struggle,textual,complement_log_weight,6.105031018195746,6.105031018195746,positive,192,192,
C_COMPLEMENT_NB,4,3,131,increase,textual,complement_log_weight,6.096904693318479,6.096904693318479,positive,193,193,
C_COMPLEMENT_NB,4,3,46,common,textual,complement_log_weight,6.095303005044787,6.095303005044787,positive,194,194,
C_COMPLEMENT_NB,4,3,83,energy,textual,complement_log_weight,6.092715813695276,6.092715813695276,positive,195,195,
C_COMPLEMENT_NB,4,3,3,able,textual,complement_log_weight,6.087885998542255,6.087885998542255,positive,196,196,
C_COMPLEMENT_NB,4,3,250,study,textual,complement_log_weight,6.0718839544864025,6.0718839544864025,positive,197,197,
C_COMPLEMENT_NB,4,3,42,children,textual,complement_log_weight,6.071779233687695,6.071779233687695,positive,198,198,
C_COMPLEMENT_NB,4,3,292,working,textual,complement_log_weight,6.068888100953085,6.068888100953085,positive,199,199,
C_COMPLEMENT_NB,4,3,84,especially,textual,complement_log_weight,6.06852807028724,6.06852807028724,positive,200,200,
C_COMPLEMENT_NB,4,3,158,long,textual,complement_log_weight,6.067219129836593,6.067219129836593,positive,201,201,
C_COMPLEMENT_NB,4,3,10,adhd brain,textual,complement_log_weight,6.053233049555238,6.053233049555238,positive,202,202,
C_COMPLEMENT_NB,4,3,50,constantly,textual,complement_log_weight,6.052263694497426,6.052263694497426,positive,203,203,
C_COMPLEMENT_NB,4,3,273,try,textual,complement_log_weight,6.052247102765425,6.052247102765425,positive,204,204,
C_COMPLEMENT_NB,4,3,31,body,textual,complement_log_weight,6.052114586750166,6.052114586750166,positive,205,205,
C_COMPLEMENT_NB,4,3,297,yeah,textual,complement_log_weight,6.047500144499146,6.047500144499146,positive,206,206,
C_COMPLEMENT_NB,4,3,121,higher,textual,complement_log_weight,6.046258082813594,6.046258082813594,positive,207,207,
C_COMPLEMENT_NB,4,3,244,stop,textual,complement_log_weight,6.045948017913426,6.045948017913426,positive,208,208,
C_COMPLEMENT_NB,4,3,182,music,textual,complement_log_weight,6.038430352346648,6.038430352346648,positive,209,209,
C_COMPLEMENT_NB,4,3,261,tell,textual,complement_log_weight,6.0376675834651055,6.0376675834651055,positive,210,210,
C_COMPLEMENT_NB,4,3,173,means,textual,complement_log_weight,6.0375415770817265,6.0375415770817265,positive,211,211,
C_COMPLEMENT_NB,4,3,187,new,textual,complement_log_weight,6.033138833587281,6.033138833587281,positive,212,212,
C_COMPLEMENT_NB,4,3,114,harder,textual,complement_log_weight,6.029920072384026,6.029920072384026,positive,213,213,
C_COMPLEMENT_NB,4,3,169,making,textual,complement_log_weight,6.02867787030744,6.02867787030744,positive,214,214,
C_COMPLEMENT_NB,4,3,155,little,textual,complement_log_weight,6.027897775367177,6.027897775367177,positive,215,215,
C_COMPLEMENT_NB,4,3,139,kids,textual,complement_log_weight,6.023487894230244,6.023487894230244,positive,216,216,
C_COMPLEMENT_NB,4,3,56,depression,textual,complement_log_weight,6.022425553890399,6.022425553890399,positive,217,217,
C_COMPLEMENT_NB,4,3,258,talking,textual,complement_log_weight,6.013146347202379,6.013146347202379,positive,218,218,
C_COMPLEMENT_NB,4,3,65,difficulty,textual,complement_log_weight,6.012151474957774,6.012151474957774,positive,219,219,
C_COMPLEMENT_NB,4,3,129,impulsivity,textual,complement_log_weight,6.009686755762519,6.009686755762519,positive,220,220,
C_COMPLEMENT_NB,4,3,95,feels,textual,complement_log_weight,6.008161421639802,6.008161421639802,positive,221,221,
C_COMPLEMENT_NB,4,3,88,experience,textual,complement_log_weight,6.004632466207113,6.004632466207113,positive,222,222,
C_COMPLEMENT_NB,4,3,263,term,textual,complement_log_weight,6.002331687061986,6.002331687061986,positive,223,223,
C_COMPLEMENT_NB,4,3,87,executive,textual,complement_log_weight,6.002234331473962,6.002234331473962,positive,224,224,
C_COMPLEMENT_NB,4,3,208,real,textual,complement_log_weight,5.991995953987981,5.991995953987981,positive,225,225,
C_COMPLEMENT_NB,4,3,224,self,textual,complement_log_weight,5.990993911920015,5.990993911920015,positive,226,226,
C_COMPLEMENT_NB,4,3,119,helps,textual,complement_log_weight,5.98981589436258,5.98981589436258,positive,227,227,
C_COMPLEMENT_NB,4,3,232,signs,textual,complement_log_weight,5.985506443067344,5.985506443067344,positive,228,228,
C_COMPLEMENT_NB,4,3,140,kind,textual,complement_log_weight,5.974993606471888,5.974993606471888,positive,229,229,
C_COMPLEMENT_NB,4,3,66,disorder,textual,complement_log_weight,5.974890239157554,5.974890239157554,positive,230,230,
C_COMPLEMENT_NB,4,3,57,diagnosed,textual,complement_log_weight,5.974634124033378,5.974634124033378,positive,231,231,
C_COMPLEMENT_NB,4,3,28,better,textual,complement_log_weight,5.965412022803765,5.965412022803765,positive,232,232,
C_COMPLEMENT_NB,4,3,214,remember,textual,complement_log_weight,5.96490573259281,5.96490573259281,positive,233,233,
C_COMPLEMENT_NB,4,3,93,feel like,textual,complement_log_weight,5.964815921546424,5.964815921546424,positive,234,234,
C_COMPLEMENT_NB,4,3,0,10,textual,complement_log_weight,5.958927304415333,5.958927304415333,positive,235,235,
C_COMPLEMENT_NB,4,3,70,doesn,textual,complement_log_weight,5.956501752055098,5.956501752055098,positive,236,236,
C_COMPLEMENT_NB,4,3,252,sugar,textual,complement_log_weight,5.953956155540983,5.953956155540983,positive,237,237,
C_COMPLEMENT_NB,4,3,257,talk,textual,complement_log_weight,5.953002385272193,5.953002385272193,positive,238,238,
C_COMPLEMENT_NB,4,3,110,got,textual,complement_log_weight,5.940686804411715,5.940686804411715,positive,239,239,
C_COMPLEMENT_NB,4,3,80,emotional,textual,complement_log_weight,5.920476966946254,5.920476966946254,positive,240,240,
C_COMPLEMENT_NB,4,3,265,thing,textual,complement_log_weight,5.911502703809494,5.911502703809494,positive,241,241,
C_COMPLEMENT_NB,4,3,16,adults,textual,complement_log_weight,5.901745660384957,5.901745660384957,positive,242,242,
C_COMPLEMENT_NB,4,3,147,let,textual,complement_log_weight,5.881298869178888,5.881298869178888,positive,243,243,
C_COMPLEMENT_NB,4,3,241,stimulant,textual,complement_log_weight,5.869871742377375,5.869871742377375,positive,244,244,
C_COMPLEMENT_NB,4,3,135,isn,textual,complement_log_weight,5.859147701936678,5.859147701936678,positive,245,245,
C_COMPLEMENT_NB,4,3,14,adhd symptoms,textual,complement_log_weight,5.858935702634434,5.858935702634434,positive,246,246,
C_COMPLEMENT_NB,4,3,71,doing,textual,complement_log_weight,5.840498290816899,5.840498290816899,positive,247,247,
C_COMPLEMENT_NB,4,3,279,use,textual,complement_log_weight,5.833145627893537,5.833145627893537,positive,248,248,
C_COMPLEMENT_NB,4,3,125,hyperactivity,textual,complement_log_weight,5.819394250376403,5.819394250376403,positive,249,249,
C_COMPLEMENT_NB,4,3,109,good,textual,complement_log_weight,5.814007459599992,5.814007459599992,positive,250,250,
C_COMPLEMENT_NB,4,3,41,child,textual,complement_log_weight,5.805869066295367,5.805869066295367,positive,251,251,
C_COMPLEMENT_NB,4,3,206,problems,textual,complement_log_weight,5.80179912293827,5.80179912293827,positive,252,252,
C_COMPLEMENT_NB,4,3,115,having,textual,complement_log_weight,5.777196908665518,5.777196908665518,positive,253,253,
C_COMPLEMENT_NB,4,3,234,sleep,textual,complement_log_weight,5.776513241909703,5.776513241909703,positive,254,254,
C_COMPLEMENT_NB,4,3,260,tasks,textual,complement_log_weight,5.765940390710951,5.765940390710951,positive,255,255,
C_COMPLEMENT_NB,4,3,33,brains,textual,complement_log_weight,5.765041785335002,5.765041785335002,positive,256,256,
C_COMPLEMENT_NB,4,3,259,task,textual,complement_log_weight,5.764956732274962,5.764956732274962,positive,257,257,
C_COMPLEMENT_NB,4,3,69,does,textual,complement_log_weight,5.757460880706329,5.757460880706329,positive,258,258,
C_COMPLEMENT_NB,4,3,63,different,textual,complement_log_weight,5.75126591289883,5.75126591289883,positive,259,259,
C_COMPLEMENT_NB,4,3,262,tend,textual,complement_log_weight,5.7461463237658394,5.7461463237658394,positive,260,260,
C_COMPLEMENT_NB,4,3,19,anxiety,textual,complement_log_weight,5.7301117150288094,5.7301117150288094,positive,261,261,
C_COMPLEMENT_NB,4,3,120,high,textual,complement_log_weight,5.724505110523662,5.724505110523662,positive,262,262,
C_COMPLEMENT_NB,4,3,219,say,textual,complement_log_weight,5.705764956232077,5.705764956232077,positive,263,263,
C_COMPLEMENT_NB,4,3,167,make,textual,complement_log_weight,5.66729990701772,5.66729990701772,positive,264,264,
C_COMPLEMENT_NB,4,3,157,ll,textual,complement_log_weight,5.662537641510238,5.662537641510238,positive,265,265,
C_COMPLEMENT_NB,4,3,106,getting,textual,complement_log_weight,5.6557918829761755,5.6557918829761755,positive,266,266,
C_COMPLEMENT_NB,4,3,199,person,textual,complement_log_weight,5.635885964411556,5.635885964411556,positive,267,267,
C_COMPLEMENT_NB,4,3,216,right,textual,complement_log_weight,5.604010482022938,5.604010482022938,positive,268,268,
C_COMPLEMENT_NB,4,3,238,start,textual,complement_log_weight,5.597802068955289,5.597802068955289,positive,269,269,
C_COMPLEMENT_NB,4,3,198,people adhd,textual,complement_log_weight,5.594123457406953,5.594123457406953,positive,270,270,
C_COMPLEMENT_NB,4,3,287,want,textual,complement_log_weight,5.586705002105852,5.586705002105852,positive,271,271,
C_COMPLEMENT_NB,4,3,268,think,textual,complement_log_weight,5.586213041263342,5.586213041263342,positive,272,272,
C_COMPLEMENT_NB,4,3,174,medication,textual,complement_log_weight,5.570156854339596,5.570156854339596,positive,273,273,
C_COMPLEMENT_NB,4,3,283,ve,textual,complement_log_weight,5.567259506190124,5.567259506190124,positive,274,274,
C_COMPLEMENT_NB,4,3,151,life,textual,complement_log_weight,5.540964650682499,5.540964650682499,positive,275,275,
C_COMPLEMENT_NB,4,3,288,way,textual,complement_log_weight,5.5353697509557165,5.5353697509557165,positive,276,276,
C_COMPLEMENT_NB,4,3,53,day,textual,complement_log_weight,5.5116428782694875,5.5116428782694875,positive,277,277,
C_COMPLEMENT_NB,4,3,160,look,textual,complement_log_weight,5.511279510573184,5.511279510573184,positive,278,278,
C_COMPLEMENT_NB,4,3,162,lot,textual,complement_log_weight,5.504685374192888,5.504685374192888,positive,279,279,
C_COMPLEMENT_NB,4,3,291,work,textual,complement_log_weight,5.42226772621338,5.42226772621338,positive,280,280,
C_COMPLEMENT_NB,4,3,210,really,textual,complement_log_weight,5.417106143779779,5.417106143779779,positive,281,281,
C_COMPLEMENT_NB,4,3,73,dopamine,textual,complement_log_weight,5.4121287839234755,5.4121287839234755,positive,282,282,
C_COMPLEMENT_NB,4,3,183,need,textual,complement_log_weight,5.392549186368051,5.392549186368051,positive,283,283,
C_COMPLEMENT_NB,4,3,117,help,textual,complement_log_weight,5.381063647506386,5.381063647506386,positive,284,284,
C_COMPLEMENT_NB,4,3,97,focus,textual,complement_log_weight,5.369903916955575,5.369903916955575,positive,285,285,
C_COMPLEMENT_NB,4,3,269,time,textual,complement_log_weight,5.348306978199985,5.348306978199985,positive,286,286,
C_COMPLEMENT_NB,4,3,92,feel,textual,complement_log_weight,5.342869631021179,5.342869631021179,positive,287,287,
C_COMPLEMENT_NB,4,3,21,attention,textual,complement_log_weight,5.337109782318604,5.337109782318604,positive,288,288,
C_COMPLEMENT_NB,4,3,6,actually,textual,complement_log_weight,5.272791001359713,5.272791001359713,positive,289,289,
C_COMPLEMENT_NB,4,3,108,going,textual,complement_log_weight,5.224846678383781,5.224846678383781,positive,290,290,
C_COMPLEMENT_NB,4,3,141,know,textual,complement_log_weight,5.149794151025547,5.149794151025547,positive,291,291,
C_COMPLEMENT_NB,4,3,266,things,textual,complement_log_weight,5.1462720619064015,5.1462720619064015,positive,292,292,
C_COMPLEMENT_NB,4,3,189,number,textual,complement_log_weight,5.124701375798847,5.124701375798847,positive,293,293,
C_COMPLEMENT_NB,4,3,72,don,textual,complement_log_weight,5.090071245032109,5.090071245032109,positive,294,294,
C_COMPLEMENT_NB,4,3,255,symptoms,textual,complement_log_weight,5.021870359035798,5.021870359035798,positive,295,295,
C_COMPLEMENT_NB,4,3,197,people,textual,complement_log_weight,4.872036936275936,4.872036936275936,positive,296,296,
C_COMPLEMENT_NB,4,3,32,brain,textual,complement_log_weight,4.847315629894862,4.847315629894862,positive,297,297,
C_COMPLEMENT_NB,4,3,138,just,textual,complement_log_weight,4.816060728519792,4.816060728519792,positive,298,298,
C_COMPLEMENT_NB,4,3,152,like,textual,complement_log_weight,4.533791828350829,4.533791828350829,positive,299,299,
C_COMPLEMENT_NB,4,3,9,adhd,textual,complement_log_weight,4.104171199964472,4.104171199964472,positive,300,300,
C_COMPLEMENT_NB,4,3,301,hedge_score,handcrafted_linguistic,complement_log_weight,3.635276485613021,3.635276485613021,positive,301,301,
C_COMPLEMENT_NB,4,3,300,certainty_score,handcrafted_linguistic,complement_log_weight,3.6197093064094727,3.6197093064094727,positive,302,302,
C_COMPLEMENT_NB,4,3,302,likes_within_platform_percentile,engagement_or_format,complement_log_weight,2.8550360867925404,2.8550360867925404,positive,303,303,
C_COMPLEMENT_NB,4,3,303,comments_within_platform_percentile,engagement_or_format,complement_log_weight,2.8544932005400097,2.8544932005400097,positive,304,304,
C_COMPLEMENT_NB,4,3,304,views_within_platform_percentile,engagement_or_format,complement_log_weight,2.847939242520341,2.847939242520341,positive,305,305,
C_COMPLEMENT_NB,4,3,305,duration_sec_within_platform_percentile,engagement_or_format,complement_log_weight,2.80858869329741,2.80858869329741,positive,306,306,
C_COMPLEMENT_NB,4,4,102,fucking,textual,complement_log_weight,7.195373728880769,7.195373728880769,positive,1,1,
C_COMPLEMENT_NB,4,4,239,state,textual,complement_log_weight,6.887440728731227,6.887440728731227,positive,2,2,
C_COMPLEMENT_NB,4,4,24,away,textual,complement_log_weight,6.863247520234247,6.863247520234247,positive,3,3,
C_COMPLEMENT_NB,4,4,23,avoid,textual,complement_log_weight,6.863171088568858,6.863171088568858,positive,4,4,
C_COMPLEMENT_NB,4,4,111,great,textual,complement_log_weight,6.842854897950409,6.842854897950409,positive,5,5,
C_COMPLEMENT_NB,4,4,76,eat,textual,complement_log_weight,6.791075237679122,6.791075237679122,positive,6,6,
C_COMPLEMENT_NB,4,4,78,effective,textual,complement_log_weight,6.770789443475062,6.770789443475062,positive,7,7,
C_COMPLEMENT_NB,4,4,243,stimulation,textual,complement_log_weight,6.762570826045033,6.762570826045033,positive,8,8,
C_COMPLEMENT_NB,4,4,154,literally,textual,complement_log_weight,6.732814257368118,6.732814257368118,positive,9,9,
C_COMPLEMENT_NB,4,4,184,needs,textual,complement_log_weight,6.71279297707147,6.71279297707147,positive,10,10,
C_COMPLEMENT_NB,4,4,295,worse,textual,complement_log_weight,6.7102191686348664,6.7102191686348664,positive,11,11,
C_COMPLEMENT_NB,4,4,15,adhders,textual,complement_log_weight,6.699443988559874,6.699443988559874,positive,12,12,
C_COMPLEMENT_NB,4,4,1,20,textual,complement_log_weight,6.698187140709427,6.698187140709427,positive,13,13,
C_COMPLEMENT_NB,4,4,164,lots,textual,complement_log_weight,6.680249498169148,6.680249498169148,positive,14,14,
C_COMPLEMENT_NB,4,4,34,burnout,textual,complement_log_weight,6.677416051889345,6.677416051889345,positive,15,15,
C_COMPLEMENT_NB,4,4,54,days,textual,complement_log_weight,6.665080730152812,6.665080730152812,positive,16,16,
C_COMPLEMENT_NB,4,4,271,told,textual,complement_log_weight,6.6518241156358995,6.6518241156358995,positive,17,17,
C_COMPLEMENT_NB,4,4,211,reason,textual,complement_log_weight,6.650793291806441,6.650793291806441,positive,18,18,
C_COMPLEMENT_NB,4,4,27,best,textual,complement_log_weight,6.63468740221595,6.63468740221595,positive,19,19,
C_COMPLEMENT_NB,4,4,104,functioning,textual,complement_log_weight,6.634221772950539,6.634221772950539,positive,20,20,
C_COMPLEMENT_NB,4,4,231,shows,textual,complement_log_weight,6.632797759547111,6.632797759547111,positive,21,21,
C_COMPLEMENT_NB,4,4,202,place,textual,complement_log_weight,6.630313966127121,6.630313966127121,positive,22,22,
C_COMPLEMENT_NB,4,4,123,hours,textual,complement_log_weight,6.62291642173222,6.62291642173222,positive,23,23,
C_COMPLEMENT_NB,4,4,60,didn,textual,complement_log_weight,6.622887480377901,6.622887480377901,positive,24,24,
C_COMPLEMENT_NB,4,4,8,addiction,textual,complement_log_weight,6.621008495906076,6.621008495906076,positive,25,25,
C_COMPLEMENT_NB,4,4,296,wrong,textual,complement_log_weight,6.618341183003973,6.618341183003973,positive,26,26,
C_COMPLEMENT_NB,4,4,220,saying,textual,complement_log_weight,6.605718043690231,6.605718043690231,positive,27,27,
C_COMPLEMENT_NB,4,4,251,stuff,textual,complement_log_weight,6.6021193231265425,6.6021193231265425,positive,28,28,
C_COMPLEMENT_NB,4,4,146,learning,textual,complement_log_weight,6.6017011954176805,6.6017011954176805,positive,29,29,
C_COMPLEMENT_NB,4,4,280,used,textual,complement_log_weight,6.596738794344215,6.596738794344215,positive,30,30,
C_COMPLEMENT_NB,4,4,47,completely,textual,complement_log_weight,6.595836132260165,6.595836132260165,positive,31,31,
C_COMPLEMENT_NB,4,4,35,caffeine,textual,complement_log_weight,6.590842904660939,6.590842904660939,positive,32,32,
C_COMPLEMENT_NB,4,4,107,goes,textual,complement_log_weight,6.586457807373859,6.586457807373859,positive,33,33,
C_COMPLEMENT_NB,4,4,11,adhd brains,textual,complement_log_weight,6.5817234100342885,6.5817234100342885,positive,34,34,
C_COMPLEMENT_NB,4,4,200,phone,textual,complement_log_weight,6.571463080866267,6.571463080866267,positive,35,35,
C_COMPLEMENT_NB,4,4,229,share,textual,complement_log_weight,6.5575939239562535,6.5575939239562535,positive,36,36,
C_COMPLEMENT_NB,4,4,163,lot people,textual,complement_log_weight,6.555901731286978,6.555901731286978,positive,37,37,
C_COMPLEMENT_NB,4,4,144,later,textual,complement_log_weight,6.5528255855585575,6.5528255855585575,positive,38,38,
C_COMPLEMENT_NB,4,4,132,information,textual,complement_log_weight,6.550927133647124,6.550927133647124,positive,39,39,
C_COMPLEMENT_NB,4,4,236,social,textual,complement_log_weight,6.547947459991461,6.547947459991461,positive,40,40,
C_COMPLEMENT_NB,4,4,95,feels,textual,complement_log_weight,6.542675143627637,6.542675143627637,positive,41,41,
C_COMPLEMENT_NB,4,4,218,said,textual,complement_log_weight,6.532417300432494,6.532417300432494,positive,42,42,
C_COMPLEMENT_NB,4,4,188,norepinephrine,textual,complement_log_weight,6.531934047574794,6.531934047574794,positive,43,43,
C_COMPLEMENT_NB,4,4,37,calm,textual,complement_log_weight,6.531189281072305,6.531189281072305,positive,44,44,
C_COMPLEMENT_NB,4,4,13,adhd people,textual,complement_log_weight,6.520277626324648,6.520277626324648,positive,45,45,
C_COMPLEMENT_NB,4,4,209,realize,textual,complement_log_weight,6.5141146187824885,6.5141146187824885,positive,46,46,
C_COMPLEMENT_NB,4,4,191,okay,textual,complement_log_weight,6.512065411499256,6.512065411499256,positive,47,47,
C_COMPLEMENT_NB,4,4,193,order,textual,complement_log_weight,6.5100564472582345,6.5100564472582345,positive,48,48,
C_COMPLEMENT_NB,4,4,134,interesting,textual,complement_log_weight,6.507919262433283,6.507919262433283,positive,49,49,
C_COMPLEMENT_NB,4,4,49,constant,textual,complement_log_weight,6.5058345227977075,6.5058345227977075,positive,50,50,
C_COMPLEMENT_NB,4,4,192,open,textual,complement_log_weight,6.505076806133057,6.505076806133057,positive,51,51,
C_COMPLEMENT_NB,4,4,145,learn,textual,complement_log_weight,6.504542930537835,6.504542930537835,positive,52,52,
C_COMPLEMENT_NB,4,4,83,energy,textual,complement_log_weight,6.5044580355116,6.5044580355116,positive,53,53,
C_COMPLEMENT_NB,4,4,150,levels,textual,complement_log_weight,6.504448695666139,6.504448695666139,positive,54,54,
C_COMPLEMENT_NB,4,4,90,family,textual,complement_log_weight,6.503146762459253,6.503146762459253,positive,55,55,
C_COMPLEMENT_NB,4,4,156,little bit,textual,complement_log_weight,6.500715584680212,6.500715584680212,positive,56,56,
C_COMPLEMENT_NB,4,4,89,fact,textual,complement_log_weight,6.497339797563374,6.497339797563374,positive,57,57,
C_COMPLEMENT_NB,4,4,45,coming,textual,complement_log_weight,6.493758701021875,6.493758701021875,positive,58,58,
C_COMPLEMENT_NB,4,4,105,gets,textual,complement_log_weight,6.492920696552786,6.492920696552786,positive,59,59,
C_COMPLEMENT_NB,4,4,185,nervous,textual,complement_log_weight,6.489290168932866,6.489290168932866,positive,60,60,
C_COMPLEMENT_NB,4,4,52,create,textual,complement_log_weight,6.488847563221659,6.488847563221659,positive,61,61,
C_COMPLEMENT_NB,4,4,82,end,textual,complement_log_weight,6.482986902339189,6.482986902339189,positive,62,62,
C_COMPLEMENT_NB,4,4,77,eating,textual,complement_log_weight,6.480899706554368,6.480899706554368,positive,63,63,
C_COMPLEMENT_NB,4,4,235,small,textual,complement_log_weight,6.478083237616426,6.478083237616426,positive,64,64,
C_COMPLEMENT_NB,4,4,20,ask,textual,complement_log_weight,6.466888094215452,6.466888094215452,positive,65,65,
C_COMPLEMENT_NB,4,4,248,struggling,textual,complement_log_weight,6.4604083033365685,6.4604083033365685,positive,66,66,
C_COMPLEMENT_NB,4,4,18,alcohol,textual,complement_log_weight,6.441012679388168,6.441012679388168,positive,67,67,
C_COMPLEMENT_NB,4,4,246,stress,textual,complement_log_weight,6.440180523499172,6.440180523499172,positive,68,68,
C_COMPLEMENT_NB,4,4,94,feeling,textual,complement_log_weight,6.439673090031881,6.439673090031881,positive,69,69,
C_COMPLEMENT_NB,4,4,168,makes,textual,complement_log_weight,6.429678196630308,6.429678196630308,positive,70,70,
C_COMPLEMENT_NB,4,4,293,works,textual,complement_log_weight,6.428995667534164,6.428995667534164,positive,71,71,
C_COMPLEMENT_NB,4,4,36,called,textual,complement_log_weight,6.428205390990152,6.428205390990152,positive,72,72,
C_COMPLEMENT_NB,4,4,179,mind,textual,complement_log_weight,6.425057427023224,6.425057427023224,positive,73,73,
C_COMPLEMENT_NB,4,4,171,maybe,textual,complement_log_weight,6.420011680938141,6.420011680938141,positive,74,74,
C_COMPLEMENT_NB,4,4,228,seven,textual,complement_log_weight,6.419568805533791,6.419568805533791,positive,75,75,
C_COMPLEMENT_NB,4,4,225,sense,textual,complement_log_weight,6.419056602620576,6.419056602620576,positive,76,76,
C_COMPLEMENT_NB,4,4,118,helpful,textual,complement_log_weight,6.418422982266325,6.418422982266325,positive,77,77,
C_COMPLEMENT_NB,4,4,244,stop,textual,complement_log_weight,6.417910253373137,6.417910253373137,positive,78,78,
C_COMPLEMENT_NB,4,4,204,probably,textual,complement_log_weight,6.411448040977378,6.411448040977378,positive,79,79,
C_COMPLEMENT_NB,4,4,286,wait,textual,complement_log_weight,6.4109759916622036,6.4109759916622036,positive,80,80,
C_COMPLEMENT_NB,4,4,194,parents,textual,complement_log_weight,6.407389629088715,6.407389629088715,positive,81,81,
C_COMPLEMENT_NB,4,4,292,working,textual,complement_log_weight,6.402672896094203,6.402672896094203,positive,82,82,
C_COMPLEMENT_NB,4,4,187,new,textual,complement_log_weight,6.398365239486663,6.398365239486663,positive,83,83,
C_COMPLEMENT_NB,4,4,2,ability,textual,complement_log_weight,6.397783206483355,6.397783206483355,positive,84,84,
C_COMPLEMENT_NB,4,4,103,function,textual,complement_log_weight,6.397707128071935,6.397707128071935,positive,85,85,
C_COMPLEMENT_NB,4,4,4,activities,textual,complement_log_weight,6.394481429678029,6.394481429678029,positive,86,86,
C_COMPLEMENT_NB,4,4,252,sugar,textual,complement_log_weight,6.392889395048315,6.392889395048315,positive,87,87,
C_COMPLEMENT_NB,4,4,74,dysfunction,textual,complement_log_weight,6.38865022024044,6.38865022024044,positive,88,88,
C_COMPLEMENT_NB,4,4,38,care,textual,complement_log_weight,6.386700341291915,6.386700341291915,positive,89,89,
C_COMPLEMENT_NB,4,4,277,um,textual,complement_log_weight,6.38622030671973,6.38622030671973,positive,90,90,
C_COMPLEMENT_NB,4,4,181,motivation,textual,complement_log_weight,6.38444224125653,6.38444224125653,positive,91,91,
C_COMPLEMENT_NB,4,4,43,come,textual,complement_log_weight,6.382195256268801,6.382195256268801,positive,92,92,
C_COMPLEMENT_NB,4,4,289,ways,textual,complement_log_weight,6.37956211550196,6.37956211550196,positive,93,93,
C_COMPLEMENT_NB,4,4,170,manage,textual,complement_log_weight,6.379039540815587,6.379039540815587,positive,94,94,
C_COMPLEMENT_NB,4,4,270,times,textual,complement_log_weight,6.374552950525709,6.374552950525709,positive,95,95,
C_COMPLEMENT_NB,4,4,126,hyperfocus,textual,complement_log_weight,6.373643675333574,6.373643675333574,positive,96,96,
C_COMPLEMENT_NB,4,4,59,did,textual,complement_log_weight,6.372762947816181,6.372762947816181,positive,97,97,
C_COMPLEMENT_NB,4,4,173,means,textual,complement_log_weight,6.371302359119353,6.371302359119353,positive,98,98,
C_COMPLEMENT_NB,4,4,161,looking,textual,complement_log_weight,6.361111155573159,6.361111155573159,positive,99,99,
C_COMPLEMENT_NB,4,4,281,using,textual,complement_log_weight,6.360585539537455,6.360585539537455,positive,100,100,
C_COMPLEMENT_NB,4,4,142,lack,textual,complement_log_weight,6.3601445175887,6.3601445175887,positive,101,101,
C_COMPLEMENT_NB,4,4,17,affect,textual,complement_log_weight,6.351978181546396,6.351978181546396,positive,102,102,
C_COMPLEMENT_NB,4,4,186,neurotypical,textual,complement_log_weight,6.346177794030949,6.346177794030949,positive,103,103,
C_COMPLEMENT_NB,4,4,237,somebody,textual,complement_log_weight,6.343649997667088,6.343649997667088,positive,104,104,
C_COMPLEMENT_NB,4,4,137,job,textual,complement_log_weight,6.339251758106902,6.339251758106902,positive,105,105,
C_COMPLEMENT_NB,4,4,249,studies,textual,complement_log_weight,6.333121220659889,6.333121220659889,positive,106,106,
C_COMPLEMENT_NB,4,4,119,helps,textual,complement_log_weight,6.325400984702926,6.325400984702926,positive,107,107,
C_COMPLEMENT_NB,4,4,233,sit,textual,complement_log_weight,6.324145550397869,6.324145550397869,positive,108,108,
C_COMPLEMENT_NB,4,4,98,follow,textual,complement_log_weight,6.322342033969306,6.322342033969306,positive,109,109,
C_COMPLEMENT_NB,4,4,215,research,textual,complement_log_weight,6.319663979958035,6.319663979958035,positive,110,110,
C_COMPLEMENT_NB,4,4,139,kids,textual,complement_log_weight,6.3119407300957056,6.3119407300957056,positive,111,111,
C_COMPLEMENT_NB,4,4,12,adhd medication,textual,complement_log_weight,6.310095140913317,6.310095140913317,positive,112,112,
C_COMPLEMENT_NB,4,4,122,highly,textual,complement_log_weight,6.3100511904557886,6.3100511904557886,positive,113,113,
C_COMPLEMENT_NB,4,4,240,stay,textual,complement_log_weight,6.306663612894743,6.306663612894743,positive,114,114,
C_COMPLEMENT_NB,4,4,284,ve got,textual,complement_log_weight,6.30526779623768,6.30526779623768,positive,115,115,
C_COMPLEMENT_NB,4,4,203,present,textual,complement_log_weight,6.299725931037546,6.299725931037546,positive,116,116,
C_COMPLEMENT_NB,4,4,223,seen,textual,complement_log_weight,6.298550499944792,6.298550499944792,positive,117,117,
C_COMPLEMENT_NB,4,4,148,let talk,textual,complement_log_weight,6.2941003898672605,6.2941003898672605,positive,118,118,
C_COMPLEMENT_NB,4,4,10,adhd brain,textual,complement_log_weight,6.293344160981191,6.293344160981191,positive,119,119,
C_COMPLEMENT_NB,4,4,112,happens,textual,complement_log_weight,6.292401981992293,6.292401981992293,positive,120,120,
C_COMPLEMENT_NB,4,4,26,behavior,textual,complement_log_weight,6.290670258263753,6.290670258263753,positive,121,121,
C_COMPLEMENT_NB,4,4,75,easily,textual,complement_log_weight,6.2825360595292326,6.2825360595292326,positive,122,122,
C_COMPLEMENT_NB,4,4,294,world,textual,complement_log_weight,6.280165164277672,6.280165164277672,positive,123,123,
C_COMPLEMENT_NB,4,4,96,finally,textual,complement_log_weight,6.279241481336504,6.279241481336504,positive,124,124,
C_COMPLEMENT_NB,4,4,68,doctor,textual,complement_log_weight,6.277312575806773,6.277312575806773,positive,125,125,
C_COMPLEMENT_NB,4,4,299,yes,textual,complement_log_weight,6.273943369841129,6.273943369841129,positive,126,126,
C_COMPLEMENT_NB,4,4,55,deficit,textual,complement_log_weight,6.273271506793754,6.273271506793754,positive,127,127,
C_COMPLEMENT_NB,4,4,230,short,textual,complement_log_weight,6.270708828505765,6.270708828505765,positive,128,128,
C_COMPLEMENT_NB,4,4,227,sensory,textual,complement_log_weight,6.270143294235582,6.270143294235582,positive,129,129,
C_COMPLEMENT_NB,4,4,166,low,textual,complement_log_weight,6.266518321907382,6.266518321907382,positive,130,130,
C_COMPLEMENT_NB,4,4,212,regulation,textual,complement_log_weight,6.264890715379375,6.264890715379375,positive,131,131,
C_COMPLEMENT_NB,4,4,39,certain,textual,complement_log_weight,6.264666997250928,6.264666997250928,positive,132,132,
C_COMPLEMENT_NB,4,4,196,pay,textual,complement_log_weight,6.259170521661433,6.259170521661433,positive,133,133,
C_COMPLEMENT_NB,4,4,31,body,textual,complement_log_weight,6.2542696597240095,6.2542696597240095,positive,134,134,
C_COMPLEMENT_NB,4,4,85,everybody,textual,complement_log_weight,6.248547546901881,6.248547546901881,positive,135,135,
C_COMPLEMENT_NB,4,4,207,protein,textual,complement_log_weight,6.248339378901729,6.248339378901729,positive,136,136,
C_COMPLEMENT_NB,4,4,195,patients,textual,complement_log_weight,6.248256421369972,6.248256421369972,positive,137,137,
C_COMPLEMENT_NB,4,4,226,sensitive,textual,complement_log_weight,6.246776577193966,6.246776577193966,positive,138,138,
C_COMPLEMENT_NB,4,4,48,condition,textual,complement_log_weight,6.240683608686697,6.240683608686697,positive,139,139,
C_COMPLEMENT_NB,4,4,64,differently,textual,complement_log_weight,6.240028102767968,6.240028102767968,positive,140,140,
C_COMPLEMENT_NB,4,4,99,food,textual,complement_log_weight,6.235290385048858,6.235290385048858,positive,141,141,
C_COMPLEMENT_NB,4,4,40,change,textual,complement_log_weight,6.231365443986773,6.231365443986773,positive,142,142,
C_COMPLEMENT_NB,4,4,100,foods,textual,complement_log_weight,6.229003814260303,6.229003814260303,positive,143,143,
C_COMPLEMENT_NB,4,4,51,control,textual,complement_log_weight,6.224685292245816,6.224685292245816,positive,144,144,
C_COMPLEMENT_NB,4,4,159,long term,textual,complement_log_weight,6.2222287717541525,6.2222287717541525,positive,145,145,
C_COMPLEMENT_NB,4,4,30,bit,textual,complement_log_weight,6.217929898843711,6.217929898843711,positive,146,146,
C_COMPLEMENT_NB,4,4,201,physical,textual,complement_log_weight,6.214864981038668,6.214864981038668,positive,147,147,
C_COMPLEMENT_NB,4,4,217,risk,textual,complement_log_weight,6.211439567833899,6.211439567833899,positive,148,148,
C_COMPLEMENT_NB,4,4,86,example,textual,complement_log_weight,6.2077369639883235,6.2077369639883235,positive,149,149,
C_COMPLEMENT_NB,4,4,25,bad,textual,complement_log_weight,6.206231229943856,6.206231229943856,positive,150,150,
C_COMPLEMENT_NB,4,4,149,level,textual,complement_log_weight,6.205579708326093,6.205579708326093,positive,151,151,
C_COMPLEMENT_NB,4,4,124,hyperactive,textual,complement_log_weight,6.204426109876514,6.204426109876514,positive,152,152,
C_COMPLEMENT_NB,4,4,176,medicine,textual,complement_log_weight,6.201985670185909,6.201985670185909,positive,153,153,
C_COMPLEMENT_NB,4,4,267,things like,textual,complement_log_weight,6.1949398800702555,6.1949398800702555,positive,154,154,
C_COMPLEMENT_NB,4,4,116,health,textual,complement_log_weight,6.191872946443113,6.191872946443113,positive,155,155,
C_COMPLEMENT_NB,4,4,274,trying,textual,complement_log_weight,6.190287321257257,6.190287321257257,positive,156,156,
C_COMPLEMENT_NB,4,4,254,sure,textual,complement_log_weight,6.189502925208387,6.189502925208387,positive,157,157,
C_COMPLEMENT_NB,4,4,222,second,textual,complement_log_weight,6.186564754443014,6.186564754443014,positive,158,158,
C_COMPLEMENT_NB,4,4,114,harder,textual,complement_log_weight,6.183860946014099,6.183860946014099,positive,159,159,
C_COMPLEMENT_NB,4,4,282,usually,textual,complement_log_weight,6.180950206749957,6.180950206749957,positive,160,160,
C_COMPLEMENT_NB,4,4,130,inattentive,textual,complement_log_weight,6.171889917217129,6.171889917217129,positive,161,161,
C_COMPLEMENT_NB,4,4,250,study,textual,complement_log_weight,6.162936397186375,6.162936397186375,positive,162,162,
C_COMPLEMENT_NB,4,4,7,add,textual,complement_log_weight,6.159728732952448,6.159728732952448,positive,163,163,
C_COMPLEMENT_NB,4,4,275,type,textual,complement_log_weight,6.158196940074445,6.158196940074445,positive,164,164,
C_COMPLEMENT_NB,4,4,178,mental,textual,complement_log_weight,6.1510674067909665,6.1510674067909665,positive,165,165,
C_COMPLEMENT_NB,4,4,5,activity,textual,complement_log_weight,6.149194613628453,6.149194613628453,positive,166,166,
C_COMPLEMENT_NB,4,4,205,problem,textual,complement_log_weight,6.146137591220825,6.146137591220825,positive,167,167,
C_COMPLEMENT_NB,4,4,253,support,textual,complement_log_weight,6.145968057517131,6.145968057517131,positive,168,168,
C_COMPLEMENT_NB,4,4,298,years,textual,complement_log_weight,6.145735989163499,6.145735989163499,positive,169,169,
C_COMPLEMENT_NB,4,4,264,test,textual,complement_log_weight,6.145590105847244,6.145590105847244,positive,170,170,
C_COMPLEMENT_NB,4,4,297,yeah,textual,complement_log_weight,6.144777183255554,6.144777183255554,positive,171,171,
C_COMPLEMENT_NB,4,4,213,relationships,textual,complement_log_weight,6.144629416478452,6.144629416478452,positive,172,172,
C_COMPLEMENT_NB,4,4,93,feel like,textual,complement_log_weight,6.142551439310271,6.142551439310271,positive,173,173,
C_COMPLEMENT_NB,4,4,190,oh,textual,complement_log_weight,6.140611183174001,6.140611183174001,positive,174,174,
C_COMPLEMENT_NB,4,4,245,strategies,textual,complement_log_weight,6.140016791213085,6.140016791213085,positive,175,175,
C_COMPLEMENT_NB,4,4,79,effects,textual,complement_log_weight,6.139614056717358,6.139614056717358,positive,176,176,
C_COMPLEMENT_NB,4,4,135,isn,textual,complement_log_weight,6.136733736832551,6.136733736832551,positive,177,177,
C_COMPLEMENT_NB,4,4,50,constantly,textual,complement_log_weight,6.135933424421962,6.135933424421962,positive,178,178,
C_COMPLEMENT_NB,4,4,131,increase,textual,complement_log_weight,6.134375005854675,6.134375005854675,positive,179,179,
C_COMPLEMENT_NB,4,4,180,minutes,textual,complement_log_weight,6.128092184737863,6.128092184737863,positive,180,180,
C_COMPLEMENT_NB,4,4,169,making,textual,complement_log_weight,6.125242054649188,6.125242054649188,positive,181,181,
C_COMPLEMENT_NB,4,4,33,brains,textual,complement_log_weight,6.118027092256462,6.118027092256462,positive,182,182,
C_COMPLEMENT_NB,4,4,224,self,textual,complement_log_weight,6.117327273165439,6.117327273165439,positive,183,183,
C_COMPLEMENT_NB,4,4,28,better,textual,complement_log_weight,6.109439068531954,6.109439068531954,positive,184,184,
C_COMPLEMENT_NB,4,4,219,say,textual,complement_log_weight,6.108179086897745,6.108179086897745,positive,185,185,
C_COMPLEMENT_NB,4,4,140,kind,textual,complement_log_weight,6.10699833232979,6.10699833232979,positive,186,186,
C_COMPLEMENT_NB,4,4,273,try,textual,complement_log_weight,6.103295103781371,6.103295103781371,positive,187,187,
C_COMPLEMENT_NB,4,4,165,love,textual,complement_log_weight,6.098126455460733,6.098126455460733,positive,188,188,
C_COMPLEMENT_NB,4,4,62,difference,textual,complement_log_weight,6.096112366825886,6.096112366825886,positive,189,189,
C_COMPLEMENT_NB,4,4,84,especially,textual,complement_log_weight,6.0943087840080095,6.0943087840080095,positive,190,190,
C_COMPLEMENT_NB,4,4,276,uh,textual,complement_log_weight,6.092520283879114,6.092520283879114,positive,191,191,
C_COMPLEMENT_NB,4,4,285,video,textual,complement_log_weight,6.090161491256693,6.090161491256693,positive,192,192,
C_COMPLEMENT_NB,4,4,0,10,textual,complement_log_weight,6.084115915222713,6.084115915222713,positive,193,193,
C_COMPLEMENT_NB,4,4,172,mean,textual,complement_log_weight,6.083475516715479,6.083475516715479,positive,194,194,
C_COMPLEMENT_NB,4,4,214,remember,textual,complement_log_weight,6.080566457572818,6.080566457572818,positive,195,195,
C_COMPLEMENT_NB,4,4,208,real,textual,complement_log_weight,6.080028150680578,6.080028150680578,positive,196,196,
C_COMPLEMENT_NB,4,4,22,autism,textual,complement_log_weight,6.079947905573645,6.079947905573645,positive,197,197,
C_COMPLEMENT_NB,4,4,133,instead,textual,complement_log_weight,6.078482178002448,6.078482178002448,positive,198,198,
C_COMPLEMENT_NB,4,4,256,taking,textual,complement_log_weight,6.077610899986712,6.077610899986712,positive,199,199,
C_COMPLEMENT_NB,4,4,91,fast,textual,complement_log_weight,6.074749796446288,6.074749796446288,positive,200,200,
C_COMPLEMENT_NB,4,4,278,understand,textual,complement_log_weight,6.067435102658363,6.067435102658363,positive,201,201,
C_COMPLEMENT_NB,4,4,3,able,textual,complement_log_weight,6.0648238981875275,6.0648238981875275,positive,202,202,
C_COMPLEMENT_NB,4,4,67,distracted,textual,complement_log_weight,6.061864604273163,6.061864604273163,positive,203,203,
C_COMPLEMENT_NB,4,4,101,forget,textual,complement_log_weight,6.059405592701692,6.059405592701692,positive,204,204,
C_COMPLEMENT_NB,4,4,87,executive,textual,complement_log_weight,6.049785095966674,6.049785095966674,positive,205,205,
C_COMPLEMENT_NB,4,4,81,emotions,textual,complement_log_weight,6.042064802961065,6.042064802961065,positive,206,206,
C_COMPLEMENT_NB,4,4,110,got,textual,complement_log_weight,6.041510976374714,6.041510976374714,positive,207,207,
C_COMPLEMENT_NB,4,4,155,little,textual,complement_log_weight,6.041271209581194,6.041271209581194,positive,208,208,
C_COMPLEMENT_NB,4,4,29,big,textual,complement_log_weight,6.039307478978039,6.039307478978039,positive,209,209,
C_COMPLEMENT_NB,4,4,175,medications,textual,complement_log_weight,6.025463858461442,6.025463858461442,positive,210,210,
C_COMPLEMENT_NB,4,4,143,late,textual,complement_log_weight,6.015956171240463,6.015956171240463,positive,211,211,
C_COMPLEMENT_NB,4,4,153,likely,textual,complement_log_weight,6.012156116356334,6.012156116356334,positive,212,212,
C_COMPLEMENT_NB,4,4,120,high,textual,complement_log_weight,6.01198873525037,6.01198873525037,positive,213,213,
C_COMPLEMENT_NB,4,4,19,anxiety,textual,complement_log_weight,6.005270862748798,6.005270862748798,positive,214,214,
C_COMPLEMENT_NB,4,4,42,children,textual,complement_log_weight,6.001321747364627,6.001321747364627,positive,215,215,
C_COMPLEMENT_NB,4,4,113,hard,textual,complement_log_weight,5.996074425465845,5.996074425465845,positive,216,216,
C_COMPLEMENT_NB,4,4,70,doesn,textual,complement_log_weight,5.99569611965803,5.99569611965803,positive,217,217,
C_COMPLEMENT_NB,4,4,261,tell,textual,complement_log_weight,5.986331741541528,5.986331741541528,positive,218,218,
C_COMPLEMENT_NB,4,4,242,stimulants,textual,complement_log_weight,5.983383341793273,5.983383341793273,positive,219,219,
C_COMPLEMENT_NB,4,4,56,depression,textual,complement_log_weight,5.983206874488986,5.983206874488986,positive,220,220,
C_COMPLEMENT_NB,4,4,128,impulsive,textual,complement_log_weight,5.974351823840585,5.974351823840585,positive,221,221,
C_COMPLEMENT_NB,4,4,272,trouble,textual,complement_log_weight,5.963680786997735,5.963680786997735,positive,222,222,
C_COMPLEMENT_NB,4,4,61,diet,textual,complement_log_weight,5.961236079837801,5.961236079837801,positive,223,223,
C_COMPLEMENT_NB,4,4,44,comes,textual,complement_log_weight,5.956609293092814,5.956609293092814,positive,224,224,
C_COMPLEMENT_NB,4,4,263,term,textual,complement_log_weight,5.945457476334681,5.945457476334681,positive,225,225,
C_COMPLEMENT_NB,4,4,259,task,textual,complement_log_weight,5.93982900241103,5.93982900241103,positive,226,226,
C_COMPLEMENT_NB,4,4,158,long,textual,complement_log_weight,5.9380145169130705,5.9380145169130705,positive,227,227,
C_COMPLEMENT_NB,4,4,177,memory,textual,complement_log_weight,5.928780256079002,5.928780256079002,positive,228,228,
C_COMPLEMENT_NB,4,4,221,school,textual,complement_log_weight,5.923235937373181,5.923235937373181,positive,229,229,
C_COMPLEMENT_NB,4,4,182,music,textual,complement_log_weight,5.922697414454484,5.922697414454484,positive,230,230,
C_COMPLEMENT_NB,4,4,129,impulsivity,textual,complement_log_weight,5.920679333378079,5.920679333378079,positive,231,231,
C_COMPLEMENT_NB,4,4,57,diagnosed,textual,complement_log_weight,5.9123909768879575,5.9123909768879575,positive,232,232,
C_COMPLEMENT_NB,4,4,121,higher,textual,complement_log_weight,5.898908365471371,5.898908365471371,positive,233,233,
C_COMPLEMENT_NB,4,4,71,doing,textual,complement_log_weight,5.8964491487744155,5.8964491487744155,positive,234,234,
C_COMPLEMENT_NB,4,4,147,let,textual,complement_log_weight,5.8922876135162285,5.8922876135162285,positive,235,235,
C_COMPLEMENT_NB,4,4,290,women,textual,complement_log_weight,5.878823139177028,5.878823139177028,positive,236,236,
C_COMPLEMENT_NB,4,4,247,struggle,textual,complement_log_weight,5.876753343017939,5.876753343017939,positive,237,237,
C_COMPLEMENT_NB,4,4,258,talking,textual,complement_log_weight,5.863651409793398,5.863651409793398,positive,238,238,
C_COMPLEMENT_NB,4,4,241,stimulant,textual,complement_log_weight,5.840530680214059,5.840530680214059,positive,239,239,
C_COMPLEMENT_NB,4,4,262,tend,textual,complement_log_weight,5.837706377617536,5.837706377617536,positive,240,240,
C_COMPLEMENT_NB,4,4,66,disorder,textual,complement_log_weight,5.837565658668932,5.837565658668932,positive,241,241,
C_COMPLEMENT_NB,4,4,206,problems,textual,complement_log_weight,5.820304696215582,5.820304696215582,positive,242,242,
C_COMPLEMENT_NB,4,4,65,difficulty,textual,complement_log_weight,5.8191835592056735,5.8191835592056735,positive,243,243,
C_COMPLEMENT_NB,4,4,80,emotional,textual,complement_log_weight,5.809867276176273,5.809867276176273,positive,244,244,
C_COMPLEMENT_NB,4,4,88,experience,textual,complement_log_weight,5.809641780776373,5.809641780776373,positive,245,245,
C_COMPLEMENT_NB,4,4,260,tasks,textual,complement_log_weight,5.8067090998519975,5.8067090998519975,positive,246,246,
C_COMPLEMENT_NB,4,4,216,right,textual,complement_log_weight,5.8057379229235995,5.8057379229235995,positive,247,247,
C_COMPLEMENT_NB,4,4,136,issues,textual,complement_log_weight,5.79257583999845,5.79257583999845,positive,248,248,
C_COMPLEMENT_NB,4,4,109,good,textual,complement_log_weight,5.776144932657169,5.776144932657169,positive,249,249,
C_COMPLEMENT_NB,4,4,69,does,textual,complement_log_weight,5.770711186993455,5.770711186993455,positive,250,250,
C_COMPLEMENT_NB,4,4,257,talk,textual,complement_log_weight,5.76401627053858,5.76401627053858,positive,251,251,
C_COMPLEMENT_NB,4,4,232,signs,textual,complement_log_weight,5.754704925124454,5.754704925124454,positive,252,252,
C_COMPLEMENT_NB,4,4,127,important,textual,complement_log_weight,5.745030457985935,5.745030457985935,positive,253,253,
C_COMPLEMENT_NB,4,4,16,adults,textual,complement_log_weight,5.743724397962464,5.743724397962464,positive,254,254,
C_COMPLEMENT_NB,4,4,115,having,textual,complement_log_weight,5.734099722319715,5.734099722319715,positive,255,255,
C_COMPLEMENT_NB,4,4,288,way,textual,complement_log_weight,5.7239771080718995,5.7239771080718995,positive,256,256,
C_COMPLEMENT_NB,4,4,279,use,textual,complement_log_weight,5.722058069031067,5.722058069031067,positive,257,257,
C_COMPLEMENT_NB,4,4,46,common,textual,complement_log_weight,5.721150060464571,5.721150060464571,positive,258,258,
C_COMPLEMENT_NB,4,4,287,want,textual,complement_log_weight,5.701140428784815,5.701140428784815,positive,259,259,
C_COMPLEMENT_NB,4,4,199,person,textual,complement_log_weight,5.697132679248005,5.697132679248005,positive,260,260,
C_COMPLEMENT_NB,4,4,58,diagnosis,textual,complement_log_weight,5.692779931649347,5.692779931649347,positive,261,261,
C_COMPLEMENT_NB,4,4,151,life,textual,complement_log_weight,5.690781218561838,5.690781218561838,positive,262,262,
C_COMPLEMENT_NB,4,4,41,child,textual,complement_log_weight,5.688385512680442,5.688385512680442,positive,263,263,
C_COMPLEMENT_NB,4,4,265,thing,textual,complement_log_weight,5.674466185772615,5.674466185772615,positive,264,264,
C_COMPLEMENT_NB,4,4,53,day,textual,complement_log_weight,5.67334545431673,5.67334545431673,positive,265,265,
C_COMPLEMENT_NB,4,4,14,adhd symptoms,textual,complement_log_weight,5.669365005604018,5.669365005604018,positive,266,266,
C_COMPLEMENT_NB,4,4,183,need,textual,complement_log_weight,5.634770618651205,5.634770618651205,positive,267,267,
C_COMPLEMENT_NB,4,4,291,work,textual,complement_log_weight,5.6210013719503635,5.6210013719503635,positive,268,268,
C_COMPLEMENT_NB,4,4,157,ll,textual,complement_log_weight,5.618289002895626,5.618289002895626,positive,269,269,
C_COMPLEMENT_NB,4,4,6,actually,textual,complement_log_weight,5.5973660084464765,5.5973660084464765,positive,270,270,
C_COMPLEMENT_NB,4,4,63,different,textual,complement_log_weight,5.593244732788457,5.593244732788457,positive,271,271,
C_COMPLEMENT_NB,4,4,160,look,textual,complement_log_weight,5.592461968724555,5.592461968724555,positive,272,272,
C_COMPLEMENT_NB,4,4,167,make,textual,complement_log_weight,5.5901840139173755,5.5901840139173755,positive,273,273,
C_COMPLEMENT_NB,4,4,283,ve,textual,complement_log_weight,5.586368969265947,5.586368969265947,positive,274,274,
C_COMPLEMENT_NB,4,4,234,sleep,textual,complement_log_weight,5.5803331992824505,5.5803331992824505,positive,275,275,
C_COMPLEMENT_NB,4,4,106,getting,textual,complement_log_weight,5.5774153779021995,5.5774153779021995,positive,276,276,
C_COMPLEMENT_NB,4,4,238,start,textual,complement_log_weight,5.570686248421229,5.570686248421229,positive,277,277,
C_COMPLEMENT_NB,4,4,117,help,textual,complement_log_weight,5.544594867609968,5.544594867609968,positive,278,278,
C_COMPLEMENT_NB,4,4,125,hyperactivity,textual,complement_log_weight,5.520878372785201,5.520878372785201,positive,279,279,
C_COMPLEMENT_NB,4,4,97,focus,textual,complement_log_weight,5.51373252054628,5.51373252054628,positive,280,280,
C_COMPLEMENT_NB,4,4,268,think,textual,complement_log_weight,5.48960024783765,5.48960024783765,positive,281,281,
C_COMPLEMENT_NB,4,4,92,feel,textual,complement_log_weight,5.476337324828782,5.476337324828782,positive,282,282,
C_COMPLEMENT_NB,4,4,108,going,textual,complement_log_weight,5.461018017188012,5.461018017188012,positive,283,283,
C_COMPLEMENT_NB,4,4,198,people adhd,textual,complement_log_weight,5.453730214497457,5.453730214497457,positive,284,284,
C_COMPLEMENT_NB,4,4,174,medication,textual,complement_log_weight,5.408343328004768,5.408343328004768,positive,285,285,
C_COMPLEMENT_NB,4,4,73,dopamine,textual,complement_log_weight,5.377741301617259,5.377741301617259,positive,286,286,
C_COMPLEMENT_NB,4,4,162,lot,textual,complement_log_weight,5.373190999162376,5.373190999162376,positive,287,287,
C_COMPLEMENT_NB,4,4,189,number,textual,complement_log_weight,5.3271299301174135,5.3271299301174135,positive,288,288,
C_COMPLEMENT_NB,4,4,72,don,textual,complement_log_weight,5.325499594476968,5.325499594476968,positive,289,289,
C_COMPLEMENT_NB,4,4,141,know,textual,complement_log_weight,5.303858121968355,5.303858121968355,positive,290,290,
C_COMPLEMENT_NB,4,4,210,really,textual,complement_log_weight,5.3006812556703915,5.3006812556703915,positive,291,291,
C_COMPLEMENT_NB,4,4,21,attention,textual,complement_log_weight,5.220322069638787,5.220322069638787,positive,292,292,
C_COMPLEMENT_NB,4,4,269,time,textual,complement_log_weight,5.16030593856983,5.16030593856983,positive,293,293,
C_COMPLEMENT_NB,4,4,266,things,textual,complement_log_weight,5.106579986725808,5.106579986725808,positive,294,294,
C_COMPLEMENT_NB,4,4,138,just,textual,complement_log_weight,5.063925206635539,5.063925206635539,positive,295,295,
C_COMPLEMENT_NB,4,4,32,brain,textual,complement_log_weight,4.97162224571342,4.97162224571342,positive,296,296,
C_COMPLEMENT_NB,4,4,255,symptoms,textual,complement_log_weight,4.916070341692774,4.916070341692774,positive,297,297,
C_COMPLEMENT_NB,4,4,197,people,textual,complement_log_weight,4.846240218103733,4.846240218103733,positive,298,298,
C_COMPLEMENT_NB,4,4,152,like,textual,complement_log_weight,4.750497311747365,4.750497311747365,positive,299,299,
C_COMPLEMENT_NB,4,4,9,adhd,textual,complement_log_weight,4.08023473669927,4.08023473669927,positive,300,300,
C_COMPLEMENT_NB,4,4,300,certainty_score,handcrafted_linguistic,complement_log_weight,3.6720650086485462,3.6720650086485462,positive,301,301,
C_COMPLEMENT_NB,4,4,301,hedge_score,handcrafted_linguistic,complement_log_weight,3.634231353505308,3.634231353505308,positive,302,302,
C_COMPLEMENT_NB,4,4,303,comments_within_platform_percentile,engagement_or_format,complement_log_weight,2.81756876115059,2.81756876115059,positive,303,303,
C_COMPLEMENT_NB,4,4,302,likes_within_platform_percentile,engagement_or_format,complement_log_weight,2.8152149739045638,2.8152149739045638,positive,304,304,
C_COMPLEMENT_NB,4,4,304,views_within_platform_percentile,engagement_or_format,complement_log_weight,2.8139253737762484,2.8139253737762484,positive,305,305,
C_COMPLEMENT_NB,4,4,305,duration_sec_within_platform_percentile,engagement_or_format,complement_log_weight,2.811339977536748,2.811339977536748,positive,306,306,
C_COMPLEMENT_NB,5,1,5,activities,textual,complement_log_weight,7.51809589139734,7.51809589139734,positive,1,1,
C_COMPLEMENT_NB,5,1,272,trouble,textual,complement_log_weight,7.351258170948723,7.351258170948723,positive,2,2,
C_COMPLEMENT_NB,5,1,135,impact,textual,complement_log_weight,7.220118644193814,7.220118644193814,positive,3,3,
C_COMPLEMENT_NB,5,1,185,music,textual,complement_log_weight,7.185613127627475,7.185613127627475,positive,4,4,
C_COMPLEMENT_NB,5,1,262,therapy,textual,complement_log_weight,7.0097270380479655,7.0097270380479655,positive,5,5,
C_COMPLEMENT_NB,5,1,275,turn,textual,complement_log_weight,6.997985460117802,6.997985460117802,positive,6,6,
C_COMPLEMENT_NB,5,1,195,parents,textual,complement_log_weight,6.940452701262692,6.940452701262692,positive,7,7,
C_COMPLEMENT_NB,5,1,50,condition,textual,complement_log_weight,6.9325548310083756,6.9325548310083756,positive,8,8,
C_COMPLEMENT_NB,5,1,15,adult,textual,complement_log_weight,6.920990460273589,6.920990460273589,positive,9,9,
C_COMPLEMENT_NB,5,1,72,doctor,textual,complement_log_weight,6.913728732709415,6.913728732709415,positive,10,10,
C_COMPLEMENT_NB,5,1,194,overwhelmed,textual,complement_log_weight,6.910489394787426,6.910489394787426,positive,11,11,
C_COMPLEMENT_NB,5,1,271,treatment,textual,complement_log_weight,6.904376332658734,6.904376332658734,positive,12,12,
C_COMPLEMENT_NB,5,1,137,impulsive,textual,complement_log_weight,6.902637233254039,6.902637233254039,positive,13,13,
C_COMPLEMENT_NB,5,1,48,common,textual,complement_log_weight,6.902272354058733,6.902272354058733,positive,14,14,
C_COMPLEMENT_NB,5,1,242,strategies,textual,complement_log_weight,6.880536722124659,6.880536722124659,positive,15,15,
C_COMPLEMENT_NB,5,1,130,hour,textual,complement_log_weight,6.8675992116725215,6.8675992116725215,positive,16,16,
C_COMPLEMENT_NB,5,1,140,information,textual,complement_log_weight,6.866753969060078,6.866753969060078,positive,17,17,
C_COMPLEMENT_NB,5,1,177,medications,textual,complement_log_weight,6.845632143153248,6.845632143153248,positive,18,18,
C_COMPLEMENT_NB,5,1,299,yes,textual,complement_log_weight,6.84527101413368,6.84527101413368,positive,19,19,
C_COMPLEMENT_NB,5,1,231,small,textual,complement_log_weight,6.830705673910662,6.830705673910662,positive,20,20,
C_COMPLEMENT_NB,5,1,268,thoughts,textual,complement_log_weight,6.8247760756807745,6.8247760756807745,positive,21,21,
C_COMPLEMENT_NB,5,1,27,based,textual,complement_log_weight,6.814415136446478,6.814415136446478,positive,22,22,
C_COMPLEMENT_NB,5,1,278,um,textual,complement_log_weight,6.810294809730701,6.810294809730701,positive,23,23,
C_COMPLEMENT_NB,5,1,77,don know,textual,complement_log_weight,6.809775271310647,6.809775271310647,positive,24,24,
C_COMPLEMENT_NB,5,1,219,saying,textual,complement_log_weight,6.808385709036558,6.808385709036558,positive,25,25,
C_COMPLEMENT_NB,5,1,117,half,textual,complement_log_weight,6.801920371929469,6.801920371929469,positive,26,26,
C_COMPLEMENT_NB,5,1,255,talking,textual,complement_log_weight,6.799170823904826,6.799170823904826,positive,27,27,
C_COMPLEMENT_NB,5,1,4,absolutely,textual,complement_log_weight,6.797821365303106,6.797821365303106,positive,28,28,
C_COMPLEMENT_NB,5,1,202,place,textual,complement_log_weight,6.796989771146893,6.796989771146893,positive,29,29,
C_COMPLEMENT_NB,5,1,81,easily,textual,complement_log_weight,6.791556982184239,6.791556982184239,positive,30,30,
C_COMPLEMENT_NB,5,1,67,differently,textual,complement_log_weight,6.7851141316638826,6.7851141316638826,positive,31,31,
C_COMPLEMENT_NB,5,1,101,focused,textual,complement_log_weight,6.781337332733169,6.781337332733169,positive,32,32,
C_COMPLEMENT_NB,5,1,82,eat,textual,complement_log_weight,6.779489906271828,6.779489906271828,positive,33,33,
C_COMPLEMENT_NB,5,1,277,uh,textual,complement_log_weight,6.779321097316567,6.779321097316567,positive,34,34,
C_COMPLEMENT_NB,5,1,246,studies,textual,complement_log_weight,6.778993090207769,6.778993090207769,positive,35,35,
C_COMPLEMENT_NB,5,1,165,looking,textual,complement_log_weight,6.775357185915405,6.775357185915405,positive,36,36,
C_COMPLEMENT_NB,5,1,60,diagnosed adhd,textual,complement_log_weight,6.752525478106122,6.752525478106122,positive,37,37,
C_COMPLEMENT_NB,5,1,24,autism,textual,complement_log_weight,6.737605777993239,6.737605777993239,positive,38,38,
C_COMPLEMENT_NB,5,1,42,certain,textual,complement_log_weight,6.737411966318348,6.737411966318348,positive,39,39,
C_COMPLEMENT_NB,5,1,228,single,textual,complement_log_weight,6.7366529354575535,6.7366529354575535,positive,40,40,
C_COMPLEMENT_NB,5,1,65,difference,textual,complement_log_weight,6.734476925808994,6.734476925808994,positive,41,41,
C_COMPLEMENT_NB,5,1,270,times,textual,complement_log_weight,6.730148004845832,6.730148004845832,positive,42,42,
C_COMPLEMENT_NB,5,1,138,impulsivity,textual,complement_log_weight,6.7261862647882,6.7261862647882,positive,43,43,
C_COMPLEMENT_NB,5,1,68,difficult,textual,complement_log_weight,6.725601034185391,6.725601034185391,positive,44,44,
C_COMPLEMENT_NB,5,1,110,goes,textual,complement_log_weight,6.725005381604311,6.725005381604311,positive,45,45,
C_COMPLEMENT_NB,5,1,282,using,textual,complement_log_weight,6.720757441481366,6.720757441481366,positive,46,46,
C_COMPLEMENT_NB,5,1,214,relationships,textual,complement_log_weight,6.719543734897905,6.719543734897905,positive,47,47,
C_COMPLEMENT_NB,5,1,281,used,textual,complement_log_weight,6.718367371257541,6.718367371257541,positive,48,48,
C_COMPLEMENT_NB,5,1,79,dr,textual,complement_log_weight,6.716868604483321,6.716868604483321,positive,49,49,
C_COMPLEMENT_NB,5,1,120,harder,textual,complement_log_weight,6.715766302609836,6.715766302609836,positive,50,50,
C_COMPLEMENT_NB,5,1,245,struggling,textual,complement_log_weight,6.714010696565783,6.714010696565783,positive,51,51,
C_COMPLEMENT_NB,5,1,52,constant,textual,complement_log_weight,6.706141379033156,6.706141379033156,positive,52,52,
C_COMPLEMENT_NB,5,1,80,drink,textual,complement_log_weight,6.704367068278247,6.704367068278247,positive,53,53,
C_COMPLEMENT_NB,5,1,160,little bit,textual,complement_log_weight,6.701852927877308,6.701852927877308,positive,54,54,
C_COMPLEMENT_NB,5,1,213,rejection,textual,complement_log_weight,6.701056979506451,6.701056979506451,positive,55,55,
C_COMPLEMENT_NB,5,1,178,meds,textual,complement_log_weight,6.695620802301839,6.695620802301839,positive,56,56,
C_COMPLEMENT_NB,5,1,49,completely,textual,complement_log_weight,6.695015934322998,6.695015934322998,positive,57,57,
C_COMPLEMENT_NB,5,1,131,hours,textual,complement_log_weight,6.688638570320244,6.688638570320244,positive,58,58,
C_COMPLEMENT_NB,5,1,200,phone,textual,complement_log_weight,6.688455363268365,6.688455363268365,positive,59,59,
C_COMPLEMENT_NB,5,1,107,function,textual,complement_log_weight,6.680872123897571,6.680872123897571,positive,60,60,
C_COMPLEMENT_NB,5,1,86,end,textual,complement_log_weight,6.679922488670205,6.679922488670205,positive,61,61,
C_COMPLEMENT_NB,5,1,251,sure,textual,complement_log_weight,6.674358916819202,6.674358916819202,positive,62,62,
C_COMPLEMENT_NB,5,1,55,create,textual,complement_log_weight,6.670677665580606,6.670677665580606,positive,63,63,
C_COMPLEMENT_NB,5,1,180,mental,textual,complement_log_weight,6.67064465945704,6.67064465945704,positive,64,64,
C_COMPLEMENT_NB,5,1,250,support,textual,complement_log_weight,6.668443561590944,6.668443561590944,positive,65,65,
C_COMPLEMENT_NB,5,1,90,executive,textual,complement_log_weight,6.647353681530787,6.647353681530787,positive,66,66,
C_COMPLEMENT_NB,5,1,17,affects,textual,complement_log_weight,6.641137638273493,6.641137638273493,positive,67,67,
C_COMPLEMENT_NB,5,1,83,eating,textual,complement_log_weight,6.640702426706869,6.640702426706869,positive,68,68,
C_COMPLEMENT_NB,5,1,37,burnout,textual,complement_log_weight,6.63817578349476,6.63817578349476,positive,69,69,
C_COMPLEMENT_NB,5,1,115,great,textual,complement_log_weight,6.635746372716037,6.635746372716037,positive,70,70,
C_COMPLEMENT_NB,5,1,283,usually,textual,complement_log_weight,6.6297222198660135,6.6297222198660135,positive,71,71,
C_COMPLEMENT_NB,5,1,21,ask,textual,complement_log_weight,6.628552844191113,6.628552844191113,positive,72,72,
C_COMPLEMENT_NB,5,1,187,needs,textual,complement_log_weight,6.622593045139077,6.622593045139077,positive,73,73,
C_COMPLEMENT_NB,5,1,122,health,textual,complement_log_weight,6.622439710444785,6.622439710444785,positive,74,74,
C_COMPLEMENT_NB,5,1,19,anger,textual,complement_log_weight,6.621384957019881,6.621384957019881,positive,75,75,
C_COMPLEMENT_NB,5,1,232,social,textual,complement_log_weight,6.61708186608553,6.61708186608553,positive,76,76,
C_COMPLEMENT_NB,5,1,233,somebody,textual,complement_log_weight,6.616988329261357,6.616988329261357,positive,77,77,
C_COMPLEMENT_NB,5,1,2,ability,textual,complement_log_weight,6.616516624319622,6.616516624319622,positive,78,78,
C_COMPLEMENT_NB,5,1,112,gonna,textual,complement_log_weight,6.607762895306145,6.607762895306145,positive,79,79,
C_COMPLEMENT_NB,5,1,123,hear,textual,complement_log_weight,6.600210368998981,6.600210368998981,positive,80,80,
C_COMPLEMENT_NB,5,1,85,emotions,textual,complement_log_weight,6.591143760700766,6.591143760700766,positive,81,81,
C_COMPLEMENT_NB,5,1,234,sort,textual,complement_log_weight,6.5900220428792675,6.5900220428792675,positive,82,82,
C_COMPLEMENT_NB,5,1,238,stimulant,textual,complement_log_weight,6.584026388136583,6.584026388136583,positive,83,83,
C_COMPLEMENT_NB,5,1,248,stuff,textual,complement_log_weight,6.580246367989957,6.580246367989957,positive,84,84,
C_COMPLEMENT_NB,5,1,116,gut,textual,complement_log_weight,6.575622052461519,6.575622052461519,positive,85,85,
C_COMPLEMENT_NB,5,1,132,hyper,textual,complement_log_weight,6.575145918220596,6.575145918220596,positive,86,86,
C_COMPLEMENT_NB,5,1,69,difficulty,textual,complement_log_weight,6.570942288328639,6.570942288328639,positive,87,87,
C_COMPLEMENT_NB,5,1,212,regulation,textual,complement_log_weight,6.569850107996961,6.569850107996961,positive,88,88,
C_COMPLEMENT_NB,5,1,236,state,textual,complement_log_weight,6.569116881971262,6.569116881971262,positive,89,89,
C_COMPLEMENT_NB,5,1,154,levels,textual,complement_log_weight,6.5607153851032916,6.5607153851032916,positive,90,90,
C_COMPLEMENT_NB,5,1,296,wrong,textual,complement_log_weight,6.560407443509272,6.560407443509272,positive,91,91,
C_COMPLEMENT_NB,5,1,203,point,textual,complement_log_weight,6.559796570203187,6.559796570203187,positive,92,92,
C_COMPLEMENT_NB,5,1,28,basically,textual,complement_log_weight,6.551814833531098,6.551814833531098,positive,93,93,
C_COMPLEMENT_NB,5,1,169,lower,textual,complement_log_weight,6.5492419375265065,6.5492419375265065,positive,94,94,
C_COMPLEMENT_NB,5,1,106,fucking,textual,complement_log_weight,6.545567576906983,6.545567576906983,positive,95,95,
C_COMPLEMENT_NB,5,1,129,highly,textual,complement_log_weight,6.537620913745273,6.537620913745273,positive,96,96,
C_COMPLEMENT_NB,5,1,25,avoid,textual,complement_log_weight,6.5355964957363,6.5355964957363,positive,97,97,
C_COMPLEMENT_NB,5,1,139,increase,textual,complement_log_weight,6.534570205139993,6.534570205139993,positive,98,98,
C_COMPLEMENT_NB,5,1,108,gets,textual,complement_log_weight,6.534538652374128,6.534538652374128,positive,99,99,
C_COMPLEMENT_NB,5,1,91,exercise,textual,complement_log_weight,6.532190499062101,6.532190499062101,positive,100,100,
C_COMPLEMENT_NB,5,1,223,sense,textual,complement_log_weight,6.5320985148829696,6.5320985148829696,positive,101,101,
C_COMPLEMENT_NB,5,1,144,job,textual,complement_log_weight,6.528212054768052,6.528212054768052,positive,102,102,
C_COMPLEMENT_NB,5,1,196,patients,textual,complement_log_weight,6.522744084997592,6.522744084997592,positive,103,103,
C_COMPLEMENT_NB,5,1,1,20,textual,complement_log_weight,6.519848863344555,6.519848863344555,positive,104,104,
C_COMPLEMENT_NB,5,1,267,thought,textual,complement_log_weight,6.514632175807706,6.514632175807706,positive,105,105,
C_COMPLEMENT_NB,5,1,293,works,textual,complement_log_weight,6.511512484078999,6.511512484078999,positive,106,106,
C_COMPLEMENT_NB,5,1,13,adhd people,textual,complement_log_weight,6.505517567422202,6.505517567422202,positive,107,107,
C_COMPLEMENT_NB,5,1,221,second,textual,complement_log_weight,6.502716000636741,6.502716000636741,positive,108,108,
C_COMPLEMENT_NB,5,1,257,tasks,textual,complement_log_weight,6.502128552622689,6.502128552622689,positive,109,109,
C_COMPLEMENT_NB,5,1,133,hyperactive,textual,complement_log_weight,6.496124015576596,6.496124015576596,positive,110,110,
C_COMPLEMENT_NB,5,1,6,activity,textual,complement_log_weight,6.495011856990867,6.495011856990867,positive,111,111,
C_COMPLEMENT_NB,5,1,237,stay,textual,complement_log_weight,6.492667255098342,6.492667255098342,positive,112,112,
C_COMPLEMENT_NB,5,1,158,literally,textual,complement_log_weight,6.488495600182367,6.488495600182367,positive,113,113,
C_COMPLEMENT_NB,5,1,151,later,textual,complement_log_weight,6.487204565877325,6.487204565877325,positive,114,114,
C_COMPLEMENT_NB,5,1,289,ways,textual,complement_log_weight,6.4794931506150135,6.4794931506150135,positive,115,115,
C_COMPLEMENT_NB,5,1,89,everybody,textual,complement_log_weight,6.479166636543304,6.479166636543304,positive,116,116,
C_COMPLEMENT_NB,5,1,92,experience,textual,complement_log_weight,6.478041479650545,6.478041479650545,positive,117,117,
C_COMPLEMENT_NB,5,1,29,behavior,textual,complement_log_weight,6.469917158109882,6.469917158109882,positive,118,118,
C_COMPLEMENT_NB,5,1,253,taking,textual,complement_log_weight,6.466161155104467,6.466161155104467,positive,119,119,
C_COMPLEMENT_NB,5,1,103,food,textual,complement_log_weight,6.465540360978717,6.465540360978717,positive,120,120,
C_COMPLEMENT_NB,5,1,99,finally,textual,complement_log_weight,6.4614415188231415,6.4614415188231415,positive,121,121,
C_COMPLEMENT_NB,5,1,46,come,textual,complement_log_weight,6.461214124811401,6.461214124811401,positive,122,122,
C_COMPLEMENT_NB,5,1,43,change,textual,complement_log_weight,6.460670481035583,6.460670481035583,positive,123,123,
C_COMPLEMENT_NB,5,1,9,addiction,textual,complement_log_weight,6.458078549536547,6.458078549536547,positive,124,124,
C_COMPLEMENT_NB,5,1,225,sensory,textual,complement_log_weight,6.4476889577726135,6.4476889577726135,positive,125,125,
C_COMPLEMENT_NB,5,1,32,big,textual,complement_log_weight,6.445476878183416,6.445476878183416,positive,126,126,
C_COMPLEMENT_NB,5,1,226,short,textual,complement_log_weight,6.438265205899163,6.438265205899163,positive,127,127,
C_COMPLEMENT_NB,5,1,63,didn,textual,complement_log_weight,6.437758853503644,6.437758853503644,positive,128,128,
C_COMPLEMENT_NB,5,1,118,happens,textual,complement_log_weight,6.4371079449317214,6.4371079449317214,positive,129,129,
C_COMPLEMENT_NB,5,1,163,long term,textual,complement_log_weight,6.435554144425212,6.435554144425212,positive,130,130,
C_COMPLEMENT_NB,5,1,240,stimulation,textual,complement_log_weight,6.4315053214735896,6.4315053214735896,positive,131,131,
C_COMPLEMENT_NB,5,1,210,reason,textual,complement_log_weight,6.429731857610509,6.429731857610509,positive,132,132,
C_COMPLEMENT_NB,5,1,265,things like,textual,complement_log_weight,6.429327048540284,6.429327048540284,positive,133,133,
C_COMPLEMENT_NB,5,1,40,calm,textual,complement_log_weight,6.427511844483733,6.427511844483733,positive,134,134,
C_COMPLEMENT_NB,5,1,146,kids,textual,complement_log_weight,6.425422588051722,6.425422588051722,positive,135,135,
C_COMPLEMENT_NB,5,1,183,morning,textual,complement_log_weight,6.403219491542901,6.403219491542901,positive,136,136,
C_COMPLEMENT_NB,5,1,174,mean,textual,complement_log_weight,6.395454092864265,6.395454092864265,positive,137,137,
C_COMPLEMENT_NB,5,1,51,consequences,textual,complement_log_weight,6.389729290604767,6.389729290604767,positive,138,138,
C_COMPLEMENT_NB,5,1,206,problems,textual,complement_log_weight,6.381447157851338,6.381447157851338,positive,139,139,
C_COMPLEMENT_NB,5,1,286,video,textual,complement_log_weight,6.375665488086698,6.375665488086698,positive,140,140,
C_COMPLEMENT_NB,5,1,227,signs,textual,complement_log_weight,6.374842446751224,6.374842446751224,positive,141,141,
C_COMPLEMENT_NB,5,1,14,adhd symptoms,textual,complement_log_weight,6.367769403896351,6.367769403896351,positive,142,142,
C_COMPLEMENT_NB,5,1,93,fact,textual,complement_log_weight,6.366464738213361,6.366464738213361,positive,143,143,
C_COMPLEMENT_NB,5,1,33,bit,textual,complement_log_weight,6.358706027133714,6.358706027133714,positive,144,144,
C_COMPLEMENT_NB,5,1,30,best,textual,complement_log_weight,6.3571494514588025,6.3571494514588025,positive,145,145,
C_COMPLEMENT_NB,5,1,18,alcohol,textual,complement_log_weight,6.356164423264624,6.356164423264624,positive,146,146,
C_COMPLEMENT_NB,5,1,294,world,textual,complement_log_weight,6.352746383653359,6.352746383653359,positive,147,147,
C_COMPLEMENT_NB,5,1,45,children,textual,complement_log_weight,6.351053802134409,6.351053802134409,positive,148,148,
C_COMPLEMENT_NB,5,1,71,distracted,textual,complement_log_weight,6.346507858345904,6.346507858345904,positive,149,149,
C_COMPLEMENT_NB,5,1,104,foods,textual,complement_log_weight,6.3455403514290545,6.3455403514290545,positive,150,150,
C_COMPLEMENT_NB,5,1,173,maybe,textual,complement_log_weight,6.33953533097371,6.33953533097371,positive,151,151,
C_COMPLEMENT_NB,5,1,168,low,textual,complement_log_weight,6.337649804516497,6.337649804516497,positive,152,152,
C_COMPLEMENT_NB,5,1,216,research,textual,complement_log_weight,6.33680731058035,6.33680731058035,positive,153,153,
C_COMPLEMENT_NB,5,1,38,caffeine,textual,complement_log_weight,6.336150776754058,6.336150776754058,positive,154,154,
C_COMPLEMENT_NB,5,1,192,oh,textual,complement_log_weight,6.331264700352099,6.331264700352099,positive,155,155,
C_COMPLEMENT_NB,5,1,23,attention deficit,textual,complement_log_weight,6.324853739499718,6.324853739499718,positive,156,156,
C_COMPLEMENT_NB,5,1,61,diagnosis,textual,complement_log_weight,6.324830880588734,6.324830880588734,positive,157,157,
C_COMPLEMENT_NB,5,1,53,constantly,textual,complement_log_weight,6.324249112054645,6.324249112054645,positive,158,158,
C_COMPLEMENT_NB,5,1,87,energy,textual,complement_log_weight,6.318489714779864,6.318489714779864,positive,159,159,
C_COMPLEMENT_NB,5,1,211,regulate,textual,complement_log_weight,6.317462833844768,6.317462833844768,positive,160,160,
C_COMPLEMENT_NB,5,1,201,physical,textual,complement_log_weight,6.317124153075782,6.317124153075782,positive,161,161,
C_COMPLEMENT_NB,5,1,94,fast,textual,complement_log_weight,6.312339895670504,6.312339895670504,positive,162,162,
C_COMPLEMENT_NB,5,1,247,study,textual,complement_log_weight,6.311192026781561,6.311192026781561,positive,163,163,
C_COMPLEMENT_NB,5,1,172,making,textual,complement_log_weight,6.310861893918861,6.310861893918861,positive,164,164,
C_COMPLEMENT_NB,5,1,102,follow,textual,complement_log_weight,6.308735725293366,6.308735725293366,positive,165,165,
C_COMPLEMENT_NB,5,1,157,likely,textual,complement_log_weight,6.308192857458523,6.308192857458523,positive,166,166,
C_COMPLEMENT_NB,5,1,41,care,textual,complement_log_weight,6.299391939893846,6.299391939893846,positive,167,167,
C_COMPLEMENT_NB,5,1,243,stress,textual,complement_log_weight,6.292360200403199,6.292360200403199,positive,168,168,
C_COMPLEMENT_NB,5,1,205,problem,textual,complement_log_weight,6.288727965009149,6.288727965009149,positive,169,169,
C_COMPLEMENT_NB,5,1,149,lack,textual,complement_log_weight,6.2829003521186815,6.2829003521186815,positive,170,170,
C_COMPLEMENT_NB,5,1,26,bad,textual,complement_log_weight,6.282558872784074,6.282558872784074,positive,171,171,
C_COMPLEMENT_NB,5,1,12,adhd brains,textual,complement_log_weight,6.2821322537406035,6.2821322537406035,positive,172,172,
C_COMPLEMENT_NB,5,1,292,working,textual,complement_log_weight,6.267873059913482,6.267873059913482,positive,173,173,
C_COMPLEMENT_NB,5,1,128,higher,textual,complement_log_weight,6.262629160161183,6.262629160161183,positive,174,174,
C_COMPLEMENT_NB,5,1,97,feeling,textual,complement_log_weight,6.255211251007481,6.255211251007481,positive,175,175,
C_COMPLEMENT_NB,5,1,239,stimulants,textual,complement_log_weight,6.254103567847947,6.254103567847947,positive,176,176,
C_COMPLEMENT_NB,5,1,208,real,textual,complement_log_weight,6.252549325274175,6.252549325274175,positive,177,177,
C_COMPLEMENT_NB,5,1,229,sit,textual,complement_log_weight,6.252380659918658,6.252380659918658,positive,178,178,
C_COMPLEMENT_NB,5,1,215,remember,textual,complement_log_weight,6.23990409143434,6.23990409143434,positive,179,179,
C_COMPLEMENT_NB,5,1,184,motivation,textual,complement_log_weight,6.239264093659156,6.239264093659156,positive,180,180,
C_COMPLEMENT_NB,5,1,279,understand,textual,complement_log_weight,6.238410574592949,6.238410574592949,positive,181,181,
C_COMPLEMENT_NB,5,1,224,sensitive,textual,complement_log_weight,6.233588354199506,6.233588354199506,positive,182,182,
C_COMPLEMENT_NB,5,1,222,self,textual,complement_log_weight,6.23281921698743,6.23281921698743,positive,183,183,
C_COMPLEMENT_NB,5,1,98,feels,textual,complement_log_weight,6.228374059092239,6.228374059092239,positive,184,184,
C_COMPLEMENT_NB,5,1,171,makes,textual,complement_log_weight,6.227150921845233,6.227150921845233,positive,185,185,
C_COMPLEMENT_NB,5,1,0,10,textual,complement_log_weight,6.221105329878061,6.221105329878061,positive,186,186,
C_COMPLEMENT_NB,5,1,96,feel like,textual,complement_log_weight,6.220130291840499,6.220130291840499,positive,187,187,
C_COMPLEMENT_NB,5,1,152,learn,textual,complement_log_weight,6.212432181239195,6.212432181239195,positive,188,188,
C_COMPLEMENT_NB,5,1,297,yeah,textual,complement_log_weight,6.209917573514266,6.209917573514266,positive,189,189,
C_COMPLEMENT_NB,5,1,64,diet,textual,complement_log_weight,6.209394416000742,6.209394416000742,positive,190,190,
C_COMPLEMENT_NB,5,1,121,having,textual,complement_log_weight,6.205236377641534,6.205236377641534,positive,191,191,
C_COMPLEMENT_NB,5,1,285,ve got,textual,complement_log_weight,6.203681230635272,6.203681230635272,positive,192,192,
C_COMPLEMENT_NB,5,1,3,able,textual,complement_log_weight,6.191805433210047,6.191805433210047,positive,193,193,
C_COMPLEMENT_NB,5,1,220,school,textual,complement_log_weight,6.187340592507734,6.187340592507734,positive,194,194,
C_COMPLEMENT_NB,5,1,16,adults,textual,complement_log_weight,6.184845131108003,6.184845131108003,positive,195,195,
C_COMPLEMENT_NB,5,1,62,did,textual,complement_log_weight,6.182996978093239,6.182996978093239,positive,196,196,
C_COMPLEMENT_NB,5,1,57,deficit,textual,complement_log_weight,6.179860698298883,6.179860698298883,positive,197,197,
C_COMPLEMENT_NB,5,1,189,neurotypical,textual,complement_log_weight,6.17861746131875,6.17861746131875,positive,198,198,
C_COMPLEMENT_NB,5,1,182,minutes,textual,complement_log_weight,6.1762085605073205,6.1762085605073205,positive,199,199,
C_COMPLEMENT_NB,5,1,260,term,textual,complement_log_weight,6.173863572898521,6.173863572898521,positive,200,200,
C_COMPLEMENT_NB,5,1,241,stop,textual,complement_log_weight,6.173028946849636,6.173028946849636,positive,201,201,
C_COMPLEMENT_NB,5,1,188,nervous,textual,complement_log_weight,6.170384786275878,6.170384786275878,positive,202,202,
C_COMPLEMENT_NB,5,1,125,helpful,textual,complement_log_weight,6.16066457743299,6.16066457743299,positive,203,203,
C_COMPLEMENT_NB,5,1,141,instead,textual,complement_log_weight,6.159810084585447,6.159810084585447,positive,204,204,
C_COMPLEMENT_NB,5,1,190,new,textual,complement_log_weight,6.150310966492399,6.150310966492399,positive,205,205,
C_COMPLEMENT_NB,5,1,295,worse,textual,complement_log_weight,6.14765609541318,6.14765609541318,positive,206,206,
C_COMPLEMENT_NB,5,1,34,body,textual,complement_log_weight,6.146629752228781,6.146629752228781,positive,207,207,
C_COMPLEMENT_NB,5,1,58,depression,textual,complement_log_weight,6.144707875633312,6.144707875633312,positive,208,208,
C_COMPLEMENT_NB,5,1,119,hard,textual,complement_log_weight,6.1446076885117265,6.1446076885117265,positive,209,209,
C_COMPLEMENT_NB,5,1,159,little,textual,complement_log_weight,6.1423814543581265,6.1423814543581265,positive,210,210,
C_COMPLEMENT_NB,5,1,54,control,textual,complement_log_weight,6.132256908990019,6.132256908990019,positive,211,211,
C_COMPLEMENT_NB,5,1,254,talk,textual,complement_log_weight,6.124169117715832,6.124169117715832,positive,212,212,
C_COMPLEMENT_NB,5,1,175,means,textual,complement_log_weight,6.123583905905291,6.123583905905291,positive,213,213,
C_COMPLEMENT_NB,5,1,59,diagnosed,textual,complement_log_weight,6.120120738471649,6.120120738471649,positive,214,214,
C_COMPLEMENT_NB,5,1,276,type,textual,complement_log_weight,6.118529263574414,6.118529263574414,positive,215,215,
C_COMPLEMENT_NB,5,1,204,probably,textual,complement_log_weight,6.117699801552646,6.117699801552646,positive,216,216,
C_COMPLEMENT_NB,5,1,290,women,textual,complement_log_weight,6.114100096126406,6.114100096126406,positive,217,217,
C_COMPLEMENT_NB,5,1,143,issues,textual,complement_log_weight,6.110403276599507,6.110403276599507,positive,218,218,
C_COMPLEMENT_NB,5,1,193,okay,textual,complement_log_weight,6.107176679751238,6.107176679751238,positive,219,219,
C_COMPLEMENT_NB,5,1,105,forget,textual,complement_log_weight,6.1023752783341685,6.1023752783341685,positive,220,220,
C_COMPLEMENT_NB,5,1,244,struggle,textual,complement_log_weight,6.084945378919425,6.084945378919425,positive,221,221,
C_COMPLEMENT_NB,5,1,162,long,textual,complement_log_weight,6.084320965768679,6.084320965768679,positive,222,222,
C_COMPLEMENT_NB,5,1,75,doing,textual,complement_log_weight,6.07905515480286,6.07905515480286,positive,223,223,
C_COMPLEMENT_NB,5,1,39,called,textual,complement_log_weight,6.058989919977952,6.058989919977952,positive,224,224,
C_COMPLEMENT_NB,5,1,88,especially,textual,complement_log_weight,6.052448311488878,6.052448311488878,positive,225,225,
C_COMPLEMENT_NB,5,1,142,isn,textual,complement_log_weight,6.051378640085511,6.051378640085511,positive,226,226,
C_COMPLEMENT_NB,5,1,261,test,textual,complement_log_weight,6.0513713195150975,6.0513713195150975,positive,227,227,
C_COMPLEMENT_NB,5,1,150,late,textual,complement_log_weight,6.050681391007175,6.050681391007175,positive,228,228,
C_COMPLEMENT_NB,5,1,258,tell,textual,complement_log_weight,6.050402317218001,6.050402317218001,positive,229,229,
C_COMPLEMENT_NB,5,1,179,memory,textual,complement_log_weight,6.026206512075883,6.026206512075883,positive,230,230,
C_COMPLEMENT_NB,5,1,20,anxiety,textual,complement_log_weight,6.017481412340704,6.017481412340704,positive,231,231,
C_COMPLEMENT_NB,5,1,298,years,textual,complement_log_weight,5.993457411275123,5.993457411275123,positive,232,232,
C_COMPLEMENT_NB,5,1,136,important,textual,complement_log_weight,5.9879802257653765,5.9879802257653765,positive,233,233,
C_COMPLEMENT_NB,5,1,47,comes,textual,complement_log_weight,5.986124603038248,5.986124603038248,positive,234,234,
C_COMPLEMENT_NB,5,1,11,adhd brain,textual,complement_log_weight,5.982947464159882,5.982947464159882,positive,235,235,
C_COMPLEMENT_NB,5,1,256,task,textual,complement_log_weight,5.982376942595388,5.982376942595388,positive,236,236,
C_COMPLEMENT_NB,5,1,259,tend,textual,complement_log_weight,5.981683929249804,5.981683929249804,positive,237,237,
C_COMPLEMENT_NB,5,1,126,helps,textual,complement_log_weight,5.979019385870828,5.979019385870828,positive,238,238,
C_COMPLEMENT_NB,5,1,181,mind,textual,complement_log_weight,5.967413752169538,5.967413752169538,positive,239,239,
C_COMPLEMENT_NB,5,1,274,trying,textual,complement_log_weight,5.966324381159881,5.966324381159881,positive,240,240,
C_COMPLEMENT_NB,5,1,167,love,textual,complement_log_weight,5.9630246513272915,5.9630246513272915,positive,241,241,
C_COMPLEMENT_NB,5,1,273,try,textual,complement_log_weight,5.947588839864671,5.947588839864671,positive,242,242,
C_COMPLEMENT_NB,5,1,207,protein,textual,complement_log_weight,5.929059947617585,5.929059947617585,positive,243,243,
C_COMPLEMENT_NB,5,1,127,high,textual,complement_log_weight,5.927998897455052,5.927998897455052,positive,244,244,
C_COMPLEMENT_NB,5,1,31,better,textual,complement_log_weight,5.924583841934192,5.924583841934192,positive,245,245,
C_COMPLEMENT_NB,5,1,134,hyperactivity,textual,complement_log_weight,5.92363079054907,5.92363079054907,positive,246,246,
C_COMPLEMENT_NB,5,1,153,let,textual,complement_log_weight,5.912894711583564,5.912894711583564,positive,247,247,
C_COMPLEMENT_NB,5,1,74,doesn,textual,complement_log_weight,5.911884057829427,5.911884057829427,positive,248,248,
C_COMPLEMENT_NB,5,1,36,brains,textual,complement_log_weight,5.898809867406491,5.898809867406491,positive,249,249,
C_COMPLEMENT_NB,5,1,84,emotional,textual,complement_log_weight,5.89855752847712,5.89855752847712,positive,250,250,
C_COMPLEMENT_NB,5,1,164,look,textual,complement_log_weight,5.873054563742594,5.873054563742594,positive,251,251,
C_COMPLEMENT_NB,5,1,147,kind,textual,complement_log_weight,5.87191038671964,5.87191038671964,positive,252,252,
C_COMPLEMENT_NB,5,1,249,sugar,textual,complement_log_weight,5.8704632654910895,5.8704632654910895,positive,253,253,
C_COMPLEMENT_NB,5,1,44,child,textual,complement_log_weight,5.857821691352758,5.857821691352758,positive,254,254,
C_COMPLEMENT_NB,5,1,114,got,textual,complement_log_weight,5.8452115434784,5.8452115434784,positive,255,255,
C_COMPLEMENT_NB,5,1,280,use,textual,complement_log_weight,5.829005152443363,5.829005152443363,positive,256,256,
C_COMPLEMENT_NB,5,1,73,does,textual,complement_log_weight,5.800938156748903,5.800938156748903,positive,257,257,
C_COMPLEMENT_NB,5,1,8,add,textual,complement_log_weight,5.776366008764463,5.776366008764463,positive,258,258,
C_COMPLEMENT_NB,5,1,70,disorder,textual,complement_log_weight,5.774488529495038,5.774488529495038,positive,259,259,
C_COMPLEMENT_NB,5,1,199,person,textual,complement_log_weight,5.761440831560409,5.761440831560409,positive,260,260,
C_COMPLEMENT_NB,5,1,109,getting,textual,complement_log_weight,5.756324995953502,5.756324995953502,positive,261,261,
C_COMPLEMENT_NB,5,1,66,different,textual,complement_log_weight,5.735487663970754,5.735487663970754,positive,262,262,
C_COMPLEMENT_NB,5,1,218,say,textual,complement_log_weight,5.726219601651693,5.726219601651693,positive,263,263,
C_COMPLEMENT_NB,5,1,252,symptoms,textual,complement_log_weight,5.703436524439209,5.703436524439209,positive,264,264,
C_COMPLEMENT_NB,5,1,230,sleep,textual,complement_log_weight,5.691454970518525,5.691454970518525,positive,265,265,
C_COMPLEMENT_NB,5,1,235,start,textual,complement_log_weight,5.685180918479404,5.685180918479404,positive,266,266,
C_COMPLEMENT_NB,5,1,176,medication,textual,complement_log_weight,5.675469754663636,5.675469754663636,positive,267,267,
C_COMPLEMENT_NB,5,1,266,think,textual,complement_log_weight,5.626114373228986,5.626114373228986,positive,268,268,
C_COMPLEMENT_NB,5,1,155,life,textual,complement_log_weight,5.6215647704665725,5.6215647704665725,positive,269,269,
C_COMPLEMENT_NB,5,1,170,make,textual,complement_log_weight,5.619904691160617,5.619904691160617,positive,270,270,
C_COMPLEMENT_NB,5,1,113,good,textual,complement_log_weight,5.60919499178427,5.60919499178427,positive,271,271,
C_COMPLEMENT_NB,5,1,291,work,textual,complement_log_weight,5.591022468733411,5.591022468733411,positive,272,272,
C_COMPLEMENT_NB,5,1,56,day,textual,complement_log_weight,5.541434978674335,5.541434978674335,positive,273,273,
C_COMPLEMENT_NB,5,1,161,ll,textual,complement_log_weight,5.5180379116051235,5.5180379116051235,positive,274,274,
C_COMPLEMENT_NB,5,1,217,right,textual,complement_log_weight,5.510831395479329,5.510831395479329,positive,275,275,
C_COMPLEMENT_NB,5,1,198,people adhd,textual,complement_log_weight,5.50011161749004,5.50011161749004,positive,276,276,
C_COMPLEMENT_NB,5,1,288,way,textual,complement_log_weight,5.481879525995178,5.481879525995178,positive,277,277,
C_COMPLEMENT_NB,5,1,263,thing,textual,complement_log_weight,5.445709051884783,5.445709051884783,positive,278,278,
C_COMPLEMENT_NB,5,1,100,focus,textual,complement_log_weight,5.381577575364733,5.381577575364733,positive,279,279,
C_COMPLEMENT_NB,5,1,124,help,textual,complement_log_weight,5.3813741302331115,5.3813741302331115,positive,280,280,
C_COMPLEMENT_NB,5,1,166,lot,textual,complement_log_weight,5.379264194504499,5.379264194504499,positive,281,281,
C_COMPLEMENT_NB,5,1,287,want,textual,complement_log_weight,5.341509513058802,5.341509513058802,positive,282,282,
C_COMPLEMENT_NB,5,1,22,attention,textual,complement_log_weight,5.3165449179227835,5.3165449179227835,positive,283,283,
C_COMPLEMENT_NB,5,1,95,feel,textual,complement_log_weight,5.29157167876963,5.29157167876963,positive,284,284,
C_COMPLEMENT_NB,5,1,284,ve,textual,complement_log_weight,5.287773843489748,5.287773843489748,positive,285,285,
C_COMPLEMENT_NB,5,1,186,need,textual,complement_log_weight,5.265803433877734,5.265803433877734,positive,286,286,
C_COMPLEMENT_NB,5,1,209,really,textual,complement_log_weight,5.226875078935076,5.226875078935076,positive,287,287,
C_COMPLEMENT_NB,5,1,7,actually,textual,complement_log_weight,5.188312334076183,5.188312334076183,positive,288,288,
C_COMPLEMENT_NB,5,1,191,number,textual,complement_log_weight,5.146188244841307,5.146188244841307,positive,289,289,
C_COMPLEMENT_NB,5,1,111,going,textual,complement_log_weight,5.145907183319785,5.145907183319785,positive,290,290,
C_COMPLEMENT_NB,5,1,269,time,textual,complement_log_weight,5.127848275182289,5.127848275182289,positive,291,291,
C_COMPLEMENT_NB,5,1,76,don,textual,complement_log_weight,5.115114812311444,5.115114812311444,positive,292,292,
C_COMPLEMENT_NB,5,1,148,know,textual,complement_log_weight,5.113932229881426,5.113932229881426,positive,293,293,
C_COMPLEMENT_NB,5,1,264,things,textual,complement_log_weight,5.017798986836293,5.017798986836293,positive,294,294,
C_COMPLEMENT_NB,5,1,78,dopamine,textual,complement_log_weight,4.982170122070342,4.982170122070342,positive,295,295,
C_COMPLEMENT_NB,5,1,145,just,textual,complement_log_weight,4.788042567246462,4.788042567246462,positive,296,296,
C_COMPLEMENT_NB,5,1,197,people,textual,complement_log_weight,4.76606842107125,4.76606842107125,positive,297,297,
C_COMPLEMENT_NB,5,1,35,brain,textual,complement_log_weight,4.633726858398257,4.633726858398257,positive,298,298,
C_COMPLEMENT_NB,5,1,156,like,textual,complement_log_weight,4.483409979882428,4.483409979882428,positive,299,299,
C_COMPLEMENT_NB,5,1,10,adhd,textual,complement_log_weight,4.030296563989678,4.030296563989678,positive,300,300,
C_COMPLEMENT_NB,5,1,301,hedge_score,handcrafted_linguistic,complement_log_weight,3.4946247864866526,3.4946247864866526,positive,301,301,
C_COMPLEMENT_NB,5,1,300,certainty_score,handcrafted_linguistic,complement_log_weight,3.4336877517793227,3.4336877517793227,positive,302,302,
C_COMPLEMENT_NB,5,1,305,duration_sec_within_platform_percentile,engagement_or_format,complement_log_weight,2.70446766748119,2.70446766748119,positive,303,303,
C_COMPLEMENT_NB,5,1,304,views_within_platform_percentile,engagement_or_format,complement_log_weight,2.650790834717972,2.650790834717972,positive,304,304,
C_COMPLEMENT_NB,5,1,302,likes_within_platform_percentile,engagement_or_format,complement_log_weight,2.6482807427517714,2.6482807427517714,positive,305,305,
C_COMPLEMENT_NB,5,1,303,comments_within_platform_percentile,engagement_or_format,complement_log_weight,2.6471664943543862,2.6471664943543862,positive,306,306,
C_COMPLEMENT_NB,5,2,160,little bit,textual,complement_log_weight,7.187253015390881,7.187253015390881,positive,1,1,
C_COMPLEMENT_NB,5,2,277,uh,textual,complement_log_weight,7.087727927298877,7.087727927298877,positive,2,2,
C_COMPLEMENT_NB,5,2,202,place,textual,complement_log_weight,7.020264584702218,7.020264584702218,positive,3,3,
C_COMPLEMENT_NB,5,2,268,thoughts,textual,complement_log_weight,6.94125042741113,6.94125042741113,positive,4,4,
C_COMPLEMENT_NB,5,2,17,affects,textual,complement_log_weight,6.934422307610166,6.934422307610166,positive,5,5,
C_COMPLEMENT_NB,5,2,79,dr,textual,complement_log_weight,6.894324078271012,6.894324078271012,positive,6,6,
C_COMPLEMENT_NB,5,2,275,turn,textual,complement_log_weight,6.88513635089624,6.88513635089624,positive,7,7,
C_COMPLEMENT_NB,5,2,195,parents,textual,complement_log_weight,6.881416893443735,6.881416893443735,positive,8,8,
C_COMPLEMENT_NB,5,2,234,sort,textual,complement_log_weight,6.876614835944918,6.876614835944918,positive,9,9,
C_COMPLEMENT_NB,5,2,140,information,textual,complement_log_weight,6.873008813617821,6.873008813617821,positive,10,10,
C_COMPLEMENT_NB,5,2,154,levels,textual,complement_log_weight,6.8288277199694045,6.8288277199694045,positive,11,11,
C_COMPLEMENT_NB,5,2,60,diagnosed adhd,textual,complement_log_weight,6.8205956086804775,6.8205956086804775,positive,12,12,
C_COMPLEMENT_NB,5,2,132,hyper,textual,complement_log_weight,6.819077143533551,6.819077143533551,positive,13,13,
C_COMPLEMENT_NB,5,2,283,usually,textual,complement_log_weight,6.813382993043913,6.813382993043913,positive,14,14,
C_COMPLEMENT_NB,5,2,213,rejection,textual,complement_log_weight,6.801500619066052,6.801500619066052,positive,15,15,
C_COMPLEMENT_NB,5,2,15,adult,textual,complement_log_weight,6.7954918866312255,6.7954918866312255,positive,16,16,
C_COMPLEMENT_NB,5,2,80,drink,textual,complement_log_weight,6.792121389618741,6.792121389618741,positive,17,17,
C_COMPLEMENT_NB,5,2,42,certain,textual,complement_log_weight,6.788753687053137,6.788753687053137,positive,18,18,
C_COMPLEMENT_NB,5,2,165,looking,textual,complement_log_weight,6.782065981294201,6.782065981294201,positive,19,19,
C_COMPLEMENT_NB,5,2,77,don know,textual,complement_log_weight,6.779520270399084,6.779520270399084,positive,20,20,
C_COMPLEMENT_NB,5,2,210,reason,textual,complement_log_weight,6.767176054188535,6.767176054188535,positive,21,21,
C_COMPLEMENT_NB,5,2,130,hour,textual,complement_log_weight,6.753419152548381,6.753419152548381,positive,22,22,
C_COMPLEMENT_NB,5,2,23,attention deficit,textual,complement_log_weight,6.746236897837453,6.746236897837453,positive,23,23,
C_COMPLEMENT_NB,5,2,237,stay,textual,complement_log_weight,6.7458181810313,6.7458181810313,positive,24,24,
C_COMPLEMENT_NB,5,2,27,based,textual,complement_log_weight,6.7452111519630575,6.7452111519630575,positive,25,25,
C_COMPLEMENT_NB,5,2,196,patients,textual,complement_log_weight,6.743675551560633,6.743675551560633,positive,26,26,
C_COMPLEMENT_NB,5,2,232,social,textual,complement_log_weight,6.741370330681405,6.741370330681405,positive,27,27,
C_COMPLEMENT_NB,5,2,28,basically,textual,complement_log_weight,6.740157525514611,6.740157525514611,positive,28,28,
C_COMPLEMENT_NB,5,2,112,gonna,textual,complement_log_weight,6.738964859918713,6.738964859918713,positive,29,29,
C_COMPLEMENT_NB,5,2,33,bit,textual,complement_log_weight,6.736599504861578,6.736599504861578,positive,30,30,
C_COMPLEMENT_NB,5,2,67,differently,textual,complement_log_weight,6.736123339394179,6.736123339394179,positive,31,31,
C_COMPLEMENT_NB,5,2,82,eat,textual,complement_log_weight,6.73214238473619,6.73214238473619,positive,32,32,
C_COMPLEMENT_NB,5,2,117,half,textual,complement_log_weight,6.730934450893547,6.730934450893547,positive,33,33,
C_COMPLEMENT_NB,5,2,228,single,textual,complement_log_weight,6.727482322684492,6.727482322684492,positive,34,34,
C_COMPLEMENT_NB,5,2,115,great,textual,complement_log_weight,6.714192809953318,6.714192809953318,positive,35,35,
C_COMPLEMENT_NB,5,2,13,adhd people,textual,complement_log_weight,6.714071640686225,6.714071640686225,positive,36,36,
C_COMPLEMENT_NB,5,2,139,increase,textual,complement_log_weight,6.712023448815276,6.712023448815276,positive,37,37,
C_COMPLEMENT_NB,5,2,251,sure,textual,complement_log_weight,6.71183866169687,6.71183866169687,positive,38,38,
C_COMPLEMENT_NB,5,2,194,overwhelmed,textual,complement_log_weight,6.708587520429892,6.708587520429892,positive,39,39,
C_COMPLEMENT_NB,5,2,101,focused,textual,complement_log_weight,6.70780422943007,6.70780422943007,positive,40,40,
C_COMPLEMENT_NB,5,2,110,goes,textual,complement_log_weight,6.706178330139166,6.706178330139166,positive,41,41,
C_COMPLEMENT_NB,5,2,219,saying,textual,complement_log_weight,6.7045229507439466,6.7045229507439466,positive,42,42,
C_COMPLEMENT_NB,5,2,129,highly,textual,complement_log_weight,6.698991026298796,6.698991026298796,positive,43,43,
C_COMPLEMENT_NB,5,2,24,autism,textual,complement_log_weight,6.694983410036511,6.694983410036511,positive,44,44,
C_COMPLEMENT_NB,5,2,163,long term,textual,complement_log_weight,6.694636074086969,6.694636074086969,positive,45,45,
C_COMPLEMENT_NB,5,2,246,studies,textual,complement_log_weight,6.6879175310874475,6.6879175310874475,positive,46,46,
C_COMPLEMENT_NB,5,2,83,eating,textual,complement_log_weight,6.687617461315107,6.687617461315107,positive,47,47,
C_COMPLEMENT_NB,5,2,225,sensory,textual,complement_log_weight,6.68257848546448,6.68257848546448,positive,48,48,
C_COMPLEMENT_NB,5,2,169,lower,textual,complement_log_weight,6.682346334714449,6.682346334714449,positive,49,49,
C_COMPLEMENT_NB,5,2,233,somebody,textual,complement_log_weight,6.677490233392827,6.677490233392827,positive,50,50,
C_COMPLEMENT_NB,5,2,106,fucking,textual,complement_log_weight,6.676769541519552,6.676769541519552,positive,51,51,
C_COMPLEMENT_NB,5,2,21,ask,textual,complement_log_weight,6.675443359578707,6.675443359578707,positive,52,52,
C_COMPLEMENT_NB,5,2,262,therapy,textual,complement_log_weight,6.6677252607237625,6.6677252607237625,positive,53,53,
C_COMPLEMENT_NB,5,2,212,regulation,textual,complement_log_weight,6.661805913681643,6.661805913681643,positive,54,54,
C_COMPLEMENT_NB,5,2,231,small,textual,complement_log_weight,6.6531151279906595,6.6531151279906595,positive,55,55,
C_COMPLEMENT_NB,5,2,64,diet,textual,complement_log_weight,6.652086564412825,6.652086564412825,positive,56,56,
C_COMPLEMENT_NB,5,2,271,treatment,textual,complement_log_weight,6.651105304358047,6.651105304358047,positive,57,57,
C_COMPLEMENT_NB,5,2,245,struggling,textual,complement_log_weight,6.649786928270478,6.649786928270478,positive,58,58,
C_COMPLEMENT_NB,5,2,72,doctor,textual,complement_log_weight,6.6473287852391945,6.6473287852391945,positive,59,59,
C_COMPLEMENT_NB,5,2,9,addiction,textual,complement_log_weight,6.643136652294909,6.643136652294909,positive,60,60,
C_COMPLEMENT_NB,5,2,49,completely,textual,complement_log_weight,6.642588179933081,6.642588179933081,positive,61,61,
C_COMPLEMENT_NB,5,2,242,strategies,textual,complement_log_weight,6.640073174133669,6.640073174133669,positive,62,62,
C_COMPLEMENT_NB,5,2,236,state,textual,complement_log_weight,6.63728745717633,6.63728745717633,positive,63,63,
C_COMPLEMENT_NB,5,2,50,condition,textual,complement_log_weight,6.633730513539047,6.633730513539047,positive,64,64,
C_COMPLEMENT_NB,5,2,183,morning,textual,complement_log_weight,6.633711923698965,6.633711923698965,positive,65,65,
C_COMPLEMENT_NB,5,2,265,things like,textual,complement_log_weight,6.632379592391253,6.632379592391253,positive,66,66,
C_COMPLEMENT_NB,5,2,94,fast,textual,complement_log_weight,6.631944518869963,6.631944518869963,positive,67,67,
C_COMPLEMENT_NB,5,2,135,impact,textual,complement_log_weight,6.630591698490504,6.630591698490504,positive,68,68,
C_COMPLEMENT_NB,5,2,214,relationships,textual,complement_log_weight,6.630026882615611,6.630026882615611,positive,69,69,
C_COMPLEMENT_NB,5,2,248,stuff,textual,complement_log_weight,6.628139054040695,6.628139054040695,positive,70,70,
C_COMPLEMENT_NB,5,2,177,medications,textual,complement_log_weight,6.624947350792654,6.624947350792654,positive,71,71,
C_COMPLEMENT_NB,5,2,108,gets,textual,complement_log_weight,6.620291369999359,6.620291369999359,positive,72,72,
C_COMPLEMENT_NB,5,2,200,phone,textual,complement_log_weight,6.619519495637315,6.619519495637315,positive,73,73,
C_COMPLEMENT_NB,5,2,104,foods,textual,complement_log_weight,6.6169499415774276,6.6169499415774276,positive,74,74,
C_COMPLEMENT_NB,5,2,40,calm,textual,complement_log_weight,6.616339126017784,6.616339126017784,positive,75,75,
C_COMPLEMENT_NB,5,2,19,anger,textual,complement_log_weight,6.6118677912701385,6.6118677912701385,positive,76,76,
C_COMPLEMENT_NB,5,2,99,finally,textual,complement_log_weight,6.610711909296073,6.610711909296073,positive,77,77,
C_COMPLEMENT_NB,5,2,187,needs,textual,complement_log_weight,6.609139307247642,6.609139307247642,positive,78,78,
C_COMPLEMENT_NB,5,2,5,activities,textual,complement_log_weight,6.598812434988305,6.598812434988305,positive,79,79,
C_COMPLEMENT_NB,5,2,68,difficult,textual,complement_log_weight,6.595189092679951,6.595189092679951,positive,80,80,
C_COMPLEMENT_NB,5,2,281,used,textual,complement_log_weight,6.594296708191592,6.594296708191592,positive,81,81,
C_COMPLEMENT_NB,5,2,267,thought,textual,complement_log_weight,6.590766621149945,6.590766621149945,positive,82,82,
C_COMPLEMENT_NB,5,2,103,food,textual,complement_log_weight,6.5905222374781545,6.5905222374781545,positive,83,83,
C_COMPLEMENT_NB,5,2,178,meds,textual,complement_log_weight,6.5864653867149014,6.5864653867149014,positive,84,84,
C_COMPLEMENT_NB,5,2,255,talking,textual,complement_log_weight,6.586331011546935,6.586331011546935,positive,85,85,
C_COMPLEMENT_NB,5,2,184,motivation,textual,complement_log_weight,6.586068832830031,6.586068832830031,positive,86,86,
C_COMPLEMENT_NB,5,2,116,gut,textual,complement_log_weight,6.579004342439384,6.579004342439384,positive,87,87,
C_COMPLEMENT_NB,5,2,52,constant,textual,complement_log_weight,6.578020762495667,6.578020762495667,positive,88,88,
C_COMPLEMENT_NB,5,2,201,physical,textual,complement_log_weight,6.574844516826633,6.574844516826633,positive,89,89,
C_COMPLEMENT_NB,5,2,211,regulate,textual,complement_log_weight,6.573707774136657,6.573707774136657,positive,90,90,
C_COMPLEMENT_NB,5,2,6,activity,textual,complement_log_weight,6.571252518621078,6.571252518621078,positive,91,91,
C_COMPLEMENT_NB,5,2,229,sit,textual,complement_log_weight,6.562818253359001,6.562818253359001,positive,92,92,
C_COMPLEMENT_NB,5,2,278,um,textual,complement_log_weight,6.5624899641226335,6.5624899641226335,positive,93,93,
C_COMPLEMENT_NB,5,2,180,mental,textual,complement_log_weight,6.5606035044943845,6.5606035044943845,positive,94,94,
C_COMPLEMENT_NB,5,2,221,second,textual,complement_log_weight,6.559253806210084,6.559253806210084,positive,95,95,
C_COMPLEMENT_NB,5,2,151,later,textual,complement_log_weight,6.558335389153008,6.558335389153008,positive,96,96,
C_COMPLEMENT_NB,5,2,55,create,textual,complement_log_weight,6.546691783667674,6.546691783667674,positive,97,97,
C_COMPLEMENT_NB,5,2,2,ability,textual,complement_log_weight,6.544531335183425,6.544531335183425,positive,98,98,
C_COMPLEMENT_NB,5,2,107,function,textual,complement_log_weight,6.5402562217649844,6.5402562217649844,positive,99,99,
C_COMPLEMENT_NB,5,2,158,literally,textual,complement_log_weight,6.539298646247807,6.539298646247807,positive,100,100,
C_COMPLEMENT_NB,5,2,41,care,textual,complement_log_weight,6.538821875499392,6.538821875499392,positive,101,101,
C_COMPLEMENT_NB,5,2,226,short,textual,complement_log_weight,6.536380131160376,6.536380131160376,positive,102,102,
C_COMPLEMENT_NB,5,2,51,consequences,textual,complement_log_weight,6.529755285543,6.529755285543,positive,103,103,
C_COMPLEMENT_NB,5,2,282,using,textual,complement_log_weight,6.528758996474963,6.528758996474963,positive,104,104,
C_COMPLEMENT_NB,5,2,118,happens,textual,complement_log_weight,6.526662715260613,6.526662715260613,positive,105,105,
C_COMPLEMENT_NB,5,2,279,understand,textual,complement_log_weight,6.525688361543489,6.525688361543489,positive,106,106,
C_COMPLEMENT_NB,5,2,25,avoid,textual,complement_log_weight,6.51783580497018,6.51783580497018,positive,107,107,
C_COMPLEMENT_NB,5,2,122,health,textual,complement_log_weight,6.5131906442881675,6.5131906442881675,positive,108,108,
C_COMPLEMENT_NB,5,2,131,hours,textual,complement_log_weight,6.512463481104115,6.512463481104115,positive,109,109,
C_COMPLEMENT_NB,5,2,203,point,textual,complement_log_weight,6.50827303562055,6.50827303562055,positive,110,110,
C_COMPLEMENT_NB,5,2,296,wrong,textual,complement_log_weight,6.503916141205188,6.503916141205188,positive,111,111,
C_COMPLEMENT_NB,5,2,90,executive,textual,complement_log_weight,6.5037402322964075,6.5037402322964075,positive,112,112,
C_COMPLEMENT_NB,5,2,93,fact,textual,complement_log_weight,6.500843775967418,6.500843775967418,positive,113,113,
C_COMPLEMENT_NB,5,2,1,20,textual,complement_log_weight,6.494392990350844,6.494392990350844,positive,114,114,
C_COMPLEMENT_NB,5,2,253,taking,textual,complement_log_weight,6.493860270310663,6.493860270310663,positive,115,115,
C_COMPLEMENT_NB,5,2,38,caffeine,textual,complement_log_weight,6.485684709349534,6.485684709349534,positive,116,116,
C_COMPLEMENT_NB,5,2,91,exercise,textual,complement_log_weight,6.485238803199362,6.485238803199362,positive,117,117,
C_COMPLEMENT_NB,5,2,43,change,textual,complement_log_weight,6.485053289476502,6.485053289476502,positive,118,118,
C_COMPLEMENT_NB,5,2,137,impulsive,textual,complement_log_weight,6.483558987290473,6.483558987290473,positive,119,119,
C_COMPLEMENT_NB,5,2,123,hear,textual,complement_log_weight,6.483140424788706,6.483140424788706,positive,120,120,
C_COMPLEMENT_NB,5,2,133,hyperactive,textual,complement_log_weight,6.4811672594150656,6.4811672594150656,positive,121,121,
C_COMPLEMENT_NB,5,2,144,job,textual,complement_log_weight,6.478083877473092,6.478083877473092,positive,122,122,
C_COMPLEMENT_NB,5,2,270,times,textual,complement_log_weight,6.471858676043647,6.471858676043647,positive,123,123,
C_COMPLEMENT_NB,5,2,293,works,textual,complement_log_weight,6.470969052222524,6.470969052222524,positive,124,124,
C_COMPLEMENT_NB,5,2,276,type,textual,complement_log_weight,6.467489732186148,6.467489732186148,positive,125,125,
C_COMPLEMENT_NB,5,2,37,burnout,textual,complement_log_weight,6.463383461308032,6.463383461308032,positive,126,126,
C_COMPLEMENT_NB,5,2,299,yes,textual,complement_log_weight,6.463197812941263,6.463197812941263,positive,127,127,
C_COMPLEMENT_NB,5,2,240,stimulation,textual,complement_log_weight,6.461315494104033,6.461315494104033,positive,128,128,
C_COMPLEMENT_NB,5,2,289,ways,textual,complement_log_weight,6.459755529840738,6.459755529840738,positive,129,129,
C_COMPLEMENT_NB,5,2,294,world,textual,complement_log_weight,6.459402128538087,6.459402128538087,positive,130,130,
C_COMPLEMENT_NB,5,2,149,lack,textual,complement_log_weight,6.444116981163691,6.444116981163691,positive,131,131,
C_COMPLEMENT_NB,5,2,4,absolutely,textual,complement_log_weight,6.4418543083548245,6.4418543083548245,positive,132,132,
C_COMPLEMENT_NB,5,2,45,children,textual,complement_log_weight,6.440537534035156,6.440537534035156,positive,133,133,
C_COMPLEMENT_NB,5,2,65,difference,textual,complement_log_weight,6.4372058081918455,6.4372058081918455,positive,134,134,
C_COMPLEMENT_NB,5,2,57,deficit,textual,complement_log_weight,6.435957992344545,6.435957992344545,positive,135,135,
C_COMPLEMENT_NB,5,2,18,alcohol,textual,complement_log_weight,6.421520953663162,6.421520953663162,positive,136,136,
C_COMPLEMENT_NB,5,2,185,music,textual,complement_log_weight,6.414357351712371,6.414357351712371,positive,137,137,
C_COMPLEMENT_NB,5,2,86,end,textual,complement_log_weight,6.405029388089652,6.405029388089652,positive,138,138,
C_COMPLEMENT_NB,5,2,29,behavior,textual,complement_log_weight,6.401884368848569,6.401884368848569,positive,139,139,
C_COMPLEMENT_NB,5,2,63,didn,textual,complement_log_weight,6.4014535456810355,6.4014535456810355,positive,140,140,
C_COMPLEMENT_NB,5,2,89,everybody,textual,complement_log_weight,6.400945311971388,6.400945311971388,positive,141,141,
C_COMPLEMENT_NB,5,2,81,easily,textual,complement_log_weight,6.399642527356834,6.399642527356834,positive,142,142,
C_COMPLEMENT_NB,5,2,206,problems,textual,complement_log_weight,6.394136966558461,6.394136966558461,positive,143,143,
C_COMPLEMENT_NB,5,2,261,test,textual,complement_log_weight,6.393537476581706,6.393537476581706,positive,144,144,
C_COMPLEMENT_NB,5,2,58,depression,textual,complement_log_weight,6.391184858414994,6.391184858414994,positive,145,145,
C_COMPLEMENT_NB,5,2,272,trouble,textual,complement_log_weight,6.3899613988752,6.3899613988752,positive,146,146,
C_COMPLEMENT_NB,5,2,292,working,textual,complement_log_weight,6.389396394862279,6.389396394862279,positive,147,147,
C_COMPLEMENT_NB,5,2,174,mean,textual,complement_log_weight,6.381766945979996,6.381766945979996,positive,148,148,
C_COMPLEMENT_NB,5,2,46,come,textual,complement_log_weight,6.372276883864101,6.372276883864101,positive,149,149,
C_COMPLEMENT_NB,5,2,223,sense,textual,complement_log_weight,6.371002746009284,6.371002746009284,positive,150,150,
C_COMPLEMENT_NB,5,2,159,little,textual,complement_log_weight,6.37010140706784,6.37010140706784,positive,151,151,
C_COMPLEMENT_NB,5,2,215,remember,textual,complement_log_weight,6.368110126019111,6.368110126019111,positive,152,152,
C_COMPLEMENT_NB,5,2,146,kids,textual,complement_log_weight,6.364054494433166,6.364054494433166,positive,153,153,
C_COMPLEMENT_NB,5,2,250,support,textual,complement_log_weight,6.360949101409894,6.360949101409894,positive,154,154,
C_COMPLEMENT_NB,5,2,26,bad,textual,complement_log_weight,6.36044310004697,6.36044310004697,positive,155,155,
C_COMPLEMENT_NB,5,2,224,sensitive,textual,complement_log_weight,6.34180354209461,6.34180354209461,positive,156,156,
C_COMPLEMENT_NB,5,2,173,maybe,textual,complement_log_weight,6.340766589655032,6.340766589655032,positive,157,157,
C_COMPLEMENT_NB,5,2,188,nervous,textual,complement_log_weight,6.33878183309174,6.33878183309174,positive,158,158,
C_COMPLEMENT_NB,5,2,47,comes,textual,complement_log_weight,6.336884531577772,6.336884531577772,positive,159,159,
C_COMPLEMENT_NB,5,2,143,issues,textual,complement_log_weight,6.3338544635997005,6.3338544635997005,positive,160,160,
C_COMPLEMENT_NB,5,2,286,video,textual,complement_log_weight,6.3304300651217265,6.3304300651217265,positive,161,161,
C_COMPLEMENT_NB,5,2,239,stimulants,textual,complement_log_weight,6.316970481953342,6.316970481953342,positive,162,162,
C_COMPLEMENT_NB,5,2,157,likely,textual,complement_log_weight,6.313585779360351,6.313585779360351,positive,163,163,
C_COMPLEMENT_NB,5,2,138,impulsivity,textual,complement_log_weight,6.306788594258501,6.306788594258501,positive,164,164,
C_COMPLEMENT_NB,5,2,192,oh,textual,complement_log_weight,6.30677518796995,6.30677518796995,positive,165,165,
C_COMPLEMENT_NB,5,2,12,adhd brains,textual,complement_log_weight,6.304575744987937,6.304575744987937,positive,166,166,
C_COMPLEMENT_NB,5,2,260,term,textual,complement_log_weight,6.293600518473137,6.293600518473137,positive,167,167,
C_COMPLEMENT_NB,5,2,182,minutes,textual,complement_log_weight,6.2907058652006675,6.2907058652006675,positive,168,168,
C_COMPLEMENT_NB,5,2,295,worse,textual,complement_log_weight,6.285715508650704,6.285715508650704,positive,169,169,
C_COMPLEMENT_NB,5,2,150,late,textual,complement_log_weight,6.285119220868714,6.285119220868714,positive,170,170,
C_COMPLEMENT_NB,5,2,54,control,textual,complement_log_weight,6.283617456145078,6.283617456145078,positive,171,171,
C_COMPLEMENT_NB,5,2,285,ve got,textual,complement_log_weight,6.274720478775984,6.274720478775984,positive,172,172,
C_COMPLEMENT_NB,5,2,247,study,textual,complement_log_weight,6.271918761247419,6.271918761247419,positive,173,173,
C_COMPLEMENT_NB,5,2,171,makes,textual,complement_log_weight,6.26890020285856,6.26890020285856,positive,174,174,
C_COMPLEMENT_NB,5,2,48,common,textual,complement_log_weight,6.264993578028255,6.264993578028255,positive,175,175,
C_COMPLEMENT_NB,5,2,222,self,textual,complement_log_weight,6.263609660663515,6.263609660663515,positive,176,176,
C_COMPLEMENT_NB,5,2,3,able,textual,complement_log_weight,6.26196763019811,6.26196763019811,positive,177,177,
C_COMPLEMENT_NB,5,2,168,low,textual,complement_log_weight,6.260038426260398,6.260038426260398,positive,178,178,
C_COMPLEMENT_NB,5,2,216,research,textual,complement_log_weight,6.25687333418532,6.25687333418532,positive,179,179,
C_COMPLEMENT_NB,5,2,190,new,textual,complement_log_weight,6.247715530514619,6.247715530514619,positive,180,180,
C_COMPLEMENT_NB,5,2,175,means,textual,complement_log_weight,6.2462853638635245,6.2462853638635245,positive,181,181,
C_COMPLEMENT_NB,5,2,97,feeling,textual,complement_log_weight,6.2458975761478435,6.2458975761478435,positive,182,182,
C_COMPLEMENT_NB,5,2,87,energy,textual,complement_log_weight,6.2435701783730915,6.2435701783730915,positive,183,183,
C_COMPLEMENT_NB,5,2,120,harder,textual,complement_log_weight,6.2434265476668696,6.2434265476668696,positive,184,184,
C_COMPLEMENT_NB,5,2,162,long,textual,complement_log_weight,6.241984393920352,6.241984393920352,positive,185,185,
C_COMPLEMENT_NB,5,2,179,memory,textual,complement_log_weight,6.235513394691722,6.235513394691722,positive,186,186,
C_COMPLEMENT_NB,5,2,102,follow,textual,complement_log_weight,6.229394632056983,6.229394632056983,positive,187,187,
C_COMPLEMENT_NB,5,2,30,best,textual,complement_log_weight,6.225045783137052,6.225045783137052,positive,188,188,
C_COMPLEMENT_NB,5,2,69,difficulty,textual,complement_log_weight,6.214101814045385,6.214101814045385,positive,189,189,
C_COMPLEMENT_NB,5,2,32,big,textual,complement_log_weight,6.207711166088,6.207711166088,positive,190,190,
C_COMPLEMENT_NB,5,2,71,distracted,textual,complement_log_weight,6.205425884081642,6.205425884081642,positive,191,191,
C_COMPLEMENT_NB,5,2,34,body,textual,complement_log_weight,6.203130411371568,6.203130411371568,positive,192,192,
C_COMPLEMENT_NB,5,2,14,adhd symptoms,textual,complement_log_weight,6.202823098335227,6.202823098335227,positive,193,193,
C_COMPLEMENT_NB,5,2,238,stimulant,textual,complement_log_weight,6.199671126288548,6.199671126288548,positive,194,194,
C_COMPLEMENT_NB,5,2,16,adults,textual,complement_log_weight,6.197974316742766,6.197974316742766,positive,195,195,
C_COMPLEMENT_NB,5,2,134,hyperactivity,textual,complement_log_weight,6.19248042114583,6.19248042114583,positive,196,196,
C_COMPLEMENT_NB,5,2,88,especially,textual,complement_log_weight,6.185657598596831,6.185657598596831,positive,197,197,
C_COMPLEMENT_NB,5,2,258,tell,textual,complement_log_weight,6.18532750511791,6.18532750511791,positive,198,198,
C_COMPLEMENT_NB,5,2,227,signs,textual,complement_log_weight,6.183647261040016,6.183647261040016,positive,199,199,
C_COMPLEMENT_NB,5,2,98,feels,textual,complement_log_weight,6.1835708461045185,6.1835708461045185,positive,200,200,
C_COMPLEMENT_NB,5,2,62,did,textual,complement_log_weight,6.180742127265585,6.180742127265585,positive,201,201,
C_COMPLEMENT_NB,5,2,254,talk,textual,complement_log_weight,6.175659577799724,6.175659577799724,positive,202,202,
C_COMPLEMENT_NB,5,2,125,helpful,textual,complement_log_weight,6.173847232907929,6.173847232907929,positive,203,203,
C_COMPLEMENT_NB,5,2,39,called,textual,complement_log_weight,6.171809015445399,6.171809015445399,positive,204,204,
C_COMPLEMENT_NB,5,2,189,neurotypical,textual,complement_log_weight,6.171496640562833,6.171496640562833,positive,205,205,
C_COMPLEMENT_NB,5,2,172,making,textual,complement_log_weight,6.167040804226261,6.167040804226261,positive,206,206,
C_COMPLEMENT_NB,5,2,152,learn,textual,complement_log_weight,6.162661334848839,6.162661334848839,positive,207,207,
C_COMPLEMENT_NB,5,2,290,women,textual,complement_log_weight,6.1581102277950945,6.1581102277950945,positive,208,208,
C_COMPLEMENT_NB,5,2,85,emotions,textual,complement_log_weight,6.153158867150669,6.153158867150669,positive,209,209,
C_COMPLEMENT_NB,5,2,193,okay,textual,complement_log_weight,6.152548390869117,6.152548390869117,positive,210,210,
C_COMPLEMENT_NB,5,2,11,adhd brain,textual,complement_log_weight,6.152436945550441,6.152436945550441,positive,211,211,
C_COMPLEMENT_NB,5,2,297,yeah,textual,complement_log_weight,6.148122612984574,6.148122612984574,positive,212,212,
C_COMPLEMENT_NB,5,2,0,10,textual,complement_log_weight,6.142153994339566,6.142153994339566,positive,213,213,
C_COMPLEMENT_NB,5,2,141,instead,textual,complement_log_weight,6.141473003613162,6.141473003613162,positive,214,214,
C_COMPLEMENT_NB,5,2,119,hard,textual,complement_log_weight,6.140253143167479,6.140253143167479,positive,215,215,
C_COMPLEMENT_NB,5,2,205,problem,textual,complement_log_weight,6.1388792911379815,6.1388792911379815,positive,216,216,
C_COMPLEMENT_NB,5,2,241,stop,textual,complement_log_weight,6.131206400428263,6.131206400428263,positive,217,217,
C_COMPLEMENT_NB,5,2,92,experience,textual,complement_log_weight,6.124673508007323,6.124673508007323,positive,218,218,
C_COMPLEMENT_NB,5,2,204,probably,textual,complement_log_weight,6.1134531206996465,6.1134531206996465,positive,219,219,
C_COMPLEMENT_NB,5,2,181,mind,textual,complement_log_weight,6.109987678644996,6.109987678644996,positive,220,220,
C_COMPLEMENT_NB,5,2,249,sugar,textual,complement_log_weight,6.106238103382074,6.106238103382074,positive,221,221,
C_COMPLEMENT_NB,5,2,243,stress,textual,complement_log_weight,6.101270882475041,6.101270882475041,positive,222,222,
C_COMPLEMENT_NB,5,2,126,helps,textual,complement_log_weight,6.093968383693508,6.093968383693508,positive,223,223,
C_COMPLEMENT_NB,5,2,298,years,textual,complement_log_weight,6.079842679387504,6.079842679387504,positive,224,224,
C_COMPLEMENT_NB,5,2,244,struggle,textual,complement_log_weight,6.078570753731042,6.078570753731042,positive,225,225,
C_COMPLEMENT_NB,5,2,208,real,textual,complement_log_weight,6.077330806408991,6.077330806408991,positive,226,226,
C_COMPLEMENT_NB,5,2,61,diagnosis,textual,complement_log_weight,6.060810208176224,6.060810208176224,positive,227,227,
C_COMPLEMENT_NB,5,2,127,high,textual,complement_log_weight,6.0511838000802145,6.0511838000802145,positive,228,228,
C_COMPLEMENT_NB,5,2,53,constantly,textual,complement_log_weight,6.049218412430836,6.049218412430836,positive,229,229,
C_COMPLEMENT_NB,5,2,273,try,textual,complement_log_weight,6.034547226177727,6.034547226177727,positive,230,230,
C_COMPLEMENT_NB,5,2,59,diagnosed,textual,complement_log_weight,6.031388966127201,6.031388966127201,positive,231,231,
C_COMPLEMENT_NB,5,2,142,isn,textual,complement_log_weight,6.026428655122697,6.026428655122697,positive,232,232,
C_COMPLEMENT_NB,5,2,220,school,textual,complement_log_weight,6.023202527106864,6.023202527106864,positive,233,233,
C_COMPLEMENT_NB,5,2,105,forget,textual,complement_log_weight,5.995071715722848,5.995071715722848,positive,234,234,
C_COMPLEMENT_NB,5,2,74,doesn,textual,complement_log_weight,5.992294184557183,5.992294184557183,positive,235,235,
C_COMPLEMENT_NB,5,2,207,protein,textual,complement_log_weight,5.981200772628541,5.981200772628541,positive,236,236,
C_COMPLEMENT_NB,5,2,96,feel like,textual,complement_log_weight,5.972671792788067,5.972671792788067,positive,237,237,
C_COMPLEMENT_NB,5,2,167,love,textual,complement_log_weight,5.969960245558071,5.969960245558071,positive,238,238,
C_COMPLEMENT_NB,5,2,147,kind,textual,complement_log_weight,5.964327893996802,5.964327893996802,positive,239,239,
C_COMPLEMENT_NB,5,2,136,important,textual,complement_log_weight,5.955571372562089,5.955571372562089,positive,240,240,
C_COMPLEMENT_NB,5,2,259,tend,textual,complement_log_weight,5.9533582377441645,5.9533582377441645,positive,241,241,
C_COMPLEMENT_NB,5,2,274,trying,textual,complement_log_weight,5.946936113932369,5.946936113932369,positive,242,242,
C_COMPLEMENT_NB,5,2,128,higher,textual,complement_log_weight,5.943266973967407,5.943266973967407,positive,243,243,
C_COMPLEMENT_NB,5,2,31,better,textual,complement_log_weight,5.940419258608695,5.940419258608695,positive,244,244,
C_COMPLEMENT_NB,5,2,8,add,textual,complement_log_weight,5.937863879252437,5.937863879252437,positive,245,245,
C_COMPLEMENT_NB,5,2,36,brains,textual,complement_log_weight,5.932545100245144,5.932545100245144,positive,246,246,
C_COMPLEMENT_NB,5,2,153,let,textual,complement_log_weight,5.925197929254518,5.925197929254518,positive,247,247,
C_COMPLEMENT_NB,5,2,256,task,textual,complement_log_weight,5.911341779068876,5.911341779068876,positive,248,248,
C_COMPLEMENT_NB,5,2,70,disorder,textual,complement_log_weight,5.909900578396979,5.909900578396979,positive,249,249,
C_COMPLEMENT_NB,5,2,121,having,textual,complement_log_weight,5.907989524206775,5.907989524206775,positive,250,250,
C_COMPLEMENT_NB,5,2,280,use,textual,complement_log_weight,5.891766445666399,5.891766445666399,positive,251,251,
C_COMPLEMENT_NB,5,2,114,got,textual,complement_log_weight,5.876672860414614,5.876672860414614,positive,252,252,
C_COMPLEMENT_NB,5,2,230,sleep,textual,complement_log_weight,5.852649405716194,5.852649405716194,positive,253,253,
C_COMPLEMENT_NB,5,2,44,child,textual,complement_log_weight,5.848592564761567,5.848592564761567,positive,254,254,
C_COMPLEMENT_NB,5,2,164,look,textual,complement_log_weight,5.840339138514188,5.840339138514188,positive,255,255,
C_COMPLEMENT_NB,5,2,257,tasks,textual,complement_log_weight,5.833120604105768,5.833120604105768,positive,256,256,
C_COMPLEMENT_NB,5,2,75,doing,textual,complement_log_weight,5.8315181963294656,5.8315181963294656,positive,257,257,
C_COMPLEMENT_NB,5,2,84,emotional,textual,complement_log_weight,5.827209757796455,5.827209757796455,positive,258,258,
C_COMPLEMENT_NB,5,2,20,anxiety,textual,complement_log_weight,5.791492197077311,5.791492197077311,positive,259,259,
C_COMPLEMENT_NB,5,2,113,good,textual,complement_log_weight,5.785101834086878,5.785101834086878,positive,260,260,
C_COMPLEMENT_NB,5,2,73,does,textual,complement_log_weight,5.765037822558574,5.765037822558574,positive,261,261,
C_COMPLEMENT_NB,5,2,218,say,textual,complement_log_weight,5.747122038482099,5.747122038482099,positive,262,262,
C_COMPLEMENT_NB,5,2,109,getting,textual,complement_log_weight,5.743085641591349,5.743085641591349,positive,263,263,
C_COMPLEMENT_NB,5,2,66,different,textual,complement_log_weight,5.664050114379502,5.664050114379502,positive,264,264,
C_COMPLEMENT_NB,5,2,288,way,textual,complement_log_weight,5.6540983365440685,5.6540983365440685,positive,265,265,
C_COMPLEMENT_NB,5,2,217,right,textual,complement_log_weight,5.630890088444579,5.630890088444579,positive,266,266,
C_COMPLEMENT_NB,5,2,235,start,textual,complement_log_weight,5.609790332140187,5.609790332140187,positive,267,267,
C_COMPLEMENT_NB,5,2,56,day,textual,complement_log_weight,5.586397012682553,5.586397012682553,positive,268,268,
C_COMPLEMENT_NB,5,2,199,person,textual,complement_log_weight,5.562213148696587,5.562213148696587,positive,269,269,
C_COMPLEMENT_NB,5,2,161,ll,textual,complement_log_weight,5.539910468332212,5.539910468332212,positive,270,270,
C_COMPLEMENT_NB,5,2,176,medication,textual,complement_log_weight,5.530213577601472,5.530213577601472,positive,271,271,
C_COMPLEMENT_NB,5,2,170,make,textual,complement_log_weight,5.5277082187077085,5.5277082187077085,positive,272,272,
C_COMPLEMENT_NB,5,2,291,work,textual,complement_log_weight,5.514601896811025,5.514601896811025,positive,273,273,
C_COMPLEMENT_NB,5,2,198,people adhd,textual,complement_log_weight,5.498062769546529,5.498062769546529,positive,274,274,
C_COMPLEMENT_NB,5,2,263,thing,textual,complement_log_weight,5.4885417081662515,5.4885417081662515,positive,275,275,
C_COMPLEMENT_NB,5,2,100,focus,textual,complement_log_weight,5.468741428377126,5.468741428377126,positive,276,276,
C_COMPLEMENT_NB,5,2,266,think,textual,complement_log_weight,5.463848787527653,5.463848787527653,positive,277,277,
C_COMPLEMENT_NB,5,2,287,want,textual,complement_log_weight,5.461988323071225,5.461988323071225,positive,278,278,
C_COMPLEMENT_NB,5,2,124,help,textual,complement_log_weight,5.452513965515788,5.452513965515788,positive,279,279,
C_COMPLEMENT_NB,5,2,155,life,textual,complement_log_weight,5.4507507002303,5.4507507002303,positive,280,280,
C_COMPLEMENT_NB,5,2,22,attention,textual,complement_log_weight,5.4122709999638134,5.4122709999638134,positive,281,281,
C_COMPLEMENT_NB,5,2,7,actually,textual,complement_log_weight,5.363756519843447,5.363756519843447,positive,282,282,
C_COMPLEMENT_NB,5,2,186,need,textual,complement_log_weight,5.35704483697088,5.35704483697088,positive,283,283,
C_COMPLEMENT_NB,5,2,284,ve,textual,complement_log_weight,5.3358187357532545,5.3358187357532545,positive,284,284,
C_COMPLEMENT_NB,5,2,166,lot,textual,complement_log_weight,5.317667424601661,5.317667424601661,positive,285,285,
C_COMPLEMENT_NB,5,2,95,feel,textual,complement_log_weight,5.214119454061516,5.214119454061516,positive,286,286,
C_COMPLEMENT_NB,5,2,269,time,textual,complement_log_weight,5.181532563470678,5.181532563470678,positive,287,287,
C_COMPLEMENT_NB,5,2,111,going,textual,complement_log_weight,5.173999558158959,5.173999558158959,positive,288,288,
C_COMPLEMENT_NB,5,2,76,don,textual,complement_log_weight,5.158127797411777,5.158127797411777,positive,289,289,
C_COMPLEMENT_NB,5,2,148,know,textual,complement_log_weight,5.148845772084049,5.148845772084049,positive,290,290,
C_COMPLEMENT_NB,5,2,209,really,textual,complement_log_weight,5.147162291673464,5.147162291673464,positive,291,291,
C_COMPLEMENT_NB,5,2,252,symptoms,textual,complement_log_weight,5.140005662462465,5.140005662462465,positive,292,292,
C_COMPLEMENT_NB,5,2,78,dopamine,textual,complement_log_weight,5.09914323184678,5.09914323184678,positive,293,293,
C_COMPLEMENT_NB,5,2,191,number,textual,complement_log_weight,5.056339010484557,5.056339010484557,positive,294,294,
C_COMPLEMENT_NB,5,2,264,things,textual,complement_log_weight,5.012811514903324,5.012811514903324,positive,295,295,
C_COMPLEMENT_NB,5,2,197,people,textual,complement_log_weight,4.799097318784112,4.799097318784112,positive,296,296,
C_COMPLEMENT_NB,5,2,145,just,textual,complement_log_weight,4.785871642355557,4.785871642355557,positive,297,297,
C_COMPLEMENT_NB,5,2,35,brain,textual,complement_log_weight,4.729425759382772,4.729425759382772,positive,298,298,
C_COMPLEMENT_NB,5,2,156,like,textual,complement_log_weight,4.478705289321193,4.478705289321193,positive,299,299,
C_COMPLEMENT_NB,5,2,10,adhd,textual,complement_log_weight,3.998536056897544,3.998536056897544,positive,300,300,
C_COMPLEMENT_NB,5,2,300,certainty_score,handcrafted_linguistic,complement_log_weight,3.4366590979491063,3.4366590979491063,positive,301,301,
C_COMPLEMENT_NB,5,2,301,hedge_score,handcrafted_linguistic,complement_log_weight,3.3818846911450273,3.3818846911450273,positive,302,302,
C_COMPLEMENT_NB,5,2,305,duration_sec_within_platform_percentile,engagement_or_format,complement_log_weight,2.681478867365679,2.681478867365679,positive,303,303,
C_COMPLEMENT_NB,5,2,303,comments_within_platform_percentile,engagement_or_format,complement_log_weight,2.6748317453903043,2.6748317453903043,positive,304,304,
C_COMPLEMENT_NB,5,2,304,views_within_platform_percentile,engagement_or_format,complement_log_weight,2.6746457315934333,2.6746457315934333,positive,305,305,
C_COMPLEMENT_NB,5,2,302,likes_within_platform_percentile,engagement_or_format,complement_log_weight,2.6737751828922653,2.6737751828922653,positive,306,306,
C_COMPLEMENT_NB,5,3,80,drink,textual,complement_log_weight,7.635553877941859,7.635553877941859,positive,1,1,
C_COMPLEMENT_NB,5,3,116,gut,textual,complement_log_weight,7.256175175314328,7.256175175314328,positive,2,2,
C_COMPLEMENT_NB,5,3,169,lower,textual,complement_log_weight,7.131371047941132,7.131371047941132,positive,3,3,
C_COMPLEMENT_NB,5,3,18,alcohol,textual,complement_log_weight,7.091325466954666,7.091325466954666,positive,4,4,
C_COMPLEMENT_NB,5,3,67,differently,textual,complement_log_weight,7.077920736727494,7.077920736727494,positive,5,5,
C_COMPLEMENT_NB,5,3,214,relationships,textual,complement_log_weight,7.066851980657597,7.066851980657597,positive,6,6,
C_COMPLEMENT_NB,5,3,154,levels,textual,complement_log_weight,7.052916824396958,7.052916824396958,positive,7,7,
C_COMPLEMENT_NB,5,3,19,anger,textual,complement_log_weight,7.050374108239176,7.050374108239176,positive,8,8,
C_COMPLEMENT_NB,5,3,234,sort,textual,complement_log_weight,7.0131240881133445,7.0131240881133445,positive,9,9,
C_COMPLEMENT_NB,5,3,160,little bit,textual,complement_log_weight,7.0043161286893145,7.0043161286893145,positive,10,10,
C_COMPLEMENT_NB,5,3,6,activity,textual,complement_log_weight,6.994336194095958,6.994336194095958,positive,11,11,
C_COMPLEMENT_NB,5,3,68,difficult,textual,complement_log_weight,6.9811885793984505,6.9811885793984505,positive,12,12,
C_COMPLEMENT_NB,5,3,103,food,textual,complement_log_weight,6.94590990897776,6.94590990897776,positive,13,13,
C_COMPLEMENT_NB,5,3,101,focused,textual,complement_log_weight,6.94422365548602,6.94422365548602,positive,14,14,
C_COMPLEMENT_NB,5,3,108,gets,textual,complement_log_weight,6.928970184720831,6.928970184720831,positive,15,15,
C_COMPLEMENT_NB,5,3,72,doctor,textual,complement_log_weight,6.923189634421107,6.923189634421107,positive,16,16,
C_COMPLEMENT_NB,5,3,33,bit,textual,complement_log_weight,6.886835225882092,6.886835225882092,positive,17,17,
C_COMPLEMENT_NB,5,3,268,thoughts,textual,complement_log_weight,6.869726309922735,6.869726309922735,positive,18,18,
C_COMPLEMENT_NB,5,3,281,used,textual,complement_log_weight,6.864179272214869,6.864179272214869,positive,19,19,
C_COMPLEMENT_NB,5,3,277,uh,textual,complement_log_weight,6.852544022048097,6.852544022048097,positive,20,20,
C_COMPLEMENT_NB,5,3,194,overwhelmed,textual,complement_log_weight,6.847243244899222,6.847243244899222,positive,21,21,
C_COMPLEMENT_NB,5,3,262,therapy,textual,complement_log_weight,6.846299899461101,6.846299899461101,positive,22,22,
C_COMPLEMENT_NB,5,3,82,eat,textual,complement_log_weight,6.839788391461842,6.839788391461842,positive,23,23,
C_COMPLEMENT_NB,5,3,211,regulate,textual,complement_log_weight,6.83618386350966,6.83618386350966,positive,24,24,
C_COMPLEMENT_NB,5,3,183,morning,textual,complement_log_weight,6.831551312366369,6.831551312366369,positive,25,25,
C_COMPLEMENT_NB,5,3,158,literally,textual,complement_log_weight,6.829395537699777,6.829395537699777,positive,26,26,
C_COMPLEMENT_NB,5,3,77,don know,textual,complement_log_weight,6.826787354623596,6.826787354623596,positive,27,27,
C_COMPLEMENT_NB,5,3,236,state,textual,complement_log_weight,6.8246880452742005,6.8246880452742005,positive,28,28,
C_COMPLEMENT_NB,5,3,202,place,textual,complement_log_weight,6.824598408775314,6.824598408775314,positive,29,29,
C_COMPLEMENT_NB,5,3,248,stuff,textual,complement_log_weight,6.807461949645355,6.807461949645355,positive,30,30,
C_COMPLEMENT_NB,5,3,219,saying,textual,complement_log_weight,6.806602532048338,6.806602532048338,positive,31,31,
C_COMPLEMENT_NB,5,3,251,sure,textual,complement_log_weight,6.806272403015113,6.806272403015113,positive,32,32,
C_COMPLEMENT_NB,5,3,125,helpful,textual,complement_log_weight,6.8050089448176365,6.8050089448176365,positive,33,33,
C_COMPLEMENT_NB,5,3,79,dr,textual,complement_log_weight,6.7797735781324295,6.7797735781324295,positive,34,34,
C_COMPLEMENT_NB,5,3,2,ability,textual,complement_log_weight,6.778257641770062,6.778257641770062,positive,35,35,
C_COMPLEMENT_NB,5,3,115,great,textual,complement_log_weight,6.77227847731374,6.77227847731374,positive,36,36,
C_COMPLEMENT_NB,5,3,203,point,textual,complement_log_weight,6.771017175299517,6.771017175299517,positive,37,37,
C_COMPLEMENT_NB,5,3,178,meds,textual,complement_log_weight,6.764029891852874,6.764029891852874,positive,38,38,
C_COMPLEMENT_NB,5,3,42,certain,textual,complement_log_weight,6.75344454736763,6.75344454736763,positive,39,39,
C_COMPLEMENT_NB,5,3,253,taking,textual,complement_log_weight,6.751345198275415,6.751345198275415,positive,40,40,
C_COMPLEMENT_NB,5,3,275,turn,textual,complement_log_weight,6.750629811013492,6.750629811013492,positive,41,41,
C_COMPLEMENT_NB,5,3,117,half,textual,complement_log_weight,6.740343169391763,6.740343169391763,positive,42,42,
C_COMPLEMENT_NB,5,3,110,goes,textual,complement_log_weight,6.730406955656044,6.730406955656044,positive,43,43,
C_COMPLEMENT_NB,5,3,196,patients,textual,complement_log_weight,6.720203675151125,6.720203675151125,positive,44,44,
C_COMPLEMENT_NB,5,3,112,gonna,textual,complement_log_weight,6.717347769447975,6.717347769447975,positive,45,45,
C_COMPLEMENT_NB,5,3,225,sensory,textual,complement_log_weight,6.6991505532381455,6.6991505532381455,positive,46,46,
C_COMPLEMENT_NB,5,3,51,consequences,textual,complement_log_weight,6.693468392546393,6.693468392546393,positive,47,47,
C_COMPLEMENT_NB,5,3,28,basically,textual,complement_log_weight,6.692799486689657,6.692799486689657,positive,48,48,
C_COMPLEMENT_NB,5,3,26,bad,textual,complement_log_weight,6.692427208616442,6.692427208616442,positive,49,49,
C_COMPLEMENT_NB,5,3,233,somebody,textual,complement_log_weight,6.691176766451721,6.691176766451721,positive,50,50,
C_COMPLEMENT_NB,5,3,157,likely,textual,complement_log_weight,6.681924050023856,6.681924050023856,positive,51,51,
C_COMPLEMENT_NB,5,3,212,regulation,textual,complement_log_weight,6.680102474899855,6.680102474899855,positive,52,52,
C_COMPLEMENT_NB,5,3,49,completely,textual,complement_log_weight,6.679259130158261,6.679259130158261,positive,53,53,
C_COMPLEMENT_NB,5,3,24,autism,textual,complement_log_weight,6.67468520816098,6.67468520816098,positive,54,54,
C_COMPLEMENT_NB,5,3,232,social,textual,complement_log_weight,6.6567014660732635,6.6567014660732635,positive,55,55,
C_COMPLEMENT_NB,5,3,177,medications,textual,complement_log_weight,6.65388557696132,6.65388557696132,positive,56,56,
C_COMPLEMENT_NB,5,3,224,sensitive,textual,complement_log_weight,6.650302004777494,6.650302004777494,positive,57,57,
C_COMPLEMENT_NB,5,3,213,rejection,textual,complement_log_weight,6.648012665664486,6.648012665664486,positive,58,58,
C_COMPLEMENT_NB,5,3,130,hour,textual,complement_log_weight,6.64702655200035,6.64702655200035,positive,59,59,
C_COMPLEMENT_NB,5,3,64,diet,textual,complement_log_weight,6.64623173890744,6.64623173890744,positive,60,60,
C_COMPLEMENT_NB,5,3,143,issues,textual,complement_log_weight,6.645775482906569,6.645775482906569,positive,61,61,
C_COMPLEMENT_NB,5,3,129,highly,textual,complement_log_weight,6.641656270913222,6.641656270913222,positive,62,62,
C_COMPLEMENT_NB,5,3,50,condition,textual,complement_log_weight,6.641222808081915,6.641222808081915,positive,63,63,
C_COMPLEMENT_NB,5,3,104,foods,textual,complement_log_weight,6.6365123398043915,6.6365123398043915,positive,64,64,
C_COMPLEMENT_NB,5,3,210,reason,textual,complement_log_weight,6.632105608196397,6.632105608196397,positive,65,65,
C_COMPLEMENT_NB,5,3,245,struggling,textual,complement_log_weight,6.625907643206478,6.625907643206478,positive,66,66,
C_COMPLEMENT_NB,5,3,21,ask,textual,complement_log_weight,6.623760294058466,6.623760294058466,positive,67,67,
C_COMPLEMENT_NB,5,3,118,happens,textual,complement_log_weight,6.623223692693653,6.623223692693653,positive,68,68,
C_COMPLEMENT_NB,5,3,223,sense,textual,complement_log_weight,6.6189101993736426,6.6189101993736426,positive,69,69,
C_COMPLEMENT_NB,5,3,40,calm,textual,complement_log_weight,6.613079482405743,6.613079482405743,positive,70,70,
C_COMPLEMENT_NB,5,3,60,diagnosed adhd,textual,complement_log_weight,6.610986740970279,6.610986740970279,positive,71,71,
C_COMPLEMENT_NB,5,3,231,small,textual,complement_log_weight,6.60985996447381,6.60985996447381,positive,72,72,
C_COMPLEMENT_NB,5,3,140,information,textual,complement_log_weight,6.608927101499981,6.608927101499981,positive,73,73,
C_COMPLEMENT_NB,5,3,55,create,textual,complement_log_weight,6.607491390235888,6.607491390235888,positive,74,74,
C_COMPLEMENT_NB,5,3,237,stay,textual,complement_log_weight,6.606973373778097,6.606973373778097,positive,75,75,
C_COMPLEMENT_NB,5,3,228,single,textual,complement_log_weight,6.603807961833162,6.603807961833162,positive,76,76,
C_COMPLEMENT_NB,5,3,94,fast,textual,complement_log_weight,6.600688155259733,6.600688155259733,positive,77,77,
C_COMPLEMENT_NB,5,3,267,thought,textual,complement_log_weight,6.5959283809685045,6.5959283809685045,positive,78,78,
C_COMPLEMENT_NB,5,3,195,parents,textual,complement_log_weight,6.595268882434313,6.595268882434313,positive,79,79,
C_COMPLEMENT_NB,5,3,13,adhd people,textual,complement_log_weight,6.594164443609106,6.594164443609106,positive,80,80,
C_COMPLEMENT_NB,5,3,9,addiction,textual,complement_log_weight,6.593081110064281,6.593081110064281,positive,81,81,
C_COMPLEMENT_NB,5,3,151,later,textual,complement_log_weight,6.589705400431865,6.589705400431865,positive,82,82,
C_COMPLEMENT_NB,5,3,106,fucking,textual,complement_log_weight,6.5803268482361705,6.5803268482361705,positive,83,83,
C_COMPLEMENT_NB,5,3,15,adult,textual,complement_log_weight,6.576593460242458,6.576593460242458,positive,84,84,
C_COMPLEMENT_NB,5,3,163,long term,textual,complement_log_weight,6.572003232028365,6.572003232028365,positive,85,85,
C_COMPLEMENT_NB,5,3,139,increase,textual,complement_log_weight,6.567663820850148,6.567663820850148,positive,86,86,
C_COMPLEMENT_NB,5,3,91,exercise,textual,complement_log_weight,6.56258756919411,6.56258756919411,positive,87,87,
C_COMPLEMENT_NB,5,3,282,using,textual,complement_log_weight,6.5600792184802605,6.5600792184802605,positive,88,88,
C_COMPLEMENT_NB,5,3,293,works,textual,complement_log_weight,6.555730012169308,6.555730012169308,positive,89,89,
C_COMPLEMENT_NB,5,3,221,second,textual,complement_log_weight,6.554615897767004,6.554615897767004,positive,90,90,
C_COMPLEMENT_NB,5,3,296,wrong,textual,complement_log_weight,6.549128475409099,6.549128475409099,positive,91,91,
C_COMPLEMENT_NB,5,3,226,short,textual,complement_log_weight,6.539332961237665,6.539332961237665,positive,92,92,
C_COMPLEMENT_NB,5,3,65,difference,textual,complement_log_weight,6.533116976022851,6.533116976022851,positive,93,93,
C_COMPLEMENT_NB,5,3,261,test,textual,complement_log_weight,6.528320940385941,6.528320940385941,positive,94,94,
C_COMPLEMENT_NB,5,3,17,affects,textual,complement_log_weight,6.52192042848437,6.52192042848437,positive,95,95,
C_COMPLEMENT_NB,5,3,27,based,textual,complement_log_weight,6.520093896785913,6.520093896785913,positive,96,96,
C_COMPLEMENT_NB,5,3,99,finally,textual,complement_log_weight,6.5169200006546575,6.5169200006546575,positive,97,97,
C_COMPLEMENT_NB,5,3,38,caffeine,textual,complement_log_weight,6.516001583741477,6.516001583741477,positive,98,98,
C_COMPLEMENT_NB,5,3,62,did,textual,complement_log_weight,6.512081056525815,6.512081056525815,positive,99,99,
C_COMPLEMENT_NB,5,3,242,strategies,textual,complement_log_weight,6.511705734970964,6.511705734970964,positive,100,100,
C_COMPLEMENT_NB,5,3,135,impact,textual,complement_log_weight,6.507737223906913,6.507737223906913,positive,101,101,
C_COMPLEMENT_NB,5,3,131,hours,textual,complement_log_weight,6.503067870149496,6.503067870149496,positive,102,102,
C_COMPLEMENT_NB,5,3,271,treatment,textual,complement_log_weight,6.501710851644261,6.501710851644261,positive,103,103,
C_COMPLEMENT_NB,5,3,52,constant,textual,complement_log_weight,6.498909893539793,6.498909893539793,positive,104,104,
C_COMPLEMENT_NB,5,3,265,things like,textual,complement_log_weight,6.4978004978518005,6.4978004978518005,positive,105,105,
C_COMPLEMENT_NB,5,3,83,eating,textual,complement_log_weight,6.496459814564426,6.496459814564426,positive,106,106,
C_COMPLEMENT_NB,5,3,23,attention deficit,textual,complement_log_weight,6.489098464590529,6.489098464590529,positive,107,107,
C_COMPLEMENT_NB,5,3,289,ways,textual,complement_log_weight,6.486956022250229,6.486956022250229,positive,108,108,
C_COMPLEMENT_NB,5,3,165,looking,textual,complement_log_weight,6.477354908214779,6.477354908214779,positive,109,109,
C_COMPLEMENT_NB,5,3,200,phone,textual,complement_log_weight,6.4755652234837635,6.4755652234837635,positive,110,110,
C_COMPLEMENT_NB,5,3,122,health,textual,complement_log_weight,6.472548492366398,6.472548492366398,positive,111,111,
C_COMPLEMENT_NB,5,3,25,avoid,textual,complement_log_weight,6.468349574004055,6.468349574004055,positive,112,112,
C_COMPLEMENT_NB,5,3,283,usually,textual,complement_log_weight,6.467247154400093,6.467247154400093,positive,113,113,
C_COMPLEMENT_NB,5,3,90,executive,textual,complement_log_weight,6.465460713674014,6.465460713674014,positive,114,114,
C_COMPLEMENT_NB,5,3,43,change,textual,complement_log_weight,6.45806947561817,6.45806947561817,positive,115,115,
C_COMPLEMENT_NB,5,3,132,hyper,textual,complement_log_weight,6.45506513833909,6.45506513833909,positive,116,116,
C_COMPLEMENT_NB,5,3,270,times,textual,complement_log_weight,6.4517565303193,6.4517565303193,positive,117,117,
C_COMPLEMENT_NB,5,3,39,called,textual,complement_log_weight,6.436627841727319,6.436627841727319,positive,118,118,
C_COMPLEMENT_NB,5,3,299,yes,textual,complement_log_weight,6.433757456919347,6.433757456919347,positive,119,119,
C_COMPLEMENT_NB,5,3,192,oh,textual,complement_log_weight,6.425916520403129,6.425916520403129,positive,120,120,
C_COMPLEMENT_NB,5,3,201,physical,textual,complement_log_weight,6.4234100209632095,6.4234100209632095,positive,121,121,
C_COMPLEMENT_NB,5,3,47,comes,textual,complement_log_weight,6.421257430127392,6.421257430127392,positive,122,122,
C_COMPLEMENT_NB,5,3,4,absolutely,textual,complement_log_weight,6.408499649761677,6.408499649761677,positive,123,123,
C_COMPLEMENT_NB,5,3,295,worse,textual,complement_log_weight,6.4039101696880465,6.4039101696880465,positive,124,124,
C_COMPLEMENT_NB,5,3,144,job,textual,complement_log_weight,6.401920703733531,6.401920703733531,positive,125,125,
C_COMPLEMENT_NB,5,3,189,neurotypical,textual,complement_log_weight,6.398116155303808,6.398116155303808,positive,126,126,
C_COMPLEMENT_NB,5,3,89,everybody,textual,complement_log_weight,6.396803190411911,6.396803190411911,positive,127,127,
C_COMPLEMENT_NB,5,3,272,trouble,textual,complement_log_weight,6.389037532819251,6.389037532819251,positive,128,128,
C_COMPLEMENT_NB,5,3,278,um,textual,complement_log_weight,6.3887403742976385,6.3887403742976385,positive,129,129,
C_COMPLEMENT_NB,5,3,179,memory,textual,complement_log_weight,6.388290718102013,6.388290718102013,positive,130,130,
C_COMPLEMENT_NB,5,3,123,hear,textual,complement_log_weight,6.386821523563297,6.386821523563297,positive,131,131,
C_COMPLEMENT_NB,5,3,294,world,textual,complement_log_weight,6.38544394779038,6.38544394779038,positive,132,132,
C_COMPLEMENT_NB,5,3,207,protein,textual,complement_log_weight,6.377575824142761,6.377575824142761,positive,133,133,
C_COMPLEMENT_NB,5,3,93,fact,textual,complement_log_weight,6.376886952695823,6.376886952695823,positive,134,134,
C_COMPLEMENT_NB,5,3,279,understand,textual,complement_log_weight,6.372352382474545,6.372352382474545,positive,135,135,
C_COMPLEMENT_NB,5,3,136,important,textual,complement_log_weight,6.372336303152354,6.372336303152354,positive,136,136,
C_COMPLEMENT_NB,5,3,285,ve got,textual,complement_log_weight,6.372136015784483,6.372136015784483,positive,137,137,
C_COMPLEMENT_NB,5,3,190,new,textual,complement_log_weight,6.36470787499545,6.36470787499545,positive,138,138,
C_COMPLEMENT_NB,5,3,86,end,textual,complement_log_weight,6.362839895322937,6.362839895322937,positive,139,139,
C_COMPLEMENT_NB,5,3,276,type,textual,complement_log_weight,6.359750618837316,6.359750618837316,positive,140,140,
C_COMPLEMENT_NB,5,3,63,didn,textual,complement_log_weight,6.359452241652457,6.359452241652457,positive,141,141,
C_COMPLEMENT_NB,5,3,205,problem,textual,complement_log_weight,6.357154999280387,6.357154999280387,positive,142,142,
C_COMPLEMENT_NB,5,3,150,late,textual,complement_log_weight,6.354972951371702,6.354972951371702,positive,143,143,
C_COMPLEMENT_NB,5,3,46,come,textual,complement_log_weight,6.352350869666577,6.352350869666577,positive,144,144,
C_COMPLEMENT_NB,5,3,5,activities,textual,complement_log_weight,6.348871863476616,6.348871863476616,positive,145,145,
C_COMPLEMENT_NB,5,3,54,control,textual,complement_log_weight,6.3478335533954775,6.3478335533954775,positive,146,146,
C_COMPLEMENT_NB,5,3,133,hyperactive,textual,complement_log_weight,6.340457991816867,6.340457991816867,positive,147,147,
C_COMPLEMENT_NB,5,3,204,probably,textual,complement_log_weight,6.3384248535413255,6.3384248535413255,positive,148,148,
C_COMPLEMENT_NB,5,3,41,care,textual,complement_log_weight,6.328587748401675,6.328587748401675,positive,149,149,
C_COMPLEMENT_NB,5,3,12,adhd brains,textual,complement_log_weight,6.321486022138086,6.321486022138086,positive,150,150,
C_COMPLEMENT_NB,5,3,137,impulsive,textual,complement_log_weight,6.319931738360586,6.319931738360586,positive,151,151,
C_COMPLEMENT_NB,5,3,107,function,textual,complement_log_weight,6.319186800008713,6.319186800008713,positive,152,152,
C_COMPLEMENT_NB,5,3,290,women,textual,complement_log_weight,6.316231289639499,6.316231289639499,positive,153,153,
C_COMPLEMENT_NB,5,3,159,little,textual,complement_log_weight,6.31299126650466,6.31299126650466,positive,154,154,
C_COMPLEMENT_NB,5,3,57,deficit,textual,complement_log_weight,6.312130990846815,6.312130990846815,positive,155,155,
C_COMPLEMENT_NB,5,3,152,learn,textual,complement_log_weight,6.305559249027777,6.305559249027777,positive,156,156,
C_COMPLEMENT_NB,5,3,187,needs,textual,complement_log_weight,6.305007554408236,6.305007554408236,positive,157,157,
C_COMPLEMENT_NB,5,3,286,video,textual,complement_log_weight,6.304826144420747,6.304826144420747,positive,158,158,
C_COMPLEMENT_NB,5,3,240,stimulation,textual,complement_log_weight,6.304413924746456,6.304413924746456,positive,159,159,
C_COMPLEMENT_NB,5,3,250,support,textual,complement_log_weight,6.302221324751471,6.302221324751471,positive,160,160,
C_COMPLEMENT_NB,5,3,141,instead,textual,complement_log_weight,6.2941587659170555,6.2941587659170555,positive,161,161,
C_COMPLEMENT_NB,5,3,244,struggle,textual,complement_log_weight,6.292503599908515,6.292503599908515,positive,162,162,
C_COMPLEMENT_NB,5,3,120,harder,textual,complement_log_weight,6.289198916688198,6.289198916688198,positive,163,163,
C_COMPLEMENT_NB,5,3,292,working,textual,complement_log_weight,6.286257500510465,6.286257500510465,positive,164,164,
C_COMPLEMENT_NB,5,3,30,best,textual,complement_log_weight,6.280940315396376,6.280940315396376,positive,165,165,
C_COMPLEMENT_NB,5,3,119,hard,textual,complement_log_weight,6.27305548946322,6.27305548946322,positive,166,166,
C_COMPLEMENT_NB,5,3,180,mental,textual,complement_log_weight,6.272469787767236,6.272469787767236,positive,167,167,
C_COMPLEMENT_NB,5,3,246,studies,textual,complement_log_weight,6.2712126244871325,6.2712126244871325,positive,168,168,
C_COMPLEMENT_NB,5,3,105,forget,textual,complement_log_weight,6.26956420782336,6.26956420782336,positive,169,169,
C_COMPLEMENT_NB,5,3,173,maybe,textual,complement_log_weight,6.267711217733238,6.267711217733238,positive,170,170,
C_COMPLEMENT_NB,5,3,184,motivation,textual,complement_log_weight,6.267309511358281,6.267309511358281,positive,171,171,
C_COMPLEMENT_NB,5,3,247,study,textual,complement_log_weight,6.263759309873059,6.263759309873059,positive,172,172,
C_COMPLEMENT_NB,5,3,174,mean,textual,complement_log_weight,6.2565260307518695,6.2565260307518695,positive,173,173,
C_COMPLEMENT_NB,5,3,29,behavior,textual,complement_log_weight,6.255916309467182,6.255916309467182,positive,174,174,
C_COMPLEMENT_NB,5,3,146,kids,textual,complement_log_weight,6.255479003088923,6.255479003088923,positive,175,175,
C_COMPLEMENT_NB,5,3,227,signs,textual,complement_log_weight,6.253263648375656,6.253263648375656,positive,176,176,
C_COMPLEMENT_NB,5,3,274,trying,textual,complement_log_weight,6.253235957483741,6.253235957483741,positive,177,177,
C_COMPLEMENT_NB,5,3,182,minutes,textual,complement_log_weight,6.246216898108465,6.246216898108465,positive,178,178,
C_COMPLEMENT_NB,5,3,1,20,textual,complement_log_weight,6.245877327223679,6.245877327223679,positive,179,179,
C_COMPLEMENT_NB,5,3,61,diagnosis,textual,complement_log_weight,6.245343842915137,6.245343842915137,positive,180,180,
C_COMPLEMENT_NB,5,3,32,big,textual,complement_log_weight,6.242845400251302,6.242845400251302,positive,181,181,
C_COMPLEMENT_NB,5,3,34,body,textual,complement_log_weight,6.232706017050306,6.232706017050306,positive,182,182,
C_COMPLEMENT_NB,5,3,85,emotions,textual,complement_log_weight,6.230907815136696,6.230907815136696,positive,183,183,
C_COMPLEMENT_NB,5,3,58,depression,textual,complement_log_weight,6.221487295072602,6.221487295072602,positive,184,184,
C_COMPLEMENT_NB,5,3,255,talking,textual,complement_log_weight,6.211896671904247,6.211896671904247,positive,185,185,
C_COMPLEMENT_NB,5,3,37,burnout,textual,complement_log_weight,6.211182652499045,6.211182652499045,positive,186,186,
C_COMPLEMENT_NB,5,3,167,love,textual,complement_log_weight,6.2098816811935365,6.2098816811935365,positive,187,187,
C_COMPLEMENT_NB,5,3,88,especially,textual,complement_log_weight,6.2098117882019235,6.2098117882019235,positive,188,188,
C_COMPLEMENT_NB,5,3,48,common,textual,complement_log_weight,6.2079169081939645,6.2079169081939645,positive,189,189,
C_COMPLEMENT_NB,5,3,254,talk,textual,complement_log_weight,6.200293532167603,6.200293532167603,positive,190,190,
C_COMPLEMENT_NB,5,3,81,easily,textual,complement_log_weight,6.200136309399468,6.200136309399468,positive,191,191,
C_COMPLEMENT_NB,5,3,188,nervous,textual,complement_log_weight,6.195380918421446,6.195380918421446,positive,192,192,
C_COMPLEMENT_NB,5,3,185,music,textual,complement_log_weight,6.1941427146146975,6.1941427146146975,positive,193,193,
C_COMPLEMENT_NB,5,3,230,sleep,textual,complement_log_weight,6.1923440082571295,6.1923440082571295,positive,194,194,
C_COMPLEMENT_NB,5,3,168,low,textual,complement_log_weight,6.190056210012488,6.190056210012488,positive,195,195,
C_COMPLEMENT_NB,5,3,162,long,textual,complement_log_weight,6.188365235425888,6.188365235425888,positive,196,196,
C_COMPLEMENT_NB,5,3,69,difficulty,textual,complement_log_weight,6.187540122322682,6.187540122322682,positive,197,197,
C_COMPLEMENT_NB,5,3,222,self,textual,complement_log_weight,6.185185108693729,6.185185108693729,positive,198,198,
C_COMPLEMENT_NB,5,3,74,doesn,textual,complement_log_weight,6.185029200814837,6.185029200814837,positive,199,199,
C_COMPLEMENT_NB,5,3,216,research,textual,complement_log_weight,6.184528887684832,6.184528887684832,positive,200,200,
C_COMPLEMENT_NB,5,3,206,problems,textual,complement_log_weight,6.175513546935039,6.175513546935039,positive,201,201,
C_COMPLEMENT_NB,5,3,238,stimulant,textual,complement_log_weight,6.171662012531583,6.171662012531583,positive,202,202,
C_COMPLEMENT_NB,5,3,138,impulsivity,textual,complement_log_weight,6.170856941275787,6.170856941275787,positive,203,203,
C_COMPLEMENT_NB,5,3,260,term,textual,complement_log_weight,6.170172164900688,6.170172164900688,positive,204,204,
C_COMPLEMENT_NB,5,3,220,school,textual,complement_log_weight,6.153920869325628,6.153920869325628,positive,205,205,
C_COMPLEMENT_NB,5,3,98,feels,textual,complement_log_weight,6.152588247214864,6.152588247214864,positive,206,206,
C_COMPLEMENT_NB,5,3,239,stimulants,textual,complement_log_weight,6.150314592391361,6.150314592391361,positive,207,207,
C_COMPLEMENT_NB,5,3,97,feeling,textual,complement_log_weight,6.149608394707018,6.149608394707018,positive,208,208,
C_COMPLEMENT_NB,5,3,0,10,textual,complement_log_weight,6.1477181119975315,6.1477181119975315,positive,209,209,
C_COMPLEMENT_NB,5,3,149,lack,textual,complement_log_weight,6.143169325569504,6.143169325569504,positive,210,210,
C_COMPLEMENT_NB,5,3,53,constantly,textual,complement_log_weight,6.136611703272253,6.136611703272253,positive,211,211,
C_COMPLEMENT_NB,5,3,193,okay,textual,complement_log_weight,6.132205916800379,6.132205916800379,positive,212,212,
C_COMPLEMENT_NB,5,3,229,sit,textual,complement_log_weight,6.131481139214311,6.131481139214311,positive,213,213,
C_COMPLEMENT_NB,5,3,171,makes,textual,complement_log_weight,6.12975526278131,6.12975526278131,positive,214,214,
C_COMPLEMENT_NB,5,3,102,follow,textual,complement_log_weight,6.129437800277553,6.129437800277553,positive,215,215,
C_COMPLEMENT_NB,5,3,11,adhd brain,textual,complement_log_weight,6.128176983494053,6.128176983494053,positive,216,216,
C_COMPLEMENT_NB,5,3,92,experience,textual,complement_log_weight,6.126598281846826,6.126598281846826,positive,217,217,
C_COMPLEMENT_NB,5,3,87,energy,textual,complement_log_weight,6.112257966958551,6.112257966958551,positive,218,218,
C_COMPLEMENT_NB,5,3,71,distracted,textual,complement_log_weight,6.102133919731804,6.102133919731804,positive,219,219,
C_COMPLEMENT_NB,5,3,84,emotional,textual,complement_log_weight,6.099579493762077,6.099579493762077,positive,220,220,
C_COMPLEMENT_NB,5,3,181,mind,textual,complement_log_weight,6.0955746390407635,6.0955746390407635,positive,221,221,
C_COMPLEMENT_NB,5,3,126,helps,textual,complement_log_weight,6.093913318449471,6.093913318449471,positive,222,222,
C_COMPLEMENT_NB,5,3,175,means,textual,complement_log_weight,6.093363255100859,6.093363255100859,positive,223,223,
C_COMPLEMENT_NB,5,3,258,tell,textual,complement_log_weight,6.074413379228599,6.074413379228599,positive,224,224,
C_COMPLEMENT_NB,5,3,297,yeah,textual,complement_log_weight,6.0687807172798,6.0687807172798,positive,225,225,
C_COMPLEMENT_NB,5,3,215,remember,textual,complement_log_weight,6.067934345942937,6.067934345942937,positive,226,226,
C_COMPLEMENT_NB,5,3,59,diagnosed,textual,complement_log_weight,6.063510398757724,6.063510398757724,positive,227,227,
C_COMPLEMENT_NB,5,3,273,try,textual,complement_log_weight,6.062632399508125,6.062632399508125,positive,228,228,
C_COMPLEMENT_NB,5,3,241,stop,textual,complement_log_weight,6.060223835980326,6.060223835980326,positive,229,229,
C_COMPLEMENT_NB,5,3,16,adults,textual,complement_log_weight,6.0545815519850175,6.0545815519850175,positive,230,230,
C_COMPLEMENT_NB,5,3,31,better,textual,complement_log_weight,6.036437727968092,6.036437727968092,positive,231,231,
C_COMPLEMENT_NB,5,3,243,stress,textual,complement_log_weight,6.0283000651680725,6.0283000651680725,positive,232,232,
C_COMPLEMENT_NB,5,3,45,children,textual,complement_log_weight,6.027917162943137,6.027917162943137,positive,233,233,
C_COMPLEMENT_NB,5,3,172,making,textual,complement_log_weight,6.023293572434411,6.023293572434411,positive,234,234,
C_COMPLEMENT_NB,5,3,298,years,textual,complement_log_weight,6.021424771100536,6.021424771100536,positive,235,235,
C_COMPLEMENT_NB,5,3,114,got,textual,complement_log_weight,6.005226524930593,6.005226524930593,positive,236,236,
C_COMPLEMENT_NB,5,3,3,able,textual,complement_log_weight,6.00193728109515,6.00193728109515,positive,237,237,
C_COMPLEMENT_NB,5,3,14,adhd symptoms,textual,complement_log_weight,5.991867765260464,5.991867765260464,positive,238,238,
C_COMPLEMENT_NB,5,3,128,higher,textual,complement_log_weight,5.985476873953994,5.985476873953994,positive,239,239,
C_COMPLEMENT_NB,5,3,249,sugar,textual,complement_log_weight,5.962427057734187,5.962427057734187,positive,240,240,
C_COMPLEMENT_NB,5,3,96,feel like,textual,complement_log_weight,5.954397224566406,5.954397224566406,positive,241,241,
C_COMPLEMENT_NB,5,3,259,tend,textual,complement_log_weight,5.940682266972447,5.940682266972447,positive,242,242,
C_COMPLEMENT_NB,5,3,8,add,textual,complement_log_weight,5.903731909288803,5.903731909288803,positive,243,243,
C_COMPLEMENT_NB,5,3,44,child,textual,complement_log_weight,5.889714526485425,5.889714526485425,positive,244,244,
C_COMPLEMENT_NB,5,3,153,let,textual,complement_log_weight,5.888164080162884,5.888164080162884,positive,245,245,
C_COMPLEMENT_NB,5,3,208,real,textual,complement_log_weight,5.8839962544054005,5.8839962544054005,positive,246,246,
C_COMPLEMENT_NB,5,3,121,having,textual,complement_log_weight,5.871893304960892,5.871893304960892,positive,247,247,
C_COMPLEMENT_NB,5,3,36,brains,textual,complement_log_weight,5.859559154278896,5.859559154278896,positive,248,248,
C_COMPLEMENT_NB,5,3,70,disorder,textual,complement_log_weight,5.846372550225621,5.846372550225621,positive,249,249,
C_COMPLEMENT_NB,5,3,113,good,textual,complement_log_weight,5.821196043311059,5.821196043311059,positive,250,250,
C_COMPLEMENT_NB,5,3,256,task,textual,complement_log_weight,5.805511028690789,5.805511028690789,positive,251,251,
C_COMPLEMENT_NB,5,3,127,high,textual,complement_log_weight,5.804931075588708,5.804931075588708,positive,252,252,
C_COMPLEMENT_NB,5,3,280,use,textual,complement_log_weight,5.795397962337766,5.795397962337766,positive,253,253,
C_COMPLEMENT_NB,5,3,66,different,textual,complement_log_weight,5.781438071464847,5.781438071464847,positive,254,254,
C_COMPLEMENT_NB,5,3,142,isn,textual,complement_log_weight,5.750838893113527,5.750838893113527,positive,255,255,
C_COMPLEMENT_NB,5,3,73,does,textual,complement_log_weight,5.72870982981396,5.72870982981396,positive,256,256,
C_COMPLEMENT_NB,5,3,134,hyperactivity,textual,complement_log_weight,5.707446513188928,5.707446513188928,positive,257,257,
C_COMPLEMENT_NB,5,3,147,kind,textual,complement_log_weight,5.701372593977868,5.701372593977868,positive,258,258,
C_COMPLEMENT_NB,5,3,257,tasks,textual,complement_log_weight,5.6925533807746955,5.6925533807746955,positive,259,259,
C_COMPLEMENT_NB,5,3,75,doing,textual,complement_log_weight,5.692138744867693,5.692138744867693,positive,260,260,
C_COMPLEMENT_NB,5,3,161,ll,textual,complement_log_weight,5.6911708410750705,5.6911708410750705,positive,261,261,
C_COMPLEMENT_NB,5,3,109,getting,textual,complement_log_weight,5.6769285348193295,5.6769285348193295,positive,262,262,
C_COMPLEMENT_NB,5,3,218,say,textual,complement_log_weight,5.667841769027206,5.667841769027206,positive,263,263,
C_COMPLEMENT_NB,5,3,263,thing,textual,complement_log_weight,5.667126220531529,5.667126220531529,positive,264,264,
C_COMPLEMENT_NB,5,3,164,look,textual,complement_log_weight,5.657946097753467,5.657946097753467,positive,265,265,
C_COMPLEMENT_NB,5,3,56,day,textual,complement_log_weight,5.626714854469301,5.626714854469301,positive,266,266,
C_COMPLEMENT_NB,5,3,20,anxiety,textual,complement_log_weight,5.626613815787781,5.626613815787781,positive,267,267,
C_COMPLEMENT_NB,5,3,170,make,textual,complement_log_weight,5.6054654337526655,5.6054654337526655,positive,268,268,
C_COMPLEMENT_NB,5,3,199,person,textual,complement_log_weight,5.587915312632393,5.587915312632393,positive,269,269,
C_COMPLEMENT_NB,5,3,217,right,textual,complement_log_weight,5.560904395199272,5.560904395199272,positive,270,270,
C_COMPLEMENT_NB,5,3,287,want,textual,complement_log_weight,5.550698990737318,5.550698990737318,positive,271,271,
C_COMPLEMENT_NB,5,3,166,lot,textual,complement_log_weight,5.52561191603316,5.52561191603316,positive,272,272,
C_COMPLEMENT_NB,5,3,288,way,textual,complement_log_weight,5.523664046967742,5.523664046967742,positive,273,273,
C_COMPLEMENT_NB,5,3,198,people adhd,textual,complement_log_weight,5.4960029177885845,5.4960029177885845,positive,274,274,
C_COMPLEMENT_NB,5,3,176,medication,textual,complement_log_weight,5.495209883535011,5.495209883535011,positive,275,275,
C_COMPLEMENT_NB,5,3,266,think,textual,complement_log_weight,5.493568836027133,5.493568836027133,positive,276,276,
C_COMPLEMENT_NB,5,3,284,ve,textual,complement_log_weight,5.465335772159916,5.465335772159916,positive,277,277,
C_COMPLEMENT_NB,5,3,235,start,textual,complement_log_weight,5.457823549649929,5.457823549649929,positive,278,278,
C_COMPLEMENT_NB,5,3,155,life,textual,complement_log_weight,5.450344297835519,5.450344297835519,positive,279,279,
C_COMPLEMENT_NB,5,3,124,help,textual,complement_log_weight,5.42749465218302,5.42749465218302,positive,280,280,
C_COMPLEMENT_NB,5,3,291,work,textual,complement_log_weight,5.425390346622497,5.425390346622497,positive,281,281,
C_COMPLEMENT_NB,5,3,100,focus,textual,complement_log_weight,5.4000037956963025,5.4000037956963025,positive,282,282,
C_COMPLEMENT_NB,5,3,209,really,textual,complement_log_weight,5.373880253064207,5.373880253064207,positive,283,283,
C_COMPLEMENT_NB,5,3,78,dopamine,textual,complement_log_weight,5.33423814854967,5.33423814854967,positive,284,284,
C_COMPLEMENT_NB,5,3,186,need,textual,complement_log_weight,5.322558130717413,5.322558130717413,positive,285,285,
C_COMPLEMENT_NB,5,3,269,time,textual,complement_log_weight,5.311856016277947,5.311856016277947,positive,286,286,
C_COMPLEMENT_NB,5,3,22,attention,textual,complement_log_weight,5.272749026218569,5.272749026218569,positive,287,287,
C_COMPLEMENT_NB,5,3,7,actually,textual,complement_log_weight,5.260717755085448,5.260717755085448,positive,288,288,
C_COMPLEMENT_NB,5,3,95,feel,textual,complement_log_weight,5.235503013285705,5.235503013285705,positive,289,289,
C_COMPLEMENT_NB,5,3,111,going,textual,complement_log_weight,5.229256440889394,5.229256440889394,positive,290,290,
C_COMPLEMENT_NB,5,3,148,know,textual,complement_log_weight,5.12393506789665,5.12393506789665,positive,291,291,
C_COMPLEMENT_NB,5,3,264,things,textual,complement_log_weight,5.106606293400169,5.106606293400169,positive,292,292,
C_COMPLEMENT_NB,5,3,76,don,textual,complement_log_weight,5.098129888388526,5.098129888388526,positive,293,293,
C_COMPLEMENT_NB,5,3,191,number,textual,complement_log_weight,4.9766979802526,4.9766979802526,positive,294,294,
C_COMPLEMENT_NB,5,3,252,symptoms,textual,complement_log_weight,4.917966369582665,4.917966369582665,positive,295,295,
C_COMPLEMENT_NB,5,3,197,people,textual,complement_log_weight,4.790770424489849,4.790770424489849,positive,296,296,
C_COMPLEMENT_NB,5,3,35,brain,textual,complement_log_weight,4.71835085034145,4.71835085034145,positive,297,297,
C_COMPLEMENT_NB,5,3,145,just,textual,complement_log_weight,4.6804581397826235,4.6804581397826235,positive,298,298,
C_COMPLEMENT_NB,5,3,156,like,textual,complement_log_weight,4.422037288693592,4.422037288693592,positive,299,299,
C_COMPLEMENT_NB,5,3,10,adhd,textual,complement_log_weight,3.969577333463347,3.969577333463347,positive,300,300,
C_COMPLEMENT_NB,5,3,300,certainty_score,handcrafted_linguistic,complement_log_weight,3.477944469916074,3.477944469916074,positive,301,301,
C_COMPLEMENT_NB,5,3,301,hedge_score,handcrafted_linguistic,complement_log_weight,3.353662900748832,3.353662900748832,positive,302,302,
C_COMPLEMENT_NB,5,3,303,comments_within_platform_percentile,engagement_or_format,complement_log_weight,2.7201540645038937,2.7201540645038937,positive,303,303,
C_COMPLEMENT_NB,5,3,302,likes_within_platform_percentile,engagement_or_format,complement_log_weight,2.7197530863358255,2.7197530863358255,positive,304,304,
C_COMPLEMENT_NB,5,3,304,views_within_platform_percentile,engagement_or_format,complement_log_weight,2.709925141301981,2.709925141301981,positive,305,305,
C_COMPLEMENT_NB,5,3,305,duration_sec_within_platform_percentile,engagement_or_format,complement_log_weight,2.6554325560382726,2.6554325560382726,positive,306,306,
C_COMPLEMENT_NB,5,4,106,fucking,textual,complement_log_weight,8.214964224945378,8.214964224945378,positive,1,1,
C_COMPLEMENT_NB,5,4,112,gonna,textual,complement_log_weight,7.935296117041801,7.935296117041801,positive,2,2,
C_COMPLEMENT_NB,5,4,267,thought,textual,complement_log_weight,7.521171948695491,7.521171948695491,positive,3,3,
C_COMPLEMENT_NB,5,4,240,stimulation,textual,complement_log_weight,7.446079353443222,7.446079353443222,positive,4,4,
C_COMPLEMENT_NB,5,4,25,avoid,textual,complement_log_weight,7.328640498239681,7.328640498239681,positive,5,5,
C_COMPLEMENT_NB,5,4,28,basically,textual,complement_log_weight,7.277770446465614,7.277770446465614,positive,6,6,
C_COMPLEMENT_NB,5,4,115,great,textual,complement_log_weight,7.228634586522693,7.228634586522693,positive,7,7,
C_COMPLEMENT_NB,5,4,236,state,textual,complement_log_weight,7.177992915741237,7.177992915741237,positive,8,8,
C_COMPLEMENT_NB,5,4,187,needs,textual,complement_log_weight,7.147548139816893,7.147548139816893,positive,9,9,
C_COMPLEMENT_NB,5,4,12,adhd brains,textual,complement_log_weight,7.080210179357541,7.080210179357541,positive,10,10,
C_COMPLEMENT_NB,5,4,77,don know,textual,complement_log_weight,7.08011252199096,7.08011252199096,positive,11,11,
C_COMPLEMENT_NB,5,4,228,single,textual,complement_log_weight,7.028647269545171,7.028647269545171,positive,12,12,
C_COMPLEMENT_NB,5,4,210,reason,textual,complement_log_weight,7.01221434809486,7.01221434809486,positive,13,13,
C_COMPLEMENT_NB,5,4,130,hour,textual,complement_log_weight,7.003719509095284,7.003719509095284,positive,14,14,
C_COMPLEMENT_NB,5,4,107,function,textual,complement_log_weight,6.990659363982087,6.990659363982087,positive,15,15,
C_COMPLEMENT_NB,5,4,49,completely,textual,complement_log_weight,6.983049309776125,6.983049309776125,positive,16,16,
C_COMPLEMENT_NB,5,4,140,information,textual,complement_log_weight,6.978671986825832,6.978671986825832,positive,17,17,
C_COMPLEMENT_NB,5,4,110,goes,textual,complement_log_weight,6.969357677817076,6.969357677817076,positive,18,18,
C_COMPLEMENT_NB,5,4,40,calm,textual,complement_log_weight,6.965248291712904,6.965248291712904,positive,19,19,
C_COMPLEMENT_NB,5,4,132,hyper,textual,complement_log_weight,6.95267793780112,6.95267793780112,positive,20,20,
C_COMPLEMENT_NB,5,4,82,eat,textual,complement_log_weight,6.951723247634649,6.951723247634649,positive,21,21,
C_COMPLEMENT_NB,5,4,37,burnout,textual,complement_log_weight,6.948284652310516,6.948284652310516,positive,22,22,
C_COMPLEMENT_NB,5,4,1,20,textual,complement_log_weight,6.943395956001162,6.943395956001162,positive,23,23,
C_COMPLEMENT_NB,5,4,117,half,textual,complement_log_weight,6.931583495942524,6.931583495942524,positive,24,24,
C_COMPLEMENT_NB,5,4,202,place,textual,complement_log_weight,6.920964562619144,6.920964562619144,positive,25,25,
C_COMPLEMENT_NB,5,4,158,literally,textual,complement_log_weight,6.917853276166307,6.917853276166307,positive,26,26,
C_COMPLEMENT_NB,5,4,295,worse,textual,complement_log_weight,6.908587137359127,6.908587137359127,positive,27,27,
C_COMPLEMENT_NB,5,4,231,small,textual,complement_log_weight,6.894074232507989,6.894074232507989,positive,28,28,
C_COMPLEMENT_NB,5,4,38,caffeine,textual,complement_log_weight,6.886245238109536,6.886245238109536,positive,29,29,
C_COMPLEMENT_NB,5,4,51,consequences,textual,complement_log_weight,6.879210013868413,6.879210013868413,positive,30,30,
C_COMPLEMENT_NB,5,4,183,morning,textual,complement_log_weight,6.872504305011111,6.872504305011111,positive,31,31,
C_COMPLEMENT_NB,5,4,200,phone,textual,complement_log_weight,6.863704888370268,6.863704888370268,positive,32,32,
C_COMPLEMENT_NB,5,4,296,wrong,textual,complement_log_weight,6.854126516030177,6.854126516030177,positive,33,33,
C_COMPLEMENT_NB,5,4,9,addiction,textual,complement_log_weight,6.848609523369023,6.848609523369023,positive,34,34,
C_COMPLEMENT_NB,5,4,178,meds,textual,complement_log_weight,6.8427535014546725,6.8427535014546725,positive,35,35,
C_COMPLEMENT_NB,5,4,292,working,textual,complement_log_weight,6.828297643855049,6.828297643855049,positive,36,36,
C_COMPLEMENT_NB,5,4,219,saying,textual,complement_log_weight,6.806513957954615,6.806513957954615,positive,37,37,
C_COMPLEMENT_NB,5,4,80,drink,textual,complement_log_weight,6.803277114045401,6.803277114045401,positive,38,38,
C_COMPLEMENT_NB,5,4,234,sort,textual,complement_log_weight,6.798530821101475,6.798530821101475,positive,39,39,
C_COMPLEMENT_NB,5,4,151,later,textual,complement_log_weight,6.794176199212388,6.794176199212388,positive,40,40,
C_COMPLEMENT_NB,5,4,83,eating,textual,complement_log_weight,6.792229410597671,6.792229410597671,positive,41,41,
C_COMPLEMENT_NB,5,4,63,didn,textual,complement_log_weight,6.785196049573349,6.785196049573349,positive,42,42,
C_COMPLEMENT_NB,5,4,87,energy,textual,complement_log_weight,6.780983874807274,6.780983874807274,positive,43,43,
C_COMPLEMENT_NB,5,4,232,social,textual,complement_log_weight,6.763263525513611,6.763263525513611,positive,44,44,
C_COMPLEMENT_NB,5,4,27,based,textual,complement_log_weight,6.761767625005583,6.761767625005583,positive,45,45,
C_COMPLEMENT_NB,5,4,118,happens,textual,complement_log_weight,6.751759368119851,6.751759368119851,positive,46,46,
C_COMPLEMENT_NB,5,4,19,anger,textual,complement_log_weight,6.751734821049289,6.751734821049289,positive,47,47,
C_COMPLEMENT_NB,5,4,160,little bit,textual,complement_log_weight,6.736916371959351,6.736916371959351,positive,48,48,
C_COMPLEMENT_NB,5,4,281,used,textual,complement_log_weight,6.735828056624254,6.735828056624254,positive,49,49,
C_COMPLEMENT_NB,5,4,188,nervous,textual,complement_log_weight,6.734407793885289,6.734407793885289,positive,50,50,
C_COMPLEMENT_NB,5,4,194,overwhelmed,textual,complement_log_weight,6.722399828890095,6.722399828890095,positive,51,51,
C_COMPLEMENT_NB,5,4,270,times,textual,complement_log_weight,6.719999609782329,6.719999609782329,positive,52,52,
C_COMPLEMENT_NB,5,4,52,constant,textual,complement_log_weight,6.717345843399358,6.717345843399358,positive,53,53,
C_COMPLEMENT_NB,5,4,275,turn,textual,complement_log_weight,6.7034439850983,6.7034439850983,positive,54,54,
C_COMPLEMENT_NB,5,4,154,levels,textual,complement_log_weight,6.7029499946014495,6.7029499946014495,positive,55,55,
C_COMPLEMENT_NB,5,4,283,usually,textual,complement_log_weight,6.697969668093076,6.697969668093076,positive,56,56,
C_COMPLEMENT_NB,5,4,104,foods,textual,complement_log_weight,6.684847186857283,6.684847186857283,positive,57,57,
C_COMPLEMENT_NB,5,4,55,create,textual,complement_log_weight,6.681160945932858,6.681160945932858,positive,58,58,
C_COMPLEMENT_NB,5,4,101,focused,textual,complement_log_weight,6.680600586557398,6.680600586557398,positive,59,59,
C_COMPLEMENT_NB,5,4,4,absolutely,textual,complement_log_weight,6.680571100974795,6.680571100974795,positive,60,60,
C_COMPLEMENT_NB,5,4,21,ask,textual,complement_log_weight,6.677368284221448,6.677368284221448,positive,61,61,
C_COMPLEMENT_NB,5,4,103,food,textual,complement_log_weight,6.669279309875805,6.669279309875805,positive,62,62,
C_COMPLEMENT_NB,5,4,278,um,textual,complement_log_weight,6.665950182162847,6.665950182162847,positive,63,63,
C_COMPLEMENT_NB,5,4,36,brains,textual,complement_log_weight,6.665292990887838,6.665292990887838,positive,64,64,
C_COMPLEMENT_NB,5,4,211,regulate,textual,complement_log_weight,6.661830054397913,6.661830054397913,positive,65,65,
C_COMPLEMENT_NB,5,4,241,stop,textual,complement_log_weight,6.654953965636934,6.654953965636934,positive,66,66,
C_COMPLEMENT_NB,5,4,190,new,textual,complement_log_weight,6.654380353684557,6.654380353684557,positive,67,67,
C_COMPLEMENT_NB,5,4,195,parents,textual,complement_log_weight,6.649763618823634,6.649763618823634,positive,68,68,
C_COMPLEMENT_NB,5,4,243,stress,textual,complement_log_weight,6.637517857559169,6.637517857559169,positive,69,69,
C_COMPLEMENT_NB,5,4,248,stuff,textual,complement_log_weight,6.636032429656799,6.636032429656799,positive,70,70,
C_COMPLEMENT_NB,5,4,129,highly,textual,complement_log_weight,6.632064106482607,6.632064106482607,positive,71,71,
C_COMPLEMENT_NB,5,4,60,diagnosed adhd,textual,complement_log_weight,6.631869674882263,6.631869674882263,positive,72,72,
C_COMPLEMENT_NB,5,4,268,thoughts,textual,complement_log_weight,6.631327433599473,6.631327433599473,positive,73,73,
C_COMPLEMENT_NB,5,4,173,maybe,textual,complement_log_weight,6.629180399494244,6.629180399494244,positive,74,74,
C_COMPLEMENT_NB,5,4,30,best,textual,complement_log_weight,6.62823323072752,6.62823323072752,positive,75,75,
C_COMPLEMENT_NB,5,4,285,ve got,textual,complement_log_weight,6.628171206167441,6.628171206167441,positive,76,76,
C_COMPLEMENT_NB,5,4,13,adhd people,textual,complement_log_weight,6.623204690918439,6.623204690918439,positive,77,77,
C_COMPLEMENT_NB,5,4,196,patients,textual,complement_log_weight,6.619813141144488,6.619813141144488,positive,78,78,
C_COMPLEMENT_NB,5,4,86,end,textual,complement_log_weight,6.617982533740402,6.617982533740402,positive,79,79,
C_COMPLEMENT_NB,5,4,229,sit,textual,complement_log_weight,6.614182272377244,6.614182272377244,positive,80,80,
C_COMPLEMENT_NB,5,4,108,gets,textual,complement_log_weight,6.6120489206749635,6.6120489206749635,positive,81,81,
C_COMPLEMENT_NB,5,4,123,hear,textual,complement_log_weight,6.610976838712566,6.610976838712566,positive,82,82,
C_COMPLEMENT_NB,5,4,294,world,textual,complement_log_weight,6.610205901890973,6.610205901890973,positive,83,83,
C_COMPLEMENT_NB,5,4,249,sugar,textual,complement_log_weight,6.609860853482945,6.609860853482945,positive,84,84,
C_COMPLEMENT_NB,5,4,213,rejection,textual,complement_log_weight,6.594523859217311,6.594523859217311,positive,85,85,
C_COMPLEMENT_NB,5,4,233,somebody,textual,complement_log_weight,6.589882812683751,6.589882812683751,positive,86,86,
C_COMPLEMENT_NB,5,4,165,looking,textual,complement_log_weight,6.584689013097572,6.584689013097572,positive,87,87,
C_COMPLEMENT_NB,5,4,122,health,textual,complement_log_weight,6.584386678261008,6.584386678261008,positive,88,88,
C_COMPLEMENT_NB,5,4,116,gut,textual,complement_log_weight,6.580980322766772,6.580980322766772,positive,89,89,
C_COMPLEMENT_NB,5,4,131,hours,textual,complement_log_weight,6.58070645430924,6.58070645430924,positive,90,90,
C_COMPLEMENT_NB,5,4,212,regulation,textual,complement_log_weight,6.579585314756419,6.579585314756419,positive,91,91,
C_COMPLEMENT_NB,5,4,135,impact,textual,complement_log_weight,6.574619647985616,6.574619647985616,positive,92,92,
C_COMPLEMENT_NB,5,4,168,low,textual,complement_log_weight,6.5724801702784985,6.5724801702784985,positive,93,93,
C_COMPLEMENT_NB,5,4,98,feels,textual,complement_log_weight,6.564520094650747,6.564520094650747,positive,94,94,
C_COMPLEMENT_NB,5,4,184,motivation,textual,complement_log_weight,6.563275479255171,6.563275479255171,positive,95,95,
C_COMPLEMENT_NB,5,4,203,point,textual,complement_log_weight,6.5632742531879975,6.5632742531879975,positive,96,96,
C_COMPLEMENT_NB,5,4,2,ability,textual,complement_log_weight,6.561629873743295,6.561629873743295,positive,97,97,
C_COMPLEMENT_NB,5,4,189,neurotypical,textual,complement_log_weight,6.545830396586102,6.545830396586102,positive,98,98,
C_COMPLEMENT_NB,5,4,169,lower,textual,complement_log_weight,6.535978602361505,6.535978602361505,positive,99,99,
C_COMPLEMENT_NB,5,4,46,come,textual,complement_log_weight,6.534596903118651,6.534596903118651,positive,100,100,
C_COMPLEMENT_NB,5,4,93,fact,textual,complement_log_weight,6.530763298992739,6.530763298992739,positive,101,101,
C_COMPLEMENT_NB,5,4,94,fast,textual,complement_log_weight,6.529981286719287,6.529981286719287,positive,102,102,
C_COMPLEMENT_NB,5,4,89,everybody,textual,complement_log_weight,6.529700714996782,6.529700714996782,positive,103,103,
C_COMPLEMENT_NB,5,4,237,stay,textual,complement_log_weight,6.528544443879174,6.528544443879174,positive,104,104,
C_COMPLEMENT_NB,5,4,262,therapy,textual,complement_log_weight,6.525350613934202,6.525350613934202,positive,105,105,
C_COMPLEMENT_NB,5,4,181,mind,textual,complement_log_weight,6.524676904062728,6.524676904062728,positive,106,106,
C_COMPLEMENT_NB,5,4,289,ways,textual,complement_log_weight,6.517164226950296,6.517164226950296,positive,107,107,
C_COMPLEMENT_NB,5,4,91,exercise,textual,complement_log_weight,6.514013754272709,6.514013754272709,positive,108,108,
C_COMPLEMENT_NB,5,4,18,alcohol,textual,complement_log_weight,6.513320463017912,6.513320463017912,positive,109,109,
C_COMPLEMENT_NB,5,4,72,doctor,textual,complement_log_weight,6.512848378908905,6.512848378908905,positive,110,110,
C_COMPLEMENT_NB,5,4,279,understand,textual,complement_log_weight,6.502710129770579,6.502710129770579,positive,111,111,
C_COMPLEMENT_NB,5,4,223,sense,textual,complement_log_weight,6.501396938662822,6.501396938662822,positive,112,112,
C_COMPLEMENT_NB,5,4,174,mean,textual,complement_log_weight,6.491127259940258,6.491127259940258,positive,113,113,
C_COMPLEMENT_NB,5,4,293,works,textual,complement_log_weight,6.477320356713179,6.477320356713179,positive,114,114,
C_COMPLEMENT_NB,5,4,177,medications,textual,complement_log_weight,6.474804140108546,6.474804140108546,positive,115,115,
C_COMPLEMENT_NB,5,4,253,taking,textual,complement_log_weight,6.4731302464537945,6.4731302464537945,positive,116,116,
C_COMPLEMENT_NB,5,4,24,autism,textual,complement_log_weight,6.472737722970548,6.472737722970548,positive,117,117,
C_COMPLEMENT_NB,5,4,221,second,textual,complement_log_weight,6.4718576102934255,6.4718576102934255,positive,118,118,
C_COMPLEMENT_NB,5,4,175,means,textual,complement_log_weight,6.464632653437632,6.464632653437632,positive,119,119,
C_COMPLEMENT_NB,5,4,192,oh,textual,complement_log_weight,6.462797292899849,6.462797292899849,positive,120,120,
C_COMPLEMENT_NB,5,4,246,studies,textual,complement_log_weight,6.457886750760488,6.457886750760488,positive,121,121,
C_COMPLEMENT_NB,5,4,126,helps,textual,complement_log_weight,6.449895296482398,6.449895296482398,positive,122,122,
C_COMPLEMENT_NB,5,4,5,activities,textual,complement_log_weight,6.4478742931978825,6.4478742931978825,positive,123,123,
C_COMPLEMENT_NB,5,4,17,affects,textual,complement_log_weight,6.447580389794303,6.447580389794303,positive,124,124,
C_COMPLEMENT_NB,5,4,41,care,textual,complement_log_weight,6.447552069367707,6.447552069367707,positive,125,125,
C_COMPLEMENT_NB,5,4,297,yeah,textual,complement_log_weight,6.44220870615,6.44220870615,positive,126,126,
C_COMPLEMENT_NB,5,4,90,executive,textual,complement_log_weight,6.4379823381686645,6.4379823381686645,positive,127,127,
C_COMPLEMENT_NB,5,4,299,yes,textual,complement_log_weight,6.433208116179153,6.433208116179153,positive,128,128,
C_COMPLEMENT_NB,5,4,245,struggling,textual,complement_log_weight,6.430108478757436,6.430108478757436,positive,129,129,
C_COMPLEMENT_NB,5,4,43,change,textual,complement_log_weight,6.42893884780097,6.42893884780097,positive,130,130,
C_COMPLEMENT_NB,5,4,34,body,textual,complement_log_weight,6.426087330270088,6.426087330270088,positive,131,131,
C_COMPLEMENT_NB,5,4,282,using,textual,complement_log_weight,6.414864492092506,6.414864492092506,positive,132,132,
C_COMPLEMENT_NB,5,4,79,dr,textual,complement_log_weight,6.410539457712157,6.410539457712157,positive,133,133,
C_COMPLEMENT_NB,5,4,33,bit,textual,complement_log_weight,6.410103604280057,6.410103604280057,positive,134,134,
C_COMPLEMENT_NB,5,4,265,things like,textual,complement_log_weight,6.409635921135894,6.409635921135894,positive,135,135,
C_COMPLEMENT_NB,5,4,141,instead,textual,complement_log_weight,6.407415812714118,6.407415812714118,positive,136,136,
C_COMPLEMENT_NB,5,4,67,differently,textual,complement_log_weight,6.404424451746898,6.404424451746898,positive,137,137,
C_COMPLEMENT_NB,5,4,193,okay,textual,complement_log_weight,6.398372372903757,6.398372372903757,positive,138,138,
C_COMPLEMENT_NB,5,4,139,increase,textual,complement_log_weight,6.387156413012279,6.387156413012279,positive,139,139,
C_COMPLEMENT_NB,5,4,216,research,textual,complement_log_weight,6.385493664662256,6.385493664662256,positive,140,140,
C_COMPLEMENT_NB,5,4,39,called,textual,complement_log_weight,6.3810028118234134,6.3810028118234134,positive,141,141,
C_COMPLEMENT_NB,5,4,26,bad,textual,complement_log_weight,6.380753773995493,6.380753773995493,positive,142,142,
C_COMPLEMENT_NB,5,4,214,relationships,textual,complement_log_weight,6.3759607934682,6.3759607934682,positive,143,143,
C_COMPLEMENT_NB,5,4,171,makes,textual,complement_log_weight,6.370895332882304,6.370895332882304,positive,144,144,
C_COMPLEMENT_NB,5,4,271,treatment,textual,complement_log_weight,6.369899954527262,6.369899954527262,positive,145,145,
C_COMPLEMENT_NB,5,4,251,sure,textual,complement_log_weight,6.369132604542467,6.369132604542467,positive,146,146,
C_COMPLEMENT_NB,5,4,102,follow,textual,complement_log_weight,6.36726641651175,6.36726641651175,positive,147,147,
C_COMPLEMENT_NB,5,4,11,adhd brain,textual,complement_log_weight,6.366741200187178,6.366741200187178,positive,148,148,
C_COMPLEMENT_NB,5,4,163,long term,textual,complement_log_weight,6.358819402830307,6.358819402830307,positive,149,149,
C_COMPLEMENT_NB,5,4,225,sensory,textual,complement_log_weight,6.357797597892379,6.357797597892379,positive,150,150,
C_COMPLEMENT_NB,5,4,204,probably,textual,complement_log_weight,6.352782990932022,6.352782990932022,positive,151,151,
C_COMPLEMENT_NB,5,4,277,uh,textual,complement_log_weight,6.351236616096241,6.351236616096241,positive,152,152,
C_COMPLEMENT_NB,5,4,255,talking,textual,complement_log_weight,6.348599167992953,6.348599167992953,positive,153,153,
C_COMPLEMENT_NB,5,4,62,did,textual,complement_log_weight,6.347929590498473,6.347929590498473,positive,154,154,
C_COMPLEMENT_NB,5,4,81,easily,textual,complement_log_weight,6.347548891180502,6.347548891180502,positive,155,155,
C_COMPLEMENT_NB,5,4,65,difference,textual,complement_log_weight,6.347457604528741,6.347457604528741,positive,156,156,
C_COMPLEMENT_NB,5,4,29,behavior,textual,complement_log_weight,6.347115290827003,6.347115290827003,positive,157,157,
C_COMPLEMENT_NB,5,4,180,mental,textual,complement_log_weight,6.343824820874627,6.343824820874627,positive,158,158,
C_COMPLEMENT_NB,5,4,42,certain,textual,complement_log_weight,6.3369269526387795,6.3369269526387795,positive,159,159,
C_COMPLEMENT_NB,5,4,226,short,textual,complement_log_weight,6.3331441936404165,6.3331441936404165,positive,160,160,
C_COMPLEMENT_NB,5,4,247,study,textual,complement_log_weight,6.32978095611503,6.32978095611503,positive,161,161,
C_COMPLEMENT_NB,5,4,144,job,textual,complement_log_weight,6.327260494910491,6.327260494910491,positive,162,162,
C_COMPLEMENT_NB,5,4,99,finally,textual,complement_log_weight,6.325539288211541,6.325539288211541,positive,163,163,
C_COMPLEMENT_NB,5,4,54,control,textual,complement_log_weight,6.314280293568495,6.314280293568495,positive,164,164,
C_COMPLEMENT_NB,5,4,23,attention deficit,textual,complement_log_weight,6.30785209563331,6.30785209563331,positive,165,165,
C_COMPLEMENT_NB,5,4,215,remember,textual,complement_log_weight,6.307705436264787,6.307705436264787,positive,166,166,
C_COMPLEMENT_NB,5,4,32,big,textual,complement_log_weight,6.306879458931245,6.306879458931245,positive,167,167,
C_COMPLEMENT_NB,5,4,276,type,textual,complement_log_weight,6.305315130905881,6.305315130905881,positive,168,168,
C_COMPLEMENT_NB,5,4,201,physical,textual,complement_log_weight,6.302051365878108,6.302051365878108,positive,169,169,
C_COMPLEMENT_NB,5,4,50,condition,textual,complement_log_weight,6.298586471221951,6.298586471221951,positive,170,170,
C_COMPLEMENT_NB,5,4,68,difficult,textual,complement_log_weight,6.296644624017867,6.296644624017867,positive,171,171,
C_COMPLEMENT_NB,5,4,242,strategies,textual,complement_log_weight,6.294842360473554,6.294842360473554,positive,172,172,
C_COMPLEMENT_NB,5,4,88,especially,textual,complement_log_weight,6.293929000976607,6.293929000976607,positive,173,173,
C_COMPLEMENT_NB,5,4,146,kids,textual,complement_log_weight,6.290167550064597,6.290167550064597,positive,174,174,
C_COMPLEMENT_NB,5,4,152,learn,textual,complement_log_weight,6.284740600365599,6.284740600365599,positive,175,175,
C_COMPLEMENT_NB,5,4,15,adult,textual,complement_log_weight,6.274971071604437,6.274971071604437,positive,176,176,
C_COMPLEMENT_NB,5,4,298,years,textual,complement_log_weight,6.269211636124215,6.269211636124215,positive,177,177,
C_COMPLEMENT_NB,5,4,224,sensitive,textual,complement_log_weight,6.264263271155104,6.264263271155104,positive,178,178,
C_COMPLEMENT_NB,5,4,273,try,textual,complement_log_weight,6.262848340165001,6.262848340165001,positive,179,179,
C_COMPLEMENT_NB,5,4,97,feeling,textual,complement_log_weight,6.259949939126532,6.259949939126532,positive,180,180,
C_COMPLEMENT_NB,5,4,182,minutes,textual,complement_log_weight,6.251127406102164,6.251127406102164,positive,181,181,
C_COMPLEMENT_NB,5,4,167,love,textual,complement_log_weight,6.248805400625195,6.248805400625195,positive,182,182,
C_COMPLEMENT_NB,5,4,172,making,textual,complement_log_weight,6.2458648401656305,6.2458648401656305,positive,183,183,
C_COMPLEMENT_NB,5,4,149,lack,textual,complement_log_weight,6.24469477650333,6.24469477650333,positive,184,184,
C_COMPLEMENT_NB,5,4,250,support,textual,complement_log_weight,6.216748035185673,6.216748035185673,positive,185,185,
C_COMPLEMENT_NB,5,4,205,problem,textual,complement_log_weight,6.2073568483739345,6.2073568483739345,positive,186,186,
C_COMPLEMENT_NB,5,4,179,memory,textual,complement_log_weight,6.2036299137223,6.2036299137223,positive,187,187,
C_COMPLEMENT_NB,5,4,45,children,textual,complement_log_weight,6.202471845799476,6.202471845799476,positive,188,188,
C_COMPLEMENT_NB,5,4,120,harder,textual,complement_log_weight,6.197873939244461,6.197873939244461,positive,189,189,
C_COMPLEMENT_NB,5,4,0,10,textual,complement_log_weight,6.1928888796870325,6.1928888796870325,positive,190,190,
C_COMPLEMENT_NB,5,4,114,got,textual,complement_log_weight,6.180261125370391,6.180261125370391,positive,191,191,
C_COMPLEMENT_NB,5,4,157,likely,textual,complement_log_weight,6.174658970299201,6.174658970299201,positive,192,192,
C_COMPLEMENT_NB,5,4,57,deficit,textual,complement_log_weight,6.166269442348687,6.166269442348687,positive,193,193,
C_COMPLEMENT_NB,5,4,53,constantly,textual,complement_log_weight,6.163654595546116,6.163654595546116,positive,194,194,
C_COMPLEMENT_NB,5,4,3,able,textual,complement_log_weight,6.16172484880396,6.16172484880396,positive,195,195,
C_COMPLEMENT_NB,5,4,274,trying,textual,complement_log_weight,6.156474941975797,6.156474941975797,positive,196,196,
C_COMPLEMENT_NB,5,4,125,helpful,textual,complement_log_weight,6.151807738357411,6.151807738357411,positive,197,197,
C_COMPLEMENT_NB,5,4,286,video,textual,complement_log_weight,6.1474397911443,6.1474397911443,positive,198,198,
C_COMPLEMENT_NB,5,4,206,problems,textual,complement_log_weight,6.145878098286289,6.145878098286289,positive,199,199,
C_COMPLEMENT_NB,5,4,64,diet,textual,complement_log_weight,6.145595758684543,6.145595758684543,positive,200,200,
C_COMPLEMENT_NB,5,4,222,self,textual,complement_log_weight,6.135311191182568,6.135311191182568,positive,201,201,
C_COMPLEMENT_NB,5,4,47,comes,textual,complement_log_weight,6.132203164013815,6.132203164013815,positive,202,202,
C_COMPLEMENT_NB,5,4,96,feel like,textual,complement_log_weight,6.124608231463076,6.124608231463076,positive,203,203,
C_COMPLEMENT_NB,5,4,20,anxiety,textual,complement_log_weight,6.105405459556489,6.105405459556489,positive,204,204,
C_COMPLEMENT_NB,5,4,58,depression,textual,complement_log_weight,6.104206866116487,6.104206866116487,positive,205,205,
C_COMPLEMENT_NB,5,4,105,forget,textual,complement_log_weight,6.09951593573569,6.09951593573569,positive,206,206,
C_COMPLEMENT_NB,5,4,185,music,textual,complement_log_weight,6.095972661529322,6.095972661529322,positive,207,207,
C_COMPLEMENT_NB,5,4,218,say,textual,complement_log_weight,6.094364193298908,6.094364193298908,positive,208,208,
C_COMPLEMENT_NB,5,4,6,activity,textual,complement_log_weight,6.0907083014919,6.0907083014919,positive,209,209,
C_COMPLEMENT_NB,5,4,238,stimulant,textual,complement_log_weight,6.090480582745387,6.090480582745387,positive,210,210,
C_COMPLEMENT_NB,5,4,150,late,textual,complement_log_weight,6.088135283337409,6.088135283337409,positive,211,211,
C_COMPLEMENT_NB,5,4,290,women,textual,complement_log_weight,6.082845948288548,6.082845948288548,positive,212,212,
C_COMPLEMENT_NB,5,4,258,tell,textual,complement_log_weight,6.082066770424765,6.082066770424765,positive,213,213,
C_COMPLEMENT_NB,5,4,138,impulsivity,textual,complement_log_weight,6.080920939269978,6.080920939269978,positive,214,214,
C_COMPLEMENT_NB,5,4,119,hard,textual,complement_log_weight,6.077139226163989,6.077139226163989,positive,215,215,
C_COMPLEMENT_NB,5,4,71,distracted,textual,complement_log_weight,6.067050965058621,6.067050965058621,positive,216,216,
C_COMPLEMENT_NB,5,4,261,test,textual,complement_log_weight,6.063721788753067,6.063721788753067,positive,217,217,
C_COMPLEMENT_NB,5,4,272,trouble,textual,complement_log_weight,6.0548852934695585,6.0548852934695585,positive,218,218,
C_COMPLEMENT_NB,5,4,244,struggle,textual,complement_log_weight,6.038394451741897,6.038394451741897,positive,219,219,
C_COMPLEMENT_NB,5,4,159,little,textual,complement_log_weight,6.033244948143599,6.033244948143599,positive,220,220,
C_COMPLEMENT_NB,5,4,133,hyperactive,textual,complement_log_weight,6.028959991917859,6.028959991917859,positive,221,221,
C_COMPLEMENT_NB,5,4,207,protein,textual,complement_log_weight,6.026181022533349,6.026181022533349,positive,222,222,
C_COMPLEMENT_NB,5,4,162,long,textual,complement_log_weight,6.0257547736297425,6.0257547736297425,positive,223,223,
C_COMPLEMENT_NB,5,4,142,isn,textual,complement_log_weight,6.021941865324136,6.021941865324136,positive,224,224,
C_COMPLEMENT_NB,5,4,137,impulsive,textual,complement_log_weight,6.016051640629994,6.016051640629994,positive,225,225,
C_COMPLEMENT_NB,5,4,48,common,textual,complement_log_weight,6.0120900408761635,6.0120900408761635,positive,226,226,
C_COMPLEMENT_NB,5,4,147,kind,textual,complement_log_weight,6.004291112071113,6.004291112071113,positive,227,227,
C_COMPLEMENT_NB,5,4,85,emotions,textual,complement_log_weight,6.00343858115652,6.00343858115652,positive,228,228,
C_COMPLEMENT_NB,5,4,92,experience,textual,complement_log_weight,5.991054295822233,5.991054295822233,positive,229,229,
C_COMPLEMENT_NB,5,4,256,task,textual,complement_log_weight,5.983850994354492,5.983850994354492,positive,230,230,
C_COMPLEMENT_NB,5,4,260,term,textual,complement_log_weight,5.9670346077122325,5.9670346077122325,positive,231,231,
C_COMPLEMENT_NB,5,4,143,issues,textual,complement_log_weight,5.951027620926703,5.951027620926703,positive,232,232,
C_COMPLEMENT_NB,5,4,259,tend,textual,complement_log_weight,5.9492673872223385,5.9492673872223385,positive,233,233,
C_COMPLEMENT_NB,5,4,75,doing,textual,complement_log_weight,5.914562876045333,5.914562876045333,positive,234,234,
C_COMPLEMENT_NB,5,4,239,stimulants,textual,complement_log_weight,5.89859124222225,5.89859124222225,positive,235,235,
C_COMPLEMENT_NB,5,4,56,day,textual,complement_log_weight,5.8901074455974385,5.8901074455974385,positive,236,236,
C_COMPLEMENT_NB,5,4,127,high,textual,complement_log_weight,5.890076663017058,5.890076663017058,positive,237,237,
C_COMPLEMENT_NB,5,4,31,better,textual,complement_log_weight,5.885973964077777,5.885973964077777,positive,238,238,
C_COMPLEMENT_NB,5,4,113,good,textual,complement_log_weight,5.881960429237697,5.881960429237697,positive,239,239,
C_COMPLEMENT_NB,5,4,208,real,textual,complement_log_weight,5.87914857563051,5.87914857563051,positive,240,240,
C_COMPLEMENT_NB,5,4,227,signs,textual,complement_log_weight,5.875924559150363,5.875924559150363,positive,241,241,
C_COMPLEMENT_NB,5,4,8,add,textual,complement_log_weight,5.871936810966215,5.871936810966215,positive,242,242,
C_COMPLEMENT_NB,5,4,121,having,textual,complement_log_weight,5.864422464408381,5.864422464408381,positive,243,243,
C_COMPLEMENT_NB,5,4,74,doesn,textual,complement_log_weight,5.855263898612127,5.855263898612127,positive,244,244,
C_COMPLEMENT_NB,5,4,69,difficulty,textual,complement_log_weight,5.84677038848461,5.84677038848461,positive,245,245,
C_COMPLEMENT_NB,5,4,288,way,textual,complement_log_weight,5.839630398758513,5.839630398758513,positive,246,246,
C_COMPLEMENT_NB,5,4,16,adults,textual,complement_log_weight,5.838534481799492,5.838534481799492,positive,247,247,
C_COMPLEMENT_NB,5,4,59,diagnosed,textual,complement_log_weight,5.835964069246142,5.835964069246142,positive,248,248,
C_COMPLEMENT_NB,5,4,254,talk,textual,complement_log_weight,5.834707660377008,5.834707660377008,positive,249,249,
C_COMPLEMENT_NB,5,4,280,use,textual,complement_log_weight,5.826793071742817,5.826793071742817,positive,250,250,
C_COMPLEMENT_NB,5,4,153,let,textual,complement_log_weight,5.812026675961792,5.812026675961792,positive,251,251,
C_COMPLEMENT_NB,5,4,128,higher,textual,complement_log_weight,5.811933436483701,5.811933436483701,positive,252,252,
C_COMPLEMENT_NB,5,4,73,does,textual,complement_log_weight,5.8024384900965,5.8024384900965,positive,253,253,
C_COMPLEMENT_NB,5,4,84,emotional,textual,complement_log_weight,5.7652128950610955,5.7652128950610955,positive,254,254,
C_COMPLEMENT_NB,5,4,136,important,textual,complement_log_weight,5.753915693254939,5.753915693254939,positive,255,255,
C_COMPLEMENT_NB,5,4,220,school,textual,complement_log_weight,5.731449208233732,5.731449208233732,positive,256,256,
C_COMPLEMENT_NB,5,4,14,adhd symptoms,textual,complement_log_weight,5.7271531230330615,5.7271531230330615,positive,257,257,
C_COMPLEMENT_NB,5,4,257,tasks,textual,complement_log_weight,5.717234165813456,5.717234165813456,positive,258,258,
C_COMPLEMENT_NB,5,4,263,thing,textual,complement_log_weight,5.706392541830722,5.706392541830722,positive,259,259,
C_COMPLEMENT_NB,5,4,44,child,textual,complement_log_weight,5.701181870760157,5.701181870760157,positive,260,260,
C_COMPLEMENT_NB,5,4,217,right,textual,complement_log_weight,5.684473415554036,5.684473415554036,positive,261,261,
C_COMPLEMENT_NB,5,4,155,life,textual,complement_log_weight,5.682107177356938,5.682107177356938,positive,262,262,
C_COMPLEMENT_NB,5,4,170,make,textual,complement_log_weight,5.675992469440081,5.675992469440081,positive,263,263,
C_COMPLEMENT_NB,5,4,61,diagnosis,textual,complement_log_weight,5.66422847014206,5.66422847014206,positive,264,264,
C_COMPLEMENT_NB,5,4,164,look,textual,complement_log_weight,5.657238102995183,5.657238102995183,positive,265,265,
C_COMPLEMENT_NB,5,4,284,ve,textual,complement_log_weight,5.641533595099884,5.641533595099884,positive,266,266,
C_COMPLEMENT_NB,5,4,235,start,textual,complement_log_weight,5.638588419641878,5.638588419641878,positive,267,267,
C_COMPLEMENT_NB,5,4,230,sleep,textual,complement_log_weight,5.622580592584255,5.622580592584255,positive,268,268,
C_COMPLEMENT_NB,5,4,66,different,textual,complement_log_weight,5.619423623317272,5.619423623317272,positive,269,269,
C_COMPLEMENT_NB,5,4,186,need,textual,complement_log_weight,5.6137485815922625,5.6137485815922625,positive,270,270,
C_COMPLEMENT_NB,5,4,70,disorder,textual,complement_log_weight,5.604323381937645,5.604323381937645,positive,271,271,
C_COMPLEMENT_NB,5,4,199,person,textual,complement_log_weight,5.5979191344104935,5.5979191344104935,positive,272,272,
C_COMPLEMENT_NB,5,4,109,getting,textual,complement_log_weight,5.595415827533456,5.595415827533456,positive,273,273,
C_COMPLEMENT_NB,5,4,161,ll,textual,complement_log_weight,5.578022970083529,5.578022970083529,positive,274,274,
C_COMPLEMENT_NB,5,4,124,help,textual,complement_log_weight,5.570737385231725,5.570737385231725,positive,275,275,
C_COMPLEMENT_NB,5,4,287,want,textual,complement_log_weight,5.5607940446546165,5.5607940446546165,positive,276,276,
C_COMPLEMENT_NB,5,4,291,work,textual,complement_log_weight,5.556790976991013,5.556790976991013,positive,277,277,
C_COMPLEMENT_NB,5,4,100,focus,textual,complement_log_weight,5.538411518834349,5.538411518834349,positive,278,278,
C_COMPLEMENT_NB,5,4,134,hyperactivity,textual,complement_log_weight,5.516036165702202,5.516036165702202,positive,279,279,
C_COMPLEMENT_NB,5,4,7,actually,textual,complement_log_weight,5.503776685096316,5.503776685096316,positive,280,280,
C_COMPLEMENT_NB,5,4,198,people adhd,textual,complement_log_weight,5.4810121935121625,5.4810121935121625,positive,281,281,
C_COMPLEMENT_NB,5,4,266,think,textual,complement_log_weight,5.411265354963962,5.411265354963962,positive,282,282,
C_COMPLEMENT_NB,5,4,95,feel,textual,complement_log_weight,5.3969766810439275,5.3969766810439275,positive,283,283,
C_COMPLEMENT_NB,5,4,176,medication,textual,complement_log_weight,5.371444678449855,5.371444678449855,positive,284,284,
C_COMPLEMENT_NB,5,4,111,going,textual,complement_log_weight,5.337494617539023,5.337494617539023,positive,285,285,
C_COMPLEMENT_NB,5,4,166,lot,textual,complement_log_weight,5.306720244744642,5.306720244744642,positive,286,286,
C_COMPLEMENT_NB,5,4,148,know,textual,complement_log_weight,5.277640433457079,5.277640433457079,positive,287,287,
C_COMPLEMENT_NB,5,4,78,dopamine,textual,complement_log_weight,5.274547033910385,5.274547033910385,positive,288,288,
C_COMPLEMENT_NB,5,4,76,don,textual,complement_log_weight,5.2567705006631185,5.2567705006631185,positive,289,289,
C_COMPLEMENT_NB,5,4,191,number,textual,complement_log_weight,5.217570488253593,5.217570488253593,positive,290,290,
C_COMPLEMENT_NB,5,4,209,really,textual,complement_log_weight,5.123477771068134,5.123477771068134,positive,291,291,
C_COMPLEMENT_NB,5,4,22,attention,textual,complement_log_weight,5.120017022775508,5.120017022775508,positive,292,292,
C_COMPLEMENT_NB,5,4,264,things,textual,complement_log_weight,5.026052777950586,5.026052777950586,positive,293,293,
C_COMPLEMENT_NB,5,4,269,time,textual,complement_log_weight,4.941425753593921,4.941425753593921,positive,294,294,
C_COMPLEMENT_NB,5,4,145,just,textual,complement_log_weight,4.9121288614146765,4.9121288614146765,positive,295,295,
C_COMPLEMENT_NB,5,4,35,brain,textual,complement_log_weight,4.878956894404109,4.878956894404109,positive,296,296,
C_COMPLEMENT_NB,5,4,252,symptoms,textual,complement_log_weight,4.854424148779418,4.854424148779418,positive,297,297,
C_COMPLEMENT_NB,5,4,197,people,textual,complement_log_weight,4.7929410726825905,4.7929410726825905,positive,298,298,
C_COMPLEMENT_NB,5,4,156,like,textual,complement_log_weight,4.583253780301149,4.583253780301149,positive,299,299,
C_COMPLEMENT_NB,5,4,10,adhd,textual,complement_log_weight,3.9367402965018874,3.9367402965018874,positive,300,300,
C_COMPLEMENT_NB,5,4,300,certainty_score,handcrafted_linguistic,complement_log_weight,3.4731596395017807,3.4731596395017807,positive,301,301,
C_COMPLEMENT_NB,5,4,301,hedge_score,handcrafted_linguistic,complement_log_weight,3.3302384704505816,3.3302384704505816,positive,302,302,
C_COMPLEMENT_NB,5,4,304,views_within_platform_percentile,engagement_or_format,complement_log_weight,2.6727658249242383,2.6727658249242383,positive,303,303,
C_COMPLEMENT_NB,5,4,302,likes_within_platform_percentile,engagement_or_format,complement_log_weight,2.6669459912723967,2.6669459912723967,positive,304,304,
C_COMPLEMENT_NB,5,4,303,comments_within_platform_percentile,engagement_or_format,complement_log_weight,2.666473145886269,2.666473145886269,positive,305,305,
C_COMPLEMENT_NB,5,4,305,duration_sec_within_platform_percentile,engagement_or_format,complement_log_weight,2.6587463241401794,2.6587463241401794,positive,306,306,
