condition,class_label,feature,feature_group,weight_type,mean_weight_missing_as_zero,sample_std_weight_missing_as_zero,median_weight_missing_as_zero,mean_absolute_weight_missing_as_zero,minimum_weight,maximum_weight,fold_presence_count,fold_presence_fraction,nonzero_fold_count,positive_fold_fraction,negative_fold_fraction,sign_consistency_nonzero,top_k_fold_count,top_k_fold_fraction
C_LOGISTIC_REGRESSION,1,symptoms,textual,coefficient,2.3599255057837767,1.299883413600956,1.9190959056665784,2.3599255057837767,1.015795872683275,4.149844841407593,5,1.0,5,1.0,0.0,1.0,5,1.0
C_LOGISTIC_REGRESSION,1,music,textual,coefficient,1.9994475722486496,1.1108640566751709,2.6512051874705747,1.9994475722486496,0.7872391664505988,3.0538361381316825,5,1.0,5,1.0,0.0,1.0,5,1.0
C_LOGISTIC_REGRESSION,1,stimulant,textual,coefficient,1.6901571598938645,0.8735967309984429,2.077373784615855,1.6901571598938645,0.7205349752333142,2.4834936178940987,5,1.0,5,1.0,0.0,1.0,5,1.0
C_LOGISTIC_REGRESSION,1,tasks,textual,coefficient,1.652148024523846,0.6413667965268801,1.9972045625241734,1.652148024523846,0.8733833740271029,2.2143810988195005,5,1.0,5,1.0,0.0,1.0,5,1.0
C_LOGISTIC_REGRESSION,1,good,textual,coefficient,-1.5732986601678696,0.7992843660172049,-1.9085362881875958,1.5732986601678696,-2.505231403566041,-0.6402698023917676,5,1.0,5,0.0,1.0,1.0,5,1.0
C_LOGISTIC_REGRESSION,1,having,textual,coefficient,1.838973120914148,1.232576035303158,1.4628802658138065,1.838973120914148,0.7367395854869927,3.5020161872952498,5,1.0,5,1.0,0.0,1.0,4,0.8
C_LOGISTIC_REGRESSION,1,need,textual,coefficient,-1.7310553809549885,1.0516847132691214,-1.6087095680025014,1.7310553809549885,-3.268923750890585,-0.6469361242942286,5,1.0,5,0.0,1.0,1.0,4,0.8
C_LOGISTIC_REGRESSION,1,test,textual,coefficient,-1.707980866191766,1.0225523512554215,-2.2295424888854463,1.707980866191766,-2.7598836165129095,-0.4682048219463704,5,1.0,5,0.0,1.0,1.0,4,0.8
C_LOGISTIC_REGRESSION,1,dopamine,textual,coefficient,-1.6535331275133913,1.0232767854581497,-1.4749357292695284,1.6535331275133913,-3.099630982579398,-0.6956200224320874,5,1.0,5,0.0,1.0,1.0,4,0.8
C_LOGISTIC_REGRESSION,1,higher,textual,coefficient,1.5614904149456144,0.8298913887759565,1.8416005241202225,1.5614904149456144,0.5724336763567165,2.420584214872026,5,1.0,5,1.0,0.0,1.0,3,0.6
C_LOGISTIC_REGRESSION,1,impulsive,textual,coefficient,1.5070578357617817,0.9512410298893417,2.061041109328175,1.5070578357617817,0.4173054953366532,2.3757698748383858,5,1.0,5,1.0,0.0,1.0,3,0.6
C_LOGISTIC_REGRESSION,1,diet,textual,coefficient,-1.4096105042253224,1.019522947147486,-1.6531155648401419,1.4096105042253224,-2.502622619282291,0.0,4,0.8,4,0.0,0.8,1.0,3,0.6
C_LOGISTIC_REGRESSION,1,ve,textual,coefficient,-1.2789113872783902,0.645270993597049,-1.293968258246568,1.2789113872783902,-1.9902215690290708,-0.5989155055308056,5,1.0,5,0.0,1.0,1.0,3,0.6
C_LOGISTIC_REGRESSION,1,trouble,textual,coefficient,1.2457205877652886,0.5666095556029176,1.2573469050716408,1.2457205877652886,0.6580139299949432,2.0009892746311047,5,1.0,5,1.0,0.0,1.0,3,0.6
C_LOGISTIC_REGRESSION,1,type,textual,coefficient,-1.4842487791144034,1.057328446545982,-1.7531020937465993,1.4842487791144034,-2.761200874932827,-0.259400176934156,5,1.0,5,0.0,1.0,1.0,2,0.4
C_LOGISTIC_REGRESSION,1,actually,textual,coefficient,-1.3177272540891274,0.8689634271729398,-1.3228787763692682,1.3177272540891274,-2.6114629313184254,-0.45493138269643363,5,1.0,5,0.0,1.0,1.0,2,0.4
C_LOGISTIC_REGRESSION,1,worse,textual,coefficient,-1.3129014562694175,0.846251772966652,-1.6688856404035861,1.3129014562694175,-2.1097037675645103,-0.354951876214981,5,1.0,5,0.0,1.0,1.0,2,0.4
C_LOGISTIC_REGRESSION,1,doing,textual,coefficient,1.2490073427003279,1.0621889254990402,1.1782094559443528,1.2490073427003279,0.15274501269385035,2.5659576969562963,5,1.0,5,1.0,0.0,1.0,2,0.4
C_LOGISTIC_REGRESSION,1,instead,textual,coefficient,1.2435389017165874,0.8027807707131925,0.859230427840925,1.2435389017165874,0.5537811335774939,2.297177025164812,5,1.0,5,1.0,0.0,1.0,2,0.4
C_LOGISTIC_REGRESSION,1,problems,textual,coefficient,1.243500867349953,0.6911712580752236,0.9815995549818399,1.243500867349953,0.5337601746706563,2.122078829545228,5,1.0,5,1.0,0.0,1.0,2,0.4
C_LOGISTIC_REGRESSION,1,impulsivity,textual,coefficient,1.203488418835218,0.6933112472185573,0.9318713504957841,1.203488418835218,0.4135759279281642,2.0478212673199927,5,1.0,5,1.0,0.0,1.0,2,0.4
C_LOGISTIC_REGRESSION,1,way,textual,coefficient,-1.1894620283067758,0.5438915104759565,-1.1866530973417249,1.1894620283067758,-1.9316157109402703,-0.6592390544773156,5,1.0,5,0.0,1.0,1.0,2,0.4
C_LOGISTIC_REGRESSION,1,difference,textual,coefficient,1.1570372212282183,0.6396109410365836,0.9438152337873316,1.1570372212282183,0.5222891761310134,2.023739291195416,5,1.0,5,1.0,0.0,1.0,2,0.4
C_LOGISTIC_REGRESSION,1,brain,textual,coefficient,-0.9063782289722588,0.48791106009829543,-0.7425912654544318,0.9063782289722588,-1.7620882004270502,-0.5393161197040818,5,1.0,5,0.0,1.0,1.0,2,0.4
C_LOGISTIC_REGRESSION,1,medication,textual,coefficient,0.8748679533737447,0.2577083630576924,0.8259827825128255,0.8748679533737447,0.6054126157506619,1.2437302400730237,5,1.0,5,1.0,0.0,1.0,2,0.4
C_LOGISTIC_REGRESSION,1,start,textual,coefficient,1.2994722171047737,0.92834226748788,1.8469145933756088,1.2994722171047737,0.15628267723211717,2.1976237694096867,5,1.0,5,1.0,0.0,1.0,1,0.2
C_LOGISTIC_REGRESSION,1,easily,textual,coefficient,1.2355322168746963,0.798436409488044,1.1738544479741835,1.2355322168746963,0.42056081783372107,2.3003141082773664,5,1.0,5,1.0,0.0,1.0,1,0.2
C_LOGISTIC_REGRESSION,1,mind,textual,coefficient,-1.1743667750985725,0.7576740131749998,-1.5860498595470962,1.1743667750985725,-1.8512451356124098,-0.31669146445851265,5,1.0,5,0.0,1.0,1.0,1,0.2
C_LOGISTIC_REGRESSION,1,patients,textual,coefficient,-1.1566692219646668,0.7496598195617112,-1.2817459412535708,1.1566692219646668,-2.1162719016880818,-0.37951173248274306,5,1.0,5,0.0,1.0,1.0,1,0.2
C_LOGISTIC_REGRESSION,1,bit,textual,coefficient,-1.138347570332795,0.7382281088816214,-1.2787119352605298,1.138347570332795,-2.1774953928066973,-0.3383528615999147,5,1.0,5,0.0,1.0,1.0,1,0.2
C_LOGISTIC_REGRESSION,1,thing,textual,coefficient,-1.1106663031855555,0.900934901038757,-1.0722936487350145,1.1106663031855555,-2.5604376627116303,-0.23712934301916863,5,1.0,5,0.0,1.0,1.0,1,0.2
C_LOGISTIC_REGRESSION,1,studies,textual,coefficient,1.0748382536044923,0.7440894142542616,0.8916469521091234,1.0748382536044923,0.4103422491353773,2.1737774832165004,5,1.0,5,1.0,0.0,1.0,1,0.2
C_LOGISTIC_REGRESSION,1,real,textual,coefficient,1.0403129897933905,0.6077886655600818,0.8439835130578546,1.0403129897933905,0.36721400064195037,1.7775996879459943,5,1.0,5,1.0,0.0,1.0,1,0.2
C_LOGISTIC_REGRESSION,1,depression,textual,coefficient,-0.9552897191517152,1.2343253430190022,-0.6678133682763703,1.03698011959206,-2.967779850163212,0.20422600110086206,5,1.0,5,0.2,0.8,0.8,1,0.2
C_LOGISTIC_REGRESSION,1,late,textual,coefficient,-1.0289372676826343,0.7850221300787211,-0.817048006746446,1.0289372676826343,-2.07478711696917,-0.2867577910233824,5,1.0,5,0.0,1.0,1.0,1,0.2
C_LOGISTIC_REGRESSION,1,harder,textual,coefficient,1.0227309854271154,0.7556940444808936,0.9665200064048767,1.0227309854271154,0.2740721675149807,2.1433803972436523,5,1.0,5,1.0,0.0,1.0,1,0.2
C_LOGISTIC_REGRESSION,1,common,textual,coefficient,0.9457930429071947,0.4854810355059274,0.7277648252079275,0.9457930429071947,0.4572171587144874,1.4671593161041323,5,1.0,5,1.0,0.0,1.0,1,0.2
C_LOGISTIC_REGRESSION,1,great,textual,coefficient,-0.941668082186878,0.713381072612942,-0.8587050081984146,0.941668082186878,-1.9517411391062518,-0.26208864590135883,5,1.0,5,0.0,1.0,1.0,1,0.2
C_LOGISTIC_REGRESSION,1,struggle,textual,coefficient,-0.9274615645674483,0.7480782225536502,-1.0541836374673157,0.9274615645674483,-1.9537814103358675,-0.0712510530681751,5,1.0,5,0.0,1.0,1.0,1,0.2
C_LOGISTIC_REGRESSION,1,increase,textual,coefficient,-0.9098146128596124,0.5905306687744236,-1.138769513151114,0.9098146128596124,-1.4413285762368195,0.0,4,0.8,4,0.0,0.8,1.0,1,0.2
C_LOGISTIC_REGRESSION,1,day,textual,coefficient,-0.9010842855409589,0.719162928220387,-0.8462403392878584,0.9010842855409589,-1.9566623011820075,-0.17092112085520936,5,1.0,5,0.0,1.0,1.0,1,0.2
C_LOGISTIC_REGRESSION,1,high,textual,coefficient,-0.8542346170860267,0.6958992633246857,-0.7016394242516604,0.8542346170860267,-1.911179831878922,-0.15670809105004294,5,1.0,5,0.0,1.0,1.0,1,0.2
C_LOGISTIC_REGRESSION,1,comes,textual,coefficient,-0.8376300481328558,0.8652883968537146,-0.7352973761290122,0.8403468983940702,-2.2472368302476196,0.0067921256530359365,5,1.0,5,0.2,0.8,0.8,1,0.2
C_LOGISTIC_REGRESSION,1,time,textual,coefficient,-0.6949384573569013,0.2809913448976922,-0.7924611005399926,0.6949384573569013,-0.8713754768351973,-0.19640829690899855,5,1.0,5,0.0,1.0,1.0,1,0.2
C_LOGISTIC_REGRESSION,1,stimulants,textual,coefficient,0.396117232437568,0.483888590737918,0.45925796758990534,0.46606163127139355,-0.17486099708456376,1.0501565956271701,5,1.0,5,0.8,0.2,0.8,1,0.2
C_LOGISTIC_REGRESSION,1,hyperfocus,textual,coefficient,0.4081437079337249,0.912637075528629,0.0,0.4081437079337249,0.0,2.0407185396686245,1,0.2,1,0.2,0.0,1.0,1,0.2
C_LOGISTIC_REGRESSION,1,sensitivity,textual,coefficient,-0.1343955869971851,0.30051766840169275,0.0,0.1343955869971851,-0.6719779349859255,0.0,1,0.2,1,0.0,0.2,1.0,1,0.2
C_LOGISTIC_REGRESSION,1,support,textual,coefficient,1.238532994638125,0.7018947425890489,1.6397764743993613,1.238532994638125,0.4058711100863406,1.8477485645287324,5,1.0,5,1.0,0.0,1.0,0,0.0
C_LOGISTIC_REGRESSION,1,sit,textual,coefficient,-1.1026629301620567,0.6305183164179834,-1.4070133747986913,1.1026629301620567,-1.7569533290567911,-0.3233815328588285,5,1.0,5,0.0,1.0,1.0,0,0.0
C_LOGISTIC_REGRESSION,1,deficit,textual,coefficient,-1.0529189506083947,0.5906970825217688,-1.2349876474652648,1.0529189506083947,-1.6639649450884921,-0.42300209077252154,5,1.0,5,0.0,1.0,1.0,0,0.0
C_LOGISTIC_REGRESSION,1,new,textual,coefficient,-1.0086821951781115,0.6650394730644487,-1.11472858445862,1.0086821951781115,-1.692673772005865,-0.21813166758644084,5,1.0,5,0.0,1.0,1.0,0,0.0
C_LOGISTIC_REGRESSION,1,sugar,textual,coefficient,-1.0073385574677742,0.6386407019312197,-0.7905990195546524,1.0073385574677742,-1.7970902413401977,-0.43785887408794866,5,1.0,5,0.0,1.0,1.0,0,0.0
C_LOGISTIC_REGRESSION,1,anxiety,textual,coefficient,0.9905408941976146,0.7156444170117926,1.148181956112407,0.9905408941976146,0.07985138772718652,1.7854695974222166,5,1.0,5,1.0,0.0,1.0,0,0.0
C_LOGISTIC_REGRESSION,1,times,textual,coefficient,0.959773843576097,0.6199315813896175,1.1684012272921607,0.959773843576097,0.2883722630157217,1.7516837397438059,5,1.0,5,1.0,0.0,1.0,0,0.0
C_LOGISTIC_REGRESSION,1,function,textual,coefficient,0.8906312674304463,0.8745652679539136,1.5155350035921293,0.9439553058339658,-0.11420865454780371,1.5380301600918773,5,1.0,5,0.6,0.4,0.6,0,0.0
C_LOGISTIC_REGRESSION,1,doesn,textual,coefficient,-0.9300613650155111,0.6043068744633585,-1.0495148304630013,0.9300613650155111,-1.5878663536189108,-0.28270636685297873,5,1.0,5,0.0,1.0,1.0,0,0.0
C_LOGISTIC_REGRESSION,1,sensitive,textual,coefficient,-0.9278174321207725,0.5595623569820952,-1.107083064202428,0.9278174321207725,-1.6619849358105927,-0.2851123405628909,5,1.0,5,0.0,1.0,1.0,0,0.0
C_LOGISTIC_REGRESSION,1,care,textual,coefficient,-0.8879470576167389,0.5356455297710732,-0.8309187121867331,0.8879470576167389,-1.7023262106970225,-0.40845820132441335,5,1.0,5,0.0,1.0,1.0,0,0.0
C_LOGISTIC_REGRESSION,1,reason,textual,coefficient,-0.8826252532760129,0.5564702966940296,-1.0266378723866745,0.8826252532760129,-1.5534896785473031,-0.25526463197856014,5,1.0,5,0.0,1.0,1.0,0,0.0
C_LOGISTIC_REGRESSION,1,years,textual,coefficient,-0.8778080128355855,0.4943040903537674,-0.9657650758695774,0.8778080128355855,-1.4379212170935198,-0.30686669914364884,5,1.0,5,0.0,1.0,1.0,0,0.0
C_LOGISTIC_REGRESSION,1,yes,textual,coefficient,0.806757004682477,0.7228232713504892,0.8303148075140393,0.8702458084874289,-0.1587220095123796,1.570729814493546,5,1.0,5,0.8,0.2,0.8,0,0.0
C_LOGISTIC_REGRESSION,1,people,textual,coefficient,-0.8662585416483732,0.6411982551384232,-1.2373088715461338,0.8662585416483732,-1.3875994543914105,-0.017262459992161,5,1.0,5,0.0,1.0,1.0,0,0.0
C_LOGISTIC_REGRESSION,1,levels,textual,coefficient,-0.8611129705360321,0.6609697772527162,-1.1334078980496178,0.8611129705360321,-1.5990393461760037,0.0,4,0.8,4,0.0,0.8,1.0,0,0.0
C_LOGISTIC_REGRESSION,1,want,textual,coefficient,-0.777124500260505,0.8226569927897271,-0.5952126014238343,0.8543198557576052,-1.778334509552668,0.19298838874275034,5,1.0,5,0.2,0.8,0.8,0,0.0
C_LOGISTIC_REGRESSION,1,think,textual,coefficient,0.8480432868601813,0.4936471357151917,0.8780646805924155,0.8480432868601813,0.31405441315716737,1.4465230441877515,5,1.0,5,1.0,0.0,1.0,0,0.0
C_LOGISTIC_REGRESSION,1,emotions,textual,coefficient,0.843869779929333,0.46459412434511566,0.9691256377276758,0.843869779929333,0.2972657021732041,1.360487434437197,5,1.0,5,1.0,0.0,1.0,0,0.0
C_LOGISTIC_REGRESSION,1,attention deficit,textual,coefficient,-0.8204038728791787,0.704122168420026,-0.5495168897631711,0.8204038728791787,-1.7527137488143099,0.0,4,0.8,4,0.0,0.8,1.0,0,0.0
C_LOGISTIC_REGRESSION,1,end,textual,coefficient,0.8147226603468845,0.5611337920210393,0.8273476369565386,0.8147226603468845,0.13068708584831035,1.412779307505494,5,1.0,5,1.0,0.0,1.0,0,0.0
C_LOGISTIC_REGRESSION,1,physical,textual,coefficient,-0.8076211605074363,0.6208176102287976,-0.7826387130961044,0.8076211605074363,-1.5975853566865859,-0.1615200242991248,5,1.0,5,0.0,1.0,1.0,0,0.0
C_LOGISTIC_REGRESSION,1,experience,textual,coefficient,0.7959269929175906,0.5951689121595016,0.9601590518262967,0.8029191942959191,-0.01748050344582158,1.563149900437907,5,1.0,5,0.8,0.2,0.8,0,0.0
C_LOGISTIC_REGRESSION,1,try,textual,coefficient,-0.7998252577165637,0.4540738423048746,-0.7647996998654436,0.7998252577165637,-1.3899085341110105,-0.3098273177714517,5,1.0,5,0.0,1.0,1.0,0,0.0
C_LOGISTIC_REGRESSION,1,long,textual,coefficient,-0.7978147152978452,0.5623856312171246,-1.0857411464890818,0.7978147152978452,-1.367110775284148,-0.14754473056135625,5,1.0,5,0.0,1.0,1.0,0,0.0
C_LOGISTIC_REGRESSION,1,kind,textual,coefficient,-0.7775533567961362,0.5310367688456472,-0.9490142552592424,0.7775533567961362,-1.4733084687640785,-0.1799512988206101,5,1.0,5,0.0,1.0,1.0,0,0.0
C_LOGISTIC_REGRESSION,1,motivation,textual,coefficient,-0.7692119434084603,0.3309389984736631,-0.7382630943847527,0.7692119434084603,-1.2984125163429139,-0.4762578201462007,5,1.0,5,0.0,1.0,1.0,0,0.0
C_LOGISTIC_REGRESSION,1,using,textual,coefficient,0.7683381298390453,0.4459416645014768,0.932616349898453,0.7683381298390453,0.2733689510565609,1.2014214460130854,5,1.0,5,1.0,0.0,1.0,0,0.0
C_LOGISTIC_REGRESSION,1,calm,textual,coefficient,-0.7565931606145264,0.42961533365546883,-0.8272585284059635,0.7565931606145264,-1.1911566195561059,-0.3086681279902321,5,1.0,5,0.0,1.0,1.0,0,0.0
C_LOGISTIC_REGRESSION,1,like,textual,coefficient,0.7541912365398524,0.505812404592236,0.8614276081627603,0.7541912365398524,0.2083440463618079,1.2542040721049024,5,1.0,5,1.0,0.0,1.0,0,0.0
C_LOGISTIC_REGRESSION,1,foods,textual,coefficient,-0.7537580192202353,0.498850375682923,-1.003742044937809,0.7537580192202353,-1.1830720156841736,0.0,4,0.8,4,0.0,0.8,1.0,0,0.0
C_LOGISTIC_REGRESSION,1,stay,textual,coefficient,-0.7522602674227052,0.42436483901844796,-0.9683764080611967,0.7522602674227052,-1.1704828810928336,-0.2623610591196644,5,1.0,5,0.0,1.0,1.0,0,0.0
C_LOGISTIC_REGRESSION,1,especially,textual,coefficient,-0.7497287998572982,0.6105836831014257,-0.817314611272826,0.7497287998572982,-1.657594953722388,-0.1638772871318479,5,1.0,5,0.0,1.0,1.0,0,0.0
C_LOGISTIC_REGRESSION,1,little bit,textual,coefficient,-0.7473874631041433,0.5433318533103001,-0.6653869744776326,0.7473874631041433,-1.5810180636531406,-0.2191878132562343,5,1.0,5,0.0,1.0,1.0,0,0.0
C_LOGISTIC_REGRESSION,1,caffeine,textual,coefficient,-0.7434731213707444,0.5555367235290314,-1.105444897654814,0.7434731213707444,-1.1991031772333136,0.0,4,0.8,4,0.0,0.8,1.0,0,0.0
C_LOGISTIC_REGRESSION,1,nervous,textual,coefficient,-0.7401603436515012,0.357796757108708,-0.7340078038960449,0.7401603436515012,-1.1137588556569744,-0.37272212957942297,5,1.0,5,0.0,1.0,1.0,0,0.0
C_LOGISTIC_REGRESSION,1,inattentive,textual,coefficient,0.7320035405412196,0.6668941509786881,0.3891403601890026,0.7320035405412196,0.0,1.4536918512379364,4,0.8,4,0.8,0.0,1.0,0,0.0
C_LOGISTIC_REGRESSION,1,rejection,textual,coefficient,-0.7305274046760588,0.643057948974526,-0.5744428458993297,0.7305274046760588,-1.7160708270075196,0.0,4,0.8,4,0.0,0.8,1.0,0,0.0
C_LOGISTIC_REGRESSION,1,don,textual,coefficient,-0.7294182939682099,0.5683835841966584,-0.4046064318432505,0.7294182939682099,-1.4832498818665474,-0.24105679724351195,5,1.0,5,0.0,1.0,1.0,0,0.0
C_LOGISTIC_REGRESSION,1,means,textual,coefficient,-0.7053162190269958,0.37357016472036936,-0.8572926678016838,0.7053162190269958,-1.1052274612684156,-0.2750186688546244,5,1.0,5,0.0,1.0,1.0,0,0.0
C_LOGISTIC_REGRESSION,1,diagnosis,textual,coefficient,0.7043837188956308,0.5336858165938462,0.6540764654106357,0.7043837188956308,0.04042058457870949,1.5224735072583295,5,1.0,5,1.0,0.0,1.0,0,0.0
C_LOGISTIC_REGRESSION,1,going,textual,coefficient,-0.7037209862255984,0.6389280351340757,-0.3835966179334359,0.7037209862255984,-1.7519969556858714,-0.16966316360569747,5,1.0,5,0.0,1.0,1.0,0,0.0
C_LOGISTIC_REGRESSION,1,condition,textual,coefficient,0.6916916209245947,0.4870769931330542,0.4607626797850865,0.6916916209245947,0.18847012384398212,1.219501768835198,5,1.0,5,1.0,0.0,1.0,0,0.0
C_LOGISTIC_REGRESSION,1,executive,textual,coefficient,0.5550447679843369,0.7167188036322377,0.40533481236770796,0.6882861262001281,-0.333103395539478,1.3606123561396737,5,1.0,5,0.8,0.2,0.8,0,0.0
C_LOGISTIC_REGRESSION,1,social,textual,coefficient,-0.6827173518198769,0.5090993346301731,-0.5449806964593733,0.6827173518198769,-1.373880058935691,-0.14698235644991395,5,1.0,5,0.0,1.0,1.0,0,0.0
C_LOGISTIC_REGRESSION,1,called,textual,coefficient,-0.6812461923854242,0.7097180550120447,-0.32913220027346857,0.6812461923854242,-1.8689738802199904,-0.19900566203485734,5,1.0,5,0.0,1.0,1.0,0,0.0
C_LOGISTIC_REGRESSION,1,issues,textual,coefficient,-0.6806267070467207,0.5478401060402748,-0.38302224803744694,0.6806267070467207,-1.4932903803922895,-0.16137194276327016,5,1.0,5,0.0,1.0,1.0,0,0.0
C_LOGISTIC_REGRESSION,1,taking,textual,coefficient,-0.6736531755693873,0.41263944191557783,-0.4235660883116761,0.6736531755693873,-1.1554553720408607,-0.3424390280165873,5,1.0,5,0.0,1.0,1.0,0,0.0
C_LOGISTIC_REGRESSION,1,did,textual,coefficient,-0.6721845204374072,0.48863726313594036,-0.6477833508937191,0.6721845204374072,-1.4119021613705802,-0.16278468848829633,5,1.0,5,0.0,1.0,1.0,0,0.0
C_LOGISTIC_REGRESSION,1,lower,textual,coefficient,-0.660249401487194,0.7503581840892097,-0.398794643142803,0.660249401487194,-1.6253582407181202,0.0,3,0.6,3,0.0,0.6,1.0,0,0.0
C_LOGISTIC_REGRESSION,1,food,textual,coefficient,-0.6550066517354726,0.30895607401218594,-0.6792655337491548,0.6550066517354726,-1.0011087376907952,-0.3093396830970554,5,1.0,5,0.0,1.0,1.0,0,0.0
C_LOGISTIC_REGRESSION,1,morning,textual,coefficient,-0.6548880326541052,0.5822457568456412,-0.3692177546782452,0.6548880326541052,-1.329867159486294,0.0,4,0.8,4,0.0,0.8,1.0,0,0.0
C_LOGISTIC_REGRESSION,1,hyperactivity,textual,coefficient,-0.6339461026838841,0.635106029198963,-0.4040642107314108,0.647444857334506,-1.455548041340912,0.03374688662655452,5,1.0,5,0.2,0.8,0.8,0,0.0
C_LOGISTIC_REGRESSION,1,fast,textual,coefficient,-0.6418362521574357,0.38223630736637526,-0.4755022467803914,0.6418362521574357,-1.259629976695277,-0.322734340839273,5,1.0,5,0.0,1.0,1.0,0,0.0
C_LOGISTIC_REGRESSION,1,add,textual,coefficient,-0.6381097406231391,0.6919203777958458,-0.3089031824645114,0.6381097406231391,-1.836699755452608,-0.13355974064703716,5,1.0,5,0.0,1.0,1.0,0,0.0
C_LOGISTIC_REGRESSION,1,low,textual,coefficient,0.2830387803812371,0.8238766605287592,0.10637608459602053,0.6373860452685637,-0.8858681622183164,1.1581996102734748,5,1.0,5,0.8,0.2,0.8,0,0.0
C_LOGISTIC_REGRESSION,1,protein,textual,coefficient,0.10112597974175497,0.9042848458100871,0.10239463983524164,0.6368552855469758,-1.339323264513052,0.9528720512141929,5,1.0,5,0.8,0.2,0.8,0,0.0
C_LOGISTIC_REGRESSION,1,feel like,textual,coefficient,0.48472547103103086,0.6991582294066799,0.4114591041776855,0.635960844649877,-0.3780884340471152,1.2166414115615192,5,1.0,5,0.8,0.2,0.8,0,0.0
C_LOGISTIC_REGRESSION,1,does,textual,coefficient,-0.2573117826246028,0.7639374691614087,-0.24389509959341024,0.6348527211502051,-1.0277075666437983,0.9438523463140055,5,1.0,5,0.2,0.8,0.8,0,0.0
C_LOGISTIC_REGRESSION,1,happens,textual,coefficient,-0.631975922813853,0.308701902257725,-0.665691580207301,0.631975922813853,-0.9369681340596554,-0.28029576188202004,5,1.0,5,0.0,1.0,1.0,0,0.0
C_LOGISTIC_REGRESSION,1,big,textual,coefficient,0.630528725101202,0.7474902637827957,0.249168860206888,0.630528725101202,0.012220578959226036,1.7096391886752174,5,1.0,5,1.0,0.0,1.0,0,0.0
C_LOGISTIC_REGRESSION,1,person,textual,coefficient,0.42182293388303266,0.61009765626203,0.350227478379214,0.625015621883425,-0.5079817200009809,1.0166717695544902,5,1.0,5,0.8,0.2,0.8,0,0.0
C_LOGISTIC_REGRESSION,1,constantly,textual,coefficient,0.6197215476435113,0.5318338695713358,0.25366331112206975,0.6197215476435113,0.2121673050720853,1.251388942476078,5,1.0,5,1.0,0.0,1.0,0,0.0
C_LOGISTIC_REGRESSION,1,best,textual,coefficient,0.6193686499105189,0.4269925406652314,0.7011930414027037,0.6193686499105189,0.20267572169765186,1.2140991899280078,5,1.0,5,1.0,0.0,1.0,0,0.0
C_LOGISTIC_REGRESSION,1,right,textual,coefficient,-0.6163498933178116,0.4794923339011657,-0.46122828308340247,0.6163498933178116,-1.3619427409429508,-0.14714520076870044,5,1.0,5,0.0,1.0,1.0,0,0.0
C_LOGISTIC_REGRESSION,1,really,textual,coefficient,0.6089732875554326,0.6388679893379616,0.30712105587934524,0.6089732875554326,0.014389702320952694,1.3775245256368907,5,1.0,5,1.0,0.0,1.0,0,0.0
C_LOGISTIC_REGRESSION,1,usually,textual,coefficient,-0.6019739880039302,0.5341045367783613,-0.3255027338384306,0.6019739880039302,-1.366108270291702,-0.15277571547110766,5,1.0,5,0.0,1.0,1.0,0,0.0
C_LOGISTIC_REGRESSION,1,disorder,textual,coefficient,-0.5529202406997369,0.649172877739594,-0.3071856636369153,0.595634783476769,-1.5113943779048644,0.10678635694258017,5,1.0,5,0.2,0.8,0.8,0,0.0
C_LOGISTIC_REGRESSION,1,makes,textual,coefficient,-0.5920689249584168,0.4285585515565028,-0.7196978640483664,0.5920689249584168,-1.1179838116399128,-0.042184220704927736,5,1.0,5,0.0,1.0,1.0,0,0.0
C_LOGISTIC_REGRESSION,1,oh,textual,coefficient,0.4708998414014959,0.6549982338158514,0.1745916693220953,0.5846542341774684,-0.2843859819399316,1.3027517692453214,5,1.0,5,0.8,0.2,0.8,0,0.0
C_LOGISTIC_REGRESSION,1,parents,textual,coefficient,0.5841703322820372,0.8177860194469203,0.0,0.5841703322820372,0.0,1.700929017817615,2,0.4,2,0.4,0.0,1.0,0,0.0
C_LOGISTIC_REGRESSION,1,feel,textual,coefficient,-0.5781932213203904,0.5715333387037193,-0.584854616679988,0.5839987677769555,-1.4839966326129979,0.014513866141413046,5,1.0,5,0.2,0.8,0.8,0,0.0
C_LOGISTIC_REGRESSION,1,yeah,textual,coefficient,0.2515379305231667,0.7790435383352533,0.10151234628249058,0.5806962890786376,-0.8228958963886773,1.290947395267296,5,1.0,5,0.8,0.2,0.8,0,0.0
C_LOGISTIC_REGRESSION,1,maybe,textual,coefficient,-0.5713791647734245,0.40420606979924134,-0.49920759434252737,0.5713791647734245,-1.0203284358827918,-0.0761341325168871,5,1.0,5,0.0,1.0,1.0,0,0.0
C_LOGISTIC_REGRESSION,1,hours,textual,coefficient,0.5671030731904901,0.4630040676700663,0.42421014259743134,0.5671030731904901,0.11955426076351917,1.1925214621149927,5,1.0,5,1.0,0.0,1.0,0,0.0
C_LOGISTIC_REGRESSION,1,highly,textual,coefficient,-0.5641443414382245,0.6000104549486804,-0.3100912192493788,0.5641443414382245,-1.485202083873896,0.0,4,0.8,4,0.0,0.8,1.0,0,0.0
C_LOGISTIC_REGRESSION,1,sure,textual,coefficient,0.5106623274331059,0.5466106727433718,0.3661700134410989,0.5516126072269093,-0.10237569948450849,1.3573150485251158,5,1.0,5,0.8,0.2,0.8,0,0.0
C_LOGISTIC_REGRESSION,1,away,textual,coefficient,-0.550354412981733,0.5362159659478457,-0.2744059812585044,0.550354412981733,-1.1870652516074234,0.0,4,0.8,4,0.0,0.8,1.0,0,0.0
C_LOGISTIC_REGRESSION,1,medications,textual,coefficient,0.5442795889747136,0.2739679065758474,0.48131556411303333,0.5442795889747136,0.25612076543063167,0.9861401566462261,5,1.0,5,1.0,0.0,1.0,0,0.0
C_LOGISTIC_REGRESSION,1,video,textual,coefficient,0.5031840554842351,0.4804710722791802,0.46990115558519086,0.5434237038373317,-0.10059912088274167,1.0587081892282786,5,1.0,5,0.8,0.2,0.8,0,0.0
C_LOGISTIC_REGRESSION,1,20,textual,coefficient,0.46504326286142417,0.7347296387799735,0.0,0.5417255789509172,-0.19170579022373266,1.3934373463464313,3,0.6,3,0.4,0.2,0.6666666666666666,0,0.0
C_LOGISTIC_REGRESSION,1,sense,textual,coefficient,0.09012975135137505,0.7505371521055787,0.10885904852474204,0.5410606510126165,-1.1273272491531037,0.8676811448503559,5,1.0,5,0.8,0.2,0.8,0,0.0
C_LOGISTIC_REGRESSION,1,look,textual,coefficient,0.5389452097236208,0.5933050795547449,0.3918891872492658,0.5389452097236208,0.06452120349489132,1.5522080036844643,5,1.0,5,1.0,0.0,1.0,0,0.0
C_LOGISTIC_REGRESSION,1,term,textual,coefficient,0.01220671913145066,0.7571939562021662,0.2688600328070969,0.537025044437125,-1.3120458132641857,0.6079753739158525,5,1.0,5,0.8,0.2,0.8,0,0.0
C_LOGISTIC_REGRESSION,1,adhd people,textual,coefficient,-0.5363925391982303,0.42942610742824533,-0.5511863851985473,0.5363925391982303,-1.0365717217817234,-0.07638706448034087,5,1.0,5,0.0,1.0,1.0,0,0.0
C_LOGISTIC_REGRESSION,1,kids,textual,coefficient,0.5023659321556793,0.439866466952486,0.6215974735838561,0.5330239830941806,-0.07664512734625371,1.0616256083807525,5,1.0,5,0.8,0.2,0.8,0,0.0
C_LOGISTIC_REGRESSION,1,likely,textual,coefficient,-0.5246790800132707,0.32209087122489,-0.44640635320120065,0.5246790800132707,-1.0369094932610008,-0.22023236612955022,5,1.0,5,0.0,1.0,1.0,0,0.0
C_LOGISTIC_REGRESSION,1,fact,textual,coefficient,-0.47430161385577596,0.4565532775855078,-0.558734198848121,0.5192799012129499,-1.06053522238965,0.11244571839293495,5,1.0,5,0.2,0.8,0.8,0,0.0
C_LOGISTIC_REGRESSION,1,hyper,textual,coefficient,-0.5176275696831123,0.40525197648142,-0.49990734154293104,0.5176275696831123,-1.007458350342284,0.0,4,0.8,4,0.0,0.8,1.0,0,0.0
C_LOGISTIC_REGRESSION,1,women,textual,coefficient,-0.31192754506365994,0.5650201822417165,-0.38557093373873297,0.5164383154814297,-0.8527765787064119,0.5112769260444247,5,1.0,5,0.2,0.8,0.8,0,0.0
C_LOGISTIC_REGRESSION,1,emotional,textual,coefficient,0.5147915515016411,0.34670245693431745,0.4036395333276766,0.5147915515016411,0.13209586854208383,1.061233361552473,5,1.0,5,1.0,0.0,1.0,0,0.0
C_LOGISTIC_REGRESSION,1,control,textual,coefficient,-0.5141551568160285,0.4944624318207761,-0.3952208408947596,0.5141551568160285,-1.3119060304752854,-0.11422628240173753,5,1.0,5,0.0,1.0,1.0,0,0.0
C_LOGISTIC_REGRESSION,1,study,textual,coefficient,0.5140408895134365,0.3810661155523635,0.5528394773358987,0.5140408895134365,0.0872803593787538,0.975970216011946,5,1.0,5,1.0,0.0,1.0,0,0.0
C_LOGISTIC_REGRESSION,1,small,textual,coefficient,0.26472778377290973,0.6768660848405568,0.04015406443219449,0.5114105180648632,-0.6082989030269788,1.0045015314048815,5,1.0,5,0.6,0.4,0.6,0,0.0
C_LOGISTIC_REGRESSION,1,okay,textual,coefficient,-0.12068712082920294,0.6525158102600465,-0.20589400173110936,0.5014081792779145,-0.8090758456595827,0.9518026461217788,5,1.0,5,0.2,0.8,0.8,0,0.0
C_LOGISTIC_REGRESSION,1,strategies,textual,coefficient,0.5007712349995479,0.6895610877739182,0.0,0.5007712349995479,0.0,1.3548582860936065,2,0.4,2,0.4,0.0,1.0,0,0.0
C_LOGISTIC_REGRESSION,1,gonna,textual,coefficient,-0.49848676400246444,0.6087574006636619,-0.20864362697637656,0.49848676400246444,-1.3334761171044565,0.0,3,0.6,3,0.0,0.6,1.0,0,0.0
C_LOGISTIC_REGRESSION,1,things like,textual,coefficient,-0.4416893865473387,0.6287274854769912,-0.39919757890450364,0.49731997511099496,-1.4818642116684022,0.13907647140914076,5,1.0,5,0.2,0.8,0.8,0,0.0
C_LOGISTIC_REGRESSION,1,stress,textual,coefficient,0.41402343811229453,0.6677099241442828,0.20090058540106734,0.49538228918825195,-0.2033971276898936,1.539257831005127,5,1.0,5,0.8,0.2,0.8,0,0.0
C_LOGISTIC_REGRESSION,1,short,textual,coefficient,-0.4941412450045002,0.37996912812889766,-0.6216321853125362,0.4941412450045002,-0.9000733946783719,0.0,4,0.8,4,0.0,0.8,1.0,0,0.0
C_LOGISTIC_REGRESSION,1,avoid,textual,coefficient,-0.4860868227605982,0.45862001954147974,-0.46560585902169077,0.4860868227605982,-1.1076847966048202,0.0,4,0.8,4,0.0,0.8,1.0,0,0.0
C_LOGISTIC_REGRESSION,1,state,textual,coefficient,-0.4555029628411571,0.5368908682468654,-0.21119354126541112,0.48525324975010375,-1.2752443589415314,0.07437571727236651,5,1.0,5,0.2,0.8,0.8,0,0.0
C_LOGISTIC_REGRESSION,1,second,textual,coefficient,-0.48145792322163417,0.3279112241117836,-0.6411476022419854,0.48145792322163417,-0.8504402726057055,-0.08740759812125616,5,1.0,5,0.0,1.0,1.0,0,0.0
C_LOGISTIC_REGRESSION,1,stop,textual,coefficient,0.4571439017425402,0.5996846420754529,0.14371242302255413,0.47889309720320455,-0.0543729886516609,1.3079617086314206,5,1.0,5,0.8,0.2,0.8,0,0.0
C_LOGISTIC_REGRESSION,1,burnout,textual,coefficient,0.28332779432116906,0.5258519429451213,0.19274972868053175,0.4787276425941294,-0.48849962068240094,0.8437689045185466,5,1.0,5,0.8,0.2,0.8,0,0.0
C_LOGISTIC_REGRESSION,1,attention,textual,coefficient,-0.0047467002933373696,0.6979564012991515,-0.07917783254027817,0.47744495756737904,-0.9353090768139369,0.9988394828545079,5,1.0,5,0.4,0.6,0.6,0,0.0
C_LOGISTIC_REGRESSION,1,signs,textual,coefficient,0.4718586273487242,0.4954522789417755,0.22331658880529534,0.4718586273487242,0.08842471017591524,1.295897620943692,5,1.0,5,1.0,0.0,1.0,0,0.0
C_LOGISTIC_REGRESSION,1,hyperactive,textual,coefficient,0.4685871898879279,0.40058415789971097,0.2517262077659205,0.4685871898879279,0.13799089618484547,0.9861465637964022,5,1.0,5,1.0,0.0,1.0,0,0.0
C_LOGISTIC_REGRESSION,1,talk,textual,coefficient,-0.467294058286715,0.41454252020329896,-0.341666412083246,0.467294058286715,-1.1905253188019687,-0.18109083725400593,5,1.0,5,0.0,1.0,1.0,0,0.0
C_LOGISTIC_REGRESSION,1,focus,textual,coefficient,-0.4578063018914163,0.44754270095794324,-0.3303866104578909,0.46365442531872814,-0.998456270787504,0.014620308568279793,5,1.0,5,0.2,0.8,0.8,0,0.0
C_LOGISTIC_REGRESSION,1,long term,textual,coefficient,-0.4623136824331514,0.5593991863582191,-0.23550390893493994,0.4623136824331514,-1.272441617582628,0.0,3,0.6,3,0.0,0.6,1.0,0,0.0
C_LOGISTIC_REGRESSION,1,impact,textual,coefficient,0.4605224683921195,0.5059536913186765,0.3785141680159777,0.4605224683921195,0.0,1.1741945602076513,3,0.6,3,0.6,0.0,1.0,0,0.0
C_LOGISTIC_REGRESSION,1,regulation,textual,coefficient,0.28506133944081435,0.5118417979634057,0.23838984933021085,0.45872464814631825,-0.4341582717637599,0.8512882565080959,5,1.0,5,0.8,0.2,0.8,0,0.0
C_LOGISTIC_REGRESSION,1,activities,textual,coefficient,0.4582465142019245,0.5107643699681951,0.4683755107645229,0.4582465142019245,0.0,1.237534920186031,3,0.6,3,0.6,0.0,1.0,0,0.0
C_LOGISTIC_REGRESSION,1,um,textual,coefficient,0.4576346672012896,0.3898344546779029,0.43112106818120416,0.4576346672012896,0.0,0.8943184968912588,4,0.8,4,0.8,0.0,1.0,0,0.0
C_LOGISTIC_REGRESSION,1,life,textual,coefficient,0.1366523563147147,0.6097145361943664,0.2437662229724724,0.4564843225812458,-0.734575338877455,0.9431687651582565,5,1.0,5,0.6,0.4,0.6,0,0.0
C_LOGISTIC_REGRESSION,1,sleep,textual,coefficient,-0.09952343637310941,0.6730382241332797,-0.05269454645081747,0.45630191133644454,-1.1753525847993578,0.6092894537753843,5,1.0,5,0.4,0.6,0.6,0,0.0
C_LOGISTIC_REGRESSION,1,use,textual,coefficient,-0.2861993322307624,0.6725139955373811,-0.09696159758986109,0.4536783507716553,-1.387067320603678,0.38813406459958405,5,1.0,5,0.4,0.6,0.6,0,0.0
C_LOGISTIC_REGRESSION,1,problem,textual,coefficient,0.452142592820184,0.42464388887179233,0.2362493841257019,0.452142592820184,0.16184584896147092,1.183585341165639,5,1.0,5,1.0,0.0,1.0,0,0.0
C_LOGISTIC_REGRESSION,1,gut,textual,coefficient,-0.45161325749051784,0.339523407956049,-0.48701840289218246,0.45161325749051784,-0.8987860396585438,0.0,4,0.8,4,0.0,0.8,1.0,0,0.0
C_LOGISTIC_REGRESSION,1,learn,textual,coefficient,0.3960412168014974,0.4696473155427998,0.4212561201551296,0.4455110838509655,-0.1236746676236701,1.10520432504064,5,1.0,5,0.8,0.2,0.8,0,0.0
C_LOGISTIC_REGRESSION,1,uh,textual,coefficient,-0.44372403204532673,0.3444022794712174,-0.43369233657194534,0.44372403204532673,-0.8420556143171288,0.0,4,0.8,4,0.0,0.8,1.0,0,0.0
C_LOGISTIC_REGRESSION,1,things,textual,coefficient,0.05781829024398166,0.6736360346193129,-0.13245068354260414,0.44346154793867487,-0.5517580711038603,1.1950531238975453,5,1.0,5,0.4,0.6,0.6,0,0.0
C_LOGISTIC_REGRESSION,1,isn,textual,coefficient,0.252895756303044,0.6281404550353088,0.06831450701089821,0.44255987934803764,-0.2921042871515917,1.2709918202036428,5,1.0,5,0.6,0.4,0.6,0,0.0
C_LOGISTIC_REGRESSION,1,regulate,textual,coefficient,-0.436365035851344,0.4644449332369666,-0.34311426110126686,0.436365035851344,-0.9774600637256462,0.0,3,0.6,3,0.0,0.6,1.0,0,0.0
C_LOGISTIC_REGRESSION,1,hear,textual,coefficient,0.4357368174290059,0.5511123360999146,0.17441988522010796,0.4357368174290059,0.0,1.37014561322609,4,0.8,4,0.8,0.0,1.0,0,0.0
C_LOGISTIC_REGRESSION,1,know adhd,textual,coefficient,0.43235233745605833,0.4561185890757638,0.4804689135460985,0.43235233745605833,0.0,1.0882310343423307,3,0.6,3,0.6,0.0,1.0,0,0.0
C_LOGISTIC_REGRESSION,1,adhd medication,textual,coefficient,0.4310628432891085,0.3883827239350475,0.42198333952212846,0.4310628432891085,0.0,1.017788558498356,4,0.8,4,0.8,0.0,1.0,0,0.0
C_LOGISTIC_REGRESSION,1,change,textual,coefficient,-0.4258228609566929,0.23553102574008047,-0.5194035544192986,0.4258228609566929,-0.6433124817042926,-0.1444831775372956,5,1.0,5,0.0,1.0,1.0,0,0.0
C_LOGISTIC_REGRESSION,1,self,textual,coefficient,-0.3922298921609296,0.3597029424884687,-0.3502715123007023,0.42531357641699136,-0.7774509420551277,0.0827092106401542,5,1.0,5,0.2,0.8,0.8,0,0.0
C_LOGISTIC_REGRESSION,1,people adhd,textual,coefficient,-0.42144280280956165,0.1235803672342635,-0.346878234628003,0.42144280280956165,-0.5927809895459435,-0.3130826215035039,5,1.0,5,0.0,1.0,1.0,0,0.0
C_LOGISTIC_REGRESSION,1,difficulty,textual,coefficient,0.2607357369437332,0.4373729519820469,0.27423992822161813,0.41865047602736877,-0.39478684770908884,0.8146471472992168,5,1.0,5,0.8,0.2,0.8,0,0.0
C_LOGISTIC_REGRESSION,1,helps,textual,coefficient,-0.41429372245718366,0.20670682389666425,-0.35200607633481523,0.41429372245718366,-0.7420691205749084,-0.23428560621894584,5,1.0,5,0.0,1.0,1.0,0,0.0
C_LOGISTIC_REGRESSION,1,work,textual,coefficient,0.4137325883341578,0.25079289871156285,0.38320172642107064,0.4137325883341578,0.17260145531844023,0.8138203482747299,5,1.0,5,1.0,0.0,1.0,0,0.0
C_LOGISTIC_REGRESSION,1,probably,textual,coefficient,-0.4094525061159313,0.40860387248648816,-0.22521485425930154,0.4094525061159313,-1.0255088913429655,-0.03488794992312038,5,1.0,5,0.0,1.0,1.0,0,0.0
C_LOGISTIC_REGRESSION,1,tell,textual,coefficient,-0.4079342382532892,0.26142963187153406,-0.4775130327824158,0.4079342382532892,-0.7449001991512424,-0.06897871747074012,5,1.0,5,0.0,1.0,1.0,0,0.0
C_LOGISTIC_REGRESSION,1,able,textual,coefficient,-0.3505913032771647,0.4285825192745396,-0.21272948107987416,0.4076358329888352,-0.9065272779396542,0.14261132427917653,5,1.0,5,0.2,0.8,0.8,0,0.0
C_LOGISTIC_REGRESSION,1,everybody,textual,coefficient,0.4066964850836007,0.49921191564992534,0.13830164081619473,0.4066964850836007,0.019254002047306356,1.220710167898241,5,1.0,5,1.0,0.0,1.0,0,0.0
C_LOGISTIC_REGRESSION,1,addiction,textual,coefficient,-0.40585400478143263,0.563338486168512,0.0,0.40585400478143263,-1.1450573087744658,0.0,2,0.4,2,0.0,0.4,1.0,0,0.0
C_LOGISTIC_REGRESSION,1,body,textual,coefficient,-0.40579454163149825,0.23989261389724553,-0.5480478757386062,0.40579454163149825,-0.6184622373773373,-0.09813079448827243,5,1.0,5,0.0,1.0,1.0,0,0.0
C_LOGISTIC_REGRESSION,1,ability,textual,coefficient,-0.40081560067981015,0.3012485092052454,-0.530363976751821,0.40081560067981015,-0.6736737241589282,0.0,4,0.8,4,0.0,0.8,1.0,0,0.0
C_LOGISTIC_REGRESSION,1,little,textual,coefficient,-0.3973561116418403,0.250279657371938,-0.3604935957603601,0.3973561116418403,-0.7636389632772576,-0.16055905895832195,5,1.0,5,0.0,1.0,1.0,0,0.0
C_LOGISTIC_REGRESSION,1,tend,textual,coefficient,-0.3968834998124391,0.28070804056897114,-0.2892062239185756,0.3968834998124391,-0.8273197696268159,-0.1031559696113942,5,1.0,5,0.0,1.0,1.0,0,0.0
C_LOGISTIC_REGRESSION,1,absolutely,textual,coefficient,0.3938135830160555,0.684553929094708,0.0,0.3938135830160555,0.0,1.5808928222753051,2,0.4,2,0.4,0.0,1.0,0,0.0
C_LOGISTIC_REGRESSION,1,come,textual,coefficient,0.27064308408462223,0.5151461659936962,-0.07401124091200435,0.3926972707118317,-0.12698100613788366,0.9297468164138347,5,1.0,5,0.4,0.6,0.6,0,0.0
C_LOGISTIC_REGRESSION,1,feeling,textual,coefficient,-0.07166881388031364,0.631171578770354,-0.024277305686895293,0.39164926660237886,-0.9882519738452518,0.7877592555187303,5,1.0,5,0.4,0.6,0.6,0,0.0
C_LOGISTIC_REGRESSION,1,hard,textual,coefficient,-0.37032252681161104,0.643715196585407,-0.152814898307126,0.3907074995838562,-1.5120096970462684,0.050962431930612805,5,1.0,5,0.2,0.8,0.8,0,0.0
C_LOGISTIC_REGRESSION,1,gets,textual,coefficient,-0.3891211028789261,0.32064459953221147,-0.3733442754740928,0.3891211028789261,-0.8620571701039863,0.0,4,0.8,4,0.0,0.8,1.0,0,0.0
C_LOGISTIC_REGRESSION,1,hedge_score,handcrafted_linguistic,coefficient,0.3889252896418077,0.11247264605976257,0.4062437978248432,0.3889252896418077,0.26191258797642253,0.49950504685186137,5,1.0,5,1.0,0.0,1.0,0,0.0
C_LOGISTIC_REGRESSION,1,let,textual,coefficient,-0.36257677674225364,0.433558806849097,-0.29253053143713187,0.3859681258408967,-1.07059647956236,0.05847837274660765,5,1.0,5,0.2,0.8,0.8,0,0.0
C_LOGISTIC_REGRESSION,1,adhd brain,textual,coefficient,-0.37467109721215824,0.2580741933361726,-0.41859169817541114,0.385698238017945,-0.6806821377423455,0.0275678520144668,5,1.0,5,0.2,0.8,0.8,0,0.0
C_LOGISTIC_REGRESSION,1,ll,textual,coefficient,-0.3852240332549299,0.13438089327511035,-0.3891130933246997,0.3852240332549299,-0.5813384530569458,-0.2162392257647595,5,1.0,5,0.0,1.0,1.0,0,0.0
C_LOGISTIC_REGRESSION,1,adhders,textual,coefficient,-0.3850871105174655,0.4966365523455296,-0.0876091229638255,0.3850871105174655,-1.0445585943492495,0.0,3,0.6,3,0.0,0.6,1.0,0,0.0
C_LOGISTIC_REGRESSION,1,child,textual,coefficient,-0.38440292864498193,0.35395734145933627,-0.3183232012907831,0.38440292864498193,-0.993962541983043,-0.08982259770540021,5,1.0,5,0.0,1.0,1.0,0,0.0
C_LOGISTIC_REGRESSION,1,autism,textual,coefficient,0.03861566906312747,0.5355106455752435,0.16754726691079652,0.3842002906248868,-0.854481331579348,0.46268477811747816,5,1.0,5,0.6,0.4,0.6,0,0.0
C_LOGISTIC_REGRESSION,1,dysfunction,textual,coefficient,-0.38400593479649786,0.3912589097188142,-0.2271588351607261,0.38400593479649786,-0.9335267853906514,0.0,4,0.8,4,0.0,0.8,1.0,0,0.0
C_LOGISTIC_REGRESSION,1,seen,textual,coefficient,0.3830680321890362,0.5084168694298176,0.09017241684608893,0.3830680321890362,0.0,1.1292711202892822,3,0.6,3,0.6,0.0,1.0,0,0.0
C_LOGISTIC_REGRESSION,1,remember,textual,coefficient,-0.020223457293879355,0.563867767404951,0.1626123047896601,0.38187934515143146,-1.005257006113277,0.347489548878162,5,1.0,5,0.8,0.2,0.8,0,0.0
C_LOGISTIC_REGRESSION,1,doctor,textual,coefficient,0.06558730938732518,0.5399773155557172,-0.016288321880464963,0.381587509257198,-0.7052664300202098,0.732991501383112,5,1.0,5,0.4,0.6,0.6,0,0.0
C_LOGISTIC_REGRESSION,1,phone,textual,coefficient,-0.33922671166167284,0.46889568942574944,-0.12639745580630748,0.3805409448136093,-0.9562636535723126,0.10328558287984115,4,0.8,4,0.2,0.6,0.75,0,0.0
C_LOGISTIC_REGRESSION,1,looking,textual,coefficient,0.3787291055568619,0.4264076613269097,0.27418258160368,0.3787291055568619,0.0,1.1123255158704055,4,0.8,4,0.8,0.0,1.0,0,0.0
C_LOGISTIC_REGRESSION,1,love,textual,coefficient,-0.37845522900474143,0.2267253825624838,-0.25490129758906754,0.37845522900474143,-0.7326242823747965,-0.1847343783819734,5,1.0,5,0.0,1.0,1.0,0,0.0
C_LOGISTIC_REGRESSION,1,helpful,textual,coefficient,-0.3768173031751611,0.3462170804696991,-0.2724911359094422,0.3768173031751611,-0.975505986247824,-0.09684544838254475,5,1.0,5,0.0,1.0,1.0,0,0.0
C_LOGISTIC_REGRESSION,1,adults,textual,coefficient,-0.23674710405180246,0.636300676720413,0.06941784385049378,0.37539646747850813,-1.3500862780253147,0.16398658453038506,5,1.0,5,0.6,0.4,0.6,0,0.0
C_LOGISTIC_REGRESSION,1,told,textual,coefficient,-0.37164637595167865,0.6264062265678133,0.0,0.37164637595167865,-1.4456579648135592,0.0,2,0.4,2,0.0,0.4,1.0,0,0.0
C_LOGISTIC_REGRESSION,1,point,textual,coefficient,-0.36919915009492943,0.3784621195466156,-0.2373030229799249,0.36919915009492943,-0.7905645384376839,0.0,4,0.8,4,0.0,0.8,1.0,0,0.0
C_LOGISTIC_REGRESSION,1,alcohol,textual,coefficient,-0.3664245692249062,0.1752339909231709,-0.3474613811680326,0.3664245692249062,-0.5493093100997791,-0.19122328185436527,5,1.0,5,0.0,1.0,1.0,0,0.0
C_LOGISTIC_REGRESSION,1,talking,textual,coefficient,0.10700616277938377,0.48621654571116,0.07698621322600445,0.36641873723162455,-0.46957789272127975,0.8103559121439725,5,1.0,5,0.6,0.4,0.6,0,0.0
C_LOGISTIC_REGRESSION,1,help,textual,coefficient,-0.34223647228792975,0.46438904118605195,-0.11314351135957403,0.3644053052254116,-1.009360113837916,0.03881913364843881,5,1.0,5,0.4,0.6,0.6,0,0.0
C_LOGISTIC_REGRESSION,1,children,textual,coefficient,0.2372141862008251,0.46070279608741677,0.0819342942573431,0.3620713267235647,-0.31214285130684893,0.8266717912102621,5,1.0,5,0.8,0.2,0.8,0,0.0
C_LOGISTIC_REGRESSION,1,create,textual,coefficient,0.3605091699029255,0.34392639520129187,0.47462019330459015,0.3605091699029255,0.0,0.7667432064484304,4,0.8,4,0.8,0.0,1.0,0,0.0
C_LOGISTIC_REGRESSION,1,sensory,textual,coefficient,-0.360455295940825,0.4296447555510084,-0.27860776440429924,0.360455295940825,-1.095133088543174,0.0,4,0.8,4,0.0,0.8,1.0,0,0.0
C_LOGISTIC_REGRESSION,1,ask,textual,coefficient,0.23503127174038269,0.469638430994287,0.0,0.3583378880497712,-0.21305097831853295,0.7847872254506012,4,0.8,4,0.4,0.4,0.5,0,0.0
C_LOGISTIC_REGRESSION,1,diagnosed,textual,coefficient,0.35732712956085627,0.24948471641694675,0.43236501334003524,0.35732712956085627,0.026901808245079466,0.6533168448070228,5,1.0,5,1.0,0.0,1.0,0,0.0
C_LOGISTIC_REGRESSION,1,saying,textual,coefficient,0.35644397548493706,0.20051241734640923,0.27961869284895563,0.35644397548493706,0.162187460061176,0.6495917971048396,5,1.0,5,1.0,0.0,1.0,0,0.0
C_LOGISTIC_REGRESSION,1,likes_within_platform_percentile,engagement_or_format,coefficient,-0.28505195636876707,0.34832544899917683,-0.2936261439001957,0.35611912427089687,-0.8000161619351005,0.17766791975532453,5,1.0,5,0.2,0.8,0.8,0,0.0
C_LOGISTIC_REGRESSION,1,adhd brains,textual,coefficient,-0.24022986849705846,0.36416884248660214,-0.23713537380325864,0.35476231987234286,-0.7306285043165894,0.286331128438211,5,1.0,5,0.2,0.8,0.8,0,0.0
C_LOGISTIC_REGRESSION,1,views_within_platform_percentile,engagement_or_format,coefficient,-0.17284456281627283,0.3997534186596466,-0.15032389158588558,0.3520825257451523,-0.5447804197362147,0.44809490732219864,5,1.0,5,0.2,0.8,0.8,0,0.0
C_LOGISTIC_REGRESSION,1,information,textual,coefficient,-0.3492052371214529,0.41401082481328905,-0.3029841818827199,0.3492052371214529,-1.0344530799602802,0.0,4,0.8,4,0.0,0.8,1.0,0,0.0
C_LOGISTIC_REGRESSION,1,number,textual,coefficient,-0.23203634285867475,0.5307207161980071,0.012665290383196037,0.3475293336918188,-1.114917459723405,0.17676679826214112,5,1.0,5,0.6,0.4,0.6,0,0.0
C_LOGISTIC_REGRESSION,1,making,textual,coefficient,0.1793148253594852,0.47164509902307894,0.16334557796256544,0.34519364100078864,-0.40761353393028765,0.8892548062753793,5,1.0,5,0.6,0.4,0.6,0,0.0
C_LOGISTIC_REGRESSION,1,dr,textual,coefficient,-0.34405625654236804,0.4647694889123482,-0.12619153746525721,0.34405625654236804,-1.0881040483480202,0.0,3,0.6,3,0.0,0.6,1.0,0,0.0
C_LOGISTIC_REGRESSION,1,anger,textual,coefficient,-0.3430149925995545,0.43336962626550524,-0.18368843564816142,0.3430149925995545,-1.0983850101419226,0.0,4,0.8,4,0.0,0.8,1.0,0,0.0
C_LOGISTIC_REGRESSION,1,eat,textual,coefficient,-0.33900802587105117,0.2974738399209695,-0.3216154767337342,0.33900802587105117,-0.6640677803477073,-0.0007625914381914139,5,1.0,5,0.0,1.0,1.0,0,0.0
C_LOGISTIC_REGRESSION,1,mean,textual,coefficient,-0.33373806870035,0.3030459232502261,-0.18792288055167403,0.33373806870035,-0.713667662778082,-0.055891006581737894,5,1.0,5,0.0,1.0,1.0,0,0.0
C_LOGISTIC_REGRESSION,1,relationships,textual,coefficient,-0.31422572369481727,0.40189782406713576,-0.1251147389283691,0.33207490523720873,-0.8199256571751727,0.04462295385597852,4,0.8,4,0.2,0.6,0.75,0,0.0
C_LOGISTIC_REGRESSION,1,fucking,textual,coefficient,-0.33146575755886254,0.38306337648050587,-0.195872894642729,0.33146575755886254,-0.8532128213633919,0.0,3,0.6,3,0.0,0.6,1.0,0,0.0
C_LOGISTIC_REGRESSION,1,lot people,textual,coefficient,0.15746345183202895,0.5330845400601977,0.06732689178949158,0.32985768150237027,-0.4309855741758532,1.0271714419142177,4,0.8,4,0.6,0.2,0.75,0,0.0
C_LOGISTIC_REGRESSION,1,days,textual,coefficient,-0.32057372262415335,0.7168246355877691,0.0,0.32057372262415335,-1.6028686131207668,0.0,1,0.2,1,0.0,0.2,1.0,0,0.0
C_LOGISTIC_REGRESSION,1,minutes,textual,coefficient,0.2281983114386798,0.5561532044934688,-0.016843367984307755,0.3199004106624713,-0.10933611190447155,1.2027849919598854,5,1.0,5,0.4,0.6,0.6,0,0.0
C_LOGISTIC_REGRESSION,1,different,textual,coefficient,-0.21063944560016495,0.37318126933055296,-0.1823055319593219,0.3175271964691392,-0.7813152700383581,0.2672193771724355,5,1.0,5,0.2,0.8,0.8,0,0.0
C_LOGISTIC_REGRESSION,1,later,textual,coefficient,-0.2758566660941978,0.3094909933422775,-0.22125345859065587,0.3148524257698412,-0.6171654242443841,0.0974893991891086,5,1.0,5,0.2,0.8,0.8,0,0.0
C_LOGISTIC_REGRESSION,1,based,textual,coefficient,0.31408497730548496,0.38585204255324235,0.30462022030293767,0.31408497730548496,0.0,0.9450319974183766,3,0.6,3,0.6,0.0,1.0,0,0.0
C_LOGISTIC_REGRESSION,1,brains,textual,coefficient,-0.3127899735311003,0.12117708228979568,-0.2730637992370849,0.3127899735311003,-0.5239732462902743,-0.22493332993126708,5,1.0,5,0.0,1.0,1.0,0,0.0
C_LOGISTIC_REGRESSION,1,eating,textual,coefficient,-0.27171941379760944,0.32013792781633676,-0.2244460453074391,0.310819903343853,-0.785276848983417,0.09775122386560889,5,1.0,5,0.2,0.8,0.8,0,0.0
C_LOGISTIC_REGRESSION,1,consequences,textual,coefficient,-0.3096660090946616,0.42496748405417833,0.0,0.3096660090946616,-0.8141129331872679,0.0,2,0.4,2,0.0,0.4,1.0,0,0.0
C_LOGISTIC_REGRESSION,1,learning,textual,coefficient,-0.30694744780797273,0.4385472817721072,0.0,0.30694744780797273,-0.9443846576776435,0.0,2,0.4,2,0.0,0.4,1.0,0,0.0
C_LOGISTIC_REGRESSION,1,struggling,textual,coefficient,-0.10561916847048632,0.3961662464191777,-0.10477200522967949,0.306780869412372,-0.5358456534410995,0.48232578824597105,5,1.0,5,0.4,0.6,0.6,0,0.0
C_LOGISTIC_REGRESSION,1,job,textual,coefficient,-0.0034468020124447606,0.4771135704184127,0.0,0.30465854100434,-0.6460552615077692,0.6881773017569255,4,0.8,4,0.4,0.4,0.5,0,0.0
C_LOGISTIC_REGRESSION,1,ve got,textual,coefficient,-0.30347641697702776,0.2866796740583796,-0.11912604643238017,0.30347641697702776,-0.7439718137858636,-0.09857051378224228,5,1.0,5,0.0,1.0,1.0,0,0.0
C_LOGISTIC_REGRESSION,1,understand,textual,coefficient,-0.01070332831453118,0.46535190884148386,0.12742560416411378,0.30343353138681667,-0.7853421492533696,0.46391894397335676,5,1.0,5,0.8,0.2,0.8,0,0.0
C_LOGISTIC_REGRESSION,1,say,textual,coefficient,-0.2885839780701326,0.4501002322660417,-0.12225353326654025,0.3030426514573391,-1.0826946748570998,0.03614668346801629,5,1.0,5,0.2,0.8,0.8,0,0.0
C_LOGISTIC_REGRESSION,1,manage,textual,coefficient,-0.30230924102211354,0.47839822813624244,-0.1475737323224045,0.30230924102211354,-1.1404758137232307,0.0,3,0.6,3,0.0,0.6,1.0,0,0.0
C_LOGISTIC_REGRESSION,1,mental,textual,coefficient,0.017006302649649675,0.3751674648079218,0.09411756921585333,0.301593253715471,-0.43663539612726326,0.49737139428189886,5,1.0,5,0.6,0.4,0.6,0,0.0
C_LOGISTIC_REGRESSION,1,coming,textual,coefficient,0.2889098252539097,0.6460220086353274,0.0,0.2889098252539097,0.0,1.4445491262695485,1,0.2,1,0.2,0.0,1.0,0,0.0
C_LOGISTIC_REGRESSION,1,10,textual,coefficient,-0.22790405661119206,0.2738928814229796,-0.20719917307007144,0.2740241170718052,-0.6513789967130501,0.11530015115153283,5,1.0,5,0.2,0.8,0.8,0,0.0
C_LOGISTIC_REGRESSION,1,cortex,textual,coefficient,-0.2730616793726319,0.48081575906835966,0.0,0.2730616793726319,-1.1101557020022785,0.0,2,0.4,2,0.0,0.4,1.0,0,0.0
C_LOGISTIC_REGRESSION,1,affects,textual,coefficient,-0.26710061314384914,0.4256752265141036,0.0,0.26710061314384914,-0.9757507717447883,0.0,2,0.4,2,0.0,0.4,1.0,0,0.0
C_LOGISTIC_REGRESSION,1,know,textual,coefficient,0.12188840704754123,0.31818279538058336,0.10036170431131006,0.267080614506157,-0.3629805186465394,0.4992158004564806,5,1.0,5,0.8,0.2,0.8,0,0.0
C_LOGISTIC_REGRESSION,1,adhd symptoms,textual,coefficient,0.23256634909064444,0.20989303613206178,0.2847014193626684,0.2664814408578888,-0.08478772941811082,0.490735281338428,5,1.0,5,0.8,0.2,0.8,0,0.0
C_LOGISTIC_REGRESSION,1,task,textual,coefficient,-0.039567482718464594,0.37389970733693006,-0.03624045814724114,0.26568707036564054,-0.5990917167710641,0.4065289811419237,5,1.0,5,0.4,0.6,0.6,0,0.0
C_LOGISTIC_REGRESSION,1,family,textual,coefficient,0.2649125867467184,0.48409409223538313,0.0,0.2649125867467184,0.0,1.1156291650646122,2,0.4,2,0.4,0.0,1.0,0,0.0
C_LOGISTIC_REGRESSION,1,energy,textual,coefficient,0.02251521696083455,0.38796403514200783,0.04077265238387996,0.26265759863204813,-0.482557604498204,0.5913239123363152,5,1.0,5,0.6,0.4,0.6,0,0.0
C_LOGISTIC_REGRESSION,1,research,textual,coefficient,0.07640607312252679,0.3564105301318431,-0.006223596195999177,0.26116325894190273,-0.4051741756538918,0.5069481350575478,5,1.0,5,0.4,0.6,0.6,0,0.0
C_LOGISTIC_REGRESSION,1,better,textual,coefficient,-0.06082894598484313,0.40147274036946895,-0.013589881434120356,0.2562420210679489,-0.6849400290290919,0.4255104797009117,5,1.0,5,0.4,0.6,0.6,0,0.0
C_LOGISTIC_REGRESSION,1,certain,textual,coefficient,-0.24413975202822552,0.3688064340729424,-0.1402574410100141,0.24942161462148776,-0.8883994571412464,0.013204656483155542,5,1.0,5,0.2,0.8,0.8,0,0.0
C_LOGISTIC_REGRESSION,1,wrong,textual,coefficient,0.055931386707437095,0.3149706829368739,0.12361172387976511,0.24885601577827274,-0.48231157267708913,0.28270755774616324,5,1.0,5,0.8,0.2,0.8,0,0.0
C_LOGISTIC_REGRESSION,1,activity,textual,coefficient,-0.24830642003683662,0.2716694767293835,-0.13370925957769655,0.24830642003683662,-0.5480791234407335,0.0,4,0.8,4,0.0,0.8,1.0,0,0.0
C_LOGISTIC_REGRESSION,1,treatment,textual,coefficient,0.24798567255364792,0.28893322188024556,0.1352944174664051,0.24798567255364792,0.0,0.6329440147326539,3,0.6,3,0.6,0.0,1.0,0,0.0
C_LOGISTIC_REGRESSION,1,basically,textual,coefficient,-0.24456481663140126,0.5468635548925843,0.0,0.24456481663140126,-1.2228240831570063,0.0,1,0.2,1,0.0,0.2,1.0,0,0.0
C_LOGISTIC_REGRESSION,1,feels,textual,coefficient,-0.2333978043270019,0.25883771390463006,-0.13015256020616323,0.24106292255336093,-0.6497505090942479,0.01916279556589748,5,1.0,5,0.2,0.8,0.8,0,0.0
C_LOGISTIC_REGRESSION,1,level,textual,coefficient,0.04417270002314259,0.36404008677648303,0.0,0.24033013647759352,-0.3804214276592398,0.6106767880894725,4,0.8,4,0.4,0.4,0.5,0,0.0
C_LOGISTIC_REGRESSION,1,just,textual,coefficient,-0.09998884882590123,0.29214099979285485,-0.13871339671814542,0.23956280319376208,-0.5264779761074616,0.18740709659751767,5,1.0,5,0.4,0.6,0.6,0,0.0
C_LOGISTIC_REGRESSION,1,school,textual,coefficient,0.2392986564937984,0.18972486673399697,0.1494119575754693,0.2392986564937984,0.022131626999640896,0.45209074291331514,5,1.0,5,1.0,0.0,1.0,0,0.0
C_LOGISTIC_REGRESSION,1,thoughts,textual,coefficient,-0.2143726583895976,0.40685715032322006,-0.04516766331449695,0.2382472749492061,-0.9280244487504161,0.05968654139902121,4,0.8,4,0.2,0.6,0.75,0,0.0
C_LOGISTIC_REGRESSION,1,trying,textual,coefficient,-0.2274538604415691,0.24367454173290803,-0.1730235279340635,0.23539232769060012,-0.5232757385467818,0.019846168122577598,5,1.0,5,0.2,0.8,0.8,0,0.0
C_LOGISTIC_REGRESSION,1,overwhelmed,textual,coefficient,0.08557229005401493,0.31540370442038834,0.11536567789101589,0.22564748830568634,-0.3501879956291786,0.5301072117967498,4,0.8,4,0.6,0.2,0.75,0,0.0
C_LOGISTIC_REGRESSION,1,place,textual,coefficient,-0.05651898041475757,0.2908249559360093,-0.057716480600533464,0.22240090822405686,-0.427967101500512,0.34342248261674,5,1.0,5,0.4,0.6,0.6,0,0.0
C_LOGISTIC_REGRESSION,1,working,textual,coefficient,0.004831873856195668,0.34281830021199533,-0.06566638346032476,0.222137512315644,-0.36822694263479405,0.5674234654295991,5,1.0,5,0.2,0.8,0.8,0,0.0
C_LOGISTIC_REGRESSION,1,norepinephrine,textual,coefficient,-0.22168184465820553,0.4956956740332962,0.0,0.22168184465820553,-1.1084092232910276,0.0,1,0.2,1,0.0,0.2,1.0,0,0.0
C_LOGISTIC_REGRESSION,1,stimulation,textual,coefficient,-0.22073659083736102,0.25688384605890274,-0.17926763045978705,0.22073659083736102,-0.6174038690259721,0.0,3,0.6,3,0.0,0.6,1.0,0,0.0
C_LOGISTIC_REGRESSION,1,single,textual,coefficient,-0.21377336171902267,0.20263611128046638,-0.13215389161703103,0.21377336171902267,-0.43468950744948276,0.0,4,0.8,4,0.0,0.8,1.0,0,0.0
C_LOGISTIC_REGRESSION,1,world,textual,coefficient,-0.2128793978179516,0.21669422450961326,-0.16939972634256978,0.2128793978179516,-0.5739200723741388,-0.03811148386113935,5,1.0,5,0.0,1.0,1.0,0,0.0
C_LOGISTIC_REGRESSION,1,normal,textual,coefficient,-0.21261798545549096,0.40544938434628636,-0.06310422192678208,0.21261798545549096,-0.9356653233944888,0.0,3,0.6,3,0.0,0.6,1.0,0,0.0
C_LOGISTIC_REGRESSION,1,bad,textual,coefficient,-0.132913184303449,0.19010025528661617,-0.19112435494346014,0.21234468203834692,-0.273662426082458,0.19857874433724476,5,1.0,5,0.2,0.8,0.8,0,0.0
C_LOGISTIC_REGRESSION,1,sort,textual,coefficient,-0.21035046206763058,0.35631972380300425,0.0,0.21035046206763058,-0.8225241836419656,0.0,2,0.4,2,0.0,0.4,1.0,0,0.0
C_LOGISTIC_REGRESSION,1,goes,textual,coefficient,-0.08766079767234496,0.28417966822607044,0.0,0.20862843330806377,-0.49177449766273756,0.22837238509058475,4,0.8,4,0.4,0.4,0.5,0,0.0
C_LOGISTIC_REGRESSION,1,finally,textual,coefficient,-0.01168597953868381,0.277710608246954,0.0,0.2079330420602779,-0.3591755967448122,0.354313934761581,4,0.8,4,0.4,0.4,0.5,0,0.0
C_LOGISTIC_REGRESSION,1,lot,textual,coefficient,-0.12835642254501511,0.21058356936637734,-0.16796464874170874,0.2054338587754308,-0.39307881108559406,0.19269359057603924,5,1.0,5,0.2,0.8,0.8,0,0.0
C_LOGISTIC_REGRESSION,1,works,textual,coefficient,0.10939725947129146,0.2553342720922107,0.1400483880788795,0.2022360662157185,-0.1909891156614668,0.49077471497474134,5,1.0,5,0.6,0.4,0.6,0,0.0
C_LOGISTIC_REGRESSION,1,got,textual,coefficient,-0.20147114213014902,0.17408915940943578,-0.0999360876246203,0.20147114213014902,-0.45297798751198953,-0.06229843167426636,5,1.0,5,0.0,1.0,1.0,0,0.0
C_LOGISTIC_REGRESSION,1,comments_within_platform_percentile,engagement_or_format,coefficient,0.07653422078511304,0.27716216114326175,-0.038565464397722085,0.20133657219495663,-0.23427533572208764,0.4840292054724949,5,1.0,5,0.4,0.6,0.6,0,0.0
C_LOGISTIC_REGRESSION,1,thought,textual,coefficient,-0.20131950803943077,0.13712580871216765,-0.2155395935890805,0.20131950803943077,-0.368558795732226,0.0,4,0.8,4,0.0,0.8,1.0,0,0.0
C_LOGISTIC_REGRESSION,1,follow,textual,coefficient,-0.05352429136339576,0.23811230888075305,-0.10293267245268578,0.1984173362037973,-0.3256600600404068,0.2769081831951658,5,1.0,5,0.4,0.6,0.6,0,0.0
C_LOGISTIC_REGRESSION,1,stuff,textual,coefficient,-0.19745236418426654,0.2122038664399789,-0.10721553156317408,0.19745236418426654,-0.5102183919946106,-0.018591313280161146,5,1.0,5,0.0,1.0,1.0,0,0.0
C_LOGISTIC_REGRESSION,1,distracted,textual,coefficient,-0.1266502356661666,0.2778463196514797,-0.03145572402538721,0.19450016795747097,-0.5671994575208666,0.1696248307282609,5,1.0,5,0.2,0.8,0.8,0,0.0
C_LOGISTIC_REGRESSION,1,important,textual,coefficient,-0.17097361352165202,0.2908737785031656,-0.09508627222295718,0.19349278056113026,-0.6721879259245493,0.05481843213449552,5,1.0,5,0.4,0.6,0.6,0,0.0
C_LOGISTIC_REGRESSION,1,prefrontal cortex,textual,coefficient,-0.18946937321374493,0.42366639816021145,0.0,0.18946937321374493,-0.9473468660687246,0.0,1,0.2,1,0.0,0.2,1.0,0,0.0
C_LOGISTIC_REGRESSION,1,medicine,textual,coefficient,-0.188321623016173,0.4210999506972518,0.0,0.188321623016173,-0.941608115080865,0.0,1,0.2,1,0.0,0.2,1.0,0,0.0
C_LOGISTIC_REGRESSION,1,adult,textual,coefficient,0.18772074341134534,0.305185528902563,0.07279497966770643,0.18772074341134534,0.0,0.7232806089469478,3,0.6,3,0.6,0.0,1.0,0,0.0
C_LOGISTIC_REGRESSION,1,interesting,textual,coefficient,0.18190701956618052,0.24920585447240523,0.0,0.18190701956618052,0.0,0.46567633797303154,2,0.4,2,0.4,0.0,1.0,0,0.0
C_LOGISTIC_REGRESSION,1,needs,textual,coefficient,-0.023733683097017188,0.22066738853854634,-0.06606635046189677,0.18139252753043608,-0.28734691755906355,0.2586152394338059,5,1.0,5,0.4,0.6,0.6,0,0.0
C_LOGISTIC_REGRESSION,1,health,textual,coefficient,0.0033635183174280047,0.25583211900899516,0.052919222631872105,0.17959046615350935,-0.38801190131437685,0.3116514119976127,5,1.0,5,0.6,0.4,0.6,0,0.0
C_LOGISTIC_REGRESSION,1,affect,textual,coefficient,0.17946919827908517,0.17306769273880682,0.2082831499908313,0.17946919827908517,0.0,0.35044752000987744,3,0.6,3,0.6,0.0,1.0,0,0.0
C_LOGISTIC_REGRESSION,1,adhd,textual,coefficient,0.022738305526347768,0.2335487886978534,-0.023400653226168633,0.17921514807501238,-0.29524586420458926,0.265306189929237,5,1.0,5,0.4,0.6,0.6,0,0.0
C_LOGISTIC_REGRESSION,1,working memory,textual,coefficient,-0.1769078555788655,0.21186471399262896,-0.147465826205189,0.1769078555788655,-0.5145568759565112,0.0,3,0.6,3,0.0,0.6,1.0,0,0.0
C_LOGISTIC_REGRESSION,1,pain,textual,coefficient,-0.17534741895016662,0.3920887484517074,0.0,0.17534741895016662,-0.8767370947508331,0.0,1,0.2,1,0.0,0.2,1.0,0,0.0
C_LOGISTIC_REGRESSION,1,lack,textual,coefficient,0.041118065951409974,0.2206780108894237,-0.0842982477244854,0.1719143761872764,-0.152665108805672,0.37331749230452116,5,1.0,5,0.4,0.6,0.6,0,0.0
C_LOGISTIC_REGRESSION,1,make,textual,coefficient,0.10732770377586609,0.19184897610351934,0.12982856414147825,0.17146885647573135,-0.16035288174966317,0.3177609565048406,5,1.0,5,0.8,0.2,0.8,0,0.0
C_LOGISTIC_REGRESSION,1,ways,textual,coefficient,0.16898398141245127,0.1232022307759344,0.19407205338502492,0.16898398141245127,0.002148466475445878,0.28747817042248525,5,1.0,5,1.0,0.0,1.0,0,0.0
C_LOGISTIC_REGRESSION,1,drink,textual,coefficient,-0.16890546491016528,0.2960381256861008,0.0,0.16890546491016528,-0.6835933074221754,0.0,2,0.4,2,0.0,0.4,1.0,0,0.0
C_LOGISTIC_REGRESSION,1,thinking,textual,coefficient,0.16720039016530616,0.1849139719050859,0.1909111087432929,0.16720039016530616,0.0,0.44910452120551225,3,0.6,3,0.6,0.0,1.0,0,0.0
C_LOGISTIC_REGRESSION,1,open,textual,coefficient,-0.16469862393223128,0.26517313463287345,0.0,0.16469862393223128,-0.6090089357228362,0.0,2,0.4,2,0.0,0.4,1.0,0,0.0
C_LOGISTIC_REGRESSION,1,forget,textual,coefficient,0.06943003755525531,0.20716469502167323,0.0836063567416031,0.16150983253745488,-0.18354602095379485,0.371419945301675,5,1.0,5,0.6,0.4,0.6,0,0.0
C_LOGISTIC_REGRESSION,1,quickly,textual,coefficient,0.15512349473332163,0.21251786788768942,0.0,0.15512349473332163,0.0,0.3973123427022937,2,0.4,2,0.4,0.0,1.0,0,0.0
C_LOGISTIC_REGRESSION,1,literally,textual,coefficient,-0.15406500866554707,0.287240512953221,-0.02646449173126166,0.15406500866554707,-0.6648975993811103,0.0,4,0.8,4,0.0,0.8,1.0,0,0.0
C_LOGISTIC_REGRESSION,1,behavior,textual,coefficient,0.024759637561792343,0.19955454205024303,-0.039810451160378464,0.15350660106799552,-0.24053087235710932,0.25349188301717873,5,1.0,5,0.4,0.6,0.6,0,0.0
C_LOGISTIC_REGRESSION,1,pay,textual,coefficient,-0.153257895821688,0.10825219481076764,-0.13032008562547795,0.153257895821688,-0.2721023717191648,0.0,4,0.8,4,0.0,0.8,1.0,0,0.0
C_LOGISTIC_REGRESSION,1,somebody,textual,coefficient,-0.14907740181786355,0.2025653594805341,-0.11308676786646767,0.15061126118829848,-0.491437190743944,0.0038346484260873407,4,0.8,4,0.2,0.6,0.75,0,0.0
C_LOGISTIC_REGRESSION,1,example,textual,coefficient,-0.10201195035417196,0.2046035737453746,-0.06970448415702232,0.14680875423570233,-0.43355533534496116,0.11199200970382599,4,0.8,4,0.2,0.6,0.75,0,0.0
C_LOGISTIC_REGRESSION,1,effects,textual,coefficient,0.14073608417110245,0.3146954510937172,0.0,0.14073608417110245,0.0,0.7036804208555122,1,0.2,1,0.2,0.0,1.0,0,0.0
C_LOGISTIC_REGRESSION,1,differently,textual,coefficient,0.09738640978190813,0.19763545426630452,0.06472581498325383,0.13923640631422815,-0.10462499133080005,0.42113096586671855,4,0.8,4,0.6,0.2,0.75,0,0.0
C_LOGISTIC_REGRESSION,1,shame,textual,coefficient,-0.13493361873126627,0.30172074393315035,0.0,0.13493361873126627,-0.6746680936563314,0.0,1,0.2,1,0.0,0.2,1.0,0,0.0
C_LOGISTIC_REGRESSION,1,risk,textual,coefficient,0.13334609575482215,0.2981709346419784,0.0,0.13334609575482215,0.0,0.6667304787741107,1,0.2,1,0.2,0.0,1.0,0,0.0
C_LOGISTIC_REGRESSION,1,let talk,textual,coefficient,-0.1317817432751033,0.29467293615655676,0.0,0.1317817432751033,-0.6589087163755165,0.0,1,0.2,1,0.0,0.2,1.0,0,0.0
C_LOGISTIC_REGRESSION,1,lots,textual,coefficient,0.12904612235477408,0.2885559018180301,0.0,0.12904612235477408,0.0,0.6452306117738704,1,0.2,1,0.2,0.0,1.0,0,0.0
C_LOGISTIC_REGRESSION,1,used,textual,coefficient,0.12668724536343978,0.17297396369422682,0.02171626756065391,0.12668724536343978,0.0,0.38446026143460044,3,0.6,3,0.6,0.0,1.0,0,0.0
C_LOGISTIC_REGRESSION,1,order,textual,coefficient,-0.10945742527530053,0.19531340031672753,0.0,0.12430203459901337,-0.43424822676226543,0.037111523309282114,3,0.6,3,0.2,0.4,0.6666666666666666,0,0.0
C_LOGISTIC_REGRESSION,1,memory,textual,coefficient,-0.0764849301228069,0.19598466111617668,-0.022884501320680564,0.12303074365053017,-0.4122927361636429,0.0861450939896091,5,1.0,5,0.4,0.6,0.6,0,0.0
C_LOGISTIC_REGRESSION,1,seven,textual,coefficient,0.04431215153216461,0.1870216854867469,0.0,0.1218938815523362,-0.15256618920597365,0.3463404865157015,4,0.8,4,0.4,0.4,0.5,0,0.0
C_LOGISTIC_REGRESSION,1,aren,textual,coefficient,0.11847681378198911,0.17527619057267707,0.0,0.11847681378198911,0.0,0.39003047646353,2,0.4,2,0.4,0.0,1.0,0,0.0
C_LOGISTIC_REGRESSION,1,completely,textual,coefficient,0.043705157668019814,0.1622269304004829,0.053718377821413955,0.11517562950266302,-0.17867617958660806,0.274259311164149,4,0.8,4,0.6,0.2,0.75,0,0.0
C_LOGISTIC_REGRESSION,1,didn,textual,coefficient,-0.1133481506419981,0.073337818281782,-0.08186098953178302,0.1133481506419981,-0.20092985226721574,-0.03305189801007786,5,1.0,5,0.0,1.0,1.0,0,0.0
C_LOGISTIC_REGRESSION,1,getting,textual,coefficient,-0.10692964865016301,0.11239182446096094,-0.10589055424490613,0.11290173475726299,-0.27185367307953767,0.014930215267749966,5,1.0,5,0.2,0.8,0.8,0,0.0
C_LOGISTIC_REGRESSION,1,neurotypical,textual,coefficient,-0.11119594389023338,0.09982509256312833,-0.09279179962568587,0.11119594389023338,-0.2731580619997484,-0.010176038826593653,5,1.0,5,0.0,1.0,1.0,0,0.0
C_LOGISTIC_REGRESSION,1,don know,textual,coefficient,-0.10735360009915218,0.07624520464099722,-0.12038292432608196,0.10735360009915218,-0.20106895873835065,0.0,4,0.8,4,0.0,0.8,1.0,0,0.0
C_LOGISTIC_REGRESSION,1,therapy,textual,coefficient,0.05769619160173115,0.14267217118446943,0.0,0.10577241789633618,-0.12019056573651259,0.21187456471251562,3,0.6,3,0.4,0.2,0.6666666666666666,0,0.0
C_LOGISTIC_REGRESSION,1,meds,textual,coefficient,0.034990493788281146,0.18503239922043263,0.0,0.10518722481635852,-0.1754918275701934,0.33470042937917954,3,0.6,3,0.4,0.2,0.6666666666666666,0,0.0
C_LOGISTIC_REGRESSION,1,duration_sec_within_platform_percentile,engagement_or_format,coefficient,-0.05462776114932919,0.13308980681584404,0.007346089914124849,0.10130857350920938,-0.2141531618595135,0.09348187748794624,5,1.0,5,0.6,0.4,0.6,0,0.0
C_LOGISTIC_REGRESSION,1,wait,textual,coefficient,-0.10088012919993883,0.09578880124559422,-0.14210687044989792,0.10088012919993883,-0.21083886971553684,0.0,3,0.6,3,0.0,0.6,1.0,0,0.0
C_LOGISTIC_REGRESSION,1,diagnosed adhd,textual,coefficient,0.0469884405836713,0.1791502086952626,0.0,0.09873244017835522,-0.1293599989867098,0.34997049844634076,3,0.6,3,0.4,0.2,0.6666666666666666,0,0.0
C_LOGISTIC_REGRESSION,1,present,textual,coefficient,-0.09790767011019125,0.21892820588501194,0.0,0.09790767011019125,-0.48953835055095624,0.0,1,0.2,1,0.0,0.2,1.0,0,0.0
C_LOGISTIC_REGRESSION,1,certainty_score,handcrafted_linguistic,coefficient,-0.025682414291366567,0.11606043725634138,-0.05153910152946718,0.09159362707047056,-0.11904124476429143,0.16477803194776,5,1.0,5,0.2,0.8,0.8,0,0.0
C_LOGISTIC_REGRESSION,1,lead,textual,coefficient,0.08857112568899386,0.1980510578842682,0.0,0.08857112568899386,0.0,0.44285562844496934,1,0.2,1,0.2,0.0,1.0,0,0.0
C_LOGISTIC_REGRESSION,1,effective,textual,coefficient,-0.08837155486347552,0.1976048039520834,0.0,0.08837155486347552,-0.4418577743173776,0.0,1,0.2,1,0.0,0.2,1.0,0,0.0
C_LOGISTIC_REGRESSION,1,shows,textual,coefficient,0.08739852396877362,0.1954290407273225,0.0,0.08739852396877362,0.0,0.4369926198438681,1,0.2,1,0.2,0.0,1.0,0,0.0
C_LOGISTIC_REGRESSION,1,constant,textual,coefficient,0.0025754787453551365,0.1288200877688822,-0.03142018100405723,0.08596979105848213,-0.10785415322151747,0.22136317450959314,4,0.8,4,0.2,0.6,0.75,0,0.0
C_LOGISTIC_REGRESSION,1,exercise,textual,coefficient,-0.027023087715645,0.14120592993222586,0.0,0.08442334243953592,-0.25505649437351413,0.13299821379097054,4,0.8,4,0.4,0.4,0.5,0,0.0
C_LOGISTIC_REGRESSION,1,said,textual,coefficient,-0.07280798353403516,0.1743768508826648,0.0,0.0809304026916105,-0.38434596556411416,0.020306047893938355,2,0.4,2,0.2,0.2,0.5,0,0.0
C_LOGISTIC_REGRESSION,1,typically,textual,coefficient,0.07077765410606822,0.15826364586913566,0.0,0.07077765410606822,0.0,0.3538882705303411,1,0.2,1,0.2,0.0,1.0,0,0.0
C_LOGISTIC_REGRESSION,1,running,textual,coefficient,-0.06409478456361437,0.14332029528744591,0.0,0.06409478456361437,-0.3204739228180718,0.0,1,0.2,1,0.0,0.2,1.0,0,0.0
C_LOGISTIC_REGRESSION,1,pay attention,textual,coefficient,-0.0565685461012687,0.08397453109358208,0.0,0.0565685461012687,-0.18728466446650086,0.0,2,0.4,2,0.0,0.4,1.0,0,0.0
C_LOGISTIC_REGRESSION,1,share,textual,coefficient,0.055059715297577284,0.12311726622716787,0.0,0.055059715297577284,0.0,0.2752985764878864,1,0.2,1,0.2,0.0,1.0,0,0.0
C_LOGISTIC_REGRESSION,1,listen,textual,coefficient,0.05360794313699302,0.11987100498825971,0.0,0.05360794313699302,0.0,0.2680397156849651,1,0.2,1,0.2,0.0,1.0,0,0.0
C_LOGISTIC_REGRESSION,1,mood,textual,coefficient,-0.05197676811208242,0.1162235867493597,0.0,0.05197676811208242,-0.2598838405604121,0.0,1,0.2,1,0.0,0.2,1.0,0,0.0
C_LOGISTIC_REGRESSION,1,difficult,textual,coefficient,-0.04936129914856906,0.1103752203539029,0.0,0.04936129914856906,-0.24680649574284527,0.0,1,0.2,1,0.0,0.2,1.0,0,0.0
C_LOGISTIC_REGRESSION,1,knowing,textual,coefficient,0.04081462518395014,0.09126427638748737,0.0,0.04081462518395014,0.0,0.20407312591975071,1,0.2,1,0.2,0.0,1.0,0,0.0
C_LOGISTIC_REGRESSION,1,adhd just,textual,coefficient,0.04045350990273804,0.09045679807098317,0.0,0.04045350990273804,0.0,0.20226754951369022,1,0.2,1,0.2,0.0,1.0,0,0.0
C_LOGISTIC_REGRESSION,1,starting,textual,coefficient,0.03984766128948628,0.08910207938767825,0.0,0.03984766128948628,0.0,0.1992383064474314,1,0.2,1,0.2,0.0,1.0,0,0.0
C_LOGISTIC_REGRESSION,1,focused,textual,coefficient,0.038918619690540744,0.08702467921851093,0.0,0.038918619690540744,0.0,0.19459309845270373,1,0.2,1,0.2,0.0,1.0,0,0.0
C_LOGISTIC_REGRESSION,1,30,textual,coefficient,-0.03676809719178323,0.08221596472414643,0.0,0.03676809719178323,-0.18384048595891614,0.0,1,0.2,1,0.0,0.2,1.0,0,0.0
C_LOGISTIC_REGRESSION,1,hour,textual,coefficient,0.03449134791076662,0.07712499856406951,0.0,0.03449134791076662,0.0,0.17245673955383312,1,0.2,1,0.2,0.0,1.0,0,0.0
C_LOGISTIC_REGRESSION,1,realize,textual,coefficient,0.03194982222390701,0.04970181353216786,0.0,0.03194982222390701,0.0,0.11322982142964985,2,0.4,2,0.4,0.0,1.0,0,0.0
C_LOGISTIC_REGRESSION,1,half,textual,coefficient,-0.03159263978800759,0.07064329015464951,0.0,0.03159263978800759,-0.15796319894003794,0.0,1,0.2,1,0.0,0.2,1.0,0,0.0
C_LOGISTIC_REGRESSION,1,sound,textual,coefficient,-0.030521506208091388,0.045155409733171496,0.0,0.030521506208091388,-0.10048357686774718,0.0,2,0.4,2,0.0,0.4,1.0,0,0.0
C_LOGISTIC_REGRESSION,1,home,textual,coefficient,0.025781583538470404,0.05764937335960939,0.0,0.025781583538470404,0.0,0.12890791769235202,1,0.2,1,0.2,0.0,1.0,0,0.0
C_LOGISTIC_REGRESSION,1,shown,textual,coefficient,0.021620599090502894,0.04834512928063459,0.0,0.021620599090502894,0.0,0.10810299545251448,1,0.2,1,0.2,0.0,1.0,0,0.0
C_LOGISTIC_REGRESSION,1,definitely,textual,coefficient,-0.020271842840963034,0.0453292186215858,0.0,0.020271842840963034,-0.10135921420481517,0.0,1,0.2,1,0.0,0.2,1.0,0,0.0
C_LOGISTIC_REGRESSION,1,chronic,textual,coefficient,-0.018678743542340136,0.04176694029495776,0.0,0.018678743542340136,-0.09339371771170067,0.0,1,0.2,1,0.0,0.2,1.0,0,0.0
C_LOGISTIC_REGRESSION,1,turn,textual,coefficient,0.017656952909648995,0.03948214698148785,0.0,0.017656952909648995,0.0,0.08828476454824498,1,0.2,1,0.2,0.0,1.0,0,0.0
C_LOGISTIC_REGRESSION,1,comments,textual,coefficient,-0.0038804740285645614,0.00867700371279282,0.0,0.0038804740285645614,-0.019402370142822808,0.0,1,0.2,1,0.0,0.2,1.0,0,0.0
C_LOGISTIC_REGRESSION,1,functioning,textual,coefficient,0.0027971696748608967,0.005383237577192503,0.0,0.0027971696748608967,0.0,0.012342494301903473,2,0.4,2,0.4,0.0,1.0,0,0.0
C_LOGISTIC_REGRESSION,1,sign,textual,coefficient,-0.0004288667083576883,0.0009589751131743682,0.0,0.0004288667083576883,-0.0021443335417884414,0.0,1,0.2,1,0.0,0.2,1.0,0,0.0
C_LOGISTIC_REGRESSION,2,fast,textual,coefficient,1.7884656492114694,0.8893537668680481,2.130897270331545,1.7884656492114694,0.8185943946056422,2.871762422831371,5,1.0,5,1.0,0.0,1.0,5,1.0
C_LOGISTIC_REGRESSION,2,diet,textual,coefficient,2.2349362579185437,1.506198231781793,3.023659444837781,2.2349362579185437,0.0,3.6070293089270815,4,0.8,4,0.8,0.0,1.0,4,0.8
C_LOGISTIC_REGRESSION,2,stimulants,textual,coefficient,1.647739763909371,1.3122721350445032,2.4413311440123913,1.7918839575706786,-0.3603604841532695,2.657174018871307,5,1.0,5,0.8,0.2,0.8,4,0.8
C_LOGISTIC_REGRESSION,2,way,textual,coefficient,1.7544719969068912,0.9514366602208177,1.4310404975728113,1.7544719969068912,0.8634073608604295,3.009450534905691,5,1.0,5,1.0,0.0,1.0,4,0.8
C_LOGISTIC_REGRESSION,2,test,textual,coefficient,1.6384431849503032,1.1280958353355783,2.389876528063912,1.6384431849503032,0.009643263200736376,2.479318318679416,5,1.0,5,1.0,0.0,1.0,4,0.8
C_LOGISTIC_REGRESSION,2,hyperactivity,textual,coefficient,1.5940232497880882,0.8501333736278661,1.33971738922045,1.5940232497880882,0.816704786038796,3.027945249020948,5,1.0,5,1.0,0.0,1.0,3,0.6
C_LOGISTIC_REGRESSION,2,usually,textual,coefficient,1.555928372124843,1.13634478668122,1.8595409244263046,1.555928372124843,0.14585331016563213,2.7474582814090933,5,1.0,5,1.0,0.0,1.0,3,0.6
C_LOGISTIC_REGRESSION,2,depression,textual,coefficient,1.342864245586896,1.2170487426570549,1.9538258850979597,1.5207327107471027,-0.4446711629005169,2.5413973780116126,5,1.0,5,0.8,0.2,0.8,3,0.6
C_LOGISTIC_REGRESSION,2,life,textual,coefficient,-1.5040875781724483,0.6209214460418175,-1.5988172437575647,1.5040875781724483,-2.2527074930634488,-0.7127227713141896,5,1.0,5,0.0,1.0,1.0,3,0.6
C_LOGISTIC_REGRESSION,2,motivation,textual,coefficient,1.421954188022276,0.8589780831184325,1.0727916405449798,1.421954188022276,0.5918324288600838,2.485286799326565,5,1.0,5,1.0,0.0,1.0,3,0.6
C_LOGISTIC_REGRESSION,2,instead,textual,coefficient,-1.4013667906960532,0.7995133809124636,-1.5963952116683948,1.4013667906960532,-2.285592882572891,-0.5345783796472066,5,1.0,5,0.0,1.0,1.0,3,0.6
C_LOGISTIC_REGRESSION,2,increase,textual,coefficient,1.3499936629924914,0.879415638435,1.3070946262123608,1.3499936629924914,0.0,2.221678422212892,4,0.8,4,0.8,0.0,1.0,3,0.6
C_LOGISTIC_REGRESSION,2,high,textual,coefficient,1.3256365087743536,1.088290460212304,0.9401694383911717,1.3256365087743536,0.10311518599715491,2.6998765065263988,5,1.0,5,1.0,0.0,1.0,3,0.6
C_LOGISTIC_REGRESSION,2,patients,textual,coefficient,1.267929639500837,0.8767999426268315,0.7710504304162308,1.267929639500837,0.5096884954231332,2.474631896691195,5,1.0,5,1.0,0.0,1.0,3,0.6
C_LOGISTIC_REGRESSION,2,foods,textual,coefficient,1.2111853171354185,0.904095514530499,1.0661619238569433,1.2111853171354185,0.0,2.172687700558115,4,0.8,4,0.8,0.0,1.0,3,0.6
C_LOGISTIC_REGRESSION,2,rejection,textual,coefficient,1.0233686420225345,0.932611525765495,0.793713945614609,1.0233686420225345,0.0,2.507276398678902,4,0.8,4,0.8,0.0,1.0,3,0.6
C_LOGISTIC_REGRESSION,2,thoughts,textual,coefficient,0.7492295182703986,0.8285775993327973,0.5856005672181743,0.7492295182703986,0.0,2.119905646220155,4,0.8,4,0.8,0.0,1.0,3,0.6
C_LOGISTIC_REGRESSION,2,remember,textual,coefficient,1.3229632540607206,0.9741168258293352,1.1011993115808674,1.3229632540607206,0.3373568600704266,2.438380661131605,5,1.0,5,1.0,0.0,1.0,2,0.4
C_LOGISTIC_REGRESSION,2,love,textual,coefficient,-1.2961423399370744,0.8645843719092485,-1.4936269772662933,1.2961423399370744,-2.1323044177164268,-0.30037133299655294,5,1.0,5,0.0,1.0,1.0,2,0.4
C_LOGISTIC_REGRESSION,2,good,textual,coefficient,1.2953813299178107,0.7257670696884745,1.234997883173101,1.2953813299178107,0.41472413157858995,2.252940086102493,5,1.0,5,1.0,0.0,1.0,2,0.4
C_LOGISTIC_REGRESSION,2,sit,textual,coefficient,1.2268947990276982,0.9031889245504142,0.895999570553283,1.2268947990276982,0.2948975936845947,2.2771797927439,5,1.0,5,1.0,0.0,1.0,2,0.4
C_LOGISTIC_REGRESSION,2,care,textual,coefficient,1.2168880221851617,0.7760291106430534,0.8402512025257557,1.2168880221851617,0.4820764196975422,2.2551972771439277,5,1.0,5,1.0,0.0,1.0,2,0.4
C_LOGISTIC_REGRESSION,2,autism,textual,coefficient,1.1751122584528384,1.1865457601740683,0.5088968807164478,1.1751122584528384,0.1581843429474087,2.6168626556768797,5,1.0,5,1.0,0.0,1.0,2,0.4
C_LOGISTIC_REGRESSION,2,kind,textual,coefficient,1.0537794427004552,0.6289690380038068,0.8519668662892986,1.0537794427004552,0.5647003273850714,2.129294751221208,5,1.0,5,1.0,0.0,1.0,2,0.4
C_LOGISTIC_REGRESSION,2,focus,textual,coefficient,0.7988091477392631,0.8995504238154938,0.5570460134665344,0.8325158521872809,-0.08426676112004397,2.310456992848872,5,1.0,5,0.8,0.2,0.8,2,0.4
C_LOGISTIC_REGRESSION,2,affects,textual,coefficient,0.75716673234296,1.2639831713410252,0.0,0.75716673234296,0.0,2.9153778021128787,2,0.4,2,0.4,0.0,1.0,2,0.4
C_LOGISTIC_REGRESSION,2,attention deficit,textual,coefficient,0.6505791441050841,0.4281962453459502,0.6591864225899725,0.6505791441050841,0.0,1.173691065960616,4,0.8,4,0.8,0.0,1.0,2,0.4
C_LOGISTIC_REGRESSION,2,stress,textual,coefficient,-1.3391785713203788,0.862852518705678,-1.6801886370769845,1.3391785713203788,-2.311223804312757,-0.4018336591417344,5,1.0,5,0.0,1.0,1.0,1,0.2
C_LOGISTIC_REGRESSION,2,best,textual,coefficient,-1.303279183197285,0.8030654079173473,-1.6309861686017446,1.303279183197285,-2.1599893377637445,-0.41170259799315106,5,1.0,5,0.0,1.0,1.0,1,0.2
C_LOGISTIC_REGRESSION,2,adhd symptoms,textual,coefficient,1.2833170354273247,0.793577767068849,1.3713365209009818,1.2833170354273247,0.4647792738117306,2.237785323715865,5,1.0,5,1.0,0.0,1.0,1,0.2
C_LOGISTIC_REGRESSION,2,term,textual,coefficient,1.2096694524342282,1.0283215397905217,1.2607437616836705,1.2096694524342282,0.18297554407678723,2.5108027736604748,5,1.0,5,1.0,0.0,1.0,1,0.2
C_LOGISTIC_REGRESSION,2,just,textual,coefficient,1.1843250850401685,0.6916756727160801,1.1867319717906941,1.1843250850401685,0.4877971946015411,2.160988288191652,5,1.0,5,1.0,0.0,1.0,1,0.2
C_LOGISTIC_REGRESSION,2,lot,textual,coefficient,-1.1838323254826377,0.8509376318162436,-1.6112200615986816,1.1838323254826377,-2.0654223131821507,-0.0238816492423278,5,1.0,5,0.0,1.0,1.0,1,0.2
C_LOGISTIC_REGRESSION,2,things like,textual,coefficient,1.161692694959874,0.9482025663483677,1.4523820317837535,1.1775491853649407,-0.03964122601266627,2.1588079776831983,5,1.0,5,0.8,0.2,0.8,1,0.2
C_LOGISTIC_REGRESSION,2,problem,textual,coefficient,-1.1671369716953852,0.6828344041911056,-1.1978163506942379,1.1671369716953852,-1.964414466613232,-0.4694556927235833,5,1.0,5,0.0,1.0,1.0,1,0.2
C_LOGISTIC_REGRESSION,2,type,textual,coefficient,1.0466400802108833,0.94960806600945,1.398681132155285,1.15991510743149,-0.2831875680515169,1.946467023199504,5,1.0,5,0.8,0.2,0.8,1,0.2
C_LOGISTIC_REGRESSION,2,end,textual,coefficient,-1.1505464275557533,0.8073471401381298,-1.3390954791178409,1.1505464275557533,-2.1456571007438283,-0.2581120928332848,5,1.0,5,0.0,1.0,1.0,1,0.2
C_LOGISTIC_REGRESSION,2,isn,textual,coefficient,1.0109456144874955,0.7120495312757066,0.6555388010385377,1.0109456144874955,0.2506317547438636,1.7974606586253215,5,1.0,5,1.0,0.0,1.0,1,0.2
C_LOGISTIC_REGRESSION,2,talk,textual,coefficient,0.9650297378199362,0.4268170504869477,0.8412026423778511,0.9650297378199362,0.5047848696115386,1.5080774751555541,5,1.0,5,1.0,0.0,1.0,1,0.2
C_LOGISTIC_REGRESSION,2,uh,textual,coefficient,0.9483517502649083,0.739808355156084,0.7975610250420458,0.9483517502649083,0.0,1.8190931332818743,4,0.8,4,0.8,0.0,1.0,1,0.2
C_LOGISTIC_REGRESSION,2,sensory,textual,coefficient,0.9121525730952651,0.9371666722239282,0.5772005707856613,0.9121525730952651,0.0,2.3206986996741237,4,0.8,4,0.8,0.0,1.0,1,0.2
C_LOGISTIC_REGRESSION,2,really,textual,coefficient,-0.9111696434476914,0.500189947535141,-0.7839414598847873,0.9111696434476914,-1.600366983784627,-0.3393211602306169,5,1.0,5,0.0,1.0,1.0,1,0.2
C_LOGISTIC_REGRESSION,2,video,textual,coefficient,0.4295301393967743,0.5048553104951057,0.5432156463320437,0.6032888845645661,-0.43439686291947954,0.879609835260059,5,1.0,5,0.8,0.2,0.8,1,0.2
C_LOGISTIC_REGRESSION,2,number,textual,coefficient,-0.5203988891092569,0.561182926974357,-0.6247323060371535,0.5870326251787299,-1.2793721822512034,0.16658434017368254,5,1.0,5,0.2,0.8,0.8,1,0.2
C_LOGISTIC_REGRESSION,2,pain,textual,coefficient,0.5364729714413924,1.1995900322342568,0.0,0.5364729714413924,0.0,2.682364857206962,1,0.2,1,0.2,0.0,1.0,1,0.2
C_LOGISTIC_REGRESSION,2,manage,textual,coefficient,0.5279174043255173,0.8503354395737421,0.29949479749409225,0.5279174043255173,0.0,2.0238764305956063,3,0.6,3,0.6,0.0,1.0,1,0.2
C_LOGISTIC_REGRESSION,2,dopamine,textual,coefficient,-0.5140450147362512,0.3323561149478535,-0.6404358503051625,0.5180708386852162,-0.8081134132007408,0.010064559872412518,5,1.0,5,0.2,0.8,0.8,1,0.2
C_LOGISTIC_REGRESSION,2,seen,textual,coefficient,0.37037119349296643,0.34365073808420293,0.5529904011446034,0.37037119349296643,0.0,0.7162652623376744,3,0.6,3,0.6,0.0,1.0,1,0.2
C_LOGISTIC_REGRESSION,2,disorder,textual,coefficient,0.34743538992525347,0.2813549406597474,0.34156385972791875,0.35460022249280776,-0.017912081418885718,0.647357713039585,5,1.0,5,0.8,0.2,0.8,1,0.2
C_LOGISTIC_REGRESSION,2,sensitivity,textual,coefficient,0.22276147042862915,0.498109790646224,0.0,0.22276147042862915,0.0,1.1138073521431457,1,0.2,1,0.2,0.0,1.0,1,0.2
C_LOGISTIC_REGRESSION,2,emotional,textual,coefficient,-1.1852562677297485,0.6175003568217389,-1.3951248311261402,1.1852562677297485,-1.9154404771195406,-0.49052913588196095,5,1.0,5,0.0,1.0,1.0,0,0.0
C_LOGISTIC_REGRESSION,2,adhd brains,textual,coefficient,-1.1041434791489837,0.6673333494988225,-1.2505853312979998,1.1041434791489837,-1.779395980553968,-0.3663277581515157,5,1.0,5,0.0,1.0,1.0,0,0.0
C_LOGISTIC_REGRESSION,2,makes,textual,coefficient,1.0204084379689533,0.9603543285108469,1.4606862715209656,1.0982785205186,-0.1946752063741169,1.856701709774947,5,1.0,5,0.8,0.2,0.8,0,0.0
C_LOGISTIC_REGRESSION,2,did,textual,coefficient,-1.091568059164512,0.6779262775031858,-1.2881803040344355,1.091568059164512,-1.7283179510384197,-0.35510441613310995,5,1.0,5,0.0,1.0,1.0,0,0.0
C_LOGISTIC_REGRESSION,2,thing,textual,coefficient,-1.0874159041221945,0.5661240470749217,-1.255688721843036,1.0874159041221945,-1.6356572253451966,-0.4598831216077991,5,1.0,5,0.0,1.0,1.0,0,0.0
C_LOGISTIC_REGRESSION,2,attention,textual,coefficient,1.0512247984393857,0.6476425107462669,0.6101934474526433,1.0512247984393857,0.5626156725047429,1.8888806169542276,5,1.0,5,1.0,0.0,1.0,0,0.0
C_LOGISTIC_REGRESSION,2,stop,textual,coefficient,-1.0445867546742063,0.5879707638518212,-1.2579956884371162,1.0445867546742063,-1.6706053462670356,-0.3177836382312011,5,1.0,5,0.0,1.0,1.0,0,0.0
C_LOGISTIC_REGRESSION,2,think,textual,coefficient,-1.0289563473466823,0.6059092648695825,-0.9383491941781291,1.0289563473466823,-1.7658711706748467,-0.4503927317199625,5,1.0,5,0.0,1.0,1.0,0,0.0
C_LOGISTIC_REGRESSION,2,constantly,textual,coefficient,-1.014356091548517,0.6467712186213526,-1.1720189094539235,1.014356091548517,-1.7624629519363626,-0.2849167330172134,5,1.0,5,0.0,1.0,1.0,0,0.0
C_LOGISTIC_REGRESSION,2,stimulant,textual,coefficient,-1.0094602875184746,0.6104041807372566,-1.2965387462859563,1.0094602875184746,-1.6932165061868993,-0.21747231178007984,5,1.0,5,0.0,1.0,1.0,0,0.0
C_LOGISTIC_REGRESSION,2,higher,textual,coefficient,-1.008988725281829,0.7334692240813033,-1.1802421456954868,1.008988725281829,-1.7376944811092978,-0.20403541434742528,5,1.0,5,0.0,1.0,1.0,0,0.0
C_LOGISTIC_REGRESSION,2,stay,textual,coefficient,0.996577962748271,0.6522001096330896,0.6440485334338463,0.996577962748271,0.4324597041140904,1.789421934101468,5,1.0,5,1.0,0.0,1.0,0,0.0
C_LOGISTIC_REGRESSION,2,anxiety,textual,coefficient,-0.9830029113500082,0.6809940272409015,-1.0728924913656617,0.9830029113500082,-1.9518041267150545,-0.292328971135078,5,1.0,5,0.0,1.0,1.0,0,0.0
C_LOGISTIC_REGRESSION,2,make,textual,coefficient,-0.9679937620131852,0.5071782997356888,-1.1125929613275536,0.9679937620131852,-1.5187604453251806,-0.43371901519408246,5,1.0,5,0.0,1.0,1.0,0,0.0
C_LOGISTIC_REGRESSION,2,energy,textual,coefficient,-0.9651448544374563,0.49164153088030355,-1.130507201559389,0.9651448544374563,-1.572974656980501,-0.36645775498245,5,1.0,5,0.0,1.0,1.0,0,0.0
C_LOGISTIC_REGRESSION,2,doctor,textual,coefficient,0.4937290940692291,0.9828320868701492,0.5949674847778162,0.9531159160497283,-1.1484670549512481,1.3032864230189383,5,1.0,5,0.8,0.2,0.8,0,0.0
C_LOGISTIC_REGRESSION,2,harder,textual,coefficient,-0.9491353725139555,0.5518644335329951,-1.0750543299436746,0.9491353725139555,-1.7115760523429664,-0.3964386147788835,5,1.0,5,0.0,1.0,1.0,0,0.0
C_LOGISTIC_REGRESSION,2,adults,textual,coefficient,0.9480915348133954,0.62495727726599,0.6994096311496015,0.9480915348133954,0.37310707492307765,1.8000166821855101,5,1.0,5,1.0,0.0,1.0,0,0.0
C_LOGISTIC_REGRESSION,2,actually,textual,coefficient,0.9455938041525711,0.6152793505905209,0.9065050436680162,0.9455938041525711,0.30618551164333835,1.6501988734635376,5,1.0,5,1.0,0.0,1.0,0,0.0
C_LOGISTIC_REGRESSION,2,neurotypical,textual,coefficient,-0.94423563080008,0.40070496913755177,-1.1305366352691637,0.94423563080008,-1.302963642108792,-0.4736270936406878,5,1.0,5,0.0,1.0,1.0,0,0.0
C_LOGISTIC_REGRESSION,2,low,textual,coefficient,-0.9363678106425747,0.6757078192808897,-0.6469898598795917,0.9363678106425747,-1.8949241141495232,-0.2698890382718295,5,1.0,5,0.0,1.0,1.0,0,0.0
C_LOGISTIC_REGRESSION,2,helpful,textual,coefficient,-0.9307366523669852,0.5585746573640374,-0.9502398648266388,0.9307366523669852,-1.697207453446537,-0.3345806843368983,5,1.0,5,0.0,1.0,1.0,0,0.0
C_LOGISTIC_REGRESSION,2,tasks,textual,coefficient,-0.8905525453723021,0.5259719360930593,-0.782059740220534,0.8905525453723021,-1.7522949854467764,-0.3990914209404191,5,1.0,5,0.0,1.0,1.0,0,0.0
C_LOGISTIC_REGRESSION,2,health,textual,coefficient,-0.8781406198824616,0.5629116421807434,-1.1235819146069441,0.8781406198824616,-1.5117776359170407,-0.2592467953553612,5,1.0,5,0.0,1.0,1.0,0,0.0
C_LOGISTIC_REGRESSION,2,duration_sec_within_platform_percentile,engagement_or_format,coefficient,0.87653117672088,0.4843933104629709,0.9464693951038896,0.87653117672088,0.3280715016190505,1.3519308188626555,5,1.0,5,1.0,0.0,1.0,0,0.0
C_LOGISTIC_REGRESSION,2,feels,textual,coefficient,-0.8751037589158315,0.42390456283682504,-1.04077990568181,0.8751037589158315,-1.3586048197745746,-0.409696549257571,5,1.0,5,0.0,1.0,1.0,0,0.0
C_LOGISTIC_REGRESSION,2,comes,textual,coefficient,0.8239450305605447,0.8666911774951728,0.5598624627890081,0.8679055947033186,-0.10990141035693486,1.9130527160431776,5,1.0,5,0.8,0.2,0.8,0,0.0
C_LOGISTIC_REGRESSION,2,state,textual,coefficient,-0.8586950914718006,0.5318926289783408,-0.9655220274500801,0.8586950914718006,-1.429450646213687,-0.2782131788784335,5,1.0,5,0.0,1.0,1.0,0,0.0
C_LOGISTIC_REGRESSION,2,information,textual,coefficient,0.858376369033983,0.6264030694678172,1.1341944336092986,0.858376369033983,0.0,1.5208151123598592,4,0.8,4,0.8,0.0,1.0,0,0.0
C_LOGISTIC_REGRESSION,2,symptoms,textual,coefficient,0.7976079960346348,0.7403990004404168,0.8842638712054672,0.8486439888980474,-0.12758998215853162,1.7756449642325822,5,1.0,5,0.8,0.2,0.8,0,0.0
C_LOGISTIC_REGRESSION,2,sense,textual,coefficient,-0.8268793874638719,0.5011691011627107,-0.8290148791728817,0.8268793874638719,-1.565294152608416,-0.36032037309968235,5,1.0,5,0.0,1.0,1.0,0,0.0
C_LOGISTIC_REGRESSION,2,little bit,textual,coefficient,0.8106372143236908,0.480091053319196,0.7562693585077805,0.8106372143236908,0.23806333386996412,1.3773964602418234,5,1.0,5,1.0,0.0,1.0,0,0.0
C_LOGISTIC_REGRESSION,2,little,textual,coefficient,0.7999606444407183,0.5613273794035576,0.4697773685506966,0.7999606444407183,0.315510172510944,1.6359813045003222,5,1.0,5,1.0,0.0,1.0,0,0.0
C_LOGISTIC_REGRESSION,2,understand,textual,coefficient,0.7945338638425772,0.46426376426630933,1.0880193061320498,0.7945338638425772,0.17910830148444415,1.1537979004270347,5,1.0,5,1.0,0.0,1.0,0,0.0
C_LOGISTIC_REGRESSION,2,times,textual,coefficient,-0.7900792988030017,0.4327564895310072,-0.8866128303738228,0.7900792988030017,-1.3298420256475483,-0.31060635374156154,5,1.0,5,0.0,1.0,1.0,0,0.0
C_LOGISTIC_REGRESSION,2,wrong,textual,coefficient,-0.7889380840428937,0.3888300550643347,-0.7998107531744769,0.7889380840428937,-1.251133683728252,-0.39980891484225994,5,1.0,5,0.0,1.0,1.0,0,0.0
C_LOGISTIC_REGRESSION,2,things,textual,coefficient,-0.7876116573993315,0.49793322971618975,-0.748272570459003,0.7876116573993315,-1.3161779893445484,-0.16480395664970968,5,1.0,5,0.0,1.0,1.0,0,0.0
C_LOGISTIC_REGRESSION,2,adult,textual,coefficient,0.7710345406950471,0.9785915716675498,0.17619406126901566,0.7710345406950471,0.0,1.8871909937569165,3,0.6,3,0.6,0.0,1.0,0,0.0
C_LOGISTIC_REGRESSION,2,reason,textual,coefficient,0.7416876757060564,0.664889860643065,0.8865377031195419,0.7703664375148177,-0.07169690452190339,1.5266443677864536,5,1.0,5,0.8,0.2,0.8,0,0.0
C_LOGISTIC_REGRESSION,2,alcohol,textual,coefficient,-0.7694303374926112,0.4737104733041206,-0.9270931602985023,0.7694303374926112,-1.238510486144178,-0.2649199516202065,5,1.0,5,0.0,1.0,1.0,0,0.0
C_LOGISTIC_REGRESSION,2,important,textual,coefficient,-0.7637098810218097,0.3381518542331114,-0.6797341029603966,0.7637098810218097,-1.1549389349754478,-0.36233668989805723,5,1.0,5,0.0,1.0,1.0,0,0.0
C_LOGISTIC_REGRESSION,2,trying,textual,coefficient,-0.7568254541394412,0.6165067135892776,-0.6012132540292822,0.7568254541394412,-1.7666093085984844,-0.22656583058731566,5,1.0,5,0.0,1.0,1.0,0,0.0
C_LOGISTIC_REGRESSION,2,long,textual,coefficient,0.7540044690710648,0.6667084707144717,0.8763253954710272,0.7540044690710648,0.08823758144343831,1.7212454499997378,5,1.0,5,1.0,0.0,1.0,0,0.0
C_LOGISTIC_REGRESSION,2,dr,textual,coefficient,0.7293786452283149,0.849070799051481,0.36277028972995873,0.7293786452283149,0.0,1.7403389171449155,3,0.6,3,0.6,0.0,1.0,0,0.0
C_LOGISTIC_REGRESSION,2,child,textual,coefficient,-0.7229831487841908,0.4719933707700356,-0.4405229934030795,0.7229831487841908,-1.2664365041049934,-0.31572421967652237,5,1.0,5,0.0,1.0,1.0,0,0.0
C_LOGISTIC_REGRESSION,2,ve,textual,coefficient,-0.6806090569270706,0.6878699593670151,-0.8867609959421053,0.7228510264860334,-1.4311373045905769,0.10560492389740683,5,1.0,5,0.2,0.8,0.8,0,0.0
C_LOGISTIC_REGRESSION,2,create,textual,coefficient,-0.7205215837018665,0.5627849889900015,-1.0610253693291933,0.7205215837018665,-1.1607628243575743,0.0,4,0.8,4,0.0,0.8,1.0,0,0.0
C_LOGISTIC_REGRESSION,2,certain,textual,coefficient,0.719475475575303,0.5760537808006775,0.6692052798899362,0.719475475575303,0.06081872129565036,1.614686872284473,5,1.0,5,1.0,0.0,1.0,0,0.0
C_LOGISTIC_REGRESSION,2,got,textual,coefficient,-0.7187996508640767,0.5084395080645382,-0.5322976693713548,0.7187996508640767,-1.539785853623616,-0.2630786763133851,5,1.0,5,0.0,1.0,1.0,0,0.0
C_LOGISTIC_REGRESSION,2,10,textual,coefficient,-0.7142666702910313,0.3613238665758764,-0.7767564931700026,0.7142666702910313,-1.2058884532057557,-0.2783768665308514,5,1.0,5,0.0,1.0,1.0,0,0.0
C_LOGISTIC_REGRESSION,2,probably,textual,coefficient,-0.7103687549855031,0.5359306642001351,-0.3912633143788638,0.7103687549855031,-1.4076284313049787,-0.2383777896402403,5,1.0,5,0.0,1.0,1.0,0,0.0
C_LOGISTIC_REGRESSION,2,sure,textual,coefficient,0.6693952480432849,0.5526937900126022,0.7607048727136343,0.7056698521770262,-0.09068651033435321,1.2759647363337345,5,1.0,5,0.8,0.2,0.8,0,0.0
C_LOGISTIC_REGRESSION,2,literally,textual,coefficient,-0.6963431455782763,0.5578866188145969,-0.7932836643191145,0.6963431455782763,-1.3235195134485296,0.0,4,0.8,4,0.0,0.8,1.0,0,0.0
C_LOGISTIC_REGRESSION,2,function,textual,coefficient,-0.6873343850262134,0.6261571796049531,-0.5215953981350635,0.6873343850262134,-1.685242859626739,-0.18092871667700422,5,1.0,5,0.0,1.0,1.0,0,0.0
C_LOGISTIC_REGRESSION,2,hard,textual,coefficient,0.6041993257487304,0.5966153819067094,0.5225316363680583,0.6848662275835325,-0.20166725458700532,1.2177354196467156,5,1.0,5,0.8,0.2,0.8,0,0.0
C_LOGISTIC_REGRESSION,2,called,textual,coefficient,-0.6683499595516549,0.3764292343878024,-0.7605515451443753,0.6683499595516549,-1.1168067175467165,-0.1973367660418673,5,1.0,5,0.0,1.0,1.0,0,0.0
C_LOGISTIC_REGRESSION,2,hyper,textual,coefficient,0.6629152397051734,0.6488185121293328,0.40502293289087765,0.6629152397051734,0.0,1.6513827872242846,4,0.8,4,0.8,0.0,1.0,0,0.0
C_LOGISTIC_REGRESSION,2,worse,textual,coefficient,-0.6590335005328916,0.4198775337339212,-0.5025975280733443,0.6590335005328916,-1.1980231100913363,-0.1737207726843084,5,1.0,5,0.0,1.0,1.0,0,0.0
C_LOGISTIC_REGRESSION,2,use,textual,coefficient,0.6549760387592573,0.4801993660530423,0.9245080872791072,0.6569246794149264,-0.004871601639172672,1.071130956270354,5,1.0,5,0.8,0.2,0.8,0,0.0
C_LOGISTIC_REGRESSION,2,eat,textual,coefficient,-0.6539426222286746,0.42567505093189373,-0.7492044019325472,0.6539426222286746,-1.11437002720365,-0.18943020162790208,5,1.0,5,0.0,1.0,1.0,0,0.0
C_LOGISTIC_REGRESSION,2,hyperactive,textual,coefficient,0.6450442289682936,0.48125791567256526,0.564873773956155,0.6450442289682936,0.08840834536494982,1.2545018818258658,5,1.0,5,1.0,0.0,1.0,0,0.0
C_LOGISTIC_REGRESSION,2,come,textual,coefficient,-0.6438564632586073,0.41771289814024626,-0.5398739747416803,0.6438564632586073,-1.3124443201064058,-0.21393987451756485,5,1.0,5,0.0,1.0,1.0,0,0.0
C_LOGISTIC_REGRESSION,2,common,textual,coefficient,-0.6408153285173994,0.40881620747826614,-0.7763196957149484,0.6408153285173994,-1.161750724787486,-0.2227842515613508,5,1.0,5,0.0,1.0,1.0,0,0.0
C_LOGISTIC_REGRESSION,2,trouble,textual,coefficient,-0.6386154506427305,0.31120764455998823,-0.5428781896755616,0.6386154506427305,-1.1779603190667702,-0.3848778794913042,5,1.0,5,0.0,1.0,1.0,0,0.0
C_LOGISTIC_REGRESSION,2,long term,textual,coefficient,0.6337706359293394,0.7958369070271795,0.16571323190994225,0.6337706359293394,0.0,1.5508953076308019,3,0.6,3,0.6,0.0,1.0,0,0.0
C_LOGISTIC_REGRESSION,2,right,textual,coefficient,0.4123433970150866,0.7119722942449926,0.31017802798733946,0.6305650287961357,-0.5455540794526229,1.4405110053565693,5,1.0,5,0.8,0.2,0.8,0,0.0
C_LOGISTIC_REGRESSION,2,difference,textual,coefficient,-0.6244668267590673,0.2706671891709535,-0.5019980296782052,0.6244668267590673,-0.9228463310199755,-0.3218812473166752,5,1.0,5,0.0,1.0,1.0,0,0.0
C_LOGISTIC_REGRESSION,2,diagnosis,textual,coefficient,0.49672572002904997,0.5462498505508903,0.6234930378578398,0.6194378918301433,-0.30678042950273315,1.0418554735438652,5,1.0,5,0.8,0.2,0.8,0,0.0
C_LOGISTIC_REGRESSION,2,physical,textual,coefficient,0.4424759037932892,0.5554697311667762,0.46112845553605625,0.6183130071118021,-0.43959275829628214,1.0779042769014113,5,1.0,5,0.8,0.2,0.8,0,0.0
C_LOGISTIC_REGRESSION,2,avoid,textual,coefficient,-0.6137192933616025,0.4491559181063209,-0.8655517418682652,0.6137192933616025,-0.9670819691417645,0.0,4,0.8,4,0.0,0.8,1.0,0,0.0
C_LOGISTIC_REGRESSION,2,person,textual,coefficient,-0.6109534335115904,0.41957967734801965,-0.6311156861301835,0.6109534335115904,-1.1612782072542454,-0.18819987537177088,5,1.0,5,0.0,1.0,1.0,0,0.0
C_LOGISTIC_REGRESSION,2,people adhd,textual,coefficient,-0.3328170773357121,0.7283030132520083,-0.21768936211473927,0.6106670686412005,-1.0799748824009865,0.5649497405367127,5,1.0,5,0.4,0.6,0.6,0,0.0
C_LOGISTIC_REGRESSION,2,forget,textual,coefficient,-0.5707020452322155,0.7322509379275238,-0.26052028990809445,0.6101986660959664,-1.741584312892896,0.09874155215937727,5,1.0,5,0.2,0.8,0.8,0,0.0
C_LOGISTIC_REGRESSION,2,learn,textual,coefficient,-0.6019175669014356,0.4693372374981245,-0.7393444882150021,0.6019175669014356,-1.0651710412737285,-0.06606495336567013,5,1.0,5,0.0,1.0,1.0,0,0.0
C_LOGISTIC_REGRESSION,2,place,textual,coefficient,0.5675466305106303,0.4905577910532324,0.6825891953752714,0.600608428585266,-0.08265449518658921,1.1460640751393347,5,1.0,5,0.8,0.2,0.8,0,0.0
C_LOGISTIC_REGRESSION,2,likes_within_platform_percentile,engagement_or_format,coefficient,0.5394019278650513,0.6273752050098471,0.23770918433437624,0.600545605860337,-0.1528591949882144,1.258896965455465,5,1.0,5,0.8,0.2,0.8,0,0.0
C_LOGISTIC_REGRESSION,2,let,textual,coefficient,0.5484666204091366,0.4155570061960234,0.6280389108758205,0.5956985053984746,-0.11807971247334495,0.9503440336068808,5,1.0,5,0.8,0.2,0.8,0,0.0
C_LOGISTIC_REGRESSION,2,needs,textual,coefficient,0.5932747846045708,0.44133321792054314,0.5922917052516651,0.5932747846045708,0.07610791758821611,1.1626713501087562,5,1.0,5,1.0,0.0,1.0,0,0.0
C_LOGISTIC_REGRESSION,2,able,textual,coefficient,0.5926315599588886,0.38211422283815855,0.4062363133835106,0.5926315599588886,0.3233173391694038,1.2357351325786268,5,1.0,5,1.0,0.0,1.0,0,0.0
C_LOGISTIC_REGRESSION,2,diagnosed adhd,textual,coefficient,0.5887863444662175,0.640227662909918,0.4133010569505142,0.5887863444662175,0.0,1.2702697555206954,3,0.6,3,0.6,0.0,1.0,0,0.0
C_LOGISTIC_REGRESSION,2,people,textual,coefficient,-0.33084983015650404,0.6580260565276643,-0.22897024834384,0.5858264645326615,-1.0951118949209784,0.6374415859403937,5,1.0,5,0.2,0.8,0.8,0,0.0
C_LOGISTIC_REGRESSION,2,anger,textual,coefficient,-0.5759398903140138,0.4563148522896846,-0.4174396228140537,0.5759398903140138,-1.0897969054752854,0.0,4,0.8,4,0.0,0.8,1.0,0,0.0
C_LOGISTIC_REGRESSION,2,change,textual,coefficient,0.07729424481151552,0.8029957271221032,0.19177908315495423,0.5702551855634163,-1.2324023518797518,0.9726447562007126,5,1.0,5,0.8,0.2,0.8,0,0.0
C_LOGISTIC_REGRESSION,2,small,textual,coefficient,-0.4293909515462457,0.6689240226337552,-0.18450626991482186,0.5626071609231097,-1.3776623444092448,0.3330405234421599,5,1.0,5,0.2,0.8,0.8,0,0.0
C_LOGISTIC_REGRESSION,2,problems,textual,coefficient,0.5055261111873565,0.5420243969192902,0.3420286657868678,0.5611242842649723,-0.13899543269403974,1.1534817739768155,5,1.0,5,0.8,0.2,0.8,0,0.0
C_LOGISTIC_REGRESSION,2,lack,textual,coefficient,0.5601498730358199,0.5229389143299957,0.40711215162137165,0.5601498730358199,0.19231997340159543,1.4712291665058692,5,1.0,5,1.0,0.0,1.0,0,0.0
C_LOGISTIC_REGRESSION,2,music,textual,coefficient,-0.5592620518084856,0.3455663818074687,-0.5736367861981208,0.5592620518084856,-0.9772683838121653,-0.1457463664622858,5,1.0,5,0.0,1.0,1.0,0,0.0
C_LOGISTIC_REGRESSION,2,difficulty,textual,coefficient,0.5545204749856673,0.5002590231481987,0.7567461801799056,0.5559862394923961,-0.0036644112668221974,1.0524988643392286,5,1.0,5,0.8,0.2,0.8,0,0.0
C_LOGISTIC_REGRESSION,2,interesting,textual,coefficient,-0.5547520785534104,0.7596324091060876,0.0,0.5547520785534104,-1.391439412999631,0.0,2,0.4,2,0.0,0.4,1.0,0,0.0
C_LOGISTIC_REGRESSION,2,late,textual,coefficient,0.5499492738497639,0.33275163050442563,0.6473227913690652,0.5499492738497639,0.05421758551070835,0.9068823717923808,5,1.0,5,1.0,0.0,1.0,0,0.0
C_LOGISTIC_REGRESSION,2,bit,textual,coefficient,0.5482884158802779,0.3702408895693676,0.5549749898191102,0.5482884158802779,0.15803279176015267,1.1156551314739889,5,1.0,5,1.0,0.0,1.0,0,0.0
C_LOGISTIC_REGRESSION,2,studies,textual,coefficient,0.42557392970080715,0.5297635625980197,0.5000855453564438,0.5478442544921138,-0.3056758119782667,1.0088186514279582,5,1.0,5,0.8,0.2,0.8,0,0.0
C_LOGISTIC_REGRESSION,2,signs,textual,coefficient,0.4635706303141706,0.5056646093646069,0.4383798010669841,0.5473291303079887,-0.20939624998454495,1.215391912153122,5,1.0,5,0.8,0.2,0.8,0,0.0
C_LOGISTIC_REGRESSION,2,example,textual,coefficient,-0.5464790883353654,0.6387069290716503,-0.24365699852355835,0.5464790883353654,-1.3783501776992344,0.0,4,0.8,4,0.0,0.8,1.0,0,0.0
C_LOGISTIC_REGRESSION,2,feeling,textual,coefficient,0.41075103109563055,0.6051169999526265,0.25496485755923076,0.5433025036884394,-0.33137868148202204,1.2528517637705772,5,1.0,5,0.8,0.2,0.8,0,0.0
C_LOGISTIC_REGRESSION,2,didn,textual,coefficient,-0.5410587560868122,0.33402999737144173,-0.3264130406839409,0.5410587560868122,-1.046633415214821,-0.2865678714675712,5,1.0,5,0.0,1.0,1.0,0,0.0
C_LOGISTIC_REGRESSION,2,mental,textual,coefficient,0.5383494715762851,0.46452558219782486,0.4883276162461773,0.5383494715762851,0.07347256269692028,1.2785469736335606,5,1.0,5,1.0,0.0,1.0,0,0.0
C_LOGISTIC_REGRESSION,2,emotions,textual,coefficient,-0.5381981869067027,0.2947623292093199,-0.4930220424407521,0.5381981869067027,-0.9890846583622517,-0.23343769804198172,5,1.0,5,0.0,1.0,1.0,0,0.0
C_LOGISTIC_REGRESSION,2,using,textual,coefficient,-0.5342524002245981,0.45647108919541285,-0.7960341325496084,0.5342524002245981,-0.9349784580477966,-0.016635356945052415,5,1.0,5,0.0,1.0,1.0,0,0.0
C_LOGISTIC_REGRESSION,2,protein,textual,coefficient,-0.5335375001849434,0.4014309473246516,-0.4726653356815333,0.5335375001849434,-1.0078279671305321,-0.06871681783433152,5,1.0,5,0.0,1.0,1.0,0,0.0
C_LOGISTIC_REGRESSION,2,issues,textual,coefficient,0.3586296417217977,0.5290546847788864,0.3659265708441722,0.5272737922358208,-0.4216103762850578,1.0368432611680736,5,1.0,5,0.8,0.2,0.8,0,0.0
C_LOGISTIC_REGRESSION,2,impact,textual,coefficient,-0.5271312194361901,0.6256170267671637,-0.31207616708921554,0.5271312194361901,-1.442877041783412,0.0,3,0.6,3,0.0,0.6,1.0,0,0.0
C_LOGISTIC_REGRESSION,2,look,textual,coefficient,0.26736576466142936,0.5954173919529687,0.38968688153910186,0.5252961135073703,-0.6448258721148521,0.922767997280042,5,1.0,5,0.8,0.2,0.8,0,0.0
C_LOGISTIC_REGRESSION,2,condition,textual,coefficient,-0.5156620222792576,0.4813186047498064,-0.7909629399443006,0.5248915229851283,-0.9719168726660175,0.023073751764676728,5,1.0,5,0.2,0.8,0.8,0,0.0
C_LOGISTIC_REGRESSION,2,goes,textual,coefficient,-0.524601543428855,0.44773959895918514,-0.6211941560734303,0.524601543428855,-1.0826063360503881,0.0,4,0.8,4,0.0,0.8,1.0,0,0.0
C_LOGISTIC_REGRESSION,2,minutes,textual,coefficient,0.5195563531715289,0.4119377564955748,0.6630432947975503,0.5203802123997578,-0.002059648070572255,0.9533649436121199,5,1.0,5,0.8,0.2,0.8,0,0.0
C_LOGISTIC_REGRESSION,2,ability,textual,coefficient,-0.5200544203325448,0.6464347710164261,-0.2821938226622344,0.5200544203325448,-1.6462567513259847,0.0,4,0.8,4,0.0,0.8,1.0,0,0.0
C_LOGISTIC_REGRESSION,2,adhd people,textual,coefficient,0.5152386861563204,0.37892815722986767,0.559330211221722,0.5159755783131357,-0.001842230392038347,1.020237639132893,5,1.0,5,0.8,0.2,0.8,0,0.0
C_LOGISTIC_REGRESSION,2,diagnosed,textual,coefficient,0.010621250570305465,0.8062143968457914,0.04571600808250567,0.5159188003612833,-1.2632438744774448,0.9521029604236465,5,1.0,5,0.8,0.2,0.8,0,0.0
C_LOGISTIC_REGRESSION,2,gut,textual,coefficient,-0.5076948352088697,0.38833572016410844,-0.4182289723419054,0.5076948352088697,-1.0354530062862222,0.0,4,0.8,4,0.0,0.8,1.0,0,0.0
C_LOGISTIC_REGRESSION,2,thought,textual,coefficient,-0.5075757227720168,0.419243123863712,-0.3473886972596071,0.5075757227720168,-1.0454368156165712,0.0,4,0.8,4,0.0,0.8,1.0,0,0.0
C_LOGISTIC_REGRESSION,2,day,textual,coefficient,-0.5012454698278891,0.20721468976108684,-0.46118707324601355,0.5012454698278891,-0.7129460749159342,-0.20654961192366483,5,1.0,5,0.0,1.0,1.0,0,0.0
C_LOGISTIC_REGRESSION,2,brains,textual,coefficient,-0.5009050189433084,0.45795310879087286,-0.59827694093411,0.5009050189433084,-1.1622302467572847,-0.04942192347350075,5,1.0,5,0.0,1.0,1.0,0,0.0
C_LOGISTIC_REGRESSION,2,used,textual,coefficient,-0.49970679510385685,0.5467949246287251,-0.36172212981092333,0.49970679510385685,-1.192195729762981,0.0,3,0.6,3,0.0,0.6,1.0,0,0.0
C_LOGISTIC_REGRESSION,2,support,textual,coefficient,-0.49949674394768573,0.5040033710552148,-0.2649518477710789,0.49949674394768573,-1.3134786041410154,-0.08143835650659623,5,1.0,5,0.0,1.0,1.0,0,0.0
C_LOGISTIC_REGRESSION,2,saying,textual,coefficient,-0.4989771106081151,0.38077356899927367,-0.5417629882628373,0.4989771106081151,-0.9748609226948528,-0.09279774721594433,5,1.0,5,0.0,1.0,1.0,0,0.0
C_LOGISTIC_REGRESSION,2,need,textual,coefficient,0.49485390475662855,0.28180027186728,0.43077034111532203,0.49485390475662855,0.1705313298637234,0.9423155197884254,5,1.0,5,1.0,0.0,1.0,0,0.0
C_LOGISTIC_REGRESSION,2,adhders,textual,coefficient,-0.49077015433941096,0.5385347060264172,-0.34359397211703946,0.49077015433941096,-1.1543920451227143,0.0,3,0.6,3,0.0,0.6,1.0,0,0.0
C_LOGISTIC_REGRESSION,2,sugar,textual,coefficient,0.43585118693779085,0.425182560985018,0.3519629469037634,0.4851701921167299,-0.1232975129473475,1.012825369489884,5,1.0,5,0.8,0.2,0.8,0,0.0
C_LOGISTIC_REGRESSION,2,say,textual,coefficient,-0.4824594711323524,0.23950533503261917,-0.45859597491991283,0.4824594711323524,-0.8658548849032428,-0.23172121691634437,5,1.0,5,0.0,1.0,1.0,0,0.0
C_LOGISTIC_REGRESSION,2,second,textual,coefficient,0.4761021379219644,0.4119027155075353,0.36696147373810273,0.48080664624039315,-0.011761270796071878,1.0448321903266033,5,1.0,5,0.8,0.2,0.8,0,0.0
C_LOGISTIC_REGRESSION,2,finally,textual,coefficient,0.47740492618133795,0.3820218382888815,0.4316138958727298,0.47740492618133795,0.0,1.0212704382419635,4,0.8,4,0.8,0.0,1.0,0,0.0
C_LOGISTIC_REGRESSION,2,struggle,textual,coefficient,0.4114738971203347,0.6783534541095959,0.00498302209065026,0.47417883046062786,-0.08304106840515679,1.447125706319626,5,1.0,5,0.6,0.4,0.6,0,0.0
C_LOGISTIC_REGRESSION,2,wait,textual,coefficient,0.47352334251459,0.5765484185429447,0.3924269603309878,0.47352334251459,0.0,1.4035683712820188,3,0.6,3,0.6,0.0,1.0,0,0.0
C_LOGISTIC_REGRESSION,2,regulate,textual,coefficient,0.4702069058219225,0.558973780970296,0.19900183197565505,0.4702069058219225,0.0,1.0812760427382555,3,0.6,3,0.6,0.0,1.0,0,0.0
C_LOGISTIC_REGRESSION,2,real,textual,coefficient,0.40996798569616455,0.3754507044764064,0.6370653751348276,0.4667764028067881,-0.14202104277655903,0.6962536629992903,5,1.0,5,0.8,0.2,0.8,0,0.0
C_LOGISTIC_REGRESSION,2,having,textual,coefficient,-0.4639344333771806,0.3127040092325289,-0.3094185741994496,0.4639344333771806,-0.8769144599334575,-0.2046281839495943,5,1.0,5,0.0,1.0,1.0,0,0.0
C_LOGISTIC_REGRESSION,2,work,textual,coefficient,0.2071098405940809,0.5648800113266483,0.09955314948399142,0.4619551289517859,-0.4107735668707258,0.8952246716374719,5,1.0,5,0.6,0.4,0.6,0,0.0
C_LOGISTIC_REGRESSION,2,distracted,textual,coefficient,0.4616231500865176,0.512197652787917,0.23485339782619968,0.4616231500865176,0.14167155713135146,1.3628224895254781,5,1.0,5,1.0,0.0,1.0,0,0.0
C_LOGISTIC_REGRESSION,2,research,textual,coefficient,-0.45667858271407813,0.5627374901716524,-0.2782122610215274,0.45667858271407813,-1.4461249513994956,-0.03296038909090966,5,1.0,5,0.0,1.0,1.0,0,0.0
C_LOGISTIC_REGRESSION,2,time,textual,coefficient,0.35426796543167877,0.4722372683899844,0.2549652453690894,0.4554373448351566,-0.25292344850869447,1.0220904654426028,5,1.0,5,0.8,0.2,0.8,0,0.0
C_LOGISTIC_REGRESSION,2,impulsive,textual,coefficient,0.4527332824190265,0.2803187790579318,0.389417794507856,0.4527332824190265,0.1523029726627583,0.8592045573759348,5,1.0,5,1.0,0.0,1.0,0,0.0
C_LOGISTIC_REGRESSION,2,years,textual,coefficient,-0.396862799484414,0.5487887373993852,-0.2886994748922846,0.45211783214780576,-1.2831404550074048,0.1381375816584794,5,1.0,5,0.2,0.8,0.8,0,0.0
C_LOGISTIC_REGRESSION,2,sleep,textual,coefficient,0.17034210828714136,0.5644387180354566,0.061140491568440966,0.4510468684455498,-0.5179555941127612,0.7538534535490945,5,1.0,5,0.6,0.4,0.6,0,0.0
C_LOGISTIC_REGRESSION,2,level,textual,coefficient,-0.4474068655611184,0.49848034410374276,-0.20941910413658107,0.4474068655611184,-1.2059231937427757,0.0,4,0.8,4,0.0,0.8,1.0,0,0.0
C_LOGISTIC_REGRESSION,2,don,textual,coefficient,0.373268921725034,0.4541882117494061,0.23956847268618953,0.4472182813389619,-0.18487339903481986,0.963982758710739,5,1.0,5,0.8,0.2,0.8,0,0.0
C_LOGISTIC_REGRESSION,2,know,textual,coefficient,-0.4400936252743829,0.5624365133725783,-0.14000789041338238,0.4400936252743829,-1.4036419789205319,-0.06948007070699758,5,1.0,5,0.0,1.0,1.0,0,0.0
C_LOGISTIC_REGRESSION,2,hours,textual,coefficient,-0.43699407327488016,0.3807331633542477,-0.2575510742795793,0.43699407327488016,-1.083477286001353,-0.15437108456804285,5,1.0,5,0.0,1.0,1.0,0,0.0
C_LOGISTIC_REGRESSION,2,everybody,textual,coefficient,-0.41408752171143526,0.5003655063107235,-0.2958646908204359,0.4345660699452353,-1.2700644329367992,0.05119637058450008,5,1.0,5,0.2,0.8,0.8,0,0.0
C_LOGISTIC_REGRESSION,2,therapy,textual,coefficient,-0.4306790745118663,0.5011615110135544,-0.24753895813787896,0.4306790745118663,-1.1182368497643755,0.0,3,0.6,3,0.0,0.6,1.0,0,0.0
C_LOGISTIC_REGRESSION,2,going,textual,coefficient,-0.4272437887787207,0.2560769247302272,-0.4619741965808986,0.4272437887787207,-0.7788889793690614,-0.15650419271926036,5,1.0,5,0.0,1.0,1.0,0,0.0
C_LOGISTIC_REGRESSION,2,self,textual,coefficient,0.11511514648488272,0.5742042342137114,0.12438906536922986,0.42594486304328444,-0.40620157144529895,1.009584694936837,5,1.0,5,0.6,0.4,0.6,0,0.0
C_LOGISTIC_REGRESSION,2,feel,textual,coefficient,-0.3212514014206247,0.425736762514353,-0.26089227622695726,0.4227259163840696,-0.9216468027676492,0.25368628740861204,5,1.0,5,0.2,0.8,0.8,0,0.0
C_LOGISTIC_REGRESSION,2,know adhd,textual,coefficient,-0.4203661879390655,0.5692026899273733,-0.356756002046155,0.4203661879390655,-1.3871185385758698,0.0,3,0.6,3,0.0,0.6,1.0,0,0.0
C_LOGISTIC_REGRESSION,2,normal,textual,coefficient,-0.41893596675649614,0.49359738721601426,-0.4073989935843932,0.41893596675649614,-1.2060338437794034,0.0,3,0.6,3,0.0,0.6,1.0,0,0.0
C_LOGISTIC_REGRESSION,2,means,textual,coefficient,0.4155344896467561,0.4392266757789493,0.20302620968040305,0.4155344896467561,0.018768706245896823,1.0611976177930402,5,1.0,5,1.0,0.0,1.0,0,0.0
C_LOGISTIC_REGRESSION,2,parents,textual,coefficient,0.41457883889826774,0.5876839101499498,0.0,0.41457883889826774,0.0,1.2514150140725395,2,0.4,2,0.4,0.0,1.0,0,0.0
C_LOGISTIC_REGRESSION,2,highly,textual,coefficient,0.41241860238858613,0.3177558601233743,0.39320557712193804,0.41241860238858613,0.0,0.8915341353363845,4,0.8,4,0.8,0.0,1.0,0,0.0
C_LOGISTIC_REGRESSION,2,um,textual,coefficient,-0.4122433858026241,0.4018694949578142,-0.25002583874855855,0.4122433858026241,-0.9116171465238211,0.0,4,0.8,4,0.0,0.8,1.0,0,0.0
C_LOGISTIC_REGRESSION,2,children,textual,coefficient,0.37175935535223364,0.3410528169638089,0.28521740839644344,0.40621110556757367,-0.08612937553835019,0.7460804274786356,5,1.0,5,0.8,0.2,0.8,0,0.0
C_LOGISTIC_REGRESSION,2,lot people,textual,coefficient,-0.40523930345619447,0.3043908868005964,-0.32386333890794694,0.40523930345619447,-0.7274746479495088,0.0,4,0.8,4,0.0,0.8,1.0,0,0.0
C_LOGISTIC_REGRESSION,2,memory,textual,coefficient,0.12489225427113211,0.4669529299974825,0.3503868811809394,0.40217042438955,-0.5858619593953895,0.5328253965750877,5,1.0,5,0.6,0.4,0.6,0,0.0
C_LOGISTIC_REGRESSION,2,mean,textual,coefficient,0.4005837315349245,0.31270672092174,0.2574092725123593,0.4005837315349245,0.055750448271427944,0.7548362067737272,5,1.0,5,1.0,0.0,1.0,0,0.0
C_LOGISTIC_REGRESSION,2,experience,textual,coefficient,-0.18481960879499543,0.4530337207573376,-0.19225502506214118,0.4001647723855711,-0.6720042680419773,0.28393577411838333,5,1.0,5,0.4,0.6,0.6,0,0.0
C_LOGISTIC_REGRESSION,2,control,textual,coefficient,-0.04730015964486415,0.5356610638354627,0.002529347044395606,0.3973424515492043,-0.8262034333403825,0.5203994796003881,5,1.0,5,0.6,0.4,0.6,0,0.0
C_LOGISTIC_REGRESSION,2,add,textual,coefficient,0.3965634315977426,0.283163116457937,0.2821639352475523,0.3965634315977426,0.11529995120608878,0.7974849451716094,5,1.0,5,1.0,0.0,1.0,0,0.0
C_LOGISTIC_REGRESSION,2,tend,textual,coefficient,-0.39470151445835316,0.30646743855496633,-0.3100237592744616,0.39470151445835316,-0.8370325363978344,-0.09536910107376761,5,1.0,5,0.0,1.0,1.0,0,0.0
C_LOGISTIC_REGRESSION,2,try,textual,coefficient,0.3915133984514211,0.4013408944770892,0.23473237303854638,0.3915133984514211,0.05159182876828521,1.0276817992508254,5,1.0,5,1.0,0.0,1.0,0,0.0
C_LOGISTIC_REGRESSION,2,medications,textual,coefficient,-0.10242719008047985,0.5691878369056532,0.1239474913680013,0.3882005924560227,-1.0638081546461735,0.3106855220543662,5,1.0,5,0.6,0.4,0.6,0,0.0
C_LOGISTIC_REGRESSION,2,brain,textual,coefficient,-0.08770398415050733,0.582846954315581,0.013339754968941898,0.38356179829735126,-1.0560620505981908,0.40308304617997803,5,1.0,5,0.6,0.4,0.6,0,0.0
C_LOGISTIC_REGRESSION,2,school,textual,coefficient,-0.38140356204994263,0.47697325249000133,-0.17155694106901134,0.38140356204994263,-1.1846782980350772,-0.036194031122570546,5,1.0,5,0.0,1.0,1.0,0,0.0
C_LOGISTIC_REGRESSION,2,oh,textual,coefficient,-0.3800538982227388,0.34184733168000553,-0.27191174240613686,0.3800538982227388,-0.9649286924678421,-0.09907799595280826,5,1.0,5,0.0,1.0,1.0,0,0.0
C_LOGISTIC_REGRESSION,2,getting,textual,coefficient,0.3454519733691322,0.5714816185548877,0.06308681792544941,0.3794818944494095,-0.08507480270069318,1.3101928675501067,5,1.0,5,0.8,0.2,0.8,0,0.0
C_LOGISTIC_REGRESSION,2,study,textual,coefficient,-0.3773140799414179,0.33394277004026995,-0.23900852648750553,0.3773140799414179,-0.8024849026937166,-0.07858007385558156,5,1.0,5,0.0,1.0,1.0,0,0.0
C_LOGISTIC_REGRESSION,2,feel like,textual,coefficient,-0.3734524050899344,0.3284896042071901,-0.31880573298411047,0.3734524050899344,-0.9355937847882194,-0.1151037571799282,5,1.0,5,0.0,1.0,1.0,0,0.0
C_LOGISTIC_REGRESSION,2,easily,textual,coefficient,-0.3713365192772808,0.222080063045291,-0.2544871071713882,0.3713365192772808,-0.7096605186300479,-0.16517709249447035,5,1.0,5,0.0,1.0,1.0,0,0.0
C_LOGISTIC_REGRESSION,2,talking,textual,coefficient,0.3694721354836673,0.3398227669310815,0.21357999528908547,0.3694721354836673,0.0710134860867022,0.8522890339362049,5,1.0,5,1.0,0.0,1.0,0,0.0
C_LOGISTIC_REGRESSION,2,strategies,textual,coefficient,0.36622141816327314,0.5092938689141125,0.0,0.36622141816327314,0.0,1.041321240470605,2,0.4,2,0.4,0.0,1.0,0,0.0
C_LOGISTIC_REGRESSION,2,point,textual,coefficient,-0.3661165986342971,0.33292397271407065,-0.21040208375695935,0.3661165986342971,-0.8267775184259627,0.0,4,0.8,4,0.0,0.8,1.0,0,0.0
C_LOGISTIC_REGRESSION,2,views_within_platform_percentile,engagement_or_format,coefficient,-0.33418021677723797,0.5771860275628993,-0.0847410920135487,0.3614165365779725,-1.3487612047043498,0.06809079950183622,5,1.0,5,0.2,0.8,0.8,0,0.0
C_LOGISTIC_REGRESSION,2,sensitive,textual,coefficient,-0.36014516264433666,0.4772769261905123,-0.2204658288022071,0.36014516264433666,-1.19318039634726,-0.019130202761817792,5,1.0,5,0.0,1.0,1.0,0,0.0
C_LOGISTIC_REGRESSION,2,taking,textual,coefficient,-0.24840108007850875,0.37077062015115464,-0.3131018762973816,0.3542151234907845,-0.629877397353848,0.2065302488964964,5,1.0,5,0.4,0.6,0.6,0,0.0
C_LOGISTIC_REGRESSION,2,family,textual,coefficient,-0.3524760006317202,0.6956427061851047,0.0,0.3524760006317202,-1.5896672828008478,0.0,2,0.4,2,0.0,0.4,1.0,0,0.0
C_LOGISTIC_REGRESSION,2,okay,textual,coefficient,-0.348623067597752,0.4158300559089829,-0.2682750814932876,0.348623067597752,-1.046502158455396,-0.022086879592495997,5,1.0,5,0.0,1.0,1.0,0,0.0
C_LOGISTIC_REGRESSION,2,meds,textual,coefficient,-0.3473527556843783,0.5497617903257435,-0.20011225215496822,0.3473527556843783,-1.3121676145776835,0.0,3,0.6,3,0.0,0.6,1.0,0,0.0
C_LOGISTIC_REGRESSION,2,new,textual,coefficient,-0.3389258050794127,0.30377649865373135,-0.31207348874587376,0.3451311891964334,-0.6846824711937697,0.01551346029255158,5,1.0,5,0.2,0.8,0.8,0,0.0
C_LOGISTIC_REGRESSION,2,like,textual,coefficient,-0.23362862611648913,0.36141083067274415,-0.24215457893991166,0.3444357605605627,-0.7422084817454964,0.2770178361101839,5,1.0,5,0.2,0.8,0.8,0,0.0
C_LOGISTIC_REGRESSION,2,fucking,textual,coefficient,-0.3436031031641495,0.3948917858264354,-0.2348445427579037,0.3436031031641495,-0.9133753663871206,0.0,3,0.6,3,0.0,0.6,1.0,0,0.0
C_LOGISTIC_REGRESSION,2,food,textual,coefficient,-0.30479351845432384,0.3660477145486526,-0.23988972612479992,0.341263378780802,-0.8905129636786963,0.09117465081619532,5,1.0,5,0.2,0.8,0.8,0,0.0
C_LOGISTIC_REGRESSION,2,helps,textual,coefficient,0.11989634316573938,0.37136391048486805,0.2641131674800902,0.3410462222693216,-0.32719134373899766,0.4695119017189692,5,1.0,5,0.6,0.4,0.6,0,0.0
C_LOGISTIC_REGRESSION,2,deficit,textual,coefficient,0.34091065442058166,0.1274067306209697,0.3783860034592713,0.34091065442058166,0.13817891402670576,0.4553348521022741,5,1.0,5,1.0,0.0,1.0,0,0.0
C_LOGISTIC_REGRESSION,2,comments_within_platform_percentile,engagement_or_format,coefficient,0.09451107535686919,0.4271718015140965,0.3246645281431023,0.34060405892631007,-0.6152324589236022,0.39123630514579283,5,1.0,5,0.8,0.2,0.8,0,0.0
C_LOGISTIC_REGRESSION,2,better,textual,coefficient,-0.21459912573016457,0.504560961133048,-0.1112878331852425,0.33905358387353934,-1.0672374233606994,0.21272307108039834,5,1.0,5,0.4,0.6,0.6,0,0.0
C_LOGISTIC_REGRESSION,2,adhd,textual,coefficient,0.3152775911116918,0.241216226540786,0.29806862310715593,0.3385190460209803,-0.05810363727322126,0.5677786514855261,5,1.0,5,0.8,0.2,0.8,0,0.0
C_LOGISTIC_REGRESSION,2,gonna,textual,coefficient,-0.33816967897504285,0.3745512657100832,-0.21724685833191185,0.33816967897504285,-0.7376130994979198,0.0,3,0.6,3,0.0,0.6,1.0,0,0.0
C_LOGISTIC_REGRESSION,2,start,textual,coefficient,0.2764141067360317,0.3092555675166022,0.2773452753224577,0.3374156931652027,-0.15250396607292746,0.6134444269442515,5,1.0,5,0.8,0.2,0.8,0,0.0
C_LOGISTIC_REGRESSION,2,inattentive,textual,coefficient,-0.337126636842357,0.33501395211778995,-0.27846891905120885,0.337126636842357,-0.8945312926055649,0.0,4,0.8,4,0.0,0.8,1.0,0,0.0
C_LOGISTIC_REGRESSION,2,women,textual,coefficient,-0.2648356309091108,0.5331566607014674,-0.06900487567599375,0.33417195659630045,-1.1872701611020648,0.09439680437500697,5,1.0,5,0.4,0.6,0.6,0,0.0
C_LOGISTIC_REGRESSION,2,doing,textual,coefficient,-0.33161750921660554,0.18133386463910103,-0.2366026509717929,0.33161750921660554,-0.596137011715466,-0.16827306762108657,5,1.0,5,0.0,1.0,1.0,0,0.0
C_LOGISTIC_REGRESSION,2,kids,textual,coefficient,-0.2922547166302508,0.45009510764368205,-0.07026175900250184,0.3297371274727935,-0.9897917148875983,0.08832515363717425,5,1.0,5,0.4,0.6,0.6,0,0.0
C_LOGISTIC_REGRESSION,2,big,textual,coefficient,-0.32547071356575097,0.11463672371253167,-0.3989529670075183,0.32547071356575097,-0.4015600083667026,-0.14016303223707122,5,1.0,5,0.0,1.0,1.0,0,0.0
C_LOGISTIC_REGRESSION,2,ways,textual,coefficient,0.07482468226147244,0.41049260252360886,-0.12356948965940535,0.3249740968966205,-0.3065168597528959,0.6658120284918375,5,1.0,5,0.4,0.6,0.6,0,0.0
C_LOGISTIC_REGRESSION,2,job,textual,coefficient,0.3041380813161741,0.41025109419557904,0.23924105672366852,0.32473396594250065,-0.05148971156581637,0.9726336691528615,4,0.8,4,0.6,0.2,0.75,0,0.0
C_LOGISTIC_REGRESSION,2,affect,textual,coefficient,-0.32188619032931315,0.3100357026704365,-0.3751976109736219,0.32188619032931315,-0.6242905274000902,0.0,3,0.6,3,0.0,0.6,1.0,0,0.0
C_LOGISTIC_REGRESSION,2,burnout,textual,coefficient,-0.3182924884413591,0.1493578527075084,-0.35970836102234555,0.3182924884413591,-0.49841616362713426,-0.11944026194127955,5,1.0,5,0.0,1.0,1.0,0,0.0
C_LOGISTIC_REGRESSION,2,fact,textual,coefficient,0.3167508300485952,0.2436331730774658,0.2329143674371264,0.3167508300485952,0.10366924936603625,0.7273001123564306,5,1.0,5,1.0,0.0,1.0,0,0.0
C_LOGISTIC_REGRESSION,2,calm,textual,coefficient,-0.30215891213380236,0.3527127992063854,-0.22230044809704658,0.31463405069407946,-0.8093571068327204,0.031187846400692727,5,1.0,5,0.2,0.8,0.8,0,0.0
C_LOGISTIC_REGRESSION,2,eating,textual,coefficient,0.31430064787719864,0.17320722448070613,0.289776025367132,0.31430064787719864,0.11960869820435001,0.5245262590867752,5,1.0,5,1.0,0.0,1.0,0,0.0
C_LOGISTIC_REGRESSION,2,behavior,textual,coefficient,0.2634728229713561,0.273732123406849,0.2655003622727758,0.3141100915258151,-0.12659317138614745,0.5656899500535538,5,1.0,5,0.8,0.2,0.8,0,0.0
C_LOGISTIC_REGRESSION,2,constant,textual,coefficient,-0.3112780924735401,0.2787228833606585,-0.2573759980004755,0.3112780924735401,-0.7574799982216494,0.0,4,0.8,4,0.0,0.8,1.0,0,0.0
C_LOGISTIC_REGRESSION,2,typically,textual,coefficient,-0.308956264275314,0.6908472089939919,0.0,0.308956264275314,-1.54478132137657,0.0,1,0.2,1,0.0,0.2,1.0,0,0.0
C_LOGISTIC_REGRESSION,2,levels,textual,coefficient,0.21644965985743583,0.36609078431987147,0.12247688682078986,0.3070776183441874,-0.226569896216879,0.6055150801393006,4,0.8,4,0.6,0.2,0.75,0,0.0
C_LOGISTIC_REGRESSION,2,yeah,textual,coefficient,-0.045599387136801874,0.3954963944145099,-0.09031936677881272,0.3046813627487996,-0.6005686953124384,0.4318079634768093,5,1.0,5,0.4,0.6,0.6,0,0.0
C_LOGISTIC_REGRESSION,2,activities,textual,coefficient,-0.29841195763944983,0.2934815503524704,-0.3261665047656808,0.29841195763944983,-0.6261670124552856,0.0,3,0.6,3,0.0,0.6,1.0,0,0.0
C_LOGISTIC_REGRESSION,2,different,textual,coefficient,-0.1001423119166797,0.37634429354465826,-0.18451021781515017,0.294960832885848,-0.5724729983257804,0.44729898454073563,5,1.0,5,0.4,0.6,0.6,0,0.0
C_LOGISTIC_REGRESSION,2,looking,textual,coefficient,0.2930582579360165,0.2528925237194022,0.2383091640941867,0.2930582579360165,0.0,0.6908461493798451,4,0.8,4,0.8,0.0,1.0,0,0.0
C_LOGISTIC_REGRESSION,2,likely,textual,coefficient,-0.14577386250253083,0.4501811018765317,-0.006669546626990699,0.29044102141635797,-0.8637119377657879,0.34963711983404144,5,1.0,5,0.4,0.6,0.6,0,0.0
C_LOGISTIC_REGRESSION,2,ve got,textual,coefficient,-0.28422358341534326,0.3332667935749173,-0.14242358447972422,0.28422358341534326,-0.8670705725723744,-0.04597008488805661,5,1.0,5,0.0,1.0,1.0,0,0.0
C_LOGISTIC_REGRESSION,2,does,textual,coefficient,-0.00553401044448214,0.3593490439892369,0.05242206010418858,0.28337376774521295,-0.5010809082742845,0.38325652968009566,5,1.0,5,0.6,0.4,0.6,0,0.0
C_LOGISTIC_REGRESSION,2,tell,textual,coefficient,0.27652954367884863,0.40431181693611135,0.09473981482648805,0.282822983679769,-0.015733600002301083,0.978360880462667,5,1.0,5,0.8,0.2,0.8,0,0.0
C_LOGISTIC_REGRESSION,2,days,textual,coefficient,0.27943953732055193,0.6248458010498436,0.0,0.27943953732055193,0.0,1.3971976866027598,1,0.2,1,0.2,0.0,1.0,0,0.0
C_LOGISTIC_REGRESSION,2,absolutely,textual,coefficient,-0.27411482460030584,0.5509827540956286,0.0,0.27411482460030584,-1.25571933322581,0.0,2,0.4,2,0.0,0.4,1.0,0,0.0
C_LOGISTIC_REGRESSION,2,adhd medication,textual,coefficient,0.14632628631554181,0.320691012045898,0.23559660139311572,0.27243107396329325,-0.31526196911937854,0.5368556691173809,4,0.8,4,0.6,0.2,0.75,0,0.0
C_LOGISTIC_REGRESSION,2,exercise,textual,coefficient,-0.2720603861366001,0.28095370509821316,-0.16796366304784285,0.2720603861366001,-0.5769381574895521,0.0,4,0.8,4,0.0,0.8,1.0,0,0.0
C_LOGISTIC_REGRESSION,2,risk,textual,coefficient,0.27101302961404006,0.6060035570051572,0.0,0.27101302961404006,0.0,1.3550651480702003,1,0.2,1,0.2,0.0,1.0,0,0.0
C_LOGISTIC_REGRESSION,2,social,textual,coefficient,-0.009251061417196282,0.4013271487206249,0.13531602800248507,0.2701013335459699,-0.6871011755933225,0.35986919535326833,5,1.0,5,0.6,0.4,0.6,0,0.0
C_LOGISTIC_REGRESSION,2,completely,textual,coefficient,-0.26990695351677757,0.21862554555918035,-0.18991528752432157,0.26990695351677757,-0.5552416720594441,0.0,4,0.8,4,0.0,0.8,1.0,0,0.0
C_LOGISTIC_REGRESSION,2,working,textual,coefficient,-0.07888660450745306,0.3282617095556603,-0.1688674480656528,0.2682565755731076,-0.35130349805131167,0.47342492766413635,5,1.0,5,0.2,0.8,0.8,0,0.0
C_LOGISTIC_REGRESSION,2,stimulation,textual,coefficient,-0.2650080284236487,0.3423751128144952,-0.13597727116516073,0.2650080284236487,-0.8120217494341783,0.0,3,0.6,3,0.0,0.6,1.0,0,0.0
C_LOGISTIC_REGRESSION,2,order,textual,coefficient,0.26120283745964334,0.29232415181183685,0.159887424191555,0.26120283745964334,0.0,0.5901071992828841,3,0.6,3,0.6,0.0,1.0,0,0.0
C_LOGISTIC_REGRESSION,2,norepinephrine,textual,coefficient,-0.25914645371285877,0.579469086629955,0.0,0.25914645371285877,-1.2957322685642938,0.0,1,0.2,1,0.0,0.2,1.0,0,0.0
C_LOGISTIC_REGRESSION,2,short,textual,coefficient,0.24055177323214308,0.33186682638220977,0.09209618665378283,0.2591076119060547,-0.046389596684779016,0.7364018053797753,4,0.8,4,0.6,0.2,0.75,0,0.0
C_LOGISTIC_REGRESSION,2,impulsivity,textual,coefficient,-0.2547916257545772,0.21687858263210202,-0.2526174124974625,0.2547916257545772,-0.5355421001560682,-0.04162239420783385,5,1.0,5,0.0,1.0,1.0,0,0.0
C_LOGISTIC_REGRESSION,2,want,textual,coefficient,-0.10120895917735533,0.28063304952420554,-0.11843904488217122,0.24601443768889944,-0.42179955145245396,0.20650576794350767,5,1.0,5,0.4,0.6,0.6,0,0.0
C_LOGISTIC_REGRESSION,2,open,textual,coefficient,0.24596472344392098,0.35191481138783537,0.0,0.24596472344392098,0.0,0.759196768074067,2,0.4,2,0.4,0.0,1.0,0,0.0
C_LOGISTIC_REGRESSION,2,seven,textual,coefficient,0.24384557267310872,0.2504228171584526,0.21919948004535242,0.24384557267310872,0.0,0.6468763313640227,4,0.8,4,0.8,0.0,1.0,0,0.0
C_LOGISTIC_REGRESSION,2,great,textual,coefficient,-0.07249114734058076,0.35162551920593155,0.023168979256603956,0.24377751354466431,-0.5964620442484957,0.35216337139838855,5,1.0,5,0.6,0.4,0.6,0,0.0
C_LOGISTIC_REGRESSION,2,medication,textual,coefficient,-0.05714690443879046,0.2933358005470219,-0.1871975097254942,0.24283967057879932,-0.2280163699816793,0.4642319153500221,5,1.0,5,0.2,0.8,0.8,0,0.0
C_LOGISTIC_REGRESSION,2,half,textual,coefficient,-0.23947246025452365,0.5354766998682315,0.0,0.23947246025452365,-1.1973623012726182,0.0,1,0.2,1,0.0,0.2,1.0,0,0.0
C_LOGISTIC_REGRESSION,2,bad,textual,coefficient,-0.06622730286734349,0.38559205982025957,0.004102290280586608,0.23941763600879895,-0.6680861012068181,0.4003292933558564,5,1.0,5,0.6,0.4,0.6,0,0.0
C_LOGISTIC_REGRESSION,2,cortex,textual,coefficient,-0.23644645565358519,0.38484660429164447,0.0,0.23644645565358519,-0.885331780633244,0.0,2,0.4,2,0.0,0.4,1.0,0,0.0
C_LOGISTIC_REGRESSION,2,let talk,textual,coefficient,0.23603721923151758,0.527795267421694,0.0,0.23603721923151758,0.0,1.1801860961575878,1,0.2,1,0.2,0.0,1.0,0,0.0
C_LOGISTIC_REGRESSION,2,yes,textual,coefficient,-0.22107451340961992,0.2323500472396571,-0.15859816266508714,0.23480498688838916,-0.5211706589772371,0.034326183696923106,5,1.0,5,0.2,0.8,0.8,0,0.0
C_LOGISTIC_REGRESSION,2,coming,textual,coefficient,-0.23457722774628534,0.5245306272141438,0.0,0.23457722774628534,-1.1728861387314267,0.0,1,0.2,1,0.0,0.2,1.0,0,0.0
C_LOGISTIC_REGRESSION,2,based,textual,coefficient,0.23313015727455735,0.325974955657782,0.030840153180041206,0.23313015727455735,0.0,0.7285548377977131,3,0.6,3,0.6,0.0,1.0,0,0.0
C_LOGISTIC_REGRESSION,2,stuff,textual,coefficient,-0.2297756591061219,0.17882689063686447,-0.24431296852998158,0.2297756591061219,-0.47463301053195406,-0.004250943122550402,5,1.0,5,0.0,1.0,1.0,0,0.0
C_LOGISTIC_REGRESSION,2,relationships,textual,coefficient,-0.22866824607270536,0.16172466033703076,-0.1991355894040916,0.22866824607270536,-0.4261841551530075,0.0,4,0.8,4,0.0,0.8,1.0,0,0.0
C_LOGISTIC_REGRESSION,2,gets,textual,coefficient,-0.22276210992425538,0.34841612320981225,-0.109701887387027,0.22276210992425538,-0.8327199131512596,0.0,4,0.8,4,0.0,0.8,1.0,0,0.0
C_LOGISTIC_REGRESSION,2,nervous,textual,coefficient,-0.02739324038534461,0.3206358358723005,0.1064296449693459,0.2210583282224725,-0.5623050152374044,0.2684457927875887,5,1.0,5,0.6,0.4,0.6,0,0.0
C_LOGISTIC_REGRESSION,2,ll,textual,coefficient,-0.19496634170494653,0.2848039976974501,-0.1323842034482536,0.22065460601874917,-0.657593095706175,0.04724053784892826,5,1.0,5,0.4,0.6,0.6,0,0.0
C_LOGISTIC_REGRESSION,2,phone,textual,coefficient,-0.2068884272654103,0.33381595014307747,-0.021125302886260886,0.21925395851318424,-0.7599552774871261,0.030913828119434848,4,0.8,4,0.2,0.6,0.75,0,0.0
C_LOGISTIC_REGRESSION,2,maybe,textual,coefficient,0.10724477734788022,0.28413826092419936,0.02130235737101348,0.21849793794665642,-0.23734774380782409,0.4578728773028317,5,1.0,5,0.6,0.4,0.6,0,0.0
C_LOGISTIC_REGRESSION,2,somebody,textual,coefficient,0.14504843232098957,0.29805216593264666,0.0,0.21518840862250724,-0.13087338520462338,0.5842672023622763,4,0.8,4,0.4,0.4,0.5,0,0.0
C_LOGISTIC_REGRESSION,2,said,textual,coefficient,0.16718750236695984,0.43983374610532694,0.0,0.21244809996691694,-0.11315149399989277,0.9490890058346919,2,0.4,2,0.2,0.2,0.5,0,0.0
C_LOGISTIC_REGRESSION,2,overwhelmed,textual,coefficient,-0.2122165561125037,0.25119809384809594,-0.12593926000569136,0.2122165561125037,-0.6414000907564675,0.0,4,0.8,4,0.0,0.8,1.0,0,0.0
C_LOGISTIC_REGRESSION,2,making,textual,coefficient,0.004615449527236371,0.3238195582657591,-0.006192139902035231,0.20967535304806556,-0.4652117880609355,0.4379806033453988,5,1.0,5,0.4,0.6,0.6,0,0.0
C_LOGISTIC_REGRESSION,2,doesn,textual,coefficient,0.1741118067417103,0.27386520349145316,0.058388847225707974,0.20947579187117443,-0.0884099628236603,0.6158897691392918,5,1.0,5,0.8,0.2,0.8,0,0.0
C_LOGISTIC_REGRESSION,2,don know,textual,coefficient,-0.0959126811950732,0.3366664452252349,0.0,0.2089154226454628,-0.6716061124388324,0.15197257026426314,4,0.8,4,0.4,0.4,0.5,0,0.0
C_LOGISTIC_REGRESSION,2,struggling,textual,coefficient,0.14593444005851647,0.20968150559653656,0.13991149813130696,0.20835939431503564,-0.15606238564129798,0.42797290123336046,5,1.0,5,0.8,0.2,0.8,0,0.0
C_LOGISTIC_REGRESSION,2,starting,textual,coefficient,-0.2045286152564373,0.45733988705729445,0.0,0.2045286152564373,-1.0226430762821865,0.0,1,0.2,1,0.0,0.2,1.0,0,0.0
C_LOGISTIC_REGRESSION,2,thinking,textual,coefficient,0.20355504518145398,0.2745915182289473,0.1005540032105476,0.20355504518145398,0.0,0.6561160497328903,3,0.6,3,0.6,0.0,1.0,0,0.0
C_LOGISTIC_REGRESSION,2,regulation,textual,coefficient,-0.011207354764795629,0.2921578098046903,0.008719481249488436,0.20275412405722829,-0.47545318435481465,0.26562969746006576,5,1.0,5,0.6,0.4,0.6,0,0.0
C_LOGISTIC_REGRESSION,2,world,textual,coefficient,-0.06995075879936788,0.25970897838164597,-0.07483366141868773,0.20064967658096883,-0.3813105745034525,0.3267472944540024,5,1.0,5,0.2,0.8,0.8,0,0.0
C_LOGISTIC_REGRESSION,2,task,textual,coefficient,-0.04280921044163112,0.31551137614774827,0.1160997778833546,0.1996908299717678,-0.596358500662994,0.14084576179634875,5,1.0,5,0.6,0.4,0.6,0,0.0
C_LOGISTIC_REGRESSION,2,body,textual,coefficient,-0.03488778860154942,0.3018839925514584,0.03064302972969589,0.1991753117537321,-0.5437820719124409,0.19466857040793728,5,1.0,5,0.6,0.4,0.6,0,0.0
C_LOGISTIC_REGRESSION,2,hear,textual,coefficient,-0.19841808606046268,0.3248420309958119,-0.06718722144493038,0.19841808606046268,-0.7766488863235752,0.0,4,0.8,4,0.0,0.8,1.0,0,0.0
C_LOGISTIC_REGRESSION,2,realize,textual,coefficient,-0.19585774240811588,0.2811812332970599,0.0,0.19585774240811588,-0.6091216119621496,0.0,2,0.4,2,0.0,0.4,1.0,0,0.0
C_LOGISTIC_REGRESSION,2,effective,textual,coefficient,-0.19564337073621949,0.43747187631337986,0.0,0.19564337073621949,-0.9782168536810975,0.0,1,0.2,1,0.0,0.2,1.0,0,0.0
C_LOGISTIC_REGRESSION,2,executive,textual,coefficient,-0.10033230088995689,0.27409643084056495,-0.040828798435327975,0.19301050979135043,-0.5408151564200064,0.17433698546143542,5,1.0,5,0.4,0.6,0.6,0,0.0
C_LOGISTIC_REGRESSION,2,adhd brain,textual,coefficient,0.1365736771669664,0.1958469541176911,0.19633521175288543,0.19226656675042456,-0.1060473455701734,0.3129397104390904,5,1.0,5,0.6,0.4,0.6,0,0.0
C_LOGISTIC_REGRESSION,2,later,textual,coefficient,-0.18943144153740615,0.13855148709481493,-0.1269443988923836,0.18943144153740615,-0.43247859598009725,-0.10079061340883473,5,1.0,5,0.0,1.0,1.0,0,0.0
C_LOGISTIC_REGRESSION,2,mind,textual,coefficient,-0.13233086548720102,0.2182609170673319,-0.13743154024126175,0.1893849158295962,-0.46140295070190285,0.14263512585598792,5,1.0,5,0.2,0.8,0.8,0,0.0
C_LOGISTIC_REGRESSION,2,20,textual,coefficient,-0.16885350583852046,0.3322161681924385,0.0,0.18662621895886203,-0.7502585026422437,0.044431782800853865,3,0.6,3,0.2,0.4,0.6666666666666666,0,0.0
C_LOGISTIC_REGRESSION,2,works,textual,coefficient,-0.1546895403021789,0.19981040481192813,-0.1479981835960641,0.1845999915884075,-0.46214676099643515,0.07477612821557154,5,1.0,5,0.2,0.8,0.8,0,0.0
C_LOGISTIC_REGRESSION,2,especially,textual,coefficient,-0.11652148259855448,0.29918832062479306,-0.004859550679445491,0.18456471310900033,-0.6267985639448953,0.12931215925024844,5,1.0,5,0.4,0.6,0.6,0,0.0
C_LOGISTIC_REGRESSION,2,pay,textual,coefficient,-0.18411856890740394,0.18559629722234777,-0.1689417070310693,0.18411856890740394,-0.4798599748078287,0.0,4,0.8,4,0.0,0.8,1.0,0,0.0
C_LOGISTIC_REGRESSION,2,present,textual,coefficient,0.17946721580511785,0.40130089427286814,0.0,0.17946721580511785,0.0,0.8973360790255892,1,0.2,1,0.2,0.0,1.0,0,0.0
C_LOGISTIC_REGRESSION,2,differently,textual,coefficient,-0.14363757639368468,0.23282487259977425,-0.002276330028564735,0.16922435863403854,-0.46670596405689296,0.06396695560088464,4,0.8,4,0.2,0.6,0.75,0,0.0
C_LOGISTIC_REGRESSION,2,functioning,textual,coefficient,-0.15158848372252443,0.36388279640020804,0.0,0.16906797333248796,-0.801641142637531,0.0436987240249088,2,0.4,2,0.2,0.2,0.5,0,0.0
C_LOGISTIC_REGRESSION,2,shame,textual,coefficient,-0.16869905503605184,0.37722255480059014,0.0,0.16869905503605184,-0.8434952751802592,0.0,1,0.2,1,0.0,0.2,1.0,0,0.0
C_LOGISTIC_REGRESSION,2,away,textual,coefficient,-0.14984818614558776,0.09893702641908417,-0.19962790228482677,0.14984818614558776,-0.24132039391229668,0.0,4,0.8,4,0.0,0.8,1.0,0,0.0
C_LOGISTIC_REGRESSION,2,sort,textual,coefficient,0.14953492507459062,0.21424902973202878,0.0,0.14953492507459062,0.0,0.4630151780356967,2,0.4,2,0.4,0.0,1.0,0,0.0
C_LOGISTIC_REGRESSION,2,follow,textual,coefficient,-0.1453425564883642,0.0773720830230824,-0.17313587272838374,0.1453425564883642,-0.2301582336361509,-0.04343929595904498,5,1.0,5,0.0,1.0,1.0,0,0.0
C_LOGISTIC_REGRESSION,2,consequences,textual,coefficient,-0.13879440257560577,0.19494976954107465,0.0,0.13879440257560577,-0.4083965274393999,0.0,2,0.4,2,0.0,0.4,1.0,0,0.0
C_LOGISTIC_REGRESSION,2,pay attention,textual,coefficient,0.08729795742884303,0.26977186264840897,0.0,0.13680655867985497,-0.12377150312752988,0.560261290271745,2,0.4,2,0.2,0.2,0.5,0,0.0
C_LOGISTIC_REGRESSION,2,focused,textual,coefficient,-0.13427240956578926,0.30024223529179783,0.0,0.13427240956578926,-0.6713620478289463,0.0,1,0.2,1,0.0,0.2,1.0,0,0.0
C_LOGISTIC_REGRESSION,2,drink,textual,coefficient,-0.13127925526318432,0.21340440671132335,0.0,0.13127925526318432,-0.49084644240184977,0.0,2,0.4,2,0.0,0.4,1.0,0,0.0
C_LOGISTIC_REGRESSION,2,activity,textual,coefficient,0.12021613796208816,0.1480989826833353,0.1250041180002097,0.13029585986181064,-0.025199304749306217,0.34575115274765805,4,0.8,4,0.6,0.2,0.75,0,0.0
C_LOGISTIC_REGRESSION,2,lower,textual,coefficient,-0.07576074360270388,0.24776776211378865,0.0,0.12873298308411213,-0.5112343167170401,0.11162702031698973,3,0.6,3,0.4,0.2,0.6666666666666666,0,0.0
C_LOGISTIC_REGRESSION,2,happens,textual,coefficient,-0.08531633891967348,0.1617177320968931,0.0060290710766040595,0.12271372989485614,-0.2655225424842605,0.07409884000662639,5,1.0,5,0.6,0.4,0.6,0,0.0
C_LOGISTIC_REGRESSION,2,learning,textual,coefficient,-0.11982278891707714,0.19147822207046686,0.0,0.11982278891707714,-0.4391535025684663,0.0,2,0.4,2,0.0,0.4,1.0,0,0.0
C_LOGISTIC_REGRESSION,2,sign,textual,coefficient,0.10816710647841002,0.24186900301518272,0.0,0.10816710647841002,0.0,0.5408355323920501,1,0.2,1,0.2,0.0,1.0,0,0.0
C_LOGISTIC_REGRESSION,2,morning,textual,coefficient,-0.06752450596914136,0.133899644424379,-0.027566009334650303,0.10727064570078222,-0.2105316896024682,0.09936534932910215,4,0.8,4,0.2,0.6,0.75,0,0.0
C_LOGISTIC_REGRESSION,2,quickly,textual,coefficient,-0.10679546712590848,0.1463420226545691,0.0,0.10679546712590848,-0.27487574232672407,0.0,2,0.4,2,0.0,0.4,1.0,0,0.0
C_LOGISTIC_REGRESSION,2,help,textual,coefficient,-0.10058290811024051,0.07105341419988567,-0.09081141071553728,0.10058290811024051,-0.18984124192967947,-0.017892652896374636,5,1.0,5,0.0,1.0,1.0,0,0.0
C_LOGISTIC_REGRESSION,2,working memory,textual,coefficient,-0.04240880055533337,0.13625754818979197,0.0,0.09785131141670139,-0.21115459784280993,0.13860627715342005,3,0.6,3,0.2,0.4,0.6666666666666666,0,0.0
C_LOGISTIC_REGRESSION,2,ask,textual,coefficient,-0.0561905665097468,0.1391614501911569,-0.005611757765205612,0.09594603748081156,-0.2683887648005027,0.09938867742766189,4,0.8,4,0.2,0.6,0.75,0,0.0
C_LOGISTIC_REGRESSION,2,sound,textual,coefficient,-0.09510966140048169,0.1340519725020614,0.0,0.09510966140048169,-0.2826955717719838,0.0,2,0.4,2,0.0,0.4,1.0,0,0.0
C_LOGISTIC_REGRESSION,2,basically,textual,coefficient,-0.0924317404722463,0.20668365497456123,0.0,0.0924317404722463,-0.46215870236123147,0.0,1,0.2,1,0.0,0.2,1.0,0,0.0
C_LOGISTIC_REGRESSION,2,certainty_score,handcrafted_linguistic,coefficient,-0.09172316382725101,0.08443948336487862,-0.051645593502474774,0.09172316382725101,-0.2350481929237759,-0.03267219579831977,5,1.0,5,0.0,1.0,1.0,0,0.0
C_LOGISTIC_REGRESSION,2,chronic,textual,coefficient,0.0916807510892692,0.20500439166384382,0.0,0.0916807510892692,0.0,0.458403755446346,1,0.2,1,0.2,0.0,1.0,0,0.0
C_LOGISTIC_REGRESSION,2,aren,textual,coefficient,0.07999254127773713,0.18562792543196974,0.0,0.08477728792556606,-0.01196186661957232,0.41192457300825797,2,0.4,2,0.2,0.2,0.5,0,0.0
C_LOGISTIC_REGRESSION,2,dysfunction,textual,coefficient,-0.048910461307952104,0.10866345194162241,0.0,0.08211015659424546,-0.1961408626377608,0.04346266968434986,4,0.8,4,0.4,0.4,0.5,0,0.0
C_LOGISTIC_REGRESSION,2,medicine,textual,coefficient,-0.08149817694193803,0.18223546368447938,0.0,0.08149817694193803,-0.4074908847096902,0.0,1,0.2,1,0.0,0.2,1.0,0,0.0
C_LOGISTIC_REGRESSION,2,prefrontal cortex,textual,coefficient,-0.07951039850034194,0.17779065596486193,0.0,0.07951039850034194,-0.3975519925017097,0.0,1,0.2,1,0.0,0.2,1.0,0,0.0
C_LOGISTIC_REGRESSION,2,knowing,textual,coefficient,-0.07767731861494469,0.17369176473292613,0.0,0.07767731861494469,-0.38838659307472345,0.0,1,0.2,1,0.0,0.2,1.0,0,0.0
C_LOGISTIC_REGRESSION,2,single,textual,coefficient,-0.004681927717802315,0.11225653442398341,0.0,0.0763917197550374,-0.1820428934908204,0.11061789143150802,4,0.8,4,0.4,0.4,0.5,0,0.0
C_LOGISTIC_REGRESSION,2,share,textual,coefficient,0.07347640891251209,0.16429824507094842,0.0,0.07347640891251209,0.0,0.3673820445625604,1,0.2,1,0.2,0.0,1.0,0,0.0
C_LOGISTIC_REGRESSION,2,hedge_score,handcrafted_linguistic,coefficient,-0.011354299105477927,0.0913723579879195,-0.018604837052670766,0.07232480350033024,-0.10797177064785925,0.11859857486295348,5,1.0,5,0.4,0.6,0.6,0,0.0
C_LOGISTIC_REGRESSION,2,told,textual,coefficient,0.05766915115010625,0.14832096138718606,0.0,0.07102306548690955,-0.03338478584200826,0.3217305415925395,2,0.4,2,0.2,0.2,0.5,0,0.0
C_LOGISTIC_REGRESSION,2,running,textual,coefficient,0.06823463295807919,0.15257727771401264,0.0,0.06823463295807919,0.0,0.34117316479039594,1,0.2,1,0.2,0.0,1.0,0,0.0
C_LOGISTIC_REGRESSION,2,lots,textual,coefficient,-0.068019922482046,0.15209717049412108,0.0,0.068019922482046,-0.34009961241022996,0.0,1,0.2,1,0.0,0.2,1.0,0,0.0
C_LOGISTIC_REGRESSION,2,difficult,textual,coefficient,-0.06761439973172165,0.15119039405797313,0.0,0.06761439973172165,-0.3380719986586082,0.0,1,0.2,1,0.0,0.2,1.0,0,0.0
C_LOGISTIC_REGRESSION,2,addiction,textual,coefficient,0.06311272313050945,0.09020260953229436,0.0,0.06311272313050945,0.0,0.1943326245656413,2,0.4,2,0.4,0.0,1.0,0,0.0
C_LOGISTIC_REGRESSION,2,mood,textual,coefficient,0.061184449083912185,0.13681258731750237,0.0,0.061184449083912185,0.0,0.3059222454195609,1,0.2,1,0.2,0.0,1.0,0,0.0
C_LOGISTIC_REGRESSION,2,shown,textual,coefficient,-0.05597393181992438,0.12516151651728943,0.0,0.05597393181992438,-0.2798696590996219,0.0,1,0.2,1,0.0,0.2,1.0,0,0.0
C_LOGISTIC_REGRESSION,2,comments,textual,coefficient,-0.05091237449622149,0.11384353026947786,0.0,0.05091237449622149,-0.25456187248110745,0.0,1,0.2,1,0.0,0.2,1.0,0,0.0
C_LOGISTIC_REGRESSION,2,listen,textual,coefficient,-0.04977205977086465,0.11129370902783596,0.0,0.04977205977086465,-0.24886029885432326,0.0,1,0.2,1,0.0,0.2,1.0,0,0.0
C_LOGISTIC_REGRESSION,2,hour,textual,coefficient,-0.04922769219584452,0.11007646612534423,0.0,0.04922769219584452,-0.2461384609792226,0.0,1,0.2,1,0.0,0.2,1.0,0,0.0
C_LOGISTIC_REGRESSION,2,caffeine,textual,coefficient,0.00013420840940019384,0.05635148205229456,-0.0019397114538034013,0.03448625688435376,-0.07098904053068476,0.08655116323438487,4,0.8,4,0.2,0.6,0.75,0,0.0
C_LOGISTIC_REGRESSION,2,shows,textual,coefficient,0.03200233935548734,0.07155940623788651,0.0,0.03200233935548734,0.0,0.1600116967774367,1,0.2,1,0.2,0.0,1.0,0,0.0
C_LOGISTIC_REGRESSION,2,effects,textual,coefficient,0.029791208538648122,0.06661516742428937,0.0,0.029791208538648122,0.0,0.14895604269324061,1,0.2,1,0.2,0.0,1.0,0,0.0
C_LOGISTIC_REGRESSION,2,hyperfocus,textual,coefficient,-0.02952387996448929,0.06601740256014213,0.0,0.02952387996448929,-0.14761939982244646,0.0,1,0.2,1,0.0,0.2,1.0,0,0.0
C_LOGISTIC_REGRESSION,2,lead,textual,coefficient,-0.02633444478609224,0.05888560869141716,0.0,0.02633444478609224,-0.13167222393046119,0.0,1,0.2,1,0.0,0.2,1.0,0,0.0
C_LOGISTIC_REGRESSION,2,definitely,textual,coefficient,0.023393034494561656,0.05230841532983729,0.0,0.023393034494561656,0.0,0.11696517247280828,1,0.2,1,0.2,0.0,1.0,0,0.0
C_LOGISTIC_REGRESSION,2,adhd just,textual,coefficient,0.01734784819274645,0.03879096782232794,0.0,0.01734784819274645,0.0,0.08673924096373226,1,0.2,1,0.2,0.0,1.0,0,0.0
C_LOGISTIC_REGRESSION,2,home,textual,coefficient,-0.016820360657979736,0.03761146983730578,0.0,0.016820360657979736,-0.08410180328989868,0.0,1,0.2,1,0.0,0.2,1.0,0,0.0
C_LOGISTIC_REGRESSION,2,treatment,textual,coefficient,0.007207293270936069,0.018311714139862,0.0,0.012671290055172068,-0.013659991960589996,0.034322840377162975,3,0.6,3,0.4,0.2,0.6666666666666666,0,0.0
C_LOGISTIC_REGRESSION,2,30,textual,coefficient,0.0055169699815136915,0.012336319908490373,0.0,0.0055169699815136915,0.0,0.02758484990756846,1,0.2,1,0.2,0.0,1.0,0,0.0
C_LOGISTIC_REGRESSION,2,turn,textual,coefficient,-0.0028898971345064422,0.0064620064407382586,0.0,0.0028898971345064422,-0.014449485672532212,0.0,1,0.2,1,0.0,0.2,1.0,0,0.0
C_LOGISTIC_REGRESSION,3,just,textual,coefficient,-1.6280171058480852,0.9161843373982802,-1.8464564940479198,1.6280171058480852,-2.5202120631283824,-0.595728449971979,5,1.0,5,0.0,1.0,1.0,5,1.0
C_LOGISTIC_REGRESSION,3,problems,textual,coefficient,-1.467127596053373,0.8329010511055988,-1.9287768346003717,1.467127596053373,-2.1572120745721572,-0.5244400398369862,5,1.0,5,0.0,1.0,1.0,5,1.0
C_LOGISTIC_REGRESSION,3,important,textual,coefficient,1.7539397144346593,1.036213907514093,1.4707233764489642,1.7539397144346593,0.7605440977840556,3.010943353515558,5,1.0,5,1.0,0.0,1.0,4,0.8
C_LOGISTIC_REGRESSION,3,taking,textual,coefficient,1.549237220370379,1.0785151294660735,0.9234716942369562,1.549237220370379,0.4996430983495194,2.8774648366493185,5,1.0,5,1.0,0.0,1.0,4,0.8
C_LOGISTIC_REGRESSION,3,time,textual,coefficient,1.4732785321813697,0.9802951811289928,2.1061432195763756,1.4732785321813697,0.22066055801595744,2.3047616466532728,5,1.0,5,1.0,0.0,1.0,4,0.8
C_LOGISTIC_REGRESSION,3,sleep,textual,coefficient,1.2868210106269402,0.968615951671499,0.6500999945595073,1.2868210106269402,0.5270233820533423,2.4615728120289937,5,1.0,5,1.0,0.0,1.0,4,0.8
C_LOGISTIC_REGRESSION,3,thing,textual,coefficient,1.6483629642844904,1.3107328848452617,1.088702146564549,1.6483629642844904,0.4741915527169734,3.603865221640431,5,1.0,5,1.0,0.0,1.0,3,0.6
C_LOGISTIC_REGRESSION,3,studies,textual,coefficient,-1.494592833201417,0.8959784179580796,-1.8011629442200885,1.494592833201417,-2.3001233116636213,-0.4552027697263037,5,1.0,5,0.0,1.0,1.0,3,0.6
C_LOGISTIC_REGRESSION,3,dopamine,textual,coefficient,1.3821807597305142,0.7148748994192765,1.0022239943245128,1.3821807597305142,0.7123515729747751,2.4300612349817783,5,1.0,5,1.0,0.0,1.0,3,0.6
C_LOGISTIC_REGRESSION,3,helpful,textual,coefficient,1.3580339432400048,0.7483999812169401,1.3954451064559206,1.3580339432400048,0.5061599656558772,2.4129303183976814,5,1.0,5,1.0,0.0,1.0,3,0.6
C_LOGISTIC_REGRESSION,3,isn,textual,coefficient,-1.2624278323242286,0.7430798943952632,-1.1807038167555552,1.2624278323242286,-2.200729065202239,-0.5267174571014681,5,1.0,5,0.0,1.0,1.0,3,0.6
C_LOGISTIC_REGRESSION,3,anger,textual,coefficient,1.0829114077566102,1.0302836261457793,0.5824345060391242,1.0829114077566102,0.0,2.5481665975848133,4,0.8,4,0.8,0.0,1.0,3,0.6
C_LOGISTIC_REGRESSION,3,gut,textual,coefficient,1.0150689401220239,0.7460131422256179,0.9871798992688944,1.0150689401220239,0.0,2.1076186782254096,4,0.8,4,0.8,0.0,1.0,3,0.6
C_LOGISTIC_REGRESSION,3,child,textual,coefficient,0.8337078842757292,0.6194263092615468,0.5590004467022095,0.8337078842757292,0.38185633896561555,1.9023111891845497,5,1.0,5,1.0,0.0,1.0,3,0.6
C_LOGISTIC_REGRESSION,3,food,textual,coefficient,1.4019684979175402,0.9355504451325927,1.3781328121789975,1.4019684979175402,0.3968419685581992,2.4186716624567537,5,1.0,5,1.0,0.0,1.0,2,0.4
C_LOGISTIC_REGRESSION,3,alcohol,textual,coefficient,1.2600464489302012,0.7306789978642337,1.4460006856565424,1.2600464489302012,0.3795527430380495,2.212437615925852,5,1.0,5,1.0,0.0,1.0,2,0.4
C_LOGISTIC_REGRESSION,3,really,textual,coefficient,1.2171797250086436,0.46558664272396744,1.4804611247824275,1.2171797250086436,0.6805703846708104,1.6578766168175139,5,1.0,5,1.0,0.0,1.0,2,0.4
C_LOGISTIC_REGRESSION,3,needs,textual,coefficient,-1.2130247772489935,0.826745907350248,-1.1657385768511526,1.2130247772489935,-2.0743621184611434,-0.32249944645304973,5,1.0,5,0.0,1.0,1.0,2,0.4
C_LOGISTIC_REGRESSION,3,trying,textual,coefficient,1.1848751936253978,0.7652365792392577,1.173565264195106,1.1848751936253978,0.3108676878008337,2.075404738473764,5,1.0,5,1.0,0.0,1.0,2,0.4
C_LOGISTIC_REGRESSION,3,example,textual,coefficient,1.1760376563651118,1.341288426258226,0.49054729823637894,1.1760376563651118,0.0,2.919847641119325,4,0.8,4,0.8,0.0,1.0,2,0.4
C_LOGISTIC_REGRESSION,3,issues,textual,coefficient,0.8959227748213674,0.6515449297803771,0.6981896509173022,0.8959227748213674,0.28878149421125626,1.9750076921302977,5,1.0,5,1.0,0.0,1.0,2,0.4
C_LOGISTIC_REGRESSION,3,people adhd,textual,coefficient,0.7209861747071051,0.8561830425851749,0.628382137634412,0.8365690472682411,-0.28895718140283994,2.0003355382743595,5,1.0,5,0.8,0.2,0.8,2,0.4
C_LOGISTIC_REGRESSION,3,cortex,textual,coefficient,0.5392217751008745,0.9411567057448862,0.0,0.5392217751008745,0.0,2.1734037148774012,2,0.4,2,0.4,0.0,1.0,2,0.4
C_LOGISTIC_REGRESSION,3,remember,textual,coefficient,-1.3304887334042725,0.9009813521895407,-1.6002300153105882,1.3304887334042725,-2.4525175550683715,-0.3525904813316965,5,1.0,5,0.0,1.0,1.0,1,0.2
C_LOGISTIC_REGRESSION,3,symptoms,textual,coefficient,-1.2433521606286644,0.9617770574040138,-0.9132899022566856,1.2433521606286644,-2.807977075651772,-0.46291904383778115,5,1.0,5,0.0,1.0,1.0,1,0.2
C_LOGISTIC_REGRESSION,3,bit,textual,coefficient,1.2150801007969059,0.8307538988873563,1.4808550758542713,1.2150801007969059,0.2946035766605428,2.0949544063432346,5,1.0,5,1.0,0.0,1.0,1,0.2
C_LOGISTIC_REGRESSION,3,relationships,textual,coefficient,1.1722901252162348,0.8988975138731042,1.569389929827727,1.1722901252162348,0.0,2.098054473184812,4,0.8,4,0.8,0.0,1.0,1,0.2
C_LOGISTIC_REGRESSION,3,anxiety,textual,coefficient,-1.138927725812837,0.7280308737555635,-1.117134298937125,1.138927725812837,-2.197537718528699,-0.44017816034897206,5,1.0,5,0.0,1.0,1.0,1,0.2
C_LOGISTIC_REGRESSION,3,sensitive,textual,coefficient,1.1248380878544706,0.6583532667691439,0.8630491758636935,1.1248380878544706,0.4563335217157141,1.8394607119665858,5,1.0,5,1.0,0.0,1.0,1,0.2
C_LOGISTIC_REGRESSION,3,easily,textual,coefficient,-1.082592459922628,0.8547486597395622,-1.0292188712787602,1.082592459922628,-2.423714225325663,-0.3426896528982323,5,1.0,5,0.0,1.0,1.0,1,0.2
C_LOGISTIC_REGRESSION,3,emotional,textual,coefficient,1.0674226770291568,0.8293822991579437,1.2438632688013473,1.0674226770291568,0.17729879849438315,2.090853402173322,5,1.0,5,1.0,0.0,1.0,1,0.2
C_LOGISTIC_REGRESSION,3,called,textual,coefficient,1.0550063995469168,0.9644069245957211,0.49453223736429064,1.0550063995469168,0.34508370608632816,2.5705871062118213,5,1.0,5,1.0,0.0,1.0,1,0.2
C_LOGISTIC_REGRESSION,3,work,textual,coefficient,-1.0307434998912268,0.7339162047232458,-1.2571784282865008,1.0307434998912268,-1.989326037988872,-0.1461625744158127,5,1.0,5,0.0,1.0,1.0,1,0.2
C_LOGISTIC_REGRESSION,3,memory,textual,coefficient,1.0141341384548919,0.599989834866001,1.3088844223465395,1.0141341384548919,0.16400515733977664,1.6244096595442101,5,1.0,5,1.0,0.0,1.0,1,0.2
C_LOGISTIC_REGRESSION,3,helps,textual,coefficient,-0.9190345811610261,0.996161143483602,-0.9068063600704859,0.9530266558042697,-2.3162120816359075,0.08498018660810877,5,1.0,5,0.2,0.8,0.8,1,0.2
C_LOGISTIC_REGRESSION,3,activity,textual,coefficient,0.9427323020224543,0.8688184097759309,0.5298168057388255,0.9427323020224543,0.0,2.0353612237641756,4,0.8,4,0.8,0.0,1.0,1,0.2
C_LOGISTIC_REGRESSION,3,emotions,textual,coefficient,0.9391834488984712,0.6612383629745452,0.8457154183936842,0.9391834488984712,0.24565780670665732,1.9014908619292727,5,1.0,5,1.0,0.0,1.0,1,0.2
C_LOGISTIC_REGRESSION,3,focus,textual,coefficient,-0.9152416434459717,0.8983040956983304,-0.4491464146586406,0.9152416434459717,-2.153645529622772,-0.03608609662162233,5,1.0,5,0.0,1.0,1.0,1,0.2
C_LOGISTIC_REGRESSION,3,protein,textual,coefficient,0.8879586068955858,0.7110546142875847,0.9037164183600829,0.8879586068955858,0.003938631345541453,1.9219200410896857,5,1.0,5,1.0,0.0,1.0,1,0.2
C_LOGISTIC_REGRESSION,3,lower,textual,coefficient,0.8794500218733381,1.0580550894882368,0.46119343336136537,0.8794500218733381,0.0,2.4074105936151464,3,0.6,3,0.6,0.0,1.0,1,0.2
C_LOGISTIC_REGRESSION,3,doesn,textual,coefficient,0.865501098211339,0.9347181929875591,0.6863716080553706,0.865501098211339,0.08206642773500385,2.4472652964920285,5,1.0,5,1.0,0.0,1.0,1,0.2
C_LOGISTIC_REGRESSION,3,point,textual,coefficient,0.832537193200845,0.8522638266941986,0.43238180345834915,0.832537193200845,0.0,2.1727190872314,4,0.8,4,0.8,0.0,1.0,1,0.2
C_LOGISTIC_REGRESSION,3,diagnosis,textual,coefficient,0.5371075950309143,0.7565641149408342,0.4774473340473148,0.7677231080639768,-0.5765387825826562,1.251299472531056,5,1.0,5,0.8,0.2,0.8,1,0.2
C_LOGISTIC_REGRESSION,3,common,textual,coefficient,0.7562695144938325,0.7543613241048889,0.5037192921074216,0.7562695144938325,0.163323871147133,1.96823130304985,5,1.0,5,1.0,0.0,1.0,1,0.2
C_LOGISTIC_REGRESSION,3,able,textual,coefficient,-0.605707875816472,1.0252178967375363,-0.32432816733497016,0.6972606787570848,-2.3932594053883105,0.22888200735153189,5,1.0,5,0.2,0.8,0.8,1,0.2
C_LOGISTIC_REGRESSION,3,lot,textual,coefficient,0.6654546355733804,0.3324319904752403,0.6765402545327254,0.6654546355733804,0.32307020121180774,1.0877140621421626,5,1.0,5,1.0,0.0,1.0,1,0.2
C_LOGISTIC_REGRESSION,3,test,textual,coefficient,0.6236285498764585,0.24423234565195806,0.6646042314880303,0.6236285498764585,0.22228704504505417,0.8895826066712395,5,1.0,5,1.0,0.0,1.0,1,0.2
C_LOGISTIC_REGRESSION,3,normal,textual,coefficient,0.6034985372753197,0.8215806871509336,0.4921452164492394,0.6034985372753197,0.0,2.0009605655575644,3,0.6,3,0.6,0.0,1.0,1,0.2
C_LOGISTIC_REGRESSION,3,drink,textual,coefficient,0.5950324927564032,1.0508452010926548,0.0,0.5950324927564032,0.0,2.4260973587819117,2,0.4,2,0.4,0.0,1.0,1,0.2
C_LOGISTIC_REGRESSION,3,norepinephrine,textual,coefficient,0.5723537222569715,1.2798218301416224,0.0,0.5723537222569715,0.0,2.861768611284857,1,0.2,1,0.2,0.0,1.0,1,0.2
C_LOGISTIC_REGRESSION,3,problem,textual,coefficient,0.40221100876914784,0.4833191954386005,0.4269870592864099,0.529427405972509,-0.31804099300840316,1.0352916218481854,5,1.0,5,0.8,0.2,0.8,1,0.2
C_LOGISTIC_REGRESSION,3,medicine,textual,coefficient,0.4568649743438418,1.0215811391715277,0.0,0.4568649743438418,0.0,2.284324871719209,1,0.2,1,0.2,0.0,1.0,1,0.2
C_LOGISTIC_REGRESSION,3,late,textual,coefficient,0.4412869128899926,0.4285988725324542,0.38891737799028925,0.4412869128899926,0.0037584392248574566,1.061600779278081,5,1.0,5,1.0,0.0,1.0,1,0.2
C_LOGISTIC_REGRESSION,3,difficult,textual,coefficient,0.391945703044713,0.8764172354969245,0.0,0.391945703044713,0.0,1.9597285152235648,1,0.2,1,0.2,0.0,1.0,1,0.2
C_LOGISTIC_REGRESSION,3,chronic,textual,coefficient,-0.10566327702176068,0.2362702701460484,0.0,0.10566327702176068,-0.5283163851088034,0.0,1,0.2,1,0.0,0.2,1.0,1,0.2
C_LOGISTIC_REGRESSION,3,school,textual,coefficient,1.1285633651877007,0.6715904554091364,1.3264263542937431,1.1285633651877007,0.36227929883103654,1.7793229470277896,5,1.0,5,1.0,0.0,1.0,0,0.0
C_LOGISTIC_REGRESSION,3,real,textual,coefficient,-1.0839684887180883,0.6308401405777168,-1.3406473001258314,1.0839684887180883,-1.7301128161929207,-0.3882808621949207,5,1.0,5,0.0,1.0,1.0,0,0.0
C_LOGISTIC_REGRESSION,3,high,textual,coefficient,-1.074581630748482,0.7166216506920883,-1.4652417976186778,1.074581630748482,-1.792440467362984,-0.21192964422085425,5,1.0,5,0.0,1.0,1.0,0,0.0
C_LOGISTIC_REGRESSION,3,ve,textual,coefficient,0.9745485010058296,0.8721871086581605,1.3896912179280936,1.041672577250361,-0.1678101906113281,1.7981117854557858,5,1.0,5,0.8,0.2,0.8,0,0.0
C_LOGISTIC_REGRESSION,3,differently,textual,coefficient,1.0236474232536372,0.7511164181699119,1.430540646775701,1.0236474232536372,0.0,1.7815286461023383,4,0.8,4,0.8,0.0,1.0,0,0.0
C_LOGISTIC_REGRESSION,3,love,textual,coefficient,0.9919804156241611,0.8209253194346323,1.2711824052586946,1.0191313710901668,-0.06787738866501365,1.8394976478758152,5,1.0,5,0.8,0.2,0.8,0,0.0
C_LOGISTIC_REGRESSION,3,children,textual,coefficient,-1.0141578226363055,0.5784623487966177,-1.2081566710432488,1.0141578226363055,-1.6349984996647877,-0.3953017822983302,5,1.0,5,0.0,1.0,1.0,0,0.0
C_LOGISTIC_REGRESSION,3,likely,textual,coefficient,0.9854720087141036,0.7398234237872192,1.0751139974414747,0.9854720087141036,0.16304316746410966,1.9109305458989232,5,1.0,5,1.0,0.0,1.0,0,0.0
C_LOGISTIC_REGRESSION,3,signs,textual,coefficient,0.8448266012564364,0.9041456784565827,1.2746477165190788,0.9721745091941699,-0.31836976984433346,1.8548485037981837,5,1.0,5,0.8,0.2,0.8,0,0.0
C_LOGISTIC_REGRESSION,3,did,textual,coefficient,0.9633464366157106,0.7628442615968574,0.9017571016052867,0.9633464366157106,0.1364928752860595,1.8705676170366103,5,1.0,5,1.0,0.0,1.0,0,0.0
C_LOGISTIC_REGRESSION,3,control,textual,coefficient,0.9582484342625175,0.6309232062161376,1.2537125043352222,0.9582484342625175,0.24227866974840886,1.6211285190636315,5,1.0,5,1.0,0.0,1.0,0,0.0
C_LOGISTIC_REGRESSION,3,information,textual,coefficient,-0.9386529697721097,0.7333183339230634,-1.2584932593477849,0.9386529697721097,-1.7430835170436279,0.0,4,0.8,4,0.0,0.8,1.0,0,0.0
C_LOGISTIC_REGRESSION,3,like,textual,coefficient,-0.9344364272007756,0.6086542161956252,-1.1535387831006907,0.9344364272007756,-1.5295318166022482,-0.15091728144740718,5,1.0,5,0.0,1.0,1.0,0,0.0
C_LOGISTIC_REGRESSION,3,talking,textual,coefficient,0.3049278663649284,1.1897107082413687,0.2720259442985445,0.9244122355280433,-1.5487109229077873,1.5556540087284687,5,1.0,5,0.8,0.2,0.8,0,0.0
C_LOGISTIC_REGRESSION,3,women,textual,coefficient,0.914555677670284,0.7331431380485206,0.6088259129611984,0.914555677670284,0.16015921344403306,1.9684250206709724,5,1.0,5,1.0,0.0,1.0,0,0.0
C_LOGISTIC_REGRESSION,3,motivation,textual,coefficient,-0.9113333053681751,0.6203715497456477,-1.1643595090335095,0.9113333053681751,-1.5970472621879048,-0.16546820757741887,5,1.0,5,0.0,1.0,1.0,0,0.0
C_LOGISTIC_REGRESSION,3,comes,textual,coefficient,0.8795761467587404,0.6157877682285322,1.279538907930835,0.8795761467587404,0.1582102901822041,1.3897762739353634,5,1.0,5,1.0,0.0,1.0,0,0.0
C_LOGISTIC_REGRESSION,3,start,textual,coefficient,-0.7115483884172393,1.0714537536390976,-0.14140498500951082,0.860177338340149,-1.8845352233950063,0.37157237480727423,5,1.0,5,0.2,0.8,0.8,0,0.0
C_LOGISTIC_REGRESSION,3,working,textual,coefficient,-0.8537710745969015,0.7573517314096252,-0.8960578794118002,0.8537710745969015,-1.6686842078960786,-0.0060317712059173075,5,1.0,5,0.0,1.0,1.0,0,0.0
C_LOGISTIC_REGRESSION,3,level,textual,coefficient,0.851852844285476,0.8306925004739555,0.39433079580620567,0.851852844285476,0.0,1.822912662303339,4,0.8,4,0.8,0.0,1.0,0,0.0
C_LOGISTIC_REGRESSION,3,autism,textual,coefficient,-0.8319303909934899,0.8063469623066941,-0.4773447564139388,0.8319303909934899,-1.7227082422712015,-0.08373028478242682,5,1.0,5,0.0,1.0,1.0,0,0.0
C_LOGISTIC_REGRESSION,3,things,textual,coefficient,0.8002550120537599,0.7406438876641414,0.48196674805841,0.8002550120537599,0.11162907952605484,1.836730191501913,5,1.0,5,1.0,0.0,1.0,0,0.0
C_LOGISTIC_REGRESSION,3,burnout,textual,coefficient,-0.7748121849007594,0.4508518792503409,-0.8952250202614337,0.7748121849007594,-1.3654462456182472,-0.3071871518264817,5,1.0,5,0.0,1.0,1.0,0,0.0
C_LOGISTIC_REGRESSION,3,better,textual,coefficient,0.7330050454966017,0.8045027540730698,0.42855314472913153,0.7703122306589802,-0.09326796290594658,1.8863176672492488,5,1.0,5,0.8,0.2,0.8,0,0.0
C_LOGISTIC_REGRESSION,3,way,textual,coefficient,-0.4862181109733033,0.8862941292014784,-0.32478871686476957,0.770150178765872,-1.6165963954671665,0.7098301694814219,5,1.0,5,0.2,0.8,0.8,0,0.0
C_LOGISTIC_REGRESSION,3,term,textual,coefficient,-0.7660989035868102,0.5254801010628761,-1.0003430112314002,0.7660989035868102,-1.2959723945832533,-0.18122485399580404,5,1.0,5,0.0,1.0,1.0,0,0.0
C_LOGISTIC_REGRESSION,3,doing,textual,coefficient,-0.7599293379736649,0.8042118692356545,-0.3001399543332848,0.7599293379736649,-1.7429484188969524,-0.08341387189021544,5,1.0,5,0.0,1.0,1.0,0,0.0
C_LOGISTIC_REGRESSION,3,behavior,textual,coefficient,-0.758358705707732,0.6147968129566337,-0.9345835814582533,0.758358705707732,-1.4093991215922341,-0.011960032253553042,5,1.0,5,0.0,1.0,1.0,0,0.0
C_LOGISTIC_REGRESSION,3,don,textual,coefficient,-0.5464902276665697,0.7853988801454931,-0.4200437022462169,0.7556783587544729,-1.6275439830147838,0.5229703277197583,5,1.0,5,0.2,0.8,0.8,0,0.0
C_LOGISTIC_REGRESSION,3,bad,textual,coefficient,0.7531417193687109,0.505089021665297,0.8127265444419067,0.7531417193687109,0.2158367524133399,1.3081440568738882,5,1.0,5,1.0,0.0,1.0,0,0.0
C_LOGISTIC_REGRESSION,3,best,textual,coefficient,-0.7378729524399827,0.6813358210920667,-0.5816453097426316,0.7378729524399827,-1.7794710586558224,-0.06457013204154674,5,1.0,5,0.0,1.0,1.0,0,0.0
C_LOGISTIC_REGRESSION,3,happens,textual,coefficient,0.5641284356712911,0.6451866266866955,0.5172168648931404,0.720004488114045,-0.38969013110688494,1.3809062345401002,5,1.0,5,0.8,0.2,0.8,0,0.0
C_LOGISTIC_REGRESSION,3,probably,textual,coefficient,0.7184554686947522,0.4550577743016514,0.565957641084238,0.7184554686947522,0.2883942237256653,1.2758888610670267,5,1.0,5,1.0,0.0,1.0,0,0.0
C_LOGISTIC_REGRESSION,3,eat,textual,coefficient,0.6697873083736555,0.61931504006457,1.0304805441104328,0.7121778375098227,-0.10597632284041807,1.1691655403364527,5,1.0,5,0.8,0.2,0.8,0,0.0
C_LOGISTIC_REGRESSION,3,sense,textual,coefficient,0.4705386015095293,0.8394181913962163,0.3046487575762503,0.7040000719233769,-0.583653676034619,1.7401633788568307,5,1.0,5,0.8,0.2,0.8,0,0.0
C_LOGISTIC_REGRESSION,3,kids,textual,coefficient,-0.7017649686278611,0.5317968745159923,-0.6682122175723132,0.7017649686278611,-1.5322888506057615,-0.19388976382743042,5,1.0,5,0.0,1.0,1.0,0,0.0
C_LOGISTIC_REGRESSION,3,people,textual,coefficient,0.6806108725652275,0.7024638217503697,0.31182414298678784,0.7005897299676122,-0.04994714350596153,1.4351367336165215,5,1.0,5,0.8,0.2,0.8,0,0.0
C_LOGISTIC_REGRESSION,3,levels,textual,coefficient,0.6989232888392649,0.5712806319720123,0.7334904288975292,0.6989232888392649,0.0,1.5402388983448085,4,0.8,4,0.8,0.0,1.0,0,0.0
C_LOGISTIC_REGRESSION,3,look,textual,coefficient,-0.6939412804674399,0.38663135166673923,-0.8376514367267666,0.6939412804674399,-1.1150628773664713,-0.2078201400799082,5,1.0,5,0.0,1.0,1.0,0,0.0
C_LOGISTIC_REGRESSION,3,having,textual,coefficient,-0.6835493390289897,0.377275709990566,-0.892656183529052,0.6835493390289897,-1.0365668259645369,-0.2616979930371095,5,1.0,5,0.0,1.0,1.0,0,0.0
C_LOGISTIC_REGRESSION,3,gets,textual,coefficient,0.6773098507666899,0.4987921329182261,0.5380389591092295,0.6773098507666899,0.0,1.1736662075610107,4,0.8,4,0.8,0.0,1.0,0,0.0
C_LOGISTIC_REGRESSION,3,want,textual,coefficient,0.6759567754117768,0.5840381261737443,0.7296159930891131,0.6759567754117768,0.06690240442782061,1.5494643186080466,5,1.0,5,1.0,0.0,1.0,0,0.0
C_LOGISTIC_REGRESSION,3,certain,textual,coefficient,0.672548720615847,0.6870616543354049,0.26933215482366096,0.672548720615847,0.10293150763484982,1.5160650047645463,5,1.0,5,1.0,0.0,1.0,0,0.0
C_LOGISTIC_REGRESSION,3,actually,textual,coefficient,-0.6676771762219468,0.3744684449697738,-0.581643819402067,0.6676771762219468,-1.0474079243164507,-0.17469259364985226,5,1.0,5,0.0,1.0,1.0,0,0.0
C_LOGISTIC_REGRESSION,3,20,textual,coefficient,-0.6669484711836746,0.790431168613001,-0.33499576479852056,0.6669484711836746,-1.7362681743436341,0.0,3,0.6,3,0.0,0.6,1.0,0,0.0
C_LOGISTIC_REGRESSION,3,sit,textual,coefficient,-0.6664335783203628,0.6412078916522281,-0.32292231103373736,0.6664335783203628,-1.7503942517908446,-0.2193361452906058,5,1.0,5,0.0,1.0,1.0,0,0.0
C_LOGISTIC_REGRESSION,3,makes,textual,coefficient,-0.6047832152083694,0.6065192418287868,-0.8245876971244847,0.6586490575347552,-1.1526774072655936,0.13466460581596437,5,1.0,5,0.2,0.8,0.8,0,0.0
C_LOGISTIC_REGRESSION,3,impulsivity,textual,coefficient,-0.6584137876577504,0.5680796617147177,-0.29973603744390437,0.6584137876577504,-1.4667528451603409,-0.18999795306415962,5,1.0,5,0.0,1.0,1.0,0,0.0
C_LOGISTIC_REGRESSION,3,lack,textual,coefficient,-0.6565574690111066,0.32569958873665866,-0.5453347793836897,0.6565574690111066,-1.0763986352814074,-0.34280444516178377,5,1.0,5,0.0,1.0,1.0,0,0.0
C_LOGISTIC_REGRESSION,3,looking,textual,coefficient,-0.6529258704451217,0.5956948137892921,-0.4050002873322484,0.6529258704451217,-1.4221995881870435,0.0,4,0.8,4,0.0,0.8,1.0,0,0.0
C_LOGISTIC_REGRESSION,3,condition,textual,coefficient,0.6375708716281824,0.6938755977512568,0.5916875105699141,0.6505310526362866,-0.02875347475836123,1.5906161163663965,5,1.0,5,0.6,0.4,0.6,0,0.0
C_LOGISTIC_REGRESSION,3,stop,textual,coefficient,-0.6498370380189578,0.47345390083490996,-0.605112630372408,0.6498370380189578,-1.2052659807350736,-0.11183553031543446,5,1.0,5,0.0,1.0,1.0,0,0.0
C_LOGISTIC_REGRESSION,3,understand,textual,coefficient,-0.6496494980189956,0.46742126476666485,-0.5373018369192373,0.6496494980189956,-1.3959451770530626,-0.26842069287650755,5,1.0,5,0.0,1.0,1.0,0,0.0
C_LOGISTIC_REGRESSION,3,means,textual,coefficient,-0.6494469005718756,0.4589062349081332,-0.8154980008518321,0.6494469005718756,-1.1526756419961857,-0.14390921936825513,5,1.0,5,0.0,1.0,1.0,0,0.0
C_LOGISTIC_REGRESSION,3,kind,textual,coefficient,-0.5134503188976424,0.7405014048781428,-0.31289149902437513,0.6399072822331273,-1.7017730652390473,0.3161424083387126,5,1.0,5,0.2,0.8,0.8,0,0.0
C_LOGISTIC_REGRESSION,3,hard,textual,coefficient,0.4337204804860746,0.8398882283167641,-0.11239846612086954,0.6341194403981039,-0.24369750874968496,1.5648176768821032,5,1.0,5,0.4,0.6,0.6,0,0.0
C_LOGISTIC_REGRESSION,3,different,textual,coefficient,0.6098295873866765,0.5940356265665149,0.30773633056450833,0.6098295873866765,0.09391324137579599,1.5019670811865797,5,1.0,5,1.0,0.0,1.0,0,0.0
C_LOGISTIC_REGRESSION,3,forget,textual,coefficient,0.6074583830632833,0.4725465430514485,0.627778708405904,0.6074583830632833,0.031065499496280194,1.150476971219695,5,1.0,5,1.0,0.0,1.0,0,0.0
C_LOGISTIC_REGRESSION,3,stimulants,textual,coefficient,-0.5558699079419208,0.6181021654007516,-0.4087044793900608,0.6014130751985277,-1.3112531659889286,0.11385791814151741,5,1.0,5,0.2,0.8,0.8,0,0.0
C_LOGISTIC_REGRESSION,3,making,textual,coefficient,-0.5990665865459709,0.5198897486532287,-0.4356553694770191,0.5990665865459709,-1.1704486237865448,-0.08398281814181065,5,1.0,5,0.0,1.0,1.0,0,0.0
C_LOGISTIC_REGRESSION,3,based,textual,coefficient,-0.594791704203453,0.7117177433198708,-0.25358971171190375,0.594791704203453,-1.4837632668514755,0.0,3,0.6,3,0.0,0.6,1.0,0,0.0
C_LOGISTIC_REGRESSION,3,struggle,textual,coefficient,0.5912612100646581,0.28765814548375906,0.533768897496456,0.5912612100646581,0.23515997497525978,0.9351030702454642,5,1.0,5,1.0,0.0,1.0,0,0.0
C_LOGISTIC_REGRESSION,3,learning,textual,coefficient,0.5789044986395464,0.8019844105960675,0.0,0.5789044986395464,0.0,1.6193627286787755,2,0.4,2,0.4,0.0,1.0,0,0.0
C_LOGISTIC_REGRESSION,3,low,textual,coefficient,-0.13198366535293132,0.8556221960362791,0.10803860987631173,0.5770659752151399,-1.5215117637971403,0.7483518320210166,5,1.0,5,0.6,0.4,0.6,0,0.0
C_LOGISTIC_REGRESSION,3,tasks,textual,coefficient,-0.5762201747217525,0.35521934112954917,-0.5875785416596725,0.5762201747217525,-1.0085218044303483,-0.20184958666656816,5,1.0,5,0.0,1.0,1.0,0,0.0
C_LOGISTIC_REGRESSION,3,overwhelmed,textual,coefficient,0.5734703883866585,0.6997148467678128,0.11861238934643033,0.5734703883866585,0.0,1.4659319356225626,4,0.8,4,0.8,0.0,1.0,0,0.0
C_LOGISTIC_REGRESSION,3,feeling,textual,coefficient,-0.5674953509245627,0.555534703815715,-0.32141489227391057,0.5674953509245627,-1.5369715682508938,-0.21238896783196276,5,1.0,5,0.0,1.0,1.0,0,0.0
C_LOGISTIC_REGRESSION,3,eating,textual,coefficient,-0.5578157130860479,0.7295535421705931,-0.34724152083478316,0.5578157130860479,-1.8343390444843397,-0.03431257204940061,5,1.0,5,0.0,1.0,1.0,0,0.0
C_LOGISTIC_REGRESSION,3,research,textual,coefficient,-0.5532493336302856,0.6749200048394046,-0.14802667234766392,0.5532493336302856,-1.5598416855466009,-0.04956591211429966,5,1.0,5,0.0,1.0,1.0,0,0.0
C_LOGISTIC_REGRESSION,3,using,textual,coefficient,0.5487496063168162,0.5318589438679542,0.6896375082479879,0.5524311002111812,-0.009203734735912456,1.2162978625680638,5,1.0,5,0.8,0.2,0.8,0,0.0
C_LOGISTIC_REGRESSION,3,thought,textual,coefficient,-0.5505949520157772,0.5662084462396607,-0.30707499285100215,0.5505949520157772,-1.2586762281187447,0.0,4,0.8,4,0.0,0.8,1.0,0,0.0
C_LOGISTIC_REGRESSION,3,number,textual,coefficient,-0.38373724963000305,0.6305331056976309,-0.37379014307293806,0.5463684339658007,-1.235278113108367,0.38403579722254466,5,1.0,5,0.4,0.6,0.6,0,0.0
C_LOGISTIC_REGRESSION,3,ll,textual,coefficient,0.545206515446232,0.5691645748013283,0.38159582332419567,0.545206515446232,0.11850645981096902,1.5185080176746188,5,1.0,5,1.0,0.0,1.0,0,0.0
C_LOGISTIC_REGRESSION,3,parents,textual,coefficient,-0.543351059192436,0.7517721176219977,0.0,0.543351059192436,-1.5107217747039228,0.0,2,0.4,2,0.0,0.4,1.0,0,0.0
C_LOGISTIC_REGRESSION,3,create,textual,coefficient,0.5398578194003789,0.5148575283532157,0.5566688036738634,0.5398578194003789,0.0,1.2544578389459797,4,0.8,4,0.8,0.0,1.0,0,0.0
C_LOGISTIC_REGRESSION,3,neurotypical,textual,coefficient,0.534678358451633,0.30076817122252425,0.49354878431531035,0.534678358451633,0.12738433603215282,0.9677321029645154,5,1.0,5,1.0,0.0,1.0,0,0.0
C_LOGISTIC_REGRESSION,3,impulsive,textual,coefficient,-0.5266667274019377,0.3288281652413449,-0.4680720167582985,0.5266667274019377,-0.9146149425903735,-0.1961404400982305,5,1.0,5,0.0,1.0,1.0,0,0.0
C_LOGISTIC_REGRESSION,3,know,textual,coefficient,-0.371316044540833,0.6044556101338775,-0.14941854015384112,0.5224315719115813,-1.1730208528435995,0.37778881842687084,5,1.0,5,0.2,0.8,0.8,0,0.0
C_LOGISTIC_REGRESSION,3,feel like,textual,coefficient,-0.5202869838163264,0.5317576809984171,-0.3423592293788431,0.5202869838163264,-1.3653291869713131,-0.04476202675765527,5,1.0,5,0.0,1.0,1.0,0,0.0
C_LOGISTIC_REGRESSION,3,increase,textual,coefficient,-0.05288433483158535,0.7257861524282432,0.0,0.5188077443286117,-1.1644513870932125,0.673513044465983,4,0.8,4,0.4,0.4,0.5,0,0.0
C_LOGISTIC_REGRESSION,3,short,textual,coefficient,0.5144512809518658,0.491542654570562,0.2639663202438878,0.5144512809518658,0.0,1.0755550677318084,4,0.8,4,0.8,0.0,1.0,0,0.0
C_LOGISTIC_REGRESSION,3,physical,textual,coefficient,0.44290412323584877,0.6387230364655366,0.15273528043865156,0.5117854468924838,-0.11408214022151718,1.3139908674964669,5,1.0,5,0.6,0.4,0.6,0,0.0
C_LOGISTIC_REGRESSION,3,say,textual,coefficient,-0.5082864670493313,0.2579999686499016,-0.5334157673634449,0.5082864670493313,-0.8296944383017114,-0.2300077614018084,5,1.0,5,0.0,1.0,1.0,0,0.0
C_LOGISTIC_REGRESSION,3,years,textual,coefficient,0.49371817865867496,0.5683271986004319,0.230141553546864,0.5080263669583263,-0.03577047074912815,1.4054304708668797,5,1.0,5,0.8,0.2,0.8,0,0.0
C_LOGISTIC_REGRESSION,3,need,textual,coefficient,0.39596231456130465,0.6700236659186236,-0.059298709433454444,0.507088912201813,-0.15297850806215993,1.1295958376339525,5,1.0,5,0.4,0.6,0.6,0,0.0
C_LOGISTIC_REGRESSION,3,stimulant,textual,coefficient,-0.5039992850071944,0.22506948325975393,-0.5948005963432853,0.5039992850071944,-0.693002208822124,-0.13274149462263152,5,1.0,5,0.0,1.0,1.0,0,0.0
C_LOGISTIC_REGRESSION,3,therapy,textual,coefficient,0.5024829109548012,0.6717432493036609,0.11010867758913935,0.5024829109548012,0.0,1.4924780716390948,3,0.6,3,0.6,0.0,1.0,0,0.0
C_LOGISTIC_REGRESSION,3,music,textual,coefficient,-0.5001527300930974,0.3977285552568825,-0.2880326800758136,0.5001527300930974,-1.0078570407326237,-0.16329534264552623,5,1.0,5,0.0,1.0,1.0,0,0.0
C_LOGISTIC_REGRESSION,3,reason,textual,coefficient,-0.49997631924352975,0.3711406134444573,-0.6897072666161059,0.49997631924352975,-0.8398958458236905,-0.042155073304992484,5,1.0,5,0.0,1.0,1.0,0,0.0
C_LOGISTIC_REGRESSION,3,does,textual,coefficient,0.4963855094450597,0.4049541655316329,0.4078489944711643,0.4963855094450597,0.10566436972963851,1.0177942996591116,5,1.0,5,1.0,0.0,1.0,0,0.0
C_LOGISTIC_REGRESSION,3,try,textual,coefficient,-0.4885167784844338,0.4971632849015789,-0.14920014622664762,0.4885167784844338,-1.1303557109181672,-0.09572665316149463,5,1.0,5,0.0,1.0,1.0,0,0.0
C_LOGISTIC_REGRESSION,3,right,textual,coefficient,-0.4820834369851542,0.33717182237994137,-0.37617586662650915,0.4820834369851542,-1.0139050161209362,-0.20318082828599973,5,1.0,5,0.0,1.0,1.0,0,0.0
C_LOGISTIC_REGRESSION,3,doctor,textual,coefficient,0.3778370841637283,0.6545693665742628,0.034570451534908744,0.4799893969209254,-0.1303775654241645,1.3446427173098565,5,1.0,5,0.6,0.4,0.6,0,0.0
C_LOGISTIC_REGRESSION,3,energy,textual,coefficient,-0.43487905351990885,0.6128876807509277,-0.11207707048741058,0.47081735692994364,-1.3162973555871964,0.05529330645519332,5,1.0,5,0.4,0.6,0.6,0,0.0
C_LOGISTIC_REGRESSION,3,fact,textual,coefficient,-0.32091203644140576,0.4804049402924715,-0.2234278479188382,0.4649104613660494,-0.8044901625913735,0.35999606231160924,5,1.0,5,0.2,0.8,0.8,0,0.0
C_LOGISTIC_REGRESSION,3,medication,textual,coefficient,0.04368720702336535,0.5447317350547075,0.3110615012655262,0.464702546866096,-0.7018550004772895,0.5881660310792329,5,1.0,5,0.6,0.4,0.6,0,0.0
C_LOGISTIC_REGRESSION,3,oh,textual,coefficient,0.45298009110168913,0.3619348085049805,0.3819078950552461,0.45298009110168913,0.05697331810932878,0.9709801448607246,5,1.0,5,1.0,0.0,1.0,0,0.0
C_LOGISTIC_REGRESSION,3,hyper,textual,coefficient,-0.45236617118199396,0.5330807847275546,-0.1521175061627936,0.45236617118199396,-1.1858941426479372,0.0,4,0.8,4,0.0,0.8,1.0,0,0.0
C_LOGISTIC_REGRESSION,3,instead,textual,coefficient,0.4265034996695475,0.4732786033899869,0.38109329443669365,0.45022618734208264,-0.05930671918133789,1.1446962970215089,5,1.0,5,0.8,0.2,0.8,0,0.0
C_LOGISTIC_REGRESSION,3,difficulty,textual,coefficient,0.28845597099213127,0.5028394094385977,0.15211199146048227,0.4500740900725978,-0.4040452977011662,0.8026932853171487,5,1.0,5,0.8,0.2,0.8,0,0.0
C_LOGISTIC_REGRESSION,3,ability,textual,coefficient,0.4462176861029931,0.4423451885777155,0.3672148583682872,0.4462176861029931,0.0,1.1872749853650992,4,0.8,4,0.8,0.0,1.0,0,0.0
C_LOGISTIC_REGRESSION,3,um,textual,coefficient,-0.4444984061789083,0.41498435657070787,-0.41748050243915535,0.4444984061789083,-1.112119282532308,0.0,4,0.8,4,0.0,0.8,1.0,0,0.0
C_LOGISTIC_REGRESSION,3,foods,textual,coefficient,-0.29819330183877446,0.5844530335989068,-0.03530673713299681,0.4421968291564352,-1.0338471721028017,0.3600088182941518,4,0.8,4,0.2,0.6,0.75,0,0.0
C_LOGISTIC_REGRESSION,3,minutes,textual,coefficient,-0.22244147946741913,0.5660066225098893,0.02961137663215432,0.44134433299379,-0.9104785342828094,0.30381433527983775,5,1.0,5,0.6,0.4,0.6,0,0.0
C_LOGISTIC_REGRESSION,3,depression,textual,coefficient,-0.29719564477224614,0.6042478797092342,-0.21748117458377686,0.43975310630212405,-1.2975113826103335,0.1950635079687454,5,1.0,5,0.4,0.6,0.6,0,0.0
C_LOGISTIC_REGRESSION,3,add,textual,coefficient,-0.29724941006696926,0.6998398649705975,-0.04671600190354713,0.43764785676947754,-1.4757814928826574,0.34886476588217624,5,1.0,5,0.4,0.6,0.6,0,0.0
C_LOGISTIC_REGRESSION,3,literally,textual,coefficient,0.43657020988105516,0.40418677187713126,0.48352414340425764,0.43657020988105516,0.0,0.9221832114688508,4,0.8,4,0.8,0.0,1.0,0,0.0
C_LOGISTIC_REGRESSION,3,little,textual,coefficient,-0.283061829817543,0.4764262358531946,-0.33514773453964325,0.43551033402613315,-0.7428906850268883,0.38112126052147555,5,1.0,5,0.2,0.8,0.8,0,0.0
C_LOGISTIC_REGRESSION,3,regulation,textual,coefficient,-0.18571077614681528,0.5742801679609922,-0.05807341715604031,0.4343683848393646,-0.9222469029462598,0.5555058186739382,5,1.0,5,0.4,0.6,0.6,0,0.0
C_LOGISTIC_REGRESSION,3,care,textual,coefficient,-0.27524936812801937,0.47996577948908425,-0.2870133522385557,0.43190254723318616,-0.7650030404010894,0.39163294776291707,5,1.0,5,0.2,0.8,0.8,0,0.0
C_LOGISTIC_REGRESSION,3,stress,textual,coefficient,-0.4312325356173986,0.31030897670775953,-0.2973679083776622,0.4312325356173986,-0.8155116696620609,-0.12903924188327798,5,1.0,5,0.0,1.0,1.0,0,0.0
C_LOGISTIC_REGRESSION,3,support,textual,coefficient,-0.4249364613633916,0.28965018683333404,-0.4717298269536504,0.4249364613633916,-0.7841375126060015,-0.08252081856956867,5,1.0,5,0.0,1.0,1.0,0,0.0
C_LOGISTIC_REGRESSION,3,mental,textual,coefficient,-0.4235268645343604,0.49309364175622916,-0.1590848842022475,0.4235268645343604,-1.2131648201623186,-0.021183863932102247,5,1.0,5,0.0,1.0,1.0,0,0.0
C_LOGISTIC_REGRESSION,3,diagnosed adhd,textual,coefficient,-0.42288384184152844,0.4932684924089519,-0.22406804131282487,0.42288384184152844,-1.0686435651175066,0.0,3,0.6,3,0.0,0.6,1.0,0,0.0
C_LOGISTIC_REGRESSION,3,activities,textual,coefficient,-0.419851124719855,0.5582486138282248,-0.1557269757282634,0.419851124719855,-1.2996653764574835,0.0,3,0.6,3,0.0,0.6,1.0,0,0.0
C_LOGISTIC_REGRESSION,3,medications,textual,coefficient,0.05194786425548938,0.5120426247391643,-0.23390330811747737,0.4182854166830706,-0.3785995499972131,0.7892629581569973,5,1.0,5,0.4,0.6,0.6,0,0.0
C_LOGISTIC_REGRESSION,3,function,textual,coefficient,-0.4043924474610148,0.7075437579497643,-0.14173685158292282,0.4175648461937812,-1.6537220334276592,0.03293099683191606,5,1.0,5,0.2,0.8,0.8,0,0.0
C_LOGISTIC_REGRESSION,3,social,textual,coefficient,0.25882601938982563,0.5193286364764487,0.07645268627402033,0.4161985714309565,-0.3100883866150251,0.8646383570340742,5,1.0,5,0.6,0.4,0.6,0,0.0
C_LOGISTIC_REGRESSION,3,seen,textual,coefficient,-0.415554139045783,0.45333832910884947,-0.3383325919928939,0.415554139045783,-1.040302425145342,0.0,3,0.6,3,0.0,0.6,1.0,0,0.0
C_LOGISTIC_REGRESSION,3,mean,textual,coefficient,0.2613251445421526,0.4545233422078322,0.1758338600234676,0.4142377283010334,-0.382281459397202,0.7245481610440039,5,1.0,5,0.8,0.2,0.8,0,0.0
C_LOGISTIC_REGRESSION,3,strategies,textual,coefficient,-0.4103080769573131,0.5907527138730162,0.0,0.4103080769573131,-1.283946189215482,0.0,2,0.4,2,0.0,0.4,1.0,0,0.0
C_LOGISTIC_REGRESSION,3,life,textual,coefficient,0.10552792264913631,0.6466519121145891,-0.023558373329791063,0.40997390023238545,-0.4299864552927732,1.200177879161816,5,1.0,5,0.4,0.6,0.6,0,0.0
C_LOGISTIC_REGRESSION,3,change,textual,coefficient,0.03270423024365841,0.598408959174529,-0.08206801455531229,0.4098697384912424,-0.6330842829369218,0.9811284843652982,5,1.0,5,0.4,0.6,0.6,0,0.0
C_LOGISTIC_REGRESSION,3,stimulation,textual,coefficient,-0.4095865918094276,0.4639144300462232,-0.2831818207113747,0.4095865918094276,-1.0588791680839749,0.0,3,0.6,3,0.0,0.6,1.0,0,0.0
C_LOGISTIC_REGRESSION,3,small,textual,coefficient,-0.40583567836148715,0.4096965482429895,-0.18536864886523796,0.40583567836148715,-0.9403367125283609,-0.0724340896873963,5,1.0,5,0.0,1.0,1.0,0,0.0
C_LOGISTIC_REGRESSION,3,hear,textual,coefficient,-0.40392437374833745,0.3738419825652235,-0.24457385307636473,0.40392437374833745,-0.9370056597755498,0.0,4,0.8,4,0.0,0.8,1.0,0,0.0
C_LOGISTIC_REGRESSION,3,harder,textual,coefficient,-0.3685459541372488,0.5240591968195939,-0.04394470845577527,0.4029912918970127,-1.0891637040374276,0.08611334439940986,5,1.0,5,0.2,0.8,0.8,0,0.0
C_LOGISTIC_REGRESSION,3,hyperactivity,textual,coefficient,0.3506607120259012,0.552514396109969,0.02144290035486044,0.39968007088677854,-0.12254839715219318,1.155373862474498,5,1.0,5,0.8,0.2,0.8,0,0.0
C_LOGISTIC_REGRESSION,3,views_within_platform_percentile,engagement_or_format,coefficient,0.1321675602541485,0.4979736739735909,0.08917184112370401,0.3995068305844741,-0.5237642382352555,0.6802142169876263,5,1.0,5,0.6,0.4,0.6,0,0.0
C_LOGISTIC_REGRESSION,3,new,textual,coefficient,0.39801518831821225,0.44348079803676194,0.2969513022915639,0.39801518831821225,0.019304308943830232,1.097283050827994,5,1.0,5,1.0,0.0,1.0,0,0.0
C_LOGISTIC_REGRESSION,3,help,textual,coefficient,-0.3961020862509109,0.2560289738547473,-0.4015757277443791,0.3961020862509109,-0.7689860586807151,-0.05606006625742138,5,1.0,5,0.0,1.0,1.0,0,0.0
C_LOGISTIC_REGRESSION,3,person,textual,coefficient,0.32199361688078065,0.5038687793813581,0.097903509796001,0.3901005378467658,-0.17026730241496277,1.0516348319888476,5,1.0,5,0.8,0.2,0.8,0,0.0
C_LOGISTIC_REGRESSION,3,feel,textual,coefficient,0.16213319319876332,0.48650671123515754,0.15633385254974053,0.38998368818387047,-0.5696262374627679,0.7310077371789027,5,1.0,5,0.8,0.2,0.8,0,0.0
C_LOGISTIC_REGRESSION,3,brain,textual,coefficient,0.33594455332463663,0.42332965206327194,0.24909496567910988,0.38894422491485947,-0.13249917897555716,0.9878972648226172,5,1.0,5,0.8,0.2,0.8,0,0.0
C_LOGISTIC_REGRESSION,3,working memory,textual,coefficient,0.38880536558666196,0.5079367600929849,0.2818316678001189,0.38880536558666196,0.0,1.2354313570379392,3,0.6,3,0.6,0.0,1.0,0,0.0
C_LOGISTIC_REGRESSION,3,goes,textual,coefficient,0.1969319581736856,0.47644240591212345,0.1747603088325446,0.382513605727227,-0.4639541188838534,0.7865168353808358,4,0.8,4,0.6,0.2,0.75,0,0.0
C_LOGISTIC_REGRESSION,3,disorder,textual,coefficient,0.3143648943011822,0.4282553462482847,0.14238737239813598,0.3824738751270126,-0.17027245206457595,0.8667077644519493,5,1.0,5,0.8,0.2,0.8,0,0.0
C_LOGISTIC_REGRESSION,3,nervous,textual,coefficient,-0.33831555990930895,0.4825696929774124,-0.13289427848464574,0.38144736500154686,-1.0473520331396031,0.053975961103924844,5,1.0,5,0.4,0.6,0.6,0,0.0
C_LOGISTIC_REGRESSION,3,thoughts,textual,coefficient,0.16110377476200965,0.498085114279539,0.0,0.38115572569354633,-0.35077924043943526,0.8200367788551506,4,0.8,4,0.4,0.4,0.5,0,0.0
C_LOGISTIC_REGRESSION,3,adult,textual,coefficient,-0.34895540922966883,0.5618313169885519,0.0,0.38093944216065534,-1.2287865586414337,0.07996008232746629,3,0.6,3,0.2,0.4,0.6666666666666666,0,0.0
C_LOGISTIC_REGRESSION,3,realize,textual,coefficient,0.3802460474647985,0.6022626918402368,0.0,0.3802460474647985,0.0,1.378679643784132,2,0.4,2,0.4,0.0,1.0,0,0.0
C_LOGISTIC_REGRESSION,3,diet,textual,coefficient,0.37704633007385974,0.36081918590043527,0.35629482323819256,0.37704633007385974,0.0,0.7443698382733762,4,0.8,4,0.8,0.0,1.0,0,0.0
C_LOGISTIC_REGRESSION,3,single,textual,coefficient,-0.3759275354875587,0.3544919582325432,-0.27361526978836764,0.3759275354875587,-0.9561395940055429,0.0,4,0.8,4,0.0,0.8,1.0,0,0.0
C_LOGISTIC_REGRESSION,3,especially,textual,coefficient,0.2829048825842079,0.48114830673070663,0.11046262965302366,0.37401038894503796,-0.22776376590207534,1.0156620370074938,5,1.0,5,0.8,0.2,0.8,0,0.0
C_LOGISTIC_REGRESSION,3,used,textual,coefficient,0.36737724255560555,0.3862147748948695,0.40344635725367434,0.36737724255560555,0.0,0.9183801968325627,3,0.6,3,0.6,0.0,1.0,0,0.0
C_LOGISTIC_REGRESSION,3,task,textual,coefficient,-0.3448597416716409,0.34931393052089366,-0.19964882043603885,0.3633774567980145,-0.8567334732861261,0.0462942878159337,5,1.0,5,0.2,0.8,0.8,0,0.0
C_LOGISTIC_REGRESSION,3,make,textual,coefficient,0.3392204548587853,0.3825291431538039,0.3897207867146665,0.36329278460865433,-0.030150085150858156,0.8746281257257312,5,1.0,5,0.6,0.4,0.6,0,0.0
C_LOGISTIC_REGRESSION,3,later,textual,coefficient,-0.1461248781378984,0.4458688574244878,-0.13519930194115784,0.36282094171333956,-0.7312933666322357,0.40764823759071417,5,1.0,5,0.4,0.6,0.6,0,0.0
C_LOGISTIC_REGRESSION,3,big,textual,coefficient,-0.04651707467033752,0.4743512760932885,0.1437711448634858,0.3625000722164192,-0.7879618639406107,0.3755099498139321,5,1.0,5,0.6,0.4,0.6,0,0.0
C_LOGISTIC_REGRESSION,3,place,textual,coefficient,-0.3623287662216755,0.4304175352314211,-0.1978802516763371,0.3623287662216755,-1.095823046920539,-0.011588010664499505,5,1.0,5,0.0,1.0,1.0,0,0.0
C_LOGISTIC_REGRESSION,3,sugar,textual,coefficient,-0.24659645228704985,0.4108604411917859,-0.31158648935984345,0.35461832754096956,-0.8470949505611447,0.20421108497809376,5,1.0,5,0.4,0.6,0.6,0,0.0
C_LOGISTIC_REGRESSION,3,saying,textual,coefficient,-0.2813606669255396,0.37060676879782933,-0.2815378176193035,0.3535448381127263,-0.8454862583736036,0.1804604279679668,5,1.0,5,0.2,0.8,0.8,0,0.0
C_LOGISTIC_REGRESSION,3,great,textual,coefficient,-0.043998901651721684,0.5453029716099679,0.009259202010452995,0.35200142002762025,-0.8804762737712354,0.627772966322567,5,1.0,5,0.6,0.4,0.6,0,0.0
C_LOGISTIC_REGRESSION,3,sure,textual,coefficient,-0.04125620717369546,0.5366325395190706,0.15397980164958952,0.35124234880719396,-0.9812463899522236,0.35868361500004864,5,1.0,5,0.8,0.2,0.8,0,0.0
C_LOGISTIC_REGRESSION,3,got,textual,coefficient,0.34752806722967927,0.34382044768530245,0.17672171183951182,0.34752806722967927,0.06004704030915286,0.9163443711342568,5,1.0,5,1.0,0.0,1.0,0,0.0
C_LOGISTIC_REGRESSION,3,calm,textual,coefficient,0.34142257515341706,0.33245663156811495,0.2803687167264879,0.347285516169779,-0.01465735254090469,0.8532699521837901,5,1.0,5,0.8,0.2,0.8,0,0.0
C_LOGISTIC_REGRESSION,3,struggling,textual,coefficient,0.1282199447170093,0.45442269858330653,0.13659877727579486,0.34625561876627486,-0.545089185123164,0.7132778307728829,5,1.0,5,0.8,0.2,0.8,0,0.0
C_LOGISTIC_REGRESSION,3,sensory,textual,coefficient,0.1193544563149546,0.5953442089457629,0.013604778738925502,0.3459523054979405,-0.5664946229574647,1.0783206805285208,4,0.8,4,0.6,0.2,0.75,0,0.0
C_LOGISTIC_REGRESSION,3,inattentive,textual,coefficient,0.34349577712603063,0.32311847185727677,0.2762885816992277,0.34349577712603063,0.0,0.8625247592363405,4,0.8,4,0.8,0.0,1.0,0,0.0
C_LOGISTIC_REGRESSION,3,likes_within_platform_percentile,engagement_or_format,coefficient,0.34175944134430347,0.23161039319934035,0.245970125720795,0.34175944134430347,0.16376323665461073,0.7396607243863704,5,1.0,5,1.0,0.0,1.0,0,0.0
C_LOGISTIC_REGRESSION,3,adhd brains,textual,coefficient,0.33087706561072694,0.30712319426040696,0.21582949693090406,0.3351697440602583,-0.010731696123828419,0.7813944996991996,5,1.0,5,0.8,0.2,0.8,0,0.0
C_LOGISTIC_REGRESSION,3,pain,textual,coefficient,-0.3347577970892551,0.7485411902896557,0.0,0.3347577970892551,-1.6737889854462757,0.0,1,0.2,1,0.0,0.2,1.0,0,0.0
C_LOGISTIC_REGRESSION,3,uh,textual,coefficient,0.33410463633566323,0.3469732476962093,0.1407487730635112,0.33410463633566323,0.0,0.7641533267560612,4,0.8,4,0.8,0.0,1.0,0,0.0
C_LOGISTIC_REGRESSION,3,feels,textual,coefficient,-0.26025353190024336,0.38484175991879904,-0.1434982051114019,0.33168817558557695,-0.7219074506854612,0.178586609213334,5,1.0,5,0.2,0.8,0.8,0,0.0
C_LOGISTIC_REGRESSION,3,adhd people,textual,coefficient,-0.14358766438552023,0.3758985589000563,-0.2102870761460408,0.33054077002069987,-0.5199757778034938,0.3704195989567749,5,1.0,5,0.4,0.6,0.6,0,0.0
C_LOGISTIC_REGRESSION,3,going,textual,coefficient,0.2816590756754763,0.3587257938171576,0.15549256420171773,0.3299618003506004,-0.12075681168781026,0.6667341259343931,5,1.0,5,0.8,0.2,0.8,0,0.0
C_LOGISTIC_REGRESSION,3,didn,textual,coefficient,-0.29979077658111886,0.426151741890215,-0.16580791148934232,0.32943925202398994,-1.007320106152876,0.07412118860717784,5,1.0,5,0.2,0.8,0.8,0,0.0
C_LOGISTIC_REGRESSION,3,finally,textual,coefficient,0.27205036146776207,0.36590326372902693,0.26614812743429006,0.32720516188701715,-0.13788700104813773,0.7845919296055136,4,0.8,4,0.6,0.2,0.75,0,0.0
C_LOGISTIC_REGRESSION,3,adhders,textual,coefficient,0.3249971618418022,0.4153835966370705,0.07386193529306395,0.3249971618418022,0.0,0.845710649866631,3,0.6,3,0.6,0.0,1.0,0,0.0
C_LOGISTIC_REGRESSION,3,affects,textual,coefficient,-0.32454618941064656,0.5878351872893371,0.0,0.32454618941064656,-1.3555272655079516,0.0,2,0.4,2,0.0,0.4,1.0,0,0.0
C_LOGISTIC_REGRESSION,3,hours,textual,coefficient,-0.3194367135191904,0.38393588783713184,-0.062452461787810575,0.3194367135191904,-0.8467530916477815,-0.025162022478317485,5,1.0,5,0.0,1.0,1.0,0,0.0
C_LOGISTIC_REGRESSION,3,starting,textual,coefficient,0.3193208599761277,0.7140231495403133,0.0,0.3193208599761277,0.0,1.5966042998806385,1,0.2,1,0.2,0.0,1.0,0,0.0
C_LOGISTIC_REGRESSION,3,video,textual,coefficient,0.04350701959042208,0.4153007192293952,0.0003248649833195137,0.3175154022198012,-0.3636939732007329,0.6196801991864819,5,1.0,5,0.6,0.4,0.6,0,0.0
C_LOGISTIC_REGRESSION,3,usually,textual,coefficient,-0.25253786636847664,0.3424495623579771,-0.2463634500048049,0.3170961441870889,-0.6748482150225705,0.16139569454653072,5,1.0,5,0.2,0.8,0.8,0,0.0
C_LOGISTIC_REGRESSION,3,times,textual,coefficient,-0.3139823570555212,0.30970510196315437,-0.32398685584200654,0.3139823570555212,-0.7849454107803991,-0.02713033816156467,5,1.0,5,0.0,1.0,1.0,0,0.0
C_LOGISTIC_REGRESSION,3,long,textual,coefficient,0.14406503469111134,0.3941490880001146,0.07422326095425262,0.31351717900505216,-0.37304899026334687,0.5886759893005635,5,1.0,5,0.6,0.4,0.6,0,0.0
C_LOGISTIC_REGRESSION,3,morning,textual,coefficient,0.3123924862824786,0.3371486953385739,0.1624532142189437,0.3123924862824786,0.0,0.8456163174469415,4,0.8,4,0.8,0.0,1.0,0,0.0
C_LOGISTIC_REGRESSION,3,state,textual,coefficient,0.14407914343102401,0.46834340303202393,0.018333946249033964,0.30945344707523914,-0.3937366002820112,0.8765403112667648,5,1.0,5,0.6,0.4,0.6,0,0.0
C_LOGISTIC_REGRESSION,3,rejection,textual,coefficient,-0.30914122274043043,0.24213793195993846,-0.269224082592939,0.30914122274043043,-0.6469216102892614,0.0,4,0.8,4,0.0,0.8,1.0,0,0.0
C_LOGISTIC_REGRESSION,3,completely,textual,coefficient,-0.16125576156657417,0.4440982737935912,0.0,0.30643667443893746,-0.8426744674220047,0.31620465508099427,4,0.8,4,0.4,0.4,0.5,0,0.0
C_LOGISTIC_REGRESSION,3,study,textual,coefficient,-0.04498543224655312,0.4426223126318519,-0.0796237388624228,0.3046812775306409,-0.5701296716779031,0.6492396132102195,5,1.0,5,0.2,0.8,0.8,0,0.0
C_LOGISTIC_REGRESSION,3,second,textual,coefficient,0.24275743746317696,0.2638265262311997,0.2859033293700761,0.3029333858587167,-0.15043987098884937,0.49479819529404656,5,1.0,5,0.8,0.2,0.8,0,0.0
C_LOGISTIC_REGRESSION,3,health,textual,coefficient,0.30064379557886634,0.22871236048170587,0.34181183550944677,0.30064379557886634,0.07121879725957285,0.6308899941397603,5,1.0,5,1.0,0.0,1.0,0,0.0
C_LOGISTIC_REGRESSION,3,affect,textual,coefficient,0.30053136399616276,0.3438794009386265,0.19598836596150432,0.30053136399616276,0.0,0.7808195385748273,3,0.6,3,0.6,0.0,1.0,0,0.0
C_LOGISTIC_REGRESSION,3,job,textual,coefficient,-0.21880064246864217,0.4084689886633168,-0.0037325846796378544,0.2962861683740267,-0.7918409217518433,0.19371381476346122,4,0.8,4,0.2,0.6,0.75,0,0.0
C_LOGISTIC_REGRESSION,3,talk,textual,coefficient,-0.16245105451330055,0.4611654505393146,-0.06747106826170841,0.2948116432378652,-0.9481984738154682,0.22874547136855988,5,1.0,5,0.4,0.6,0.6,0,0.0
C_LOGISTIC_REGRESSION,3,experience,textual,coefficient,0.0836155872050104,0.38825784666254604,0.13896027036045172,0.29449103339866856,-0.3980584092188794,0.6464990677333835,5,1.0,5,0.6,0.4,0.6,0,0.0
C_LOGISTIC_REGRESSION,3,order,textual,coefficient,-0.2822932698970148,0.5380786754836757,0.0,0.29219830146142745,-1.2302531868560713,0.024762578911031483,3,0.6,3,0.2,0.4,0.6666666666666666,0,0.0
C_LOGISTIC_REGRESSION,3,wrong,textual,coefficient,0.0007757894905306761,0.4450387561553956,-0.0316862554191954,0.2912905825191559,-0.44155678078540006,0.7295429739643562,5,1.0,5,0.4,0.6,0.6,0,0.0
C_LOGISTIC_REGRESSION,3,body,textual,coefficient,-0.1280372820608137,0.38987985699906147,-0.029797286715636265,0.2901651116569991,-0.6423106535049653,0.3684518371850774,5,1.0,5,0.4,0.6,0.6,0,0.0
C_LOGISTIC_REGRESSION,3,follow,textual,coefficient,-0.13185666189224174,0.36239603103509793,-0.042359271834739864,0.2898722339131036,-0.5657996948016152,0.2788867893218955,5,1.0,5,0.4,0.6,0.6,0,0.0
C_LOGISTIC_REGRESSION,3,executive,textual,coefficient,-0.2350774533188457,0.4681263360886178,-0.05501511658551188,0.28384593621976634,-1.0492504589412401,0.12192120725230156,5,1.0,5,0.2,0.8,0.8,0,0.0
C_LOGISTIC_REGRESSION,3,regulate,textual,coefficient,0.28372528910297046,0.3604129951970721,0.08163235105241978,0.28372528910297046,0.0,0.7725399752908978,3,0.6,3,0.6,0.0,1.0,0,0.0
C_LOGISTIC_REGRESSION,3,trouble,textual,coefficient,0.23094510704825097,0.3035784546893339,0.18745436342657934,0.27990991112954483,-0.12241201020323465,0.7152159736182232,5,1.0,5,0.8,0.2,0.8,0,0.0
C_LOGISTIC_REGRESSION,3,pay,textual,coefficient,0.27736513734668344,0.2467705542330314,0.23519454503377069,0.27736513734668344,0.0,0.6672909955916076,4,0.8,4,0.8,0.0,1.0,0,0.0
C_LOGISTIC_REGRESSION,3,ask,textual,coefficient,-0.25000333646552475,0.3445924197392845,-0.0742933503081599,0.2771085618499415,-0.6678058813593517,0.06776306346104166,4,0.8,4,0.2,0.6,0.75,0,0.0
C_LOGISTIC_REGRESSION,3,everybody,textual,coefficient,-0.13694818536706851,0.3183122184826038,-0.20414565778990432,0.276060529211834,-0.5637877554990773,0.24115798478615916,5,1.0,5,0.4,0.6,0.6,0,0.0
C_LOGISTIC_REGRESSION,3,fast,textual,coefficient,-0.27498012320881476,0.15131006892522897,-0.2468103321888204,0.27498012320881476,-0.4668845309222508,-0.08465075735370209,5,1.0,5,0.0,1.0,1.0,0,0.0
C_LOGISTIC_REGRESSION,3,brains,textual,coefficient,-0.07269475621137156,0.38257867770618703,0.03375107231751999,0.26995843013469223,-0.617453399840002,0.4124139477032671,5,1.0,5,0.6,0.4,0.6,0,0.0
C_LOGISTIC_REGRESSION,3,use,textual,coefficient,0.012701208364517769,0.3518851359327026,0.012100062141239556,0.2677713003909881,-0.4578178191980065,0.43561883194890516,5,1.0,5,0.6,0.4,0.6,0,0.0
C_LOGISTIC_REGRESSION,3,prefrontal cortex,textual,coefficient,0.26766167671499896,0.5985097041063104,0.0,0.26766167671499896,0.0,1.3383083835749947,1,0.2,1,0.2,0.0,1.0,0,0.0
C_LOGISTIC_REGRESSION,3,fucking,textual,coefficient,-0.26680469225212045,0.24606037482350127,-0.39519835254022945,0.26680469225212045,-0.49419683404963743,0.0,3,0.6,3,0.0,0.6,1.0,0,0.0
C_LOGISTIC_REGRESSION,3,constantly,textual,coefficient,0.12087821778165944,0.3186886018334779,0.07745198875629662,0.26579170926927287,-0.2526965904165333,0.4768997984162873,5,1.0,5,0.6,0.4,0.6,0,0.0
C_LOGISTIC_REGRESSION,3,world,textual,coefficient,0.26481797560028264,0.26199316072595696,0.12083617066364835,0.26481797560028264,0.04880165120074741,0.6669068391097102,5,1.0,5,1.0,0.0,1.0,0,0.0
C_LOGISTIC_REGRESSION,3,getting,textual,coefficient,0.06803583044759556,0.31443611434668683,0.18311353314451348,0.2631326680275403,-0.48774209394986184,0.2610786782804212,5,1.0,5,0.8,0.2,0.8,0,0.0
C_LOGISTIC_REGRESSION,3,10,textual,coefficient,0.25956194414575434,0.22438401754206877,0.20598360902725404,0.25956194414575434,0.06993465287607784,0.6441962338229754,5,1.0,5,1.0,0.0,1.0,0,0.0
C_LOGISTIC_REGRESSION,3,risk,textual,coefficient,-0.25619295358464644,0.572864859571718,0.0,0.25619295358464644,-1.2809647679232323,0.0,1,0.2,1,0.0,0.2,1.0,0,0.0
C_LOGISTIC_REGRESSION,3,maybe,textual,coefficient,-0.25410620397740946,0.20106239647411422,-0.27762743989014405,0.25410620397740946,-0.548679449310231,-0.05059782756310058,5,1.0,5,0.0,1.0,1.0,0,0.0
C_LOGISTIC_REGRESSION,3,day,textual,coefficient,0.23888563454618578,0.20173893844288435,0.2981876869428315,0.25140371505636994,-0.03129520127546034,0.5030060332353083,5,1.0,5,0.8,0.2,0.8,0,0.0
C_LOGISTIC_REGRESSION,3,avoid,textual,coefficient,-0.24941188972306966,0.2677993984512088,-0.18767666317851037,0.24941188972306966,-0.6677720150167382,0.0,4,0.8,4,0.0,0.8,1.0,0,0.0
C_LOGISTIC_REGRESSION,3,comments_within_platform_percentile,engagement_or_format,coefficient,-0.05124315976367353,0.2746128193864241,-0.22261312480148795,0.2489335963843074,-0.28127399436706274,0.2870346951018884,5,1.0,5,0.4,0.6,0.6,0,0.0
C_LOGISTIC_REGRESSION,3,consequences,textual,coefficient,-0.248080247704912,0.36042259784386066,0.0,0.248080247704912,-0.7905520595058109,0.0,2,0.4,2,0.0,0.4,1.0,0,0.0
C_LOGISTIC_REGRESSION,3,duration_sec_within_platform_percentile,engagement_or_format,coefficient,-0.13613109034054047,0.27466171974723347,-0.14842978522398598,0.2470468350021023,-0.45797235924952373,0.15621715785317067,5,1.0,5,0.4,0.6,0.6,0,0.0
C_LOGISTIC_REGRESSION,3,works,textual,coefficient,0.09450986661157476,0.30852360886093977,0.0857179723056936,0.24435165220051083,-0.37460446397234015,0.4642121130086342,5,1.0,5,0.8,0.2,0.8,0,0.0
C_LOGISTIC_REGRESSION,3,yes,textual,coefficient,-0.11174009630001387,0.28048352315752934,-0.18322914545002267,0.24326675558369476,-0.347150297267053,0.3288166482092022,5,1.0,5,0.2,0.8,0.8,0,0.0
C_LOGISTIC_REGRESSION,3,deficit,textual,coefficient,0.21896384896433277,0.22746193001649867,0.17048804528685155,0.24321782127861957,-0.06063493078571702,0.49830739959810316,5,1.0,5,0.8,0.2,0.8,0,0.0
C_LOGISTIC_REGRESSION,3,patients,textual,coefficient,0.16491059149987755,0.29826112479752687,0.07682084272612182,0.2430774069732986,-0.17261167306336994,0.5451776714902019,5,1.0,5,0.6,0.4,0.6,0,0.0
C_LOGISTIC_REGRESSION,3,stay,textual,coefficient,-0.06609448422102479,0.29654870127375693,-0.1114640181118596,0.2412480155653116,-0.29828660951273245,0.4378838283607171,5,1.0,5,0.2,0.8,0.8,0,0.0
C_LOGISTIC_REGRESSION,3,adults,textual,coefficient,0.10598841760861673,0.2947716336954531,0.04228091747235678,0.24100229225970882,-0.17698002969347637,0.4593284397092415,5,1.0,5,0.6,0.4,0.6,0,0.0
C_LOGISTIC_REGRESSION,3,seven,textual,coefficient,-0.20458178654402687,0.32953662186147326,-0.0005863243664822888,0.2395929226342653,-0.6551764133664028,0.08752784022559598,4,0.8,4,0.2,0.6,0.75,0,0.0
C_LOGISTIC_REGRESSION,3,learn,textual,coefficient,0.032105062271227204,0.3126321262682275,0.13387989455799104,0.23838212815859006,-0.5156926647184071,0.27436030160092534,5,1.0,5,0.8,0.2,0.8,0,0.0
C_LOGISTIC_REGRESSION,3,focused,textual,coefficient,0.2354136553311653,0.5264009361521913,0.0,0.2354136553311653,0.0,1.1770682766558265,1,0.2,1,0.2,0.0,1.0,0,0.0
C_LOGISTIC_REGRESSION,3,stuff,textual,coefficient,0.2341988721650304,0.14212216587483215,0.17684076011714536,0.2341988721650304,0.07861094138761919,0.4482481806355925,5,1.0,5,1.0,0.0,1.0,0,0.0
C_LOGISTIC_REGRESSION,3,adhd,textual,coefficient,-0.08990657278547658,0.2680858719732257,-0.15094043534241688,0.23373572913041327,-0.32423130502958447,0.35957289086234173,5,1.0,5,0.2,0.8,0.8,0,0.0
C_LOGISTIC_REGRESSION,3,away,textual,coefficient,-0.23353764554453496,0.30994018843405413,-0.10205634735500178,0.23353764554453496,-0.7732502099232799,0.0,4,0.8,4,0.0,0.8,1.0,0,0.0
C_LOGISTIC_REGRESSION,3,don know,textual,coefficient,-0.23217233443078697,0.2317803832124573,-0.11467661778407175,0.23217233443078697,-0.5645285682384901,0.0,4,0.8,4,0.0,0.8,1.0,0,0.0
C_LOGISTIC_REGRESSION,3,distracted,textual,coefficient,-0.08408944775494971,0.26991668456510864,-0.07749421875435754,0.2295499004045475,-0.3971566587674399,0.20588438319716124,5,1.0,5,0.4,0.6,0.6,0,0.0
C_LOGISTIC_REGRESSION,3,think,textual,coefficient,0.2160952234254438,0.3970733715902862,0.061755979681172496,0.22875615029732527,-0.03165231717970362,0.9224262849912556,5,1.0,5,0.8,0.2,0.8,0,0.0
C_LOGISTIC_REGRESSION,3,typically,textual,coefficient,0.2275142390642793,0.5087373043968667,0.0,0.2275142390642793,0.0,1.1375711953213965,1,0.2,1,0.2,0.0,1.0,0,0.0
C_LOGISTIC_REGRESSION,3,mind,textual,coefficient,-0.036121548998256016,0.2768114711953078,-0.06984067685468931,0.2243587291844611,-0.4059274979987664,0.2658080163048799,5,1.0,5,0.4,0.6,0.6,0,0.0
C_LOGISTIC_REGRESSION,3,ways,textual,coefficient,-0.13443166070404713,0.2970469428928875,-0.1154944541362017,0.22343975219717685,-0.5936272386703619,0.20713938203058593,5,1.0,5,0.4,0.6,0.6,0,0.0
C_LOGISTIC_REGRESSION,3,end,textual,coefficient,-0.15983886260809715,0.23768735080198786,-0.14578174812701356,0.22313599768361253,-0.5086786326368625,0.15824283768878833,5,1.0,5,0.2,0.8,0.8,0,0.0
C_LOGISTIC_REGRESSION,3,know adhd,textual,coefficient,0.2093404708962459,0.43206720474084176,0.0,0.21407152040594202,-0.01182762377424038,0.9795219664799245,3,0.6,3,0.4,0.2,0.6666666666666666,0,0.0
C_LOGISTIC_REGRESSION,3,little bit,textual,coefficient,0.08659995401038613,0.2642512109567276,0.04445663083093361,0.21407144263123484,-0.23565823216073573,0.38772539868778017,5,1.0,5,0.6,0.4,0.6,0,0.0
C_LOGISTIC_REGRESSION,3,type,textual,coefficient,0.1310693502288831,0.2479232753798614,0.1408394896403841,0.21339527354205662,-0.2058148082829337,0.4873211092990486,5,1.0,5,0.8,0.2,0.8,0,0.0
C_LOGISTIC_REGRESSION,3,wait,textual,coefficient,-0.21305960736550156,0.34167722781674964,-0.028543616311893425,0.21305960736550156,-0.7973939581658587,0.0,3,0.6,3,0.0,0.6,1.0,0,0.0
C_LOGISTIC_REGRESSION,3,hyperactive,textual,coefficient,0.07099846649996003,0.2634153076194189,0.13503370995412176,0.21303095385092555,-0.2973493633322387,0.40464226092274036,5,1.0,5,0.6,0.4,0.6,0,0.0
C_LOGISTIC_REGRESSION,3,worse,textual,coefficient,0.021824191636907707,0.270281798613332,0.1170698394527198,0.2117703365869442,-0.4048859114195121,0.272508893899365,5,1.0,5,0.6,0.4,0.6,0,0.0
C_LOGISTIC_REGRESSION,3,hedge_score,handcrafted_linguistic,coefficient,-0.21131532632671837,0.10603880380538679,-0.2552572744388609,0.21131532632671837,-0.31806837419126405,-0.08222197292724745,5,1.0,5,0.0,1.0,1.0,0,0.0
C_LOGISTIC_REGRESSION,3,attention,textual,coefficient,-0.16470637688225392,0.300487233206099,-0.038327310003072976,0.20743961099394337,-0.6659778144114178,0.10683308527922358,5,1.0,5,0.2,0.8,0.8,0,0.0
C_LOGISTIC_REGRESSION,3,self,textual,coefficient,-0.20516684183988776,0.14348644091444734,-0.13879816185197633,0.20516684183988776,-0.4180497650117195,-0.06846484185718184,5,1.0,5,0.0,1.0,1.0,0,0.0
C_LOGISTIC_REGRESSION,3,attention deficit,textual,coefficient,0.04890321354599658,0.32787049584694977,0.01900196424476,0.20490094506744877,-0.3899943288036305,0.5314413899048271,4,0.8,4,0.6,0.2,0.75,0,0.0
C_LOGISTIC_REGRESSION,3,difference,textual,coefficient,0.02722438591156249,0.27287750272867267,0.0034098039660148244,0.202816349245129,-0.3178945965046073,0.39169547871227,5,1.0,5,0.6,0.4,0.6,0,0.0
C_LOGISTIC_REGRESSION,3,good,textual,coefficient,0.0019213458653944305,0.2540587774997845,-0.011705116747730943,0.20162304706402562,-0.28829018366026377,0.30818822522452277,5,1.0,5,0.4,0.6,0.6,0,0.0
C_LOGISTIC_REGRESSION,3,things like,textual,coefficient,-0.18729876372843335,0.2012200880316387,-0.17683213952456828,0.19921507102519598,-0.5056961959160726,0.029790768241906594,5,1.0,5,0.2,0.8,0.8,0,0.0
C_LOGISTIC_REGRESSION,3,ve got,textual,coefficient,0.07688093538446845,0.25497187858075404,0.11122736242078676,0.195401192628766,-0.2963006431107439,0.4101458087602371,5,1.0,5,0.8,0.2,0.8,0,0.0
C_LOGISTIC_REGRESSION,3,treatment,textual,coefficient,-0.1576645593203677,0.28474476386975395,0.0,0.19117317573026846,-0.6111427863877423,0.08377154102475191,3,0.6,3,0.2,0.4,0.6666666666666666,0,0.0
C_LOGISTIC_REGRESSION,3,tend,textual,coefficient,-0.14255080543869625,0.25155913905923943,-0.058055992450980747,0.18876647724715104,-0.5338784248599309,0.10132910830717648,5,1.0,5,0.4,0.6,0.6,0,0.0
C_LOGISTIC_REGRESSION,3,highly,textual,coefficient,0.05219250966447808,0.3228756094779275,0.0,0.18153064696793633,-0.30183405315806267,0.5822750754750019,4,0.8,4,0.4,0.4,0.5,0,0.0
C_LOGISTIC_REGRESSION,3,exercise,textual,coefficient,-0.16338543179233989,0.27155235396277294,-0.10090601462644665,0.18070038938561758,-0.6327413786032271,0.04328739398319426,4,0.8,4,0.2,0.6,0.75,0,0.0
C_LOGISTIC_REGRESSION,3,lots,textual,coefficient,-0.1782979655791441,0.3986863712848839,0.0,0.1782979655791441,-0.8914898278957205,0.0,1,0.2,1,0.0,0.2,1.0,0,0.0
C_LOGISTIC_REGRESSION,3,days,textual,coefficient,-0.17721906922642683,0.3962738856995315,0.0,0.17721906922642683,-0.8860953461321341,0.0,1,0.2,1,0.0,0.2,1.0,0,0.0
C_LOGISTIC_REGRESSION,3,adhd symptoms,textual,coefficient,-0.16788847048260236,0.15809327906954754,-0.15568247931046555,0.1763832690035049,-0.368232483751691,0.021236996302256304,5,1.0,5,0.2,0.8,0.8,0,0.0
C_LOGISTIC_REGRESSION,3,okay,textual,coefficient,-0.1356574447395464,0.1398796833740018,-0.16822143667211512,0.1682306295486062,-0.289332435279702,0.08143296202264946,5,1.0,5,0.2,0.8,0.8,0,0.0
C_LOGISTIC_REGRESSION,3,yeah,textual,coefficient,-0.16633569794666983,0.13671822404263434,-0.12335241971496762,0.16633569794666983,-0.3941662083653169,-0.053579741779062454,5,1.0,5,0.0,1.0,1.0,0,0.0
C_LOGISTIC_REGRESSION,3,dysfunction,textual,coefficient,0.08053966436491769,0.20112877741157642,0.07545531561008864,0.16437201370778198,-0.20958087335716072,0.2847939744918295,4,0.8,4,0.6,0.2,0.75,0,0.0
C_LOGISTIC_REGRESSION,3,thinking,textual,coefficient,0.11633029504345416,0.2916351014735233,0.0,0.161209200952619,-0.1121972647729121,0.6249230697716095,3,0.6,3,0.4,0.2,0.6666666666666666,0,0.0
C_LOGISTIC_REGRESSION,3,diagnosed,textual,coefficient,0.12770528918114527,0.21972243871679653,0.04096250727600798,0.1603566798312695,-0.07161955454569488,0.475787929365638,5,1.0,5,0.6,0.4,0.6,0,0.0
C_LOGISTIC_REGRESSION,3,shows,textual,coefficient,-0.16007107003064688,0.3579297938196558,0.0,0.16007107003064688,-0.8003553501532344,0.0,1,0.2,1,0.0,0.2,1.0,0,0.0
C_LOGISTIC_REGRESSION,3,dr,textual,coefficient,0.15097518510540225,0.28875734092576893,0.0,0.15680834855935943,-0.01458290863489296,0.6597245355676111,3,0.6,3,0.4,0.2,0.6666666666666666,0,0.0
C_LOGISTIC_REGRESSION,3,hyperfocus,textual,coefficient,-0.15352537009405115,0.3432931638011117,0.0,0.15352537009405115,-0.7676268504702557,0.0,1,0.2,1,0.0,0.2,1.0,0,0.0
C_LOGISTIC_REGRESSION,3,aren,textual,coefficient,-0.1534726721595895,0.2487604508325665,0.0,0.1534726721595895,-0.5719276489416635,0.0,2,0.4,2,0.0,0.4,1.0,0,0.0
C_LOGISTIC_REGRESSION,3,tell,textual,coefficient,0.010210494268164375,0.19216225304902484,0.11764777510911169,0.1524575654288059,-0.2966014888599532,0.1686283783170634,5,1.0,5,0.6,0.4,0.6,0,0.0
C_LOGISTIC_REGRESSION,3,impact,textual,coefficient,-0.14741748517373793,0.18884512736320036,-0.12591966106571487,0.14741748517373793,-0.461613885573959,0.0,3,0.6,3,0.0,0.6,1.0,0,0.0
C_LOGISTIC_REGRESSION,3,gonna,textual,coefficient,0.12701019590075782,0.211189359092736,0.0,0.1459665432645862,-0.047390868409571005,0.45065674667811045,3,0.6,3,0.4,0.2,0.6666666666666666,0,0.0
C_LOGISTIC_REGRESSION,3,come,textual,coefficient,-0.08856406607869408,0.20315744566007274,-0.05517461829902709,0.1393738597146884,-0.4241667801439153,0.12702448408998587,5,1.0,5,0.2,0.8,0.8,0,0.0
C_LOGISTIC_REGRESSION,3,half,textual,coefficient,0.13883149497673034,0.3104366601858896,0.0,0.13883149497673034,0.0,0.6941574748836516,1,0.2,1,0.2,0.0,1.0,0,0.0
C_LOGISTIC_REGRESSION,3,adhd medication,textual,coefficient,-0.13718943977770978,0.20789525107556786,-0.07355536815993052,0.13718943977770978,-0.5036797479445986,0.0,4,0.8,4,0.0,0.8,1.0,0,0.0
C_LOGISTIC_REGRESSION,3,sound,textual,coefficient,0.13473133180757027,0.18464391930021132,0.0,0.13473133180757027,0.0,0.3475409262713436,2,0.4,2,0.4,0.0,1.0,0,0.0
C_LOGISTIC_REGRESSION,3,sort,textual,coefficient,0.13007878056629812,0.2547943179276482,0.0,0.13007878056629812,0.0,0.5828565224981604,2,0.4,2,0.4,0.0,1.0,0,0.0
C_LOGISTIC_REGRESSION,3,somebody,textual,coefficient,0.12803976043278456,0.13944351317831746,0.08891285689652635,0.12803976043278456,0.0,0.328908763038587,4,0.8,4,0.8,0.0,1.0,0,0.0
C_LOGISTIC_REGRESSION,3,coming,textual,coefficient,0.12777675418915527,0.2857175083112322,0.0,0.12777675418915527,0.0,0.6388837709457763,1,0.2,1,0.2,0.0,1.0,0,0.0
C_LOGISTIC_REGRESSION,3,caffeine,textual,coefficient,0.12632161130121894,0.16281980359956671,0.01198010124146895,0.12632161130121894,0.0,0.31687558654967246,4,0.8,4,0.8,0.0,1.0,0,0.0
C_LOGISTIC_REGRESSION,3,let,textual,coefficient,-0.0057968405003141436,0.1719060510242022,-0.009884504260659769,0.12622211746314882,-0.2358614725841124,0.22201651993258092,5,1.0,5,0.4,0.6,0.6,0,0.0
C_LOGISTIC_REGRESSION,3,turn,textual,coefficient,-0.12504825815579307,0.2796164057042958,0.0,0.12504825815579307,-0.6252412907789654,0.0,1,0.2,1,0.0,0.2,1.0,0,0.0
C_LOGISTIC_REGRESSION,3,lot people,textual,coefficient,-0.009369999369551723,0.1900053497148163,0.05376935367946902,0.12280077955146784,-0.3304269473025489,0.17133180320491434,4,0.8,4,0.6,0.2,0.75,0,0.0
C_LOGISTIC_REGRESSION,3,certainty_score,handcrafted_linguistic,coefficient,0.03046226566877544,0.1551281889281515,0.08150625518912716,0.1207817574239479,-0.2229409262435023,0.16500170724957341,5,1.0,5,0.6,0.4,0.6,0,0.0
C_LOGISTIC_REGRESSION,3,phone,textual,coefficient,-0.11681995937749559,0.11606996949775045,-0.09246828706077004,0.11681995937749559,-0.3098516299087861,0.0,4,0.8,4,0.0,0.8,1.0,0,0.0
C_LOGISTIC_REGRESSION,3,long term,textual,coefficient,-0.09160158626538759,0.15086913293609175,0.0,0.11251329516137636,-0.26108484555976696,0.05227927223997197,3,0.6,3,0.2,0.4,0.6666666666666666,0,0.0
C_LOGISTIC_REGRESSION,3,pay attention,textual,coefficient,-0.05070003072429722,0.19041299419599395,0.0,0.10029944568895659,-0.3774986910331345,0.12399853741164842,2,0.4,2,0.2,0.2,0.5,0,0.0
C_LOGISTIC_REGRESSION,3,meds,textual,coefficient,0.09884879312445208,0.13632869976230658,0.03652354347161111,0.09884879312445208,0.0,0.3213521441606516,3,0.6,3,0.6,0.0,1.0,0,0.0
C_LOGISTIC_REGRESSION,3,quickly,textual,coefficient,-0.09812976956790129,0.14097282644060066,0.0,0.09812976956790129,-0.30562559974882114,0.0,2,0.4,2,0.0,0.4,1.0,0,0.0
C_LOGISTIC_REGRESSION,3,effects,textual,coefficient,-0.0948510941876898,0.2120934943439096,0.0,0.0948510941876898,-0.474255470938449,0.0,1,0.2,1,0.0,0.2,1.0,0,0.0
C_LOGISTIC_REGRESSION,3,adhd brain,textual,coefficient,-0.07396528867305614,0.08822080308781918,-0.05925473424834492,0.08057071678734469,-0.20973512334838232,0.016513570285721396,5,1.0,5,0.2,0.8,0.8,0,0.0
C_LOGISTIC_REGRESSION,3,interesting,textual,coefficient,0.009396474570866842,0.1333426947895347,0.0,0.07507803620619438,-0.16420390408831884,0.21118627694265305,2,0.4,2,0.2,0.2,0.5,0,0.0
C_LOGISTIC_REGRESSION,3,manage,textual,coefficient,-0.07353346725302627,0.09785980130175029,-0.05126493141575258,0.07353346725302627,-0.23775836044404902,0.0,3,0.6,3,0.0,0.6,1.0,0,0.0
C_LOGISTIC_REGRESSION,3,constant,textual,coefficient,0.051800715562379626,0.10708815840130109,0.0,0.07207491831400421,-0.045775042528339756,0.22272286574856706,4,0.8,4,0.4,0.4,0.5,0,0.0
C_LOGISTIC_REGRESSION,3,shame,textual,coefficient,0.07189741000330765,0.1607674961735693,0.0,0.07189741000330765,0.0,0.3594870500165383,1,0.2,1,0.2,0.0,1.0,0,0.0
C_LOGISTIC_REGRESSION,3,open,textual,coefficient,-0.07074810545669803,0.0981045076329152,0.0,0.07074810545669803,-0.1987594102530954,0.0,2,0.4,2,0.0,0.4,1.0,0,0.0
C_LOGISTIC_REGRESSION,3,higher,textual,coefficient,-0.04769938274698559,0.07207242773220002,-0.047282408334196266,0.0702644918539288,-0.13395688083951893,0.05641277276735801,5,1.0,5,0.2,0.8,0.8,0,0.0
C_LOGISTIC_REGRESSION,3,sensitivity,textual,coefficient,-0.06864360562213336,0.15349176839177694,0.0,0.06864360562213336,-0.34321802811066676,0.0,1,0.2,1,0.0,0.2,1.0,0,0.0
C_LOGISTIC_REGRESSION,3,hour,textual,coefficient,-0.0661372805931792,0.14788745525332633,0.0,0.0661372805931792,-0.330686402965896,0.0,1,0.2,1,0.0,0.2,1.0,0,0.0
C_LOGISTIC_REGRESSION,3,functioning,textual,coefficient,-0.06208752570710192,0.0959876202829976,0.0,0.06208752570710192,-0.21823879771406499,0.0,2,0.4,2,0.0,0.4,1.0,0,0.0
C_LOGISTIC_REGRESSION,3,addiction,textual,coefficient,-0.05681892842592893,0.10204338513787971,0.0,0.05681892842592893,-0.2354241921185242,0.0,2,0.4,2,0.0,0.4,1.0,0,0.0
C_LOGISTIC_REGRESSION,3,share,textual,coefficient,-0.04902064445130881,0.10961349329397438,0.0,0.04902064445130881,-0.24510322225654405,0.0,1,0.2,1,0.0,0.2,1.0,0,0.0
C_LOGISTIC_REGRESSION,3,absolutely,textual,coefficient,-0.04841134692830974,0.10511342749631056,0.0,0.04841134692830974,-0.23639277197942501,0.0,2,0.4,2,0.0,0.4,1.0,0,0.0
C_LOGISTIC_REGRESSION,3,family,textual,coefficient,0.01286339542815225,0.07336716477330088,0.0,0.040288917982922466,-0.06856380638692554,0.13288078352768679,2,0.4,2,0.2,0.2,0.5,0,0.0
C_LOGISTIC_REGRESSION,3,present,textual,coefficient,0.036104823286138406,0.0807328391834228,0.0,0.036104823286138406,0.0,0.18052411643069202,1,0.2,1,0.2,0.0,1.0,0,0.0
C_LOGISTIC_REGRESSION,3,30,textual,coefficient,0.03182163354089458,0.07115533575252761,0.0,0.03182163354089458,0.0,0.15910816770447292,1,0.2,1,0.2,0.0,1.0,0,0.0
C_LOGISTIC_REGRESSION,3,sign,textual,coefficient,-0.03107595080693145,0.06948793846973816,0.0,0.03107595080693145,-0.15537975403465726,0.0,1,0.2,1,0.0,0.2,1.0,0,0.0
C_LOGISTIC_REGRESSION,3,said,textual,coefficient,-0.008912262124659997,0.050656309958175764,0.0,0.027811557069643174,-0.09180954798575792,0.047248237362457944,2,0.4,2,0.2,0.2,0.5,0,0.0
C_LOGISTIC_REGRESSION,3,mood,textual,coefficient,0.025803266612945602,0.05769785818809712,0.0,0.025803266612945602,0.0,0.129016333064728,1,0.2,1,0.2,0.0,1.0,0,0.0
C_LOGISTIC_REGRESSION,3,comments,textual,coefficient,0.02339732265603701,0.05231800395039469,0.0,0.02339732265603701,0.0,0.11698661328018506,1,0.2,1,0.2,0.0,1.0,0,0.0
C_LOGISTIC_REGRESSION,3,definitely,textual,coefficient,-0.02285602308224432,0.05110762130720256,0.0,0.02285602308224432,-0.1142801154112216,0.0,1,0.2,1,0.0,0.2,1.0,0,0.0
C_LOGISTIC_REGRESSION,3,let talk,textual,coefficient,-0.021812316776408,0.04877382305880737,0.0,0.021812316776408,-0.10906158388204,0.0,1,0.2,1,0.0,0.2,1.0,0,0.0
C_LOGISTIC_REGRESSION,3,adhd just,textual,coefficient,-0.020959017738659137,0.04686578840526575,0.0,0.020959017738659137,-0.1047950886932957,0.0,1,0.2,1,0.0,0.2,1.0,0,0.0
C_LOGISTIC_REGRESSION,3,knowing,textual,coefficient,-0.020325581203595858,0.045449381253432335,0.0,0.020325581203595858,-0.10162790601797929,0.0,1,0.2,1,0.0,0.2,1.0,0,0.0
C_LOGISTIC_REGRESSION,3,told,textual,coefficient,0.012231992555353089,0.030549127198033352,0.0,0.014452223015688303,-0.005550576150838036,0.06671053892760348,2,0.4,2,0.2,0.2,0.5,0,0.0
C_LOGISTIC_REGRESSION,3,running,textual,coefficient,0.013341788465735338,0.029833145950806838,0.0,0.013341788465735338,0.0,0.06670894232867669,1,0.2,1,0.2,0.0,1.0,0,0.0
C_LOGISTIC_REGRESSION,3,lead,textual,coefficient,-0.012785203818026137,0.028588584843296294,0.0,0.012785203818026137,-0.06392601909013068,0.0,1,0.2,1,0.0,0.2,1.0,0,0.0
C_LOGISTIC_REGRESSION,3,basically,textual,coefficient,0.011800344367759008,0.02638637216421592,0.0,0.011800344367759008,0.0,0.05900172183879504,1,0.2,1,0.2,0.0,1.0,0,0.0
C_LOGISTIC_REGRESSION,3,listen,textual,coefficient,0.009885887969894395,0.022105517518631265,0.0,0.009885887969894395,0.0,0.04942943984947198,1,0.2,1,0.2,0.0,1.0,0,0.0
C_LOGISTIC_REGRESSION,3,home,textual,coefficient,-0.008549342217016982,0.019116910360158734,0.0,0.008549342217016982,-0.04274671108508491,0.0,1,0.2,1,0.0,0.2,1.0,0,0.0
C_LOGISTIC_REGRESSION,3,effective,textual,coefficient,0.003561917168803432,0.007964688919668068,0.0,0.003561917168803432,0.0,0.01780958584401716,1,0.2,1,0.2,0.0,1.0,0,0.0
C_LOGISTIC_REGRESSION,3,shown,textual,coefficient,-0.0010830202580315975,0.0024217069179680146,0.0,0.0010830202580315975,-0.005415101290157987,0.0,1,0.2,1,0.0,0.2,1.0,0,0.0
C_LOGISTIC_REGRESSION,4,worse,textual,coefficient,1.95011076516541,1.2260809850908654,2.339792401738513,1.95011076516541,0.5986520998548673,3.060079340502977,5,1.0,5,1.0,0.0,1.0,5,1.0
C_LOGISTIC_REGRESSION,4,symptoms,textual,coefficient,-1.9141813411897488,1.1554932183566262,-1.890069874615354,1.9141813411897488,-3.5341118007602916,-0.7655074377423455,5,1.0,5,0.0,1.0,1.0,5,1.0
C_LOGISTIC_REGRESSION,4,signs,textual,coefficient,-1.78025585891933,0.9954907428528281,-2.3734074036121413,1.78025585891933,-2.7133562174775023,-0.690275768571808,5,1.0,5,0.0,1.0,1.0,5,1.0
C_LOGISTIC_REGRESSION,4,diagnosis,textual,coefficient,-1.7382170339555976,1.0717803856924863,-2.274840408666188,1.7382170339555976,-2.804088133525355,-0.569577105821325,5,1.0,5,0.0,1.0,1.0,5,1.0
C_LOGISTIC_REGRESSION,4,stimulants,textual,coefficient,-1.4879870884050153,0.9222265994227029,-2.0371040678925385,1.4879870884050153,-2.251556977922791,-0.36645751978937496,5,1.0,5,0.0,1.0,1.0,4,0.8
C_LOGISTIC_REGRESSION,4,thought,textual,coefficient,1.2594901828272285,1.0928023595923055,0.8700032836996896,1.2594901828272285,0.0,2.463036442298073,4,0.8,4,0.8,0.0,1.0,4,0.8
C_LOGISTIC_REGRESSION,4,impulsive,textual,coefficient,-1.433124390778873,0.8379217882897186,-1.8323614150031353,1.433124390778873,-2.1748800664426664,-0.4457744691599469,5,1.0,5,0.0,1.0,1.0,3,0.6
C_LOGISTIC_REGRESSION,4,best,textual,coefficient,1.4217834857267522,0.9496298317235184,1.8578177807028329,1.4217834857267522,0.27099502446428964,2.3932469583299154,5,1.0,5,1.0,0.0,1.0,3,0.6
C_LOGISTIC_REGRESSION,4,energy,textual,coefficient,1.3775086909965317,0.876346502935286,1.8554806448102716,1.3775086909965317,0.23032897426524518,2.1676093319661205,5,1.0,5,1.0,0.0,1.0,3,0.6
C_LOGISTIC_REGRESSION,4,feels,textual,coefficient,1.3687550951430736,0.8389150851779229,0.9201848128473432,1.3687550951430736,0.7221540675561848,2.605978840619637,5,1.0,5,1.0,0.0,1.0,3,0.6
C_LOGISTIC_REGRESSION,4,hyperactivity,textual,coefficient,-1.310737859130104,0.8549128939664554,-0.8402311607821573,1.310737859130104,-2.5288381383215053,-0.6335818696053147,5,1.0,5,0.0,1.0,1.0,3,0.6
C_LOGISTIC_REGRESSION,4,say,textual,coefficient,1.2793299162518146,0.6632752046129389,1.0997723137712887,1.2793299162518146,0.6249660960431767,2.125111359292733,5,1.0,5,1.0,0.0,1.0,3,0.6
C_LOGISTIC_REGRESSION,4,life,textual,coefficient,1.2619072992085958,0.5776773721361528,1.1332147034731979,1.2619072992085958,0.7243861775405749,1.982084919764176,5,1.0,5,1.0,0.0,1.0,3,0.6
C_LOGISTIC_REGRESSION,4,sleep,textual,coefficient,-1.3576396825409767,0.879840345851121,-1.5481586124004858,1.3576396825409767,-2.3153340311466777,-0.41359914182542934,5,1.0,5,0.0,1.0,1.0,2,0.4
C_LOGISTIC_REGRESSION,4,stress,textual,coefficient,1.3563876688254843,1.0496342423789509,0.8499605999057432,1.3563876688254843,0.4716200285200653,2.7065276535796494,5,1.0,5,1.0,0.0,1.0,2,0.4
C_LOGISTIC_REGRESSION,4,avoid,textual,coefficient,1.3492180058452652,1.0894146481551836,1.6191084706697836,1.3492180058452652,0.0,2.3887174339162067,4,0.8,4,0.8,0.0,1.0,2,0.4
C_LOGISTIC_REGRESSION,4,adhd symptoms,textual,coefficient,-1.3479949140353695,0.8224454722299513,-1.803047507994738,1.3479949140353695,-2.0503603215937156,-0.40122854069587616,5,1.0,5,0.0,1.0,1.0,2,0.4
C_LOGISTIC_REGRESSION,4,mind,textual,coefficient,1.342819189584029,0.7029614217167777,1.7838917416930344,1.342819189584029,0.5089158208529279,1.9277092624478036,5,1.0,5,1.0,0.0,1.0,2,0.4
C_LOGISTIC_REGRESSION,4,stop,textual,coefficient,1.2372798909506226,0.6587832436015646,1.1814599383818885,1.2372798909506226,0.48399215719829675,2.162680868781757,5,1.0,5,1.0,0.0,1.0,2,0.4
C_LOGISTIC_REGRESSION,4,diet,textual,coefficient,-1.2023720837670813,1.0024160388078847,-1.2577553590456272,1.2023720837670813,-2.698283582360321,0.0,4,0.8,4,0.0,0.8,1.0,2,0.4
C_LOGISTIC_REGRESSION,4,hyperactive,textual,coefficient,-1.1846298853561819,0.8425648143231192,-0.8538731258691724,1.1846298853561819,-2.2216871930333117,-0.39679682155014706,5,1.0,5,0.0,1.0,1.0,2,0.4
C_LOGISTIC_REGRESSION,4,anxiety,textual,coefficient,1.1313897429652304,0.6581273217234651,1.1719997626369072,1.1313897429652304,0.4265761264204609,2.1222482537819682,5,1.0,5,1.0,0.0,1.0,2,0.4
C_LOGISTIC_REGRESSION,4,common,textual,coefficient,-1.0612472288836265,0.7442012363379098,-0.8859014301629733,1.0612472288836265,-2.2735796752814625,-0.3977567783002693,5,1.0,5,0.0,1.0,1.0,2,0.4
C_LOGISTIC_REGRESSION,4,fucking,textual,coefficient,0.9418735529751305,0.9744339392883297,0.825915789940863,0.9418735529751305,0.0,2.0158152722249394,3,0.6,3,0.6,0.0,1.0,2,0.4
C_LOGISTIC_REGRESSION,4,away,textual,coefficient,0.9337402446718555,0.8306865467848301,0.5750131926433446,0.9337402446718555,0.0,2.076673940030511,4,0.8,4,0.8,0.0,1.0,2,0.4
C_LOGISTIC_REGRESSION,4,stimulation,textual,coefficient,0.895331211070437,0.9980486865203748,0.5984267223363227,0.895331211070437,0.0,2.177912372219204,3,0.6,3,0.6,0.0,1.0,2,0.4
C_LOGISTIC_REGRESSION,4,emotions,textual,coefficient,-1.244855041921103,0.7728084973976499,-1.5214159016463529,1.244855041921103,-1.9742272168974881,-0.30948581083788035,5,1.0,5,0.0,1.0,1.0,1,0.2
C_LOGISTIC_REGRESSION,4,helps,textual,coefficient,1.2134319604524695,0.7327984526349077,1.230144136256799,1.2134319604524695,0.5042511136962498,2.1987062562517554,5,1.0,5,1.0,0.0,1.0,1,0.2
C_LOGISTIC_REGRESSION,4,day,textual,coefficient,1.1634441208226598,0.7282563732393312,1.3868025326547064,1.1634441208226598,0.31020459398577704,2.1196616874851872,5,1.0,5,1.0,0.0,1.0,1,0.2
C_LOGISTIC_REGRESSION,4,certain,textual,coefficient,-1.1478844441629228,0.7343478879035782,-1.4440535664323633,1.1478844441629228,-1.9646714535034633,-0.34335553260246676,5,1.0,5,0.0,1.0,1.0,1,0.2
C_LOGISTIC_REGRESSION,4,sure,textual,coefficient,-1.1388013683026965,0.7673205128707306,-1.1367735312865368,1.1388013683026965,-2.086981597415236,-0.33235759260758085,5,1.0,5,0.0,1.0,1.0,1,0.2
C_LOGISTIC_REGRESSION,4,number,textual,coefficient,1.1361724815979353,0.7467781585675386,0.8836083442873535,1.1361724815979353,0.40235193208631487,2.010253844752067,5,1.0,5,1.0,0.0,1.0,1,0.2
C_LOGISTIC_REGRESSION,4,time,textual,coefficient,-1.1326080402561458,0.890385393673679,-1.095821205193975,1.1326080402561458,-2.4554766352606725,-0.27921750647604804,5,1.0,5,0.0,1.0,1.0,1,0.2
C_LOGISTIC_REGRESSION,4,actually,textual,coefficient,1.0398106261585032,0.5818725397891301,0.8772798644471785,1.0398106261585032,0.38924490439933335,1.7441252691341047,5,1.0,5,1.0,0.0,1.0,1,0.2
C_LOGISTIC_REGRESSION,4,school,textual,coefficient,-0.9864584596315534,0.7663783160632085,-0.53759375084307,0.9864584596315534,-2.1952196588185267,-0.43982545143612917,5,1.0,5,0.0,1.0,1.0,1,0.2
C_LOGISTIC_REGRESSION,4,ve,textual,coefficient,0.9849719431996278,0.5708704488358707,0.7280835480647162,0.9849719431996278,0.36029728958310575,1.686025360498512,5,1.0,5,1.0,0.0,1.0,1,0.2
C_LOGISTIC_REGRESSION,4,video,textual,coefficient,-0.9762212144714304,0.8530904357518202,-0.46046563129507845,0.9762212144714304,-1.9691911900317345,-0.23706060103570856,5,1.0,5,0.0,1.0,1.0,1,0.2
C_LOGISTIC_REGRESSION,4,working,textual,coefficient,0.927825805248162,0.744264935538114,0.4975018620478554,0.927825805248162,0.3008952367019773,1.895116601985013,5,1.0,5,1.0,0.0,1.0,1,0.2
C_LOGISTIC_REGRESSION,4,don,textual,coefficient,0.9026395999097427,0.4531285701811514,0.8558583865257561,0.9026395999097427,0.5046982732370735,1.6544554034071708,5,1.0,5,1.0,0.0,1.0,1,0.2
C_LOGISTIC_REGRESSION,4,brains,textual,coefficient,0.8863897486857798,0.7278374117127917,0.7243988390741813,0.8863897486857798,0.24747825247942587,2.052747445834375,5,1.0,5,1.0,0.0,1.0,1,0.2
C_LOGISTIC_REGRESSION,4,attention,textual,coefficient,-0.8817717212637912,0.2868957580168144,-0.911128944259836,0.8817717212637912,-1.2259734942420568,-0.4926883049092918,5,1.0,5,0.0,1.0,1.0,1,0.2
C_LOGISTIC_REGRESSION,4,comes,textual,coefficient,-0.8658911291864297,0.9053596431679719,-0.680716710221137,0.8658911291864297,-2.288672900499106,-0.05510100547830539,5,1.0,5,0.0,1.0,1.0,1,0.2
C_LOGISTIC_REGRESSION,4,start,textual,coefficient,-0.8643379354235637,0.7032001879754393,-0.5801378185913969,0.8643379354235637,-2.0659830021099546,-0.2922229675450638,5,1.0,5,0.0,1.0,1.0,1,0.2
C_LOGISTIC_REGRESSION,4,medication,textual,coefficient,-0.8614082559583223,0.32043440937449397,-1.006107154945762,0.8614082559583223,-1.1367543235799615,-0.3390449283474215,5,1.0,5,0.0,1.0,1.0,1,0.2
C_LOGISTIC_REGRESSION,4,going,textual,coefficient,0.8493056993288437,0.6455171543115596,0.6314474168452784,0.8493056993288437,0.05658826186356881,1.5472370263323705,5,1.0,5,1.0,0.0,1.0,1,0.2
C_LOGISTIC_REGRESSION,4,help,textual,coefficient,0.8389214666490812,0.30086502023154343,0.9200081669619614,0.8389214666490812,0.45577722939490917,1.1562315908108713,5,1.0,5,1.0,0.0,1.0,1,0.2
C_LOGISTIC_REGRESSION,4,dopamine,textual,coefficient,0.7853973825191254,0.7549884361457291,0.5015094413083138,0.7853973825191254,0.31206496323565663,2.126606042674499,5,1.0,5,1.0,0.0,1.0,1,0.2
C_LOGISTIC_REGRESSION,4,talking,textual,coefficient,-0.7814061646279792,0.7869487678658162,-0.3366340666879215,0.7814061646279792,-1.9927207350073814,-0.11393402317239539,5,1.0,5,0.0,1.0,1.0,1,0.2
C_LOGISTIC_REGRESSION,4,feel,textual,coefficient,0.7373114295422544,0.47645967143552653,0.6074192585792973,0.7373114295422544,0.14737509374846508,1.3881426461890185,5,1.0,5,1.0,0.0,1.0,1,0.2
C_LOGISTIC_REGRESSION,4,love,textual,coefficient,0.6826171533176559,0.30084599373062987,0.623150019250634,0.6826171533176559,0.3915636049935439,1.0272689266587045,5,1.0,5,1.0,0.0,1.0,1,0.2
C_LOGISTIC_REGRESSION,4,issues,textual,coefficient,-0.5739257094964446,0.43028704207099894,-0.5315977139236407,0.5739257094964446,-1.244543570141036,-0.16617780360300527,5,1.0,5,0.0,1.0,1.0,1,0.2
C_LOGISTIC_REGRESSION,4,state,textual,coefficient,1.1701189108819325,0.641948089715843,1.3642260751248463,1.1701189108819325,0.48459088878885864,1.8873553150331632,5,1.0,5,1.0,0.0,1.0,0,0.0
C_LOGISTIC_REGRESSION,4,nervous,textual,coefficient,1.1058691439461537,0.6507357920154477,1.4354362777497585,1.1058691439461537,0.3775700747576369,1.6720725551997635,5,1.0,5,1.0,0.0,1.0,0,0.0
C_LOGISTIC_REGRESSION,4,difficulty,textual,coefficient,-1.103712182921531,0.5638204164661785,-1.3332903410341475,1.103712182921531,-1.712099260239378,-0.46798975793203523,5,1.0,5,0.0,1.0,1.0,0,0.0
C_LOGISTIC_REGRESSION,4,memory,textual,coefficient,-1.0625414626032161,0.7382377798038003,-1.3668954709618562,1.0625414626032161,-1.8719292587513168,-0.12891079940833,5,1.0,5,0.0,1.0,1.0,0,0.0
C_LOGISTIC_REGRESSION,4,great,textual,coefficient,1.0581581311791792,0.721053622741032,1.3221929248401836,1.0581581311791792,0.2296604646343016,1.8541802134938627,5,1.0,5,1.0,0.0,1.0,0,0.0
C_LOGISTIC_REGRESSION,4,adhd brains,textual,coefficient,1.0134962820353148,0.5992493869316718,1.0101530148332236,1.0134962820353148,0.36394442297613333,1.626269115817783,5,1.0,5,1.0,0.0,1.0,0,0.0
C_LOGISTIC_REGRESSION,4,differently,textual,coefficient,-0.9773962566418601,0.7405964827741899,-1.3795484970287006,0.9773962566418601,-1.6002078617669555,0.0,4,0.8,4,0.0,0.8,1.0,0,0.0
C_LOGISTIC_REGRESSION,4,didn,textual,coefficient,0.9541976833099286,0.559772913829852,0.9578109365779929,0.9541976833099286,0.3931740622103466,1.602673739980099,5,1.0,5,1.0,0.0,1.0,0,0.0
C_LOGISTIC_REGRESSION,4,new,textual,coefficient,0.949592811939311,0.5868925180214429,1.199665654953427,0.949592811939311,0.18331389835005912,1.600710218451942,5,1.0,5,1.0,0.0,1.0,0,0.0
C_LOGISTIC_REGRESSION,4,music,textual,coefficient,-0.9400327903470659,0.5471976855929305,-1.2396781031508244,0.9400327903470659,-1.4815289933613194,-0.3305860954834349,5,1.0,5,0.0,1.0,1.0,0,0.0
C_LOGISTIC_REGRESSION,4,means,textual,coefficient,0.9392286299521146,0.6063599818129067,0.8355828683513155,0.9392286299521146,0.3243872420285952,1.5852864871113195,5,1.0,5,1.0,0.0,1.0,0,0.0
C_LOGISTIC_REGRESSION,4,doctor,textual,coefficient,-0.9371534876202803,0.5605168819396431,-0.9291671637417217,0.9371534876202803,-1.6209408299164463,-0.3761422459980013,5,1.0,5,0.0,1.0,1.0,0,0.0
C_LOGISTIC_REGRESSION,4,tend,textual,coefficient,0.9341358197094893,0.3877812881963319,1.1231334576873193,0.9341358197094893,0.478282602023964,1.3625975497201193,5,1.0,5,1.0,0.0,1.0,0,0.0
C_LOGISTIC_REGRESSION,4,research,textual,coefficient,0.9335218432218376,0.6842734959034364,1.0872034886896094,0.9335218432218376,0.13302149390375817,1.6376976797453489,5,1.0,5,1.0,0.0,1.0,0,0.0
C_LOGISTIC_REGRESSION,4,really,textual,coefficient,-0.914983369116384,0.5701534389056849,-1.174043723335075,0.914983369116384,-1.5192685568947537,-0.2037499806653683,5,1.0,5,0.0,1.0,1.0,0,0.0
C_LOGISTIC_REGRESSION,4,try,textual,coefficient,0.8968286377495751,0.6320259031916664,0.5235147685595244,0.8968286377495751,0.29559356550103544,1.6604230377450593,5,1.0,5,1.0,0.0,1.0,0,0.0
C_LOGISTIC_REGRESSION,4,fast,textual,coefficient,-0.8716492738452253,0.6390201684447477,-0.48977176873175066,0.8716492738452253,-1.6496419163285245,-0.32579339541877644,5,1.0,5,0.0,1.0,1.0,0,0.0
C_LOGISTIC_REGRESSION,4,need,textual,coefficient,0.8402391616370565,0.4474992510086921,0.9047269580643977,0.8402391616370565,0.30366500920190326,1.3309177349493415,5,1.0,5,1.0,0.0,1.0,0,0.0
C_LOGISTIC_REGRESSION,4,uh,textual,coefficient,-0.8387323545552464,0.7426594932139116,-0.48263047799034925,0.8387323545552464,-1.7556019285601427,0.0,4,0.8,4,0.0,0.8,1.0,0,0.0
C_LOGISTIC_REGRESSION,4,trouble,textual,coefficient,-0.8380502441708101,0.4296944806680022,-0.9593265363110376,0.8380502441708101,-1.3792124777061954,-0.38107999236915546,5,1.0,5,0.0,1.0,1.0,0,0.0
C_LOGISTIC_REGRESSION,4,important,textual,coefficient,-0.8192562198911899,0.6807362327271307,-0.4581156975188981,0.8192562198911899,-1.8477688819160025,-0.30312113566304144,5,1.0,5,0.0,1.0,1.0,0,0.0
C_LOGISTIC_REGRESSION,4,sugar,textual,coefficient,0.8180838228170323,0.5827299186191447,0.4953127838785905,0.8180838228170323,0.23442498767279737,1.4876916299886052,5,1.0,5,1.0,0.0,1.0,0,0.0
C_LOGISTIC_REGRESSION,4,adults,textual,coefficient,-0.817332848370208,0.36541640230408023,-0.8157978216494085,0.817332848370208,-1.3411898613887896,-0.4664053025085306,5,1.0,5,0.0,1.0,1.0,0,0.0
C_LOGISTIC_REGRESSION,4,activity,textual,coefficient,-0.8146420199477055,0.7050727330921727,-0.5516322699730075,0.8146420199477055,-1.6269464427712814,0.0,4,0.8,4,0.0,0.8,1.0,0,0.0
C_LOGISTIC_REGRESSION,4,condition,textual,coefficient,-0.8136004702735183,0.5046768032388165,-1.0094366889087232,0.8136004702735183,-1.285536079894042,-0.2078968978467599,5,1.0,5,0.0,1.0,1.0,0,0.0
C_LOGISTIC_REGRESSION,4,burnout,textual,coefficient,0.8097768790209493,0.43481794660453693,0.7676547804418855,0.8097768790209493,0.3879094235046054,1.5031649028851088,5,1.0,5,1.0,0.0,1.0,0,0.0
C_LOGISTIC_REGRESSION,4,did,textual,coefficient,0.8004061429862107,0.44988196592834057,0.8295148483684123,0.8004061429862107,0.381396229335347,1.4743442003268554,5,1.0,5,1.0,0.0,1.0,0,0.0
C_LOGISTIC_REGRESSION,4,low,textual,coefficient,0.7853126956142706,0.6294212700484438,1.0103020134032565,0.7853126956142706,0.1131757461109597,1.5081700039696253,5,1.0,5,1.0,0.0,1.0,0,0.0
C_LOGISTIC_REGRESSION,4,using,textual,coefficient,-0.782835335931264,0.5233828341451078,-0.9478988019758178,0.782835335931264,-1.4827408505333537,-0.23667441364283243,5,1.0,5,0.0,1.0,1.0,0,0.0
C_LOGISTIC_REGRESSION,4,years,textual,coefficient,0.7809526336613277,0.5516487355938283,0.6424067717187414,0.7809526336613277,0.3325656121257607,1.6972248371667569,5,1.0,5,1.0,0.0,1.0,0,0.0
C_LOGISTIC_REGRESSION,4,inattentive,textual,coefficient,-0.7383726808248928,0.6965820178109768,-0.38608108063823293,0.7383726808248928,-1.5641992817409514,0.0,4,0.8,4,0.0,0.8,1.0,0,0.0
C_LOGISTIC_REGRESSION,4,finally,textual,coefficient,-0.7377693081104181,0.615035851008979,-0.8534193396962909,0.7377693081104181,-1.3525095470206527,0.0,4,0.8,4,0.0,0.8,1.0,0,0.0
C_LOGISTIC_REGRESSION,4,wrong,textual,coefficient,0.7322309078449237,0.49842832193526976,0.8432977993790389,0.7322309078449237,0.12152755697063852,1.221470072349051,5,1.0,5,1.0,0.0,1.0,0,0.0
C_LOGISTIC_REGRESSION,4,diagnosed,textual,coefficient,-0.4956536693123047,0.747950871092367,-0.42410847515456845,0.7232394782700732,-1.4303230943708394,0.5689645223944214,5,1.0,5,0.2,0.8,0.8,0,0.0
C_LOGISTIC_REGRESSION,4,maybe,textual,coefficient,0.7182405914029544,0.3229081281226883,0.8516907518500572,0.7182405914029544,0.3640797038878118,1.0332535792902005,5,1.0,5,1.0,0.0,1.0,0,0.0
C_LOGISTIC_REGRESSION,4,calm,textual,coefficient,0.7173294975949114,0.3572493330124002,0.7833456830548903,0.7173294975949114,0.3407704258283468,1.1958351685071615,5,1.0,5,1.0,0.0,1.0,0,0.0
C_LOGISTIC_REGRESSION,4,gonna,textual,coefficient,0.7096462470767483,0.7822129745904931,0.47328135371785973,0.7096462470767483,0.0,1.620432469924266,3,0.6,3,0.6,0.0,1.0,0,0.0
C_LOGISTIC_REGRESSION,4,usually,textual,coefficient,-0.701416517752435,0.6378119033489688,-0.8591899755653023,0.7070425021681128,-1.5427457056639224,0.014064961039194605,5,1.0,5,0.2,0.8,0.8,0,0.0
C_LOGISTIC_REGRESSION,4,consequences,textual,coefficient,0.6965406593751793,0.9550244429784983,0.0,0.6965406593751793,0.0,1.8103446572304804,2,0.4,2,0.4,0.0,1.0,0,0.0
C_LOGISTIC_REGRESSION,4,thoughts,textual,coefficient,-0.6959606346428104,0.7058746344736503,-0.34108226701427136,0.6959606346428104,-1.7274931697534777,0.0,4,0.8,4,0.0,0.8,1.0,0,0.0
C_LOGISTIC_REGRESSION,4,experience,textual,coefficient,-0.6947229713276047,0.38184831734097524,-0.5352483774318348,0.6947229713276047,-1.241764669110495,-0.3356854744900659,5,1.0,5,0.0,1.0,1.0,0,0.0
C_LOGISTIC_REGRESSION,4,having,textual,coefficient,-0.6914893485079767,0.6351167762308886,-0.29065277557490066,0.6914893485079767,-1.6851892535214386,-0.2451981827634996,5,1.0,5,0.0,1.0,1.0,0,0.0
C_LOGISTIC_REGRESSION,4,know,textual,coefficient,0.6895212627676747,0.6107981614419374,0.7427491366508413,0.6895212627676747,0.12915758558720075,1.6471495697122722,5,1.0,5,1.0,0.0,1.0,0,0.0
C_LOGISTIC_REGRESSION,4,right,textual,coefficient,0.686089933287878,0.5675432448539426,0.4865063735008064,0.686089933287878,0.08244055305947111,1.541278843075331,5,1.0,5,1.0,0.0,1.0,0,0.0
C_LOGISTIC_REGRESSION,4,duration_sec_within_platform_percentile,engagement_or_format,coefficient,-0.6857723252310093,0.2610957995668692,-0.7634164605025996,0.6857723252310093,-0.9874403371010636,-0.3086009846853913,5,1.0,5,0.0,1.0,1.0,0,0.0
C_LOGISTIC_REGRESSION,4,10,textual,coefficient,0.68260878275647,0.5802886278231297,0.46706823143324117,0.68260878275647,0.017260108195494787,1.314757175393939,5,1.0,5,1.0,0.0,1.0,0,0.0
C_LOGISTIC_REGRESSION,4,high,textual,coefficient,0.6031797390601547,0.7356478144467223,0.47966796998067496,0.6767646644947674,-0.11963371353824355,1.4934812554274703,5,1.0,5,0.6,0.4,0.6,0,0.0
C_LOGISTIC_REGRESSION,4,sensory,textual,coefficient,-0.6710517334693932,0.6724820408933266,-0.31219758512028684,0.6710517334693932,-1.4418077607497608,0.0,4,0.8,4,0.0,0.8,1.0,0,0.0
C_LOGISTIC_REGRESSION,4,hard,textual,coefficient,-0.6675972794231957,0.42101789244454985,-0.810507847928797,0.6675972794231957,-1.2103355239879743,-0.22669726104715923,5,1.0,5,0.0,1.0,1.0,0,0.0
C_LOGISTIC_REGRESSION,4,phone,textual,coefficient,0.6629350983045788,0.6147523696531231,0.9544053487477349,0.6629350983045788,0.0,1.3108850457914707,4,0.8,4,0.8,0.0,1.0,0,0.0
C_LOGISTIC_REGRESSION,4,brain,textual,coefficient,0.6581376597981288,0.280379939717359,0.7939177042010913,0.6581376597981288,0.2533087355677483,0.8979894041960873,5,1.0,5,1.0,0.0,1.0,0,0.0
C_LOGISTIC_REGRESSION,4,taking,textual,coefficient,-0.6271829647224794,0.7193404198876715,-0.23787416727645302,0.6526452164611681,-1.6543552884609434,0.06365562934672216,5,1.0,5,0.2,0.8,0.8,0,0.0
C_LOGISTIC_REGRESSION,4,lot,textual,coefficient,0.6467341124542703,0.6163705877093613,0.5318555141262139,0.6467341124542703,0.062260082053214365,1.4667517697167312,5,1.0,5,1.0,0.0,1.0,0,0.0
C_LOGISTIC_REGRESSION,4,needs,textual,coefficient,0.6434836757414419,0.34966623396768487,0.5803832486958844,0.6434836757414419,0.2820899365768802,1.1729925093192899,5,1.0,5,1.0,0.0,1.0,0,0.0
C_LOGISTIC_REGRESSION,4,reason,textual,coefficient,0.6409138968134837,0.28594015625517094,0.7165525773769529,0.6409138968134837,0.3222054335763803,0.9799960150908111,5,1.0,5,1.0,0.0,1.0,0,0.0
C_LOGISTIC_REGRESSION,4,focus,textual,coefficient,0.5742387975981217,0.6122011724232349,0.8416448075613869,0.6377128234535128,-0.12251990737617359,1.214621274658157,5,1.0,5,0.6,0.4,0.6,0,0.0
C_LOGISTIC_REGRESSION,4,relationships,textual,coefficient,-0.6293961554487103,0.5005339627301448,-0.6449870992754425,0.6293961554487103,-1.258080139660106,0.0,4,0.8,4,0.0,0.8,1.0,0,0.0
C_LOGISTIC_REGRESSION,4,bit,textual,coefficient,-0.6250209463443896,0.48847802128166845,-0.658065094395845,0.6250209463443896,-1.1714538278902287,-0.11428350682078069,5,1.0,5,0.0,1.0,1.0,0,0.0
C_LOGISTIC_REGRESSION,4,caffeine,textual,coefficient,0.6170173016601266,0.45439771619113,0.8040029352743082,0.6170173016601266,0.0,1.101610409833216,4,0.8,4,0.8,0.0,1.0,0,0.0
C_LOGISTIC_REGRESSION,4,oh,textual,coefficient,-0.543826034280447,0.6928783744861693,-0.18591151601043637,0.6135819659967757,-1.3088032216382028,0.17438982929082172,5,1.0,5,0.2,0.8,0.8,0,0.0
C_LOGISTIC_REGRESSION,4,later,textual,coefficient,0.6114129857695032,0.3721505051963474,0.4224626606783943,0.6114129857695032,0.257803460969732,1.1254102458158042,5,1.0,5,1.0,0.0,1.0,0,0.0
C_LOGISTIC_REGRESSION,4,adult,textual,coefficient,-0.6097998748767232,0.6998465830093105,-0.3289491232641879,0.6097998748767232,-1.433768552364608,0.0,3,0.6,3,0.0,0.6,1.0,0,0.0
C_LOGISTIC_REGRESSION,4,everybody,textual,coefficient,0.14433922199490376,0.9189309610427431,0.13369528515809817,0.6082281164038758,-1.15972223602243,1.4301750897736516,5,1.0,5,0.8,0.2,0.8,0,0.0
C_LOGISTIC_REGRESSION,4,okay,textual,coefficient,0.6049676331664993,0.48193035111548305,0.3840319476133146,0.6049676331664993,0.14654791930095584,1.3748351964105345,5,1.0,5,1.0,0.0,1.0,0,0.0
C_LOGISTIC_REGRESSION,4,likes_within_platform_percentile,engagement_or_format,coefficient,-0.5961094128405857,0.4323293942296089,-0.6765845298491501,0.5961094128405857,-1.1869631536230532,-0.1015434436628946,5,1.0,5,0.0,1.0,1.0,0,0.0
C_LOGISTIC_REGRESSION,4,single,textual,coefficient,0.5943828249243843,0.5475784902894626,0.4105662970650888,0.5943828249243843,0.0,1.312142996119354,4,0.8,4,0.8,0.0,1.0,0,0.0
C_LOGISTIC_REGRESSION,4,deficit,textual,coefficient,0.49304444722347673,0.5784401008067903,0.7081683767027596,0.5881059649366477,-0.1258719579736012,1.12881721570778,5,1.0,5,0.6,0.4,0.6,0,0.0
C_LOGISTIC_REGRESSION,4,especially,textual,coefficient,0.5833453998716467,0.4567112364902017,0.5126207574646484,0.5833453998716467,0.05485439525422733,1.051858938576496,5,1.0,5,1.0,0.0,1.0,0,0.0
C_LOGISTIC_REGRESSION,4,body,textual,coefficient,0.568719612293861,0.48997578196585767,0.7431795998583243,0.5827411610102653,-0.03505387179101056,1.1597154995138785,5,1.0,5,0.8,0.2,0.8,0,0.0
C_LOGISTIC_REGRESSION,4,add,textual,coefficient,0.538795719092366,0.5067944152281784,0.8115002171473352,0.5795509961711531,-0.10188819269696787,0.9871997301755633,5,1.0,5,0.8,0.2,0.8,0,0.0
C_LOGISTIC_REGRESSION,4,self,textual,coefficient,0.4822815875159342,0.6967801550120593,0.12016619831521579,0.5787869545657001,-0.24126341762441458,1.3005648162800258,5,1.0,5,0.8,0.2,0.8,0,0.0
C_LOGISTIC_REGRESSION,4,bad,textual,coefficient,-0.5540012321979197,0.6851459766593853,-0.3120170185790152,0.5758089019116961,-1.535267050428332,0.05372338338853163,5,1.0,5,0.4,0.6,0.6,0,0.0
C_LOGISTIC_REGRESSION,4,health,textual,coefficient,0.5741333059861666,0.5545305653899879,0.4652880552950673,0.5741333059861666,0.1829663576588242,1.5364173006073178,5,1.0,5,1.0,0.0,1.0,0,0.0
C_LOGISTIC_REGRESSION,4,got,textual,coefficient,0.5727427257645455,0.36357441413722547,0.5677731981261066,0.5727427257645455,0.18629305209849362,1.1096296198616344,5,1.0,5,1.0,0.0,1.0,0,0.0
C_LOGISTIC_REGRESSION,4,small,textual,coefficient,0.5704988461348248,0.36169517295875303,0.6673408345171311,0.5704988461348248,0.1393373126258715,1.0267568738193584,5,1.0,5,1.0,0.0,1.0,0,0.0
C_LOGISTIC_REGRESSION,4,difference,textual,coefficient,-0.5597947803807121,0.31542991550632754,-0.7190894412492151,0.5597947803807121,-0.8591688337768212,-0.2002877016662517,5,1.0,5,0.0,1.0,1.0,0,0.0
C_LOGISTIC_REGRESSION,4,test,textual,coefficient,-0.5540908686349881,0.26994476661669997,-0.6090173088377462,0.5540908686349881,-0.8492708688133279,-0.2060426727423965,5,1.0,5,0.0,1.0,1.0,0,0.0
C_LOGISTIC_REGRESSION,4,doesn,textual,coefficient,-0.10955153993753868,0.8979580167594684,0.1566097375495908,0.5530998356780745,-1.6566284390390331,0.6578748993442075,5,1.0,5,0.8,0.2,0.8,0,0.0
C_LOGISTIC_REGRESSION,4,children,textual,coefficient,0.4051842810832477,0.6720777282022538,0.1059606411546157,0.5510225001415063,-0.36459554764564633,1.274073183132608,5,1.0,5,0.8,0.2,0.8,0,0.0
C_LOGISTIC_REGRESSION,4,adhders,textual,coefficient,0.5508601030150745,0.612740109854853,0.3573411597878011,0.5508601030150745,0.0,1.2950101247572392,3,0.6,3,0.6,0.0,1.0,0,0.0
C_LOGISTIC_REGRESSION,4,thing,textual,coefficient,0.5497192430232613,0.4048723566649665,0.46719180321335607,0.5497192430232613,0.22282091190999387,1.2392802240135121,5,1.0,5,1.0,0.0,1.0,0,0.0
C_LOGISTIC_REGRESSION,4,eating,textual,coefficient,0.5152344790064604,0.6738518593046884,0.11262071673134265,0.5450586575278301,-0.0745604463034246,1.4468117952515989,5,1.0,5,0.8,0.2,0.8,0,0.0
C_LOGISTIC_REGRESSION,4,just,textual,coefficient,0.5436808696338173,0.2861216593120948,0.47231742565971013,0.5436808696338173,0.15760561630810552,0.8494125335713117,5,1.0,5,1.0,0.0,1.0,0,0.0
C_LOGISTIC_REGRESSION,4,people,textual,coefficient,0.5164974992396549,0.42612576700119786,0.5626882046225611,0.542734073099969,-0.06559143465078526,1.0121784069004636,5,1.0,5,0.8,0.2,0.8,0,0.0
C_LOGISTIC_REGRESSION,4,sit,textual,coefficient,0.5422017094547211,0.46010613981636383,0.29172435308961964,0.5422017094547211,0.14365118346398184,1.2301677881037356,5,1.0,5,1.0,0.0,1.0,0,0.0
C_LOGISTIC_REGRESSION,4,talk,textual,coefficient,-0.33528462501991896,0.5624034484444358,-0.4252586603562601,0.5408139204278208,-1.0224832454841526,0.5138232385197546,5,1.0,5,0.2,0.8,0.8,0,0.0
C_LOGISTIC_REGRESSION,4,dr,textual,coefficient,-0.5362975737913501,0.5945216810809932,-0.34631305085899344,0.5362975737913501,-1.21977031161147,0.0,3,0.6,3,0.0,0.6,1.0,0,0.0
C_LOGISTIC_REGRESSION,4,kids,textual,coefficient,0.4916537531024324,0.6072541043518774,0.3633298815108652,0.5331572905402641,-0.10375884359457922,1.405617513389413,5,1.0,5,0.8,0.2,0.8,0,0.0
C_LOGISTIC_REGRESSION,4,things like,textual,coefficient,-0.5327045446841047,0.3560535410334254,-0.46717717787508756,0.5327045446841047,-0.9452299802216152,-0.1292260136383812,5,1.0,5,0.0,1.0,1.0,0,0.0
C_LOGISTIC_REGRESSION,4,come,textual,coefficient,0.46177744525268005,0.5209535998924606,0.39609549895447543,0.5286235782716355,-0.16711533254738886,1.2568342007668578,5,1.0,5,0.8,0.2,0.8,0,0.0
C_LOGISTIC_REGRESSION,4,example,textual,coefficient,-0.5275466176755752,0.5816354143183872,-0.24443715538440267,0.5275466176755752,-1.4227055214473863,0.0,4,0.8,4,0.0,0.8,1.0,0,0.0
C_LOGISTIC_REGRESSION,4,minutes,textual,coefficient,-0.5253131851427891,0.47043930641348186,-0.37184076003489863,0.5253131851427891,-1.0920237223902804,-0.09865568515148092,5,1.0,5,0.0,1.0,1.0,0,0.0
C_LOGISTIC_REGRESSION,4,make,textual,coefficient,0.5214456033785335,0.47044826391629113,0.39831771735148236,0.5214456033785335,0.042136861541916294,1.2383397083690206,5,1.0,5,1.0,0.0,1.0,0,0.0
C_LOGISTIC_REGRESSION,4,neurotypical,textual,coefficient,0.5207532162386802,0.24303927966504899,0.5156258766379329,0.5207532162386802,0.25323637132512655,0.7686142422126255,5,1.0,5,1.0,0.0,1.0,0,0.0
C_LOGISTIC_REGRESSION,4,ve got,textual,coefficient,0.5108190650079028,0.41836498273143036,0.44084124178104256,0.5108190650079028,0.1396120327207549,1.2008965775980034,5,1.0,5,1.0,0.0,1.0,0,0.0
C_LOGISTIC_REGRESSION,4,higher,textual,coefficient,-0.5048023069167982,0.33525239040097066,-0.43040378863810047,0.5048023069167982,-0.9722708028310214,-0.05662363467672885,5,1.0,5,0.0,1.0,1.0,0,0.0
C_LOGISTIC_REGRESSION,4,support,textual,coefficient,-0.3140997893270468,0.541873886750387,-0.27969315369560666,0.49723564626611017,-0.983367910346663,0.45783964234765834,5,1.0,5,0.2,0.8,0.8,0,0.0
C_LOGISTIC_REGRESSION,4,end,textual,coefficient,0.49566262981696524,0.4007780739695109,0.3902605315116381,0.49566262981696524,0.12265594164496717,1.1600666260984989,5,1.0,5,1.0,0.0,1.0,0,0.0
C_LOGISTIC_REGRESSION,4,medications,textual,coefficient,-0.49380026314972236,0.2451144139614332,-0.3920747872376618,0.49380026314972236,-0.9182261287033768,-0.30766094451906506,5,1.0,5,0.0,1.0,1.0,0,0.0
C_LOGISTIC_REGRESSION,4,increase,textual,coefficient,-0.3872947153012921,0.5675911809181433,-0.261648244471717,0.4911842299370677,-1.0927109610969514,0.2597237865894389,4,0.8,4,0.2,0.6,0.75,0,0.0
C_LOGISTIC_REGRESSION,4,thinking,textual,coefficient,-0.4870857303902145,0.7169687634418395,-0.3398190169342128,0.4870857303902145,-1.7301436407100128,0.0,3,0.6,3,0.0,0.6,1.0,0,0.0
C_LOGISTIC_REGRESSION,4,control,textual,coefficient,-0.39679311780162496,0.5116520025317823,-0.40135475535954485,0.4866436505310026,-0.977615197283281,0.15735070729811762,5,1.0,5,0.4,0.6,0.6,0,0.0
C_LOGISTIC_REGRESSION,4,fact,textual,coefficient,0.47846282024858644,0.4377339372228105,0.4676247926409174,0.47846282024858644,0.007312880159866768,1.123888294076194,5,1.0,5,1.0,0.0,1.0,0,0.0
C_LOGISTIC_REGRESSION,4,different,textual,coefficient,-0.2990478298698326,0.5888353111410812,-0.1651781164873718,0.47612389825573975,-1.1478692692133872,0.24010304412182332,5,1.0,5,0.4,0.6,0.6,0,0.0
C_LOGISTIC_REGRESSION,4,ability,textual,coefficient,0.47465233490935976,0.46743183850352255,0.5507043431786455,0.47465233490935976,0.0,1.1326554901198058,4,0.8,4,0.8,0.0,1.0,0,0.0
C_LOGISTIC_REGRESSION,4,want,textual,coefficient,0.2023766840260821,0.6516260549578221,0.15192292742122532,0.47418747807586686,-0.6795269851244616,1.1443207861718696,5,1.0,5,0.8,0.2,0.8,0,0.0
C_LOGISTIC_REGRESSION,4,yes,textual,coefficient,-0.4739423949728441,0.47101945986546523,-0.24889823989081414,0.4739423949728441,-1.2579057009234138,-0.10835213176732925,5,1.0,5,0.0,1.0,1.0,0,0.0
C_LOGISTIC_REGRESSION,4,behavior,textual,coefficient,0.47012624517458246,0.36901218412853515,0.6094245037618056,0.47186683892344516,-0.0043514843721566355,0.8797566856335395,5,1.0,5,0.8,0.2,0.8,0,0.0
C_LOGISTIC_REGRESSION,4,happens,textual,coefficient,0.15316382606223625,0.744777047992541,0.08902894804095043,0.46888922379800596,-0.7893134943394243,1.3005027406955971,5,1.0,5,0.8,0.2,0.8,0,0.0
C_LOGISTIC_REGRESSION,4,exercise,textual,coefficient,0.4624689056445854,0.5953414439234105,0.17197713376671092,0.4624689056445854,0.0,1.455686444996524,4,0.8,4,0.8,0.0,1.0,0,0.0
C_LOGISTIC_REGRESSION,4,task,textual,coefficient,0.42723643483173585,0.4230961705776853,0.4175389198094908,0.45864061420810665,-0.07851044844092697,1.046562992807194,5,1.0,5,0.8,0.2,0.8,0,0.0
C_LOGISTIC_REGRESSION,4,better,textual,coefficient,-0.4575769737815928,0.5154263513485893,-0.2859688352726665,0.4575769737815928,-1.2997907124981984,-0.025307601005683363,5,1.0,5,0.0,1.0,1.0,0,0.0
C_LOGISTIC_REGRESSION,4,probably,textual,coefficient,0.4013657924066849,0.5574334984182632,0.20415142412084267,0.4572883431195855,-0.1398063767822514,1.3090195269988187,5,1.0,5,0.8,0.2,0.8,0,0.0
C_LOGISTIC_REGRESSION,4,strategies,textual,coefficient,-0.45668457620550706,0.6256884075185595,0.0,0.45668457620550706,-1.1711895436788085,0.0,2,0.4,2,0.0,0.4,1.0,0,0.0
C_LOGISTIC_REGRESSION,4,term,textual,coefficient,-0.4557772679788714,0.45695558374692624,-0.22853575815559588,0.4557772679788714,-1.203647563417866,-0.06910252100098553,5,1.0,5,0.0,1.0,1.0,0,0.0
C_LOGISTIC_REGRESSION,4,protein,textual,coefficient,-0.45554708645239683,0.442958085006835,-0.3384382233566807,0.45554708645239683,-0.9822696425159004,-0.03761645334645138,5,1.0,5,0.0,1.0,1.0,0,0.0
C_LOGISTIC_REGRESSION,4,parents,textual,coefficient,-0.45539811198786834,0.6299934077348899,0.0,0.45539811198786834,-1.265304136406858,0.0,2,0.4,2,0.0,0.4,1.0,0,0.0
C_LOGISTIC_REGRESSION,4,problem,textual,coefficient,0.31278337010605356,0.4722279282537984,0.4670714564147826,0.4544127796324962,-0.27854561467576,0.8419354754852374,5,1.0,5,0.6,0.4,0.6,0,0.0
C_LOGISTIC_REGRESSION,4,women,textual,coefficient,-0.33779250169751446,0.6271776562986416,-0.02908609821018084,0.45318199288150696,-1.2924317856133392,0.16500665590224725,5,1.0,5,0.4,0.6,0.6,0,0.0
C_LOGISTIC_REGRESSION,4,yeah,textual,coefficient,-0.039602845439694646,0.6060914519143646,0.20672560687104205,0.449712802975598,-1.0292322189175236,0.4446676746909327,5,1.0,5,0.6,0.4,0.6,0,0.0
C_LOGISTIC_REGRESSION,4,making,textual,coefficient,0.4151363116592499,0.49103524293654055,0.1831767277163126,0.4497123448160115,-0.08644008289190386,1.100227153745856,5,1.0,5,0.8,0.2,0.8,0,0.0
C_LOGISTIC_REGRESSION,4,real,textual,coefficient,-0.3663124867714677,0.5356217390800615,-0.15832101739196505,0.4491025863541596,-1.1332060508194461,0.20697524895672983,5,1.0,5,0.2,0.8,0.8,0,0.0
C_LOGISTIC_REGRESSION,4,work,textual,coefficient,0.40990107096298944,0.47299328722882156,0.19990077312090895,0.4489230423450392,-0.09755492845512449,0.9282397088245974,5,1.0,5,0.8,0.2,0.8,0,0.0
C_LOGISTIC_REGRESSION,4,level,textual,coefficient,-0.4486186787474984,0.4966128361112453,-0.3661104032193845,0.4486186787474984,-1.2276662566500312,0.0,4,0.8,4,0.0,0.8,1.0,0,0.0
C_LOGISTIC_REGRESSION,4,overwhelmed,textual,coefficient,-0.4468261223281703,0.6257433374243837,-0.1252496855522262,0.4468261223281703,-1.5200990715050875,0.0,4,0.8,4,0.0,0.8,1.0,0,0.0
C_LOGISTIC_REGRESSION,4,food,textual,coefficient,-0.4421683277277416,0.49066668691954546,-0.1371343483634044,0.4421683277277416,-1.2300403428901618,-0.11148637699785688,5,1.0,5,0.0,1.0,1.0,0,0.0
C_LOGISTIC_REGRESSION,4,adhd medication,textual,coefficient,-0.4401996898269391,0.4242398940666497,-0.33085471364711977,0.4401996898269391,-1.0509644796711328,0.0,4,0.8,4,0.0,0.8,1.0,0,0.0
C_LOGISTIC_REGRESSION,4,don know,textual,coefficient,0.4354386157250122,0.5384253969023318,0.1290563479906325,0.4354386157250122,0.0,1.2487231948145805,4,0.8,4,0.8,0.0,1.0,0,0.0
C_LOGISTIC_REGRESSION,4,mean,textual,coefficient,-0.32817080737672844,0.44533985494457246,-0.18544395339380346,0.4337769776347293,-0.8232199471330398,0.2640154256450022,5,1.0,5,0.2,0.8,0.8,0,0.0
C_LOGISTIC_REGRESSION,4,social,textual,coefficient,0.4331423938472496,0.3335052242653892,0.3739256738991381,0.4331423938472496,0.07338489297153504,0.9642849332447033,5,1.0,5,1.0,0.0,1.0,0,0.0
C_LOGISTIC_REGRESSION,4,forget,textual,coefficient,-0.10618637538632465,0.5959669889406355,-0.07265074438197325,0.4301190636857319,-0.7219053356625674,0.8098317207485181,5,1.0,5,0.2,0.8,0.8,0,0.0
C_LOGISTIC_REGRESSION,4,information,textual,coefficient,0.4294818378595834,0.3056770581135728,0.4354249564532529,0.4294818378595834,0.0,0.7721312269482202,4,0.8,4,0.8,0.0,1.0,0,0.0
C_LOGISTIC_REGRESSION,4,able,textual,coefficient,0.36366761913474754,0.5385187019639249,0.27140895720461433,0.42704740981370826,-0.15844947669740164,1.2623158800998313,5,1.0,5,0.8,0.2,0.8,0,0.0
C_LOGISTIC_REGRESSION,4,saying,textual,coefficient,0.42389380204871746,0.34246232420042405,0.3533826130993138,0.42389380204871746,0.1227653255045065,0.9389173488370777,5,1.0,5,1.0,0.0,1.0,0,0.0
C_LOGISTIC_REGRESSION,4,goes,textual,coefficient,0.41533038292751423,0.401685997143309,0.22204279667084115,0.41533038292751423,0.0,1.0094521685128088,4,0.8,4,0.8,0.0,1.0,0,0.0
C_LOGISTIC_REGRESSION,4,like,textual,coefficient,0.41387381677740837,0.18583893045880298,0.3910863723292991,0.41387381677740837,0.18472781402551106,0.6916126669507997,5,1.0,5,1.0,0.0,1.0,0,0.0
C_LOGISTIC_REGRESSION,4,literally,textual,coefficient,0.41383794436276766,0.3076405846535312,0.47824652843687765,0.41383794436276766,0.0,0.7377646535747673,4,0.8,4,0.8,0.0,1.0,0,0.0
C_LOGISTIC_REGRESSION,4,study,textual,coefficient,-0.09174137732546539,0.6355388071082736,0.19008627631285172,0.4131176380917842,-1.188204690765981,0.3966443583596742,5,1.0,5,0.6,0.4,0.6,0,0.0
C_LOGISTIC_REGRESSION,4,function,textual,coefficient,0.20109556505678333,0.4440201410619492,0.26258819093762925,0.4125751214721555,-0.5286988910384306,0.6597824279705898,5,1.0,5,0.8,0.2,0.8,0,0.0
C_LOGISTIC_REGRESSION,4,morning,textual,coefficient,0.4100200523407678,0.2837664079803665,0.4029901022466415,0.4100200523407678,0.0,0.7990147132596634,4,0.8,4,0.8,0.0,1.0,0,0.0
C_LOGISTIC_REGRESSION,4,feel like,textual,coefficient,0.4090139178752299,0.2929439444725298,0.4674935083939044,0.4090139178752299,0.08272442000732615,0.8355514206058876,5,1.0,5,1.0,0.0,1.0,0,0.0
C_LOGISTIC_REGRESSION,4,addiction,textual,coefficient,0.39956021007685105,0.547120462135879,0.0,0.39956021007685105,0.0,0.9993951342199432,2,0.4,2,0.4,0.0,1.0,0,0.0
C_LOGISTIC_REGRESSION,4,um,textual,coefficient,0.399107124780243,0.44040091062670844,0.32286628757053487,0.399107124780243,0.0,1.1294179321648714,4,0.8,4,0.8,0.0,1.0,0,0.0
C_LOGISTIC_REGRESSION,4,emotional,textual,coefficient,-0.3969579608010475,0.2454860100434072,-0.38965615323427094,0.3969579608010475,-0.6938395609412755,-0.07034062616765988,5,1.0,5,0.0,1.0,1.0,0,0.0
C_LOGISTIC_REGRESSION,4,trying,textual,coefficient,-0.2005958790443887,0.6079801660277465,-0.1041480253360958,0.39299913342275544,-1.1901081429281783,0.48100813594591674,5,1.0,5,0.2,0.8,0.8,0,0.0
C_LOGISTIC_REGRESSION,4,levels,textual,coefficient,-0.05425997816066956,0.5985026680891639,0.0,0.3882968116668516,-0.9876572288391605,0.6513069938013223,4,0.8,4,0.4,0.4,0.5,0,0.0
C_LOGISTIC_REGRESSION,4,little,textual,coefficient,-0.11954270298133376,0.6729354216519033,0.05107386317204477,0.3880992617144531,-1.25346360174454,0.5514050142376349,5,1.0,5,0.6,0.4,0.6,0,0.0
C_LOGISTIC_REGRESSION,4,completely,textual,coefficient,0.3874575574153325,0.32956221617756143,0.3148699486733691,0.3874575574153325,0.0,0.7583304437821816,4,0.8,4,0.8,0.0,1.0,0,0.0
C_LOGISTIC_REGRESSION,4,autism,textual,coefficient,-0.38179753652247916,0.37036917726764185,-0.3028622759601677,0.38179753652247916,-1.0112931551437496,-0.08306703502888543,5,1.0,5,0.0,1.0,1.0,0,0.0
C_LOGISTIC_REGRESSION,4,use,textual,coefficient,-0.3814779148930143,0.5275630143390911,-0.15162917856958594,0.3814779148930143,-1.3247422140199363,-0.11968246761558382,5,1.0,5,0.0,1.0,1.0,0,0.0
C_LOGISTIC_REGRESSION,4,good,textual,coefficient,0.2759959843846619,0.6268599082641425,0.024872913714149406,0.3779598652431548,-0.14514484532631436,1.3630725897296343,5,1.0,5,0.6,0.4,0.6,0,0.0
C_LOGISTIC_REGRESSION,4,views_within_platform_percentile,engagement_or_format,coefficient,0.37485721933935173,0.4302112676030147,0.22045208039452951,0.37485721933935173,0.10676879227348993,1.139678216381888,5,1.0,5,1.0,0.0,1.0,0,0.0
C_LOGISTIC_REGRESSION,4,20,textual,coefficient,0.37075871416077144,0.35156201796938413,0.48226977222139916,0.37075871416077144,0.0,0.7512242255104288,3,0.6,3,0.6,0.0,1.0,0,0.0
C_LOGISTIC_REGRESSION,4,likely,textual,coefficient,-0.3150190661983028,0.3490773775145767,-0.387841624014512,0.36870004841500803,-0.7837760190777712,0.13420245554176324,5,1.0,5,0.2,0.8,0.8,0,0.0
C_LOGISTIC_REGRESSION,4,interesting,textual,coefficient,0.3634485844163632,0.5123562942092016,0.0,0.3634485844163632,0.0,1.0808485458827046,2,0.4,2,0.4,0.0,1.0,0,0.0
C_LOGISTIC_REGRESSION,4,adhd people,textual,coefficient,0.16474151742742954,0.5253053747147183,0.007060836896852586,0.3625461266643823,-0.47577765283358675,0.9322997426260183,5,1.0,5,0.6,0.4,0.6,0,0.0
C_LOGISTIC_REGRESSION,4,let,textual,coefficient,-0.18009300316656962,0.5064186350141475,0.022559794900272656,0.36231561720644895,-0.9340695213469106,0.36351089621202903,5,1.0,5,0.6,0.4,0.6,0,0.0
C_LOGISTIC_REGRESSION,4,change,textual,coefficient,0.31582438590151896,0.38308965531321315,0.3037520084405008,0.35721937859728564,-0.10348748173941656,0.869892678545118,5,1.0,5,0.8,0.2,0.8,0,0.0
C_LOGISTIC_REGRESSION,4,eat,textual,coefficient,0.3231633397260701,0.29046436854808133,0.2961691159065116,0.3555290323054796,-0.0809142314485239,0.696177814292293,5,1.0,5,0.8,0.2,0.8,0,0.0
C_LOGISTIC_REGRESSION,4,tell,textual,coefficient,0.12119420030627612,0.42866016661403356,0.2786690286957527,0.35493669088043234,-0.5843562264353905,0.5297663885085041,5,1.0,5,0.8,0.2,0.8,0,0.0
C_LOGISTIC_REGRESSION,4,dysfunction,textual,coefficient,0.35237673173953327,0.439567785340845,0.13850572330665664,0.35237673173953327,0.0,0.98359117332355,4,0.8,4,0.8,0.0,1.0,0,0.0
C_LOGISTIC_REGRESSION,4,getting,textual,coefficient,-0.30655815516656465,0.3476300963778041,-0.24058272149000348,0.3436714546350955,-0.8373809888679946,0.0927832486713272,5,1.0,5,0.2,0.8,0.8,0,0.0
C_LOGISTIC_REGRESSION,4,regulate,textual,coefficient,-0.3175671590735504,0.4789261054259639,0.0,0.34255919030282694,-0.9925651635993468,0.06248007807319153,3,0.6,3,0.2,0.4,0.6666666666666666,0,0.0
C_LOGISTIC_REGRESSION,4,seen,textual,coefficient,-0.33788508663622097,0.40181912084479854,-0.33444012883575,0.33788508663622097,-0.9831258433432127,0.0,3,0.6,3,0.0,0.6,1.0,0,0.0
C_LOGISTIC_REGRESSION,4,child,textual,coefficient,0.27367819315344283,0.5189259079748948,0.024028003100082386,0.33698698310373526,-0.091742967618977,1.1445470806393812,5,1.0,5,0.6,0.4,0.6,0,0.0
C_LOGISTIC_REGRESSION,4,follow,textual,coefficient,0.330723509744002,0.2773956066884748,0.28705990421867505,0.330723509744002,0.028681664000053442,0.7222318180580795,5,1.0,5,1.0,0.0,1.0,0,0.0
C_LOGISTIC_REGRESSION,4,place,textual,coefficient,-0.14869888387419797,0.4090895577930651,-0.10247233600499961,0.3268956811652693,-0.7065089629743284,0.3382512274634599,5,1.0,5,0.4,0.6,0.6,0,0.0
C_LOGISTIC_REGRESSION,4,basically,textual,coefficient,0.3251962127358886,0.7271608377029298,0.0,0.3251962127358886,0.0,1.6259810636794432,1,0.2,1,0.2,0.0,1.0,0,0.0
C_LOGISTIC_REGRESSION,4,tasks,textual,coefficient,-0.18537530442979494,0.3432970731317054,-0.25073420465890633,0.32244289026270306,-0.5139804165533715,0.34266896458227025,5,1.0,5,0.2,0.8,0.8,0,0.0
C_LOGISTIC_REGRESSION,4,type,textual,coefficient,0.3065393486746369,0.29174924819066417,0.21787206283401409,0.32118148352154813,-0.03660533711727808,0.7479203427902912,5,1.0,5,0.8,0.2,0.8,0,0.0
C_LOGISTIC_REGRESSION,4,executive,textual,coefficient,-0.21963501377553393,0.39623647988234945,-0.19860662393426268,0.32043940846453545,-0.8110976206672721,0.25201098672250377,5,1.0,5,0.2,0.8,0.8,0,0.0
C_LOGISTIC_REGRESSION,4,ways,textual,coefficient,-0.10937700296987725,0.36117049268756235,-0.16946928565356326,0.31466848441516965,-0.5431378194906602,0.30863317483632435,5,1.0,5,0.4,0.6,0.6,0,0.0
C_LOGISTIC_REGRESSION,4,learn,textual,coefficient,0.17377128782871196,0.49078901486477405,0.04372806645894639,0.3124840611310959,-0.1971164332618226,1.012935277967064,5,1.0,5,0.6,0.4,0.6,0,0.0
C_LOGISTIC_REGRESSION,4,adhd brain,textual,coefficient,0.3120627087182488,0.1979865228053371,0.35956038296181314,0.3120627087182488,0.040985854179455376,0.5110313108122297,5,1.0,5,1.0,0.0,1.0,0,0.0
C_LOGISTIC_REGRESSION,4,comments_within_platform_percentile,engagement_or_format,coefficient,-0.11980213637830754,0.43430947692675315,-0.03954429254397212,0.31105389765669067,-0.7887568035913967,0.3538163782526021,5,1.0,5,0.4,0.6,0.6,0,0.0
C_LOGISTIC_REGRESSION,4,hyper,textual,coefficient,0.3070785011599329,0.42473646928826575,0.16713349368481134,0.3070785011599329,0.0,1.0538720338924303,4,0.8,4,0.8,0.0,1.0,0,0.0
C_LOGISTIC_REGRESSION,4,regulation,textual,coefficient,-0.08814320852920329,0.3721140855162614,-0.15321627886939884,0.30670794084639463,-0.38697724437024417,0.5464118307929784,5,1.0,5,0.2,0.8,0.8,0,0.0
C_LOGISTIC_REGRESSION,4,patients,textual,coefficient,-0.27617100903604425,0.3216298876859768,-0.17293610407495685,0.30629045664540194,-0.7563314769697121,0.0752986190233942,5,1.0,5,0.2,0.8,0.8,0,0.0
C_LOGISTIC_REGRESSION,4,times,textual,coefficient,0.14428781228242513,0.466401740142998,0.06503485747501543,0.30224434574420317,-0.3948913336544451,0.8943351862873095,5,1.0,5,0.8,0.2,0.8,0,0.0
C_LOGISTIC_REGRESSION,4,told,textual,coefficient,0.3017452322462195,0.4909935828048169,0.0,0.3017452322462195,0.0,1.1294779993718582,2,0.4,2,0.4,0.0,1.0,0,0.0
C_LOGISTIC_REGRESSION,4,understand,textual,coefficient,-0.1341810375090508,0.4057619922750398,-0.14602972878433343,0.29694421928418946,-0.7317236169685198,0.4069079544378466,5,1.0,5,0.2,0.8,0.8,0,0.0
C_LOGISTIC_REGRESSION,4,harder,textual,coefficient,0.29495034122408625,0.3060742394589181,0.19115039995620953,0.29495034122408625,0.020626023123569072,0.6573593591367295,5,1.0,5,1.0,0.0,1.0,0,0.0
C_LOGISTIC_REGRESSION,4,drink,textual,coefficient,-0.2948477725830531,0.5434871524906244,0.0,0.2948477725830531,-1.2516576089578841,0.0,2,0.4,2,0.0,0.4,1.0,0,0.0
C_LOGISTIC_REGRESSION,4,called,textual,coefficient,0.29458975239016305,0.3809484201698574,0.1303188435334981,0.29458975239016305,0.0802192874396031,0.9720414993212648,5,1.0,5,1.0,0.0,1.0,0,0.0
C_LOGISTIC_REGRESSION,4,kind,textual,coefficient,0.237224232993326,0.2944326361254837,0.30519919413606944,0.29369397065803604,-0.07185752954008655,0.5476792949129959,5,1.0,5,0.6,0.4,0.6,0,0.0
C_LOGISTIC_REGRESSION,4,impulsivity,textual,coefficient,-0.29028300542289204,0.1914218099892643,-0.27772982289471687,0.29028300542289204,-0.6019764629803352,-0.09659321289581649,5,1.0,5,0.0,1.0,1.0,0,0.0
C_LOGISTIC_REGRESSION,4,sense,textual,coefficient,0.26621103460296897,0.271555917980951,0.3965848266575063,0.2863314178527657,-0.03830859776286258,0.5449874103571434,5,1.0,5,0.6,0.4,0.6,0,0.0
C_LOGISTIC_REGRESSION,4,big,textual,coefficient,-0.2585409368651127,0.4660110568073217,-0.10095860723287983,0.28474403646350444,-1.0751525467217444,0.059494787058834826,5,1.0,5,0.4,0.6,0.6,0,0.0
C_LOGISTIC_REGRESSION,4,problems,textual,coefficient,-0.2818993824839321,0.2267969239068799,-0.20734360300629798,0.2818993824839321,-0.6361567020290728,-0.02469094658187784,5,1.0,5,0.0,1.0,1.0,0,0.0
C_LOGISTIC_REGRESSION,4,effective,textual,coefficient,0.28045300843089077,0.6271119913457933,0.0,0.28045300843089077,0.0,1.4022650421544538,1,0.2,1,0.2,0.0,1.0,0,0.0
C_LOGISTIC_REGRESSION,4,way,textual,coefficient,-0.07879185762681477,0.40745111818704227,-0.041399392151075715,0.2802859966256307,-0.6500942013832365,0.4770082284310675,5,1.0,5,0.4,0.6,0.6,0,0.0
C_LOGISTIC_REGRESSION,4,difficult,textual,coefficient,-0.2749700041644223,0.6148516210850485,0.0,0.2749700041644223,-1.3748500208221115,0.0,1,0.2,1,0.0,0.2,1.0,0,0.0
C_LOGISTIC_REGRESSION,4,struggling,textual,coefficient,-0.16853521630503934,0.2971480597649291,-0.21223727330899653,0.2746524884548426,-0.5305224842345418,0.14105756677932543,5,1.0,5,0.4,0.6,0.6,0,0.0
C_LOGISTIC_REGRESSION,4,constantly,textual,coefficient,0.27375632612334433,0.2576232703693187,0.18233656624762828,0.27375632612334433,0.0973621435369154,0.7157732967948433,5,1.0,5,1.0,0.0,1.0,0,0.0
C_LOGISTIC_REGRESSION,4,instead,textual,coefficient,-0.2686756106900833,0.38284735513359147,-0.035986970131414296,0.2686756106900833,-0.8896094454670975,-0.010249846600226549,5,1.0,5,0.0,1.0,1.0,0,0.0
C_LOGISTIC_REGRESSION,4,motivation,textual,coefficient,0.25859106075436183,0.39439502315894603,0.08180742196556659,0.2675969703344183,-0.022514773950141252,0.9442111723127696,5,1.0,5,0.8,0.2,0.8,0,0.0
C_LOGISTIC_REGRESSION,4,second,textual,coefficient,-0.237401652163506,0.28067595238531245,-0.1813210492008377,0.26747424557146454,-0.5717239610270534,0.0751814835198963,5,1.0,5,0.2,0.8,0.8,0,0.0
C_LOGISTIC_REGRESSION,4,short,textual,coefficient,-0.2608618091795081,0.26503383114691687,-0.21350564874487057,0.2608618091795081,-0.5460190690730581,0.0,4,0.8,4,0.0,0.8,1.0,0,0.0
C_LOGISTIC_REGRESSION,4,late,textual,coefficient,0.037701080942877864,0.3117839118810073,0.0702853263906297,0.2600597893269669,-0.3396606936142227,0.3658635463220233,5,1.0,5,0.6,0.4,0.6,0,0.0
C_LOGISTIC_REGRESSION,4,activities,textual,coefficient,0.2600165681573811,0.3511397226378135,0.01351796972942159,0.2600165681573811,0.0,0.6847081438097523,3,0.6,3,0.6,0.0,1.0,0,0.0
C_LOGISTIC_REGRESSION,4,things,textual,coefficient,-0.07046164489841047,0.33191645384732976,-0.0069717574405947225,0.25811974410774685,-0.4536398324633928,0.3330742667139237,5,1.0,5,0.4,0.6,0.6,0,0.0
C_LOGISTIC_REGRESSION,4,lot people,textual,coefficient,0.25714585099371573,0.4537855228882019,0.04575787316405511,0.25714585099371573,0.0,1.0629517428704955,4,0.8,4,0.8,0.0,1.0,0,0.0
C_LOGISTIC_REGRESSION,4,isn,textual,coefficient,-0.0014135384663131688,0.3104025997729949,0.053234676523822945,0.2571124393209458,-0.32465255471816906,0.3246591849950137,5,1.0,5,0.6,0.4,0.6,0,0.0
C_LOGISTIC_REGRESSION,4,constant,textual,coefficient,0.2569018981658059,0.1461603388401857,0.31339395796349023,0.2569018981658059,0.0,0.35710704295891266,4,0.8,4,0.8,0.0,1.0,0,0.0
C_LOGISTIC_REGRESSION,4,remember,textual,coefficient,0.027748936637430544,0.3439274602353966,-0.04310210961183706,0.25639651182998835,-0.33335265494140337,0.5470350525417769,5,1.0,5,0.4,0.6,0.6,0,0.0
C_LOGISTIC_REGRESSION,4,works,textual,coefficient,-0.049217585780686336,0.33659706767028796,0.15156812459286442,0.25622642081907365,-0.5864355199176491,0.18892376364926938,5,1.0,5,0.6,0.4,0.6,0,0.0
C_LOGISTIC_REGRESSION,4,does,textual,coefficient,-0.23353971637597573,0.24745130003913826,-0.2728661229063919,0.2534798357108433,-0.5484358077693605,0.049850298337168954,5,1.0,5,0.2,0.8,0.8,0,0.0
C_LOGISTIC_REGRESSION,4,distracted,textual,coefficient,-0.2508834666654024,0.15855523730576615,-0.2886114521136692,0.2508834666654024,-0.39846637323717743,-0.07393389957609282,5,1.0,5,0.0,1.0,1.0,0,0.0
C_LOGISTIC_REGRESSION,4,attention deficit,textual,coefficient,0.12092151522809984,0.32487024021694244,0.0,0.2500817391813069,-0.19422906281145533,0.5374283577795967,4,0.8,4,0.4,0.4,0.5,0,0.0
C_LOGISTIC_REGRESSION,4,feeling,textual,coefficient,0.22841313370924698,0.3456160947317277,0.08999619707925029,0.24929746254659063,-0.0522108220933592,0.8234672289601647,5,1.0,5,0.8,0.2,0.8,0,0.0
C_LOGISTIC_REGRESSION,4,people adhd,textual,coefficient,0.033273705438169585,0.3922971474676999,-0.06093032212715263,0.24827833949810335,-0.4083816472344842,0.6667900499710514,5,1.0,5,0.4,0.6,0.6,0,0.0
C_LOGISTIC_REGRESSION,4,adhd,textual,coefficient,-0.24810932385256415,0.14751499530498235,-0.27115911699319706,0.24810932385256415,-0.39343756291694054,-0.006223389384535435,5,1.0,5,0.0,1.0,1.0,0,0.0
C_LOGISTIC_REGRESSION,4,stuff,textual,coefficient,0.19302915112535868,0.30914252901887385,0.09041081527143723,0.2429616240116507,-0.12483118221573004,0.6900503903804808,5,1.0,5,0.8,0.2,0.8,0,0.0
C_LOGISTIC_REGRESSION,4,lack,textual,coefficient,0.055289530023876356,0.337607033730515,-0.006829681739977602,0.23802328800096015,-0.39749499364746854,0.5107611695752906,5,1.0,5,0.4,0.6,0.6,0,0.0
C_LOGISTIC_REGRESSION,4,doing,textual,coefficient,-0.1574604955100582,0.24948326057956804,-0.22687226634387847,0.23581147836877037,-0.4358898684689109,0.16727151016815783,5,1.0,5,0.4,0.6,0.6,0,0.0
C_LOGISTIC_REGRESSION,4,shame,textual,coefficient,0.23173526376401118,0.5181758025601728,0.0,0.23173526376401118,0.0,1.158676318820056,1,0.2,1,0.2,0.0,1.0,0,0.0
C_LOGISTIC_REGRESSION,4,create,textual,coefficient,-0.17984540560143722,0.291273287707534,-0.05223595061518286,0.22818286017303216,-0.5716629165332435,0.12084363642898736,4,0.8,4,0.2,0.6,0.75,0,0.0
C_LOGISTIC_REGRESSION,4,hyperfocus,textual,coefficient,-0.22509445787518528,0.5033265091673772,0.0,0.22509445787518528,-1.1254722893759264,0.0,1,0.2,1,0.0,0.2,1.0,0,0.0
C_LOGISTIC_REGRESSION,4,physical,textual,coefficient,-0.07775886652170515,0.2661253693150345,-0.151050922174034,0.2245371862603102,-0.3461565201185544,0.36694579934651256,5,1.0,5,0.2,0.8,0.8,0,0.0
C_LOGISTIC_REGRESSION,4,know adhd,textual,coefficient,-0.22132662041323642,0.27806681666399785,-0.20272092327548918,0.22132662041323642,-0.680634462246373,0.0,3,0.6,3,0.0,0.6,1.0,0,0.0
C_LOGISTIC_REGRESSION,4,sensitive,textual,coefficient,0.1631245069106371,0.22671393900351366,0.12669840455675055,0.21998113258487656,-0.14214156418559876,0.4608027485830934,5,1.0,5,0.8,0.2,0.8,0,0.0
C_LOGISTIC_REGRESSION,4,easily,textual,coefficient,0.21839676232521193,0.3459740665286202,0.08730592755898163,0.21839676232521193,0.001807616861346731,0.8330606356783532,5,1.0,5,1.0,0.0,1.0,0,0.0
C_LOGISTIC_REGRESSION,4,days,textual,coefficient,0.2183532545300276,0.48825272023745564,0.0,0.2183532545300276,0.0,1.091766272650138,1,0.2,1,0.2,0.0,1.0,0,0.0
C_LOGISTIC_REGRESSION,4,realize,textual,coefficient,-0.21633812728058893,0.35444382529430707,0.0,0.21633812728058893,-0.8160773215118641,0.0,2,0.4,2,0.0,0.4,1.0,0,0.0
C_LOGISTIC_REGRESSION,4,hours,textual,coefficient,0.18932771360358067,0.29247463462855783,0.1469196333166517,0.21599337279811862,-0.046591714325830064,0.6800940233299304,5,1.0,5,0.6,0.4,0.6,0,0.0
C_LOGISTIC_REGRESSION,4,depression,textual,coefficient,-0.09037888166293422,0.3138310326191678,-0.04462722486100201,0.21455247371356007,-0.5857316959361535,0.26505232629565534,5,1.0,5,0.4,0.6,0.6,0,0.0
C_LOGISTIC_REGRESSION,4,impact,textual,coefficient,0.21402623621780767,0.35798717197015933,0.05948166013895249,0.21402623621780767,0.0,0.8425273072754556,3,0.6,3,0.6,0.0,1.0,0,0.0
C_LOGISTIC_REGRESSION,4,meds,textual,coefficient,0.21351346877164365,0.2689977845724264,0.1722165010852085,0.21351346877164365,0.0,0.6561150410378457,3,0.6,3,0.6,0.0,1.0,0,0.0
C_LOGISTIC_REGRESSION,4,diagnosed adhd,textual,coefficient,-0.21289094320836405,0.23170405906173144,-0.20356471909641488,0.21289094320836405,-0.5515966888495427,0.0,3,0.6,3,0.0,0.6,1.0,0,0.0
C_LOGISTIC_REGRESSION,4,ll,textual,coefficient,0.03498385951364491,0.2688635083667599,0.15538805713243473,0.21203209256665567,-0.4426205826325269,0.18276250679717132,5,1.0,5,0.8,0.2,0.8,0,0.0
C_LOGISTIC_REGRESSION,4,functioning,textual,coefficient,0.21087883975476562,0.4458076477547826,0.0,0.21087883975476562,0.0,1.0075374460496935,2,0.4,2,0.4,0.0,1.0,0,0.0
C_LOGISTIC_REGRESSION,4,job,textual,coefficient,-0.08189063683508765,0.3214589328860786,0.0,0.21017801467141925,-0.6188712527564291,0.16556511303009752,4,0.8,4,0.4,0.4,0.5,0,0.0
C_LOGISTIC_REGRESSION,4,highly,textual,coefficient,0.09953322938515868,0.2744805032169954,0.0,0.20118884819669777,-0.13652182684844544,0.5097214312769498,4,0.8,4,0.4,0.4,0.5,0,0.0
C_LOGISTIC_REGRESSION,4,person,textual,coefficient,-0.13286311725222455,0.3236060040371034,0.035632474132391255,0.20078230772360728,-0.689245288452679,0.08746257414231753,5,1.0,5,0.6,0.4,0.6,0,0.0
C_LOGISTIC_REGRESSION,4,foods,textual,coefficient,-0.15923399607640795,0.19743710397241518,-0.24309872646692568,0.19531022379092292,-0.38712423736807694,0.09019056928628737,4,0.8,4,0.2,0.6,0.75,0,0.0
C_LOGISTIC_REGRESSION,4,world,textual,coefficient,0.01801218101703741,0.2183313462966084,0.15274303565540684,0.1936880787327964,-0.24748478074511762,0.19487060911802678,5,1.0,5,0.6,0.4,0.6,0,0.0
C_LOGISTIC_REGRESSION,4,looking,textual,coefficient,-0.01886149304775785,0.2676305280960718,-0.13624559295594654,0.19339992206710543,-0.22498533104498342,0.43634607254836894,4,0.8,4,0.2,0.6,0.75,0,0.0
C_LOGISTIC_REGRESSION,4,disorder,textual,coefficient,-0.1088800435266988,0.2458126487975525,0.048724805627582295,0.19112825060046373,-0.4250331286150425,0.08139817654088187,5,1.0,5,0.6,0.4,0.6,0,0.0
C_LOGISTIC_REGRESSION,4,order,textual,coefficient,0.13054785771267144,0.3744687810881594,0.0,0.18916142410168932,-0.14653391597254475,0.7902964104967046,3,0.6,3,0.4,0.2,0.6666666666666666,0,0.0
C_LOGISTIC_REGRESSION,4,medicine,textual,coefficient,-0.1870451743857308,0.4182457247897965,0.0,0.1870451743857308,-0.9352258719286539,0.0,1,0.2,1,0.0,0.2,1.0,0,0.0
C_LOGISTIC_REGRESSION,4,gut,textual,coefficient,-0.05576084742263423,0.24712928645085605,-0.09227414394920715,0.18614997658521415,-0.3391232837897752,0.3259728229064498,4,0.8,4,0.2,0.6,0.75,0,0.0
C_LOGISTIC_REGRESSION,4,point,textual,coefficient,-0.0972214444716188,0.2858944695047923,0.0,0.18528269430834352,-0.5553770303677523,0.20692571531942036,4,0.8,4,0.4,0.4,0.5,0,0.0
C_LOGISTIC_REGRESSION,4,coming,textual,coefficient,-0.18210935169677928,0.40720888973241515,0.0,0.18210935169677928,-0.9105467584838963,0.0,1,0.2,1,0.0,0.2,1.0,0,0.0
C_LOGISTIC_REGRESSION,4,helpful,textual,coefficient,-0.05047998769785864,0.24503824225835077,0.022367941610327933,0.18132443059694947,-0.3798171779216326,0.25687721344564546,5,1.0,5,0.6,0.4,0.6,0,0.0
C_LOGISTIC_REGRESSION,4,studies,textual,coefficient,-0.005819350103882723,0.2587233080344196,-0.0669387270181515,0.17879321325301317,-0.32314161464578983,0.3900188058679195,5,1.0,5,0.4,0.6,0.6,0,0.0
C_LOGISTIC_REGRESSION,4,stay,textual,coefficient,-0.17822321110454026,0.15698923166789655,-0.08070290063330407,0.17822321110454026,-0.3497990078172725,-0.04954750454903631,5,1.0,5,0.0,1.0,1.0,0,0.0
C_LOGISTIC_REGRESSION,4,stimulant,textual,coefficient,-0.17669758736819546,0.13237857626964314,-0.14932637444790084,0.17669758736819546,-0.3957817424752901,-0.05324222611462864,5,1.0,5,0.0,1.0,1.0,0,0.0
C_LOGISTIC_REGRESSION,4,makes,textual,coefficient,0.17644370219782934,0.16710247189834174,0.10219482126308035,0.17644370219782934,0.06961934227946522,0.4693401428705242,5,1.0,5,1.0,0.0,1.0,0,0.0
C_LOGISTIC_REGRESSION,4,alcohol,textual,coefficient,-0.12419154221267963,0.25045129064140015,0.015860172057438574,0.17389387634736286,-0.5193899776036526,0.0779938785375328,5,1.0,5,0.6,0.4,0.6,0,0.0
C_LOGISTIC_REGRESSION,4,mental,textual,coefficient,-0.13182890969157285,0.19094217564165725,-0.11939760590972212,0.1723672392780096,-0.40743372392669513,0.10134582396609179,5,1.0,5,0.2,0.8,0.8,0,0.0
C_LOGISTIC_REGRESSION,4,anger,textual,coefficient,-0.1639565248430401,0.22674466958355668,-0.018852977377862186,0.17089241384272338,-0.4572117571752532,0.017339722499208177,4,0.8,4,0.2,0.6,0.75,0,0.0
C_LOGISTIC_REGRESSION,4,working memory,textual,coefficient,-0.16948870945246178,0.24402130197117364,-0.0681433790472527,0.16948870945246178,-0.5813787989941445,0.0,3,0.6,3,0.0,0.6,1.0,0,0.0
C_LOGISTIC_REGRESSION,4,hear,textual,coefficient,0.16660564237979458,0.1291831592332887,0.15696369225708756,0.16660564237979458,0.0,0.34350893287303497,4,0.8,4,0.8,0.0,1.0,0,0.0
C_LOGISTIC_REGRESSION,4,hedge_score,handcrafted_linguistic,coefficient,-0.16625566420961496,0.045086209436224704,-0.15654695098676158,0.16625566420961496,-0.23535056652215425,-0.12525388840051088,5,1.0,5,0.0,1.0,1.0,0,0.0
C_LOGISTIC_REGRESSION,4,affects,textual,coefficient,-0.1655199297884647,0.25665175485071995,0.0,0.1655199297884647,-0.5840997648601399,0.0,2,0.4,2,0.0,0.4,1.0,0,0.0
C_LOGISTIC_REGRESSION,4,somebody,textual,coefficient,-0.12401079093591039,0.2577207069277293,0.0,0.16154511453746676,-0.560093291392334,0.06707730655743138,4,0.8,4,0.4,0.4,0.5,0,0.0
C_LOGISTIC_REGRESSION,4,wait,textual,coefficient,-0.15958360594915008,0.18931673991659603,-0.1214220488946507,0.15958360594915008,-0.4547195072819032,0.0,3,0.6,3,0.0,0.6,1.0,0,0.0
C_LOGISTIC_REGRESSION,4,affect,textual,coefficient,-0.1581143719459348,0.1615871971196272,-0.15940607638259854,0.1581143719459348,-0.36481216116556636,0.0,3,0.6,3,0.0,0.6,1.0,0,0.0
C_LOGISTIC_REGRESSION,4,starting,textual,coefficient,-0.15463990600917513,0.3457853418706938,0.0,0.15463990600917513,-0.7731995300458756,0.0,1,0.2,1,0.0,0.2,1.0,0,0.0
C_LOGISTIC_REGRESSION,4,long,textual,coefficient,-0.10025478846433122,0.20580257771940738,0.006811215605719117,0.1545004087814931,-0.36524746014701714,0.10988851963942331,5,1.0,5,0.6,0.4,0.6,0,0.0
C_LOGISTIC_REGRESSION,4,struggle,textual,coefficient,-0.0752735426175436,0.19969488268241134,-0.08086785350192789,0.1523942754845142,-0.36669718595578576,0.19280183216742652,5,1.0,5,0.2,0.8,0.8,0,0.0
C_LOGISTIC_REGRESSION,4,learning,textual,coefficient,-0.15213426191449647,0.22905497195528177,0.0,0.15213426191449647,-0.5150176289842108,0.0,2,0.4,2,0.0,0.4,1.0,0,0.0
C_LOGISTIC_REGRESSION,4,manage,textual,coefficient,-0.15207469605037793,0.27762759684300603,-0.04145420305720315,0.15207469605037793,-0.6456422564283288,0.0,3,0.6,3,0.0,0.6,1.0,0,0.0
C_LOGISTIC_REGRESSION,4,little bit,textual,coefficient,-0.1498497052299334,0.10322269549210365,-0.14410499314726197,0.1498497052299334,-0.3058293689667455,-0.05187821731453247,5,1.0,5,0.0,1.0,1.0,0,0.0
C_LOGISTIC_REGRESSION,4,care,textual,coefficient,-0.053691596440405866,0.22218360207756924,-0.049652677863789914,0.1485208634795111,-0.4009654381019406,0.2121319739541819,5,1.0,5,0.4,0.6,0.6,0,0.0
C_LOGISTIC_REGRESSION,4,risk,textual,coefficient,-0.14816617178421734,0.3313096320754213,0.0,0.14816617178421734,-0.7408308589210867,0.0,1,0.2,1,0.0,0.2,1.0,0,0.0
C_LOGISTIC_REGRESSION,4,lower,textual,coefficient,-0.14343987678344203,0.16529445127339534,-0.08320236860509347,0.14343987678344203,-0.36317897913211966,0.0,3,0.6,3,0.0,0.6,1.0,0,0.0
C_LOGISTIC_REGRESSION,4,focused,textual,coefficient,-0.14005986545591653,0.31318338007890395,0.0,0.14005986545591653,-0.7002993272795827,0.0,1,0.2,1,0.0,0.2,1.0,0,0.0
C_LOGISTIC_REGRESSION,4,therapy,textual,coefficient,-0.12950002804466623,0.2567401931766013,0.0,0.13414486211904636,-0.5846679412455057,0.011612085185950359,3,0.6,3,0.2,0.4,0.6666666666666666,0,0.0
C_LOGISTIC_REGRESSION,4,look,textual,coefficient,-0.1123696939176102,0.14567596990988468,-0.08293091470387548,0.13232509404663437,-0.2674681103604364,0.030512646264327526,5,1.0,5,0.4,0.6,0.6,0,0.0
C_LOGISTIC_REGRESSION,4,half,textual,coefficient,0.13223360506580034,0.29568332983699014,0.0,0.13223360506580034,0.0,0.6611680253290018,1,0.2,1,0.2,0.0,1.0,0,0.0
C_LOGISTIC_REGRESSION,4,think,textual,coefficient,-0.03518216293894518,0.19066574994856256,0.00822245363427466,0.1182661525182858,-0.3611121671856071,0.11883245190640374,5,1.0,5,0.6,0.4,0.6,0,0.0
C_LOGISTIC_REGRESSION,4,present,textual,coefficient,-0.1176643689810654,0.26310552757127986,0.0,0.1176643689810654,-0.588321844905327,0.0,1,0.2,1,0.0,0.2,1.0,0,0.0
C_LOGISTIC_REGRESSION,4,lots,textual,coefficient,0.11727176570641644,0.2622276399609758,0.0,0.11727176570641644,0.0,0.5863588285320822,1,0.2,1,0.2,0.0,1.0,0,0.0
C_LOGISTIC_REGRESSION,4,long term,textual,coefficient,-0.07985536723079953,0.22891967922899753,0.0,0.11461966333833735,-0.4861875764228422,0.06939933548381903,3,0.6,3,0.4,0.2,0.6666666666666666,0,0.0
C_LOGISTIC_REGRESSION,4,turn,textual,coefficient,0.11028120238065024,0.24659626516354557,0.0,0.11028120238065024,0.0,0.5514060119032512,1,0.2,1,0.2,0.0,1.0,0,0.0
C_LOGISTIC_REGRESSION,4,said,textual,coefficient,-0.08546725670826436,0.21749823776511992,0.0,0.103706140205663,-0.4729334922848184,0.0455972087434966,2,0.4,2,0.2,0.2,0.5,0,0.0
C_LOGISTIC_REGRESSION,4,treatment,textual,coefficient,-0.09752840650421626,0.1192358932747351,-0.03717484628301873,0.09752840650421626,-0.2533887988683202,0.0,3,0.6,3,0.0,0.6,1.0,0,0.0
C_LOGISTIC_REGRESSION,4,seven,textual,coefficient,-0.08357593766124707,0.09265184382696781,-0.14694495158623502,0.09719215952192625,-0.15416113106497473,0.034040554651697974,4,0.8,4,0.2,0.6,0.75,0,0.0
C_LOGISTIC_REGRESSION,4,norepinephrine,textual,coefficient,-0.09152542388590643,0.2046570694783697,0.0,0.09152542388590643,-0.4576271194295321,0.0,1,0.2,1,0.0,0.2,1.0,0,0.0
C_LOGISTIC_REGRESSION,4,certainty_score,handcrafted_linguistic,coefficient,0.08694331244983809,0.02375747277870523,0.09083509009404576,0.08694331244983809,0.05455254487963338,0.1114473206818129,5,1.0,5,1.0,0.0,1.0,0,0.0
C_LOGISTIC_REGRESSION,4,let talk,textual,coefficient,-0.0824431591800062,0.1843485082063297,0.0,0.0824431591800062,-0.41221579590003105,0.0,1,0.2,1,0.0,0.2,1.0,0,0.0
C_LOGISTIC_REGRESSION,4,pay,textual,coefficient,0.06001132738240864,0.09111372844613955,0.054048412324566905,0.08116016990928673,-0.05287210631719522,0.16983901976274268,4,0.8,4,0.6,0.2,0.75,0,0.0
C_LOGISTIC_REGRESSION,4,hour,textual,coefficient,0.08087362487825742,0.18083892281460176,0.0,0.08087362487825742,0.0,0.4043681243912871,1,0.2,1,0.2,0.0,1.0,0,0.0
C_LOGISTIC_REGRESSION,4,gets,textual,coefficient,-0.06542663796351011,0.08995982366896392,-0.049917017483076524,0.08040319080935929,-0.17104100277774092,0.037441382114622945,4,0.8,4,0.2,0.6,0.75,0,0.0
C_LOGISTIC_REGRESSION,4,based,textual,coefficient,0.047576569623410794,0.10955360480906744,0.0,0.08032483433184094,-0.08187066177107538,0.18727803585006195,3,0.6,3,0.4,0.2,0.6666666666666666,0,0.0
C_LOGISTIC_REGRESSION,4,share,textual,coefficient,-0.0795154797587807,0.17780201800414225,0.0,0.0795154797587807,-0.3975773987939035,0.0,1,0.2,1,0.0,0.2,1.0,0,0.0
C_LOGISTIC_REGRESSION,4,rejection,textual,coefficient,0.01629998539395445,0.11447397844891666,0.0,0.0788933351197341,-0.14428396138212002,0.16621929907938185,4,0.8,4,0.4,0.4,0.5,0,0.0
C_LOGISTIC_REGRESSION,4,sign,textual,coefficient,-0.07666228896312079,0.17142208943226997,0.0,0.07666228896312079,-0.3833114448156039,0.0,1,0.2,1,0.0,0.2,1.0,0,0.0
C_LOGISTIC_REGRESSION,4,effects,textual,coefficient,-0.075676198522061,0.16921712417409754,0.0,0.075676198522061,-0.378380992610305,0.0,1,0.2,1,0.0,0.2,1.0,0,0.0
C_LOGISTIC_REGRESSION,4,family,textual,coefficient,0.07470001845685134,0.14961109325260874,0.0,0.07470001845685134,0.0,0.34115733420855787,2,0.4,2,0.4,0.0,1.0,0,0.0
C_LOGISTIC_REGRESSION,4,absolutely,textual,coefficient,-0.07128741148743797,0.13967865336086205,0.0,0.07128741148743797,-0.31950952638736124,0.0,2,0.4,2,0.0,0.4,1.0,0,0.0
C_LOGISTIC_REGRESSION,4,ask,textual,coefficient,0.07116263123488883,0.06455557918793653,0.05928205347105551,0.07116263123488883,0.0,0.17512067052830424,4,0.8,4,0.8,0.0,1.0,0,0.0
C_LOGISTIC_REGRESSION,4,sort,textual,coefficient,-0.06926324357325808,0.1012650361300268,0.0,0.06926324357325808,-0.22334751689189156,0.0,2,0.4,2,0.0,0.4,1.0,0,0.0
C_LOGISTIC_REGRESSION,4,knowing,textual,coefficient,0.05718827463459044,0.12787686959887115,0.0,0.05718827463459044,0.0,0.2859413731729522,1,0.2,1,0.2,0.0,1.0,0,0.0
C_LOGISTIC_REGRESSION,4,quickly,textual,coefficient,0.04980174196048799,0.07982696327191108,0.0,0.04980174196048799,0.0,0.1831889993732513,2,0.4,2,0.4,0.0,1.0,0,0.0
C_LOGISTIC_REGRESSION,4,lead,textual,coefficient,-0.04945147708487554,0.11057686434955483,0.0,0.04945147708487554,-0.2472573854243777,0.0,1,0.2,1,0.0,0.2,1.0,0,0.0
C_LOGISTIC_REGRESSION,4,normal,textual,coefficient,0.028055414936664684,0.07309438705457967,0.0,0.04912242646835175,-0.05266752882921766,0.1407386016163144,3,0.6,3,0.4,0.2,0.6666666666666666,0,0.0
C_LOGISTIC_REGRESSION,4,aren,textual,coefficient,-0.04499668290013653,0.10345837258244725,0.0,0.0470142773119129,-0.23002740053012358,0.005043986029440928,2,0.4,2,0.2,0.2,0.5,0,0.0
C_LOGISTIC_REGRESSION,4,cortex,textual,coefficient,-0.029713640074656832,0.08381675046981,0.0,0.04145285282209338,-0.17791623224187553,0.02934803186859137,2,0.4,2,0.2,0.2,0.5,0,0.0
C_LOGISTIC_REGRESSION,4,shows,textual,coefficient,0.04067020670638559,0.090941346854446,0.0,0.04067020670638559,0.0,0.20335103353192796,1,0.2,1,0.2,0.0,1.0,0,0.0
C_LOGISTIC_REGRESSION,4,adhd just,textual,coefficient,-0.03684234035682535,0.08238197748804535,0.0,0.03684234035682535,-0.18421170178412674,0.0,1,0.2,1,0.0,0.2,1.0,0,0.0
C_LOGISTIC_REGRESSION,4,shown,textual,coefficient,0.03543635298745306,0.0792380941546228,0.0,0.03543635298745306,0.0,0.1771817649372653,1,0.2,1,0.2,0.0,1.0,0,0.0
C_LOGISTIC_REGRESSION,4,mood,textual,coefficient,-0.03501094758477534,0.07828685875623974,0.0,0.03501094758477534,-0.1750547379238767,0.0,1,0.2,1,0.0,0.2,1.0,0,0.0
C_LOGISTIC_REGRESSION,4,chronic,textual,coefficient,0.0326612694748317,0.07303281877716254,0.0,0.0326612694748317,0.0,0.1633063473741585,1,0.2,1,0.2,0.0,1.0,0,0.0
C_LOGISTIC_REGRESSION,4,comments,textual,coefficient,0.03139552586874908,0.07020253003187607,0.0,0.03139552586874908,0.0,0.1569776293437454,1,0.2,1,0.2,0.0,1.0,0,0.0
C_LOGISTIC_REGRESSION,4,used,textual,coefficient,0.005642307184810585,0.044907212434167516,0.0,0.031018505186172614,-0.06344049500340507,0.04655583510847058,3,0.6,3,0.4,0.2,0.6666666666666666,0,0.0
C_LOGISTIC_REGRESSION,4,pain,textual,coefficient,-0.026367755401971782,0.058960093492896194,0.0,0.026367755401971782,-0.1318387770098589,0.0,1,0.2,1,0.0,0.2,1.0,0,0.0
C_LOGISTIC_REGRESSION,4,pay attention,textual,coefficient,0.01997061939672284,0.04217323349617727,0.0,0.01997061939672284,0.0,0.09533103175572409,2,0.4,2,0.4,0.0,1.0,0,0.0
C_LOGISTIC_REGRESSION,4,definitely,textual,coefficient,0.019734831428645648,0.04412842459895096,0.0,0.019734831428645648,0.0,0.09867415714322825,1,0.2,1,0.2,0.0,1.0,0,0.0
C_LOGISTIC_REGRESSION,4,sensitivity,textual,coefficient,-0.019722277809311104,0.044100353852755264,0.0,0.019722277809311104,-0.09861138904655552,0.0,1,0.2,1,0.0,0.2,1.0,0,0.0
C_LOGISTIC_REGRESSION,4,running,textual,coefficient,-0.017481636860200066,0.039090128377373336,0.0,0.017481636860200066,-0.08740818430100034,0.0,1,0.2,1,0.0,0.2,1.0,0,0.0
C_LOGISTIC_REGRESSION,4,listen,textual,coefficient,-0.013721771336022714,0.030682813479054896,0.0,0.013721771336022714,-0.06860885668011357,0.0,1,0.2,1,0.0,0.2,1.0,0,0.0
C_LOGISTIC_REGRESSION,4,sound,textual,coefficient,-0.009100164198997129,0.02549427029308486,0.0,0.012581681470271482,-0.05420461417317153,0.00870379317818588,2,0.4,2,0.2,0.2,0.5,0,0.0
C_LOGISTIC_REGRESSION,4,open,textual,coefficient,-0.01051799405499022,0.02628056569235797,0.0,0.01243530792665883,-0.05738325495412262,0.004793284679171523,2,0.4,2,0.2,0.2,0.5,0,0.0
C_LOGISTIC_REGRESSION,4,typically,textual,coefficient,0.010664371104965749,0.023846258727987957,0.0,0.010664371104965749,0.0,0.053321855524828744,1,0.2,1,0.2,0.0,1.0,0,0.0
C_LOGISTIC_REGRESSION,4,prefrontal cortex,textual,coefficient,0.0013180949990877929,0.002947350018762828,0.0,0.0013180949990877929,0.0,0.006590474995438965,1,0.2,1,0.2,0.0,1.0,0,0.0
C_LOGISTIC_REGRESSION,4,30,textual,coefficient,-0.0005705063306250433,0.001275690936871567,0.0,0.0005705063306250433,-0.002852531653125217,0.0,1,0.2,1,0.0,0.2,1.0,0,0.0
C_LOGISTIC_REGRESSION,4,home,textual,coefficient,-0.0004118806634737207,0.0009209931621449543,0.0,0.0004118806634737207,-0.0020594033173686036,0.0,1,0.2,1,0.0,0.2,1.0,0,0.0
