condition,fold,class_label,feature_index,feature,feature_group,weight_type,weight,absolute_weight,direction,absolute_rank,positive_rank,negative_rank
A_COMPLEMENT_NB,final_training_fit,1,207,quickly,textual,complement_log_weight,5.83272524175732,5.83272524175732,positive,1,1,300
A_COMPLEMENT_NB,final_training_fit,1,166,management,textual,complement_log_weight,5.82965265368727,5.82965265368727,positive,2,2,299
A_COMPLEMENT_NB,final_training_fit,1,104,function,textual,complement_log_weight,5.8291523397479486,5.8291523397479486,positive,3,3,298
A_COMPLEMENT_NB,final_training_fit,1,165,manage,textual,complement_log_weight,5.825254946082127,5.825254946082127,positive,4,4,297
A_COMPLEMENT_NB,final_training_fit,1,281,understanding,textual,complement_log_weight,5.823289880722444,5.823289880722444,positive,5,5,296
A_COMPLEMENT_NB,final_training_fit,1,20,answer sep,textual,complement_log_weight,5.821434797879157,5.821434797879157,positive,6,6,295
A_COMPLEMENT_NB,final_training_fit,1,90,experts answer,textual,complement_log_weight,5.820571646922143,5.820571646922143,positive,7,7,294
A_COMPLEMENT_NB,final_training_fit,1,229,sign,textual,complement_log_weight,5.8188449628137375,5.8188449628137375,positive,8,8,293
A_COMPLEMENT_NB,final_training_fit,1,28,behaviors,textual,complement_log_weight,5.816659718355212,5.816659718355212,positive,9,9,292
A_COMPLEMENT_NB,final_training_fit,1,112,harder,textual,complement_log_weight,5.813781528633896,5.813781528633896,positive,10,10,291
A_COMPLEMENT_NB,final_training_fit,1,29,best,textual,complement_log_weight,5.8101956995191895,5.8101956995191895,positive,11,11,290
A_COMPLEMENT_NB,final_training_fit,1,244,struggling,textual,complement_log_weight,5.8096407770440015,5.8096407770440015,positive,12,12,289
A_COMPLEMENT_NB,final_training_fit,1,46,condition,textual,complement_log_weight,5.8076926784196,5.8076926784196,positive,13,13,288
A_COMPLEMENT_NB,final_training_fit,1,124,impact,textual,complement_log_weight,5.8065431988112115,5.8065431988112115,positive,14,14,287
A_COMPLEMENT_NB,final_training_fit,1,114,health,textual,complement_log_weight,5.806360124293103,5.806360124293103,positive,15,15,286
A_COMPLEMENT_NB,final_training_fit,1,89,experts,textual,complement_log_weight,5.805972666637712,5.805972666637712,positive,16,16,285
A_COMPLEMENT_NB,final_training_fit,1,241,structure,textual,complement_log_weight,5.8057706210679045,5.8057706210679045,positive,17,17,284
A_COMPLEMENT_NB,final_training_fit,1,7,adhd autism,textual,complement_log_weight,5.802014198477808,5.802014198477808,positive,18,18,283
A_COMPLEMENT_NB,final_training_fit,1,199,poor,textual,complement_log_weight,5.801037664864733,5.801037664864733,positive,19,19,282
A_COMPLEMENT_NB,final_training_fit,1,172,meds,textual,complement_log_weight,5.800563914990101,5.800563914990101,positive,20,20,281
A_COMPLEMENT_NB,final_training_fit,1,128,impulsivity,textual,complement_log_weight,5.800136379873307,5.800136379873307,positive,21,21,280
A_COMPLEMENT_NB,final_training_fit,1,19,answer,textual,complement_log_weight,5.799726821978034,5.799726821978034,positive,22,22,279
A_COMPLEMENT_NB,final_training_fit,1,183,non,textual,complement_log_weight,5.799680265871135,5.799680265871135,positive,23,23,278
A_COMPLEMENT_NB,final_training_fit,1,9,adhd diagnosis,textual,complement_log_weight,5.798078583234073,5.798078583234073,positive,24,24,277
A_COMPLEMENT_NB,final_training_fit,1,75,easily,textual,complement_log_weight,5.796758223629683,5.796758223629683,positive,25,25,276
A_COMPLEMENT_NB,final_training_fit,1,269,treated,textual,complement_log_weight,5.795221986570049,5.795221986570049,positive,26,26,275
A_COMPLEMENT_NB,final_training_fit,1,94,family,textual,complement_log_weight,5.794834700090544,5.794834700090544,positive,27,27,274
A_COMPLEMENT_NB,final_training_fit,1,63,disorders,textual,complement_log_weight,5.794693877066822,5.794693877066822,positive,28,28,273
A_COMPLEMENT_NB,final_training_fit,1,189,parents,textual,complement_log_weight,5.794164601755403,5.794164601755403,positive,29,29,272
A_COMPLEMENT_NB,final_training_fit,1,129,inattention,textual,complement_log_weight,5.794123058524846,5.794123058524846,positive,30,30,271
A_COMPLEMENT_NB,final_training_fit,1,42,college,textual,complement_log_weight,5.7937822791503955,5.7937822791503955,positive,31,31,270
A_COMPLEMENT_NB,final_training_fit,1,167,maybe,textual,complement_log_weight,5.793259447960992,5.793259447960992,positive,32,32,269
A_COMPLEMENT_NB,final_training_fit,1,196,phone,textual,complement_log_weight,5.792763041263692,5.792763041263692,positive,33,33,268
A_COMPLEMENT_NB,final_training_fit,1,45,common,textual,complement_log_weight,5.79264719210034,5.79264719210034,positive,34,34,267
A_COMPLEMENT_NB,final_training_fit,1,25,autistic,textual,complement_log_weight,5.791685526318517,5.791685526318517,positive,35,35,266
A_COMPLEMENT_NB,final_training_fit,1,2,activity,textual,complement_log_weight,5.791446328272429,5.791446328272429,positive,36,36,265
A_COMPLEMENT_NB,final_training_fit,1,228,shorts,textual,complement_log_weight,5.789375693216147,5.789375693216147,positive,37,37,264
A_COMPLEMENT_NB,final_training_fit,1,158,lots,textual,complement_log_weight,5.789153057723771,5.789153057723771,positive,38,38,263
A_COMPLEMENT_NB,final_training_fit,1,201,present,textual,complement_log_weight,5.788883328889762,5.788883328889762,positive,39,39,262
A_COMPLEMENT_NB,final_training_fit,1,16,adult,textual,complement_log_weight,5.787648343136161,5.787648343136161,positive,40,40,261
A_COMPLEMENT_NB,final_training_fit,1,38,certain,textual,complement_log_weight,5.78758594882291,5.78758594882291,positive,41,41,260
A_COMPLEMENT_NB,final_training_fit,1,163,makes,textual,complement_log_weight,5.787012768981833,5.787012768981833,positive,42,42,259
A_COMPLEMENT_NB,final_training_fit,1,275,turn,textual,complement_log_weight,5.7865467671256505,5.7865467671256505,positive,43,43,258
A_COMPLEMENT_NB,final_training_fit,1,138,key,textual,complement_log_weight,5.7847762757884675,5.7847762757884675,positive,44,44,257
A_COMPLEMENT_NB,final_training_fit,1,11,adhd medication,textual,complement_log_weight,5.784303907148484,5.784303907148484,positive,45,45,256
A_COMPLEMENT_NB,final_training_fit,1,99,follow,textual,complement_log_weight,5.783948221857319,5.783948221857319,positive,46,46,255
A_COMPLEMENT_NB,final_training_fit,1,49,criteria,textual,complement_log_weight,5.7835155754202425,5.7835155754202425,positive,47,47,254
A_COMPLEMENT_NB,final_training_fit,1,39,challenges,textual,complement_log_weight,5.783073162521279,5.783073162521279,positive,48,48,253
A_COMPLEMENT_NB,final_training_fit,1,243,struggles,textual,complement_log_weight,5.782971301709835,5.782971301709835,positive,49,49,252
A_COMPLEMENT_NB,final_training_fit,1,225,sensory,textual,complement_log_weight,5.781577765473751,5.781577765473751,positive,50,50,251
A_COMPLEMENT_NB,final_training_fit,1,43,come,textual,complement_log_weight,5.781502747784255,5.781502747784255,positive,51,51,250
A_COMPLEMENT_NB,final_training_fit,1,187,options,textual,complement_log_weight,5.779626554056734,5.779626554056734,positive,52,52,249
A_COMPLEMENT_NB,final_training_fit,1,76,eat,textual,complement_log_weight,5.779325817457284,5.779325817457284,positive,53,53,248
A_COMPLEMENT_NB,final_training_fit,1,55,diagnostic,textual,complement_log_weight,5.779026074465561,5.779026074465561,positive,54,54,247
A_COMPLEMENT_NB,final_training_fit,1,267,times,textual,complement_log_weight,5.778987671469983,5.778987671469983,positive,55,55,246
A_COMPLEMENT_NB,final_training_fit,1,235,social,textual,complement_log_weight,5.778827270039387,5.778827270039387,positive,56,56,245
A_COMPLEMENT_NB,final_training_fit,1,188,overwhelmed,textual,complement_log_weight,5.778738828496623,5.778738828496623,positive,57,57,244
A_COMPLEMENT_NB,final_training_fit,1,234,small,textual,complement_log_weight,5.778489831266649,5.778489831266649,positive,58,58,243
A_COMPLEMENT_NB,final_training_fit,1,248,support,textual,complement_log_weight,5.7783606679857815,5.7783606679857815,positive,59,59,242
A_COMPLEMENT_NB,final_training_fit,1,173,mental,textual,complement_log_weight,5.778098362320957,5.778098362320957,positive,60,60,241
A_COMPLEMENT_NB,final_training_fit,1,211,regulation,textual,complement_log_weight,5.777615234888821,5.777615234888821,positive,61,61,240
A_COMPLEMENT_NB,final_training_fit,1,115,hear,textual,complement_log_weight,5.777572810592613,5.777572810592613,positive,62,62,239
A_COMPLEMENT_NB,final_training_fit,1,256,tasks,textual,complement_log_weight,5.776720893644702,5.776720893644702,positive,63,63,238
A_COMPLEMENT_NB,final_training_fit,1,156,looking,textual,complement_log_weight,5.776541169217189,5.776541169217189,positive,64,64,237
A_COMPLEMENT_NB,final_training_fit,1,23,audhd,textual,complement_log_weight,5.776273276260273,5.776273276260273,positive,65,65,236
A_COMPLEMENT_NB,final_training_fit,1,127,impulsive,textual,complement_log_weight,5.773135932703033,5.773135932703033,positive,66,66,235
A_COMPLEMENT_NB,final_training_fit,1,162,make sure,textual,complement_log_weight,5.773096647050338,5.773096647050338,positive,67,67,234
A_COMPLEMENT_NB,final_training_fit,1,246,stuff,textual,complement_log_weight,5.771877724261075,5.771877724261075,positive,68,68,233
A_COMPLEMENT_NB,final_training_fit,1,177,moving,textual,complement_log_weight,5.770914367936062,5.770914367936062,positive,69,69,232
A_COMPLEMENT_NB,final_training_fit,1,91,explain,textual,complement_log_weight,5.7704415561820905,5.7704415561820905,positive,70,70,231
A_COMPLEMENT_NB,final_training_fit,1,18,affects,textual,complement_log_weight,5.770064206850622,5.770064206850622,positive,71,71,230
A_COMPLEMENT_NB,final_training_fit,1,92,explained,textual,complement_log_weight,5.768937552484927,5.768937552484927,positive,72,72,229
A_COMPLEMENT_NB,final_training_fit,1,120,highly,textual,complement_log_weight,5.768914792998,5.768914792998,positive,73,73,228
A_COMPLEMENT_NB,final_training_fit,1,204,problems,textual,complement_log_weight,5.7684881783159465,5.7684881783159465,positive,74,74,227
A_COMPLEMENT_NB,final_training_fit,1,217,saying,textual,complement_log_weight,5.768474186739206,5.768474186739206,positive,75,75,226
A_COMPLEMENT_NB,final_training_fit,1,113,having,textual,complement_log_weight,5.767999753286253,5.767999753286253,positive,76,76,225
A_COMPLEMENT_NB,final_training_fit,1,10,adhd just,textual,complement_log_weight,5.766721267753673,5.766721267753673,positive,77,77,224
A_COMPLEMENT_NB,final_training_fit,1,73,dysfunction,textual,complement_log_weight,5.766369740466575,5.766369740466575,positive,78,78,223
A_COMPLEMENT_NB,final_training_fit,1,74,early,textual,complement_log_weight,5.7663101389698115,5.7663101389698115,positive,79,79,222
A_COMPLEMENT_NB,final_training_fit,1,61,difficulty,textual,complement_log_weight,5.765854425757785,5.765854425757785,positive,80,80,221
A_COMPLEMENT_NB,final_training_fit,1,12,adhd real,textual,complement_log_weight,5.764649649321224,5.764649649321224,positive,81,81,220
A_COMPLEMENT_NB,final_training_fit,1,260,therapy,textual,complement_log_weight,5.764631455016993,5.764631455016993,positive,82,82,219
A_COMPLEMENT_NB,final_training_fit,1,227,sep adhd,textual,complement_log_weight,5.764253402290419,5.764253402290419,positive,83,83,218
A_COMPLEMENT_NB,final_training_fit,1,134,intense,textual,complement_log_weight,5.76392975293065,5.76392975293065,positive,84,84,217
A_COMPLEMENT_NB,final_training_fit,1,150,likely,textual,complement_log_weight,5.763925385908532,5.763925385908532,positive,85,85,216
A_COMPLEMENT_NB,final_training_fit,1,210,recommend,textual,complement_log_weight,5.763097922436732,5.763097922436732,positive,86,86,215
A_COMPLEMENT_NB,final_training_fit,1,182,neurotypical person,textual,complement_log_weight,5.763000986228567,5.763000986228567,positive,87,87,214
A_COMPLEMENT_NB,final_training_fit,1,272,trouble,textual,complement_log_weight,5.762834535637716,5.762834535637716,positive,88,88,213
A_COMPLEMENT_NB,final_training_fit,1,252,taking,textual,complement_log_weight,5.761213962539291,5.761213962539291,positive,89,89,212
A_COMPLEMENT_NB,final_training_fit,1,298,इपर,textual,complement_log_weight,5.761177051766826,5.761177051766826,positive,90,90,211
A_COMPLEMENT_NB,final_training_fit,1,117,helpful,textual,complement_log_weight,5.76081692284668,5.76081692284668,positive,91,91,210
A_COMPLEMENT_NB,final_training_fit,1,219,second,textual,complement_log_weight,5.759995204624364,5.759995204624364,positive,92,92,209
A_COMPLEMENT_NB,final_training_fit,1,81,end,textual,complement_log_weight,5.7597613612231155,5.7597613612231155,positive,93,93,208
A_COMPLEMENT_NB,final_training_fit,1,77,eating,textual,complement_log_weight,5.759757831863883,5.759757831863883,positive,94,94,207
A_COMPLEMENT_NB,final_training_fit,1,96,feel like,textual,complement_log_weight,5.759104996545176,5.759104996545176,positive,95,95,206
A_COMPLEMENT_NB,final_training_fit,1,132,information,textual,complement_log_weight,5.7591017097851935,5.7591017097851935,positive,96,96,205
A_COMPLEMENT_NB,final_training_fit,1,86,executive,textual,complement_log_weight,5.758978647347537,5.758978647347537,positive,97,97,204
A_COMPLEMENT_NB,final_training_fit,1,263,things like,textual,complement_log_weight,5.758958974684546,5.758958974684546,positive,98,98,203
A_COMPLEMENT_NB,final_training_fit,1,130,inattentive,textual,complement_log_weight,5.758501052101104,5.758501052101104,positive,99,99,202
A_COMPLEMENT_NB,final_training_fit,1,93,fact,textual,complement_log_weight,5.758007865206224,5.758007865206224,positive,100,100,201
A_COMPLEMENT_NB,final_training_fit,1,139,kid,textual,complement_log_weight,5.757967991931742,5.757967991931742,positive,101,101,200
A_COMPLEMENT_NB,final_training_fit,1,174,mind,textual,complement_log_weight,5.757732408784329,5.757732408784329,positive,102,102,199
A_COMPLEMENT_NB,final_training_fit,1,218,school,textual,complement_log_weight,5.757384197174443,5.757384197174443,positive,103,103,198
A_COMPLEMENT_NB,final_training_fit,1,17,adults,textual,complement_log_weight,5.756807629464673,5.756807629464673,positive,104,104,197
A_COMPLEMENT_NB,final_training_fit,1,144,late,textual,complement_log_weight,5.7563834678621095,5.7563834678621095,positive,105,105,196
A_COMPLEMENT_NB,final_training_fit,1,279,unable,textual,complement_log_weight,5.755981104186262,5.755981104186262,positive,106,106,195
A_COMPLEMENT_NB,final_training_fit,1,6,adhd adhd,textual,complement_log_weight,5.754627858581365,5.754627858581365,positive,107,107,194
A_COMPLEMENT_NB,final_training_fit,1,164,making,textual,complement_log_weight,5.753606284410272,5.753606284410272,positive,108,108,193
A_COMPLEMENT_NB,final_training_fit,1,171,medications,textual,complement_log_weight,5.753343727643233,5.753343727643233,positive,109,109,192
A_COMPLEMENT_NB,final_training_fit,1,60,differently,textual,complement_log_weight,5.753123668540984,5.753123668540984,positive,110,110,191
A_COMPLEMENT_NB,final_training_fit,1,143,lack,textual,complement_log_weight,5.75156388629525,5.75156388629525,positive,111,111,190
A_COMPLEMENT_NB,final_training_fit,1,206,psychiatrist,textual,complement_log_weight,5.7511463912331084,5.7511463912331084,positive,112,112,189
A_COMPLEMENT_NB,final_training_fit,1,294,world,textual,complement_log_weight,5.75090488970056,5.75090488970056,positive,113,113,188
A_COMPLEMENT_NB,final_training_fit,1,56,did,textual,complement_log_weight,5.750626530620471,5.750626530620471,positive,114,114,187
A_COMPLEMENT_NB,final_training_fit,1,276,type,textual,complement_log_weight,5.749914820963712,5.749914820963712,positive,115,115,186
A_COMPLEMENT_NB,final_training_fit,1,192,pay attention,textual,complement_log_weight,5.749875105394977,5.749875105394977,positive,116,116,185
A_COMPLEMENT_NB,final_training_fit,1,109,great,textual,complement_log_weight,5.749745624796741,5.749745624796741,positive,117,117,184
A_COMPLEMENT_NB,final_training_fit,1,198,point,textual,complement_log_weight,5.749443121635434,5.749443121635434,positive,118,118,183
A_COMPLEMENT_NB,final_training_fit,1,80,emotions,textual,complement_log_weight,5.74930320576962,5.74930320576962,positive,119,119,182
A_COMPLEMENT_NB,final_training_fit,1,185,oh,textual,complement_log_weight,5.749095436025604,5.749095436025604,positive,120,120,181
A_COMPLEMENT_NB,final_training_fit,1,58,difference,textual,complement_log_weight,5.748773691649539,5.748773691649539,positive,121,121,180
A_COMPLEMENT_NB,final_training_fit,1,126,improve,textual,complement_log_weight,5.748462355680847,5.748462355680847,positive,122,122,179
A_COMPLEMENT_NB,final_training_fit,1,295,wrong,textual,complement_log_weight,5.7476067959658,5.7476067959658,positive,123,123,178
A_COMPLEMENT_NB,final_training_fit,1,47,constantly,textual,complement_log_weight,5.746118819240246,5.746118819240246,positive,124,124,177
A_COMPLEMENT_NB,final_training_fit,1,178,music,textual,complement_log_weight,5.74603724799559,5.74603724799559,positive,125,125,176
A_COMPLEMENT_NB,final_training_fit,1,152,little bit,textual,complement_log_weight,5.745774590161646,5.745774590161646,positive,126,126,175
A_COMPLEMENT_NB,final_training_fit,1,283,using,textual,complement_log_weight,5.745658679598106,5.745658679598106,positive,127,127,174
A_COMPLEMENT_NB,final_training_fit,1,122,hyperactive,textual,complement_log_weight,5.745525077458605,5.745525077458605,positive,128,128,173
A_COMPLEMENT_NB,final_training_fit,1,64,distracted,textual,complement_log_weight,5.745521919707545,5.745521919707545,positive,129,129,172
A_COMPLEMENT_NB,final_training_fit,1,88,experience,textual,complement_log_weight,5.744834226513687,5.744834226513687,positive,130,130,171
A_COMPLEMENT_NB,final_training_fit,1,159,love,textual,complement_log_weight,5.744668295294069,5.744668295294069,positive,131,131,170
A_COMPLEMENT_NB,final_training_fit,1,175,mood,textual,complement_log_weight,5.744185868531142,5.744185868531142,positive,132,132,169
A_COMPLEMENT_NB,final_training_fit,1,72,drugs,textual,complement_log_weight,5.7435394911723945,5.7435394911723945,positive,133,133,168
A_COMPLEMENT_NB,final_training_fit,1,259,term,textual,complement_log_weight,5.743119743474651,5.743119743474651,positive,134,134,167
A_COMPLEMENT_NB,final_training_fit,1,145,lead,textual,complement_log_weight,5.743019089670284,5.743019089670284,positive,135,135,166
A_COMPLEMENT_NB,final_training_fit,1,121,home,textual,complement_log_weight,5.742608643504582,5.742608643504582,positive,136,136,165
A_COMPLEMENT_NB,final_training_fit,1,200,potential,textual,complement_log_weight,5.742591205370038,5.742591205370038,positive,137,137,164
A_COMPLEMENT_NB,final_training_fit,1,249,sure,textual,complement_log_weight,5.741903240153997,5.741903240153997,positive,138,138,163
A_COMPLEMENT_NB,final_training_fit,1,271,treatment,textual,complement_log_weight,5.741656140289676,5.741656140289676,positive,139,139,162
A_COMPLEMENT_NB,final_training_fit,1,103,friend,textual,complement_log_weight,5.741411752803499,5.741411752803499,positive,140,140,161
A_COMPLEMENT_NB,final_training_fit,1,27,behavior,textual,complement_log_weight,5.741373404701233,5.741373404701233,positive,141,141,160
A_COMPLEMENT_NB,final_training_fit,1,97,feeling,textual,complement_log_weight,5.740944942473922,5.740944942473922,positive,142,142,159
A_COMPLEMENT_NB,final_training_fit,1,287,wait,textual,complement_log_weight,5.740632781084072,5.740632781084072,positive,143,143,158
A_COMPLEMENT_NB,final_training_fit,1,274,trying,textual,complement_log_weight,5.740548724950132,5.740548724950132,positive,144,144,157
A_COMPLEMENT_NB,final_training_fit,1,141,kind,textual,complement_log_weight,5.740331077585286,5.740331077585286,positive,145,145,156
A_COMPLEMENT_NB,final_training_fit,1,220,seen,textual,complement_log_weight,5.739648555114857,5.739648555114857,positive,146,146,155
A_COMPLEMENT_NB,final_training_fit,1,87,exercise,textual,complement_log_weight,5.738970979623438,5.738970979623438,positive,147,147,154
A_COMPLEMENT_NB,final_training_fit,1,135,isn,textual,complement_log_weight,5.738440899549665,5.738440899549665,positive,148,148,153
A_COMPLEMENT_NB,final_training_fit,1,37,care,textual,complement_log_weight,5.73799397203139,5.73799397203139,positive,149,149,152
A_COMPLEMENT_NB,final_training_fit,1,48,control,textual,complement_log_weight,5.737111044663386,5.737111044663386,positive,150,150,151
A_COMPLEMENT_NB,final_training_fit,1,24,autism,textual,complement_log_weight,5.7367355985093464,5.7367355985093464,positive,151,151,150
A_COMPLEMENT_NB,final_training_fit,1,239,stop,textual,complement_log_weight,5.735711927657549,5.735711927657549,positive,152,152,149
A_COMPLEMENT_NB,final_training_fit,1,82,energy,textual,complement_log_weight,5.735530862708372,5.735530862708372,positive,153,153,148
A_COMPLEMENT_NB,final_training_fit,1,213,relationships,textual,complement_log_weight,5.735009135579918,5.735009135579918,positive,154,154,147
A_COMPLEMENT_NB,final_training_fit,1,35,brains,textual,complement_log_weight,5.73400293705354,5.73400293705354,positive,155,155,146
A_COMPLEMENT_NB,final_training_fit,1,205,protein,textual,complement_log_weight,5.733593241229443,5.733593241229443,positive,156,156,145
A_COMPLEMENT_NB,final_training_fit,1,21,anxiety,textual,complement_log_weight,5.732882159129078,5.732882159129078,positive,157,157,144
A_COMPLEMENT_NB,final_training_fit,1,270,treating,textual,complement_log_weight,5.732722094715664,5.732722094715664,positive,158,158,143
A_COMPLEMENT_NB,final_training_fit,1,85,example,textual,complement_log_weight,5.731560576157217,5.731560576157217,positive,159,159,142
A_COMPLEMENT_NB,final_training_fit,1,44,comes,textual,complement_log_weight,5.730098860815708,5.730098860815708,positive,160,160,141
A_COMPLEMENT_NB,final_training_fit,1,26,bad,textual,complement_log_weight,5.729972759760508,5.729972759760508,positive,161,161,140
A_COMPLEMENT_NB,final_training_fit,1,181,neurotypical,textual,complement_log_weight,5.72988273789293,5.72988273789293,positive,162,162,139
A_COMPLEMENT_NB,final_training_fit,1,268,treat,textual,complement_log_weight,5.729848860658258,5.729848860658258,positive,163,163,138
A_COMPLEMENT_NB,final_training_fit,1,299,एक,textual,complement_log_weight,5.728972577387981,5.728972577387981,positive,164,164,137
A_COMPLEMENT_NB,final_training_fit,1,133,instead,textual,complement_log_weight,5.728827569653904,5.728827569653904,positive,165,165,136
A_COMPLEMENT_NB,final_training_fit,1,280,understand,textual,complement_log_weight,5.728131054353676,5.728131054353676,positive,166,166,135
A_COMPLEMENT_NB,final_training_fit,1,297,years,textual,complement_log_weight,5.727351498254037,5.727351498254037,positive,167,167,134
A_COMPLEMENT_NB,final_training_fit,1,83,especially,textual,complement_log_weight,5.727349067999958,5.727349067999958,positive,168,168,133
A_COMPLEMENT_NB,final_training_fit,1,31,big,textual,complement_log_weight,5.7263423043255,5.7263423043255,positive,169,169,132
A_COMPLEMENT_NB,final_training_fit,1,265,thinking,textual,complement_log_weight,5.725820679415736,5.725820679415736,positive,170,170,131
A_COMPLEMENT_NB,final_training_fit,1,68,doing,textual,complement_log_weight,5.724050754132394,5.724050754132394,positive,171,171,130
A_COMPLEMENT_NB,final_training_fit,1,222,sense,textual,complement_log_weight,5.7234426131204055,5.7234426131204055,positive,172,172,129
A_COMPLEMENT_NB,final_training_fit,1,284,usually,textual,complement_log_weight,5.723191062664147,5.723191062664147,positive,173,173,128
A_COMPLEMENT_NB,final_training_fit,1,254,talking,textual,complement_log_weight,5.722843605777674,5.722843605777674,positive,174,174,127
A_COMPLEMENT_NB,final_training_fit,1,148,life,textual,complement_log_weight,5.722696547439099,5.722696547439099,positive,175,175,126
A_COMPLEMENT_NB,final_training_fit,1,293,works,textual,complement_log_weight,5.722313365049638,5.722313365049638,positive,176,176,125
A_COMPLEMENT_NB,final_training_fit,1,118,helps,textual,complement_log_weight,5.722198571960442,5.722198571960442,positive,177,177,124
A_COMPLEMENT_NB,final_training_fit,1,296,yeah,textual,complement_log_weight,5.7220847676910545,5.7220847676910545,positive,178,178,123
A_COMPLEMENT_NB,final_training_fit,1,79,emotional,textual,complement_log_weight,5.722050892763837,5.722050892763837,positive,179,179,122
A_COMPLEMENT_NB,final_training_fit,1,147,levels,textual,complement_log_weight,5.72126221185206,5.72126221185206,positive,180,180,121
A_COMPLEMENT_NB,final_training_fit,1,197,physical,textual,complement_log_weight,5.720609457847857,5.720609457847857,positive,181,181,120
A_COMPLEMENT_NB,final_training_fit,1,36,called,textual,complement_log_weight,5.719897327568779,5.719897327568779,positive,182,182,119
A_COMPLEMENT_NB,final_training_fit,1,8,adhd brain,textual,complement_log_weight,5.718848389290472,5.718848389290472,positive,183,183,118
A_COMPLEMENT_NB,final_training_fit,1,169,means,textual,complement_log_weight,5.718024525628084,5.718024525628084,positive,184,184,117
A_COMPLEMENT_NB,final_training_fit,1,240,strategies,textual,complement_log_weight,5.717889387041608,5.717889387041608,positive,185,185,116
A_COMPLEMENT_NB,final_training_fit,1,84,everybody,textual,complement_log_weight,5.7171188672532915,5.7171188672532915,positive,186,186,115
A_COMPLEMENT_NB,final_training_fit,1,191,pay,textual,complement_log_weight,5.714627054353844,5.714627054353844,positive,187,187,114
A_COMPLEMENT_NB,final_training_fit,1,290,ways,textual,complement_log_weight,5.714089284867045,5.714089284867045,positive,188,188,113
A_COMPLEMENT_NB,final_training_fit,1,51,deficit,textual,complement_log_weight,5.7139498371914295,5.7139498371914295,positive,189,189,112
A_COMPLEMENT_NB,final_training_fit,1,202,probably,textual,complement_log_weight,5.713646354550247,5.713646354550247,positive,190,190,111
A_COMPLEMENT_NB,final_training_fit,1,231,signs adhd,textual,complement_log_weight,5.71146717382468,5.71146717382468,positive,191,191,110
A_COMPLEMENT_NB,final_training_fit,1,102,forget,textual,complement_log_weight,5.70878774935162,5.70878774935162,positive,192,192,109
A_COMPLEMENT_NB,final_training_fit,1,154,long,textual,complement_log_weight,5.708508279069259,5.708508279069259,positive,193,193,108
A_COMPLEMENT_NB,final_training_fit,1,140,kids,textual,complement_log_weight,5.706382229981818,5.706382229981818,positive,194,194,107
A_COMPLEMENT_NB,final_training_fit,1,273,try,textual,complement_log_weight,5.705353215548549,5.705353215548549,positive,195,195,106
A_COMPLEMENT_NB,final_training_fit,1,54,diagnosis,textual,complement_log_weight,5.704842285820448,5.704842285820448,positive,196,196,105
A_COMPLEMENT_NB,final_training_fit,1,242,struggle,textual,complement_log_weight,5.704510461812709,5.704510461812709,positive,197,197,104
A_COMPLEMENT_NB,final_training_fit,1,232,sit,textual,complement_log_weight,5.702796886395342,5.702796886395342,positive,198,198,103
A_COMPLEMENT_NB,final_training_fit,1,286,video,textual,complement_log_weight,5.702038731816178,5.702038731816178,positive,199,199,102
A_COMPLEMENT_NB,final_training_fit,1,186,okay,textual,complement_log_weight,5.700915811544307,5.700915811544307,positive,200,200,101
A_COMPLEMENT_NB,final_training_fit,1,30,better,textual,complement_log_weight,5.70064889830419,5.70064889830419,positive,201,201,100
A_COMPLEMENT_NB,final_training_fit,1,33,body,textual,complement_log_weight,5.70017349986252,5.70017349986252,positive,202,202,99
A_COMPLEMENT_NB,final_training_fit,1,257,tell,textual,complement_log_weight,5.69948838019888,5.69948838019888,positive,203,203,98
A_COMPLEMENT_NB,final_training_fit,1,71,dr,textual,complement_log_weight,5.6993727347989145,5.6993727347989145,positive,204,204,97
A_COMPLEMENT_NB,final_training_fit,1,151,little,textual,complement_log_weight,5.699223395060237,5.699223395060237,positive,205,205,96
A_COMPLEMENT_NB,final_training_fit,1,110,happens,textual,complement_log_weight,5.69851610428587,5.69851610428587,positive,206,206,95
A_COMPLEMENT_NB,final_training_fit,1,223,sensitive,textual,complement_log_weight,5.698181553449657,5.698181553449657,positive,207,207,94
A_COMPLEMENT_NB,final_training_fit,1,15,adhd women,textual,complement_log_weight,5.698110200638802,5.698110200638802,positive,208,208,93
A_COMPLEMENT_NB,final_training_fit,1,224,sensitivity,textual,complement_log_weight,5.696452863949565,5.696452863949565,positive,209,209,92
A_COMPLEMENT_NB,final_training_fit,1,190,patients,textual,complement_log_weight,5.696183903477533,5.696183903477533,positive,210,210,91
A_COMPLEMENT_NB,final_training_fit,1,32,bit,textual,complement_log_weight,5.695750152848429,5.695750152848429,positive,211,211,90
A_COMPLEMENT_NB,final_training_fit,1,253,talk,textual,complement_log_weight,5.694779524690065,5.694779524690065,positive,212,212,89
A_COMPLEMENT_NB,final_training_fit,1,111,hard,textual,complement_log_weight,5.693203361976593,5.693203361976593,positive,213,213,88
A_COMPLEMENT_NB,final_training_fit,1,168,mean,textual,complement_log_weight,5.6920337331946405,5.6920337331946405,positive,214,214,87
A_COMPLEMENT_NB,final_training_fit,1,179,natural,textual,complement_log_weight,5.691574062465948,5.691574062465948,positive,215,215,86
A_COMPLEMENT_NB,final_training_fit,1,136,issues,textual,complement_log_weight,5.6906171728766095,5.6906171728766095,positive,216,216,85
A_COMPLEMENT_NB,final_training_fit,1,245,study,textual,complement_log_weight,5.690585954168341,5.690585954168341,positive,217,217,84
A_COMPLEMENT_NB,final_training_fit,1,65,doctor,textual,complement_log_weight,5.688716975899901,5.688716975899901,positive,218,218,83
A_COMPLEMENT_NB,final_training_fit,1,119,high,textual,complement_log_weight,5.687055390531653,5.687055390531653,positive,219,219,82
A_COMPLEMENT_NB,final_training_fit,1,146,let,textual,complement_log_weight,5.684339588467344,5.684339588467344,positive,220,220,81
A_COMPLEMENT_NB,final_training_fit,1,108,got,textual,complement_log_weight,5.683891430102224,5.683891430102224,positive,221,221,80
A_COMPLEMENT_NB,final_training_fit,1,176,motivation,textual,complement_log_weight,5.683326251648373,5.683326251648373,positive,222,222,79
A_COMPLEMENT_NB,final_training_fit,1,66,does,textual,complement_log_weight,5.680334325658732,5.680334325658732,positive,223,223,78
A_COMPLEMENT_NB,final_training_fit,1,1,able,textual,complement_log_weight,5.679907173861723,5.679907173861723,positive,224,224,77
A_COMPLEMENT_NB,final_training_fit,1,221,self,textual,complement_log_weight,5.678669596917164,5.678669596917164,positive,225,225,76
A_COMPLEMENT_NB,final_training_fit,1,131,increase,textual,complement_log_weight,5.677749222653395,5.677749222653395,positive,226,226,75
A_COMPLEMENT_NB,final_training_fit,1,216,say,textual,complement_log_weight,5.677384278504134,5.677384278504134,positive,227,227,74
A_COMPLEMENT_NB,final_training_fit,1,41,children,textual,complement_log_weight,5.677085120401486,5.677085120401486,positive,228,228,73
A_COMPLEMENT_NB,final_training_fit,1,155,look,textual,complement_log_weight,5.676174533189752,5.676174533189752,positive,229,229,72
A_COMPLEMENT_NB,final_training_fit,1,14,adhd symptoms,textual,complement_log_weight,5.674594555463324,5.674594555463324,positive,230,230,71
A_COMPLEMENT_NB,final_training_fit,1,258,tend,textual,complement_log_weight,5.673941033608758,5.673941033608758,positive,231,231,70
A_COMPLEMENT_NB,final_training_fit,1,125,important,textual,complement_log_weight,5.672221731586497,5.672221731586497,positive,232,232,69
A_COMPLEMENT_NB,final_training_fit,1,78,effects,textual,complement_log_weight,5.671517807035919,5.671517807035919,positive,233,233,68
A_COMPLEMENT_NB,final_training_fit,1,255,task,textual,complement_log_weight,5.671377113127575,5.671377113127575,positive,234,234,67
A_COMPLEMENT_NB,final_training_fit,1,230,signs,textual,complement_log_weight,5.67136955608269,5.67136955608269,positive,235,235,66
A_COMPLEMENT_NB,final_training_fit,1,237,stimulant,textual,complement_log_weight,5.669172281514082,5.669172281514082,positive,236,236,65
A_COMPLEMENT_NB,final_training_fit,1,212,rejection,textual,complement_log_weight,5.66656771169246,5.66656771169246,positive,237,237,64
A_COMPLEMENT_NB,final_training_fit,1,59,different,textual,complement_log_weight,5.665542407723559,5.665542407723559,positive,238,238,63
A_COMPLEMENT_NB,final_training_fit,1,236,start,textual,complement_log_weight,5.664713549176957,5.664713549176957,positive,239,239,62
A_COMPLEMENT_NB,final_training_fit,1,105,getting,textual,complement_log_weight,5.664312427123881,5.664312427123881,positive,240,240,61
A_COMPLEMENT_NB,final_training_fit,1,251,symptoms adhd,textual,complement_log_weight,5.661742701418871,5.661742701418871,positive,241,241,60
A_COMPLEMENT_NB,final_training_fit,1,214,remember,textual,complement_log_weight,5.6600116473841595,5.6600116473841595,positive,242,242,59
A_COMPLEMENT_NB,final_training_fit,1,53,diagnosed,textual,complement_log_weight,5.657739717848372,5.657739717848372,positive,243,243,58
A_COMPLEMENT_NB,final_training_fit,1,238,stimulants,textual,complement_log_weight,5.657155224050689,5.657155224050689,positive,244,244,57
A_COMPLEMENT_NB,final_training_fit,1,291,women,textual,complement_log_weight,5.655627585327702,5.655627585327702,positive,245,245,56
A_COMPLEMENT_NB,final_training_fit,1,100,food,textual,complement_log_weight,5.6554276786871585,5.6554276786871585,positive,246,246,55
A_COMPLEMENT_NB,final_training_fit,1,101,foods,textual,complement_log_weight,5.655064876711207,5.655064876711207,positive,247,247,54
A_COMPLEMENT_NB,final_training_fit,1,62,disorder,textual,complement_log_weight,5.654218981918867,5.654218981918867,positive,248,248,53
A_COMPLEMENT_NB,final_training_fit,1,203,problem,textual,complement_log_weight,5.6504096044716965,5.6504096044716965,positive,249,249,52
A_COMPLEMENT_NB,final_training_fit,1,247,sugar,textual,complement_log_weight,5.644221841199453,5.644221841199453,positive,250,250,51
A_COMPLEMENT_NB,final_training_fit,1,208,real,textual,complement_log_weight,5.643600336003101,5.643600336003101,positive,251,251,50
A_COMPLEMENT_NB,final_training_fit,1,278,um,textual,complement_log_weight,5.642717365784363,5.642717365784363,positive,252,252,49
A_COMPLEMENT_NB,final_training_fit,1,0,10,textual,complement_log_weight,5.637560196060256,5.637560196060256,positive,253,253,48
A_COMPLEMENT_NB,final_training_fit,1,52,depression,textual,complement_log_weight,5.635363035572826,5.635363035572826,positive,254,254,47
A_COMPLEMENT_NB,final_training_fit,1,123,hyperactivity,textual,complement_log_weight,5.631661634738196,5.631661634738196,positive,255,255,46
A_COMPLEMENT_NB,final_training_fit,1,50,day,textual,complement_log_weight,5.625251081032376,5.625251081032376,positive,256,256,45
A_COMPLEMENT_NB,final_training_fit,1,233,sleep,textual,complement_log_weight,5.62282340780888,5.62282340780888,positive,257,257,44
A_COMPLEMENT_NB,final_training_fit,1,4,add,textual,complement_log_weight,5.619543278773171,5.619543278773171,positive,258,258,43
A_COMPLEMENT_NB,final_training_fit,1,98,focus,textual,complement_log_weight,5.618572357157806,5.618572357157806,positive,259,259,42
A_COMPLEMENT_NB,final_training_fit,1,67,doesn,textual,complement_log_weight,5.616711644944126,5.616711644944126,positive,260,260,41
A_COMPLEMENT_NB,final_training_fit,1,292,work,textual,complement_log_weight,5.616019655196968,5.616019655196968,positive,261,261,40
A_COMPLEMENT_NB,final_training_fit,1,3,actually,textual,complement_log_weight,5.614715118763148,5.614715118763148,positive,262,262,39
A_COMPLEMENT_NB,final_training_fit,1,180,need,textual,complement_log_weight,5.613788611123412,5.613788611123412,positive,263,263,38
A_COMPLEMENT_NB,final_training_fit,1,13,adhd sep,textual,complement_log_weight,5.613285042958853,5.613285042958853,positive,264,264,37
A_COMPLEMENT_NB,final_training_fit,1,107,good,textual,complement_log_weight,5.612670191116697,5.612670191116697,positive,265,265,36
A_COMPLEMENT_NB,final_training_fit,1,160,low,textual,complement_log_weight,5.602388496356959,5.602388496356959,positive,266,266,35
A_COMPLEMENT_NB,final_training_fit,1,264,think,textual,complement_log_weight,5.602233441143848,5.602233441143848,positive,267,267,34
A_COMPLEMENT_NB,final_training_fit,1,161,make,textual,complement_log_weight,5.598669612284976,5.598669612284976,positive,268,268,33
A_COMPLEMENT_NB,final_training_fit,1,95,feel,textual,complement_log_weight,5.597013959928898,5.597013959928898,positive,269,269,32
A_COMPLEMENT_NB,final_training_fit,1,57,diet,textual,complement_log_weight,5.596371188830264,5.596371188830264,positive,270,270,31
A_COMPLEMENT_NB,final_training_fit,1,289,way,textual,complement_log_weight,5.596281988549564,5.596281988549564,positive,271,271,30
A_COMPLEMENT_NB,final_training_fit,1,215,right,textual,complement_log_weight,5.5912424378409105,5.5912424378409105,positive,272,272,29
A_COMPLEMENT_NB,final_training_fit,1,40,child,textual,complement_log_weight,5.583001786810165,5.583001786810165,positive,273,273,28
A_COMPLEMENT_NB,final_training_fit,1,22,attention,textual,complement_log_weight,5.582772771584161,5.582772771584161,positive,274,274,27
A_COMPLEMENT_NB,final_training_fit,1,285,ve,textual,complement_log_weight,5.581302618005356,5.581302618005356,positive,275,275,26
A_COMPLEMENT_NB,final_training_fit,1,261,thing,textual,complement_log_weight,5.581251981672214,5.581251981672214,positive,276,276,25
A_COMPLEMENT_NB,final_training_fit,1,277,uh,textual,complement_log_weight,5.578048134071285,5.578048134071285,positive,277,277,24
A_COMPLEMENT_NB,final_training_fit,1,157,lot,textual,complement_log_weight,5.568199028579318,5.568199028579318,positive,278,278,23
A_COMPLEMENT_NB,final_training_fit,1,282,use,textual,complement_log_weight,5.566410954981735,5.566410954981735,positive,279,279,22
A_COMPLEMENT_NB,final_training_fit,1,195,person,textual,complement_log_weight,5.563155918477747,5.563155918477747,positive,280,280,21
A_COMPLEMENT_NB,final_training_fit,1,194,people adhd,textual,complement_log_weight,5.562981686095028,5.562981686095028,positive,281,281,20
A_COMPLEMENT_NB,final_training_fit,1,106,going,textual,complement_log_weight,5.560375619466058,5.560375619466058,positive,282,282,19
A_COMPLEMENT_NB,final_training_fit,1,288,want,textual,complement_log_weight,5.5577421141851415,5.5577421141851415,positive,283,283,18
A_COMPLEMENT_NB,final_training_fit,1,170,medication,textual,complement_log_weight,5.555410130488086,5.555410130488086,positive,284,284,17
A_COMPLEMENT_NB,final_training_fit,1,209,really,textual,complement_log_weight,5.540969393466553,5.540969393466553,positive,285,285,16
A_COMPLEMENT_NB,final_training_fit,1,116,help,textual,complement_log_weight,5.531867862047273,5.531867862047273,positive,286,286,15
A_COMPLEMENT_NB,final_training_fit,1,142,know,textual,complement_log_weight,5.518370863208622,5.518370863208622,positive,287,287,14
A_COMPLEMENT_NB,final_training_fit,1,153,ll,textual,complement_log_weight,5.516996119070205,5.516996119070205,positive,288,288,13
A_COMPLEMENT_NB,final_training_fit,1,226,sep,textual,complement_log_weight,5.504746889526594,5.504746889526594,positive,289,289,12
A_COMPLEMENT_NB,final_training_fit,1,70,dopamine,textual,complement_log_weight,5.498328547210142,5.498328547210142,positive,290,290,11
A_COMPLEMENT_NB,final_training_fit,1,250,symptoms,textual,complement_log_weight,5.4713529347435035,5.4713529347435035,positive,291,291,10
A_COMPLEMENT_NB,final_training_fit,1,262,things,textual,complement_log_weight,5.441801091518384,5.441801091518384,positive,292,292,9
A_COMPLEMENT_NB,final_training_fit,1,266,time,textual,complement_log_weight,5.440628971287014,5.440628971287014,positive,293,293,8
A_COMPLEMENT_NB,final_training_fit,1,137,just,textual,complement_log_weight,5.434499801226157,5.434499801226157,positive,294,294,7
A_COMPLEMENT_NB,final_training_fit,1,69,don,textual,complement_log_weight,5.423596851266143,5.423596851266143,positive,295,295,6
A_COMPLEMENT_NB,final_training_fit,1,184,number,textual,complement_log_weight,5.402054970938311,5.402054970938311,positive,296,296,5
A_COMPLEMENT_NB,final_training_fit,1,193,people,textual,complement_log_weight,5.374185943535462,5.374185943535462,positive,297,297,4
A_COMPLEMENT_NB,final_training_fit,1,34,brain,textual,complement_log_weight,5.326745847190412,5.326745847190412,positive,298,298,3
A_COMPLEMENT_NB,final_training_fit,1,149,like,textual,complement_log_weight,5.267902204753977,5.267902204753977,positive,299,299,2
A_COMPLEMENT_NB,final_training_fit,1,5,adhd,textual,complement_log_weight,4.90213981291112,4.90213981291112,positive,300,300,1
A_COMPLEMENT_NB,final_training_fit,2,60,differently,textual,complement_log_weight,5.86257110747716,5.86257110747716,positive,1,1,300
A_COMPLEMENT_NB,final_training_fit,2,298,इपर,textual,complement_log_weight,5.86005797951697,5.86005797951697,positive,2,2,298
A_COMPLEMENT_NB,final_training_fit,2,299,एक,textual,complement_log_weight,5.86005797951697,5.86005797951697,positive,2,2,298
A_COMPLEMENT_NB,final_training_fit,2,76,eat,textual,complement_log_weight,5.847073748347297,5.847073748347297,positive,4,4,297
A_COMPLEMENT_NB,final_training_fit,2,152,little bit,textual,complement_log_weight,5.8413856331800185,5.8413856331800185,positive,5,5,296
A_COMPLEMENT_NB,final_training_fit,2,99,follow,textual,complement_log_weight,5.839427989423423,5.839427989423423,positive,6,6,295
A_COMPLEMENT_NB,final_training_fit,2,77,eating,textual,complement_log_weight,5.838085473338144,5.838085473338144,positive,7,7,294
A_COMPLEMENT_NB,final_training_fit,2,18,affects,textual,complement_log_weight,5.827044357706477,5.827044357706477,positive,8,8,293
A_COMPLEMENT_NB,final_training_fit,2,246,stuff,textual,complement_log_weight,5.826078568781928,5.826078568781928,positive,9,9,292
A_COMPLEMENT_NB,final_training_fit,2,55,diagnostic,textual,complement_log_weight,5.824151442118072,5.824151442118072,positive,10,10,291
A_COMPLEMENT_NB,final_training_fit,2,134,intense,textual,complement_log_weight,5.823883337337859,5.823883337337859,positive,11,11,290
A_COMPLEMENT_NB,final_training_fit,2,92,explained,textual,complement_log_weight,5.821310166845545,5.821310166845545,positive,12,12,289
A_COMPLEMENT_NB,final_training_fit,2,139,kid,textual,complement_log_weight,5.820764149303816,5.820764149303816,positive,13,13,288
A_COMPLEMENT_NB,final_training_fit,2,28,behaviors,textual,complement_log_weight,5.819968858308165,5.819968858308165,positive,14,14,287
A_COMPLEMENT_NB,final_training_fit,2,143,lack,textual,complement_log_weight,5.819723255241315,5.819723255241315,positive,15,15,286
A_COMPLEMENT_NB,final_training_fit,2,169,means,textual,complement_log_weight,5.817751302996869,5.817751302996869,positive,16,16,285
A_COMPLEMENT_NB,final_training_fit,2,279,unable,textual,complement_log_weight,5.8176706931396165,5.8176706931396165,positive,17,17,284
A_COMPLEMENT_NB,final_training_fit,2,126,improve,textual,complement_log_weight,5.816874475368136,5.816874475368136,positive,18,18,283
A_COMPLEMENT_NB,final_training_fit,2,174,mind,textual,complement_log_weight,5.816740004726163,5.816740004726163,positive,19,19,282
A_COMPLEMENT_NB,final_training_fit,2,15,adhd women,textual,complement_log_weight,5.816393153401833,5.816393153401833,positive,20,20,281
A_COMPLEMENT_NB,final_training_fit,2,201,present,textual,complement_log_weight,5.8159471672702985,5.8159471672702985,positive,21,21,280
A_COMPLEMENT_NB,final_training_fit,2,129,inattention,textual,complement_log_weight,5.815901426437631,5.815901426437631,positive,22,22,279
A_COMPLEMENT_NB,final_training_fit,2,93,fact,textual,complement_log_weight,5.8157855135939105,5.8157855135939105,positive,23,23,278
A_COMPLEMENT_NB,final_training_fit,2,267,times,textual,complement_log_weight,5.815266647400957,5.815266647400957,positive,24,24,277
A_COMPLEMENT_NB,final_training_fit,2,37,care,textual,complement_log_weight,5.8142858183650965,5.8142858183650965,positive,25,25,276
A_COMPLEMENT_NB,final_training_fit,2,120,highly,textual,complement_log_weight,5.814243534291116,5.814243534291116,positive,26,26,275
A_COMPLEMENT_NB,final_training_fit,2,162,make sure,textual,complement_log_weight,5.81361112846386,5.81361112846386,positive,27,27,274
A_COMPLEMENT_NB,final_training_fit,2,287,wait,textual,complement_log_weight,5.811733436904969,5.811733436904969,positive,28,28,273
A_COMPLEMENT_NB,final_training_fit,2,164,making,textual,complement_log_weight,5.809484996410916,5.809484996410916,positive,29,29,272
A_COMPLEMENT_NB,final_training_fit,2,145,lead,textual,complement_log_weight,5.809470801225478,5.809470801225478,positive,30,30,271
A_COMPLEMENT_NB,final_training_fit,2,275,turn,textual,complement_log_weight,5.806764001325051,5.806764001325051,positive,31,31,270
A_COMPLEMENT_NB,final_training_fit,2,185,oh,textual,complement_log_weight,5.806370509359238,5.806370509359238,positive,32,32,269
A_COMPLEMENT_NB,final_training_fit,2,97,feeling,textual,complement_log_weight,5.806055080346331,5.806055080346331,positive,33,33,268
A_COMPLEMENT_NB,final_training_fit,2,241,structure,textual,complement_log_weight,5.805531429326562,5.805531429326562,positive,34,34,267
A_COMPLEMENT_NB,final_training_fit,2,187,options,textual,complement_log_weight,5.804271076595922,5.804271076595922,positive,35,35,266
A_COMPLEMENT_NB,final_training_fit,2,73,dysfunction,textual,complement_log_weight,5.803777509746069,5.803777509746069,positive,36,36,265
A_COMPLEMENT_NB,final_training_fit,2,156,looking,textual,complement_log_weight,5.801352805845518,5.801352805845518,positive,37,37,264
A_COMPLEMENT_NB,final_training_fit,2,260,therapy,textual,complement_log_weight,5.799654663494,5.799654663494,positive,38,38,263
A_COMPLEMENT_NB,final_training_fit,2,269,treated,textual,complement_log_weight,5.799496207051573,5.799496207051573,positive,39,39,262
A_COMPLEMENT_NB,final_training_fit,2,151,little,textual,complement_log_weight,5.798867847188708,5.798867847188708,positive,40,40,261
A_COMPLEMENT_NB,final_training_fit,2,91,explain,textual,complement_log_weight,5.7980889664136415,5.7980889664136415,positive,41,41,260
A_COMPLEMENT_NB,final_training_fit,2,225,sensory,textual,complement_log_weight,5.7975064598444686,5.7975064598444686,positive,42,42,259
A_COMPLEMENT_NB,final_training_fit,2,115,hear,textual,complement_log_weight,5.7974862519266654,5.7974862519266654,positive,43,43,258
A_COMPLEMENT_NB,final_training_fit,2,234,small,textual,complement_log_weight,5.796138663088231,5.796138663088231,positive,44,44,257
A_COMPLEMENT_NB,final_training_fit,2,165,manage,textual,complement_log_weight,5.795894079351537,5.795894079351537,positive,45,45,256
A_COMPLEMENT_NB,final_training_fit,2,210,recommend,textual,complement_log_weight,5.794631881410396,5.794631881410396,positive,46,46,255
A_COMPLEMENT_NB,final_training_fit,2,75,easily,textual,complement_log_weight,5.794558637847711,5.794558637847711,positive,47,47,254
A_COMPLEMENT_NB,final_training_fit,2,71,dr,textual,complement_log_weight,5.793432956572663,5.793432956572663,positive,48,48,253
A_COMPLEMENT_NB,final_training_fit,2,283,using,textual,complement_log_weight,5.79339943025814,5.79339943025814,positive,49,49,252
A_COMPLEMENT_NB,final_training_fit,2,89,experts,textual,complement_log_weight,5.792511112801956,5.792511112801956,positive,50,50,251
A_COMPLEMENT_NB,final_training_fit,2,177,moving,textual,complement_log_weight,5.791502516273355,5.791502516273355,positive,51,51,250
A_COMPLEMENT_NB,final_training_fit,2,90,experts answer,textual,complement_log_weight,5.790112378752854,5.790112378752854,positive,52,52,249
A_COMPLEMENT_NB,final_training_fit,2,38,certain,textual,complement_log_weight,5.789760630266614,5.789760630266614,positive,53,53,248
A_COMPLEMENT_NB,final_training_fit,2,150,likely,textual,complement_log_weight,5.789374223465304,5.789374223465304,positive,54,54,247
A_COMPLEMENT_NB,final_training_fit,2,173,mental,textual,complement_log_weight,5.788984085769506,5.788984085769506,positive,55,55,246
A_COMPLEMENT_NB,final_training_fit,2,240,strategies,textual,complement_log_weight,5.788835791986904,5.788835791986904,positive,56,56,245
A_COMPLEMENT_NB,final_training_fit,2,109,great,textual,complement_log_weight,5.788369958697552,5.788369958697552,positive,57,57,244
A_COMPLEMENT_NB,final_training_fit,2,104,function,textual,complement_log_weight,5.7883319718574695,5.7883319718574695,positive,58,58,243
A_COMPLEMENT_NB,final_training_fit,2,198,point,textual,complement_log_weight,5.788256952174208,5.788256952174208,positive,59,59,242
A_COMPLEMENT_NB,final_training_fit,2,2,activity,textual,complement_log_weight,5.788137268939471,5.788137268939471,positive,60,60,241
A_COMPLEMENT_NB,final_training_fit,2,167,maybe,textual,complement_log_weight,5.7863906481077,5.7863906481077,positive,61,61,240
A_COMPLEMENT_NB,final_training_fit,2,220,seen,textual,complement_log_weight,5.785840905853471,5.785840905853471,positive,62,62,239
A_COMPLEMENT_NB,final_training_fit,2,263,things like,textual,complement_log_weight,5.784903343388657,5.784903343388657,positive,63,63,238
A_COMPLEMENT_NB,final_training_fit,2,166,management,textual,complement_log_weight,5.78429810848942,5.78429810848942,positive,64,64,237
A_COMPLEMENT_NB,final_training_fit,2,10,adhd just,textual,complement_log_weight,5.783979838020364,5.783979838020364,positive,65,65,236
A_COMPLEMENT_NB,final_training_fit,2,100,food,textual,complement_log_weight,5.783828086906768,5.783828086906768,positive,66,66,235
A_COMPLEMENT_NB,final_training_fit,2,20,answer sep,textual,complement_log_weight,5.7832725489500705,5.7832725489500705,positive,67,67,234
A_COMPLEMENT_NB,final_training_fit,2,32,bit,textual,complement_log_weight,5.783076825616516,5.783076825616516,positive,68,68,233
A_COMPLEMENT_NB,final_training_fit,2,257,tell,textual,complement_log_weight,5.782565816313082,5.782565816313082,positive,69,69,232
A_COMPLEMENT_NB,final_training_fit,2,8,adhd brain,textual,complement_log_weight,5.7825123749600085,5.7825123749600085,positive,70,70,231
A_COMPLEMENT_NB,final_training_fit,2,6,adhd adhd,textual,complement_log_weight,5.781769391215283,5.781769391215283,positive,71,71,230
A_COMPLEMENT_NB,final_training_fit,2,196,phone,textual,complement_log_weight,5.781529290911009,5.781529290911009,positive,72,72,229
A_COMPLEMENT_NB,final_training_fit,2,186,okay,textual,complement_log_weight,5.781486832773145,5.781486832773145,positive,73,73,228
A_COMPLEMENT_NB,final_training_fit,2,243,struggles,textual,complement_log_weight,5.781091426892891,5.781091426892891,positive,74,74,227
A_COMPLEMENT_NB,final_training_fit,2,85,example,textual,complement_log_weight,5.7806121544307585,5.7806121544307585,positive,75,75,226
A_COMPLEMENT_NB,final_training_fit,2,117,helpful,textual,complement_log_weight,5.780354794446051,5.780354794446051,positive,76,76,225
A_COMPLEMENT_NB,final_training_fit,2,190,patients,textual,complement_log_weight,5.779831218413492,5.779831218413492,positive,77,77,224
A_COMPLEMENT_NB,final_training_fit,2,189,parents,textual,complement_log_weight,5.779808508428485,5.779808508428485,positive,78,78,223
A_COMPLEMENT_NB,final_training_fit,2,51,deficit,textual,complement_log_weight,5.778228265780124,5.778228265780124,positive,79,79,222
A_COMPLEMENT_NB,final_training_fit,2,136,issues,textual,complement_log_weight,5.778174037134952,5.778174037134952,positive,80,80,221
A_COMPLEMENT_NB,final_training_fit,2,297,years,textual,complement_log_weight,5.777531675032056,5.777531675032056,positive,81,81,220
A_COMPLEMENT_NB,final_training_fit,2,133,instead,textual,complement_log_weight,5.777515478002947,5.777515478002947,positive,82,82,219
A_COMPLEMENT_NB,final_training_fit,2,286,video,textual,complement_log_weight,5.777315728717873,5.777315728717873,positive,83,83,218
A_COMPLEMENT_NB,final_training_fit,2,284,usually,textual,complement_log_weight,5.776450415712714,5.776450415712714,positive,84,84,217
A_COMPLEMENT_NB,final_training_fit,2,229,sign,textual,complement_log_weight,5.776383826308116,5.776383826308116,positive,85,85,216
A_COMPLEMENT_NB,final_training_fit,2,163,makes,textual,complement_log_weight,5.7759192640447585,5.7759192640447585,positive,86,86,215
A_COMPLEMENT_NB,final_training_fit,2,110,happens,textual,complement_log_weight,5.775582174721418,5.775582174721418,positive,87,87,214
A_COMPLEMENT_NB,final_training_fit,2,103,friend,textual,complement_log_weight,5.773212322015418,5.773212322015418,positive,88,88,213
A_COMPLEMENT_NB,final_training_fit,2,200,potential,textual,complement_log_weight,5.772980930972754,5.772980930972754,positive,89,89,212
A_COMPLEMENT_NB,final_training_fit,2,46,condition,textual,complement_log_weight,5.77254947021024,5.77254947021024,positive,90,90,211
A_COMPLEMENT_NB,final_training_fit,2,202,probably,textual,complement_log_weight,5.771977570823855,5.771977570823855,positive,91,91,210
A_COMPLEMENT_NB,final_training_fit,2,188,overwhelmed,textual,complement_log_weight,5.771953343781656,5.771953343781656,positive,92,92,209
A_COMPLEMENT_NB,final_training_fit,2,244,struggling,textual,complement_log_weight,5.771873632230578,5.771873632230578,positive,93,93,208
A_COMPLEMENT_NB,final_training_fit,2,179,natural,textual,complement_log_weight,5.770922070616546,5.770922070616546,positive,94,94,207
A_COMPLEMENT_NB,final_training_fit,2,94,family,textual,complement_log_weight,5.770598831637096,5.770598831637096,positive,95,95,206
A_COMPLEMENT_NB,final_training_fit,2,248,support,textual,complement_log_weight,5.7699324637632055,5.7699324637632055,positive,96,96,205
A_COMPLEMENT_NB,final_training_fit,2,273,try,textual,complement_log_weight,5.769787612617957,5.769787612617957,positive,97,97,204
A_COMPLEMENT_NB,final_training_fit,2,101,foods,textual,complement_log_weight,5.768550828382615,5.768550828382615,positive,98,98,203
A_COMPLEMENT_NB,final_training_fit,2,182,neurotypical person,textual,complement_log_weight,5.768429213559586,5.768429213559586,positive,99,99,202
A_COMPLEMENT_NB,final_training_fit,2,224,sensitivity,textual,complement_log_weight,5.767810595734933,5.767810595734933,positive,100,100,201
A_COMPLEMENT_NB,final_training_fit,2,183,non,textual,complement_log_weight,5.766568768502068,5.766568768502068,positive,101,101,200
A_COMPLEMENT_NB,final_training_fit,2,121,home,textual,complement_log_weight,5.766519607895798,5.766519607895798,positive,102,102,199
A_COMPLEMENT_NB,final_training_fit,2,235,social,textual,complement_log_weight,5.766311049748101,5.766311049748101,positive,103,103,198
A_COMPLEMENT_NB,final_training_fit,2,81,end,textual,complement_log_weight,5.766080020278752,5.766080020278752,positive,104,104,197
A_COMPLEMENT_NB,final_training_fit,2,217,saying,textual,complement_log_weight,5.7656734338664615,5.7656734338664615,positive,105,105,196
A_COMPLEMENT_NB,final_training_fit,2,294,world,textual,complement_log_weight,5.764682944235354,5.764682944235354,positive,106,106,195
A_COMPLEMENT_NB,final_training_fit,2,25,autistic,textual,complement_log_weight,5.764525100820692,5.764525100820692,positive,107,107,194
A_COMPLEMENT_NB,final_training_fit,2,138,key,textual,complement_log_weight,5.76433365453224,5.76433365453224,positive,108,108,193
A_COMPLEMENT_NB,final_training_fit,2,206,psychiatrist,textual,complement_log_weight,5.764295407393745,5.764295407393745,positive,109,109,192
A_COMPLEMENT_NB,final_training_fit,2,295,wrong,textual,complement_log_weight,5.763790851128317,5.763790851128317,positive,110,110,191
A_COMPLEMENT_NB,final_training_fit,2,72,drugs,textual,complement_log_weight,5.763637611667914,5.763637611667914,positive,111,111,190
A_COMPLEMENT_NB,final_training_fit,2,280,understand,textual,complement_log_weight,5.763136242361829,5.763136242361829,positive,112,112,189
A_COMPLEMENT_NB,final_training_fit,2,252,taking,textual,complement_log_weight,5.761559109635628,5.761559109635628,positive,113,113,188
A_COMPLEMENT_NB,final_training_fit,2,211,regulation,textual,complement_log_weight,5.760923660025545,5.760923660025545,positive,114,114,187
A_COMPLEMENT_NB,final_training_fit,2,276,type,textual,complement_log_weight,5.760759178063567,5.760759178063567,positive,115,115,186
A_COMPLEMENT_NB,final_training_fit,2,223,sensitive,textual,complement_log_weight,5.760614813737344,5.760614813737344,positive,116,116,185
A_COMPLEMENT_NB,final_training_fit,2,64,distracted,textual,complement_log_weight,5.760079905486455,5.760079905486455,positive,117,117,184
A_COMPLEMENT_NB,final_training_fit,2,132,information,textual,complement_log_weight,5.760022808358061,5.760022808358061,positive,118,118,183
A_COMPLEMENT_NB,final_training_fit,2,171,medications,textual,complement_log_weight,5.759898170371412,5.759898170371412,positive,119,119,182
A_COMPLEMENT_NB,final_training_fit,2,192,pay attention,textual,complement_log_weight,5.759500832615379,5.759500832615379,positive,120,120,181
A_COMPLEMENT_NB,final_training_fit,2,265,thinking,textual,complement_log_weight,5.75919823640271,5.75919823640271,positive,121,121,180
A_COMPLEMENT_NB,final_training_fit,2,232,sit,textual,complement_log_weight,5.758602680951356,5.758602680951356,positive,122,122,179
A_COMPLEMENT_NB,final_training_fit,2,43,come,textual,complement_log_weight,5.7572473201678305,5.7572473201678305,positive,123,123,178
A_COMPLEMENT_NB,final_training_fit,2,48,control,textual,complement_log_weight,5.757106891707451,5.757106891707451,positive,124,124,177
A_COMPLEMENT_NB,final_training_fit,2,254,talking,textual,complement_log_weight,5.756972037822523,5.756972037822523,positive,125,125,176
A_COMPLEMENT_NB,final_training_fit,2,80,emotions,textual,complement_log_weight,5.756526742605225,5.756526742605225,positive,126,126,175
A_COMPLEMENT_NB,final_training_fit,2,74,early,textual,complement_log_weight,5.755221723189503,5.755221723189503,positive,127,127,174
A_COMPLEMENT_NB,final_training_fit,2,146,let,textual,complement_log_weight,5.7551836031259915,5.7551836031259915,positive,128,128,173
A_COMPLEMENT_NB,final_training_fit,2,172,meds,textual,complement_log_weight,5.7550209903566865,5.7550209903566865,positive,129,129,172
A_COMPLEMENT_NB,final_training_fit,2,27,behavior,textual,complement_log_weight,5.7534354304625435,5.7534354304625435,positive,130,130,171
A_COMPLEMENT_NB,final_training_fit,2,168,mean,textual,complement_log_weight,5.752695041153486,5.752695041153486,positive,131,131,170
A_COMPLEMENT_NB,final_training_fit,2,124,impact,textual,complement_log_weight,5.752307792130841,5.752307792130841,positive,132,132,169
A_COMPLEMENT_NB,final_training_fit,2,44,comes,textual,complement_log_weight,5.751725984833315,5.751725984833315,positive,133,133,168
A_COMPLEMENT_NB,final_training_fit,2,42,college,textual,complement_log_weight,5.751432503785083,5.751432503785083,positive,134,134,167
A_COMPLEMENT_NB,final_training_fit,2,214,remember,textual,complement_log_weight,5.751220601700548,5.751220601700548,positive,135,135,166
A_COMPLEMENT_NB,final_training_fit,2,291,women,textual,complement_log_weight,5.750705310437696,5.750705310437696,positive,136,136,165
A_COMPLEMENT_NB,final_training_fit,2,23,audhd,textual,complement_log_weight,5.749633128650789,5.749633128650789,positive,137,137,164
A_COMPLEMENT_NB,final_training_fit,2,158,lots,textual,complement_log_weight,5.749224739005098,5.749224739005098,positive,138,138,163
A_COMPLEMENT_NB,final_training_fit,2,131,increase,textual,complement_log_weight,5.7490842396857555,5.7490842396857555,positive,139,139,162
A_COMPLEMENT_NB,final_training_fit,2,127,impulsive,textual,complement_log_weight,5.748746709178067,5.748746709178067,positive,140,140,161
A_COMPLEMENT_NB,final_training_fit,2,29,best,textual,complement_log_weight,5.748206156613739,5.748206156613739,positive,141,141,160
A_COMPLEMENT_NB,final_training_fit,2,26,bad,textual,complement_log_weight,5.747631005279567,5.747631005279567,positive,142,142,159
A_COMPLEMENT_NB,final_training_fit,2,65,doctor,textual,complement_log_weight,5.747303983622594,5.747303983622594,positive,143,143,158
A_COMPLEMENT_NB,final_training_fit,2,228,shorts,textual,complement_log_weight,5.74715425688427,5.74715425688427,positive,144,144,157
A_COMPLEMENT_NB,final_training_fit,2,219,second,textual,complement_log_weight,5.745989918115197,5.745989918115197,positive,145,145,156
A_COMPLEMENT_NB,final_training_fit,2,12,adhd real,textual,complement_log_weight,5.745539023436232,5.745539023436232,positive,146,146,155
A_COMPLEMENT_NB,final_training_fit,2,281,understanding,textual,complement_log_weight,5.745314352646921,5.745314352646921,positive,147,147,154
A_COMPLEMENT_NB,final_training_fit,2,114,health,textual,complement_log_weight,5.744260817301838,5.744260817301838,positive,148,148,153
A_COMPLEMENT_NB,final_training_fit,2,135,isn,textual,complement_log_weight,5.7432416030330256,5.7432416030330256,positive,149,149,152
A_COMPLEMENT_NB,final_training_fit,2,144,late,textual,complement_log_weight,5.743123033414372,5.743123033414372,positive,150,150,151
A_COMPLEMENT_NB,final_training_fit,2,159,love,textual,complement_log_weight,5.74300261719482,5.74300261719482,positive,151,151,150
A_COMPLEMENT_NB,final_training_fit,2,207,quickly,textual,complement_log_weight,5.742670115942888,5.742670115942888,positive,152,152,149
A_COMPLEMENT_NB,final_training_fit,2,33,body,textual,complement_log_weight,5.74213060847219,5.74213060847219,positive,153,153,148
A_COMPLEMENT_NB,final_training_fit,2,175,mood,textual,complement_log_weight,5.741326132617481,5.741326132617481,positive,154,154,147
A_COMPLEMENT_NB,final_training_fit,2,39,challenges,textual,complement_log_weight,5.7407074235661755,5.7407074235661755,positive,155,155,146
A_COMPLEMENT_NB,final_training_fit,2,221,self,textual,complement_log_weight,5.74057708705873,5.74057708705873,positive,156,156,145
A_COMPLEMENT_NB,final_training_fit,2,36,called,textual,complement_log_weight,5.740301429390345,5.740301429390345,positive,157,157,144
A_COMPLEMENT_NB,final_training_fit,2,87,exercise,textual,complement_log_weight,5.740138378165327,5.740138378165327,positive,158,158,143
A_COMPLEMENT_NB,final_training_fit,2,84,everybody,textual,complement_log_weight,5.740135903312844,5.740135903312844,positive,159,159,142
A_COMPLEMENT_NB,final_training_fit,2,197,physical,textual,complement_log_weight,5.73982322077814,5.73982322077814,positive,160,160,141
A_COMPLEMENT_NB,final_training_fit,2,249,sure,textual,complement_log_weight,5.7396749006923,5.7396749006923,positive,161,161,140
A_COMPLEMENT_NB,final_training_fit,2,199,poor,textual,complement_log_weight,5.737961641978513,5.737961641978513,positive,162,162,139
A_COMPLEMENT_NB,final_training_fit,2,293,works,textual,complement_log_weight,5.737563922910939,5.737563922910939,positive,163,163,138
A_COMPLEMENT_NB,final_training_fit,2,205,protein,textual,complement_log_weight,5.736490727461289,5.736490727461289,positive,164,164,137
A_COMPLEMENT_NB,final_training_fit,2,253,talk,textual,complement_log_weight,5.736349333060704,5.736349333060704,positive,165,165,136
A_COMPLEMENT_NB,final_training_fit,2,222,sense,textual,complement_log_weight,5.735694948124004,5.735694948124004,positive,166,166,135
A_COMPLEMENT_NB,final_training_fit,2,83,especially,textual,complement_log_weight,5.735586562719569,5.735586562719569,positive,167,167,134
A_COMPLEMENT_NB,final_training_fit,2,9,adhd diagnosis,textual,complement_log_weight,5.735281230976688,5.735281230976688,positive,168,168,133
A_COMPLEMENT_NB,final_training_fit,2,147,levels,textual,complement_log_weight,5.734084511598011,5.734084511598011,positive,169,169,132
A_COMPLEMENT_NB,final_training_fit,2,47,constantly,textual,complement_log_weight,5.733244148873808,5.733244148873808,positive,170,170,131
A_COMPLEMENT_NB,final_training_fit,2,112,harder,textual,complement_log_weight,5.7328684812808355,5.7328684812808355,positive,171,171,130
A_COMPLEMENT_NB,final_training_fit,2,271,treatment,textual,complement_log_weight,5.732426501458445,5.732426501458445,positive,172,172,129
A_COMPLEMENT_NB,final_training_fit,2,176,motivation,textual,complement_log_weight,5.731546250934698,5.731546250934698,positive,173,173,128
A_COMPLEMENT_NB,final_training_fit,2,130,inattentive,textual,complement_log_weight,5.728704872980498,5.728704872980498,positive,174,174,127
A_COMPLEMENT_NB,final_training_fit,2,107,good,textual,complement_log_weight,5.727985986312293,5.727985986312293,positive,175,175,126
A_COMPLEMENT_NB,final_training_fit,2,191,pay,textual,complement_log_weight,5.727526522062234,5.727526522062234,positive,176,176,125
A_COMPLEMENT_NB,final_training_fit,2,63,disorders,textual,complement_log_weight,5.727376713246224,5.727376713246224,positive,177,177,124
A_COMPLEMENT_NB,final_training_fit,2,213,relationships,textual,complement_log_weight,5.72726662250311,5.72726662250311,positive,178,178,123
A_COMPLEMENT_NB,final_training_fit,2,113,having,textual,complement_log_weight,5.727068495203338,5.727068495203338,positive,179,179,122
A_COMPLEMENT_NB,final_training_fit,2,86,executive,textual,complement_log_weight,5.726887752094921,5.726887752094921,positive,180,180,121
A_COMPLEMENT_NB,final_training_fit,2,35,brains,textual,complement_log_weight,5.7264998660154385,5.7264998660154385,positive,181,181,120
A_COMPLEMENT_NB,final_training_fit,2,296,yeah,textual,complement_log_weight,5.725291009625213,5.725291009625213,positive,182,182,119
A_COMPLEMENT_NB,final_training_fit,2,19,answer,textual,complement_log_weight,5.725114719089011,5.725114719089011,positive,183,183,118
A_COMPLEMENT_NB,final_training_fit,2,102,forget,textual,complement_log_weight,5.724275736922899,5.724275736922899,positive,184,184,117
A_COMPLEMENT_NB,final_training_fit,2,128,impulsivity,textual,complement_log_weight,5.722688499170414,5.722688499170414,positive,185,185,116
A_COMPLEMENT_NB,final_training_fit,2,181,neurotypical,textual,complement_log_weight,5.720702884082537,5.720702884082537,positive,186,186,115
A_COMPLEMENT_NB,final_training_fit,2,258,tend,textual,complement_log_weight,5.7206221877830306,5.7206221877830306,positive,187,187,114
A_COMPLEMENT_NB,final_training_fit,2,16,adult,textual,complement_log_weight,5.719738736120812,5.719738736120812,positive,188,188,113
A_COMPLEMENT_NB,final_training_fit,2,78,effects,textual,complement_log_weight,5.717759450854459,5.717759450854459,positive,189,189,112
A_COMPLEMENT_NB,final_training_fit,2,122,hyperactive,textual,complement_log_weight,5.7171015015027224,5.7171015015027224,positive,190,190,111
A_COMPLEMENT_NB,final_training_fit,2,52,depression,textual,complement_log_weight,5.716678966149294,5.716678966149294,positive,191,191,110
A_COMPLEMENT_NB,final_training_fit,2,49,criteria,textual,complement_log_weight,5.71631810305274,5.71631810305274,positive,192,192,109
A_COMPLEMENT_NB,final_training_fit,2,41,children,textual,complement_log_weight,5.714887528446516,5.714887528446516,positive,193,193,108
A_COMPLEMENT_NB,final_training_fit,2,270,treating,textual,complement_log_weight,5.71389205248484,5.71389205248484,positive,194,194,107
A_COMPLEMENT_NB,final_training_fit,2,31,big,textual,complement_log_weight,5.713682829468156,5.713682829468156,positive,195,195,106
A_COMPLEMENT_NB,final_training_fit,2,239,stop,textual,complement_log_weight,5.7121292252028795,5.7121292252028795,positive,196,196,105
A_COMPLEMENT_NB,final_training_fit,2,1,able,textual,complement_log_weight,5.711420148581812,5.711420148581812,positive,197,197,104
A_COMPLEMENT_NB,final_training_fit,2,268,treat,textual,complement_log_weight,5.711191129810439,5.711191129810439,positive,198,198,103
A_COMPLEMENT_NB,final_training_fit,2,272,trouble,textual,complement_log_weight,5.710122563696298,5.710122563696298,positive,199,199,102
A_COMPLEMENT_NB,final_training_fit,2,82,energy,textual,complement_log_weight,5.709623568698702,5.709623568698702,positive,200,200,101
A_COMPLEMENT_NB,final_training_fit,2,212,rejection,textual,complement_log_weight,5.707644044769178,5.707644044769178,positive,201,201,100
A_COMPLEMENT_NB,final_training_fit,2,274,trying,textual,complement_log_weight,5.705804714417332,5.705804714417332,positive,202,202,99
A_COMPLEMENT_NB,final_training_fit,2,277,uh,textual,complement_log_weight,5.704530977597891,5.704530977597891,positive,203,203,98
A_COMPLEMENT_NB,final_training_fit,2,245,study,textual,complement_log_weight,5.703890988056197,5.703890988056197,positive,204,204,97
A_COMPLEMENT_NB,final_training_fit,2,178,music,textual,complement_log_weight,5.700022363376045,5.700022363376045,positive,205,205,96
A_COMPLEMENT_NB,final_training_fit,2,154,long,textual,complement_log_weight,5.697896549081484,5.697896549081484,positive,206,206,95
A_COMPLEMENT_NB,final_training_fit,2,141,kind,textual,complement_log_weight,5.697375235564305,5.697375235564305,positive,207,207,94
A_COMPLEMENT_NB,final_training_fit,2,58,difference,textual,complement_log_weight,5.697191849989258,5.697191849989258,positive,208,208,93
A_COMPLEMENT_NB,final_training_fit,2,68,doing,textual,complement_log_weight,5.694277152768467,5.694277152768467,positive,209,209,92
A_COMPLEMENT_NB,final_training_fit,2,30,better,textual,complement_log_weight,5.693989166411444,5.693989166411444,positive,210,210,91
A_COMPLEMENT_NB,final_training_fit,2,96,feel like,textual,complement_log_weight,5.693260078415086,5.693260078415086,positive,211,211,90
A_COMPLEMENT_NB,final_training_fit,2,259,term,textual,complement_log_weight,5.692600249176331,5.692600249176331,positive,212,212,89
A_COMPLEMENT_NB,final_training_fit,2,11,adhd medication,textual,complement_log_weight,5.692283372142932,5.692283372142932,positive,213,213,88
A_COMPLEMENT_NB,final_training_fit,2,123,hyperactivity,textual,complement_log_weight,5.691020259141244,5.691020259141244,positive,214,214,87
A_COMPLEMENT_NB,final_training_fit,2,237,stimulant,textual,complement_log_weight,5.691007569520517,5.691007569520517,positive,215,215,86
A_COMPLEMENT_NB,final_training_fit,2,7,adhd autism,textual,complement_log_weight,5.688748208867977,5.688748208867977,positive,216,216,85
A_COMPLEMENT_NB,final_training_fit,2,290,ways,textual,complement_log_weight,5.688509442733332,5.688509442733332,positive,217,217,84
A_COMPLEMENT_NB,final_training_fit,2,118,helps,textual,complement_log_weight,5.687711501618349,5.687711501618349,positive,218,218,83
A_COMPLEMENT_NB,final_training_fit,2,227,sep adhd,textual,complement_log_weight,5.686918889600349,5.686918889600349,positive,219,219,82
A_COMPLEMENT_NB,final_training_fit,2,255,task,textual,complement_log_weight,5.68453800655719,5.68453800655719,positive,220,220,81
A_COMPLEMENT_NB,final_training_fit,2,216,say,textual,complement_log_weight,5.683956131173289,5.683956131173289,positive,221,221,80
A_COMPLEMENT_NB,final_training_fit,2,289,way,textual,complement_log_weight,5.68332858869688,5.68332858869688,positive,222,222,79
A_COMPLEMENT_NB,final_training_fit,2,111,hard,textual,complement_log_weight,5.681522371376102,5.681522371376102,positive,223,223,78
A_COMPLEMENT_NB,final_training_fit,2,56,did,textual,complement_log_weight,5.6814527472595096,5.6814527472595096,positive,224,224,77
A_COMPLEMENT_NB,final_training_fit,2,0,10,textual,complement_log_weight,5.681362370995997,5.681362370995997,positive,225,225,76
A_COMPLEMENT_NB,final_training_fit,2,203,problem,textual,complement_log_weight,5.680981708647711,5.680981708647711,positive,226,226,75
A_COMPLEMENT_NB,final_training_fit,2,256,tasks,textual,complement_log_weight,5.677357397310833,5.677357397310833,positive,227,227,74
A_COMPLEMENT_NB,final_training_fit,2,61,difficulty,textual,complement_log_weight,5.673624006418462,5.673624006418462,positive,228,228,73
A_COMPLEMENT_NB,final_training_fit,2,45,common,textual,complement_log_weight,5.670527345926607,5.670527345926607,positive,229,229,72
A_COMPLEMENT_NB,final_training_fit,2,59,different,textual,complement_log_weight,5.669548104443434,5.669548104443434,positive,230,230,71
A_COMPLEMENT_NB,final_training_fit,2,242,struggle,textual,complement_log_weight,5.668678453960628,5.668678453960628,positive,231,231,70
A_COMPLEMENT_NB,final_training_fit,2,238,stimulants,textual,complement_log_weight,5.668213469958736,5.668213469958736,positive,232,232,69
A_COMPLEMENT_NB,final_training_fit,2,155,look,textual,complement_log_weight,5.6679399229175145,5.6679399229175145,positive,233,233,68
A_COMPLEMENT_NB,final_training_fit,2,67,doesn,textual,complement_log_weight,5.6672621444833995,5.6672621444833995,positive,234,234,67
A_COMPLEMENT_NB,final_training_fit,2,108,got,textual,complement_log_weight,5.664627882512537,5.664627882512537,positive,235,235,66
A_COMPLEMENT_NB,final_training_fit,2,247,sugar,textual,complement_log_weight,5.664154278255585,5.664154278255585,positive,236,236,65
A_COMPLEMENT_NB,final_training_fit,2,278,um,textual,complement_log_weight,5.662674756106789,5.662674756106789,positive,237,237,64
A_COMPLEMENT_NB,final_training_fit,2,57,diet,textual,complement_log_weight,5.660987583811817,5.660987583811817,positive,238,238,63
A_COMPLEMENT_NB,final_training_fit,2,17,adults,textual,complement_log_weight,5.658959254572763,5.658959254572763,positive,239,239,62
A_COMPLEMENT_NB,final_training_fit,2,125,important,textual,complement_log_weight,5.658286803407075,5.658286803407075,positive,240,240,61
A_COMPLEMENT_NB,final_training_fit,2,3,actually,textual,complement_log_weight,5.656041970371485,5.656041970371485,positive,241,241,60
A_COMPLEMENT_NB,final_training_fit,2,288,want,textual,complement_log_weight,5.65418464497296,5.65418464497296,positive,242,242,59
A_COMPLEMENT_NB,final_training_fit,2,251,symptoms adhd,textual,complement_log_weight,5.65244503734672,5.65244503734672,positive,243,243,58
A_COMPLEMENT_NB,final_training_fit,2,88,experience,textual,complement_log_weight,5.651901446599098,5.651901446599098,positive,244,244,57
A_COMPLEMENT_NB,final_training_fit,2,236,start,textual,complement_log_weight,5.651876924134667,5.651876924134667,positive,245,245,56
A_COMPLEMENT_NB,final_training_fit,2,194,people adhd,textual,complement_log_weight,5.649520715420716,5.649520715420716,positive,246,246,55
A_COMPLEMENT_NB,final_training_fit,2,79,emotional,textual,complement_log_weight,5.64680474002774,5.64680474002774,positive,247,247,54
A_COMPLEMENT_NB,final_training_fit,2,119,high,textual,complement_log_weight,5.646417690447889,5.646417690447889,positive,248,248,53
A_COMPLEMENT_NB,final_training_fit,2,160,low,textual,complement_log_weight,5.641453550315549,5.641453550315549,positive,249,249,52
A_COMPLEMENT_NB,final_training_fit,2,105,getting,textual,complement_log_weight,5.640995679900256,5.640995679900256,positive,250,250,51
A_COMPLEMENT_NB,final_training_fit,2,53,diagnosed,textual,complement_log_weight,5.64000883785307,5.64000883785307,positive,251,251,50
A_COMPLEMENT_NB,final_training_fit,2,62,disorder,textual,complement_log_weight,5.639039095705871,5.639039095705871,positive,252,252,49
A_COMPLEMENT_NB,final_training_fit,2,140,kids,textual,complement_log_weight,5.633734433165868,5.633734433165868,positive,253,253,48
A_COMPLEMENT_NB,final_training_fit,2,208,real,textual,complement_log_weight,5.626916211044204,5.626916211044204,positive,254,254,47
A_COMPLEMENT_NB,final_training_fit,2,50,day,textual,complement_log_weight,5.620710240652705,5.620710240652705,positive,255,255,46
A_COMPLEMENT_NB,final_training_fit,2,261,thing,textual,complement_log_weight,5.620053449784169,5.620053449784169,positive,256,256,45
A_COMPLEMENT_NB,final_training_fit,2,180,need,textual,complement_log_weight,5.61925826464485,5.61925826464485,positive,257,257,44
A_COMPLEMENT_NB,final_training_fit,2,231,signs adhd,textual,complement_log_weight,5.618233728968778,5.618233728968778,positive,258,258,43
A_COMPLEMENT_NB,final_training_fit,2,148,life,textual,complement_log_weight,5.618195732599115,5.618195732599115,positive,259,259,42
A_COMPLEMENT_NB,final_training_fit,2,66,does,textual,complement_log_weight,5.618050115367856,5.618050115367856,positive,260,260,41
A_COMPLEMENT_NB,final_training_fit,2,204,problems,textual,complement_log_weight,5.6179320548889775,5.6179320548889775,positive,261,261,40
A_COMPLEMENT_NB,final_training_fit,2,282,use,textual,complement_log_weight,5.608994341725038,5.608994341725038,positive,262,262,39
A_COMPLEMENT_NB,final_training_fit,2,40,child,textual,complement_log_weight,5.608060548737846,5.608060548737846,positive,263,263,38
A_COMPLEMENT_NB,final_training_fit,2,285,ve,textual,complement_log_weight,5.607830406861272,5.607830406861272,positive,264,264,37
A_COMPLEMENT_NB,final_training_fit,2,21,anxiety,textual,complement_log_weight,5.606706800409889,5.606706800409889,positive,265,265,36
A_COMPLEMENT_NB,final_training_fit,2,98,focus,textual,complement_log_weight,5.602566983343436,5.602566983343436,positive,266,266,35
A_COMPLEMENT_NB,final_training_fit,2,218,school,textual,complement_log_weight,5.601068935804189,5.601068935804189,positive,267,267,34
A_COMPLEMENT_NB,final_training_fit,2,215,right,textual,complement_log_weight,5.600983061250115,5.600983061250115,positive,268,268,33
A_COMPLEMENT_NB,final_training_fit,2,14,adhd symptoms,textual,complement_log_weight,5.596242057462287,5.596242057462287,positive,269,269,32
A_COMPLEMENT_NB,final_training_fit,2,4,add,textual,complement_log_weight,5.587889406471871,5.587889406471871,positive,270,270,31
A_COMPLEMENT_NB,final_training_fit,2,153,ll,textual,complement_log_weight,5.583094641718549,5.583094641718549,positive,271,271,30
A_COMPLEMENT_NB,final_training_fit,2,292,work,textual,complement_log_weight,5.5771265675941875,5.5771265675941875,positive,272,272,29
A_COMPLEMENT_NB,final_training_fit,2,13,adhd sep,textual,complement_log_weight,5.576478538035298,5.576478538035298,positive,273,273,28
A_COMPLEMENT_NB,final_training_fit,2,264,think,textual,complement_log_weight,5.571357452389156,5.571357452389156,positive,274,274,27
A_COMPLEMENT_NB,final_training_fit,2,233,sleep,textual,complement_log_weight,5.569645017978352,5.569645017978352,positive,275,275,26
A_COMPLEMENT_NB,final_training_fit,2,54,diagnosis,textual,complement_log_weight,5.565098737637255,5.565098737637255,positive,276,276,25
A_COMPLEMENT_NB,final_training_fit,2,161,make,textual,complement_log_weight,5.556884828603018,5.556884828603018,positive,277,277,24
A_COMPLEMENT_NB,final_training_fit,2,170,medication,textual,complement_log_weight,5.554759511489307,5.554759511489307,positive,278,278,23
A_COMPLEMENT_NB,final_training_fit,2,24,autism,textual,complement_log_weight,5.547024266869842,5.547024266869842,positive,279,279,22
A_COMPLEMENT_NB,final_training_fit,2,195,person,textual,complement_log_weight,5.542459542702062,5.542459542702062,positive,280,280,21
A_COMPLEMENT_NB,final_training_fit,2,116,help,textual,complement_log_weight,5.533873823215496,5.533873823215496,positive,281,281,20
A_COMPLEMENT_NB,final_training_fit,2,70,dopamine,textual,complement_log_weight,5.530127442265893,5.530127442265893,positive,282,282,19
A_COMPLEMENT_NB,final_training_fit,2,157,lot,textual,complement_log_weight,5.52979591012124,5.52979591012124,positive,283,283,18
A_COMPLEMENT_NB,final_training_fit,2,22,attention,textual,complement_log_weight,5.52295599984532,5.52295599984532,positive,284,284,17
A_COMPLEMENT_NB,final_training_fit,2,106,going,textual,complement_log_weight,5.519345784162159,5.519345784162159,positive,285,285,16
A_COMPLEMENT_NB,final_training_fit,2,95,feel,textual,complement_log_weight,5.499113914853015,5.499113914853015,positive,286,286,15
A_COMPLEMENT_NB,final_training_fit,2,209,really,textual,complement_log_weight,5.483353111368158,5.483353111368158,positive,287,287,14
A_COMPLEMENT_NB,final_training_fit,2,69,don,textual,complement_log_weight,5.482603915851037,5.482603915851037,positive,288,288,13
A_COMPLEMENT_NB,final_training_fit,2,230,signs,textual,complement_log_weight,5.468568782891081,5.468568782891081,positive,289,289,12
A_COMPLEMENT_NB,final_training_fit,2,266,time,textual,complement_log_weight,5.458290530780937,5.458290530780937,positive,290,290,11
A_COMPLEMENT_NB,final_training_fit,2,226,sep,textual,complement_log_weight,5.428256893187873,5.428256893187873,positive,291,291,10
A_COMPLEMENT_NB,final_training_fit,2,34,brain,textual,complement_log_weight,5.3899111764723555,5.3899111764723555,positive,292,292,9
A_COMPLEMENT_NB,final_training_fit,2,142,know,textual,complement_log_weight,5.379561708646089,5.379561708646089,positive,293,293,8
A_COMPLEMENT_NB,final_training_fit,2,262,things,textual,complement_log_weight,5.3767693978798645,5.3767693978798645,positive,294,294,7
A_COMPLEMENT_NB,final_training_fit,2,137,just,textual,complement_log_weight,5.375212764659022,5.375212764659022,positive,295,295,6
A_COMPLEMENT_NB,final_training_fit,2,193,people,textual,complement_log_weight,5.341367481694277,5.341367481694277,positive,296,296,5
A_COMPLEMENT_NB,final_training_fit,2,184,number,textual,complement_log_weight,5.338275491364983,5.338275491364983,positive,297,297,4
A_COMPLEMENT_NB,final_training_fit,2,250,symptoms,textual,complement_log_weight,5.328891687143231,5.328891687143231,positive,298,298,3
A_COMPLEMENT_NB,final_training_fit,2,149,like,textual,complement_log_weight,5.192255099196782,5.192255099196782,positive,299,299,2
A_COMPLEMENT_NB,final_training_fit,2,5,adhd,textual,complement_log_weight,4.671493047991992,4.671493047991992,positive,300,300,1
A_COMPLEMENT_NB,final_training_fit,3,147,levels,textual,complement_log_weight,5.851203158736502,5.851203158736502,positive,1,1,300
A_COMPLEMENT_NB,final_training_fit,3,36,called,textual,complement_log_weight,5.848011958355268,5.848011958355268,positive,2,2,299
A_COMPLEMENT_NB,final_training_fit,3,182,neurotypical person,textual,complement_log_weight,5.844708605828646,5.844708605828646,positive,3,3,298
A_COMPLEMENT_NB,final_training_fit,3,293,works,textual,complement_log_weight,5.837683253986176,5.837683253986176,positive,4,4,297
A_COMPLEMENT_NB,final_training_fit,3,117,helpful,textual,complement_log_weight,5.83212361902861,5.83212361902861,positive,5,5,296
A_COMPLEMENT_NB,final_training_fit,3,91,explain,textual,complement_log_weight,5.831546956799151,5.831546956799151,positive,6,6,295
A_COMPLEMENT_NB,final_training_fit,3,179,natural,textual,complement_log_weight,5.82921329104277,5.82921329104277,positive,7,7,294
A_COMPLEMENT_NB,final_training_fit,3,160,low,textual,complement_log_weight,5.829191936844112,5.829191936844112,positive,8,8,293
A_COMPLEMENT_NB,final_training_fit,3,294,world,textual,complement_log_weight,5.828381236973397,5.828381236973397,positive,9,9,292
A_COMPLEMENT_NB,final_training_fit,3,181,neurotypical,textual,complement_log_weight,5.826588857653609,5.826588857653609,positive,10,10,291
A_COMPLEMENT_NB,final_training_fit,3,198,point,textual,complement_log_weight,5.824449555695086,5.824449555695086,positive,11,11,290
A_COMPLEMENT_NB,final_training_fit,3,246,stuff,textual,complement_log_weight,5.824289884694054,5.824289884694054,positive,12,12,289
A_COMPLEMENT_NB,final_training_fit,3,76,eat,textual,complement_log_weight,5.818566570067464,5.818566570067464,positive,13,13,288
A_COMPLEMENT_NB,final_training_fit,3,101,foods,textual,complement_log_weight,5.817454702169835,5.817454702169835,positive,14,14,287
A_COMPLEMENT_NB,final_training_fit,3,110,happens,textual,complement_log_weight,5.817251774294336,5.817251774294336,positive,15,15,286
A_COMPLEMENT_NB,final_training_fit,3,268,treat,textual,complement_log_weight,5.8158576227504,5.8158576227504,positive,16,16,285
A_COMPLEMENT_NB,final_training_fit,3,15,adhd women,textual,complement_log_weight,5.815582204473342,5.815582204473342,positive,17,17,284
A_COMPLEMENT_NB,final_training_fit,3,33,body,textual,complement_log_weight,5.8133915403944965,5.8133915403944965,positive,18,18,283
A_COMPLEMENT_NB,final_training_fit,3,174,mind,textual,complement_log_weight,5.81115023656265,5.81115023656265,positive,19,19,282
A_COMPLEMENT_NB,final_training_fit,3,85,example,textual,complement_log_weight,5.811146808740331,5.811146808740331,positive,20,20,281
A_COMPLEMENT_NB,final_training_fit,3,245,study,textual,complement_log_weight,5.811033406659671,5.811033406659671,positive,21,21,280
A_COMPLEMENT_NB,final_training_fit,3,219,second,textual,complement_log_weight,5.803714684157988,5.803714684157988,positive,22,22,279
A_COMPLEMENT_NB,final_training_fit,3,38,certain,textual,complement_log_weight,5.8036837312576,5.8036837312576,positive,23,23,278
A_COMPLEMENT_NB,final_training_fit,3,210,recommend,textual,complement_log_weight,5.802806347735132,5.802806347735132,positive,24,24,277
A_COMPLEMENT_NB,final_training_fit,3,175,mood,textual,complement_log_weight,5.80195406202582,5.80195406202582,positive,25,25,276
A_COMPLEMENT_NB,final_training_fit,3,100,food,textual,complement_log_weight,5.801770877470798,5.801770877470798,positive,26,26,275
A_COMPLEMENT_NB,final_training_fit,3,188,overwhelmed,textual,complement_log_weight,5.801529594287838,5.801529594287838,positive,27,27,274
A_COMPLEMENT_NB,final_training_fit,3,94,family,textual,complement_log_weight,5.800323024552645,5.800323024552645,positive,28,28,273
A_COMPLEMENT_NB,final_training_fit,3,103,friend,textual,complement_log_weight,5.799402100707875,5.799402100707875,positive,29,29,272
A_COMPLEMENT_NB,final_training_fit,3,202,probably,textual,complement_log_weight,5.798022871606768,5.798022871606768,positive,30,30,271
A_COMPLEMENT_NB,final_training_fit,3,57,diet,textual,complement_log_weight,5.797566388904834,5.797566388904834,positive,31,31,270
A_COMPLEMENT_NB,final_training_fit,3,23,audhd,textual,complement_log_weight,5.797492188482736,5.797492188482736,positive,32,32,269
A_COMPLEMENT_NB,final_training_fit,3,158,lots,textual,complement_log_weight,5.797335943556873,5.797335943556873,positive,33,33,268
A_COMPLEMENT_NB,final_training_fit,3,102,forget,textual,complement_log_weight,5.796863488830283,5.796863488830283,positive,34,34,267
A_COMPLEMENT_NB,final_training_fit,3,72,drugs,textual,complement_log_weight,5.796825118899951,5.796825118899951,positive,35,35,266
A_COMPLEMENT_NB,final_training_fit,3,163,makes,textual,complement_log_weight,5.79627886854186,5.79627886854186,positive,36,36,265
A_COMPLEMENT_NB,final_training_fit,3,26,bad,textual,complement_log_weight,5.794561432634496,5.794561432634496,positive,37,37,264
A_COMPLEMENT_NB,final_training_fit,3,205,protein,textual,complement_log_weight,5.793793163255148,5.793793163255148,positive,38,38,263
A_COMPLEMENT_NB,final_training_fit,3,43,come,textual,complement_log_weight,5.793465972567658,5.793465972567658,positive,39,39,262
A_COMPLEMENT_NB,final_training_fit,3,109,great,textual,complement_log_weight,5.792714242516501,5.792714242516501,positive,40,40,261
A_COMPLEMENT_NB,final_training_fit,3,152,little bit,textual,complement_log_weight,5.792225384597121,5.792225384597121,positive,41,41,260
A_COMPLEMENT_NB,final_training_fit,3,145,lead,textual,complement_log_weight,5.791924779543182,5.791924779543182,positive,42,42,259
A_COMPLEMENT_NB,final_training_fit,3,90,experts answer,textual,complement_log_weight,5.790206689373318,5.790206689373318,positive,43,43,258
A_COMPLEMENT_NB,final_training_fit,3,247,sugar,textual,complement_log_weight,5.789369545484497,5.789369545484497,positive,44,44,257
A_COMPLEMENT_NB,final_training_fit,3,10,adhd just,textual,complement_log_weight,5.789260160059449,5.789260160059449,positive,45,45,256
A_COMPLEMENT_NB,final_training_fit,3,217,saying,textual,complement_log_weight,5.789025398120362,5.789025398120362,positive,46,46,255
A_COMPLEMENT_NB,final_training_fit,3,234,small,textual,complement_log_weight,5.787865681937291,5.787865681937291,positive,47,47,254
A_COMPLEMENT_NB,final_training_fit,3,32,bit,textual,complement_log_weight,5.787342690721116,5.787342690721116,positive,48,48,253
A_COMPLEMENT_NB,final_training_fit,3,42,college,textual,complement_log_weight,5.787185573670589,5.787185573670589,positive,49,49,252
A_COMPLEMENT_NB,final_training_fit,3,77,eating,textual,complement_log_weight,5.786796476130168,5.786796476130168,positive,50,50,251
A_COMPLEMENT_NB,final_training_fit,3,167,maybe,textual,complement_log_weight,5.7864942094562295,5.7864942094562295,positive,51,51,250
A_COMPLEMENT_NB,final_training_fit,3,144,late,textual,complement_log_weight,5.785686958625622,5.785686958625622,positive,52,52,249
A_COMPLEMENT_NB,final_training_fit,3,48,control,textual,complement_log_weight,5.785124449452559,5.785124449452559,positive,53,53,248
A_COMPLEMENT_NB,final_training_fit,3,241,structure,textual,complement_log_weight,5.784171284741477,5.784171284741477,positive,54,54,247
A_COMPLEMENT_NB,final_training_fit,3,223,sensitive,textual,complement_log_weight,5.783972603171938,5.783972603171938,positive,55,55,246
A_COMPLEMENT_NB,final_training_fit,3,177,moving,textual,complement_log_weight,5.783829998503337,5.783829998503337,positive,56,56,245
A_COMPLEMENT_NB,final_training_fit,3,28,behaviors,textual,complement_log_weight,5.783636105807718,5.783636105807718,positive,57,57,244
A_COMPLEMENT_NB,final_training_fit,3,156,looking,textual,complement_log_weight,5.7830542285056366,5.7830542285056366,positive,58,58,243
A_COMPLEMENT_NB,final_training_fit,3,20,answer sep,textual,complement_log_weight,5.782840397681682,5.782840397681682,positive,59,59,242
A_COMPLEMENT_NB,final_training_fit,3,187,options,textual,complement_log_weight,5.7823698236231005,5.7823698236231005,positive,60,60,241
A_COMPLEMENT_NB,final_training_fit,3,134,intense,textual,complement_log_weight,5.781412456739554,5.781412456739554,positive,61,61,240
A_COMPLEMENT_NB,final_training_fit,3,212,rejection,textual,complement_log_weight,5.78134685743637,5.78134685743637,positive,62,62,239
A_COMPLEMENT_NB,final_training_fit,3,259,term,textual,complement_log_weight,5.78128687172106,5.78128687172106,positive,63,63,238
A_COMPLEMENT_NB,final_training_fit,3,252,taking,textual,complement_log_weight,5.781243676370548,5.781243676370548,positive,64,64,237
A_COMPLEMENT_NB,final_training_fit,3,165,manage,textual,complement_log_weight,5.780364328832686,5.780364328832686,positive,65,65,236
A_COMPLEMENT_NB,final_training_fit,3,172,meds,textual,complement_log_weight,5.780312406797878,5.780312406797878,positive,66,66,235
A_COMPLEMENT_NB,final_training_fit,3,243,struggles,textual,complement_log_weight,5.780078300889945,5.780078300889945,positive,67,67,234
A_COMPLEMENT_NB,final_training_fit,3,235,social,textual,complement_log_weight,5.778693291608559,5.778693291608559,positive,68,68,233
A_COMPLEMENT_NB,final_training_fit,3,159,love,textual,complement_log_weight,5.777809774024108,5.777809774024108,positive,69,69,232
A_COMPLEMENT_NB,final_training_fit,3,18,affects,textual,complement_log_weight,5.777697136609328,5.777697136609328,positive,70,70,231
A_COMPLEMENT_NB,final_training_fit,3,89,experts,textual,complement_log_weight,5.77766609626295,5.77766609626295,positive,71,71,230
A_COMPLEMENT_NB,final_training_fit,3,2,activity,textual,complement_log_weight,5.777282329251004,5.777282329251004,positive,72,72,229
A_COMPLEMENT_NB,final_training_fit,3,213,relationships,textual,complement_log_weight,5.77726612117782,5.77726612117782,positive,73,73,228
A_COMPLEMENT_NB,final_training_fit,3,55,diagnostic,textual,complement_log_weight,5.77697306039439,5.77697306039439,positive,74,74,227
A_COMPLEMENT_NB,final_training_fit,3,267,times,textual,complement_log_weight,5.775607166623967,5.775607166623967,positive,75,75,226
A_COMPLEMENT_NB,final_training_fit,3,60,differently,textual,complement_log_weight,5.77536834812062,5.77536834812062,positive,76,76,225
A_COMPLEMENT_NB,final_training_fit,3,224,sensitivity,textual,complement_log_weight,5.774598516759551,5.774598516759551,positive,77,77,224
A_COMPLEMENT_NB,final_training_fit,3,297,years,textual,complement_log_weight,5.774279189906632,5.774279189906632,positive,78,78,223
A_COMPLEMENT_NB,final_training_fit,3,120,highly,textual,complement_log_weight,5.773884686304646,5.773884686304646,positive,79,79,222
A_COMPLEMENT_NB,final_training_fit,3,99,follow,textual,complement_log_weight,5.773814513785192,5.773814513785192,positive,80,80,221
A_COMPLEMENT_NB,final_training_fit,3,283,using,textual,complement_log_weight,5.77368283742903,5.77368283742903,positive,81,81,220
A_COMPLEMENT_NB,final_training_fit,3,93,fact,textual,complement_log_weight,5.7736149869392195,5.7736149869392195,positive,82,82,219
A_COMPLEMENT_NB,final_training_fit,3,51,deficit,textual,complement_log_weight,5.772827548919386,5.772827548919386,positive,83,83,218
A_COMPLEMENT_NB,final_training_fit,3,162,make sure,textual,complement_log_weight,5.772450402000983,5.772450402000983,positive,84,84,217
A_COMPLEMENT_NB,final_training_fit,3,287,wait,textual,complement_log_weight,5.772384132364502,5.772384132364502,positive,85,85,216
A_COMPLEMENT_NB,final_training_fit,3,169,means,textual,complement_log_weight,5.7714887558909895,5.7714887558909895,positive,86,86,215
A_COMPLEMENT_NB,final_training_fit,3,74,early,textual,complement_log_weight,5.771333928717874,5.771333928717874,positive,87,87,214
A_COMPLEMENT_NB,final_training_fit,3,192,pay attention,textual,complement_log_weight,5.7712866016179705,5.7712866016179705,positive,88,88,213
A_COMPLEMENT_NB,final_training_fit,3,257,tell,textual,complement_log_weight,5.770877391413891,5.770877391413891,positive,89,89,212
A_COMPLEMENT_NB,final_training_fit,3,132,information,textual,complement_log_weight,5.7707625708114945,5.7707625708114945,positive,90,90,211
A_COMPLEMENT_NB,final_training_fit,3,126,improve,textual,complement_log_weight,5.7704840682187335,5.7704840682187335,positive,91,91,210
A_COMPLEMENT_NB,final_training_fit,3,92,explained,textual,complement_log_weight,5.770005756544934,5.770005756544934,positive,92,92,209
A_COMPLEMENT_NB,final_training_fit,3,97,feeling,textual,complement_log_weight,5.769712527514433,5.769712527514433,positive,93,93,208
A_COMPLEMENT_NB,final_training_fit,3,125,important,textual,complement_log_weight,5.76962766599246,5.76962766599246,positive,94,94,207
A_COMPLEMENT_NB,final_training_fit,3,186,okay,textual,complement_log_weight,5.76938621158881,5.76938621158881,positive,95,95,206
A_COMPLEMENT_NB,final_training_fit,3,240,strategies,textual,complement_log_weight,5.768977167733297,5.768977167733297,positive,96,96,205
A_COMPLEMENT_NB,final_training_fit,3,295,wrong,textual,complement_log_weight,5.768816711268883,5.768816711268883,positive,97,97,204
A_COMPLEMENT_NB,final_training_fit,3,63,disorders,textual,complement_log_weight,5.768726580338272,5.768726580338272,positive,98,98,203
A_COMPLEMENT_NB,final_training_fit,3,78,effects,textual,complement_log_weight,5.767941383163698,5.767941383163698,positive,99,99,202
A_COMPLEMENT_NB,final_training_fit,3,138,key,textual,complement_log_weight,5.767064619880314,5.767064619880314,positive,100,100,201
A_COMPLEMENT_NB,final_training_fit,3,201,present,textual,complement_log_weight,5.766535053279274,5.766535053279274,positive,101,101,200
A_COMPLEMENT_NB,final_training_fit,3,191,pay,textual,complement_log_weight,5.765902479081515,5.765902479081515,positive,102,102,199
A_COMPLEMENT_NB,final_training_fit,3,29,best,textual,complement_log_weight,5.76543118412672,5.76543118412672,positive,103,103,198
A_COMPLEMENT_NB,final_training_fit,3,275,turn,textual,complement_log_weight,5.765015276918532,5.765015276918532,positive,104,104,197
A_COMPLEMENT_NB,final_training_fit,3,121,home,textual,complement_log_weight,5.764650137604361,5.764650137604361,positive,105,105,196
A_COMPLEMENT_NB,final_training_fit,3,115,hear,textual,complement_log_weight,5.764032919563683,5.764032919563683,positive,106,106,195
A_COMPLEMENT_NB,final_training_fit,3,84,everybody,textual,complement_log_weight,5.763978629791039,5.763978629791039,positive,107,107,194
A_COMPLEMENT_NB,final_training_fit,3,244,struggling,textual,complement_log_weight,5.763962285428377,5.763962285428377,positive,108,108,193
A_COMPLEMENT_NB,final_training_fit,3,64,distracted,textual,complement_log_weight,5.763712381958389,5.763712381958389,positive,109,109,192
A_COMPLEMENT_NB,final_training_fit,3,150,likely,textual,complement_log_weight,5.763470046938968,5.763470046938968,positive,110,110,191
A_COMPLEMENT_NB,final_training_fit,3,229,sign,textual,complement_log_weight,5.763389905306269,5.763389905306269,positive,111,111,190
A_COMPLEMENT_NB,final_training_fit,3,114,health,textual,complement_log_weight,5.762622883718817,5.762622883718817,positive,112,112,189
A_COMPLEMENT_NB,final_training_fit,3,222,sense,textual,complement_log_weight,5.7621427250672665,5.7621427250672665,positive,113,113,188
A_COMPLEMENT_NB,final_training_fit,3,47,constantly,textual,complement_log_weight,5.761645486657491,5.761645486657491,positive,114,114,187
A_COMPLEMENT_NB,final_training_fit,3,284,usually,textual,complement_log_weight,5.761321568874778,5.761321568874778,positive,115,115,186
A_COMPLEMENT_NB,final_training_fit,3,8,adhd brain,textual,complement_log_weight,5.761229485957869,5.761229485957869,positive,116,116,185
A_COMPLEMENT_NB,final_training_fit,3,203,problem,textual,complement_log_weight,5.761153242673498,5.761153242673498,positive,117,117,184
A_COMPLEMENT_NB,final_training_fit,3,190,patients,textual,complement_log_weight,5.760747334181115,5.760747334181115,positive,118,118,183
A_COMPLEMENT_NB,final_training_fit,3,260,therapy,textual,complement_log_weight,5.760724907878371,5.760724907878371,positive,119,119,182
A_COMPLEMENT_NB,final_training_fit,3,75,easily,textual,complement_log_weight,5.76068322314144,5.76068322314144,positive,120,120,181
A_COMPLEMENT_NB,final_training_fit,3,154,long,textual,complement_log_weight,5.760666187076243,5.760666187076243,positive,121,121,180
A_COMPLEMENT_NB,final_training_fit,3,104,function,textual,complement_log_weight,5.760615266472517,5.760615266472517,positive,122,122,179
A_COMPLEMENT_NB,final_training_fit,3,166,management,textual,complement_log_weight,5.760454349991388,5.760454349991388,positive,123,123,178
A_COMPLEMENT_NB,final_training_fit,3,189,parents,textual,complement_log_weight,5.759103622131825,5.759103622131825,positive,124,124,177
A_COMPLEMENT_NB,final_training_fit,3,200,potential,textual,complement_log_weight,5.758911724477826,5.758911724477826,positive,125,125,176
A_COMPLEMENT_NB,final_training_fit,3,228,shorts,textual,complement_log_weight,5.758510694651737,5.758510694651737,positive,126,126,175
A_COMPLEMENT_NB,final_training_fit,3,73,dysfunction,textual,complement_log_weight,5.7584881482778085,5.7584881482778085,positive,127,127,174
A_COMPLEMENT_NB,final_training_fit,3,12,adhd real,textual,complement_log_weight,5.757950221321682,5.757950221321682,positive,128,128,173
A_COMPLEMENT_NB,final_training_fit,3,37,care,textual,complement_log_weight,5.757071602717991,5.757071602717991,positive,129,129,172
A_COMPLEMENT_NB,final_training_fit,3,143,lack,textual,complement_log_weight,5.756601729754686,5.756601729754686,positive,130,130,171
A_COMPLEMENT_NB,final_training_fit,3,39,challenges,textual,complement_log_weight,5.756437211242143,5.756437211242143,positive,131,131,170
A_COMPLEMENT_NB,final_training_fit,3,164,making,textual,complement_log_weight,5.755397834327996,5.755397834327996,positive,132,132,169
A_COMPLEMENT_NB,final_training_fit,3,261,thing,textual,complement_log_weight,5.755319646027121,5.755319646027121,positive,133,133,168
A_COMPLEMENT_NB,final_training_fit,3,139,kid,textual,complement_log_weight,5.755201799830194,5.755201799830194,positive,134,134,167
A_COMPLEMENT_NB,final_training_fit,3,185,oh,textual,complement_log_weight,5.75481279722996,5.75481279722996,positive,135,135,166
A_COMPLEMENT_NB,final_training_fit,3,225,sensory,textual,complement_log_weight,5.754668684072224,5.754668684072224,positive,136,136,165
A_COMPLEMENT_NB,final_training_fit,3,270,treating,textual,complement_log_weight,5.754600318484327,5.754600318484327,positive,137,137,164
A_COMPLEMENT_NB,final_training_fit,3,25,autistic,textual,complement_log_weight,5.75321648022091,5.75321648022091,positive,138,138,163
A_COMPLEMENT_NB,final_training_fit,3,269,treated,textual,complement_log_weight,5.752958577674965,5.752958577674965,positive,139,139,162
A_COMPLEMENT_NB,final_training_fit,3,81,end,textual,complement_log_weight,5.752448883256854,5.752448883256854,positive,140,140,161
A_COMPLEMENT_NB,final_training_fit,3,281,understanding,textual,complement_log_weight,5.751837798120789,5.751837798120789,positive,141,141,160
A_COMPLEMENT_NB,final_training_fit,3,291,women,textual,complement_log_weight,5.750757049946999,5.750757049946999,positive,142,142,159
A_COMPLEMENT_NB,final_training_fit,3,206,psychiatrist,textual,complement_log_weight,5.750240142935994,5.750240142935994,positive,143,143,158
A_COMPLEMENT_NB,final_training_fit,3,118,helps,textual,complement_log_weight,5.748347811191419,5.748347811191419,positive,144,144,157
A_COMPLEMENT_NB,final_training_fit,3,279,unable,textual,complement_log_weight,5.746108473521752,5.746108473521752,positive,145,145,156
A_COMPLEMENT_NB,final_training_fit,3,19,answer,textual,complement_log_weight,5.745508880769546,5.745508880769546,positive,146,146,155
A_COMPLEMENT_NB,final_training_fit,3,129,inattention,textual,complement_log_weight,5.745173908373283,5.745173908373283,positive,147,147,154
A_COMPLEMENT_NB,final_training_fit,3,111,hard,textual,complement_log_weight,5.745129938240547,5.745129938240547,positive,148,148,153
A_COMPLEMENT_NB,final_training_fit,3,298,इपर,textual,complement_log_weight,5.744926361889892,5.744926361889892,positive,149,149,152
A_COMPLEMENT_NB,final_training_fit,3,248,support,textual,complement_log_weight,5.7441320490941115,5.7441320490941115,positive,150,150,151
A_COMPLEMENT_NB,final_training_fit,3,58,difference,textual,complement_log_weight,5.743259075545637,5.743259075545637,positive,151,151,150
A_COMPLEMENT_NB,final_training_fit,3,173,mental,textual,complement_log_weight,5.741624147699617,5.741624147699617,positive,152,152,149
A_COMPLEMENT_NB,final_training_fit,3,258,tend,textual,complement_log_weight,5.740570783965999,5.740570783965999,positive,153,153,148
A_COMPLEMENT_NB,final_training_fit,3,196,phone,textual,complement_log_weight,5.740262423357675,5.740262423357675,positive,154,154,147
A_COMPLEMENT_NB,final_training_fit,3,71,dr,textual,complement_log_weight,5.740167976363717,5.740167976363717,positive,155,155,146
A_COMPLEMENT_NB,final_training_fit,3,67,doesn,textual,complement_log_weight,5.740115635582942,5.740115635582942,positive,156,156,145
A_COMPLEMENT_NB,final_training_fit,3,6,adhd adhd,textual,complement_log_weight,5.737792156114939,5.737792156114939,positive,157,157,144
A_COMPLEMENT_NB,final_training_fit,3,44,comes,textual,complement_log_weight,5.736724022157356,5.736724022157356,positive,158,158,143
A_COMPLEMENT_NB,final_training_fit,3,211,regulation,textual,complement_log_weight,5.736641807670624,5.736641807670624,positive,159,159,142
A_COMPLEMENT_NB,final_training_fit,3,151,little,textual,complement_log_weight,5.7365761681326415,5.7365761681326415,positive,160,160,141
A_COMPLEMENT_NB,final_training_fit,3,30,better,textual,complement_log_weight,5.736369032168122,5.736369032168122,positive,161,161,140
A_COMPLEMENT_NB,final_training_fit,3,56,did,textual,complement_log_weight,5.735959368611832,5.735959368611832,positive,162,162,139
A_COMPLEMENT_NB,final_training_fit,3,265,thinking,textual,complement_log_weight,5.7358562436436475,5.7358562436436475,positive,163,163,138
A_COMPLEMENT_NB,final_training_fit,3,263,things like,textual,complement_log_weight,5.734915764489993,5.734915764489993,positive,164,164,137
A_COMPLEMENT_NB,final_training_fit,3,130,inattentive,textual,complement_log_weight,5.734902651653335,5.734902651653335,positive,165,165,136
A_COMPLEMENT_NB,final_training_fit,3,131,increase,textual,complement_log_weight,5.73466638728036,5.73466638728036,positive,166,166,135
A_COMPLEMENT_NB,final_training_fit,3,82,energy,textual,complement_log_weight,5.734571885675854,5.734571885675854,positive,167,167,134
A_COMPLEMENT_NB,final_training_fit,3,290,ways,textual,complement_log_weight,5.73372950916229,5.73372950916229,positive,168,168,133
A_COMPLEMENT_NB,final_training_fit,3,112,harder,textual,complement_log_weight,5.733149612471088,5.733149612471088,positive,169,169,132
A_COMPLEMENT_NB,final_training_fit,3,214,remember,textual,complement_log_weight,5.7321325615425405,5.7321325615425405,positive,170,170,131
A_COMPLEMENT_NB,final_training_fit,3,135,isn,textual,complement_log_weight,5.731351600656996,5.731351600656996,positive,171,171,130
A_COMPLEMENT_NB,final_training_fit,3,199,poor,textual,complement_log_weight,5.729376911235352,5.729376911235352,positive,172,172,129
A_COMPLEMENT_NB,final_training_fit,3,136,issues,textual,complement_log_weight,5.729036808352011,5.729036808352011,positive,173,173,128
A_COMPLEMENT_NB,final_training_fit,3,273,try,textual,complement_log_weight,5.7286555964492845,5.7286555964492845,positive,174,174,127
A_COMPLEMENT_NB,final_training_fit,3,46,condition,textual,complement_log_weight,5.728386382765763,5.728386382765763,positive,175,175,126
A_COMPLEMENT_NB,final_training_fit,3,31,big,textual,complement_log_weight,5.728346373654003,5.728346373654003,positive,176,176,125
A_COMPLEMENT_NB,final_training_fit,3,52,depression,textual,complement_log_weight,5.727562352875867,5.727562352875867,positive,177,177,124
A_COMPLEMENT_NB,final_training_fit,3,274,trying,textual,complement_log_weight,5.727508566233561,5.727508566233561,positive,178,178,123
A_COMPLEMENT_NB,final_training_fit,3,80,emotions,textual,complement_log_weight,5.727107927557614,5.727107927557614,positive,179,179,122
A_COMPLEMENT_NB,final_training_fit,3,232,sit,textual,complement_log_weight,5.726935831294833,5.726935831294833,positive,180,180,121
A_COMPLEMENT_NB,final_training_fit,3,65,doctor,textual,complement_log_weight,5.7266616651359294,5.7266616651359294,positive,181,181,120
A_COMPLEMENT_NB,final_training_fit,3,133,instead,textual,complement_log_weight,5.725261581952867,5.725261581952867,positive,182,182,119
A_COMPLEMENT_NB,final_training_fit,3,168,mean,textual,complement_log_weight,5.724400699796592,5.724400699796592,positive,183,183,118
A_COMPLEMENT_NB,final_training_fit,3,249,sure,textual,complement_log_weight,5.7225210953384265,5.7225210953384265,positive,184,184,117
A_COMPLEMENT_NB,final_training_fit,3,242,struggle,textual,complement_log_weight,5.721111061896771,5.721111061896771,positive,185,185,116
A_COMPLEMENT_NB,final_training_fit,3,197,physical,textual,complement_log_weight,5.721023061622686,5.721023061622686,positive,186,186,115
A_COMPLEMENT_NB,final_training_fit,3,50,day,textual,complement_log_weight,5.7196881730609315,5.7196881730609315,positive,187,187,114
A_COMPLEMENT_NB,final_training_fit,3,35,brains,textual,complement_log_weight,5.71923296709507,5.71923296709507,positive,188,188,113
A_COMPLEMENT_NB,final_training_fit,3,96,feel like,textual,complement_log_weight,5.718417894513413,5.718417894513413,positive,189,189,112
A_COMPLEMENT_NB,final_training_fit,3,183,non,textual,complement_log_weight,5.71827836408728,5.71827836408728,positive,190,190,111
A_COMPLEMENT_NB,final_training_fit,3,124,impact,textual,complement_log_weight,5.717673978247845,5.717673978247845,positive,191,191,110
A_COMPLEMENT_NB,final_training_fit,3,280,understand,textual,complement_log_weight,5.71603485159861,5.71603485159861,positive,192,192,109
A_COMPLEMENT_NB,final_training_fit,3,207,quickly,textual,complement_log_weight,5.7156129653089955,5.7156129653089955,positive,193,193,108
A_COMPLEMENT_NB,final_training_fit,3,27,behavior,textual,complement_log_weight,5.714413365671236,5.714413365671236,positive,194,194,107
A_COMPLEMENT_NB,final_training_fit,3,299,एक,textual,complement_log_weight,5.714146816183959,5.714146816183959,positive,195,195,106
A_COMPLEMENT_NB,final_training_fit,3,220,seen,textual,complement_log_weight,5.713022929345077,5.713022929345077,positive,196,196,105
A_COMPLEMENT_NB,final_training_fit,3,87,exercise,textual,complement_log_weight,5.712686423769297,5.712686423769297,positive,197,197,104
A_COMPLEMENT_NB,final_training_fit,3,282,use,textual,complement_log_weight,5.710544700258847,5.710544700258847,positive,198,198,103
A_COMPLEMENT_NB,final_training_fit,3,9,adhd diagnosis,textual,complement_log_weight,5.709984769991404,5.709984769991404,positive,199,199,102
A_COMPLEMENT_NB,final_training_fit,3,1,able,textual,complement_log_weight,5.709118668320653,5.709118668320653,positive,200,200,101
A_COMPLEMENT_NB,final_training_fit,3,146,let,textual,complement_log_weight,5.7087660347344125,5.7087660347344125,positive,201,201,100
A_COMPLEMENT_NB,final_training_fit,3,122,hyperactive,textual,complement_log_weight,5.707500335129225,5.707500335129225,positive,202,202,99
A_COMPLEMENT_NB,final_training_fit,3,221,self,textual,complement_log_weight,5.706402133638354,5.706402133638354,positive,203,203,98
A_COMPLEMENT_NB,final_training_fit,3,86,executive,textual,complement_log_weight,5.7057918637213305,5.7057918637213305,positive,204,204,97
A_COMPLEMENT_NB,final_training_fit,3,239,stop,textual,complement_log_weight,5.704172030964,5.704172030964,positive,205,205,96
A_COMPLEMENT_NB,final_training_fit,3,83,especially,textual,complement_log_weight,5.701836949121552,5.701836949121552,positive,206,206,95
A_COMPLEMENT_NB,final_training_fit,3,0,10,textual,complement_log_weight,5.701395397989932,5.701395397989932,positive,207,207,94
A_COMPLEMENT_NB,final_training_fit,3,113,having,textual,complement_log_weight,5.701072874498316,5.701072874498316,positive,208,208,93
A_COMPLEMENT_NB,final_training_fit,3,227,sep adhd,textual,complement_log_weight,5.70065540903232,5.70065540903232,positive,209,209,92
A_COMPLEMENT_NB,final_training_fit,3,286,video,textual,complement_log_weight,5.699829007353676,5.699829007353676,positive,210,210,91
A_COMPLEMENT_NB,final_training_fit,3,254,talking,textual,complement_log_weight,5.697936387116883,5.697936387116883,positive,211,211,90
A_COMPLEMENT_NB,final_training_fit,3,62,disorder,textual,complement_log_weight,5.695715713087798,5.695715713087798,positive,212,212,89
A_COMPLEMENT_NB,final_training_fit,3,153,ll,textual,complement_log_weight,5.694580957062076,5.694580957062076,positive,213,213,88
A_COMPLEMENT_NB,final_training_fit,3,88,experience,textual,complement_log_weight,5.693725496779883,5.693725496779883,positive,214,214,87
A_COMPLEMENT_NB,final_training_fit,3,128,impulsivity,textual,complement_log_weight,5.692666707649693,5.692666707649693,positive,215,215,86
A_COMPLEMENT_NB,final_training_fit,3,276,type,textual,complement_log_weight,5.692536793307421,5.692536793307421,positive,216,216,85
A_COMPLEMENT_NB,final_training_fit,3,171,medications,textual,complement_log_weight,5.691551560484896,5.691551560484896,positive,217,217,84
A_COMPLEMENT_NB,final_training_fit,3,16,adult,textual,complement_log_weight,5.689536957740683,5.689536957740683,positive,218,218,83
A_COMPLEMENT_NB,final_training_fit,3,70,dopamine,textual,complement_log_weight,5.688437972743161,5.688437972743161,positive,219,219,82
A_COMPLEMENT_NB,final_training_fit,3,127,impulsive,textual,complement_log_weight,5.688239913799117,5.688239913799117,positive,220,220,81
A_COMPLEMENT_NB,final_training_fit,3,108,got,textual,complement_log_weight,5.6862762710871495,5.6862762710871495,positive,221,221,80
A_COMPLEMENT_NB,final_training_fit,3,253,talk,textual,complement_log_weight,5.686058052831627,5.686058052831627,positive,222,222,79
A_COMPLEMENT_NB,final_training_fit,3,119,high,textual,complement_log_weight,5.686053942778115,5.686053942778115,positive,223,223,78
A_COMPLEMENT_NB,final_training_fit,3,255,task,textual,complement_log_weight,5.685791799846205,5.685791799846205,positive,224,224,77
A_COMPLEMENT_NB,final_training_fit,3,216,say,textual,complement_log_weight,5.684945013695285,5.684945013695285,positive,225,225,76
A_COMPLEMENT_NB,final_training_fit,3,176,motivation,textual,complement_log_weight,5.683407655403725,5.683407655403725,positive,226,226,75
A_COMPLEMENT_NB,final_training_fit,3,277,uh,textual,complement_log_weight,5.6822839318859195,5.6822839318859195,positive,227,227,74
A_COMPLEMENT_NB,final_training_fit,3,296,yeah,textual,complement_log_weight,5.681524586408381,5.681524586408381,positive,228,228,73
A_COMPLEMENT_NB,final_training_fit,3,271,treatment,textual,complement_log_weight,5.680263791638911,5.680263791638911,positive,229,229,72
A_COMPLEMENT_NB,final_training_fit,3,141,kind,textual,complement_log_weight,5.67472309410669,5.67472309410669,positive,230,230,71
A_COMPLEMENT_NB,final_training_fit,3,41,children,textual,complement_log_weight,5.671596170273037,5.671596170273037,positive,231,231,70
A_COMPLEMENT_NB,final_training_fit,3,238,stimulants,textual,complement_log_weight,5.668941023066023,5.668941023066023,positive,232,232,69
A_COMPLEMENT_NB,final_training_fit,3,107,good,textual,complement_log_weight,5.662058416777551,5.662058416777551,positive,233,233,68
A_COMPLEMENT_NB,final_training_fit,3,7,adhd autism,textual,complement_log_weight,5.661453134098672,5.661453134098672,positive,234,234,67
A_COMPLEMENT_NB,final_training_fit,3,195,person,textual,complement_log_weight,5.660810094930354,5.660810094930354,positive,235,235,66
A_COMPLEMENT_NB,final_training_fit,3,178,music,textual,complement_log_weight,5.657744637249359,5.657744637249359,positive,236,236,65
A_COMPLEMENT_NB,final_training_fit,3,49,criteria,textual,complement_log_weight,5.657541653178751,5.657541653178751,positive,237,237,64
A_COMPLEMENT_NB,final_training_fit,3,61,difficulty,textual,complement_log_weight,5.654415702252335,5.654415702252335,positive,238,238,63
A_COMPLEMENT_NB,final_training_fit,3,272,trouble,textual,complement_log_weight,5.654396871534938,5.654396871534938,positive,239,239,62
A_COMPLEMENT_NB,final_training_fit,3,68,doing,textual,complement_log_weight,5.653035049760441,5.653035049760441,positive,240,240,61
A_COMPLEMENT_NB,final_training_fit,3,288,want,textual,complement_log_weight,5.650576990849425,5.650576990849425,positive,241,241,60
A_COMPLEMENT_NB,final_training_fit,3,208,real,textual,complement_log_weight,5.649095788191622,5.649095788191622,positive,242,242,59
A_COMPLEMENT_NB,final_training_fit,3,4,add,textual,complement_log_weight,5.64899075835388,5.64899075835388,positive,243,243,58
A_COMPLEMENT_NB,final_training_fit,3,66,does,textual,complement_log_weight,5.647298454227421,5.647298454227421,positive,244,244,57
A_COMPLEMENT_NB,final_training_fit,3,123,hyperactivity,textual,complement_log_weight,5.645971933051788,5.645971933051788,positive,245,245,56
A_COMPLEMENT_NB,final_training_fit,3,289,way,textual,complement_log_weight,5.6445867908002985,5.6445867908002985,positive,246,246,55
A_COMPLEMENT_NB,final_training_fit,3,11,adhd medication,textual,complement_log_weight,5.644049045472782,5.644049045472782,positive,247,247,54
A_COMPLEMENT_NB,final_training_fit,3,140,kids,textual,complement_log_weight,5.64366883328568,5.64366883328568,positive,248,248,53
A_COMPLEMENT_NB,final_training_fit,3,79,emotional,textual,complement_log_weight,5.643344491452865,5.643344491452865,positive,249,249,52
A_COMPLEMENT_NB,final_training_fit,3,45,common,textual,complement_log_weight,5.6426303545651075,5.6426303545651075,positive,250,250,51
A_COMPLEMENT_NB,final_training_fit,3,148,life,textual,complement_log_weight,5.641281025808354,5.641281025808354,positive,251,251,50
A_COMPLEMENT_NB,final_training_fit,3,256,tasks,textual,complement_log_weight,5.6382243986410865,5.6382243986410865,positive,252,252,49
A_COMPLEMENT_NB,final_training_fit,3,155,look,textual,complement_log_weight,5.636917937303933,5.636917937303933,positive,253,253,48
A_COMPLEMENT_NB,final_training_fit,3,53,diagnosed,textual,complement_log_weight,5.636346116107703,5.636346116107703,positive,254,254,47
A_COMPLEMENT_NB,final_training_fit,3,13,adhd sep,textual,complement_log_weight,5.631918311593015,5.631918311593015,positive,255,255,46
A_COMPLEMENT_NB,final_training_fit,3,292,work,textual,complement_log_weight,5.624374661490191,5.624374661490191,positive,256,256,45
A_COMPLEMENT_NB,final_training_fit,3,17,adults,textual,complement_log_weight,5.623237300191731,5.623237300191731,positive,257,257,44
A_COMPLEMENT_NB,final_training_fit,3,204,problems,textual,complement_log_weight,5.6219435596801395,5.6219435596801395,positive,258,258,43
A_COMPLEMENT_NB,final_training_fit,3,116,help,textual,complement_log_weight,5.620671671563332,5.620671671563332,positive,259,259,42
A_COMPLEMENT_NB,final_training_fit,3,180,need,textual,complement_log_weight,5.619649076979417,5.619649076979417,positive,260,260,41
A_COMPLEMENT_NB,final_training_fit,3,218,school,textual,complement_log_weight,5.618901203268955,5.618901203268955,positive,261,261,40
A_COMPLEMENT_NB,final_training_fit,3,40,child,textual,complement_log_weight,5.618520464309344,5.618520464309344,positive,262,262,39
A_COMPLEMENT_NB,final_training_fit,3,251,symptoms adhd,textual,complement_log_weight,5.615475307659624,5.615475307659624,positive,263,263,38
A_COMPLEMENT_NB,final_training_fit,3,194,people adhd,textual,complement_log_weight,5.6137771244365835,5.6137771244365835,positive,264,264,37
A_COMPLEMENT_NB,final_training_fit,3,59,different,textual,complement_log_weight,5.613513317198482,5.613513317198482,positive,265,265,36
A_COMPLEMENT_NB,final_training_fit,3,236,start,textual,complement_log_weight,5.612426974703551,5.612426974703551,positive,266,266,35
A_COMPLEMENT_NB,final_training_fit,3,237,stimulant,textual,complement_log_weight,5.612073865902046,5.612073865902046,positive,267,267,34
A_COMPLEMENT_NB,final_training_fit,3,231,signs adhd,textual,complement_log_weight,5.609373816402515,5.609373816402515,positive,268,268,33
A_COMPLEMENT_NB,final_training_fit,3,215,right,textual,complement_log_weight,5.604057961923187,5.604057961923187,positive,269,269,32
A_COMPLEMENT_NB,final_training_fit,3,3,actually,textual,complement_log_weight,5.601490629937958,5.601490629937958,positive,270,270,31
A_COMPLEMENT_NB,final_training_fit,3,285,ve,textual,complement_log_weight,5.5983696207187945,5.5983696207187945,positive,271,271,30
A_COMPLEMENT_NB,final_training_fit,3,105,getting,textual,complement_log_weight,5.589502991800668,5.589502991800668,positive,272,272,29
A_COMPLEMENT_NB,final_training_fit,3,233,sleep,textual,complement_log_weight,5.587836753630011,5.587836753630011,positive,273,273,28
A_COMPLEMENT_NB,final_training_fit,3,278,um,textual,complement_log_weight,5.576541414144947,5.576541414144947,positive,274,274,27
A_COMPLEMENT_NB,final_training_fit,3,14,adhd symptoms,textual,complement_log_weight,5.570081830012818,5.570081830012818,positive,275,275,26
A_COMPLEMENT_NB,final_training_fit,3,24,autism,textual,complement_log_weight,5.567261377233665,5.567261377233665,positive,276,276,25
A_COMPLEMENT_NB,final_training_fit,3,161,make,textual,complement_log_weight,5.565699369267287,5.565699369267287,positive,277,277,24
A_COMPLEMENT_NB,final_training_fit,3,264,think,textual,complement_log_weight,5.562819378318252,5.562819378318252,positive,278,278,23
A_COMPLEMENT_NB,final_training_fit,3,21,anxiety,textual,complement_log_weight,5.553260286631407,5.553260286631407,positive,279,279,22
A_COMPLEMENT_NB,final_training_fit,3,98,focus,textual,complement_log_weight,5.550382030469859,5.550382030469859,positive,280,280,21
A_COMPLEMENT_NB,final_training_fit,3,95,feel,textual,complement_log_weight,5.538907465936868,5.538907465936868,positive,281,281,20
A_COMPLEMENT_NB,final_training_fit,3,54,diagnosis,textual,complement_log_weight,5.529003634985703,5.529003634985703,positive,282,282,19
A_COMPLEMENT_NB,final_training_fit,3,157,lot,textual,complement_log_weight,5.528032433034552,5.528032433034552,positive,283,283,18
A_COMPLEMENT_NB,final_training_fit,3,106,going,textual,complement_log_weight,5.519239220533102,5.519239220533102,positive,284,284,17
A_COMPLEMENT_NB,final_training_fit,3,22,attention,textual,complement_log_weight,5.518716422666701,5.518716422666701,positive,285,285,16
A_COMPLEMENT_NB,final_training_fit,3,209,really,textual,complement_log_weight,5.501767989776238,5.501767989776238,positive,286,286,15
A_COMPLEMENT_NB,final_training_fit,3,226,sep,textual,complement_log_weight,5.461891540827928,5.461891540827928,positive,287,287,14
A_COMPLEMENT_NB,final_training_fit,3,34,brain,textual,complement_log_weight,5.453082761424331,5.453082761424331,positive,288,288,13
A_COMPLEMENT_NB,final_training_fit,3,69,don,textual,complement_log_weight,5.441641908240979,5.441641908240979,positive,289,289,12
A_COMPLEMENT_NB,final_training_fit,3,184,number,textual,complement_log_weight,5.433717260473403,5.433717260473403,positive,290,290,11
A_COMPLEMENT_NB,final_training_fit,3,230,signs,textual,complement_log_weight,5.429189237938603,5.429189237938603,positive,291,291,10
A_COMPLEMENT_NB,final_training_fit,3,262,things,textual,complement_log_weight,5.418920035715059,5.418920035715059,positive,292,292,9
A_COMPLEMENT_NB,final_training_fit,3,142,know,textual,complement_log_weight,5.41800704968675,5.41800704968675,positive,293,293,8
A_COMPLEMENT_NB,final_training_fit,3,137,just,textual,complement_log_weight,5.402592378767522,5.402592378767522,positive,294,294,7
A_COMPLEMENT_NB,final_training_fit,3,266,time,textual,complement_log_weight,5.401917038702229,5.401917038702229,positive,295,295,6
A_COMPLEMENT_NB,final_training_fit,3,170,medication,textual,complement_log_weight,5.396731422394197,5.396731422394197,positive,296,296,5
A_COMPLEMENT_NB,final_training_fit,3,193,people,textual,complement_log_weight,5.342129911879612,5.342129911879612,positive,297,297,4
A_COMPLEMENT_NB,final_training_fit,3,250,symptoms,textual,complement_log_weight,5.281891545101665,5.281891545101665,positive,298,298,3
A_COMPLEMENT_NB,final_training_fit,3,149,like,textual,complement_log_weight,5.217201435670537,5.217201435670537,positive,299,299,2
A_COMPLEMENT_NB,final_training_fit,3,5,adhd,textual,complement_log_weight,4.703952334337238,4.703952334337238,positive,300,300,1
A_COMPLEMENT_NB,final_training_fit,4,295,wrong,textual,complement_log_weight,5.857336414416908,5.857336414416908,positive,1,1,300
A_COMPLEMENT_NB,final_training_fit,4,76,eat,textual,complement_log_weight,5.854330578369254,5.854330578369254,positive,2,2,299
A_COMPLEMENT_NB,final_training_fit,4,103,friend,textual,complement_log_weight,5.8512770972771175,5.8512770972771175,positive,3,3,298
A_COMPLEMENT_NB,final_training_fit,4,120,highly,textual,complement_log_weight,5.848086588905986,5.848086588905986,positive,4,4,297
A_COMPLEMENT_NB,final_training_fit,4,192,pay attention,textual,complement_log_weight,5.846436607626893,5.846436607626893,positive,5,5,296
A_COMPLEMENT_NB,final_training_fit,4,91,explain,textual,complement_log_weight,5.842234662742321,5.842234662742321,positive,6,6,295
A_COMPLEMENT_NB,final_training_fit,4,26,bad,textual,complement_log_weight,5.838587060384309,5.838587060384309,positive,7,7,294
A_COMPLEMENT_NB,final_training_fit,4,210,recommend,textual,complement_log_weight,5.837564969046205,5.837564969046205,positive,8,8,293
A_COMPLEMENT_NB,final_training_fit,4,109,great,textual,complement_log_weight,5.832321172660864,5.832321172660864,positive,9,9,292
A_COMPLEMENT_NB,final_training_fit,4,38,certain,textual,complement_log_weight,5.827165194895698,5.827165194895698,positive,10,10,291
A_COMPLEMENT_NB,final_training_fit,4,206,psychiatrist,textual,complement_log_weight,5.827160867249727,5.827160867249727,positive,11,11,290
A_COMPLEMENT_NB,final_training_fit,4,246,stuff,textual,complement_log_weight,5.824116749263567,5.824116749263567,positive,12,12,289
A_COMPLEMENT_NB,final_training_fit,4,77,eating,textual,complement_log_weight,5.822973115464379,5.822973115464379,positive,13,13,288
A_COMPLEMENT_NB,final_training_fit,4,28,behaviors,textual,complement_log_weight,5.822728431267987,5.822728431267987,positive,14,14,287
A_COMPLEMENT_NB,final_training_fit,4,191,pay,textual,complement_log_weight,5.821200474892619,5.821200474892619,positive,15,15,286
A_COMPLEMENT_NB,final_training_fit,4,200,potential,textual,complement_log_weight,5.820909421552545,5.820909421552545,positive,16,16,285
A_COMPLEMENT_NB,final_training_fit,4,294,world,textual,complement_log_weight,5.820294388767506,5.820294388767506,positive,17,17,284
A_COMPLEMENT_NB,final_training_fit,4,60,differently,textual,complement_log_weight,5.819513373268672,5.819513373268672,positive,18,18,283
A_COMPLEMENT_NB,final_training_fit,4,94,family,textual,complement_log_weight,5.816705245403092,5.816705245403092,positive,19,19,282
A_COMPLEMENT_NB,final_training_fit,4,267,times,textual,complement_log_weight,5.815029874233726,5.815029874233726,positive,20,20,281
A_COMPLEMENT_NB,final_training_fit,4,139,kid,textual,complement_log_weight,5.814336582266722,5.814336582266722,positive,21,21,280
A_COMPLEMENT_NB,final_training_fit,4,167,maybe,textual,complement_log_weight,5.8137479103208545,5.8137479103208545,positive,22,22,279
A_COMPLEMENT_NB,final_training_fit,4,165,manage,textual,complement_log_weight,5.8132988626753805,5.8132988626753805,positive,23,23,278
A_COMPLEMENT_NB,final_training_fit,4,90,experts answer,textual,complement_log_weight,5.813112527384591,5.813112527384591,positive,24,24,277
A_COMPLEMENT_NB,final_training_fit,4,234,small,textual,complement_log_weight,5.812628643876695,5.812628643876695,positive,25,25,276
A_COMPLEMENT_NB,final_training_fit,4,82,energy,textual,complement_log_weight,5.812475326336144,5.812475326336144,positive,26,26,275
A_COMPLEMENT_NB,final_training_fit,4,156,looking,textual,complement_log_weight,5.811955825347818,5.811955825347818,positive,27,27,274
A_COMPLEMENT_NB,final_training_fit,4,99,follow,textual,complement_log_weight,5.8118391629058035,5.8118391629058035,positive,28,28,273
A_COMPLEMENT_NB,final_training_fit,4,269,treated,textual,complement_log_weight,5.811042508260152,5.811042508260152,positive,29,29,272
A_COMPLEMENT_NB,final_training_fit,4,241,structure,textual,complement_log_weight,5.810925881509973,5.810925881509973,positive,30,30,271
A_COMPLEMENT_NB,final_training_fit,4,163,makes,textual,complement_log_weight,5.810687312275806,5.810687312275806,positive,31,31,270
A_COMPLEMENT_NB,final_training_fit,4,229,sign,textual,complement_log_weight,5.810515873063736,5.810515873063736,positive,32,32,269
A_COMPLEMENT_NB,final_training_fit,4,217,saying,textual,complement_log_weight,5.809087441385013,5.809087441385013,positive,33,33,268
A_COMPLEMENT_NB,final_training_fit,4,73,dysfunction,textual,complement_log_weight,5.807083370301998,5.807083370301998,positive,34,34,267
A_COMPLEMENT_NB,final_training_fit,4,239,stop,textual,complement_log_weight,5.806826842024619,5.806826842024619,positive,35,35,266
A_COMPLEMENT_NB,final_training_fit,4,174,mind,textual,complement_log_weight,5.806537542077461,5.806537542077461,positive,36,36,265
A_COMPLEMENT_NB,final_training_fit,4,20,answer sep,textual,complement_log_weight,5.806536704076361,5.806536704076361,positive,37,37,264
A_COMPLEMENT_NB,final_training_fit,4,126,improve,textual,complement_log_weight,5.806384342994898,5.806384342994898,positive,38,38,263
A_COMPLEMENT_NB,final_training_fit,4,33,body,textual,complement_log_weight,5.806318800128715,5.806318800128715,positive,39,39,262
A_COMPLEMENT_NB,final_training_fit,4,25,autistic,textual,complement_log_weight,5.806118824940113,5.806118824940113,positive,40,40,261
A_COMPLEMENT_NB,final_training_fit,4,93,fact,textual,complement_log_weight,5.804327204120616,5.804327204120616,positive,41,41,260
A_COMPLEMENT_NB,final_training_fit,4,55,diagnostic,textual,complement_log_weight,5.803840112300278,5.803840112300278,positive,42,42,259
A_COMPLEMENT_NB,final_training_fit,4,152,little bit,textual,complement_log_weight,5.8033476066731575,5.8033476066731575,positive,43,43,258
A_COMPLEMENT_NB,final_training_fit,4,297,years,textual,complement_log_weight,5.801719454730611,5.801719454730611,positive,44,44,257
A_COMPLEMENT_NB,final_training_fit,4,104,function,textual,complement_log_weight,5.801609899880298,5.801609899880298,positive,45,45,256
A_COMPLEMENT_NB,final_training_fit,4,89,experts,textual,complement_log_weight,5.801502757281424,5.801502757281424,positive,46,46,255
A_COMPLEMENT_NB,final_training_fit,4,18,affects,textual,complement_log_weight,5.801311278438477,5.801311278438477,positive,47,47,254
A_COMPLEMENT_NB,final_training_fit,4,115,hear,textual,complement_log_weight,5.801206519241963,5.801206519241963,positive,48,48,253
A_COMPLEMENT_NB,final_training_fit,4,182,neurotypical person,textual,complement_log_weight,5.800988716058147,5.800988716058147,positive,49,49,252
A_COMPLEMENT_NB,final_training_fit,4,159,love,textual,complement_log_weight,5.800573575048855,5.800573575048855,positive,50,50,251
A_COMPLEMENT_NB,final_training_fit,4,117,helpful,textual,complement_log_weight,5.800110804769593,5.800110804769593,positive,51,51,250
A_COMPLEMENT_NB,final_training_fit,4,166,management,textual,complement_log_weight,5.799773906429758,5.799773906429758,positive,52,52,249
A_COMPLEMENT_NB,final_training_fit,4,169,means,textual,complement_log_weight,5.7994930086465795,5.7994930086465795,positive,53,53,248
A_COMPLEMENT_NB,final_training_fit,4,201,present,textual,complement_log_weight,5.799459465660032,5.799459465660032,positive,54,54,247
A_COMPLEMENT_NB,final_training_fit,4,172,meds,textual,complement_log_weight,5.799166415839801,5.799166415839801,positive,55,55,246
A_COMPLEMENT_NB,final_training_fit,4,134,intense,textual,complement_log_weight,5.798697603506528,5.798697603506528,positive,56,56,245
A_COMPLEMENT_NB,final_training_fit,4,223,sensitive,textual,complement_log_weight,5.798326608588173,5.798326608588173,positive,57,57,244
A_COMPLEMENT_NB,final_training_fit,4,260,therapy,textual,complement_log_weight,5.79795460565439,5.79795460565439,positive,58,58,243
A_COMPLEMENT_NB,final_training_fit,4,187,options,textual,complement_log_weight,5.797249248704779,5.797249248704779,positive,59,59,242
A_COMPLEMENT_NB,final_training_fit,4,179,natural,textual,complement_log_weight,5.79712444590001,5.79712444590001,positive,60,60,241
A_COMPLEMENT_NB,final_training_fit,4,196,phone,textual,complement_log_weight,5.796893924720104,5.796893924720104,positive,61,61,240
A_COMPLEMENT_NB,final_training_fit,4,145,lead,textual,complement_log_weight,5.79686060958633,5.79686060958633,positive,62,62,239
A_COMPLEMENT_NB,final_training_fit,4,298,इपर,textual,complement_log_weight,5.79619291627068,5.79619291627068,positive,63,63,238
A_COMPLEMENT_NB,final_training_fit,4,97,feeling,textual,complement_log_weight,5.796187797378698,5.796187797378698,positive,64,64,237
A_COMPLEMENT_NB,final_training_fit,4,198,point,textual,complement_log_weight,5.794979614146185,5.794979614146185,positive,65,65,236
A_COMPLEMENT_NB,final_training_fit,4,121,home,textual,complement_log_weight,5.794953021798023,5.794953021798023,positive,66,66,235
A_COMPLEMENT_NB,final_training_fit,4,23,audhd,textual,complement_log_weight,5.7944008349495375,5.7944008349495375,positive,67,67,234
A_COMPLEMENT_NB,final_training_fit,4,92,explained,textual,complement_log_weight,5.794331658199594,5.794331658199594,positive,68,68,233
A_COMPLEMENT_NB,final_training_fit,4,143,lack,textual,complement_log_weight,5.794284929538475,5.794284929538475,positive,69,69,232
A_COMPLEMENT_NB,final_training_fit,4,276,type,textual,complement_log_weight,5.79423944141046,5.79423944141046,positive,70,70,231
A_COMPLEMENT_NB,final_training_fit,4,162,make sure,textual,complement_log_weight,5.793842151765243,5.793842151765243,positive,71,71,230
A_COMPLEMENT_NB,final_training_fit,4,275,turn,textual,complement_log_weight,5.793250068658211,5.793250068658211,positive,72,72,229
A_COMPLEMENT_NB,final_training_fit,4,81,end,textual,complement_log_weight,5.792952094176471,5.792952094176471,positive,73,73,228
A_COMPLEMENT_NB,final_training_fit,4,6,adhd adhd,textual,complement_log_weight,5.792803826498961,5.792803826498961,positive,74,74,227
A_COMPLEMENT_NB,final_training_fit,4,2,activity,textual,complement_log_weight,5.79249909308111,5.79249909308111,positive,75,75,226
A_COMPLEMENT_NB,final_training_fit,4,235,social,textual,complement_log_weight,5.7922307784961795,5.7922307784961795,positive,76,76,225
A_COMPLEMENT_NB,final_training_fit,4,42,college,textual,complement_log_weight,5.791557194204216,5.791557194204216,positive,77,77,224
A_COMPLEMENT_NB,final_training_fit,4,129,inattention,textual,complement_log_weight,5.791307109877808,5.791307109877808,positive,78,78,223
A_COMPLEMENT_NB,final_training_fit,4,29,best,textual,complement_log_weight,5.791050694273102,5.791050694273102,positive,79,79,222
A_COMPLEMENT_NB,final_training_fit,4,8,adhd brain,textual,complement_log_weight,5.790421758546774,5.790421758546774,positive,80,80,221
A_COMPLEMENT_NB,final_training_fit,4,197,physical,textual,complement_log_weight,5.79022512112319,5.79022512112319,positive,81,81,220
A_COMPLEMENT_NB,final_training_fit,4,188,overwhelmed,textual,complement_log_weight,5.790221370291506,5.790221370291506,positive,82,82,219
A_COMPLEMENT_NB,final_training_fit,4,222,sense,textual,complement_log_weight,5.790166598375008,5.790166598375008,positive,83,83,218
A_COMPLEMENT_NB,final_training_fit,4,75,easily,textual,complement_log_weight,5.789986578389543,5.789986578389543,positive,84,84,217
A_COMPLEMENT_NB,final_training_fit,4,177,moving,textual,complement_log_weight,5.787715961283916,5.787715961283916,positive,85,85,216
A_COMPLEMENT_NB,final_training_fit,4,87,exercise,textual,complement_log_weight,5.787666438971665,5.787666438971665,positive,86,86,215
A_COMPLEMENT_NB,final_training_fit,4,37,care,textual,complement_log_weight,5.787231758135954,5.787231758135954,positive,87,87,214
A_COMPLEMENT_NB,final_training_fit,4,205,protein,textual,complement_log_weight,5.786960884819556,5.786960884819556,positive,88,88,213
A_COMPLEMENT_NB,final_training_fit,4,243,struggles,textual,complement_log_weight,5.786498074932518,5.786498074932518,positive,89,89,212
A_COMPLEMENT_NB,final_training_fit,4,244,struggling,textual,complement_log_weight,5.78640258022024,5.78640258022024,positive,90,90,211
A_COMPLEMENT_NB,final_training_fit,4,199,poor,textual,complement_log_weight,5.7856522530172345,5.7856522530172345,positive,91,91,210
A_COMPLEMENT_NB,final_training_fit,4,84,everybody,textual,complement_log_weight,5.785440596495334,5.785440596495334,positive,92,92,209
A_COMPLEMENT_NB,final_training_fit,4,10,adhd just,textual,complement_log_weight,5.784691860743705,5.784691860743705,positive,93,93,208
A_COMPLEMENT_NB,final_training_fit,4,293,works,textual,complement_log_weight,5.7846204582961365,5.7846204582961365,positive,94,94,207
A_COMPLEMENT_NB,final_training_fit,4,36,called,textual,complement_log_weight,5.7832853747548,5.7832853747548,positive,95,95,206
A_COMPLEMENT_NB,final_training_fit,4,252,taking,textual,complement_log_weight,5.782722628983233,5.782722628983233,positive,96,96,205
A_COMPLEMENT_NB,final_training_fit,4,228,shorts,textual,complement_log_weight,5.782588106444612,5.782588106444612,positive,97,97,204
A_COMPLEMENT_NB,final_training_fit,4,158,lots,textual,complement_log_weight,5.781784241503658,5.781784241503658,positive,98,98,203
A_COMPLEMENT_NB,final_training_fit,4,225,sensory,textual,complement_log_weight,5.78148456153816,5.78148456153816,positive,99,99,202
A_COMPLEMENT_NB,final_training_fit,4,284,usually,textual,complement_log_weight,5.781301411484029,5.781301411484029,positive,100,100,201
A_COMPLEMENT_NB,final_training_fit,4,189,parents,textual,complement_log_weight,5.780906371400101,5.780906371400101,positive,101,101,200
A_COMPLEMENT_NB,final_training_fit,4,270,treating,textual,complement_log_weight,5.780650328902398,5.780650328902398,positive,102,102,199
A_COMPLEMENT_NB,final_training_fit,4,43,come,textual,complement_log_weight,5.7804518384287125,5.7804518384287125,positive,103,103,198
A_COMPLEMENT_NB,final_training_fit,4,190,patients,textual,complement_log_weight,5.780378417918675,5.780378417918675,positive,104,104,197
A_COMPLEMENT_NB,final_training_fit,4,15,adhd women,textual,complement_log_weight,5.779097298757552,5.779097298757552,positive,105,105,196
A_COMPLEMENT_NB,final_training_fit,4,74,early,textual,complement_log_weight,5.7783223799311205,5.7783223799311205,positive,106,106,195
A_COMPLEMENT_NB,final_training_fit,4,287,wait,textual,complement_log_weight,5.77751838941085,5.77751838941085,positive,107,107,194
A_COMPLEMENT_NB,final_training_fit,4,132,information,textual,complement_log_weight,5.777466357090593,5.777466357090593,positive,108,108,193
A_COMPLEMENT_NB,final_training_fit,4,85,example,textual,complement_log_weight,5.776527783825232,5.776527783825232,positive,109,109,192
A_COMPLEMENT_NB,final_training_fit,4,279,unable,textual,complement_log_weight,5.7748657729404425,5.7748657729404425,positive,110,110,191
A_COMPLEMENT_NB,final_training_fit,4,164,making,textual,complement_log_weight,5.774457582765759,5.774457582765759,positive,111,111,190
A_COMPLEMENT_NB,final_training_fit,4,263,things like,textual,complement_log_weight,5.774211649164063,5.774211649164063,positive,112,112,189
A_COMPLEMENT_NB,final_training_fit,4,273,try,textual,complement_log_weight,5.773716963865086,5.773716963865086,positive,113,113,188
A_COMPLEMENT_NB,final_training_fit,4,150,likely,textual,complement_log_weight,5.773690402498292,5.773690402498292,positive,114,114,187
A_COMPLEMENT_NB,final_training_fit,4,281,understanding,textual,complement_log_weight,5.7734511863641105,5.7734511863641105,positive,115,115,186
A_COMPLEMENT_NB,final_training_fit,4,138,key,textual,complement_log_weight,5.772939594143491,5.772939594143491,positive,116,116,185
A_COMPLEMENT_NB,final_training_fit,4,283,using,textual,complement_log_weight,5.771898426789762,5.771898426789762,positive,117,117,184
A_COMPLEMENT_NB,final_training_fit,4,51,deficit,textual,complement_log_weight,5.771045115635909,5.771045115635909,positive,118,118,183
A_COMPLEMENT_NB,final_training_fit,4,114,health,textual,complement_log_weight,5.770647198660549,5.770647198660549,positive,119,119,182
A_COMPLEMENT_NB,final_training_fit,4,185,oh,textual,complement_log_weight,5.77059539180607,5.77059539180607,positive,120,120,181
A_COMPLEMENT_NB,final_training_fit,4,219,second,textual,complement_log_weight,5.769669093571488,5.769669093571488,positive,121,121,180
A_COMPLEMENT_NB,final_training_fit,4,173,mental,textual,complement_log_weight,5.76946716519708,5.76946716519708,positive,122,122,179
A_COMPLEMENT_NB,final_training_fit,4,46,condition,textual,complement_log_weight,5.768424816127155,5.768424816127155,positive,123,123,178
A_COMPLEMENT_NB,final_training_fit,4,286,video,textual,complement_log_weight,5.767797270575185,5.767797270575185,positive,124,124,177
A_COMPLEMENT_NB,final_training_fit,4,72,drugs,textual,complement_log_weight,5.76744176195611,5.76744176195611,positive,125,125,176
A_COMPLEMENT_NB,final_training_fit,4,147,levels,textual,complement_log_weight,5.766644014096572,5.766644014096572,positive,126,126,175
A_COMPLEMENT_NB,final_training_fit,4,299,एक,textual,complement_log_weight,5.765413370564748,5.765413370564748,positive,127,127,174
A_COMPLEMENT_NB,final_training_fit,4,44,comes,textual,complement_log_weight,5.763631783652655,5.763631783652655,positive,128,128,173
A_COMPLEMENT_NB,final_training_fit,4,135,isn,textual,complement_log_weight,5.76193710896675,5.76193710896675,positive,129,129,172
A_COMPLEMENT_NB,final_training_fit,4,248,support,textual,complement_log_weight,5.761711476058625,5.761711476058625,positive,130,130,171
A_COMPLEMENT_NB,final_training_fit,4,232,sit,textual,complement_log_weight,5.7614307166188725,5.7614307166188725,positive,131,131,170
A_COMPLEMENT_NB,final_training_fit,4,110,happens,textual,complement_log_weight,5.7608101282198625,5.7608101282198625,positive,132,132,169
A_COMPLEMENT_NB,final_training_fit,4,63,disorders,textual,complement_log_weight,5.759936215744785,5.759936215744785,positive,133,133,168
A_COMPLEMENT_NB,final_training_fit,4,175,mood,textual,complement_log_weight,5.7591795093218465,5.7591795093218465,positive,134,134,167
A_COMPLEMENT_NB,final_training_fit,4,207,quickly,textual,complement_log_weight,5.758460211038341,5.758460211038341,positive,135,135,166
A_COMPLEMENT_NB,final_training_fit,4,144,late,textual,complement_log_weight,5.75827501865653,5.75827501865653,positive,136,136,165
A_COMPLEMENT_NB,final_training_fit,4,202,probably,textual,complement_log_weight,5.7577456285342965,5.7577456285342965,positive,137,137,164
A_COMPLEMENT_NB,final_training_fit,4,186,okay,textual,complement_log_weight,5.757724460454835,5.757724460454835,positive,138,138,163
A_COMPLEMENT_NB,final_training_fit,4,183,non,textual,complement_log_weight,5.757009469933885,5.757009469933885,positive,139,139,162
A_COMPLEMENT_NB,final_training_fit,4,48,control,textual,complement_log_weight,5.755851617966254,5.755851617966254,positive,140,140,161
A_COMPLEMENT_NB,final_training_fit,4,39,challenges,textual,complement_log_weight,5.755539315097519,5.755539315097519,positive,141,141,160
A_COMPLEMENT_NB,final_training_fit,4,240,strategies,textual,complement_log_weight,5.754321460663464,5.754321460663464,positive,142,142,159
A_COMPLEMENT_NB,final_training_fit,4,112,harder,textual,complement_log_weight,5.754058812803701,5.754058812803701,positive,143,143,158
A_COMPLEMENT_NB,final_training_fit,4,211,regulation,textual,complement_log_weight,5.753429100118002,5.753429100118002,positive,144,144,157
A_COMPLEMENT_NB,final_training_fit,4,133,instead,textual,complement_log_weight,5.753427847956701,5.753427847956701,positive,145,145,156
A_COMPLEMENT_NB,final_training_fit,4,280,understand,textual,complement_log_weight,5.753336966721456,5.753336966721456,positive,146,146,155
A_COMPLEMENT_NB,final_training_fit,4,181,neurotypical,textual,complement_log_weight,5.753262386581098,5.753262386581098,positive,147,147,154
A_COMPLEMENT_NB,final_training_fit,4,124,impact,textual,complement_log_weight,5.752856155372157,5.752856155372157,positive,148,148,153
A_COMPLEMENT_NB,final_training_fit,4,71,dr,textual,complement_log_weight,5.751272960761763,5.751272960761763,positive,149,149,152
A_COMPLEMENT_NB,final_training_fit,4,64,distracted,textual,complement_log_weight,5.75124815589304,5.75124815589304,positive,150,150,151
A_COMPLEMENT_NB,final_training_fit,4,12,adhd real,textual,complement_log_weight,5.750297196688819,5.750297196688819,positive,151,151,150
A_COMPLEMENT_NB,final_training_fit,4,19,answer,textual,complement_log_weight,5.7500288971709494,5.7500288971709494,positive,152,152,149
A_COMPLEMENT_NB,final_training_fit,4,32,bit,textual,complement_log_weight,5.749446085957125,5.749446085957125,positive,153,153,148
A_COMPLEMENT_NB,final_training_fit,4,296,yeah,textual,complement_log_weight,5.748242811525391,5.748242811525391,positive,154,154,147
A_COMPLEMENT_NB,final_training_fit,4,265,thinking,textual,complement_log_weight,5.747640564469038,5.747640564469038,positive,155,155,146
A_COMPLEMENT_NB,final_training_fit,4,242,struggle,textual,complement_log_weight,5.747331332431182,5.747331332431182,positive,156,156,145
A_COMPLEMENT_NB,final_training_fit,4,102,forget,textual,complement_log_weight,5.747039662333106,5.747039662333106,positive,157,157,144
A_COMPLEMENT_NB,final_training_fit,4,220,seen,textual,complement_log_weight,5.745718482842561,5.745718482842561,positive,158,158,143
A_COMPLEMENT_NB,final_training_fit,4,268,treat,textual,complement_log_weight,5.743750632308999,5.743750632308999,positive,159,159,142
A_COMPLEMENT_NB,final_training_fit,4,257,tell,textual,complement_log_weight,5.743447598430456,5.743447598430456,positive,160,160,141
A_COMPLEMENT_NB,final_training_fit,4,7,adhd autism,textual,complement_log_weight,5.739734420764261,5.739734420764261,positive,161,161,140
A_COMPLEMENT_NB,final_training_fit,4,168,mean,textual,complement_log_weight,5.739597862131082,5.739597862131082,positive,162,162,139
A_COMPLEMENT_NB,final_training_fit,4,131,increase,textual,complement_log_weight,5.738891180231626,5.738891180231626,positive,163,163,138
A_COMPLEMENT_NB,final_training_fit,4,47,constantly,textual,complement_log_weight,5.737599680989637,5.737599680989637,positive,164,164,137
A_COMPLEMENT_NB,final_training_fit,4,27,behavior,textual,complement_log_weight,5.73725013070979,5.73725013070979,positive,165,165,136
A_COMPLEMENT_NB,final_training_fit,4,9,adhd diagnosis,textual,complement_log_weight,5.737151863870864,5.737151863870864,positive,166,166,135
A_COMPLEMENT_NB,final_training_fit,4,224,sensitivity,textual,complement_log_weight,5.736803251464754,5.736803251464754,positive,167,167,134
A_COMPLEMENT_NB,final_training_fit,4,213,relationships,textual,complement_log_weight,5.736765537568743,5.736765537568743,positive,168,168,133
A_COMPLEMENT_NB,final_training_fit,4,100,food,textual,complement_log_weight,5.736414776805908,5.736414776805908,positive,169,169,132
A_COMPLEMENT_NB,final_training_fit,4,31,big,textual,complement_log_weight,5.736363970909288,5.736363970909288,positive,170,170,131
A_COMPLEMENT_NB,final_training_fit,4,101,foods,textual,complement_log_weight,5.736051974829957,5.736051974829957,positive,171,171,130
A_COMPLEMENT_NB,final_training_fit,4,151,little,textual,complement_log_weight,5.734755814856319,5.734755814856319,positive,172,172,129
A_COMPLEMENT_NB,final_training_fit,4,80,emotions,textual,complement_log_weight,5.733950939824897,5.733950939824897,positive,173,173,128
A_COMPLEMENT_NB,final_training_fit,4,176,motivation,textual,complement_log_weight,5.733544844531334,5.733544844531334,positive,174,174,127
A_COMPLEMENT_NB,final_training_fit,4,118,helps,textual,complement_log_weight,5.729317141851286,5.729317141851286,positive,175,175,126
A_COMPLEMENT_NB,final_training_fit,4,83,especially,textual,complement_log_weight,5.728792705775688,5.728792705775688,positive,176,176,125
A_COMPLEMENT_NB,final_training_fit,4,130,inattentive,textual,complement_log_weight,5.728487252220403,5.728487252220403,positive,177,177,124
A_COMPLEMENT_NB,final_training_fit,4,272,trouble,textual,complement_log_weight,5.727059256057263,5.727059256057263,positive,178,178,123
A_COMPLEMENT_NB,final_training_fit,4,58,difference,textual,complement_log_weight,5.726955934746251,5.726955934746251,positive,179,179,122
A_COMPLEMENT_NB,final_training_fit,4,259,term,textual,complement_log_weight,5.725159751674891,5.725159751674891,positive,180,180,121
A_COMPLEMENT_NB,final_training_fit,4,128,impulsivity,textual,complement_log_weight,5.723466642360324,5.723466642360324,positive,181,181,120
A_COMPLEMENT_NB,final_training_fit,4,35,brains,textual,complement_log_weight,5.723104840463675,5.723104840463675,positive,182,182,119
A_COMPLEMENT_NB,final_training_fit,4,127,impulsive,textual,complement_log_weight,5.7220645646262795,5.7220645646262795,positive,183,183,118
A_COMPLEMENT_NB,final_training_fit,4,249,sure,textual,complement_log_weight,5.7204298393418425,5.7204298393418425,positive,184,184,117
A_COMPLEMENT_NB,final_training_fit,4,171,medications,textual,complement_log_weight,5.720158461279329,5.720158461279329,positive,185,185,116
A_COMPLEMENT_NB,final_training_fit,4,274,trying,textual,complement_log_weight,5.720060159378087,5.720060159378087,positive,186,186,115
A_COMPLEMENT_NB,final_training_fit,4,245,study,textual,complement_log_weight,5.7195229609285345,5.7195229609285345,positive,187,187,114
A_COMPLEMENT_NB,final_training_fit,4,56,did,textual,complement_log_weight,5.71931938396897,5.71931938396897,positive,188,188,113
A_COMPLEMENT_NB,final_training_fit,4,136,issues,textual,complement_log_weight,5.717692942827266,5.717692942827266,positive,189,189,112
A_COMPLEMENT_NB,final_training_fit,4,254,talking,textual,complement_log_weight,5.716020196585456,5.716020196585456,positive,190,190,111
A_COMPLEMENT_NB,final_training_fit,4,113,having,textual,complement_log_weight,5.715766345090243,5.715766345090243,positive,191,191,110
A_COMPLEMENT_NB,final_training_fit,4,290,ways,textual,complement_log_weight,5.715733202207744,5.715733202207744,positive,192,192,109
A_COMPLEMENT_NB,final_training_fit,4,16,adult,textual,complement_log_weight,5.715168018983262,5.715168018983262,positive,193,193,108
A_COMPLEMENT_NB,final_training_fit,4,86,executive,textual,complement_log_weight,5.7139850099537846,5.7139850099537846,positive,194,194,107
A_COMPLEMENT_NB,final_training_fit,4,108,got,textual,complement_log_weight,5.712178414490004,5.712178414490004,positive,195,195,106
A_COMPLEMENT_NB,final_training_fit,4,221,self,textual,complement_log_weight,5.711774464087539,5.711774464087539,positive,196,196,105
A_COMPLEMENT_NB,final_training_fit,4,96,feel like,textual,complement_log_weight,5.71147064253472,5.71147064253472,positive,197,197,104
A_COMPLEMENT_NB,final_training_fit,4,214,remember,textual,complement_log_weight,5.710743003495506,5.710743003495506,positive,198,198,103
A_COMPLEMENT_NB,final_training_fit,4,178,music,textual,complement_log_weight,5.710175206190851,5.710175206190851,positive,199,199,102
A_COMPLEMENT_NB,final_training_fit,4,1,able,textual,complement_log_weight,5.708033102633636,5.708033102633636,positive,200,200,101
A_COMPLEMENT_NB,final_training_fit,4,227,sep adhd,textual,complement_log_weight,5.707131561441929,5.707131561441929,positive,201,201,100
A_COMPLEMENT_NB,final_training_fit,4,253,talk,textual,complement_log_weight,5.705843101261526,5.705843101261526,positive,202,202,99
A_COMPLEMENT_NB,final_training_fit,4,68,doing,textual,complement_log_weight,5.704395467449339,5.704395467449339,positive,203,203,98
A_COMPLEMENT_NB,final_training_fit,4,30,better,textual,complement_log_weight,5.704283921562215,5.704283921562215,positive,204,204,97
A_COMPLEMENT_NB,final_training_fit,4,122,hyperactive,textual,complement_log_weight,5.7041815173024295,5.7041815173024295,positive,205,205,96
A_COMPLEMENT_NB,final_training_fit,4,154,long,textual,complement_log_weight,5.70274754171952,5.70274754171952,positive,206,206,95
A_COMPLEMENT_NB,final_training_fit,4,203,problem,textual,complement_log_weight,5.701972712822154,5.701972712822154,positive,207,207,94
A_COMPLEMENT_NB,final_training_fit,4,146,let,textual,complement_log_weight,5.701577372204206,5.701577372204206,positive,208,208,93
A_COMPLEMENT_NB,final_training_fit,4,65,doctor,textual,complement_log_weight,5.701523414615461,5.701523414615461,positive,209,209,92
A_COMPLEMENT_NB,final_training_fit,4,291,women,textual,complement_log_weight,5.698413391346729,5.698413391346729,positive,210,210,91
A_COMPLEMENT_NB,final_training_fit,4,78,effects,textual,complement_log_weight,5.698295719698351,5.698295719698351,positive,211,211,90
A_COMPLEMENT_NB,final_training_fit,4,212,rejection,textual,complement_log_weight,5.697020335647653,5.697020335647653,positive,212,212,89
A_COMPLEMENT_NB,final_training_fit,4,271,treatment,textual,complement_log_weight,5.696688571671039,5.696688571671039,positive,213,213,88
A_COMPLEMENT_NB,final_training_fit,4,67,doesn,textual,complement_log_weight,5.6966817065374595,5.6966817065374595,positive,214,214,87
A_COMPLEMENT_NB,final_training_fit,4,49,criteria,textual,complement_log_weight,5.696079618699129,5.696079618699129,positive,215,215,86
A_COMPLEMENT_NB,final_training_fit,4,52,depression,textual,complement_log_weight,5.695258810515096,5.695258810515096,positive,216,216,85
A_COMPLEMENT_NB,final_training_fit,4,41,children,textual,complement_log_weight,5.694372894456966,5.694372894456966,positive,217,217,84
A_COMPLEMENT_NB,final_training_fit,4,0,10,textual,complement_log_weight,5.691410454378319,5.691410454378319,positive,218,218,83
A_COMPLEMENT_NB,final_training_fit,4,216,say,textual,complement_log_weight,5.690850259268286,5.690850259268286,positive,219,219,82
A_COMPLEMENT_NB,final_training_fit,4,258,tend,textual,complement_log_weight,5.68855231100121,5.68855231100121,positive,220,220,81
A_COMPLEMENT_NB,final_training_fit,4,61,difficulty,textual,complement_log_weight,5.682842011685671,5.682842011685671,positive,221,221,80
A_COMPLEMENT_NB,final_training_fit,4,111,hard,textual,complement_log_weight,5.680870123703266,5.680870123703266,positive,222,222,79
A_COMPLEMENT_NB,final_training_fit,4,17,adults,textual,complement_log_weight,5.6785465397489325,5.6785465397489325,positive,223,223,78
A_COMPLEMENT_NB,final_training_fit,4,11,adhd medication,textual,complement_log_weight,5.678327518476121,5.678327518476121,positive,224,224,77
A_COMPLEMENT_NB,final_training_fit,4,255,task,textual,complement_log_weight,5.678236523599144,5.678236523599144,positive,225,225,76
A_COMPLEMENT_NB,final_training_fit,4,57,diet,textual,complement_log_weight,5.678142247651124,5.678142247651124,positive,226,226,75
A_COMPLEMENT_NB,final_training_fit,4,141,kind,textual,complement_log_weight,5.676958189320893,5.676958189320893,positive,227,227,74
A_COMPLEMENT_NB,final_training_fit,4,119,high,textual,complement_log_weight,5.67337322897419,5.67337322897419,positive,228,228,73
A_COMPLEMENT_NB,final_training_fit,4,79,emotional,textual,complement_log_weight,5.67166818367496,5.67166818367496,positive,229,229,72
A_COMPLEMENT_NB,final_training_fit,4,238,stimulants,textual,complement_log_weight,5.670780155925984,5.670780155925984,positive,230,230,71
A_COMPLEMENT_NB,final_training_fit,4,125,important,textual,complement_log_weight,5.670675252817379,5.670675252817379,positive,231,231,70
A_COMPLEMENT_NB,final_training_fit,4,45,common,textual,complement_log_weight,5.670607990262703,5.670607990262703,positive,232,232,69
A_COMPLEMENT_NB,final_training_fit,4,261,thing,textual,complement_log_weight,5.6694903223956485,5.6694903223956485,positive,233,233,68
A_COMPLEMENT_NB,final_training_fit,4,247,sugar,textual,complement_log_weight,5.668881393678188,5.668881393678188,positive,234,234,67
A_COMPLEMENT_NB,final_training_fit,4,160,low,textual,complement_log_weight,5.666488484945087,5.666488484945087,positive,235,235,66
A_COMPLEMENT_NB,final_training_fit,4,88,experience,textual,complement_log_weight,5.665864121592503,5.665864121592503,positive,236,236,65
A_COMPLEMENT_NB,final_training_fit,4,256,tasks,textual,complement_log_weight,5.665208197996412,5.665208197996412,positive,237,237,64
A_COMPLEMENT_NB,final_training_fit,4,4,add,textual,complement_log_weight,5.660199666422129,5.660199666422129,positive,238,238,63
A_COMPLEMENT_NB,final_training_fit,4,148,life,textual,complement_log_weight,5.6497952678681855,5.6497952678681855,positive,239,239,62
A_COMPLEMENT_NB,final_training_fit,4,231,signs adhd,textual,complement_log_weight,5.647733270160274,5.647733270160274,positive,240,240,61
A_COMPLEMENT_NB,final_training_fit,4,285,ve,textual,complement_log_weight,5.646135904716836,5.646135904716836,positive,241,241,60
A_COMPLEMENT_NB,final_training_fit,4,62,disorder,textual,complement_log_weight,5.643976979332732,5.643976979332732,positive,242,242,59
A_COMPLEMENT_NB,final_training_fit,4,50,day,textual,complement_log_weight,5.642738537377669,5.642738537377669,positive,243,243,58
A_COMPLEMENT_NB,final_training_fit,4,59,different,textual,complement_log_weight,5.641592828548558,5.641592828548558,positive,244,244,57
A_COMPLEMENT_NB,final_training_fit,4,107,good,textual,complement_log_weight,5.641574263094193,5.641574263094193,positive,245,245,56
A_COMPLEMENT_NB,final_training_fit,4,140,kids,textual,complement_log_weight,5.640126693744932,5.640126693744932,positive,246,246,55
A_COMPLEMENT_NB,final_training_fit,4,289,way,textual,complement_log_weight,5.639481383531424,5.639481383531424,positive,247,247,54
A_COMPLEMENT_NB,final_training_fit,4,204,problems,textual,complement_log_weight,5.637439642022624,5.637439642022624,positive,248,248,53
A_COMPLEMENT_NB,final_training_fit,4,288,want,textual,complement_log_weight,5.635234348690978,5.635234348690978,positive,249,249,52
A_COMPLEMENT_NB,final_training_fit,4,155,look,textual,complement_log_weight,5.632824691792531,5.632824691792531,positive,250,250,51
A_COMPLEMENT_NB,final_training_fit,4,237,stimulant,textual,complement_log_weight,5.629973159530546,5.629973159530546,positive,251,251,50
A_COMPLEMENT_NB,final_training_fit,4,123,hyperactivity,textual,complement_log_weight,5.6275732009919555,5.6275732009919555,positive,252,252,49
A_COMPLEMENT_NB,final_training_fit,4,208,real,textual,complement_log_weight,5.625685869924064,5.625685869924064,positive,253,253,48
A_COMPLEMENT_NB,final_training_fit,4,66,does,textual,complement_log_weight,5.625143580378756,5.625143580378756,positive,254,254,47
A_COMPLEMENT_NB,final_training_fit,4,3,actually,textual,complement_log_weight,5.624492794827253,5.624492794827253,positive,255,255,46
A_COMPLEMENT_NB,final_training_fit,4,278,um,textual,complement_log_weight,5.623681552715735,5.623681552715735,positive,256,256,45
A_COMPLEMENT_NB,final_training_fit,4,13,adhd sep,textual,complement_log_weight,5.617846418697995,5.617846418697995,positive,257,257,44
A_COMPLEMENT_NB,final_training_fit,4,236,start,textual,complement_log_weight,5.616123251798278,5.616123251798278,positive,258,258,43
A_COMPLEMENT_NB,final_training_fit,4,218,school,textual,complement_log_weight,5.611214141278192,5.611214141278192,positive,259,259,42
A_COMPLEMENT_NB,final_training_fit,4,277,uh,textual,complement_log_weight,5.609966011067784,5.609966011067784,positive,260,260,41
A_COMPLEMENT_NB,final_training_fit,4,105,getting,textual,complement_log_weight,5.606278159138801,5.606278159138801,positive,261,261,40
A_COMPLEMENT_NB,final_training_fit,4,215,right,textual,complement_log_weight,5.6054709416928885,5.6054709416928885,positive,262,262,39
A_COMPLEMENT_NB,final_training_fit,4,53,diagnosed,textual,complement_log_weight,5.603136981867018,5.603136981867018,positive,263,263,38
A_COMPLEMENT_NB,final_training_fit,4,40,child,textual,complement_log_weight,5.602173088598764,5.602173088598764,positive,264,264,37
A_COMPLEMENT_NB,final_training_fit,4,21,anxiety,textual,complement_log_weight,5.598440683258534,5.598440683258534,positive,265,265,36
A_COMPLEMENT_NB,final_training_fit,4,282,use,textual,complement_log_weight,5.597579200594168,5.597579200594168,positive,266,266,35
A_COMPLEMENT_NB,final_training_fit,4,251,symptoms adhd,textual,complement_log_weight,5.594240696026692,5.594240696026692,positive,267,267,34
A_COMPLEMENT_NB,final_training_fit,4,24,autism,textual,complement_log_weight,5.590873913964741,5.590873913964741,positive,268,268,33
A_COMPLEMENT_NB,final_training_fit,4,70,dopamine,textual,complement_log_weight,5.590285605728228,5.590285605728228,positive,269,269,32
A_COMPLEMENT_NB,final_training_fit,4,180,need,textual,complement_log_weight,5.584741470410589,5.584741470410589,positive,270,270,31
A_COMPLEMENT_NB,final_training_fit,4,194,people adhd,textual,complement_log_weight,5.583525071716978,5.583525071716978,positive,271,271,30
A_COMPLEMENT_NB,final_training_fit,4,264,think,textual,complement_log_weight,5.581702966884284,5.581702966884284,positive,272,272,29
A_COMPLEMENT_NB,final_training_fit,4,292,work,textual,complement_log_weight,5.567109655486491,5.567109655486491,positive,273,273,28
A_COMPLEMENT_NB,final_training_fit,4,153,ll,textual,complement_log_weight,5.561439302646519,5.561439302646519,positive,274,274,27
A_COMPLEMENT_NB,final_training_fit,4,14,adhd symptoms,textual,complement_log_weight,5.558606507834088,5.558606507834088,positive,275,275,26
A_COMPLEMENT_NB,final_training_fit,4,116,help,textual,complement_log_weight,5.551918662156826,5.551918662156826,positive,276,276,25
A_COMPLEMENT_NB,final_training_fit,4,95,feel,textual,complement_log_weight,5.551081274508284,5.551081274508284,positive,277,277,24
A_COMPLEMENT_NB,final_training_fit,4,233,sleep,textual,complement_log_weight,5.541979955993562,5.541979955993562,positive,278,278,23
A_COMPLEMENT_NB,final_training_fit,4,195,person,textual,complement_log_weight,5.532251002644126,5.532251002644126,positive,279,279,22
A_COMPLEMENT_NB,final_training_fit,4,54,diagnosis,textual,complement_log_weight,5.530798483604792,5.530798483604792,positive,280,280,21
A_COMPLEMENT_NB,final_training_fit,4,157,lot,textual,complement_log_weight,5.52563844004152,5.52563844004152,positive,281,281,20
A_COMPLEMENT_NB,final_training_fit,4,22,attention,textual,complement_log_weight,5.52485821212314,5.52485821212314,positive,282,282,19
A_COMPLEMENT_NB,final_training_fit,4,98,focus,textual,complement_log_weight,5.52318203571272,5.52318203571272,positive,283,283,18
A_COMPLEMENT_NB,final_training_fit,4,161,make,textual,complement_log_weight,5.522684328586546,5.522684328586546,positive,284,284,17
A_COMPLEMENT_NB,final_training_fit,4,106,going,textual,complement_log_weight,5.509216165942763,5.509216165942763,positive,285,285,16
A_COMPLEMENT_NB,final_training_fit,4,209,really,textual,complement_log_weight,5.481415662475908,5.481415662475908,positive,286,286,15
A_COMPLEMENT_NB,final_training_fit,4,69,don,textual,complement_log_weight,5.473666027907011,5.473666027907011,positive,287,287,14
A_COMPLEMENT_NB,final_training_fit,4,230,signs,textual,complement_log_weight,5.464680886729585,5.464680886729585,positive,288,288,13
A_COMPLEMENT_NB,final_training_fit,4,226,sep,textual,complement_log_weight,5.413433432942659,5.413433432942659,positive,289,289,12
A_COMPLEMENT_NB,final_training_fit,4,142,know,textual,complement_log_weight,5.407083620155903,5.407083620155903,positive,290,290,11
A_COMPLEMENT_NB,final_training_fit,4,170,medication,textual,complement_log_weight,5.404515334820851,5.404515334820851,positive,291,291,10
A_COMPLEMENT_NB,final_training_fit,4,262,things,textual,complement_log_weight,5.391669949426508,5.391669949426508,positive,292,292,9
A_COMPLEMENT_NB,final_training_fit,4,266,time,textual,complement_log_weight,5.357063774669362,5.357063774669362,positive,293,293,8
A_COMPLEMENT_NB,final_training_fit,4,34,brain,textual,complement_log_weight,5.352987220988016,5.352987220988016,positive,294,294,7
A_COMPLEMENT_NB,final_training_fit,4,184,number,textual,complement_log_weight,5.333394493346111,5.333394493346111,positive,295,295,6
A_COMPLEMENT_NB,final_training_fit,4,137,just,textual,complement_log_weight,5.314576462629716,5.314576462629716,positive,296,296,5
A_COMPLEMENT_NB,final_training_fit,4,193,people,textual,complement_log_weight,5.293736079474039,5.293736079474039,positive,297,297,4
A_COMPLEMENT_NB,final_training_fit,4,250,symptoms,textual,complement_log_weight,5.233430913021026,5.233430913021026,positive,298,298,3
A_COMPLEMENT_NB,final_training_fit,4,149,like,textual,complement_log_weight,5.1447651005637285,5.1447651005637285,positive,299,299,2
A_COMPLEMENT_NB,final_training_fit,4,5,adhd,textual,complement_log_weight,4.594051087203084,4.594051087203084,positive,300,300,1
