condition,class_label,feature,feature_group,weight_type,mean_weight_missing_as_zero,sample_std_weight_missing_as_zero,median_weight_missing_as_zero,mean_absolute_weight_missing_as_zero,minimum_weight,maximum_weight,fold_presence_count,fold_presence_fraction,nonzero_fold_count,positive_fold_fraction,negative_fold_fraction,sign_consistency_nonzero,top_k_fold_count,top_k_fold_fraction
A_COMPLEMENT_NB,1,manage,textual,complement_log_weight,5.043811594088361,2.8836397318152227,5.8045264402649295,5.043811594088361,0.0,7.278905838716705,4,0.8,4,0.8,0.0,1.0,4,0.8
A_COMPLEMENT_NB,1,quickly,textual,complement_log_weight,4.99224484271233,2.8375475552436145,5.803150297904856,4.99224484271233,0.0,7.056564073068382,4,0.8,4,0.8,0.0,1.0,4,0.8
A_COMPLEMENT_NB,1,function,textual,complement_log_weight,4.875298040673917,2.771342923034469,5.801720439709439,4.875298040673917,0.0,6.964741871782952,4,0.8,4,0.8,0.0,1.0,4,0.8
A_COMPLEMENT_NB,1,understanding,textual,complement_log_weight,4.837155834194063,2.7384218288893125,5.793844223172483,4.837155834194063,0.0,6.795505210744612,4,0.8,4,0.8,0.0,1.0,4,0.8
A_COMPLEMENT_NB,1,behaviors,textual,complement_log_weight,4.829602303237198,2.7300787772335218,5.803263887173948,4.829602303237198,0.0,6.738951091973717,4,0.8,4,0.8,0.0,1.0,4,0.8
A_COMPLEMENT_NB,1,harder,textual,complement_log_weight,6.039022417047523,0.36529274041777926,5.817516966627574,6.039022417047523,5.789362786286552,6.623524691595402,5,1.0,5,1.0,0.0,1.0,3,0.6
A_COMPLEMENT_NB,1,management,textual,complement_log_weight,3.8835287855054714,3.5871260729302468,5.799403378688178,3.8835287855054714,0.0,7.317822358093434,3,0.6,3,0.6,0.0,1.0,3,0.6
A_COMPLEMENT_NB,1,answer sep,textual,complement_log_weight,3.7823539747817336,3.4707853705363365,5.801872113983822,3.7823539747817336,0.0,6.799880136836429,3,0.6,3,0.6,0.0,1.0,3,0.6
A_COMPLEMENT_NB,1,experts answer,textual,complement_log_weight,3.7773821424158784,3.4656503037726343,5.801157947868087,3.7773821424158784,0.0,6.781739441434941,3,0.6,3,0.6,0.0,1.0,3,0.6
A_COMPLEMENT_NB,1,girls,textual,complement_log_weight,3.647352485723296,3.343303620801937,5.831476295672963,3.647352485723296,0.0,6.573412113138881,3,0.6,3,0.6,0.0,1.0,3,0.6
A_COMPLEMENT_NB,1,activities,textual,complement_log_weight,3.476668235670691,3.173749366579892,5.794287552338554,3.476668235670691,0.0,5.794699385830824,3,0.6,3,0.6,0.0,1.0,3,0.6
A_COMPLEMENT_NB,1,health,textual,complement_log_weight,6.132323372384876,0.5268547108381546,5.778164057543608,6.132323372384876,5.775961966675192,6.951958541168492,5,1.0,5,1.0,0.0,1.0,2,0.4
A_COMPLEMENT_NB,1,struggling,textual,complement_log_weight,6.084301076699421,0.4904866968757794,5.811429221683509,6.084301076699421,5.77890610187499,6.920995721342451,5,1.0,5,1.0,0.0,1.0,2,0.4
A_COMPLEMENT_NB,1,impact,textual,complement_log_weight,6.062228486030632,0.40788983982370514,5.787040524546112,6.062228486030632,5.778030420143798,6.683342604929683,5,1.0,5,1.0,0.0,1.0,2,0.4
A_COMPLEMENT_NB,1,non,textual,complement_log_weight,6.010508115991205,0.3525911761555412,5.798740756254002,6.010508115991205,5.772323684606361,6.597350012131279,5,1.0,5,1.0,0.0,1.0,2,0.4
A_COMPLEMENT_NB,1,adhd autism,textual,complement_log_weight,5.982228518691073,0.2899993984061857,5.807319966714727,5.982228518691073,5.776707601808818,6.443193614694907,5,1.0,5,1.0,0.0,1.0,2,0.4
A_COMPLEMENT_NB,1,disorders,textual,complement_log_weight,5.965931979528223,0.2581826069696657,5.800552630245481,5.965931979528223,5.764629419120757,6.308813172689706,5,1.0,5,1.0,0.0,1.0,2,0.4
A_COMPLEMENT_NB,1,best,textual,complement_log_weight,4.855835849380477,2.7596047821366336,5.781313956751343,4.855835849380477,0.0,6.93048552827496,4,0.8,4,0.8,0.0,1.0,2,0.4
A_COMPLEMENT_NB,1,experts,textual,complement_log_weight,3.7046939114319706,3.3917520958575476,5.801157947868087,3.7046939114319706,0.0,6.530970597801151,3,0.6,3,0.6,0.0,1.0,2,0.4
A_COMPLEMENT_NB,1,condition,textual,complement_log_weight,3.6381349780052075,3.33711053332964,5.79718233084603,3.6381349780052075,0.0,6.595936430561176,3,0.6,3,0.6,0.0,1.0,2,0.4
A_COMPLEMENT_NB,1,like adhd,textual,complement_log_weight,2.637222386746759,3.6530243416693535,0.0,2.637222386746759,0.0,7.372890239205647,2,0.4,2,0.4,0.0,1.0,2,0.4
A_COMPLEMENT_NB,1,sign,textual,complement_log_weight,2.552505912549173,3.5199777548554905,0.0,2.552505912549173,0.0,6.97131788352618,2,0.4,2,0.4,0.0,1.0,2,0.4
A_COMPLEMENT_NB,1,executive function,textual,complement_log_weight,2.542299082934542,3.5032592725013263,0.0,2.542299082934542,0.0,6.911025754035702,2,0.4,2,0.4,0.0,1.0,2,0.4
A_COMPLEMENT_NB,1,adhd like,textual,complement_log_weight,2.5155214283696736,3.4616615822363808,0.0,2.5155214283696736,0.0,6.775395399525231,2,0.4,2,0.4,0.0,1.0,2,0.4
A_COMPLEMENT_NB,1,psychologist,textual,complement_log_weight,2.463784343561823,3.3820084205929417,0.0,2.463784343561823,0.0,6.495000827457886,2,0.4,2,0.4,0.0,1.0,2,0.4
A_COMPLEMENT_NB,1,trauma,textual,complement_log_weight,2.4447664544542564,3.3542870708285517,0.0,2.4447664544542564,0.0,6.41053327221801,2,0.4,2,0.4,0.0,1.0,2,0.4
A_COMPLEMENT_NB,1,एड,textual,complement_log_weight,2.4171415425139555,3.314300305449007,0.0,2.4171415425139555,0.0,6.286828019565475,2,0.4,2,0.4,0.0,1.0,2,0.4
A_COMPLEMENT_NB,1,behavioral,textual,complement_log_weight,2.3182915392886434,3.1744547125530396,0.0,2.3182915392886434,0.0,5.802187550528797,2,0.4,2,0.4,0.0,1.0,2,0.4
A_COMPLEMENT_NB,1,common,textual,complement_log_weight,6.0444187774799545,0.43328059184156076,5.784036887910618,6.0444187774799545,5.764851491978568,6.763547169288777,5,1.0,5,1.0,0.0,1.0,1,0.2
A_COMPLEMENT_NB,1,answer,textual,complement_log_weight,6.029450575568788,0.37660816537678465,5.783890553229528,6.029450575568788,5.773881439281776,6.624071027486765,5,1.0,5,1.0,0.0,1.0,1,0.2
A_COMPLEMENT_NB,1,impulsivity,textual,complement_log_weight,6.019603273648158,0.3839484985271902,5.795355248237396,6.019603273648158,5.760282388532848,6.658546465714138,5,1.0,5,1.0,0.0,1.0,1,0.2
A_COMPLEMENT_NB,1,adult,textual,complement_log_weight,6.005967053308076,0.3552036419382939,5.7703364172535085,6.005967053308076,5.760233083038427,6.55317218725106,5,1.0,5,1.0,0.0,1.0,1,0.2
A_COMPLEMENT_NB,1,easily,textual,complement_log_weight,6.004910725045189,0.3147670099507616,5.785126960702228,6.004910725045189,5.769252438869968,6.385828816423531,5,1.0,5,1.0,0.0,1.0,1,0.2
A_COMPLEMENT_NB,1,follow,textual,complement_log_weight,5.9664751530526186,0.2797291800851759,5.767017334409265,5.9664751530526186,5.760963906614121,6.320533571337983,5,1.0,5,1.0,0.0,1.0,1,0.2
A_COMPLEMENT_NB,1,adhd diagnosis,textual,complement_log_weight,5.963541798298997,0.2595821264641975,5.796589632920828,5.963541798298997,5.7784841417488115,6.358722791807543,5,1.0,5,1.0,0.0,1.0,1,0.2
A_COMPLEMENT_NB,1,adhd medication,textual,complement_log_weight,5.961721863906267,0.31633274959663893,5.787644325176938,5.961721863906267,5.750205618976199,6.499278462109508,5,1.0,5,1.0,0.0,1.0,1,0.2
A_COMPLEMENT_NB,1,problems,textual,complement_log_weight,5.960995857683981,0.29996629748432274,5.746309012662059,5.960995857683981,5.737149618299869,6.290501137975187,5,1.0,5,1.0,0.0,1.0,1,0.2
A_COMPLEMENT_NB,1,especially,textual,complement_log_weight,5.922654347343,0.41938743978672155,5.714234164689111,5.922654347343,5.696735994206876,6.666671879627139,5,1.0,5,1.0,0.0,1.0,1,0.2
A_COMPLEMENT_NB,1,regulation,textual,complement_log_weight,5.904565955641682,0.19683046548799127,5.785620939874684,5.904565955641682,5.751086182585823,6.182568241192986,5,1.0,5,1.0,0.0,1.0,1,0.2
A_COMPLEMENT_NB,1,hyperactive,textual,complement_log_weight,5.808640187333738,0.10602271383544494,5.789714478750502,5.808640187333738,5.718830857730781,5.975316552175352,5,1.0,5,1.0,0.0,1.0,1,0.2
A_COMPLEMENT_NB,1,experience,textual,complement_log_weight,5.798841003637639,0.08803416704992077,5.792135726096351,5.798841003637639,5.714682829727595,5.936204912988795,5,1.0,5,1.0,0.0,1.0,1,0.2
A_COMPLEMENT_NB,1,meds,textual,complement_log_weight,4.911636676058238,2.7854641252985304,5.781788288140097,4.911636676058238,0.0,6.923235446672491,4,0.8,4,0.8,0.0,1.0,1,0.2
A_COMPLEMENT_NB,1,phone,textual,complement_log_weight,4.860885073840454,2.7374372578791686,5.78482082045735,4.860885073840454,0.0,6.577001575797368,4,0.8,4,0.8,0.0,1.0,1,0.2
A_COMPLEMENT_NB,1,maybe,textual,complement_log_weight,4.843436888738454,2.727577034098107,5.791378142190268,4.843436888738454,0.0,6.591123162466995,4,0.8,4,0.8,0.0,1.0,1,0.2
A_COMPLEMENT_NB,1,autistic,textual,complement_log_weight,4.780076005805963,2.680971069600436,5.791246136245328,4.780076005805963,0.0,6.3088066145816635,4,0.8,4,0.8,0.0,1.0,1,0.2
A_COMPLEMENT_NB,1,parents,textual,complement_log_weight,4.73140031979848,2.654994682801129,5.776986225758808,4.73140031979848,0.0,6.313955221951388,4,0.8,4,0.8,0.0,1.0,1,0.2
A_COMPLEMENT_NB,1,present,textual,complement_log_weight,4.710582975849217,2.6411909468298895,5.7628719890776825,4.710582975849217,0.0,6.241296998287398,4,0.8,4,0.8,0.0,1.0,1,0.2
A_COMPLEMENT_NB,1,traits,textual,complement_log_weight,3.5460754943898047,3.2405575847568424,5.780061563422329,3.5460754943898047,0.0,6.154007145363855,3,0.6,3,0.6,0.0,1.0,1,0.2
A_COMPLEMENT_NB,1,complete,textual,complement_log_weight,3.4642174936395227,3.1623967130331656,5.761159669347975,3.4642174936395227,0.0,5.787035164246761,3,0.6,3,0.6,0.0,1.0,1,0.2
A_COMPLEMENT_NB,1,structure,textual,complement_log_weight,2.555196503871504,3.500453537231445,0.0,2.555196503871504,0.0,6.53795969766801,2,0.4,2,0.4,0.0,1.0,1,0.2
A_COMPLEMENT_NB,1,based,textual,complement_log_weight,2.3126315352341305,3.166701681995902,0.0,2.3126315352341305,0.0,5.784180551696106,2,0.4,2,0.4,0.0,1.0,1,0.2
A_COMPLEMENT_NB,1,create,textual,complement_log_weight,1.3577786388804527,3.0360853349338313,0.0,1.3577786388804527,0.0,6.788893194402264,1,0.2,1,0.2,0.0,1.0,1,0.2
A_COMPLEMENT_NB,1,changes,textual,complement_log_weight,1.2600565340284278,2.8175720655803413,0.0,1.2600565340284278,0.0,6.300282670142138,1,0.2,1,0.2,0.0,1.0,1,0.2
A_COMPLEMENT_NB,1,learn,textual,complement_log_weight,1.1594028224687452,2.592503524345235,0.0,1.1594028224687452,0.0,5.797014112343725,1,0.2,1,0.2,0.0,1.0,1,0.2
A_COMPLEMENT_NB,1,class,textual,complement_log_weight,1.1581755669652773,2.58975929761372,0.0,1.1581755669652773,0.0,5.790877834826387,1,0.2,1,0.2,0.0,1.0,1,0.2
A_COMPLEMENT_NB,1,diagnosed adhd,textual,complement_log_weight,1.1568440527009085,2.586781941205581,0.0,1.1568440527009085,0.0,5.784220263504542,1,0.2,1,0.2,0.0,1.0,1,0.2
A_COMPLEMENT_NB,1,trouble,textual,complement_log_weight,5.985917994629365,0.3867149919237151,5.744796395248319,5.985917994629365,5.737542618628175,6.624959446559148,5,1.0,5,1.0,0.0,1.0,0,0.0
A_COMPLEMENT_NB,1,criteria,textual,complement_log_weight,5.978431361414053,0.3391292267678243,5.77162104499625,5.978431361414053,5.755372793724647,6.542749017049003,5,1.0,5,1.0,0.0,1.0,0,0.0
A_COMPLEMENT_NB,1,come,textual,complement_log_weight,5.969826012086183,0.35538447593364386,5.776211785336459,5.969826012086183,5.758012015101124,6.588871503768593,5,1.0,5,1.0,0.0,1.0,0,0.0
A_COMPLEMENT_NB,1,tasks,textual,complement_log_weight,5.943081457586066,0.27955856799937717,5.770343780643743,5.943081457586066,5.755740487358086,6.400679253758968,5,1.0,5,1.0,0.0,1.0,0,0.0
A_COMPLEMENT_NB,1,executive,textual,complement_log_weight,5.937212925415285,0.3159790140296382,5.742562474871198,5.937212925415285,5.7276852471796404,6.4572491089842785,5,1.0,5,1.0,0.0,1.0,0,0.0
A_COMPLEMENT_NB,1,mental,textual,complement_log_weight,5.925568701707833,0.2384463582880382,5.779373723259549,5.925568701707833,5.757327270530046,6.297009378266976,5,1.0,5,1.0,0.0,1.0,0,0.0
A_COMPLEMENT_NB,1,challenges,textual,complement_log_weight,5.924921903147192,0.21987237378682592,5.784121678091594,5.924921903147192,5.754386508569504,6.230612117770697,5,1.0,5,1.0,0.0,1.0,0,0.0
A_COMPLEMENT_NB,1,social,textual,complement_log_weight,5.919753838847194,0.22051525289661358,5.772504303666902,5.919753838847194,5.754377334583952,6.234501597937394,5,1.0,5,1.0,0.0,1.0,0,0.0
A_COMPLEMENT_NB,1,moving,textual,complement_log_weight,5.914424654857067,0.24537133856722348,5.776881159333094,5.914424654857067,5.741779374767644,6.322013381429037,5,1.0,5,1.0,0.0,1.0,0,0.0
A_COMPLEMENT_NB,1,things like,textual,complement_log_weight,5.914418394370728,0.29279334528829015,5.750819622602664,5.914418394370728,5.738762843278492,6.419215618298107,5,1.0,5,1.0,0.0,1.0,0,0.0
A_COMPLEMENT_NB,1,hear,textual,complement_log_weight,5.914050603110258,0.20781605857042262,5.7646375714357,5.914050603110258,5.7582799801438656,6.156740764676296,5,1.0,5,1.0,0.0,1.0,0,0.0
A_COMPLEMENT_NB,1,impulsive,textual,complement_log_weight,5.91381442797122,0.22663345324475503,5.774770241805993,5.91381442797122,5.745860282434677,6.2611219179055535,5,1.0,5,1.0,0.0,1.0,0,0.0
A_COMPLEMENT_NB,1,make sure,textual,complement_log_weight,5.90869982140568,0.24522764243524373,5.784910951530752,5.90869982140568,5.747052293362364,6.329253199079214,5,1.0,5,1.0,0.0,1.0,0,0.0
A_COMPLEMENT_NB,1,support,textual,complement_log_weight,5.904478286459457,0.19624907673570147,5.768865225306561,5.904478286459457,5.763463660828317,6.182968441466763,5,1.0,5,1.0,0.0,1.0,0,0.0
A_COMPLEMENT_NB,1,medications,textual,complement_log_weight,5.901661009838087,0.30931696339992976,5.762899958372156,5.901661009838087,5.7271083952531425,6.450350385894158,5,1.0,5,1.0,0.0,1.0,0,0.0
A_COMPLEMENT_NB,1,eating,textual,complement_log_weight,5.899571073689546,0.26817204219536606,5.750545251853096,5.899571073689546,5.7359162940080415,6.362322202788327,5,1.0,5,1.0,0.0,1.0,0,0.0
A_COMPLEMENT_NB,1,taking,textual,complement_log_weight,5.890732360612127,0.21840302022453364,5.778149675911529,5.890732360612127,5.729211594908857,6.236678204770163,5,1.0,5,1.0,0.0,1.0,0,0.0
A_COMPLEMENT_NB,1,adults,textual,complement_log_weight,5.888228414461021,0.2623129461947822,5.759341779022784,5.888228414461021,5.737004292757564,6.350067475663428,5,1.0,5,1.0,0.0,1.0,0,0.0
A_COMPLEMENT_NB,1,having,textual,complement_log_weight,5.885663955577502,0.18414217510806868,5.7692182425503145,5.885663955577502,5.7412806004317325,6.153168634246873,5,1.0,5,1.0,0.0,1.0,0,0.0
A_COMPLEMENT_NB,1,sep adhd,textual,complement_log_weight,5.878882410935434,0.20472740146364599,5.771260428803388,5.878882410935434,5.748260885469469,6.229066894123954,5,1.0,5,1.0,0.0,1.0,0,0.0
A_COMPLEMENT_NB,1,saying,textual,complement_log_weight,5.877597150818075,0.1837528691513181,5.773498760851352,5.877597150818075,5.752235758523245,6.1814236476440225,5,1.0,5,1.0,0.0,1.0,0,0.0
A_COMPLEMENT_NB,1,school,textual,complement_log_weight,5.8772125210891355,0.18953457224324002,5.760788534644101,5.8772125210891355,5.729540093957065,6.146254031389405,5,1.0,5,1.0,0.0,1.0,0,0.0
A_COMPLEMENT_NB,1,oh,textual,complement_log_weight,5.8693096644004425,0.2083453877798486,5.764721885944795,5.8693096644004425,5.727032198433883,6.218767038858184,5,1.0,5,1.0,0.0,1.0,0,0.0
A_COMPLEMENT_NB,1,feel like,textual,complement_log_weight,5.868029668340254,0.19189578205102237,5.754917685838101,5.868029668340254,5.743920271073603,6.187577331799829,5,1.0,5,1.0,0.0,1.0,0,0.0
A_COMPLEMENT_NB,1,information,textual,complement_log_weight,5.866663893622855,0.18787720540031252,5.777410243905107,5.866663893622855,5.73378211944959,6.180643263775042,5,1.0,5,1.0,0.0,1.0,0,0.0
A_COMPLEMENT_NB,1,second,textual,complement_log_weight,5.862059928730319,0.1436359191654219,5.771305866863923,5.862059928730319,5.73841509910699,6.037733927810028,5,1.0,5,1.0,0.0,1.0,0,0.0
A_COMPLEMENT_NB,1,end,textual,complement_log_weight,5.859423901344,0.15237699428360535,5.760769842954625,5.859423901344,5.73709608238848,6.053418323903945,5,1.0,5,1.0,0.0,1.0,0,0.0
A_COMPLEMENT_NB,1,difficulty,textual,complement_log_weight,5.85867405044132,0.15385788426029506,5.78714402174702,5.85867405044132,5.732623057836202,6.107219908624509,5,1.0,5,1.0,0.0,1.0,0,0.0
A_COMPLEMENT_NB,1,therapy,textual,complement_log_weight,5.85760741877341,0.16553491832766917,5.771123646038218,5.85760741877341,5.740780796346677,6.137240571872242,5,1.0,5,1.0,0.0,1.0,0,0.0
A_COMPLEMENT_NB,1,inattentive,textual,complement_log_weight,5.852072518887077,0.14366348398642162,5.781218522972236,5.852072518887077,5.731520360700615,6.011728098368919,5,1.0,5,1.0,0.0,1.0,0,0.0
A_COMPLEMENT_NB,1,did,textual,complement_log_weight,5.849022547109663,0.18802481991845998,5.753464907752925,5.849022547109663,5.7219597893672125,6.170813897840696,5,1.0,5,1.0,0.0,1.0,0,0.0
A_COMPLEMENT_NB,1,distracted,textual,complement_log_weight,5.84791791579618,0.1840960233064338,5.742238566374147,5.84791791579618,5.7207616967314605,6.1553012848298225,5,1.0,5,1.0,0.0,1.0,0,0.0
A_COMPLEMENT_NB,1,instead,textual,complement_log_weight,5.846895562670441,0.2333509435509495,5.721102080846511,5.846895562670441,5.7066819313287525,6.252655839549263,5,1.0,5,1.0,0.0,1.0,0,0.0
A_COMPLEMENT_NB,1,trying,textual,complement_log_weight,5.844696153913451,0.19028604089012888,5.7380765290959665,5.844696153913451,5.717256300612569,6.1673768181109,5,1.0,5,1.0,0.0,1.0,0,0.0
A_COMPLEMENT_NB,1,adhd adhd,textual,complement_log_weight,5.834849051432403,0.13902369066673428,5.764789803399446,5.834849051432403,5.732095979989387,6.069441708380308,5,1.0,5,1.0,0.0,1.0,0,0.0
A_COMPLEMENT_NB,1,making,textual,complement_log_weight,5.832294257519348,0.11559476791758012,5.771398692854422,5.832294257519348,5.730948101089141,5.988483641493058,5,1.0,5,1.0,0.0,1.0,0,0.0
A_COMPLEMENT_NB,1,emotions,textual,complement_log_weight,5.824805246767999,0.14275190161214044,5.768227721862663,5.824805246767999,5.731253491947828,6.076212414106655,5,1.0,5,1.0,0.0,1.0,0,0.0
A_COMPLEMENT_NB,1,difference,textual,complement_log_weight,5.823780816141526,0.12184099766719866,5.759051354514486,5.823780816141526,5.720409100741329,5.992066886665069,5,1.0,5,1.0,0.0,1.0,0,0.0
A_COMPLEMENT_NB,1,behavior,textual,complement_log_weight,5.823201880371816,0.1279044826776337,5.759643979951833,5.823201880371816,5.7134054706311534,5.99214691457533,5,1.0,5,1.0,0.0,1.0,0,0.0
A_COMPLEMENT_NB,1,fact,textual,complement_log_weight,5.813034543511231,0.07860967234464007,5.76921351185207,5.813034543511231,5.747194297839877,5.931790086255534,5,1.0,5,1.0,0.0,1.0,0,0.0
A_COMPLEMENT_NB,1,constantly,textual,complement_log_weight,5.812473159763706,0.10246486441981444,5.762195588059844,5.812473159763706,5.725684624585498,5.925947572500742,5,1.0,5,1.0,0.0,1.0,0,0.0
A_COMPLEMENT_NB,1,kind,textual,complement_log_weight,5.8101937079836405,0.13869429355296473,5.754258883215092,5.8101937079836405,5.717197471149507,6.052317762214169,5,1.0,5,1.0,0.0,1.0,0,0.0
A_COMPLEMENT_NB,1,care,textual,complement_log_weight,5.809358646310611,0.12768462661587635,5.740259496907182,5.809358646310611,5.7175337365624666,6.012412902838621,5,1.0,5,1.0,0.0,1.0,0,0.0
A_COMPLEMENT_NB,1,feeling,textual,complement_log_weight,5.808489213562377,0.11388546112483797,5.761196346121179,5.808489213562377,5.717849296613812,5.987354720881361,5,1.0,5,1.0,0.0,1.0,0,0.0
A_COMPLEMENT_NB,1,control,textual,complement_log_weight,5.802576790307628,0.10301530381989707,5.735431733442457,5.802576790307628,5.723203436855873,5.94121722682676,5,1.0,5,1.0,0.0,1.0,0,0.0
A_COMPLEMENT_NB,1,wait,textual,complement_log_weight,5.8019348306338365,0.10013915927409137,5.7499762926723035,5.8019348306338365,5.723404962454811,5.966288651895774,5,1.0,5,1.0,0.0,1.0,0,0.0
A_COMPLEMENT_NB,1,treatment,textual,complement_log_weight,5.798330183685833,0.09709618919439197,5.734257473796276,5.798330183685833,5.716613382523832,5.9136292050467505,5,1.0,5,1.0,0.0,1.0,0,0.0
A_COMPLEMENT_NB,1,doing,textual,complement_log_weight,5.790265199047504,0.12261411843618901,5.724369119630292,5.790265199047504,5.702699672306439,5.996095025307162,5,1.0,5,1.0,0.0,1.0,0,0.0
A_COMPLEMENT_NB,1,anxiety,textual,complement_log_weight,5.789937391566889,0.08396399733434674,5.756545859272747,5.789937391566889,5.711823387582123,5.884182214522729,5,1.0,5,1.0,0.0,1.0,0,0.0
A_COMPLEMENT_NB,1,understand,textual,complement_log_weight,5.785119320948342,0.11820766107133981,5.7556185047058825,5.785119320948342,5.699967113887569,5.990035907472967,5,1.0,5,1.0,0.0,1.0,0,0.0
A_COMPLEMENT_NB,1,example,textual,complement_log_weight,5.783400392888965,0.07394226757277797,5.7404406943509585,5.783400392888965,5.716364049273694,5.888901609503516,5,1.0,5,1.0,0.0,1.0,0,0.0
A_COMPLEMENT_NB,1,comes,textual,complement_log_weight,5.782993125485766,0.10446737701573801,5.733002194571306,5.782993125485766,5.718362304784309,5.966564497679644,5,1.0,5,1.0,0.0,1.0,0,0.0
A_COMPLEMENT_NB,1,sure,textual,complement_log_weight,5.782371185121221,0.08035775460530586,5.757514656575929,5.782371185121221,5.718395454158807,5.922943344426274,5,1.0,5,1.0,0.0,1.0,0,0.0
A_COMPLEMENT_NB,1,music,textual,complement_log_weight,5.781608797162347,0.04331637197603034,5.769234814463864,5.781608797162347,5.7438271247247386,5.845240290421466,5,1.0,5,1.0,0.0,1.0,0,0.0
A_COMPLEMENT_NB,1,seen,textual,complement_log_weight,5.7801322655303435,0.0768901688962254,5.757528185967455,5.7801322655303435,5.718679368950461,5.914571690953789,5,1.0,5,1.0,0.0,1.0,0,0.0
A_COMPLEMENT_NB,1,home,textual,complement_log_weight,5.779600759276866,0.0529392477147884,5.757827467110208,5.779600759276866,5.725856104013554,5.85151397595887,5,1.0,5,1.0,0.0,1.0,0,0.0
A_COMPLEMENT_NB,1,usually,textual,complement_log_weight,5.779527174090217,0.12177421834888266,5.730609626229696,5.779527174090217,5.710354949197539,5.996819384436056,5,1.0,5,1.0,0.0,1.0,0,0.0
A_COMPLEMENT_NB,1,big,textual,complement_log_weight,5.7793827807695495,0.0898016890435594,5.7280671309253695,5.7793827807695495,5.712015848406766,5.917281166473237,5,1.0,5,1.0,0.0,1.0,0,0.0
A_COMPLEMENT_NB,1,stop,textual,complement_log_weight,5.778062346500954,0.06644144777876716,5.742797528314226,5.778062346500954,5.716097707585899,5.856959602407918,5,1.0,5,1.0,0.0,1.0,0,0.0
A_COMPLEMENT_NB,1,helps,textual,complement_log_weight,5.776118879630113,0.08857596602756011,5.718552539531159,5.776118879630113,5.704623427587313,5.890630099864831,5,1.0,5,1.0,0.0,1.0,0,0.0
A_COMPLEMENT_NB,1,brains,textual,complement_log_weight,5.772680680294629,0.06209772941380349,5.7544789270233485,5.772680680294629,5.72314276693021,5.8767767249320455,5,1.0,5,1.0,0.0,1.0,0,0.0
A_COMPLEMENT_NB,1,study,textual,complement_log_weight,5.771571314204062,0.2655963396636109,5.681411147683131,5.771571314204062,5.5628479545595155,6.236658653898998,5,1.0,5,1.0,0.0,1.0,0,0.0
A_COMPLEMENT_NB,1,treat,textual,complement_log_weight,5.7705252778487495,0.10431758686410347,5.717266387004431,5.7705252778487495,5.71221955813964,5.954680291198663,5,1.0,5,1.0,0.0,1.0,0,0.0
A_COMPLEMENT_NB,1,isn,textual,complement_log_weight,5.768643777151401,0.03749303256320286,5.749515717508397,5.768643777151401,5.733374538950652,5.814790383870029,5,1.0,5,1.0,0.0,1.0,0,0.0
A_COMPLEMENT_NB,1,adhd brain,textual,complement_log_weight,5.76415330310244,0.07689828363447869,5.715866148067279,5.76415330310244,5.7049823352340265,5.876597822144552,5,1.0,5,1.0,0.0,1.0,0,0.0
A_COMPLEMENT_NB,1,deficit,textual,complement_log_weight,5.763798547625297,0.09057539711359269,5.722571798295536,5.763798547625297,5.690033357727891,5.909856077288685,5,1.0,5,1.0,0.0,1.0,0,0.0
A_COMPLEMENT_NB,1,life,textual,complement_log_weight,5.763251342132561,0.06666788757418271,5.741144910716396,5.763251342132561,5.703929975107724,5.847139715921444,5,1.0,5,1.0,0.0,1.0,0,0.0
A_COMPLEMENT_NB,1,effects,textual,complement_log_weight,5.760801725792376,0.2553754094531123,5.658810474437478,5.760801725792376,5.600032780994703,6.214849424289924,5,1.0,5,1.0,0.0,1.0,0,0.0
A_COMPLEMENT_NB,1,everybody,textual,complement_log_weight,5.750231789917223,0.056499704686422646,5.720525130258465,5.750231789917223,5.694864059942174,5.816382939666733,5,1.0,5,1.0,0.0,1.0,0,0.0
A_COMPLEMENT_NB,1,autism,textual,complement_log_weight,5.749483207512665,0.009723676784379444,5.754563635817251,5.749483207512665,5.7376512376704,5.759325456308846,5,1.0,5,1.0,0.0,1.0,0,0.0
A_COMPLEMENT_NB,1,talking,textual,complement_log_weight,5.747334148788012,0.04075547424778366,5.744064524593649,5.747334148788012,5.697263439116601,5.791177980887619,5,1.0,5,1.0,0.0,1.0,0,0.0
A_COMPLEMENT_NB,1,strategies,textual,complement_log_weight,5.74239102539047,0.0425617857054922,5.730024063603464,5.74239102539047,5.698466367108017,5.798481946201321,5,1.0,5,1.0,0.0,1.0,0,0.0
A_COMPLEMENT_NB,1,struggle,textual,complement_log_weight,5.739500489688785,0.08871048662166185,5.703234340078937,5.739500489688785,5.6784619178800355,5.896103245015252,5,1.0,5,1.0,0.0,1.0,0,0.0
A_COMPLEMENT_NB,1,thinking,textual,complement_log_weight,5.7387228633261795,0.015696806254051412,5.729012322047741,5.7387228633261795,5.724575019414457,5.757143710972383,5,1.0,5,1.0,0.0,1.0,0,0.0
A_COMPLEMENT_NB,1,means,textual,complement_log_weight,5.736224016024699,0.027541856892887417,5.72275595462513,5.736224016024699,5.712367496957008,5.773446324734398,5,1.0,5,1.0,0.0,1.0,0,0.0
A_COMPLEMENT_NB,1,sense,textual,complement_log_weight,5.730295112737439,0.043235795304599645,5.741243191513124,5.730295112737439,5.669369591627109,5.77968322237988,5,1.0,5,1.0,0.0,1.0,0,0.0
A_COMPLEMENT_NB,1,kids,textual,complement_log_weight,5.7272591004459885,0.0915490984509425,5.7064353903574885,5.7272591004459885,5.6382231810162455,5.882239313115912,5,1.0,5,1.0,0.0,1.0,0,0.0
A_COMPLEMENT_NB,1,emotional,textual,complement_log_weight,5.7253861857721065,0.033559460583965764,5.731473899435216,5.7253861857721065,5.680766482760266,5.7616321863014806,5,1.0,5,1.0,0.0,1.0,0,0.0
A_COMPLEMENT_NB,1,forget,textual,complement_log_weight,5.7249062872646235,0.15424560111705382,5.696915083592335,5.7249062872646235,5.552828696228993,5.976745671078952,5,1.0,5,1.0,0.0,1.0,0,0.0
A_COMPLEMENT_NB,1,tell,textual,complement_log_weight,5.724887823473655,0.10275374264726776,5.690731023682886,5.724887823473655,5.6413438339669835,5.903554028010817,5,1.0,5,1.0,0.0,1.0,0,0.0
A_COMPLEMENT_NB,1,try,textual,complement_log_weight,5.7230367056462335,0.10134961213266291,5.700530026282832,5.7230367056462335,5.630740950260551,5.896360570370137,5,1.0,5,1.0,0.0,1.0,0,0.0
A_COMPLEMENT_NB,1,body,textual,complement_log_weight,5.721581569947234,0.04019240395984222,5.705947009713372,5.721581569947234,5.687460116223635,5.785224469942174,5,1.0,5,1.0,0.0,1.0,0,0.0
A_COMPLEMENT_NB,1,probably,textual,complement_log_weight,5.721074555822171,0.04852488010870213,5.710422765617528,5.721074555822171,5.661148634594358,5.7954382032604705,5,1.0,5,1.0,0.0,1.0,0,0.0
A_COMPLEMENT_NB,1,yeah,textual,complement_log_weight,5.718809115364693,0.03051244755417029,5.727236460730338,5.718809115364693,5.668355331625947,5.750347556791565,5,1.0,5,1.0,0.0,1.0,0,0.0
A_COMPLEMENT_NB,1,ways,textual,complement_log_weight,5.713301150458812,0.06975051827259311,5.71575419755389,5.713301150458812,5.610159505855056,5.794435722544232,5,1.0,5,1.0,0.0,1.0,0,0.0
A_COMPLEMENT_NB,1,sugar,textual,complement_log_weight,5.71248289482209,0.3393874285395971,5.621821274468174,5.71248289482209,5.390405041841918,6.291132280692462,5,1.0,5,1.0,0.0,1.0,0,0.0
A_COMPLEMENT_NB,1,better,textual,complement_log_weight,5.712260580099531,0.07872467892774147,5.683130761920598,5.712260580099531,5.638436956236989,5.8424879175771975,5,1.0,5,1.0,0.0,1.0,0,0.0
A_COMPLEMENT_NB,1,happens,textual,complement_log_weight,5.711242969031627,0.05119683067440946,5.698788218792067,5.711242969031627,5.659692097002264,5.794513925050649,5,1.0,5,1.0,0.0,1.0,0,0.0
A_COMPLEMENT_NB,1,signs adhd,textual,complement_log_weight,5.703608458197891,0.033708109931733884,5.706114133369062,5.703608458197891,5.666753279515838,5.753866622724782,5,1.0,5,1.0,0.0,1.0,0,0.0
A_COMPLEMENT_NB,1,little,textual,complement_log_weight,5.700387989094051,0.01765468954578027,5.688804403289134,5.700387989094051,5.6882532289507415,5.728226413051453,5,1.0,5,1.0,0.0,1.0,0,0.0
A_COMPLEMENT_NB,1,video,textual,complement_log_weight,5.6986748344688944,0.10603789832610037,5.697049161683738,5.6986748344688944,5.5359935641017515,5.827449598999747,5,1.0,5,1.0,0.0,1.0,0,0.0
A_COMPLEMENT_NB,1,dr,textual,complement_log_weight,5.690295732732009,0.025825442348145662,5.691058660396407,5.690295732732009,5.65495940409852,5.717487483177476,5,1.0,5,1.0,0.0,1.0,0,0.0
A_COMPLEMENT_NB,1,long,textual,complement_log_weight,5.690252230954577,0.06542380169052683,5.714024235501945,5.690252230954577,5.5952551988392845,5.764820463558444,5,1.0,5,1.0,0.0,1.0,0,0.0
A_COMPLEMENT_NB,1,adhd symptoms,textual,complement_log_weight,5.68671619879409,0.12933467572950705,5.672620632114636,5.68671619879409,5.50814552016628,5.869985190644778,5,1.0,5,1.0,0.0,1.0,0,0.0
A_COMPLEMENT_NB,1,talk,textual,complement_log_weight,5.685784451688416,0.0814048041870414,5.693238321697576,5.685784451688416,5.562356610514828,5.791353648110221,5,1.0,5,1.0,0.0,1.0,0,0.0
A_COMPLEMENT_NB,1,mean,textual,complement_log_weight,5.6843803887400055,0.024924002211271598,5.692774407221915,5.6843803887400055,5.640418143701605,5.699510105859955,5,1.0,5,1.0,0.0,1.0,0,0.0
A_COMPLEMENT_NB,1,bit,textual,complement_log_weight,5.678929282962716,0.11029343927894841,5.685510494442248,5.678929282962716,5.504247729706686,5.805955765565137,5,1.0,5,1.0,0.0,1.0,0,0.0
A_COMPLEMENT_NB,1,diagnosis,textual,complement_log_weight,5.678348808445452,0.06453172103735703,5.693036232277512,5.678348808445452,5.570098378875448,5.7431408266467106,5,1.0,5,1.0,0.0,1.0,0,0.0
A_COMPLEMENT_NB,1,okay,textual,complement_log_weight,5.677491865995654,0.07735610801741045,5.700559463793884,5.677491865995654,5.54110253393304,5.730191376327007,5,1.0,5,1.0,0.0,1.0,0,0.0
A_COMPLEMENT_NB,1,motivation,textual,complement_log_weight,5.677343001067806,0.01455124336006206,5.674256583701001,5.677343001067806,5.662405048054181,5.698157555513937,5,1.0,5,1.0,0.0,1.0,0,0.0
A_COMPLEMENT_NB,1,doctor,textual,complement_log_weight,5.675588871869918,0.03327436296718305,5.676465976624248,5.675588871869918,5.624321747865647,5.712791748104602,5,1.0,5,1.0,0.0,1.0,0,0.0
A_COMPLEMENT_NB,1,tend,textual,complement_log_weight,5.6752462193184785,0.015333623485152402,5.674400400139499,5.6752462193184785,5.655538881937499,5.698535536315032,5,1.0,5,1.0,0.0,1.0,0,0.0
A_COMPLEMENT_NB,1,sit,textual,complement_log_weight,5.67459569833113,0.0591259267762082,5.71062055251031,5.67459569833113,5.592877837476731,5.720021260698707,5,1.0,5,1.0,0.0,1.0,0,0.0
A_COMPLEMENT_NB,1,sensitivity,textual,complement_log_weight,5.671775617310237,0.12274390944614907,5.672238429619079,5.671775617310237,5.474071481151266,5.785864904186585,5,1.0,5,1.0,0.0,1.0,0,0.0
A_COMPLEMENT_NB,1,high,textual,complement_log_weight,5.668934623669104,0.032822529100177335,5.6762868091624465,5.668934623669104,5.631630942296015,5.714010617248655,5,1.0,5,1.0,0.0,1.0,0,0.0
A_COMPLEMENT_NB,1,task,textual,complement_log_weight,5.6615744033307,0.012642938008427152,5.6583691518374994,5.6615744033307,5.648152945583962,5.680109201587396,5,1.0,5,1.0,0.0,1.0,0,0.0
A_COMPLEMENT_NB,1,self,textual,complement_log_weight,5.658179648961235,0.04070219305191123,5.668551264019449,5.658179648961235,5.587175208580696,5.68817542309841,5,1.0,5,1.0,0.0,1.0,0,0.0
A_COMPLEMENT_NB,1,issues,textual,complement_log_weight,5.65595185380308,0.07977872759595185,5.679588092487808,5.65595185380308,5.535121200561798,5.743734988559364,5,1.0,5,1.0,0.0,1.0,0,0.0
A_COMPLEMENT_NB,1,does,textual,complement_log_weight,5.653386346240571,0.05487832253982144,5.680686404999876,5.653386346240571,5.563985815238933,5.69676529653534,5,1.0,5,1.0,0.0,1.0,0,0.0
A_COMPLEMENT_NB,1,increase,textual,complement_log_weight,5.653009839108598,0.09023126953242389,5.681737216544729,5.653009839108598,5.49779221749159,5.722695637842171,5,1.0,5,1.0,0.0,1.0,0,0.0
A_COMPLEMENT_NB,1,children,textual,complement_log_weight,5.652475248985692,0.04807588337991364,5.675335673885501,5.652475248985692,5.585647317430424,5.702174794250447,5,1.0,5,1.0,0.0,1.0,0,0.0
A_COMPLEMENT_NB,1,patients,textual,complement_log_weight,5.649402137586973,0.09104561898711717,5.689195460411122,5.649402137586973,5.512372797710332,5.729575707451571,5,1.0,5,1.0,0.0,1.0,0,0.0
A_COMPLEMENT_NB,1,hard,textual,complement_log_weight,5.6492567060093695,0.08680529243699618,5.683486642898662,5.6492567060093695,5.540798396935049,5.750148616511456,5,1.0,5,1.0,0.0,1.0,0,0.0
A_COMPLEMENT_NB,1,symptoms adhd,textual,complement_log_weight,5.647853055386937,0.02489746529360323,5.657892038202906,5.647853055386937,5.607349276091097,5.670795628513038,5,1.0,5,1.0,0.0,1.0,0,0.0
A_COMPLEMENT_NB,1,let,textual,complement_log_weight,5.645752869391464,0.07807442130182499,5.681643931633626,5.645752869391464,5.513667712056855,5.710258886606763,5,1.0,5,1.0,0.0,1.0,0,0.0
A_COMPLEMENT_NB,1,got,textual,complement_log_weight,5.642773106285727,0.07036816906351698,5.671834155604216,5.642773106285727,5.56619538593536,5.721557386720566,5,1.0,5,1.0,0.0,1.0,0,0.0
A_COMPLEMENT_NB,1,signs,textual,complement_log_weight,5.639885004380659,0.05482210623275534,5.6470513775650595,5.639885004380659,5.5730073580681605,5.707836170540715,5,1.0,5,1.0,0.0,1.0,0,0.0
A_COMPLEMENT_NB,1,stimulant,textual,complement_log_weight,5.639600471760927,0.09689029251446439,5.67371448662607,5.639600471760927,5.4694223149398695,5.704688921219409,5,1.0,5,1.0,0.0,1.0,0,0.0
A_COMPLEMENT_NB,1,important,textual,complement_log_weight,5.628145434242485,0.08410576012830887,5.659171852561503,5.628145434242485,5.535429109120564,5.732764468882312,5,1.0,5,1.0,0.0,1.0,0,0.0
A_COMPLEMENT_NB,1,getting,textual,complement_log_weight,5.6272745742776635,0.061287459195593835,5.648804540968275,5.6272745742776635,5.536628785883523,5.693382439938815,5,1.0,5,1.0,0.0,1.0,0,0.0
A_COMPLEMENT_NB,1,food,textual,complement_log_weight,5.623190045484873,0.07997158033391481,5.6487525202332876,5.623190045484873,5.482366345795793,5.682260738722984,5,1.0,5,1.0,0.0,1.0,0,0.0
A_COMPLEMENT_NB,1,able,textual,complement_log_weight,5.621990186430507,0.12756254910465561,5.689998825637491,5.621990186430507,5.400116458783801,5.698677173517105,5,1.0,5,1.0,0.0,1.0,0,0.0
A_COMPLEMENT_NB,1,start,textual,complement_log_weight,5.616831592577683,0.07666535248819009,5.656165455621121,5.616831592577683,5.53061773552906,5.69771603752584,5,1.0,5,1.0,0.0,1.0,0,0.0
A_COMPLEMENT_NB,1,rejection,textual,complement_log_weight,5.612614194719451,0.1626288091704421,5.652463961011441,5.612614194719451,5.3307736156495835,5.731584222797024,5,1.0,5,1.0,0.0,1.0,0,0.0
A_COMPLEMENT_NB,1,women,textual,complement_log_weight,5.61147681737747,0.11845753284117155,5.658387403618084,5.61147681737747,5.403382475048622,5.6981199627429,5,1.0,5,1.0,0.0,1.0,0,0.0
A_COMPLEMENT_NB,1,say,textual,complement_log_weight,5.611042447306535,0.11100181213997659,5.686234830310752,5.611042447306535,5.4679145791865515,5.697162831025503,5,1.0,5,1.0,0.0,1.0,0,0.0
A_COMPLEMENT_NB,1,look,textual,complement_log_weight,5.610515320785124,0.13145474408844954,5.676295040249884,5.610515320785124,5.409788748760283,5.720673518224982,5,1.0,5,1.0,0.0,1.0,0,0.0
A_COMPLEMENT_NB,1,different,textual,complement_log_weight,5.609130044192588,0.11093415387718783,5.651196746177189,5.609130044192588,5.418182602138112,5.696436324457887,5,1.0,5,1.0,0.0,1.0,0,0.0
A_COMPLEMENT_NB,1,disorder,textual,complement_log_weight,5.5933478595621295,0.14040577047942063,5.655602826549389,5.5933478595621295,5.3427289683287205,5.667826360006486,5,1.0,5,1.0,0.0,1.0,0,0.0
A_COMPLEMENT_NB,1,stimulants,textual,complement_log_weight,5.585902629199327,0.1261530720282563,5.642440764296313,5.585902629199327,5.446152523686745,5.711037157117195,5,1.0,5,1.0,0.0,1.0,0,0.0
A_COMPLEMENT_NB,1,diagnosed,textual,complement_log_weight,5.583100362011569,0.12019860496759721,5.655792377539365,5.583100362011569,5.416055162378423,5.68470060812185,5,1.0,5,1.0,0.0,1.0,0,0.0
A_COMPLEMENT_NB,1,problem,textual,complement_log_weight,5.582490760510359,0.11328544627980049,5.64552215359203,5.582490760510359,5.434393541138855,5.674926223901724,5,1.0,5,1.0,0.0,1.0,0,0.0
A_COMPLEMENT_NB,1,um,textual,complement_log_weight,5.5764892380085325,0.11539760002965149,5.620218833775083,5.5764892380085325,5.393931962636917,5.682003731223845,5,1.0,5,1.0,0.0,1.0,0,0.0
A_COMPLEMENT_NB,1,remember,textual,complement_log_weight,5.571548474434235,0.15916163569629163,5.675190443067757,5.571548474434235,5.326412640537254,5.687617423263928,5,1.0,5,1.0,0.0,1.0,0,0.0
A_COMPLEMENT_NB,1,real,textual,complement_log_weight,5.56304729318534,0.13671635504360535,5.649679451435361,5.56304729318534,5.368414155394035,5.671174005607786,5,1.0,5,1.0,0.0,1.0,0,0.0
A_COMPLEMENT_NB,1,add,textual,complement_log_weight,5.546809565458088,0.20008781195468103,5.607401406940975,5.546809565458088,5.194819514869487,5.685801483589711,5,1.0,5,1.0,0.0,1.0,0,0.0
A_COMPLEMENT_NB,1,10,textual,complement_log_weight,5.537105678194575,0.16974733560817476,5.635785641596322,5.537105678194575,5.300003418300044,5.677992593993069,5,1.0,5,1.0,0.0,1.0,0,0.0
A_COMPLEMENT_NB,1,adhd sep,textual,complement_log_weight,5.531751359545774,0.12361419585687657,5.615618404961969,5.531751359545774,5.365245170342794,5.6239407368626955,5,1.0,5,1.0,0.0,1.0,0,0.0
A_COMPLEMENT_NB,1,hyperactivity,textual,complement_log_weight,5.530761434833389,0.17723376958400666,5.616054907956616,5.530761434833389,5.261470112175444,5.6793481371877865,5,1.0,5,1.0,0.0,1.0,0,0.0
A_COMPLEMENT_NB,1,depression,textual,complement_log_weight,5.528834071185791,0.1718068806740797,5.626503513749644,5.528834071185791,5.340926867540488,5.667419453394812,5,1.0,5,1.0,0.0,1.0,0,0.0
A_COMPLEMENT_NB,1,good,textual,complement_log_weight,5.527300689085459,0.19779302207531177,5.630602307035745,5.527300689085459,5.180135868467914,5.642105354007903,5,1.0,5,1.0,0.0,1.0,0,0.0
A_COMPLEMENT_NB,1,sleep,textual,complement_log_weight,5.526825413389095,0.1526829795734183,5.602280921831798,5.526825413389095,5.325834898550479,5.681029278072078,5,1.0,5,1.0,0.0,1.0,0,0.0
A_COMPLEMENT_NB,1,doesn,textual,complement_log_weight,5.519426068579277,0.15384251981362443,5.609749753018175,5.519426068579277,5.30785639323803,5.656583893247496,5,1.0,5,1.0,0.0,1.0,0,0.0
A_COMPLEMENT_NB,1,diet,textual,complement_log_weight,5.5153594377785975,0.12003165251724447,5.585044202543109,5.5153594377785975,5.344961477003932,5.609549899721776,5,1.0,5,1.0,0.0,1.0,0,0.0
A_COMPLEMENT_NB,1,day,textual,complement_log_weight,5.514384132945997,0.19824406370250966,5.628961601121004,5.514384132945997,5.195413574157501,5.6517378026658465,5,1.0,5,1.0,0.0,1.0,0,0.0
A_COMPLEMENT_NB,1,focus,textual,complement_log_weight,5.496725899362561,0.21728465499332855,5.618672441795069,5.496725899362561,5.147585399626479,5.661141533917293,5,1.0,5,1.0,0.0,1.0,0,0.0
A_COMPLEMENT_NB,1,work,textual,complement_log_weight,5.488359367987451,0.21050053021137213,5.626831846359314,5.488359367987451,5.198500439119054,5.649587037289091,5,1.0,5,1.0,0.0,1.0,0,0.0
A_COMPLEMENT_NB,1,actually,textual,complement_log_weight,5.4881833937373,0.20935232600205958,5.6160529980799705,5.4881833937373,5.212846075995986,5.666976454192975,5,1.0,5,1.0,0.0,1.0,0,0.0
A_COMPLEMENT_NB,1,need,textual,complement_log_weight,5.487683051341362,0.2059587786286867,5.623872795327582,5.487683051341362,5.217948194234612,5.651312255790607,5,1.0,5,1.0,0.0,1.0,0,0.0
A_COMPLEMENT_NB,1,think,textual,complement_log_weight,5.482796241482661,0.19171891342270606,5.613806959067376,5.482796241482661,5.216814798346448,5.621938232417988,5,1.0,5,1.0,0.0,1.0,0,0.0
A_COMPLEMENT_NB,1,low,textual,complement_log_weight,5.482689065150519,0.2314204560814958,5.615752444516143,5.482689065150519,5.16025189610618,5.681251040035635,5,1.0,5,1.0,0.0,1.0,0,0.0
A_COMPLEMENT_NB,1,make,textual,complement_log_weight,5.4785913727547095,0.19482430309797544,5.596337141131904,5.4785913727547095,5.184192418202961,5.622998368898939,5,1.0,5,1.0,0.0,1.0,0,0.0
A_COMPLEMENT_NB,1,way,textual,complement_log_weight,5.47546039155758,0.208566735579725,5.601088203099537,5.47546039155758,5.158395204232804,5.62761285098328,5,1.0,5,1.0,0.0,1.0,0,0.0
A_COMPLEMENT_NB,1,right,textual,complement_log_weight,5.467066545596565,0.20390202190815118,5.6099159026497265,5.467066545596565,5.196661971611277,5.619825937383726,5,1.0,5,1.0,0.0,1.0,0,0.0
A_COMPLEMENT_NB,1,thing,textual,complement_log_weight,5.465211585210071,0.1753759535883139,5.5798004887601325,5.465211585210071,5.236676036052129,5.611109794634975,5,1.0,5,1.0,0.0,1.0,0,0.0
A_COMPLEMENT_NB,1,child,textual,complement_log_weight,5.458873025668675,0.215278941051889,5.60050057902103,5.458873025668675,5.139183363876147,5.6141805172650985,5,1.0,5,1.0,0.0,1.0,0,0.0
A_COMPLEMENT_NB,1,feel,textual,complement_log_weight,5.458282065553571,0.22588208942149055,5.611628648690479,5.458282065553571,5.160834644421879,5.635625928416106,5,1.0,5,1.0,0.0,1.0,0,0.0
A_COMPLEMENT_NB,1,attention,textual,complement_log_weight,5.446456733549114,0.26125660502478326,5.569079651451777,5.446456733549114,5.000734519306669,5.644239045612295,5,1.0,5,1.0,0.0,1.0,0,0.0
A_COMPLEMENT_NB,1,uh,textual,complement_log_weight,5.433056892224734,0.22751116531389137,5.557222643202501,5.433056892224734,5.166086128845989,5.633429320154191,5,1.0,5,1.0,0.0,1.0,0,0.0
A_COMPLEMENT_NB,1,ve,textual,complement_log_weight,5.4325887037460605,0.25429025710890063,5.568794516069403,5.4325887037460605,5.079443028844032,5.656968858395688,5,1.0,5,1.0,0.0,1.0,0,0.0
A_COMPLEMENT_NB,1,lot,textual,complement_log_weight,5.427239664062601,0.217038869048495,5.5723358856411815,5.427239664062601,5.13836735753326,5.6021910534017865,5,1.0,5,1.0,0.0,1.0,0,0.0
A_COMPLEMENT_NB,1,want,textual,complement_log_weight,5.422522299156151,0.20485476959863608,5.556167095665258,5.422522299156151,5.173569857293425,5.584699154826724,5,1.0,5,1.0,0.0,1.0,0,0.0
A_COMPLEMENT_NB,1,use,textual,complement_log_weight,5.4127964510996796,0.26915010068570355,5.587749185274086,5.4127964510996796,5.016383592965951,5.6179556633141665,5,1.0,5,1.0,0.0,1.0,0,0.0
A_COMPLEMENT_NB,1,medication,textual,complement_log_weight,5.409247338224305,0.249164085839725,5.543891467413363,5.409247338224305,5.075273137895156,5.657237209376928,5,1.0,5,1.0,0.0,1.0,0,0.0
A_COMPLEMENT_NB,1,going,textual,complement_log_weight,5.398106644962803,0.2804074236587933,5.561994209801238,5.398106644962803,4.963102486889152,5.6120716144854255,5,1.0,5,1.0,0.0,1.0,0,0.0
A_COMPLEMENT_NB,1,people adhd,textual,complement_log_weight,5.388239175644545,0.30684330223961953,5.581493367742018,5.388239175644545,4.9331242354931835,5.624991236754844,5,1.0,5,1.0,0.0,1.0,0,0.0
A_COMPLEMENT_NB,1,person,textual,complement_log_weight,5.37827778011381,0.3231243259233182,5.544014313980369,5.37827778011381,4.895691586246437,5.653372750036045,5,1.0,5,1.0,0.0,1.0,0,0.0
A_COMPLEMENT_NB,1,help,textual,complement_log_weight,5.3576442613117745,0.3037316254991237,5.542783117731785,5.3576442613117745,4.888517837963999,5.593557239685905,5,1.0,5,1.0,0.0,1.0,0,0.0
A_COMPLEMENT_NB,1,really,textual,complement_log_weight,5.3499006432801135,0.3310862779725175,5.5703304836388385,5.3499006432801135,4.872331344431831,5.6027974510881355,5,1.0,5,1.0,0.0,1.0,0,0.0
A_COMPLEMENT_NB,1,know,textual,complement_log_weight,5.323865647276349,0.3154619662649465,5.542145802262152,5.323865647276349,4.906426540597391,5.562940982312715,5,1.0,5,1.0,0.0,1.0,0,0.0
A_COMPLEMENT_NB,1,ll,textual,complement_log_weight,5.31712985305506,0.338628264273633,5.528939854795299,5.31712985305506,4.834660102003311,5.583974649624241,5,1.0,5,1.0,0.0,1.0,0,0.0
A_COMPLEMENT_NB,1,dopamine,textual,complement_log_weight,5.31015165082386,0.3330920866544883,5.500804550994416,5.31015165082386,4.809948400360446,5.604634796149864,5,1.0,5,1.0,0.0,1.0,0,0.0
A_COMPLEMENT_NB,1,sep,textual,complement_log_weight,5.306992397250822,0.32745285569735905,5.5290913827862385,5.306992397250822,4.840829755737273,5.546605447684999,5,1.0,5,1.0,0.0,1.0,0,0.0
A_COMPLEMENT_NB,1,symptoms,textual,complement_log_weight,5.275659653820169,0.3632711700380051,5.478630551328584,5.275659653820169,4.668595162349762,5.5191781186657005,5,1.0,5,1.0,0.0,1.0,0,0.0
A_COMPLEMENT_NB,1,time,textual,complement_log_weight,5.223083858885885,0.3924048288917361,5.468840120596535,5.223083858885885,4.652993837782794,5.539200810126511,5,1.0,5,1.0,0.0,1.0,0,0.0
A_COMPLEMENT_NB,1,things,textual,complement_log_weight,5.202008731500493,0.4100580075096002,5.482415836569772,5.202008731500493,4.621897527544165,5.504446812487471,5,1.0,5,1.0,0.0,1.0,0,0.0
A_COMPLEMENT_NB,1,just,textual,complement_log_weight,5.183724090523658,0.42761695075018724,5.487314326972432,5.183724090523658,4.618314655037438,5.497548684676354,5,1.0,5,1.0,0.0,1.0,0,0.0
A_COMPLEMENT_NB,1,don,textual,complement_log_weight,5.163055542168562,0.45363125967428525,5.472005073915409,5.163055542168562,4.533968157347742,5.503067463882666,5,1.0,5,1.0,0.0,1.0,0,0.0
A_COMPLEMENT_NB,1,number,textual,complement_log_weight,5.154637830165302,0.414372998223002,5.424236489299993,5.154637830165302,4.589714165697271,5.466768945251743,5,1.0,5,1.0,0.0,1.0,0,0.0
A_COMPLEMENT_NB,1,people,textual,complement_log_weight,5.086357208435081,0.5007853002185109,5.400986272888985,5.086357208435081,4.385380988781085,5.488740919537705,5,1.0,5,1.0,0.0,1.0,0,0.0
A_COMPLEMENT_NB,1,brain,textual,complement_log_weight,5.027881672259268,0.5247730955673278,5.374181298384347,5.027881672259268,4.280105839490508,5.432723577086955,5,1.0,5,1.0,0.0,1.0,0,0.0
A_COMPLEMENT_NB,1,like,textual,complement_log_weight,4.94803398375358,0.5554973977003821,5.324082714014166,4.94803398375358,4.1661618913378105,5.35516457831939,5,1.0,5,1.0,0.0,1.0,0,0.0
A_COMPLEMENT_NB,1,feelings,textual,complement_log_weight,4.825031677624393,2.715370305848963,5.766294764596216,4.825031677624393,0.0,6.53162841690922,4,0.8,4,0.8,0.0,1.0,0,0.0
A_COMPLEMENT_NB,1,treated,textual,complement_log_weight,4.815445767933618,2.7046036032149847,5.77204927232234,4.815445767933618,0.0,6.37784347142839,4,0.8,4,0.8,0.0,1.0,0,0.0
A_COMPLEMENT_NB,1,activity,textual,complement_log_weight,4.803246267282709,2.695664880080872,5.774649593593167,4.803246267282709,0.0,6.322456765900388,4,0.8,4,0.8,0.0,1.0,0,0.0
A_COMPLEMENT_NB,1,options,textual,complement_log_weight,4.773817269880352,2.6801305538146343,5.7735449966663674,4.773817269880352,0.0,6.370111568987701,4,0.8,4,0.8,0.0,1.0,0,0.0
A_COMPLEMENT_NB,1,adhd real,textual,complement_log_weight,4.768487091776018,2.6831379651256224,5.743394171869808,4.768487091776018,0.0,6.4820298845397515,4,0.8,4,0.8,0.0,1.0,0,0.0
A_COMPLEMENT_NB,1,looking,textual,complement_log_weight,4.764178607035619,2.6714581352746616,5.7737174550841415,4.764178607035619,0.0,6.27531459578453,4,0.8,4,0.8,0.0,1.0,0,0.0
A_COMPLEMENT_NB,1,overwhelmed,textual,complement_log_weight,4.7605385279486665,2.6675246279319884,5.770892927251538,4.7605385279486665,0.0,6.140452973807438,4,0.8,4,0.8,0.0,1.0,0,0.0
A_COMPLEMENT_NB,1,higher,textual,complement_log_weight,4.757552189832796,2.6658828014134395,5.782159947170774,4.757552189832796,0.0,6.171044037895758,4,0.8,4,0.8,0.0,1.0,0,0.0
A_COMPLEMENT_NB,1,turn,textual,complement_log_weight,4.74600652757792,2.6677367272555688,5.767519512007746,4.74600652757792,0.0,6.415717912592636,4,0.8,4,0.8,0.0,1.0,0,0.0
A_COMPLEMENT_NB,1,sensory,textual,complement_log_weight,4.741273874344417,2.656715974360834,5.752753725567064,4.741273874344417,0.0,6.176001256728648,4,0.8,4,0.8,0.0,1.0,0,0.0
A_COMPLEMENT_NB,1,highly,textual,complement_log_weight,4.723630316601543,2.6451875247524286,5.753526545568149,4.723630316601543,0.0,6.106301686186329,4,0.8,4,0.8,0.0,1.0,0,0.0
A_COMPLEMENT_NB,1,affects,textual,complement_log_weight,4.719245477051991,2.642439653912532,5.7542482269305415,4.719245477051991,0.0,6.06986347084801,4,0.8,4,0.8,0.0,1.0,0,0.0
A_COMPLEMENT_NB,1,late,textual,complement_log_weight,4.689166928602752,2.626230997020562,5.745681254599,4.689166928602752,0.0,6.13304918790543,4,0.8,4,0.8,0.0,1.0,0,0.0
A_COMPLEMENT_NB,1,adhd just,textual,complement_log_weight,4.687032729597231,2.6256276744574785,5.768385419221587,4.687032729597231,0.0,6.152414707696932,4,0.8,4,0.8,0.0,1.0,0,0.0
A_COMPLEMENT_NB,1,mind,textual,complement_log_weight,4.679717880475281,2.6188293326082075,5.740990867870066,4.679717880475281,0.0,6.0259457169318535,4,0.8,4,0.8,0.0,1.0,0,0.0
A_COMPLEMENT_NB,1,psychiatrist,textual,complement_log_weight,4.67862453517182,2.618583821941025,5.733788429099756,4.67862453517182,0.0,6.039231109563487,4,0.8,4,0.8,0.0,1.0,0,0.0
A_COMPLEMENT_NB,1,unable,textual,complement_log_weight,4.676317932338658,2.6209711073006288,5.737428203591053,4.676317932338658,0.0,6.172842525620491,4,0.8,4,0.8,0.0,1.0,0,0.0
A_COMPLEMENT_NB,1,makes,textual,complement_log_weight,4.675799447480724,2.6175577141040565,5.764997519999918,4.675799447480724,0.0,6.0858884289375546,4,0.8,4,0.8,0.0,1.0,0,0.0
A_COMPLEMENT_NB,1,world,textual,complement_log_weight,4.674839077536749,2.6156754943167573,5.756278433374678,4.674839077536749,0.0,6.009747204713949,4,0.8,4,0.8,0.0,1.0,0,0.0
A_COMPLEMENT_NB,1,drugs,textual,complement_log_weight,4.671332279574045,2.6136897536494867,5.7561084906790505,4.671332279574045,0.0,6.00139443871966,4,0.8,4,0.8,0.0,1.0,0,0.0
A_COMPLEMENT_NB,1,treating adhd,textual,complement_log_weight,4.6685944919031375,2.6116351999379375,5.744042787009151,4.6685944919031375,0.0,5.9331370269356265,4,0.8,4,0.8,0.0,1.0,0,0.0
A_COMPLEMENT_NB,1,lack,textual,complement_log_weight,4.668243135621208,2.611174620051276,5.76503096467808,4.668243135621208,0.0,5.931635513197607,4,0.8,4,0.8,0.0,1.0,0,0.0
A_COMPLEMENT_NB,1,kid,textual,complement_log_weight,4.6671055875504095,2.610943858373431,5.746890871334335,4.6671055875504095,0.0,5.97927198623827,4,0.8,4,0.8,0.0,1.0,0,0.0
A_COMPLEMENT_NB,1,explained,textual,complement_log_weight,4.66617322516837,2.611916243688139,5.74996414888744,4.66617322516837,0.0,6.064516982688623,4,0.8,4,0.8,0.0,1.0,0,0.0
A_COMPLEMENT_NB,1,dysfunction,textual,complement_log_weight,4.663482320427336,2.611302747771568,5.741775696874023,4.663482320427336,0.0,6.089903566845703,4,0.8,4,0.8,0.0,1.0,0,0.0
A_COMPLEMENT_NB,1,इपर,textual,complement_log_weight,4.661407634799977,2.6071868417651,5.7639311014914965,4.661407634799977,0.0,5.948778787459008,4,0.8,4,0.8,0.0,1.0,0,0.0
A_COMPLEMENT_NB,1,times,textual,complement_log_weight,4.660144203952248,2.6078495694962585,5.75455220687838,4.660144203952248,0.0,6.03232348335302,4,0.8,4,0.8,0.0,1.0,0,0.0
A_COMPLEMENT_NB,1,lead,textual,complement_log_weight,4.657381027008671,2.6051335238409288,5.743072474260926,4.657381027008671,0.0,5.9315160691610025,4,0.8,4,0.8,0.0,1.0,0,0.0
A_COMPLEMENT_NB,1,exercise,textual,complement_log_weight,4.647048350527271,2.599266139257674,5.733363856139075,4.647048350527271,0.0,5.938535743763391,4,0.8,4,0.8,0.0,1.0,0,0.0
A_COMPLEMENT_NB,1,protein,textual,complement_log_weight,4.636681366643765,2.595182711250679,5.721288436907966,4.636681366643765,0.0,6.0189667506078965,4,0.8,4,0.8,0.0,1.0,0,0.0
A_COMPLEMENT_NB,1,differently,textual,complement_log_weight,4.635343691858388,2.592217629697308,5.736435081639921,4.635343691858388,0.0,5.909883649368249,4,0.8,4,0.8,0.0,1.0,0,0.0
A_COMPLEMENT_NB,1,likely,textual,complement_log_weight,4.634287682335986,2.5918877071510935,5.734491009902379,4.634287682335986,0.0,5.928091524551907,4,0.8,4,0.8,0.0,1.0,0,0.0
A_COMPLEMENT_NB,1,playing,textual,complement_log_weight,4.630894988778333,2.5901810522903976,5.716308626296069,4.630894988778333,0.0,5.926269799790105,4,0.8,4,0.8,0.0,1.0,0,0.0
A_COMPLEMENT_NB,1,type,textual,complement_log_weight,4.619863575215819,2.5836326418688227,5.724143032833116,4.619863575215819,0.0,5.899645594250138,4,0.8,4,0.8,0.0,1.0,0,0.0
A_COMPLEMENT_NB,1,term,textual,complement_log_weight,4.61763263203102,2.581621271648757,5.739298620700844,4.61763263203102,0.0,5.827744612001917,4,0.8,4,0.8,0.0,1.0,0,0.0
A_COMPLEMENT_NB,1,love,textual,complement_log_weight,4.616056015690927,2.580888061215127,5.724279198219561,4.616056015690927,0.0,5.821501969846504,4,0.8,4,0.8,0.0,1.0,0,0.0
A_COMPLEMENT_NB,1,treating,textual,complement_log_weight,4.611205041068575,2.5782101103784307,5.734850583441981,4.611205041068575,0.0,5.840642336855601,4,0.8,4,0.8,0.0,1.0,0,0.0
A_COMPLEMENT_NB,1,relationships,textual,complement_log_weight,4.60465946217124,2.5744970958119437,5.717935844806033,4.60465946217124,0.0,5.8100213719929865,4,0.8,4,0.8,0.0,1.0,0,0.0
A_COMPLEMENT_NB,1,bad,textual,complement_log_weight,4.595224440872608,2.568957302225589,5.727320032960315,4.595224440872608,0.0,5.791610336875299,4,0.8,4,0.8,0.0,1.0,0,0.0
A_COMPLEMENT_NB,1,years,textual,complement_log_weight,4.581823107836962,2.561403669667873,5.7136626992206745,4.581823107836962,0.0,5.758107641679824,4,0.8,4,0.8,0.0,1.0,0,0.0
A_COMPLEMENT_NB,1,called,textual,complement_log_weight,4.574752482281043,2.5573823276755063,5.709887086502378,4.574752482281043,0.0,5.732887027789066,4,0.8,4,0.8,0.0,1.0,0,0.0
A_COMPLEMENT_NB,1,energy,textual,complement_log_weight,4.573211002129362,2.556539361158422,5.709960118989699,4.573211002129362,0.0,5.7380439419047855,4,0.8,4,0.8,0.0,1.0,0,0.0
A_COMPLEMENT_NB,1,neurotypical,textual,complement_log_weight,4.572246365372337,2.55603233334654,5.703432978262162,4.572246365372337,0.0,5.747663123491557,4,0.8,4,0.8,0.0,1.0,0,0.0
A_COMPLEMENT_NB,1,physical,textual,complement_log_weight,4.570617926727939,2.555416201788577,5.699223662202091,4.570617926727939,0.0,5.7839254359968075,4,0.8,4,0.8,0.0,1.0,0,0.0
A_COMPLEMENT_NB,1,एक,textual,complement_log_weight,4.566418282206453,2.552924767091998,5.692453295687442,4.566418282206453,0.0,5.7639311014914965,4,0.8,4,0.8,0.0,1.0,0,0.0
A_COMPLEMENT_NB,1,adhd women,textual,complement_log_weight,4.564727414931508,2.552573160746945,5.675577446563664,4.564727414931508,0.0,5.813450739616707,4,0.8,4,0.8,0.0,1.0,0,0.0
A_COMPLEMENT_NB,1,pay,textual,complement_log_weight,4.555639507817887,2.5467441937933706,5.686565945660854,4.555639507817887,0.0,5.723680614453357,4,0.8,4,0.8,0.0,1.0,0,0.0
A_COMPLEMENT_NB,1,sensitive,textual,complement_log_weight,4.538931065151712,2.537423620150153,5.668915698483804,4.538931065151712,0.0,5.69206740126495,4,0.8,4,0.8,0.0,1.0,0,0.0
A_COMPLEMENT_NB,1,foods,textual,complement_log_weight,4.508319527998621,2.520412127873942,5.65059754699996,4.508319527998621,0.0,5.656408969215336,4,0.8,4,0.8,0.0,1.0,0,0.0
A_COMPLEMENT_NB,1,adhd,textual,complement_log_weight,4.499471739493924,0.7174939874387681,5.0072803398513255,4.499471739493924,3.5300677969682264,5.025170711277686,5,1.0,5,1.0,0.0,1.0,0,0.0
A_COMPLEMENT_NB,1,poor,textual,complement_log_weight,3.667765005532856,3.3565649587966506,5.782237492894096,3.667765005532856,0.0,6.452072773798703,3,0.6,3,0.6,0.0,1.0,0,0.0
A_COMPLEMENT_NB,1,family,textual,complement_log_weight,3.6558132085941977,3.3436192539602607,5.770715500524506,3.6558132085941977,0.0,6.336138397443787,3,0.6,3,0.6,0.0,1.0,0,0.0
A_COMPLEMENT_NB,1,certain,textual,complement_log_weight,3.6408024307077893,3.3311138710975414,5.769718883605472,3.6408024307077893,0.0,6.400189838777356,3,0.6,3,0.6,0.0,1.0,0,0.0
A_COMPLEMENT_NB,1,job,textual,complement_log_weight,3.5850801012177618,3.276090189690297,5.755361473290841,3.5850801012177618,0.0,6.174332635603987,3,0.6,3,0.6,0.0,1.0,0,0.0
A_COMPLEMENT_NB,1,audhd,textual,complement_log_weight,3.5724500491317115,3.2644840547694045,5.7471572025438675,3.5724500491317115,0.0,6.162106816760113,3,0.6,3,0.6,0.0,1.0,0,0.0
A_COMPLEMENT_NB,1,light,textual,complement_log_weight,3.554227892421656,3.250400640213011,5.758277196734385,3.554227892421656,0.0,6.241920693045595,3,0.6,3,0.6,0.0,1.0,0,0.0
A_COMPLEMENT_NB,1,early,textual,complement_log_weight,3.5448863845066207,3.237858080541888,5.754371912024097,3.5448863845066207,0.0,6.062595347832203,3,0.6,3,0.6,0.0,1.0,0,0.0
A_COMPLEMENT_NB,1,struggles,textual,complement_log_weight,3.543969776643965,3.2402672907281542,5.754756281281601,3.543969776643965,0.0,6.202770058602139,3,0.6,3,0.6,0.0,1.0,0,0.0
A_COMPLEMENT_NB,1,intense,textual,complement_log_weight,3.5425273462150146,3.23523678763495,5.75237173218629,3.5425273462150146,0.0,5.999859569602788,3,0.6,3,0.6,0.0,1.0,0,0.0
A_COMPLEMENT_NB,1,key,textual,complement_log_weight,3.525877453760542,3.2215742135924117,5.7578288905739825,3.525877453760542,0.0,6.0996053964868455,3,0.6,3,0.6,0.0,1.0,0,0.0
A_COMPLEMENT_NB,1,small,textual,complement_log_weight,3.523377989533229,3.2194076157682083,5.752182104473522,3.523377989533229,0.0,6.09977376259155,3,0.6,3,0.6,0.0,1.0,0,0.0
A_COMPLEMENT_NB,1,shorts,textual,complement_log_weight,3.5153206873830896,3.2106847974763193,5.773356281589633,3.5153206873830896,0.0,6.02696449611309,3,0.6,3,0.6,0.0,1.0,0,0.0
A_COMPLEMENT_NB,1,explain,textual,complement_log_weight,3.515092322601326,3.2115452003452414,5.747447304935569,3.515092322601326,0.0,6.074239358223923,3,0.6,3,0.6,0.0,1.0,0,0.0
A_COMPLEMENT_NB,1,using,textual,complement_log_weight,3.5109495605882257,3.2083748609506495,5.724481905351569,3.5109495605882257,0.0,6.090093501435784,3,0.6,3,0.6,0.0,1.0,0,0.0
A_COMPLEMENT_NB,1,lots,textual,complement_log_weight,3.5100871367248785,3.206045915447523,5.76256552616244,3.5100871367248785,0.0,6.025040602892689,3,0.6,3,0.6,0.0,1.0,0,0.0
A_COMPLEMENT_NB,1,friends,textual,complement_log_weight,3.5044327742920887,3.2012342199755963,5.736869931079299,3.5044327742920887,0.0,6.0315610362885215,3,0.6,3,0.6,0.0,1.0,0,0.0
A_COMPLEMENT_NB,1,diagnostic,textual,complement_log_weight,3.503801891429197,3.200052713372289,5.750676747526833,3.503801891429197,0.0,6.0011653049494935,3,0.6,3,0.6,0.0,1.0,0,0.0
A_COMPLEMENT_NB,1,recommend,textual,complement_log_weight,3.495750333103513,3.19258408364881,5.744998832996673,3.495750333103513,0.0,5.9814083401033376,3,0.6,3,0.6,0.0,1.0,0,0.0
A_COMPLEMENT_NB,1,don know,textual,complement_log_weight,3.4935152745175038,3.1901797383549932,5.754083418991905,3.4935152745175038,0.0,5.956238533751765,3,0.6,3,0.6,0.0,1.0,0,0.0
A_COMPLEMENT_NB,1,neurotypical person,textual,complement_log_weight,3.491620102009643,3.1890927259294495,5.733527023117776,3.491620102009643,0.0,5.98909465342313,3,0.6,3,0.6,0.0,1.0,0,0.0
A_COMPLEMENT_NB,1,long term,textual,complement_log_weight,3.485036626440479,3.1820722002240314,5.749843582202984,3.485036626440479,0.0,5.915955674820629,3,0.6,3,0.6,0.0,1.0,0,0.0
A_COMPLEMENT_NB,1,short,textual,complement_log_weight,3.4809721062958636,3.179031371294399,5.725812114113303,3.4809721062958636,0.0,5.953070518681683,3,0.6,3,0.6,0.0,1.0,0,0.0
A_COMPLEMENT_NB,1,great,textual,complement_log_weight,3.4758853582901375,3.1739979286129834,5.719380217786339,3.4758853582901375,0.0,5.920282351806986,3,0.6,3,0.6,0.0,1.0,0,0.0
A_COMPLEMENT_NB,1,friend,textual,complement_log_weight,3.4703518103125064,3.1681458087145,5.734692018031246,3.4703518103125064,0.0,5.824091880215556,3,0.6,3,0.6,0.0,1.0,0,0.0
A_COMPLEMENT_NB,1,little bit,textual,complement_log_weight,3.463451925145864,3.1622258086546915,5.7213556287347815,3.463451925145864,0.0,5.867878618814943,3,0.6,3,0.6,0.0,1.0,0,0.0
A_COMPLEMENT_NB,1,adhders,textual,complement_log_weight,3.4623311065658626,3.1610425010769982,5.727740314328559,3.4623311065658626,0.0,5.850639927017898,3,0.6,3,0.6,0.0,1.0,0,0.0
A_COMPLEMENT_NB,1,pay attention,textual,complement_log_weight,3.4623103120690173,3.161147697657771,5.721238127242841,3.4623103120690173,0.0,5.8627366822696665,3,0.6,3,0.6,0.0,1.0,0,0.0
A_COMPLEMENT_NB,1,supplements,textual,complement_log_weight,3.4594627346110642,3.1584339022996883,5.715066129979122,3.4594627346110642,0.0,5.845991690286619,3,0.6,3,0.6,0.0,1.0,0,0.0
A_COMPLEMENT_NB,1,point,textual,complement_log_weight,3.4577535361241942,3.1567911680557805,5.719955243367672,3.4577535361241942,0.0,5.834510646844775,3,0.6,3,0.6,0.0,1.0,0,0.0
A_COMPLEMENT_NB,1,somebody,textual,complement_log_weight,3.4566130411802627,3.155442619231708,5.758234094333139,3.4566130411802627,0.0,5.7651646572119395,3,0.6,3,0.6,0.0,1.0,0,0.0
A_COMPLEMENT_NB,1,iron,textual,complement_log_weight,3.430767150828575,3.1318476462683664,5.717039750770453,3.430767150828575,0.0,5.71847046453713,3,0.6,3,0.6,0.0,1.0,0,0.0
A_COMPLEMENT_NB,1,mood,textual,complement_log_weight,3.429236284057228,3.1304503445815994,5.713727343923267,3.429236284057228,0.0,5.71713099279115,3,0.6,3,0.6,0.0,1.0,0,0.0
A_COMPLEMENT_NB,1,levels,textual,complement_log_weight,3.423741166474012,3.12543731995642,5.699496314694675,3.423741166474012,0.0,5.7127979897553685,3,0.6,3,0.6,0.0,1.0,0,0.0
A_COMPLEMENT_NB,1,works,textual,complement_log_weight,3.421031192043029,3.123019616174924,5.6719836551395,3.421031192043029,0.0,5.725672234372473,3,0.6,3,0.6,0.0,1.0,0,0.0
A_COMPLEMENT_NB,1,natural,textual,complement_log_weight,3.413010523275143,3.115651904441274,5.680323744015968,3.413010523275143,0.0,5.703493971796161,3,0.6,3,0.6,0.0,1.0,0,0.0
A_COMPLEMENT_NB,1,anger,textual,complement_log_weight,2.4737797615175325,3.3891377754864664,0.0,2.4737797615175325,0.0,6.339565700833137,2,0.4,2,0.4,0.0,1.0,0,0.0
A_COMPLEMENT_NB,1,sort,textual,complement_log_weight,2.449296288612172,3.362799607040407,0.0,2.449296288612172,0.0,6.47022232613957,2,0.4,2,0.4,0.0,1.0,0,0.0
A_COMPLEMENT_NB,1,inattention,textual,complement_log_weight,2.4241903112923175,3.3268320086691583,0.0,2.4241903112923175,0.0,6.373529180541084,2,0.4,2,0.4,0.0,1.0,0,0.0
A_COMPLEMENT_NB,1,ve got,textual,complement_log_weight,2.4217354501226582,3.3230302826758216,0.0,2.4217354501226582,0.0,6.357737381456251,2,0.4,2,0.4,0.0,1.0,0,0.0
A_COMPLEMENT_NB,1,stress,textual,complement_log_weight,2.397768793420609,3.2875678941399613,0.0,2.397768793420609,0.0,6.231800093385306,2,0.4,2,0.4,0.0,1.0,0,0.0
A_COMPLEMENT_NB,1,blindness,textual,complement_log_weight,2.3852137598285843,3.2694646649352,0.0,2.3852137598285843,0.0,6.173107815871898,2,0.4,2,0.4,0.0,1.0,0,0.0
A_COMPLEMENT_NB,1,check,textual,complement_log_weight,2.3778281252110616,3.2583046788955614,0.0,2.3778281252110616,0.0,6.11878006335062,2,0.4,2,0.4,0.0,1.0,0,0.0
A_COMPLEMENT_NB,1,ocd,textual,complement_log_weight,2.3668864229387148,3.2432273363427973,0.0,2.3668864229387148,0.0,6.087449981136366,2,0.4,2,0.4,0.0,1.0,0,0.0
A_COMPLEMENT_NB,1,college,textual,complement_log_weight,2.363649618064362,3.238151381029685,0.0,2.363649618064362,0.0,6.05265294214558,2,0.4,2,0.4,0.0,1.0,0,0.0
A_COMPLEMENT_NB,1,eat,textual,complement_log_weight,2.3617452309432507,3.2357149601565562,0.0,2.3617452309432507,0.0,6.055361743577196,2,0.4,2,0.4,0.0,1.0,0,0.0
A_COMPLEMENT_NB,1,minutes,textual,complement_log_weight,2.3602837699322583,3.234103000377289,0.0,2.3602837699322583,0.0,6.067506919798738,2,0.4,2,0.4,0.0,1.0,0,0.0
A_COMPLEMENT_NB,1,rejection sensitivity,textual,complement_log_weight,2.3588569047698122,3.231743512352079,0.0,2.3588569047698122,0.0,6.047342610904418,2,0.4,2,0.4,0.0,1.0,0,0.0
A_COMPLEMENT_NB,1,running,textual,complement_log_weight,2.358594518016242,3.231251864574054,0.0,2.358594518016242,0.0,6.0408706711537805,2,0.4,2,0.4,0.0,1.0,0,0.0
A_COMPLEMENT_NB,1,affect,textual,complement_log_weight,2.3571718548744016,3.2287652177112234,0.0,2.3571718548744016,0.0,6.010733868470395,2,0.4,2,0.4,0.0,1.0,0,0.0
A_COMPLEMENT_NB,1,worse,textual,complement_log_weight,2.342851763142637,3.2088452613540377,0.0,2.342851763142637,0.0,5.9561086097194655,2,0.4,2,0.4,0.0,1.0,0,0.0
A_COMPLEMENT_NB,1,types,textual,complement_log_weight,2.338436277693895,3.202769913948282,0.0,2.338436277693895,0.0,5.943066981304187,2,0.4,2,0.4,0.0,1.0,0,0.0
A_COMPLEMENT_NB,1,helpful,textual,complement_log_weight,2.329329736792656,3.1901145955877332,0.0,2.329329736792656,0.0,5.906980966430787,2,0.4,2,0.4,0.0,1.0,0,0.0
A_COMPLEMENT_NB,1,improve,textual,complement_log_weight,2.3274244134626385,3.187689697908943,0.0,2.3274244134626385,0.0,5.915203254644439,2,0.4,2,0.4,0.0,1.0,0,0.0
A_COMPLEMENT_NB,1,shown,textual,complement_log_weight,2.325225132394697,3.1843845202257772,0.0,2.325225132394697,0.0,5.887828191330568,2,0.4,2,0.4,0.0,1.0,0,0.0
A_COMPLEMENT_NB,1,play,textual,complement_log_weight,2.312322761802136,3.166278648255373,0.0,2.312322761802136,0.0,5.782775784842813,2,0.4,2,0.4,0.0,1.0,0,0.0
A_COMPLEMENT_NB,1,include,textual,complement_log_weight,2.310062751832418,3.163183703908032,0.0,2.310062751832418,0.0,5.775471641875495,2,0.4,2,0.4,0.0,1.0,0,0.0
A_COMPLEMENT_NB,1,executive dysfunction,textual,complement_log_weight,2.306603082928027,3.1584464331407895,0.0,2.306603082928027,0.0,5.767536731375591,2,0.4,2,0.4,0.0,1.0,0,0.0
A_COMPLEMENT_NB,1,lot people,textual,complement_log_weight,2.3043714531878705,3.1553913721969975,0.0,2.3043714531878705,0.0,5.764121589057599,2,0.4,2,0.4,0.0,1.0,0,0.0
A_COMPLEMENT_NB,1,needs,textual,complement_log_weight,2.302601368993254,3.1529697586666643,0.0,2.302601368993254,0.0,5.762635819813302,2,0.4,2,0.4,0.0,1.0,0,0.0
A_COMPLEMENT_NB,1,stuff,textual,complement_log_weight,2.3014299167364505,3.1513707571106186,0.0,2.3014299167364505,0.0,5.763652805440731,2,0.4,2,0.4,0.0,1.0,0,0.0
A_COMPLEMENT_NB,1,potential,textual,complement_log_weight,2.3003518234595726,3.1499961843343525,0.0,2.3003518234595726,0.0,5.788061594503498,2,0.4,2,0.4,0.0,1.0,0,0.0
A_COMPLEMENT_NB,1,cause,textual,complement_log_weight,2.3000809092297994,3.14951917848125,0.0,2.3000809092297994,0.0,5.757014209637918,2,0.4,2,0.4,0.0,1.0,0,0.0
A_COMPLEMENT_NB,1,reduce,textual,complement_log_weight,2.2948297281838483,3.142441844487119,0.0,2.2948297281838483,0.0,5.775394509406022,2,0.4,2,0.4,0.0,1.0,0,0.0
A_COMPLEMENT_NB,1,wrong,textual,complement_log_weight,2.290016497415022,3.135735804424288,0.0,2.290016497415022,0.0,5.729482659218968,2,0.4,2,0.4,0.0,1.0,0,0.0
A_COMPLEMENT_NB,1,test,textual,complement_log_weight,2.278340468281138,3.1197476770710284,0.0,2.278340468281138,0.0,5.700187286703842,2,0.4,2,0.4,0.0,1.0,0,0.0
A_COMPLEMENT_NB,1,fast,textual,complement_log_weight,2.2752398302645465,3.115615552005034,0.0,2.2752398302645465,0.0,5.725973923284299,2,0.4,2,0.4,0.0,1.0,0,0.0
A_COMPLEMENT_NB,1,research,textual,complement_log_weight,1.2627039137208016,2.823491786534742,0.0,1.2627039137208016,0.0,6.313519568604008,1,0.2,1,0.2,0.0,1.0,0,0.0
A_COMPLEMENT_NB,1,feels,textual,complement_log_weight,1.2472801362117205,2.789003171554604,0.0,1.2472801362117205,0.0,6.236400681058602,1,0.2,1,0.2,0.0,1.0,0,0.0
A_COMPLEMENT_NB,1,time blindness,textual,complement_log_weight,1.2346215631743795,2.7606977417449636,0.0,1.2346215631743795,0.0,6.173107815871898,1,0.2,1,0.2,0.0,1.0,0,0.0
A_COMPLEMENT_NB,1,hyper,textual,complement_log_weight,1.2243834292588618,2.73780457834712,0.0,1.2243834292588618,0.0,6.121917146294309,1,0.2,1,0.2,0.0,1.0,0,0.0
A_COMPLEMENT_NB,1,absolutely,textual,complement_log_weight,1.2150888027890512,2.7170211617351545,0.0,1.2150888027890512,0.0,6.075444013945256,1,0.2,1,0.2,0.0,1.0,0,0.0
A_COMPLEMENT_NB,1,won,textual,complement_log_weight,1.1863197264640668,2.6526915514226097,0.0,1.1863197264640668,0.0,5.931598632320334,1,0.2,1,0.2,0.0,1.0,0,0.0
A_COMPLEMENT_NB,1,adderall,textual,complement_log_weight,1.1635182313411958,2.60170585833924,0.0,1.1635182313411958,0.0,5.817591156705979,1,0.2,1,0.2,0.0,1.0,0,0.0
A_COMPLEMENT_NB,1,losing,textual,complement_log_weight,1.1568409777727227,2.586775065457131,0.0,1.1568409777727227,0.0,5.784204888863614,1,0.2,1,0.2,0.0,1.0,0,0.0
A_COMPLEMENT_NB,1,aren,textual,complement_log_weight,1.1562851893556558,2.585532284775463,0.0,1.1562851893556558,0.0,5.781425946778279,1,0.2,1,0.2,0.0,1.0,0,0.0
A_COMPLEMENT_NB,1,focusing,textual,complement_log_weight,1.1560265987283311,2.58495405855442,0.0,1.1560265987283311,0.0,5.780132993641656,1,0.2,1,0.2,0.0,1.0,0,0.0
A_COMPLEMENT_NB,1,place,textual,complement_log_weight,1.1541940100415304,2.580856265675937,0.0,1.1541940100415304,0.0,5.770970050207652,1,0.2,1,0.2,0.0,1.0,0,0.0
A_COMPLEMENT_NB,1,happen,textual,complement_log_weight,1.152955540737368,2.578086964123783,0.0,1.152955540737368,0.0,5.76477770368684,1,0.2,1,0.2,0.0,1.0,0,0.0
A_COMPLEMENT_NB,1,effective,textual,complement_log_weight,1.1528250693202353,2.577795221165953,0.0,1.1528250693202353,0.0,5.764125346601177,1,0.2,1,0.2,0.0,1.0,0,0.0
A_COMPLEMENT_NB,1,question,textual,complement_log_weight,1.1519188321441027,2.5757688132363836,0.0,1.1519188321441027,0.0,5.759594160720514,1,0.2,1,0.2,0.0,1.0,0,0.0
A_COMPLEMENT_NB,1,hours,textual,complement_log_weight,1.150032965399476,2.571551886998892,0.0,1.150032965399476,0.0,5.750164826997381,1,0.2,1,0.2,0.0,1.0,0,0.0
A_COMPLEMENT_NB,1,adhd brains,textual,complement_log_weight,1.1490431493264408,2.5693385909743633,0.0,1.1490431493264408,0.0,5.745215746632204,1,0.2,1,0.2,0.0,1.0,0,0.0
A_COMPLEMENT_NB,1,interesting,textual,complement_log_weight,1.148833322266197,2.5688694034041393,0.0,1.148833322266197,0.0,5.744166611330985,1,0.2,1,0.2,0.0,1.0,0,0.0
A_COMPLEMENT_NB,1,stay,textual,complement_log_weight,1.1486622578543169,2.568486891750644,0.0,1.1486622578543169,0.0,5.743311289271585,1,0.2,1,0.2,0.0,1.0,0,0.0
A_COMPLEMENT_NB,1,typically,textual,complement_log_weight,1.148392786944419,2.567884336478154,0.0,1.148392786944419,0.0,5.741963934722095,1,0.2,1,0.2,0.0,1.0,0,0.0
A_COMPLEMENT_NB,1,keeping,textual,complement_log_weight,1.1482548745264802,2.567575954936701,0.0,1.1482548745264802,0.0,5.741274372632401,1,0.2,1,0.2,0.0,1.0,0,0.0
A_COMPLEMENT_NB,1,seconds,textual,complement_log_weight,1.1470962302402339,2.564985147550913,0.0,1.1470962302402339,0.0,5.735481151201169,1,0.2,1,0.2,0.0,1.0,0,0.0
A_COMPLEMENT_NB,1,seven,textual,complement_log_weight,1.1457763762978113,2.5620338644152847,0.0,1.1457763762978113,0.0,5.728881881489056,1,0.2,1,0.2,0.0,1.0,0,0.0
A_COMPLEMENT_NB,2,follow,textual,complement_log_weight,6.114132809235778,0.4706582242102665,5.827582740270475,6.114132809235778,5.813592578049354,6.9007510913963195,5,1.0,5,1.0,0.0,1.0,5,1.0
A_COMPLEMENT_NB,2,eating,textual,complement_log_weight,6.082994993739822,0.38541702832649005,5.813945375364317,6.082994993739822,5.80230068837444,6.616884773910713,5,1.0,5,1.0,0.0,1.0,5,1.0
A_COMPLEMENT_NB,2,इपर,textual,complement_log_weight,5.338799845940385,3.2092816598264857,5.82735520606692,5.338799845940385,0.0,8.680953369582843,4,0.8,4,0.8,0.0,1.0,4,0.8
A_COMPLEMENT_NB,2,एक,textual,complement_log_weight,5.338799845940385,3.2092816598264857,5.82735520606692,5.338799845940385,0.0,8.680953369582843,4,0.8,4,0.8,0.0,1.0,4,0.8
A_COMPLEMENT_NB,2,differently,textual,complement_log_weight,5.024036037883688,2.849445051190779,5.8243235042173565,5.024036037883688,0.0,6.952939109276156,4,0.8,4,0.8,0.0,1.0,4,0.8
A_COMPLEMENT_NB,2,means,textual,complement_log_weight,6.037462542868697,0.36727477838941325,5.805268084661941,6.037462542868697,5.7823843337576895,6.614824226999036,5,1.0,5,1.0,0.0,1.0,3,0.6
A_COMPLEMENT_NB,2,light,textual,complement_log_weight,3.690768558991332,3.393072504481884,5.816404976470954,3.690768558991332,0.0,6.807412424913032,3,0.6,3,0.6,0.0,1.0,3,0.6
A_COMPLEMENT_NB,2,little bit,textual,complement_log_weight,3.6709224600698938,3.3723488954243024,5.804679826410368,3.6709224600698938,0.0,6.73572452053858,3,0.6,3,0.6,0.0,1.0,3,0.6
A_COMPLEMENT_NB,2,iron,textual,complement_log_weight,3.5036415447660483,3.198372581813718,5.838397213542016,3.5036415447660483,0.0,5.840264580391225,3,0.6,3,0.6,0.0,1.0,3,0.6
A_COMPLEMENT_NB,2,make sure,textual,complement_log_weight,6.037253074784109,0.38517157030928845,5.811424161671214,6.037253074784109,5.776574418229896,6.665129641905324,5,1.0,5,1.0,0.0,1.0,2,0.4
A_COMPLEMENT_NB,2,fact,textual,complement_log_weight,6.005236727316482,0.3239529531623707,5.806893918339093,6.005236727316482,5.786273712461163,6.531744187530092,5,1.0,5,1.0,0.0,1.0,2,0.4
A_COMPLEMENT_NB,2,feeling,textual,complement_log_weight,5.962878209266726,0.24030234168494394,5.80136630901495,5.962878209266726,5.7790004283932594,6.251958994405973,5,1.0,5,1.0,0.0,1.0,2,0.4
A_COMPLEMENT_NB,2,wait,textual,complement_log_weight,5.958506675795986,0.22431910817317205,5.820620096068513,5.958506675795986,5.775786301976669,6.272132113386348,5,1.0,5,1.0,0.0,1.0,2,0.4
A_COMPLEMENT_NB,2,explained,textual,complement_log_weight,4.839204035326934,2.741754876420931,5.788188014505978,4.839204035326934,0.0,6.821668003562506,4,0.8,4,0.8,0.0,1.0,2,0.4
A_COMPLEMENT_NB,2,adhd women,textual,complement_log_weight,4.822814183218062,2.7064881501545983,5.803688908072057,4.822814183218062,0.0,6.296137662356833,4,0.8,4,0.8,0.0,1.0,2,0.4
A_COMPLEMENT_NB,2,lead,textual,complement_log_weight,4.816832108645311,2.7016424190949953,5.811854412631826,4.816832108645311,0.0,6.248842043547991,4,0.8,4,0.8,0.0,1.0,2,0.4
A_COMPLEMENT_NB,2,behaviors,textual,complement_log_weight,4.8116835671284885,2.717615921855777,5.785098407075014,4.8116835671284885,0.0,6.686026554631775,4,0.8,4,0.8,0.0,1.0,2,0.4
A_COMPLEMENT_NB,2,unable,textual,complement_log_weight,4.751855106092465,2.6663052704215193,5.800442188639319,4.751855106092465,0.0,6.337128415169107,4,0.8,4,0.8,0.0,1.0,2,0.4
A_COMPLEMENT_NB,2,dysfunction,textual,complement_log_weight,4.716043223834718,2.6427742630609603,5.7825790727914805,4.716043223834718,0.0,6.213539041713012,4,0.8,4,0.8,0.0,1.0,2,0.4
A_COMPLEMENT_NB,2,intense,textual,complement_log_weight,3.696648230849206,3.3840347960633284,5.787456504742071,3.696648230849206,0.0,6.500666650966818,3,0.6,3,0.6,0.0,1.0,2,0.4
A_COMPLEMENT_NB,2,blindness,textual,complement_log_weight,2.51220891279877,3.4560107635661272,0.0,2.51220891279877,0.0,6.750676208891014,2,0.4,2,0.4,0.0,1.0,2,0.4
A_COMPLEMENT_NB,2,eat,textual,complement_log_weight,2.4467222417527834,3.357226579146491,0.0,2.4467222417527834,0.0,6.421361225535425,2,0.4,2,0.4,0.0,1.0,2,0.4
A_COMPLEMENT_NB,2,cause,textual,complement_log_weight,2.3294596685267215,3.1897440208151515,0.0,2.3294596685267215,0.0,5.82383438654877,2,0.4,2,0.4,0.0,1.0,2,0.4
A_COMPLEMENT_NB,2,behavioral,textual,complement_log_weight,2.3226252121020527,3.1803855897064572,0.0,2.3226252121020527,0.0,5.80724408060582,2,0.4,2,0.4,0.0,1.0,2,0.4
A_COMPLEMENT_NB,2,hear,textual,complement_log_weight,5.999659972873676,0.37470455475076087,5.7751375043539905,5.999659972873676,5.759798789236683,6.631811745773262,5,1.0,5,1.0,0.0,1.0,1,0.2
A_COMPLEMENT_NB,2,food,textual,complement_log_weight,5.9907010056409895,0.35378196220800634,5.762447130741756,5.9907010056409895,5.742850083045697,6.539926928789917,5,1.0,5,1.0,0.0,1.0,1,0.2
A_COMPLEMENT_NB,2,care,textual,complement_log_weight,5.976039432636659,0.2725695405768383,5.830494242159502,5.976039432636659,5.7858086318215465,6.420015110007124,5,1.0,5,1.0,0.0,1.0,1,0.2
A_COMPLEMENT_NB,2,making,textual,complement_log_weight,5.965621523685828,0.24556258823911853,5.826970862249409,5.965621523685828,5.777105475623583,6.335666304485752,5,1.0,5,1.0,0.0,1.0,1,0.2
A_COMPLEMENT_NB,2,oh,textual,complement_log_weight,5.936202306987624,0.19923073657813997,5.818032448490586,5.936202306987624,5.776006020597486,6.226352499693227,5,1.0,5,1.0,0.0,1.0,1,0.2
A_COMPLEMENT_NB,2,tell,textual,complement_log_weight,5.933235949864146,0.23336566418882074,5.772270748519855,5.933235949864146,5.751177180311888,6.194787229586464,5,1.0,5,1.0,0.0,1.0,1,0.2
A_COMPLEMENT_NB,2,therapy,textual,complement_log_weight,5.922856395352239,0.1946237375694957,5.795235776389069,5.922856395352239,5.774127887139284,6.172996267753251,5,1.0,5,1.0,0.0,1.0,1,0.2
A_COMPLEMENT_NB,2,moving,textual,complement_log_weight,5.91907868830055,0.21913060743869103,5.800018035903666,5.91907868830055,5.7695006330539265,6.28642841286122,5,1.0,5,1.0,0.0,1.0,1,0.2
A_COMPLEMENT_NB,2,instead,textual,complement_log_weight,5.8902941080635385,0.20745997599315324,5.775295570747061,5.8902941080635385,5.738375785506414,6.2298667388421105,5,1.0,5,1.0,0.0,1.0,1,0.2
A_COMPLEMENT_NB,2,patients,textual,complement_log_weight,5.8873558109021555,0.16911225570481161,5.808019681912957,5.8873558109021555,5.743527430212315,6.105993492059063,5,1.0,5,1.0,0.0,1.0,1,0.2
A_COMPLEMENT_NB,2,sensitivity,textual,complement_log_weight,5.875945584597575,0.18621606604771282,5.761068125255644,5.875945584597575,5.736472788033826,6.1636804357415444,5,1.0,5,1.0,0.0,1.0,1,0.2
A_COMPLEMENT_NB,2,example,textual,complement_log_weight,5.871914083750903,0.128223513526149,5.80048515666714,5.871914083750903,5.7581187761496,6.019719448509142,5,1.0,5,1.0,0.0,1.0,1,0.2
A_COMPLEMENT_NB,2,strategies,textual,complement_log_weight,5.85550325170898,0.09524815882096775,5.804501733097685,5.85550325170898,5.773488600222954,5.986876044740441,5,1.0,5,1.0,0.0,1.0,1,0.2
A_COMPLEMENT_NB,2,adhd medication,textual,complement_log_weight,5.6512607924813185,0.10393865690550236,5.662549915559849,5.6512607924813185,5.515062906655454,5.801701730962381,5,1.0,5,1.0,0.0,1.0,1,0.2
A_COMPLEMENT_NB,2,lack,textual,complement_log_weight,4.85922964027907,2.730968300602809,5.79621203756368,4.85922964027907,0.0,6.392531790893281,4,0.8,4,0.8,0.0,1.0,1,0.2
A_COMPLEMENT_NB,2,kid,textual,complement_log_weight,4.845842127220231,2.723031580370658,5.786738799521777,4.845842127220231,0.0,6.396197967830328,4,0.8,4,0.8,0.0,1.0,1,0.2
A_COMPLEMENT_NB,2,mind,textual,complement_log_weight,4.845713479842347,2.7263481704236434,5.782468644445735,4.845713479842347,0.0,6.530064480332098,4,0.8,4,0.8,0.0,1.0,1,0.2
A_COMPLEMENT_NB,2,affects,textual,complement_log_weight,4.836846314758037,2.717460714223415,5.811547377259062,4.836846314758037,0.0,6.453496481296405,4,0.8,4,0.8,0.0,1.0,1,0.2
A_COMPLEMENT_NB,2,present,textual,complement_log_weight,4.811540025412654,2.7182238098971263,5.784518953451917,4.811540025412654,0.0,6.694238940912916,4,0.8,4,0.8,0.0,1.0,1,0.2
A_COMPLEMENT_NB,2,manage,textual,complement_log_weight,4.731455632053553,2.6482691686850233,5.800664625048499,4.731455632053553,0.0,6.085764270820219,4,0.8,4,0.8,0.0,1.0,1,0.2
A_COMPLEMENT_NB,2,times,textual,complement_log_weight,4.70437335711984,2.633535439012958,5.78950075155387,4.70437335711984,0.0,6.120718772211587,4,0.8,4,0.8,0.0,1.0,1,0.2
A_COMPLEMENT_NB,2,short,textual,complement_log_weight,3.594390704491908,3.289329055905247,5.799403029410624,3.594390704491908,0.0,6.36769751317136,3,0.6,3,0.6,0.0,1.0,1,0.2
A_COMPLEMENT_NB,2,diagnostic,textual,complement_log_weight,3.544018904575099,3.23770645893228,5.802852833784788,3.544018904575099,0.0,6.113373369744028,3,0.6,3,0.6,0.0,1.0,1,0.2
A_COMPLEMENT_NB,2,somebody,textual,complement_log_weight,3.4815067269241284,3.1781721334179847,5.795908475038271,3.4815067269241284,0.0,5.812270609083145,3,0.6,3,0.6,0.0,1.0,1,0.2
A_COMPLEMENT_NB,2,inattention,textual,complement_log_weight,2.4455263085168335,3.35600603720922,0.0,2.4455263085168335,0.0,6.4273553579308,2,0.4,2,0.4,0.0,1.0,1,0.2
A_COMPLEMENT_NB,2,affect,textual,complement_log_weight,2.411935086077234,3.307028796009709,0.0,2.411935086077234,0.0,6.269656797702951,2,0.4,2,0.4,0.0,1.0,1,0.2
A_COMPLEMENT_NB,2,running,textual,complement_log_weight,2.399047787965051,3.2881104671842896,0.0,2.399047787965051,0.0,6.19880919452289,2,0.4,2,0.4,0.0,1.0,1,0.2
A_COMPLEMENT_NB,2,rejection sensitivity,textual,complement_log_weight,2.388417589946571,3.273310899985799,0.0,2.388417589946571,0.0,6.1636804357415444,2,0.4,2,0.4,0.0,1.0,1,0.2
A_COMPLEMENT_NB,2,improve,textual,complement_log_weight,2.3838683779664755,3.265887199583918,0.0,2.3838683779664755,0.0,6.106066770694255,2,0.4,2,0.4,0.0,1.0,1,0.2
A_COMPLEMENT_NB,2,needs,textual,complement_log_weight,2.32204143667076,3.1795922463395185,0.0,2.32204143667076,0.0,5.8138831078788575,2,0.4,2,0.4,0.0,1.0,1,0.2
A_COMPLEMENT_NB,2,stuff,textual,complement_log_weight,2.32116637936666,3.1783919192335626,0.0,2.32116637936666,0.0,5.8100069191137775,2,0.4,2,0.4,0.0,1.0,1,0.2
A_COMPLEMENT_NB,2,executive dysfunction,textual,complement_log_weight,2.3199911580693984,3.1767788126288465,0.0,2.3199911580693984,0.0,5.801025766531929,2,0.4,2,0.4,0.0,1.0,1,0.2
A_COMPLEMENT_NB,2,time blindness,textual,complement_log_weight,1.3501352417782029,3.0189941794341757,0.0,1.3501352417782029,0.0,6.750676208891014,1,0.2,1,0.2,0.0,1.0,1,0.2
A_COMPLEMENT_NB,2,feels,textual,complement_log_weight,1.298268823430327,2.9030173422588827,0.0,1.298268823430327,0.0,6.491344117151635,1,0.2,1,0.2,0.0,1.0,1,0.2
A_COMPLEMENT_NB,2,stay,textual,complement_log_weight,1.162783501601834,2.6000629526969368,0.0,1.162783501601834,0.0,5.81391750800917,1,0.2,1,0.2,0.0,1.0,1,0.2
A_COMPLEMENT_NB,2,keeping,textual,complement_log_weight,1.162379872498572,2.5991604105843455,0.0,1.162379872498572,0.0,5.811899362492861,1,0.2,1,0.2,0.0,1.0,1,0.2
A_COMPLEMENT_NB,2,place,textual,complement_log_weight,1.1616425599630111,2.5975117296341685,0.0,1.1616425599630111,0.0,5.808212799815056,1,0.2,1,0.2,0.0,1.0,1,0.2
A_COMPLEMENT_NB,2,seen,textual,complement_log_weight,5.957811256532531,0.2931365580600434,5.772517079020894,5.957811256532531,5.748845149539732,6.418154346040298,5,1.0,5,1.0,0.0,1.0,0,0.0
A_COMPLEMENT_NB,2,little,textual,complement_log_weight,5.940590926614282,0.23913102232846098,5.795186890921281,5.940590926614282,5.768837761879667,6.313437445341567,5,1.0,5,1.0,0.0,1.0,0,0.0
A_COMPLEMENT_NB,2,easily,textual,complement_log_weight,5.934796397467531,0.23336018775504572,5.796805477475225,5.934796397467531,5.767023983852774,6.301654719629415,5,1.0,5,1.0,0.0,1.0,0,0.0
A_COMPLEMENT_NB,2,adhd brain,textual,complement_log_weight,5.918672135061227,0.24114788350048078,5.778046240966837,5.918672135061227,5.757407277089557,6.31569615748616,5,1.0,5,1.0,0.0,1.0,0,0.0
A_COMPLEMENT_NB,2,usually,textual,complement_log_weight,5.905745846608876,0.23819182797942623,5.777900667187386,5.905745846608876,5.753995293118871,6.3162678047157055,5,1.0,5,1.0,0.0,1.0,0,0.0
A_COMPLEMENT_NB,2,deficit,textual,complement_log_weight,5.905724055860866,0.2016361022600298,5.779033244121378,5.905724055860866,5.748061615408942,6.135178954928588,5,1.0,5,1.0,0.0,1.0,0,0.0
A_COMPLEMENT_NB,2,mental,textual,complement_log_weight,5.9041662587099335,0.19204121898878262,5.790732895788678,5.9041662587099335,5.774603170265362,6.2177677163128955,5,1.0,5,1.0,0.0,1.0,0,0.0
A_COMPLEMENT_NB,2,happens,textual,complement_log_weight,5.900161888788371,0.22077440283355365,5.775479116135977,5.900161888788371,5.756255607973951,6.270739250249108,5,1.0,5,1.0,0.0,1.0,0,0.0
A_COMPLEMENT_NB,2,regulation,textual,complement_log_weight,5.897816657133061,0.24206454653089438,5.74357493543432,5.897816657133061,5.727434089226443,6.272367169484603,5,1.0,5,1.0,0.0,1.0,0,0.0
A_COMPLEMENT_NB,2,dr,textual,complement_log_weight,5.89731484098631,0.16780462823393638,5.787852361205685,5.89731484098631,5.782758633849143,6.163121160224314,5,1.0,5,1.0,0.0,1.0,0,0.0
A_COMPLEMENT_NB,2,issues,textual,complement_log_weight,5.897186011795791,0.17587175528492435,5.783605650519238,5.897186011795791,5.7574632707600335,6.135864706111104,5,1.0,5,1.0,0.0,1.0,0,0.0
A_COMPLEMENT_NB,2,taking,textual,complement_log_weight,5.89325723839633,0.22358962176425246,5.758015437151898,5.89325723839633,5.731765255234568,6.247864578053072,5,1.0,5,1.0,0.0,1.0,0,0.0
A_COMPLEMENT_NB,2,try,textual,complement_log_weight,5.891331119646122,0.18621803898703645,5.773582486289532,5.891331119646122,5.744325912155276,6.098081282581548,5,1.0,5,1.0,0.0,1.0,0,0.0
A_COMPLEMENT_NB,2,struggling,textual,complement_log_weight,5.88882610950801,0.17878012672295993,5.767136158612618,5.88882610950801,5.749567257471379,6.127343331785708,5,1.0,5,1.0,0.0,1.0,0,0.0
A_COMPLEMENT_NB,2,video,textual,complement_log_weight,5.888606124888396,0.1758172530019567,5.772467155316414,5.888606124888396,5.749832817360579,6.115364797290487,5,1.0,5,1.0,0.0,1.0,0,0.0
A_COMPLEMENT_NB,2,okay,textual,complement_log_weight,5.888329405077789,0.16953826230526536,5.778125458520333,5.888329405077789,5.757753694678624,6.099137563460076,5,1.0,5,1.0,0.0,1.0,0,0.0
A_COMPLEMENT_NB,2,bit,textual,complement_log_weight,5.887582132252009,0.16445733495435816,5.786892197896186,5.887582132252009,5.7557408139555655,6.085925490628968,5,1.0,5,1.0,0.0,1.0,0,0.0
A_COMPLEMENT_NB,2,things like,textual,complement_log_weight,5.885343335632646,0.1619951021860446,5.7925931159239745,5.885343335632646,5.76422043924941,6.1384661318510725,5,1.0,5,1.0,0.0,1.0,0,0.0
A_COMPLEMENT_NB,2,distracted,textual,complement_log_weight,5.876857467102978,0.1865717559668217,5.753970988085412,5.876857467102978,5.733338650250586,6.135061884979137,5,1.0,5,1.0,0.0,1.0,0,0.0
A_COMPLEMENT_NB,2,comes,textual,complement_log_weight,5.875560381174819,0.2534089917216792,5.74353886752474,5.875560381174819,5.722162776165763,6.317306131666677,5,1.0,5,1.0,0.0,1.0,0,0.0
A_COMPLEMENT_NB,2,come,textual,complement_log_weight,5.8732897863412035,0.20679963741309126,5.763115950659337,5.8732897863412035,5.728828947761289,6.213790891920865,5,1.0,5,1.0,0.0,1.0,0,0.0
A_COMPLEMENT_NB,2,adhd adhd,textual,complement_log_weight,5.868656082759661,0.13921328957265658,5.787689980758516,5.868656082759661,5.750131295701589,6.078714057395188,5,1.0,5,1.0,0.0,1.0,0,0.0
A_COMPLEMENT_NB,2,control,textual,complement_log_weight,5.867749312265564,0.18791270219042464,5.744047690641025,5.867749312265564,5.725049401680646,6.137993182315885,5,1.0,5,1.0,0.0,1.0,0,0.0
A_COMPLEMENT_NB,2,probably,textual,complement_log_weight,5.86202437536277,0.15138784191383042,5.775327300429774,5.86202437536277,5.74108238042177,6.093311862348979,5,1.0,5,1.0,0.0,1.0,0,0.0
A_COMPLEMENT_NB,2,behavior,textual,complement_log_weight,5.856402631674523,0.20555209486604567,5.766408124174747,5.856402631674523,5.727624641650868,6.217886908747495,5,1.0,5,1.0,0.0,1.0,0,0.0
A_COMPLEMENT_NB,2,impulsive,textual,complement_log_weight,5.852308862240812,0.19724880044590845,5.746265326534467,5.852308862240812,5.723184664508202,6.18771887571916,5,1.0,5,1.0,0.0,1.0,0,0.0
A_COMPLEMENT_NB,2,support,textual,complement_log_weight,5.850049283996322,0.13555712889008503,5.792035770328586,5.850049283996322,5.745766546212125,6.07944971093463,5,1.0,5,1.0,0.0,1.0,0,0.0
A_COMPLEMENT_NB,2,saying,textual,complement_log_weight,5.843836667223263,0.1361832664585826,5.775505231441884,5.843836667223263,5.740194278726997,6.057069053233321,5,1.0,5,1.0,0.0,1.0,0,0.0
A_COMPLEMENT_NB,2,criteria,textual,complement_log_weight,5.843618162883051,0.2583612475907389,5.709037165406334,5.843618162883051,5.69784938112138,6.298657918592513,5,1.0,5,1.0,0.0,1.0,0,0.0
A_COMPLEMENT_NB,2,emotions,textual,complement_log_weight,5.841662366592474,0.1600089906733244,5.771251550541503,5.841662366592474,5.715443030496866,6.1020286856118044,5,1.0,5,1.0,0.0,1.0,0,0.0
A_COMPLEMENT_NB,2,mean,textual,complement_log_weight,5.841365209556341,0.17791809737466227,5.752490457186405,5.841365209556341,5.724873211676702,6.150290922079765,5,1.0,5,1.0,0.0,1.0,0,0.0
A_COMPLEMENT_NB,2,social,textual,complement_log_weight,5.838573725067347,0.12775819479059364,5.756601291050691,5.838573725067347,5.744787353186176,6.036112071495316,5,1.0,5,1.0,0.0,1.0,0,0.0
A_COMPLEMENT_NB,2,understand,textual,complement_log_weight,5.837376803399029,0.11884686178395226,5.759528503219467,5.837376803399029,5.739522760427593,5.994534416960935,5,1.0,5,1.0,0.0,1.0,0,0.0
A_COMPLEMENT_NB,2,let,textual,complement_log_weight,5.8366524630945325,0.14225394461631916,5.760864372574979,5.8366524630945325,5.727683564413192,6.049279331166125,5,1.0,5,1.0,0.0,1.0,0,0.0
A_COMPLEMENT_NB,2,home,textual,complement_log_weight,5.833493935713504,0.10705299554516154,5.778611135497511,5.833493935713504,5.748963380232049,5.993803188040064,5,1.0,5,1.0,0.0,1.0,0,0.0
A_COMPLEMENT_NB,2,women,textual,complement_log_weight,5.831274940177699,0.13205180625801727,5.750079535176181,5.831274940177699,5.718597754910532,5.992438154401087,5,1.0,5,1.0,0.0,1.0,0,0.0
A_COMPLEMENT_NB,2,information,textual,complement_log_weight,5.828331995275762,0.0945407911457879,5.79043203215578,5.828331995275762,5.730769696974858,5.951973879941943,5,1.0,5,1.0,0.0,1.0,0,0.0
A_COMPLEMENT_NB,2,self,textual,complement_log_weight,5.82735402351424,0.14890328846325018,5.733985198228167,5.82735402351424,5.70926123416939,6.0347453087996294,5,1.0,5,1.0,0.0,1.0,0,0.0
A_COMPLEMENT_NB,2,end,textual,complement_log_weight,5.826762780994752,0.09550230992197635,5.7685876222607915,5.826762780994752,5.75457120489764,5.963988777499908,5,1.0,5,1.0,0.0,1.0,0,0.0
A_COMPLEMENT_NB,2,non,textual,complement_log_weight,5.822029035989203,0.07700907415316186,5.780757907727027,5.822029035989203,5.758180231655799,5.907612335442661,5,1.0,5,1.0,0.0,1.0,0,0.0
A_COMPLEMENT_NB,2,sit,textual,complement_log_weight,5.821898266727457,0.10473683450847351,5.766129069619878,5.821898266727457,5.753083989501824,6.001480489523094,5,1.0,5,1.0,0.0,1.0,0,0.0
A_COMPLEMENT_NB,2,second,textual,complement_log_weight,5.819708856603765,0.1266607881966965,5.746392118568046,5.819708856603765,5.734480051759167,6.030287148896306,5,1.0,5,1.0,0.0,1.0,0,0.0
A_COMPLEMENT_NB,2,body,textual,complement_log_weight,5.8163011413843195,0.11997682900427363,5.734317376135805,5.8163011413843195,5.7214776061665935,5.955377890730091,5,1.0,5,1.0,0.0,1.0,0,0.0
A_COMPLEMENT_NB,2,harder,textual,complement_log_weight,5.815962856102869,0.15174237947099206,5.746864216403583,5.815962856102869,5.716802028715191,6.083882644496811,5,1.0,5,1.0,0.0,1.0,0,0.0
A_COMPLEMENT_NB,2,motivation,textual,complement_log_weight,5.815752987631269,0.1911541749005264,5.727893508869777,5.815752987631269,5.702779728311857,6.154083540511514,5,1.0,5,1.0,0.0,1.0,0,0.0
A_COMPLEMENT_NB,2,medications,textual,complement_log_weight,5.813024558604413,0.07368097343980802,5.7641679343061245,5.813024558604413,5.753345129302607,5.9083736417224575,5,1.0,5,1.0,0.0,1.0,0,0.0
A_COMPLEMENT_NB,2,doctor,textual,complement_log_weight,5.810299779002035,0.09879506746929732,5.748502426847409,5.810299779002035,5.73349130482908,5.9576326010585,5,1.0,5,1.0,0.0,1.0,0,0.0
A_COMPLEMENT_NB,2,sure,textual,complement_log_weight,5.807018486241949,0.1455820494102209,5.767525366096435,5.807018486241949,5.70231669655238,6.059978445102371,5,1.0,5,1.0,0.0,1.0,0,0.0
A_COMPLEMENT_NB,2,impact,textual,complement_log_weight,5.80682243071485,0.10662478156694036,5.778923850227827,5.80682243071485,5.7315155348953635,5.9896779764610155,5,1.0,5,1.0,0.0,1.0,0,0.0
A_COMPLEMENT_NB,2,talking,textual,complement_log_weight,5.805645221788829,0.09118825064086714,5.773516002493596,5.805645221788829,5.737264410274907,5.959467468596186,5,1.0,5,1.0,0.0,1.0,0,0.0
A_COMPLEMENT_NB,2,thinking,textual,complement_log_weight,5.8019940840594915,0.06569463307580696,5.768539757097473,5.8019940840594915,5.736346424817222,5.887029870295387,5,1.0,5,1.0,0.0,1.0,0,0.0
A_COMPLEMENT_NB,2,adhd diagnosis,textual,complement_log_weight,5.801003928799419,0.1011878079982095,5.739967706279607,5.801003928799419,5.7128303870759085,5.924881110271209,5,1.0,5,1.0,0.0,1.0,0,0.0
A_COMPLEMENT_NB,2,inattentive,textual,complement_log_weight,5.800703061928415,0.13737061004966963,5.7290205633632025,5.800703061928415,5.70582272072257,6.030618108437936,5,1.0,5,1.0,0.0,1.0,0,0.0
A_COMPLEMENT_NB,2,increase,textual,complement_log_weight,5.799193239389331,0.08848203296312511,5.766209231409394,5.799193239389331,5.7422475393175985,5.954186507021823,5,1.0,5,1.0,0.0,1.0,0,0.0
A_COMPLEMENT_NB,2,especially,textual,complement_log_weight,5.798699139398849,0.11564319368878283,5.732429880056362,5.798699139398849,5.7170212238165385,5.983687529064938,5,1.0,5,1.0,0.0,1.0,0,0.0
A_COMPLEMENT_NB,2,challenges,textual,complement_log_weight,5.7947049513383,0.10188181710280796,5.746991715063549,5.7947049513383,5.73228620136482,5.972320534517145,5,1.0,5,1.0,0.0,1.0,0,0.0
A_COMPLEMENT_NB,2,health,textual,complement_log_weight,5.793370268410763,0.07472483518632463,5.755505007447944,5.793370268410763,5.726520266001743,5.904089147048696,5,1.0,5,1.0,0.0,1.0,0,0.0
A_COMPLEMENT_NB,2,disorders,textual,complement_log_weight,5.791568683566213,0.11394938211434887,5.743859439796717,5.791568683566213,5.714767167936696,5.986973371992299,5,1.0,5,1.0,0.0,1.0,0,0.0
A_COMPLEMENT_NB,2,adult,textual,complement_log_weight,5.7903758315511125,0.2001588395489905,5.69374018751302,5.7903758315511125,5.675899175769673,6.145017440921626,5,1.0,5,1.0,0.0,1.0,0,0.0
A_COMPLEMENT_NB,2,forget,textual,complement_log_weight,5.780479248686737,0.18589732948581641,5.702428274054594,5.780479248686737,5.6803901739358675,6.1118421857208824,5,1.0,5,1.0,0.0,1.0,0,0.0
A_COMPLEMENT_NB,2,isn,textual,complement_log_weight,5.7755603833653435,0.07503625739542368,5.750296254243349,5.7755603833653435,5.729051032804356,5.9081236169430715,5,1.0,5,1.0,0.0,1.0,0,0.0
A_COMPLEMENT_NB,2,having,textual,complement_log_weight,5.773663099537599,0.10955983650360572,5.725343105912565,5.773663099537599,5.707054090215993,5.967910261867948,5,1.0,5,1.0,0.0,1.0,0,0.0
A_COMPLEMENT_NB,2,talk,textual,complement_log_weight,5.773644102478274,0.09966509441336291,5.729717827461965,5.773644102478274,5.716475752788871,5.951099363266732,5,1.0,5,1.0,0.0,1.0,0,0.0
A_COMPLEMENT_NB,2,children,textual,complement_log_weight,5.771987586423503,0.14805038875473966,5.709316114597362,5.771987586423503,5.692917253935864,6.035555785059252,5,1.0,5,1.0,0.0,1.0,0,0.0
A_COMPLEMENT_NB,2,remember,textual,complement_log_weight,5.771894644679767,0.034641248516391526,5.75911701280034,5.771894644679767,5.74754886818833,5.83292980820411,5,1.0,5,1.0,0.0,1.0,0,0.0
A_COMPLEMENT_NB,2,trying,textual,complement_log_weight,5.7670955550767,0.11513371887296253,5.694411792226785,5.7670955550767,5.676444746934164,5.928054182006012,5,1.0,5,1.0,0.0,1.0,0,0.0
A_COMPLEMENT_NB,2,executive,textual,complement_log_weight,5.7669648500569,0.07307250111723539,5.736180151895166,5.7669648500569,5.704893495807113,5.8893569046638286,5,1.0,5,1.0,0.0,1.0,0,0.0
A_COMPLEMENT_NB,2,everybody,textual,complement_log_weight,5.766456938539522,0.03904395463789287,5.762971028679039,5.766456938539522,5.7269494313640985,5.826307539669321,5,1.0,5,1.0,0.0,1.0,0,0.0
A_COMPLEMENT_NB,2,impulsivity,textual,complement_log_weight,5.7657524139909935,0.05473407208152573,5.732547471432485,5.7657524139909935,5.719696745769627,5.836762046029558,5,1.0,5,1.0,0.0,1.0,0,0.0
A_COMPLEMENT_NB,2,stop,textual,complement_log_weight,5.765324297152044,0.11065182232031633,5.706407645344102,5.765324297152044,5.679310477583312,5.946768320004706,5,1.0,5,1.0,0.0,1.0,0,0.0
A_COMPLEMENT_NB,2,effects,textual,complement_log_weight,5.76456259315871,0.09181684327689697,5.734824283671246,5.76456259315871,5.691766392967142,5.924611640787052,5,1.0,5,1.0,0.0,1.0,0,0.0
A_COMPLEMENT_NB,2,study,textual,complement_log_weight,5.76077775043483,0.1970692397801591,5.7040914226171004,5.76077775043483,5.597566903806082,6.10404208715909,5,1.0,5,1.0,0.0,1.0,0,0.0
A_COMPLEMENT_NB,2,good,textual,complement_log_weight,5.758695222509656,0.09742446752909358,5.723435990432981,5.758695222509656,5.691405822344063,5.931066149808754,5,1.0,5,1.0,0.0,1.0,0,0.0
A_COMPLEMENT_NB,2,trouble,textual,complement_log_weight,5.752009015159215,0.10202379100611751,5.722939335117699,5.752009015159215,5.684381462902798,5.931813872962747,5,1.0,5,1.0,0.0,1.0,0,0.0
A_COMPLEMENT_NB,2,treatment,textual,complement_log_weight,5.750753569864266,0.030401157171567793,5.739560413981647,5.750753569864266,5.723130319241761,5.798715622316509,5,1.0,5,1.0,0.0,1.0,0,0.0
A_COMPLEMENT_NB,2,yeah,textual,complement_log_weight,5.748635596673038,0.04618558989797308,5.73218337833662,5.748635596673038,5.714042750329702,5.829744121439286,5,1.0,5,1.0,0.0,1.0,0,0.0
A_COMPLEMENT_NB,2,uh,textual,complement_log_weight,5.746425792055978,0.12026988890581122,5.702702960725173,5.746425792055978,5.663490415662546,5.95686904848789,5,1.0,5,1.0,0.0,1.0,0,0.0
A_COMPLEMENT_NB,2,sense,textual,complement_log_weight,5.746403016549689,0.014597168780574295,5.741633157091527,5.746403016549689,5.728967015695365,5.767090611853227,5,1.0,5,1.0,0.0,1.0,0,0.0
A_COMPLEMENT_NB,2,tend,textual,complement_log_weight,5.743389871240933,0.11721027627730089,5.719821196410626,5.743389871240933,5.6233266805608535,5.939789028515656,5,1.0,5,1.0,0.0,1.0,0,0.0
A_COMPLEMENT_NB,2,constantly,textual,complement_log_weight,5.740816151914684,0.007788877387613919,5.742237007551831,5.740816151914684,5.728251848959394,5.748547238661683,5,1.0,5,1.0,0.0,1.0,0,0.0
A_COMPLEMENT_NB,2,answer,textual,complement_log_weight,5.737604830374793,0.03767472859542744,5.7207477323187526,5.737604830374793,5.714850892224517,5.8039805213584,5,1.0,5,1.0,0.0,1.0,0,0.0
A_COMPLEMENT_NB,2,hyperactive,textual,complement_log_weight,5.737378082454084,0.0488040757879051,5.723861461315048,5.737378082454084,5.6920809703966535,5.816654816926407,5,1.0,5,1.0,0.0,1.0,0,0.0
A_COMPLEMENT_NB,2,treat,textual,complement_log_weight,5.732986745542171,0.11892973541753317,5.708266179287061,5.732986745542171,5.6079815419325065,5.9288422710787465,5,1.0,5,1.0,0.0,1.0,0,0.0
A_COMPLEMENT_NB,2,big,textual,complement_log_weight,5.728938766125028,0.06022452066536827,5.692684691334775,5.728938766125028,5.6881331735877225,5.828511833097158,5,1.0,5,1.0,0.0,1.0,0,0.0
A_COMPLEMENT_NB,2,music,textual,complement_log_weight,5.728214633089784,0.17477802977085577,5.685791691334262,5.728214633089784,5.552029439945214,6.022238684904983,5,1.0,5,1.0,0.0,1.0,0,0.0
A_COMPLEMENT_NB,2,brains,textual,complement_log_weight,5.727689413673937,0.024520457635030937,5.72147191865058,5.727689413673937,5.707935263926466,5.768087248741405,5,1.0,5,1.0,0.0,1.0,0,0.0
A_COMPLEMENT_NB,2,sugar,textual,complement_log_weight,5.72509818706815,0.290081132147846,5.6366756748519276,5.72509818706815,5.458676127052178,6.221820303650852,5,1.0,5,1.0,0.0,1.0,0,0.0
A_COMPLEMENT_NB,2,depression,textual,complement_log_weight,5.721452723813853,0.028737306187678772,5.723815489716973,5.721452723813853,5.69546792916395,5.765750715086664,5,1.0,5,1.0,0.0,1.0,0,0.0
A_COMPLEMENT_NB,2,rejection,textual,complement_log_weight,5.71324913496314,0.12157798156556626,5.712307615963889,5.71324913496314,5.551142453851151,5.8931398651757245,5,1.0,5,1.0,0.0,1.0,0,0.0
A_COMPLEMENT_NB,2,task,textual,complement_log_weight,5.706239547327194,0.057316252584279866,5.6677397882605085,5.706239547327194,5.660517200404353,5.77072036805584,5,1.0,5,1.0,0.0,1.0,0,0.0
A_COMPLEMENT_NB,2,long,textual,complement_log_weight,5.706208476927912,0.05486349231804301,5.705276340242122,5.706208476927912,5.626072771025928,5.77548899738345,5,1.0,5,1.0,0.0,1.0,0,0.0
A_COMPLEMENT_NB,2,kind,textual,complement_log_weight,5.703019858549201,0.02917832079893694,5.693299237662506,5.703019858549201,5.668825207166912,5.738370441776805,5,1.0,5,1.0,0.0,1.0,0,0.0
A_COMPLEMENT_NB,2,doing,textual,complement_log_weight,5.698558988921933,0.023535143078591787,5.691180002650553,5.698558988921933,5.679402141273377,5.737186542614022,5,1.0,5,1.0,0.0,1.0,0,0.0
A_COMPLEMENT_NB,2,able,textual,complement_log_weight,5.697542161999325,0.05664127815096772,5.708473856729844,5.697542161999325,5.601132866937976,5.739958601795883,5,1.0,5,1.0,0.0,1.0,0,0.0
A_COMPLEMENT_NB,2,hyperactivity,textual,complement_log_weight,5.693046614661154,0.02673537709847219,5.691759450969955,5.693046614661154,5.658845816791421,5.729122127633678,5,1.0,5,1.0,0.0,1.0,0,0.0
A_COMPLEMENT_NB,2,better,textual,complement_log_weight,5.690480292018971,0.013141727451326319,5.693758928209527,5.690480292018971,5.669158143283749,5.704061491769405,5,1.0,5,1.0,0.0,1.0,0,0.0
A_COMPLEMENT_NB,2,difference,textual,complement_log_weight,5.689100805738842,0.09267986565135555,5.692711727687085,5.689100805738842,5.553024181569505,5.813918993241784,5,1.0,5,1.0,0.0,1.0,0,0.0
A_COMPLEMENT_NB,2,adhd autism,textual,complement_log_weight,5.6856140946222,0.09352492559134767,5.693064604793619,5.6856140946222,5.548930431547652,5.8044161572070205,5,1.0,5,1.0,0.0,1.0,0,0.0
A_COMPLEMENT_NB,2,feel like,textual,complement_log_weight,5.674738571544821,0.04269369652905044,5.694284658163443,5.674738571544821,5.598437785814323,5.695736890242471,5,1.0,5,1.0,0.0,1.0,0,0.0
A_COMPLEMENT_NB,2,sep adhd,textual,complement_log_weight,5.671115192388294,0.06858092904021028,5.690995550705421,5.671115192388294,5.55484446583511,5.725567971434774,5,1.0,5,1.0,0.0,1.0,0,0.0
A_COMPLEMENT_NB,2,problem,textual,complement_log_weight,5.66965126612631,0.06145839587391209,5.673662984545366,5.66965126612631,5.571458041554455,5.739950570667938,5,1.0,5,1.0,0.0,1.0,0,0.0
A_COMPLEMENT_NB,2,diet,textual,complement_log_weight,5.664211209314591,0.10561327210434589,5.660244459293355,5.664211209314591,5.530745084297193,5.825632565339297,5,1.0,5,1.0,0.0,1.0,0,0.0
A_COMPLEMENT_NB,2,helps,textual,complement_log_weight,5.6637198227658,0.0510511068924412,5.6688828274676615,5.6637198227658,5.584747898362704,5.725573330916271,5,1.0,5,1.0,0.0,1.0,0,0.0
A_COMPLEMENT_NB,2,tasks,textual,complement_log_weight,5.662178596659388,0.04552794480852536,5.680435559663633,5.662178596659388,5.580872054227354,5.686597258907532,5,1.0,5,1.0,0.0,1.0,0,0.0
A_COMPLEMENT_NB,2,hard,textual,complement_log_weight,5.662065654302279,0.04399601617098334,5.657421664770206,5.662065654302279,5.604140258154247,5.727714165669383,5,1.0,5,1.0,0.0,1.0,0,0.0
A_COMPLEMENT_NB,2,way,textual,complement_log_weight,5.6618215033099375,0.04944050973856482,5.67112395221801,5.6618215033099375,5.578042021920038,5.709543981621593,5,1.0,5,1.0,0.0,1.0,0,0.0
A_COMPLEMENT_NB,2,10,textual,complement_log_weight,5.661421964402434,0.056886255738912116,5.679492132230889,5.661421964402434,5.56685395621682,5.718847369716899,5,1.0,5,1.0,0.0,1.0,0,0.0
A_COMPLEMENT_NB,2,common,textual,complement_log_weight,5.659776398205634,0.0354150861075896,5.673604418446396,5.659776398205634,5.600442623513573,5.691954567501868,5,1.0,5,1.0,0.0,1.0,0,0.0
A_COMPLEMENT_NB,2,ways,textual,complement_log_weight,5.65586033182607,0.08052883236810904,5.701344677553435,5.65586033182607,5.51587971066782,5.702724593157578,5,1.0,5,1.0,0.0,1.0,0,0.0
A_COMPLEMENT_NB,2,um,textual,complement_log_weight,5.654006895084154,0.033841905543435497,5.64236704192736,5.654006895084154,5.619535736302111,5.699084013443248,5,1.0,5,1.0,0.0,1.0,0,0.0
A_COMPLEMENT_NB,2,different,textual,complement_log_weight,5.649005863749227,0.13483925259413,5.664401964340676,5.649005863749227,5.437127710508162,5.813580645089531,5,1.0,5,1.0,0.0,1.0,0,0.0
A_COMPLEMENT_NB,2,struggle,textual,complement_log_weight,5.646673944015728,0.03187403581093356,5.659082872349782,5.646673944015728,5.59468560099091,5.678567283851314,5,1.0,5,1.0,0.0,1.0,0,0.0
A_COMPLEMENT_NB,2,stimulant,textual,complement_log_weight,5.639552966647843,0.10149984784178355,5.70162124841097,5.639552966647843,5.489613645335285,5.716092298380142,5,1.0,5,1.0,0.0,1.0,0,0.0
A_COMPLEMENT_NB,2,did,textual,complement_log_weight,5.638061817379105,0.08828311474729213,5.689040315792063,5.638061817379105,5.51608104892108,5.72188480974487,5,1.0,5,1.0,0.0,1.0,0,0.0
A_COMPLEMENT_NB,2,doesn,textual,complement_log_weight,5.636960639573447,0.04967416887878392,5.652350889936669,5.636960639573447,5.570051357669687,5.699132942564017,5,1.0,5,1.0,0.0,1.0,0,0.0
A_COMPLEMENT_NB,2,look,textual,complement_log_weight,5.636028307626098,0.05958233259969628,5.6563848661234095,5.636028307626098,5.549817356180435,5.705693710396922,5,1.0,5,1.0,0.0,1.0,0,0.0
A_COMPLEMENT_NB,2,say,textual,complement_log_weight,5.633262187819764,0.08967685461856743,5.6861486417115,5.633262187819764,5.5196754070399106,5.711336335826768,5,1.0,5,1.0,0.0,1.0,0,0.0
A_COMPLEMENT_NB,2,want,textual,complement_log_weight,5.629688454495767,0.0335260396505557,5.6433761600908,5.629688454495767,5.5881934278278305,5.659426202906392,5,1.0,5,1.0,0.0,1.0,0,0.0
A_COMPLEMENT_NB,2,difficulty,textual,complement_log_weight,5.624253205922647,0.10665042891975761,5.653389127275678,5.624253205922647,5.442873133940706,5.702932406368103,5,1.0,5,1.0,0.0,1.0,0,0.0
A_COMPLEMENT_NB,2,got,textual,complement_log_weight,5.619887412254807,0.07825788259387546,5.647266908167483,5.619887412254807,5.506938566748723,5.696180544172353,5,1.0,5,1.0,0.0,1.0,0,0.0
A_COMPLEMENT_NB,2,stimulants,textual,complement_log_weight,5.619298371904111,0.09092705191163941,5.660000650008884,5.619298371904111,5.5110899956023145,5.712106059907656,5,1.0,5,1.0,0.0,1.0,0,0.0
A_COMPLEMENT_NB,2,getting,textual,complement_log_weight,5.614018382296076,0.039668935259973954,5.621373927498973,5.614018382296076,5.5545359220858685,5.66343373845779,5,1.0,5,1.0,0.0,1.0,0,0.0
A_COMPLEMENT_NB,2,disorder,textual,complement_log_weight,5.604609316780322,0.12200093777686133,5.631501484781204,5.604609316780322,5.40036497084411,5.730019348726061,5,1.0,5,1.0,0.0,1.0,0,0.0
A_COMPLEMENT_NB,2,emotional,textual,complement_log_weight,5.601103628122369,0.09065580448681473,5.628665784089856,5.601103628122369,5.484411909311271,5.701502536214407,5,1.0,5,1.0,0.0,1.0,0,0.0
A_COMPLEMENT_NB,2,important,textual,complement_log_weight,5.597022318923568,0.11739471684173362,5.647274990331173,5.597022318923568,5.414220333742333,5.707992825367315,5,1.0,5,1.0,0.0,1.0,0,0.0
A_COMPLEMENT_NB,2,actually,textual,complement_log_weight,5.592298378697793,0.1081910344834649,5.65000840357112,5.592298378697793,5.4384481023302955,5.6786029434796,5,1.0,5,1.0,0.0,1.0,0,0.0
A_COMPLEMENT_NB,2,adults,textual,complement_log_weight,5.590235530547685,0.11467898343783064,5.662501384266154,5.590235530547685,5.46035183558451,5.691706695570199,5,1.0,5,1.0,0.0,1.0,0,0.0
A_COMPLEMENT_NB,2,experience,textual,complement_log_weight,5.5882315270521525,0.12104723984307436,5.638301760576852,5.5882315270521525,5.405284848153546,5.698149743700852,5,1.0,5,1.0,0.0,1.0,0,0.0
A_COMPLEMENT_NB,2,symptoms adhd,textual,complement_log_weight,5.587551075899264,0.10944737586747703,5.654910566189792,5.587551075899264,5.436982756392207,5.673828058007719,5,1.0,5,1.0,0.0,1.0,0,0.0
A_COMPLEMENT_NB,2,people adhd,textual,complement_log_weight,5.584157176811261,0.12801049178142368,5.6357119948191,5.584157176811261,5.368807723387058,5.698080624957446,5,1.0,5,1.0,0.0,1.0,0,0.0
A_COMPLEMENT_NB,2,kids,textual,complement_log_weight,5.581075354796737,0.08544752606396364,5.614787002353711,5.581075354796737,5.4462665703956725,5.669726642709104,5,1.0,5,1.0,0.0,1.0,0,0.0
A_COMPLEMENT_NB,2,start,textual,complement_log_weight,5.5798093636184385,0.12110562041097787,5.650314779507439,5.5798093636184385,5.423260863145214,5.692915384644528,5,1.0,5,1.0,0.0,1.0,0,0.0
A_COMPLEMENT_NB,2,low,textual,complement_log_weight,5.576346537369281,0.14387384120600266,5.653926734855145,5.576346537369281,5.384971670755116,5.722505729108091,5,1.0,5,1.0,0.0,1.0,0,0.0
A_COMPLEMENT_NB,2,high,textual,complement_log_weight,5.576022758858433,0.12313650639895139,5.627549264038972,5.576022758858433,5.4369990328975595,5.709401987415322,5,1.0,5,1.0,0.0,1.0,0,0.0
A_COMPLEMENT_NB,2,does,textual,complement_log_weight,5.568294583392515,0.08383551778224727,5.621959161554186,5.568294583392515,5.440014217593061,5.630218185802102,5,1.0,5,1.0,0.0,1.0,0,0.0
A_COMPLEMENT_NB,2,diagnosed,textual,complement_log_weight,5.563842998225619,0.1406120947288399,5.63680646289518,5.563842998225619,5.329963010774236,5.664301990492706,5,1.0,5,1.0,0.0,1.0,0,0.0
A_COMPLEMENT_NB,2,real,textual,complement_log_weight,5.561998577150346,0.08720224493919446,5.621868713772567,5.561998577150346,5.442894522777825,5.625659006870929,5,1.0,5,1.0,0.0,1.0,0,0.0
A_COMPLEMENT_NB,2,thing,textual,complement_log_weight,5.547935071784667,0.11125446228618288,5.614901653155947,5.547935071784667,5.426136402380333,5.649850856823451,5,1.0,5,1.0,0.0,1.0,0,0.0
A_COMPLEMENT_NB,2,problems,textual,complement_log_weight,5.541898797570204,0.12431204969764735,5.612267496840631,5.541898797570204,5.381113039546645,5.642508909548137,5,1.0,5,1.0,0.0,1.0,0,0.0
A_COMPLEMENT_NB,2,focus,textual,complement_log_weight,5.5312395448015135,0.10927085888464619,5.596143165682858,5.5312395448015135,5.370093721490843,5.619834959055344,5,1.0,5,1.0,0.0,1.0,0,0.0
A_COMPLEMENT_NB,2,anxiety,textual,complement_log_weight,5.530643856250487,0.2028179239620212,5.603336041689945,5.530643856250487,5.170669714497909,5.661516695163183,5,1.0,5,1.0,0.0,1.0,0,0.0
A_COMPLEMENT_NB,2,child,textual,complement_log_weight,5.526532611493282,0.15481460632474028,5.62251069983098,5.526532611493282,5.3161423641162715,5.652545311990931,5,1.0,5,1.0,0.0,1.0,0,0.0
A_COMPLEMENT_NB,2,life,textual,complement_log_weight,5.525213198026588,0.17572579755655598,5.596983815211425,5.525213198026588,5.226715589879886,5.651862154491614,5,1.0,5,1.0,0.0,1.0,0,0.0
A_COMPLEMENT_NB,2,signs adhd,textual,complement_log_weight,5.521944762932501,0.17211385047653874,5.639238980909473,5.521944762932501,5.2678909517611245,5.6458791875065595,5,1.0,5,1.0,0.0,1.0,0,0.0
A_COMPLEMENT_NB,2,day,textual,complement_log_weight,5.519363756826314,0.18819695556953442,5.617506366957001,5.519363756826314,5.221170314846529,5.67632403401726,5,1.0,5,1.0,0.0,1.0,0,0.0
A_COMPLEMENT_NB,2,need,textual,complement_log_weight,5.5188811964210425,0.17628045636025452,5.62627477661673,5.5188811964210425,5.244328141566344,5.646990123521654,5,1.0,5,1.0,0.0,1.0,0,0.0
A_COMPLEMENT_NB,2,right,textual,complement_log_weight,5.512908241500265,0.1416527451704142,5.603823826596315,5.512908241500265,5.328821760843041,5.6243450568449145,5,1.0,5,1.0,0.0,1.0,0,0.0
A_COMPLEMENT_NB,2,use,textual,complement_log_weight,5.510965740343048,0.18839388431360854,5.612657820788409,5.510965740343048,5.242709022967982,5.668820664418367,5,1.0,5,1.0,0.0,1.0,0,0.0
A_COMPLEMENT_NB,2,ve,textual,complement_log_weight,5.5087300870221485,0.17219431841427377,5.599365757270014,5.5087300870221485,5.278368504809093,5.680244932877924,5,1.0,5,1.0,0.0,1.0,0,0.0
A_COMPLEMENT_NB,2,adhd symptoms,textual,complement_log_weight,5.495082156315611,0.17956145398103748,5.60847587506452,5.495082156315611,5.2437777683987425,5.629717988086262,5,1.0,5,1.0,0.0,1.0,0,0.0
A_COMPLEMENT_NB,2,school,textual,complement_log_weight,5.489477746044043,0.19497757119815692,5.595241159137869,5.489477746044043,5.2182958860895905,5.677770046519511,5,1.0,5,1.0,0.0,1.0,0,0.0
A_COMPLEMENT_NB,2,adhd sep,textual,complement_log_weight,5.4859623445938865,0.1448074694554556,5.580481109931124,5.4859623445938865,5.291154274695786,5.59879697804527,5,1.0,5,1.0,0.0,1.0,0,0.0
A_COMPLEMENT_NB,2,add,textual,complement_log_weight,5.479681252457889,0.2299095700924898,5.580367644196353,5.479681252457889,5.074026680444841,5.628626492713866,5,1.0,5,1.0,0.0,1.0,0,0.0
A_COMPLEMENT_NB,2,think,textual,complement_log_weight,5.456673678375383,0.17965927289767794,5.571552522953146,5.456673678375383,5.2439648315531375,5.5983601734633615,5,1.0,5,1.0,0.0,1.0,0,0.0
A_COMPLEMENT_NB,2,diagnosis,textual,complement_log_weight,5.452931821388832,0.21767196565305216,5.579615920228462,5.452931821388832,5.104231607874314,5.604849276434224,5,1.0,5,1.0,0.0,1.0,0,0.0
A_COMPLEMENT_NB,2,ll,textual,complement_log_weight,5.451660567543847,0.2364664995694939,5.588041817718814,5.451660567543847,5.103449644432575,5.631770221246947,5,1.0,5,1.0,0.0,1.0,0,0.0
A_COMPLEMENT_NB,2,work,textual,complement_log_weight,5.446533932723045,0.23091319900957105,5.590102053243299,5.446533932723045,5.145451976410743,5.634459567162184,5,1.0,5,1.0,0.0,1.0,0,0.0
A_COMPLEMENT_NB,2,sleep,textual,complement_log_weight,5.425096240975825,0.2689774764878459,5.561798147088633,5.425096240975825,5.078475213205129,5.668664585787197,5,1.0,5,1.0,0.0,1.0,0,0.0
A_COMPLEMENT_NB,2,make,textual,complement_log_weight,5.421158204934219,0.22840412525132844,5.5672221490088125,5.421158204934219,5.0952111929346025,5.603756135238558,5,1.0,5,1.0,0.0,1.0,0,0.0
A_COMPLEMENT_NB,2,medication,textual,complement_log_weight,5.405658035077378,0.2660992608310522,5.5463067154707835,5.405658035077378,5.040723522111666,5.677104520952395,5,1.0,5,1.0,0.0,1.0,0,0.0
A_COMPLEMENT_NB,2,autism,textual,complement_log_weight,5.399113402641029,0.24533897206020217,5.5373023664906915,5.399113402641029,5.128878662664099,5.605018966880228,5,1.0,5,1.0,0.0,1.0,0,0.0
A_COMPLEMENT_NB,2,help,textual,complement_log_weight,5.3971034960486195,0.2424400230969277,5.527387449624871,5.3971034960486195,5.034811536232526,5.594404461008232,5,1.0,5,1.0,0.0,1.0,0,0.0
A_COMPLEMENT_NB,2,attention,textual,complement_log_weight,5.392217311537962,0.20683940070044932,5.524781341027334,5.392217311537962,5.0751125351060855,5.548653771881665,5,1.0,5,1.0,0.0,1.0,0,0.0
A_COMPLEMENT_NB,2,dopamine,textual,complement_log_weight,5.386101464164484,0.25822487501040786,5.5212011427328145,5.386101464164484,5.010293895498979,5.613814825792562,5,1.0,5,1.0,0.0,1.0,0,0.0
A_COMPLEMENT_NB,2,person,textual,complement_log_weight,5.376251299106491,0.2984207698211486,5.557831938472136,5.376251299106491,4.939921613677846,5.608440527969362,5,1.0,5,1.0,0.0,1.0,0,0.0
A_COMPLEMENT_NB,2,lot,textual,complement_log_weight,5.37594291765453,0.28796165829717457,5.529508067278179,5.37594291765453,4.902581859710329,5.604389088765211,5,1.0,5,1.0,0.0,1.0,0,0.0
A_COMPLEMENT_NB,2,going,textual,complement_log_weight,5.342810436279642,0.32562990950968984,5.538259551617823,5.342810436279642,4.855988484626807,5.596651930229007,5,1.0,5,1.0,0.0,1.0,0,0.0
A_COMPLEMENT_NB,2,feel,textual,complement_log_weight,5.320603899363088,0.3052518253787524,5.530032454864353,5.320603899363088,4.882719916415786,5.5439915940397055,5,1.0,5,1.0,0.0,1.0,0,0.0
A_COMPLEMENT_NB,2,don,textual,complement_log_weight,5.305391163130827,0.31006994822998957,5.5097873644148665,5.305391163130827,4.853981709725388,5.5421169252014115,5,1.0,5,1.0,0.0,1.0,0,0.0
A_COMPLEMENT_NB,2,really,textual,complement_log_weight,5.302762886149625,0.30611460693966214,5.511267967617639,5.302762886149625,4.897711962887309,5.542031565346361,5,1.0,5,1.0,0.0,1.0,0,0.0
A_COMPLEMENT_NB,2,signs,textual,complement_log_weight,5.2911034063561715,0.3043838458611494,5.49104525451566,5.2911034063561715,4.88342546369829,5.5262668211129355,5,1.0,5,1.0,0.0,1.0,0,0.0
A_COMPLEMENT_NB,2,time,textual,complement_log_weight,5.277472415232013,0.31582585961084536,5.467571141637305,5.277472415232013,4.89872948997307,5.552833767566139,5,1.0,5,1.0,0.0,1.0,0,0.0
A_COMPLEMENT_NB,2,sep,textual,complement_log_weight,5.228036870075878,0.3358421978231425,5.461528112935747,5.228036870075878,4.779660698818643,5.476356150414656,5,1.0,5,1.0,0.0,1.0,0,0.0
A_COMPLEMENT_NB,2,brain,textual,complement_log_weight,5.161855730480099,0.4059959617049107,5.429546320456652,5.161855730480099,4.579212969842722,5.462301900961438,5,1.0,5,1.0,0.0,1.0,0,0.0
A_COMPLEMENT_NB,2,things,textual,complement_log_weight,5.153814485834152,0.38997926704377,5.407407979967263,5.153814485834152,4.564103621897249,5.434632217122686,5,1.0,5,1.0,0.0,1.0,0,0.0
A_COMPLEMENT_NB,2,know,textual,complement_log_weight,5.153371011322646,0.3859739327453282,5.403291577251306,5.153371011322646,4.643291495728336,5.451513470021231,5,1.0,5,1.0,0.0,1.0,0,0.0
A_COMPLEMENT_NB,2,just,textual,complement_log_weight,5.147499252371071,0.38402576994855525,5.4061033675954375,5.147499252371071,4.633280890897434,5.434270314413247,5,1.0,5,1.0,0.0,1.0,0,0.0
A_COMPLEMENT_NB,2,number,textual,complement_log_weight,5.104994550931532,0.401350403630256,5.326341384783592,5.104994550931532,4.555250665520932,5.453447356572799,5,1.0,5,1.0,0.0,1.0,0,0.0
A_COMPLEMENT_NB,2,people,textual,complement_log_weight,5.098254637930496,0.4233043740375835,5.361403715255013,5.098254637930496,4.481615000635427,5.438376347320302,5,1.0,5,1.0,0.0,1.0,0,0.0
A_COMPLEMENT_NB,2,symptoms,textual,complement_log_weight,5.0948427684674416,0.42170387416437566,5.390905779999759,5.0948427684674416,4.496211787881165,5.394662235329277,5,1.0,5,1.0,0.0,1.0,0,0.0
A_COMPLEMENT_NB,2,like,textual,complement_log_weight,4.899958064263018,0.5211913441116981,5.262930454397295,4.899958064263018,4.154570615143945,5.274746197041922,5,1.0,5,1.0,0.0,1.0,0,0.0
A_COMPLEMENT_NB,2,highly,textual,complement_log_weight,4.818194944701783,2.7058452505495865,5.789885141471023,4.818194944701783,0.0,6.4034442364384185,4,0.8,4,0.8,0.0,1.0,0,0.0
A_COMPLEMENT_NB,2,sensory,textual,complement_log_weight,4.800742272774165,2.693951170699401,5.788339872196794,4.800742272774165,0.0,6.320744015680135,4,0.8,4,0.8,0.0,1.0,0,0.0
A_COMPLEMENT_NB,2,looking,textual,complement_log_weight,4.789591466510653,2.689550903159902,5.7778912474323425,4.789591466510653,0.0,6.397151114406745,4,0.8,4,0.8,0.0,1.0,0,0.0
A_COMPLEMENT_NB,2,playing,textual,complement_log_weight,4.782278983946183,2.6821735144655015,5.776053948744141,4.782278983946183,0.0,6.291662438110149,4,0.8,4,0.8,0.0,1.0,0,0.0
A_COMPLEMENT_NB,2,feelings,textual,complement_log_weight,4.775509057066506,2.675456465524527,5.800056591621409,4.775509057066506,0.0,6.191772952622882,4,0.8,4,0.8,0.0,1.0,0,0.0
A_COMPLEMENT_NB,2,options,textual,complement_log_weight,4.772145874723448,2.676416266762174,5.787760824523,4.772145874723448,0.0,6.299283369330627,4,0.8,4,0.8,0.0,1.0,0,0.0
A_COMPLEMENT_NB,2,parents,textual,complement_log_weight,4.754655839183734,2.676602890689468,5.75238585458033,4.754655839183734,0.0,6.489365336601608,4,0.8,4,0.8,0.0,1.0,0,0.0
A_COMPLEMENT_NB,2,treated,textual,complement_log_weight,4.74892407888488,2.6592270804566867,5.797188184668394,4.74892407888488,0.0,6.170624380772783,4,0.8,4,0.8,0.0,1.0,0,0.0
A_COMPLEMENT_NB,2,activity,textual,complement_log_weight,4.732199759031495,2.649413626774871,5.77953288266419,4.732199759031495,0.0,6.071224527895451,4,0.8,4,0.8,0.0,1.0,0,0.0
A_COMPLEMENT_NB,2,adhd real,textual,complement_log_weight,4.720487908245491,2.646769337475837,5.717442999514753,4.720487908245491,0.0,6.212935778719117,4,0.8,4,0.8,0.0,1.0,0,0.0
A_COMPLEMENT_NB,2,years,textual,complement_log_weight,4.717230418283328,2.6414491522209422,5.764924735230625,4.717230418283328,0.0,6.130108646297875,4,0.8,4,0.8,0.0,1.0,0,0.0
A_COMPLEMENT_NB,2,turn,textual,complement_log_weight,4.715101440079495,2.6425305504911476,5.7878580059089995,4.715101440079495,0.0,6.219598570620512,4,0.8,4,0.8,0.0,1.0,0,0.0
A_COMPLEMENT_NB,2,maybe,textual,complement_log_weight,4.713169788330694,2.638537448592892,5.77473508825642,4.713169788330694,0.0,6.112335177397494,4,0.8,4,0.8,0.0,1.0,0,0.0
A_COMPLEMENT_NB,2,phone,textual,complement_log_weight,4.711492354942987,2.63806412400368,5.759766590896625,4.711492354942987,0.0,6.125153364262055,4,0.8,4,0.8,0.0,1.0,0,0.0
A_COMPLEMENT_NB,2,autistic,textual,complement_log_weight,4.705849277121418,2.635487555694931,5.742989469676546,4.705849277121418,0.0,6.128039621776175,4,0.8,4,0.8,0.0,1.0,0,0.0
A_COMPLEMENT_NB,2,higher,textual,complement_log_weight,4.69647565361273,2.627886683518367,5.7607311224408795,4.69647565361273,0.0,6.0168115242564095,4,0.8,4,0.8,0.0,1.0,0,0.0
A_COMPLEMENT_NB,2,function,textual,complement_log_weight,4.694180252913615,2.629082791487033,5.7733970748640635,4.694180252913615,0.0,6.1471831727275985,4,0.8,4,0.8,0.0,1.0,0,0.0
A_COMPLEMENT_NB,2,world,textual,complement_log_weight,4.693609675656468,2.6271841179483673,5.758554821016771,4.693609675656468,0.0,6.068518713737933,4,0.8,4,0.8,0.0,1.0,0,0.0
A_COMPLEMENT_NB,2,overwhelmed,textual,complement_log_weight,4.6852410558041075,2.621462912738853,5.752361679638764,4.6852410558041075,0.0,5.985359717602552,4,0.8,4,0.8,0.0,1.0,0,0.0
A_COMPLEMENT_NB,2,psychiatrist,textual,complement_log_weight,4.675820463275661,2.615752812616379,5.749990211992866,4.675820463275661,0.0,5.961262787044179,4,0.8,4,0.8,0.0,1.0,0,0.0
A_COMPLEMENT_NB,2,meds,textual,complement_log_weight,4.669180662890821,2.6135292011435785,5.737269779686641,4.669180662890821,0.0,6.056756179739832,4,0.8,4,0.8,0.0,1.0,0,0.0
A_COMPLEMENT_NB,2,adhd just,textual,complement_log_weight,4.668727441650268,2.6126353871508012,5.762914041353753,4.668727441650268,0.0,6.042776232470529,4,0.8,4,0.8,0.0,1.0,0,0.0
A_COMPLEMENT_NB,2,likely,textual,complement_log_weight,4.668047781971349,2.6112771808778033,5.787917582901921,4.668047781971349,0.0,5.9998978714270415,4,0.8,4,0.8,0.0,1.0,0,0.0
A_COMPLEMENT_NB,2,drugs,textual,complement_log_weight,4.66381884518132,2.6096004287499523,5.751948657529326,4.66381884518132,0.0,6.017872003615437,4,0.8,4,0.8,0.0,1.0,0,0.0
A_COMPLEMENT_NB,2,treating adhd,textual,complement_log_weight,4.662673762892661,2.608152347208751,5.743034226986327,4.662673762892661,0.0,5.948391339564228,4,0.8,4,0.8,0.0,1.0,0,0.0
A_COMPLEMENT_NB,2,sensitive,textual,complement_log_weight,4.654195841816644,2.603076455434709,5.7464387041365725,4.654195841816644,0.0,5.933310450190144,4,0.8,4,0.8,0.0,1.0,0,0.0
A_COMPLEMENT_NB,2,makes,textual,complement_log_weight,4.64821140952788,2.599929762661553,5.7588514718911465,4.64821140952788,0.0,5.963180771716061,4,0.8,4,0.8,0.0,1.0,0,0.0
A_COMPLEMENT_NB,2,quickly,textual,complement_log_weight,4.63127861679354,2.5896503892050324,5.772455733240844,4.63127861679354,0.0,5.885980951652145,4,0.8,4,0.8,0.0,1.0,0,0.0
A_COMPLEMENT_NB,2,bad,textual,complement_log_weight,4.6237255482572746,2.585801624420998,5.734921875674046,4.6237255482572746,0.0,5.907773742506831,4,0.8,4,0.8,0.0,1.0,0,0.0
A_COMPLEMENT_NB,2,type,textual,complement_log_weight,4.6216280318748435,2.583898052606733,5.762985885115135,4.6216280318748435,0.0,5.844714031403806,4,0.8,4,0.8,0.0,1.0,0,0.0
A_COMPLEMENT_NB,2,best,textual,complement_log_weight,4.619752774411438,2.583517355014931,5.740542035947267,4.619752774411438,0.0,5.897276919144984,4,0.8,4,0.8,0.0,1.0,0,0.0
A_COMPLEMENT_NB,2,understanding,textual,complement_log_weight,4.6194290924115435,2.583787463398579,5.722815474185006,4.6194290924115435,0.0,5.923760567835289,4,0.8,4,0.8,0.0,1.0,0,0.0
A_COMPLEMENT_NB,2,exercise,textual,complement_log_weight,4.608183082509979,2.5764423970944335,5.7177887967337755,4.608183082509979,0.0,5.815054274556343,4,0.8,4,0.8,0.0,1.0,0,0.0
A_COMPLEMENT_NB,2,love,textual,complement_log_weight,4.607823103327535,2.5768380042386125,5.716390973151836,4.607823103327535,0.0,5.883086327502505,4,0.8,4,0.8,0.0,1.0,0,0.0
A_COMPLEMENT_NB,2,late,textual,complement_log_weight,4.607243270143731,2.57566367497154,5.73958643150341,4.607243270143731,0.0,5.802303749036218,4,0.8,4,0.8,0.0,1.0,0,0.0
A_COMPLEMENT_NB,2,protein,textual,complement_log_weight,4.604586452203156,2.5751309351214693,5.7126894504689165,4.604586452203156,0.0,5.885333025484219,4,0.8,4,0.8,0.0,1.0,0,0.0
A_COMPLEMENT_NB,2,pay,textual,complement_log_weight,4.603495104052508,2.5744929747360343,5.692543488888154,4.603495104052508,0.0,5.873424623046025,4,0.8,4,0.8,0.0,1.0,0,0.0
A_COMPLEMENT_NB,2,called,textual,complement_log_weight,4.602724185794285,2.573228579708201,5.721994803615882,4.602724185794285,0.0,5.803756628997211,4,0.8,4,0.8,0.0,1.0,0,0.0
A_COMPLEMENT_NB,2,physical,textual,complement_log_weight,4.600359599959258,2.5717899227036622,5.739098115409707,4.600359599959258,0.0,5.787313116119544,4,0.8,4,0.8,0.0,1.0,0,0.0
A_COMPLEMENT_NB,2,foods,textual,complement_log_weight,4.6000129881001115,2.571646577081131,5.734199018385461,4.6000129881001115,0.0,5.799815497143358,4,0.8,4,0.8,0.0,1.0,0,0.0
A_COMPLEMENT_NB,2,treating,textual,complement_log_weight,4.57697435577955,2.5587822368239763,5.710706187670798,4.57697435577955,0.0,5.769914703190975,4,0.8,4,0.8,0.0,1.0,0,0.0
A_COMPLEMENT_NB,2,relationships,textual,complement_log_weight,4.559244882555479,2.5490143813045867,5.715340547605289,4.559244882555479,0.0,5.725935276425919,4,0.8,4,0.8,0.0,1.0,0,0.0
A_COMPLEMENT_NB,2,neurotypical,textual,complement_log_weight,4.5537031277774656,2.5459197030768377,5.686031684790052,4.5537031277774656,0.0,5.7484508112350765,4,0.8,4,0.8,0.0,1.0,0,0.0
A_COMPLEMENT_NB,2,energy,textual,complement_log_weight,4.550393193823948,2.5437736211295348,5.6794367543073765,4.550393193823948,0.0,5.701258078895437,4,0.8,4,0.8,0.0,1.0,0,0.0
A_COMPLEMENT_NB,2,term,textual,complement_log_weight,4.532762798803087,2.534102572190763,5.64754761362679,4.532762798803087,0.0,5.715370036426516,4,0.8,4,0.8,0.0,1.0,0,0.0
A_COMPLEMENT_NB,2,adhd,textual,complement_log_weight,4.2949645343428795,0.6960987388064699,4.789231485321126,4.2949645343428795,3.3863391073280673,4.80943571830019,5,1.0,5,1.0,0.0,1.0,0,0.0
A_COMPLEMENT_NB,2,using,textual,complement_log_weight,3.5948479662521207,3.292480909456736,5.760124534174196,3.5948479662521207,0.0,6.427245690502661,3,0.6,3,0.6,0.0,1.0,0,0.0
A_COMPLEMENT_NB,2,job,textual,complement_log_weight,3.589830862591407,3.2797742254380045,5.769344155268283,3.589830862591407,0.0,6.127880523946005,3,0.6,3,0.6,0.0,1.0,0,0.0
A_COMPLEMENT_NB,2,certain,textual,complement_log_weight,3.5879141217599235,3.278105857654149,5.778559015169276,3.5879141217599235,0.0,6.1602083675619586,3,0.6,3,0.6,0.0,1.0,0,0.0
A_COMPLEMENT_NB,2,experts,textual,complement_log_weight,3.5787048418923506,3.2693832468714064,5.765088341956035,3.5787048418923506,0.0,6.116117355500523,3,0.6,3,0.6,0.0,1.0,0,0.0
A_COMPLEMENT_NB,2,early,textual,complement_log_weight,3.5739799514983845,3.2663579368370814,5.751448947385292,3.5739799514983845,0.0,6.1923609409743,3,0.6,3,0.6,0.0,1.0,0,0.0
A_COMPLEMENT_NB,2,experts answer,textual,complement_log_weight,3.5718541530583097,3.2628510858419197,5.765088341956035,3.5718541530583097,0.0,6.095213203014957,3,0.6,3,0.6,0.0,1.0,0,0.0
A_COMPLEMENT_NB,2,management,textual,complement_log_weight,3.556199131082507,3.2483351115180548,5.768480275180319,3.556199131082507,0.0,6.089497467692006,3,0.6,3,0.6,0.0,1.0,0,0.0
A_COMPLEMENT_NB,2,friends,textual,complement_log_weight,3.554354010644233,3.2496264232351826,5.768215241620346,3.554354010644233,0.0,6.216810654453972,3,0.6,3,0.6,0.0,1.0,0,0.0
A_COMPLEMENT_NB,2,answer sep,textual,complement_log_weight,3.554194687356536,3.2462266142646774,5.758572022479153,3.554194687356536,0.0,6.047448104330537,3,0.6,3,0.6,0.0,1.0,0,0.0
A_COMPLEMENT_NB,2,friend,textual,complement_log_weight,3.550428930887871,3.243052370739017,5.747847772651167,3.550428930887871,0.0,6.065223210913423,3,0.6,3,0.6,0.0,1.0,0,0.0
A_COMPLEMENT_NB,2,struggles,textual,complement_log_weight,3.5435736112240024,3.238835853734441,5.76385946451979,3.5435736112240024,0.0,6.168790387316274,3,0.6,3,0.6,0.0,1.0,0,0.0
A_COMPLEMENT_NB,2,explain,textual,complement_log_weight,3.53907269284599,3.2343071777649177,5.763117533362207,3.53907269284599,0.0,6.1469255181062765,3,0.6,3,0.6,0.0,1.0,0,0.0
A_COMPLEMENT_NB,2,don know,textual,complement_log_weight,3.5386772845656522,3.233196592328773,5.784824262674255,3.5386772845656522,0.0,6.119064770015651,3,0.6,3,0.6,0.0,1.0,0,0.0
A_COMPLEMENT_NB,2,family,textual,complement_log_weight,3.5371324362195744,3.230467407879804,5.741915466638334,3.5371324362195744,0.0,6.01699560604195,3,0.6,3,0.6,0.0,1.0,0,0.0
A_COMPLEMENT_NB,2,great,textual,complement_log_weight,3.525206873345945,3.2211934414948438,5.753750385719618,3.525206873345945,0.0,6.107254943699399,3,0.6,3,0.6,0.0,1.0,0,0.0
A_COMPLEMENT_NB,2,small,textual,complement_log_weight,3.524395298792792,3.2199554790827722,5.76081065145944,3.524395298792792,0.0,6.086623502829336,3,0.6,3,0.6,0.0,1.0,0,0.0
A_COMPLEMENT_NB,2,condition,textual,complement_log_weight,3.5184517909287907,3.2151284966938296,5.738394801410954,3.5184517909287907,0.0,6.099410260671134,3,0.6,3,0.6,0.0,1.0,0,0.0
A_COMPLEMENT_NB,2,recommend,textual,complement_log_weight,3.5174908102660707,3.2131551572081545,5.758399338897024,3.5174908102660707,0.0,6.053706409282235,3,0.6,3,0.6,0.0,1.0,0,0.0
A_COMPLEMENT_NB,2,adhders,textual,complement_log_weight,3.5151022015898845,3.2104071074791642,5.767569736146578,3.5151022015898845,0.0,6.022236059070664,3,0.6,3,0.6,0.0,1.0,0,0.0
A_COMPLEMENT_NB,2,traits,textual,complement_log_weight,3.5081162519917504,3.203926889809614,5.766750377465884,3.5081162519917504,0.0,6.005303590250765,3,0.6,3,0.6,0.0,1.0,0,0.0
A_COMPLEMENT_NB,2,point,textual,complement_log_weight,3.5068485895108212,3.2026312366208716,5.760375035704299,3.5068485895108212,0.0,5.9951447342248185,3,0.6,3,0.6,0.0,1.0,0,0.0
A_COMPLEMENT_NB,2,audhd,textual,complement_log_weight,3.4865413777648206,3.183712836931696,5.731469298708769,3.4865413777648206,0.0,5.9364754031332545,3,0.6,3,0.6,0.0,1.0,0,0.0
A_COMPLEMENT_NB,2,neurotypical person,textual,complement_log_weight,3.4818867989514795,3.1794894046138844,5.732231096571666,3.4818867989514795,0.0,5.931560559912906,3,0.6,3,0.6,0.0,1.0,0,0.0
A_COMPLEMENT_NB,2,long term,textual,complement_log_weight,3.4806818357226064,3.177937595634815,5.747077579761576,3.4806818357226064,0.0,5.895045451239901,3,0.6,3,0.6,0.0,1.0,0,0.0
A_COMPLEMENT_NB,2,key,textual,complement_log_weight,3.479787068465993,3.1778915518647057,5.722276982490674,3.479787068465993,0.0,5.947736630358436,3,0.6,3,0.6,0.0,1.0,0,0.0
A_COMPLEMENT_NB,2,activities,textual,complement_log_weight,3.476853209454853,3.173918417518209,5.793192035358338,3.476853209454853,0.0,5.796358995021454,3,0.6,3,0.6,0.0,1.0,0,0.0
A_COMPLEMENT_NB,2,girls,textual,complement_log_weight,3.4743775785075544,3.1721402905432794,5.744948737298766,3.4743775785075544,0.0,5.8809263331241945,3,0.6,3,0.6,0.0,1.0,0,0.0
A_COMPLEMENT_NB,2,pay attention,textual,complement_log_weight,3.4704468169372618,3.1689446895868425,5.722670677729832,3.4704468169372618,0.0,5.905652833748177,3,0.6,3,0.6,0.0,1.0,0,0.0
A_COMPLEMENT_NB,2,complete,textual,complement_log_weight,3.467558817453181,3.1654497751503903,5.76293206473924,3.467558817453181,0.0,5.789489581207394,3,0.6,3,0.6,0.0,1.0,0,0.0
A_COMPLEMENT_NB,2,supplements,textual,complement_log_weight,3.4577357336689047,3.156561689480505,5.742098327654276,3.4577357336689047,0.0,5.802928245358486,3,0.6,3,0.6,0.0,1.0,0,0.0
A_COMPLEMENT_NB,2,natural,textual,complement_log_weight,3.452800843872783,3.1519952182877122,5.736783799132627,3.452800843872783,0.0,5.777213433782351,3,0.6,3,0.6,0.0,1.0,0,0.0
A_COMPLEMENT_NB,2,shorts,textual,complement_log_weight,3.4496600442608787,3.14918026130501,5.7266181007379275,3.4496600442608787,0.0,5.787138039505656,3,0.6,3,0.6,0.0,1.0,0,0.0
A_COMPLEMENT_NB,2,lots,textual,complement_log_weight,3.449175220876969,3.1488334304447245,5.716941058890952,3.449175220876969,0.0,5.803644683579287,3,0.6,3,0.6,0.0,1.0,0,0.0
A_COMPLEMENT_NB,2,works,textual,complement_log_weight,3.4387124370893147,3.13911927093124,5.715789707119294,3.4387124370893147,0.0,5.74639641082455,3,0.6,3,0.6,0.0,1.0,0,0.0
A_COMPLEMENT_NB,2,poor,textual,complement_log_weight,3.4339630200267814,3.1347784290698306,5.70837326776421,3.4339630200267814,0.0,5.732045582417714,3,0.6,3,0.6,0.0,1.0,0,0.0
A_COMPLEMENT_NB,2,levels,textual,complement_log_weight,3.431081742943565,3.1321352672834073,5.71647102185332,3.431081742943565,0.0,5.721236576381796,3,0.6,3,0.6,0.0,1.0,0,0.0
A_COMPLEMENT_NB,2,mood,textual,complement_log_weight,3.4308157186536405,3.1318982252347185,5.707955553220732,3.4308157186536405,0.0,5.724724081574662,3,0.6,3,0.6,0.0,1.0,0,0.0
A_COMPLEMENT_NB,2,structure,textual,complement_log_weight,2.466329766676445,3.3783751951661865,0.0,2.466329766676445,0.0,6.293900472805288,2,0.4,2,0.4,0.0,1.0,0,0.0
A_COMPLEMENT_NB,2,fast,textual,complement_log_weight,2.4518737340515586,3.3576677099291206,0.0,2.4518737340515586,0.0,6.193299361707386,2,0.4,2,0.4,0.0,1.0,0,0.0
A_COMPLEMENT_NB,2,executive function,textual,complement_log_weight,2.444867731922052,3.355693393264135,0.0,2.444867731922052,0.0,6.43803425499168,2,0.4,2,0.4,0.0,1.0,0,0.0
A_COMPLEMENT_NB,2,anger,textual,complement_log_weight,2.435300866898475,3.335332619286398,0.0,2.435300866898475,0.0,6.18205350713525,2,0.4,2,0.4,0.0,1.0,0,0.0
A_COMPLEMENT_NB,2,minutes,textual,complement_log_weight,2.4239453298619886,3.3250917940371645,0.0,2.4239453298619886,0.0,6.341474349736619,2,0.4,2,0.4,0.0,1.0,0,0.0
A_COMPLEMENT_NB,2,sort,textual,complement_log_weight,2.4205827153082295,3.3199041910212794,0.0,2.4205827153082295,0.0,6.318758338841659,2,0.4,2,0.4,0.0,1.0,0,0.0
A_COMPLEMENT_NB,2,like adhd,textual,complement_log_weight,2.4137589894283495,3.3101623286150694,0.0,2.4137589894283495,0.0,6.291258451809206,2,0.4,2,0.4,0.0,1.0,0,0.0
A_COMPLEMENT_NB,2,ve got,textual,complement_log_weight,2.4065919953779398,3.300276539768698,0.0,2.4065919953779398,0.0,6.271100504273586,2,0.4,2,0.4,0.0,1.0,0,0.0
A_COMPLEMENT_NB,2,stress,textual,complement_log_weight,2.3926226300519073,3.279904898330618,0.0,2.3926226300519073,0.0,6.200966801189238,2,0.4,2,0.4,0.0,1.0,0,0.0
A_COMPLEMENT_NB,2,check,textual,complement_log_weight,2.3672813292233172,3.243154509808579,0.0,2.3672813292233172,0.0,6.063199892495339,2,0.4,2,0.4,0.0,1.0,0,0.0
A_COMPLEMENT_NB,2,adhd like,textual,complement_log_weight,2.3661171576513196,3.2418477651032958,0.0,2.3661171576513196,0.0,6.072581959913617,2,0.4,2,0.4,0.0,1.0,0,0.0
A_COMPLEMENT_NB,2,types,textual,complement_log_weight,2.3645554558356126,3.2392117921760883,0.0,2.3645554558356126,0.0,6.046579912191578,2,0.4,2,0.4,0.0,1.0,0,0.0
A_COMPLEMENT_NB,2,worse,textual,complement_log_weight,2.3542031183375123,3.2245691940120653,0.0,2.3542031183375123,0.0,5.9958335180507705,2,0.4,2,0.4,0.0,1.0,0,0.0
A_COMPLEMENT_NB,2,shown,textual,complement_log_weight,2.3476541447472856,3.2155588240508157,0.0,2.3476541447472856,0.0,5.9767790532903184,2,0.4,2,0.4,0.0,1.0,0,0.0
A_COMPLEMENT_NB,2,sign,textual,complement_log_weight,2.3416253857685576,3.207299699047852,0.0,2.3416253857685576,0.0,5.961335509898484,2,0.4,2,0.4,0.0,1.0,0,0.0
A_COMPLEMENT_NB,2,psychologist,textual,complement_log_weight,2.3414378861783613,3.207094890635246,0.0,2.3414378861783613,0.0,5.963924310114239,2,0.4,2,0.4,0.0,1.0,0,0.0
A_COMPLEMENT_NB,2,एड,textual,complement_log_weight,2.3309946848843723,3.1923311277536084,0.0,2.3309946848843723,0.0,5.9061964946542735,2,0.4,2,0.4,0.0,1.0,0,0.0
A_COMPLEMENT_NB,2,helpful,textual,complement_log_weight,2.3290034233808026,3.1895329712646525,0.0,2.3290034233808026,0.0,5.895155661770257,2,0.4,2,0.4,0.0,1.0,0,0.0
A_COMPLEMENT_NB,2,potential,textual,complement_log_weight,2.326610674632981,3.1860242626205544,0.0,2.326610674632981,0.0,5.8646056484907945,2,0.4,2,0.4,0.0,1.0,0,0.0
A_COMPLEMENT_NB,2,reduce,textual,complement_log_weight,2.320994470208583,3.178466743364297,0.0,2.320994470208583,0.0,5.8656857568104215,2,0.4,2,0.4,0.0,1.0,0,0.0
A_COMPLEMENT_NB,2,trauma,textual,complement_log_weight,2.313893296221429,3.168665604947731,0.0,2.313893296221429,0.0,5.839507626339932,2,0.4,2,0.4,0.0,1.0,0,0.0
A_COMPLEMENT_NB,2,lot people,textual,complement_log_weight,2.3122673511042335,3.166202512297017,0.0,2.3122673511042335,0.0,5.781417755618985,2,0.4,2,0.4,0.0,1.0,0,0.0
A_COMPLEMENT_NB,2,based,textual,complement_log_weight,2.3115835637684947,3.165266727010735,0.0,2.3115835637684947,0.0,5.781653380620645,2,0.4,2,0.4,0.0,1.0,0,0.0
A_COMPLEMENT_NB,2,play,textual,complement_log_weight,2.3090440198492574,3.161788749321298,0.0,2.3090440198492574,0.0,5.772955973619753,2,0.4,2,0.4,0.0,1.0,0,0.0
A_COMPLEMENT_NB,2,test,textual,complement_log_weight,2.308900366252467,3.161593893961414,0.0,2.308900366252467,0.0,5.7771007471011755,2,0.4,2,0.4,0.0,1.0,0,0.0
A_COMPLEMENT_NB,2,include,textual,complement_log_weight,2.304231193646243,3.155204357798958,0.0,2.304231193646243,0.0,5.769171720241751,2,0.4,2,0.4,0.0,1.0,0,0.0
A_COMPLEMENT_NB,2,college,textual,complement_log_weight,2.3002878882285684,3.1498760730041293,0.0,2.3002878882285684,0.0,5.781899326508706,2,0.4,2,0.4,0.0,1.0,0,0.0
A_COMPLEMENT_NB,2,ocd,textual,complement_log_weight,2.2975233834418427,3.146073180270826,0.0,2.2975233834418427,0.0,5.771222793469575,2,0.4,2,0.4,0.0,1.0,0,0.0
A_COMPLEMENT_NB,2,wrong,textual,complement_log_weight,2.2958632450949814,3.143740427710531,0.0,2.2958632450949814,0.0,5.741271486675183,2,0.4,2,0.4,0.0,1.0,0,0.0
A_COMPLEMENT_NB,2,hyper,textual,complement_log_weight,1.265690126890331,2.8301691621771146,0.0,1.265690126890331,0.0,6.328450634451654,1,0.2,1,0.2,0.0,1.0,0,0.0
A_COMPLEMENT_NB,2,create,textual,complement_log_weight,1.2520150621764143,2.7995907878800885,0.0,1.2520150621764143,0.0,6.260075310882072,1,0.2,1,0.2,0.0,1.0,0,0.0
A_COMPLEMENT_NB,2,research,textual,complement_log_weight,1.2516358909323309,2.798742935203204,0.0,1.2516358909323309,0.0,6.258179454661654,1,0.2,1,0.2,0.0,1.0,0,0.0
A_COMPLEMENT_NB,2,adderall,textual,complement_log_weight,1.2316803927134887,2.7541210846609974,0.0,1.2316803927134887,0.0,6.158401963567444,1,0.2,1,0.2,0.0,1.0,0,0.0
A_COMPLEMENT_NB,2,changes,textual,complement_log_weight,1.216206214479032,2.7195197702328042,0.0,1.216206214479032,0.0,6.08103107239516,1,0.2,1,0.2,0.0,1.0,0,0.0
A_COMPLEMENT_NB,2,won,textual,complement_log_weight,1.1943939469762443,2.6707460573531616,0.0,1.1943939469762443,0.0,5.971969734881222,1,0.2,1,0.2,0.0,1.0,0,0.0
A_COMPLEMENT_NB,2,absolutely,textual,complement_log_weight,1.1834023859343534,2.6461681796846555,0.0,1.1834023859343534,0.0,5.917011929671768,1,0.2,1,0.2,0.0,1.0,0,0.0
A_COMPLEMENT_NB,2,interesting,textual,complement_log_weight,1.159964870245958,2.5937603013816855,0.0,1.159964870245958,0.0,5.79982435122979,1,0.2,1,0.2,0.0,1.0,0,0.0
A_COMPLEMENT_NB,2,losing,textual,complement_log_weight,1.1599090109275694,2.5936353961485916,0.0,1.1599090109275694,0.0,5.799545054637847,1,0.2,1,0.2,0.0,1.0,0,0.0
A_COMPLEMENT_NB,2,effective,textual,complement_log_weight,1.1581571758317828,2.589718173789043,0.0,1.1581571758317828,0.0,5.790785879158914,1,0.2,1,0.2,0.0,1.0,0,0.0
A_COMPLEMENT_NB,2,learn,textual,complement_log_weight,1.1578280153687492,2.5889821486181948,0.0,1.1578280153687492,0.0,5.789140076843746,1,0.2,1,0.2,0.0,1.0,0,0.0
A_COMPLEMENT_NB,2,aren,textual,complement_log_weight,1.156553930273645,2.586133207736422,0.0,1.156553930273645,0.0,5.782769651368225,1,0.2,1,0.2,0.0,1.0,0,0.0
A_COMPLEMENT_NB,2,typically,textual,complement_log_weight,1.1564129258827478,2.58581791233325,0.0,1.1564129258827478,0.0,5.782064629413739,1,0.2,1,0.2,0.0,1.0,0,0.0
A_COMPLEMENT_NB,2,hours,textual,complement_log_weight,1.1558553773102098,2.584571195824297,0.0,1.1558553773102098,0.0,5.779276886551049,1,0.2,1,0.2,0.0,1.0,0,0.0
A_COMPLEMENT_NB,2,diagnosed adhd,textual,complement_log_weight,1.1554293411410144,2.5836185499891022,0.0,1.1554293411410144,0.0,5.777146705705071,1,0.2,1,0.2,0.0,1.0,0,0.0
A_COMPLEMENT_NB,2,seven,textual,complement_log_weight,1.153944394415952,2.5802981081688974,0.0,1.153944394415952,0.0,5.76972197207976,1,0.2,1,0.2,0.0,1.0,0,0.0
A_COMPLEMENT_NB,2,focusing,textual,complement_log_weight,1.1536390700873989,2.579615382215068,0.0,1.1536390700873989,0.0,5.7681953504369945,1,0.2,1,0.2,0.0,1.0,0,0.0
A_COMPLEMENT_NB,2,class,textual,complement_log_weight,1.1534437884131579,2.579178719116705,0.0,1.1534437884131579,0.0,5.7672189420657896,1,0.2,1,0.2,0.0,1.0,0,0.0
A_COMPLEMENT_NB,2,question,textual,complement_log_weight,1.1526361302717474,2.5773727406099303,0.0,1.1526361302717474,0.0,5.763180651358737,1,0.2,1,0.2,0.0,1.0,0,0.0
A_COMPLEMENT_NB,2,happen,textual,complement_log_weight,1.1526348099657957,2.5773697883160716,0.0,1.1526348099657957,0.0,5.7631740498289785,1,0.2,1,0.2,0.0,1.0,0,0.0
A_COMPLEMENT_NB,2,seconds,textual,complement_log_weight,1.151173470824096,2.5741021346570494,0.0,1.151173470824096,0.0,5.75586735412048,1,0.2,1,0.2,0.0,1.0,0,0.0
A_COMPLEMENT_NB,2,adhd brains,textual,complement_log_weight,1.1481534700346334,2.567349207599708,0.0,1.1481534700346334,0.0,5.740767350173167,1,0.2,1,0.2,0.0,1.0,0,0.0
A_COMPLEMENT_NB,3,low,textual,complement_log_weight,6.058731595981163,0.36182734588684967,5.817484929616175,6.058731595981163,5.807099374725327,6.616842582846517,5,1.0,5,1.0,0.0,1.0,5,1.0
A_COMPLEMENT_NB,3,playing,textual,complement_log_weight,5.198301237028763,3.019872663956209,5.836161934787282,5.198301237028763,0.0,7.847891581336751,4,0.8,4,0.8,0.0,1.0,4,0.8
A_COMPLEMENT_NB,3,called,textual,complement_log_weight,4.989978120907052,2.828192873605135,5.815051976662734,4.989978120907052,0.0,6.937082742369052,4,0.8,4,0.8,0.0,1.0,4,0.8
A_COMPLEMENT_NB,3,world,textual,complement_log_weight,4.920862783455284,2.7801330043040844,5.802703036606327,4.920862783455284,0.0,6.777815429611626,4,0.8,4,0.8,0.0,1.0,4,0.8
A_COMPLEMENT_NB,3,neurotypical,textual,complement_log_weight,4.80485867928674,2.708502429951975,5.807001673202564,4.80485867928674,0.0,6.609436063346201,4,0.8,4,0.8,0.0,1.0,4,0.8
A_COMPLEMENT_NB,3,foods,textual,complement_log_weight,4.795069285565217,2.699256318914864,5.807701930612195,4.795069285565217,0.0,6.54362206755242,4,0.8,4,0.8,0.0,1.0,4,0.8
A_COMPLEMENT_NB,3,body,textual,complement_log_weight,6.045613450580936,0.3675524909068862,5.795808088780072,6.045613450580936,5.779788802115593,6.569405464662077,5,1.0,5,1.0,0.0,1.0,3,0.6
A_COMPLEMENT_NB,3,happens,textual,complement_log_weight,6.026652793374973,0.3273861179751283,5.804903318777854,6.026652793374973,5.793137851697369,6.500801625776133,5,1.0,5,1.0,0.0,1.0,3,0.6
A_COMPLEMENT_NB,3,example,textual,complement_log_weight,6.010672105739841,0.3470149495665189,5.813199625868424,6.010672105739841,5.778310153140235,6.594419945978142,5,1.0,5,1.0,0.0,1.0,3,0.6
A_COMPLEMENT_NB,3,neurotypical person,textual,complement_log_weight,3.7053552545458475,3.410699968163504,5.811222043526154,3.7053552545458475,0.0,6.890141457043934,3,0.6,3,0.6,0.0,1.0,3,0.6
A_COMPLEMENT_NB,3,explain,textual,complement_log_weight,3.651172760605165,3.349505699226519,5.806099862666662,3.651172760605165,0.0,6.62672749705399,3,0.6,3,0.6,0.0,1.0,3,0.6
A_COMPLEMENT_NB,3,levels,textual,complement_log_weight,3.5968446094468853,3.2899394647755917,5.817188663635966,3.5968446094468853,0.0,6.331726434091732,3,0.6,3,0.6,0.0,1.0,3,0.6
A_COMPLEMENT_NB,3,long term,textual,complement_log_weight,3.5925827303761224,3.2864688611978097,5.809803569190936,3.5925827303761224,0.0,6.335305714681748,3,0.6,3,0.6,0.0,1.0,3,0.6
A_COMPLEMENT_NB,3,works,textual,complement_log_weight,3.58681251388536,3.2812170360741493,5.803525887814308,3.58681251388536,0.0,6.325833282435029,3,0.6,3,0.6,0.0,1.0,3,0.6
A_COMPLEMENT_NB,3,supplements,textual,complement_log_weight,3.58016166732465,3.27372986189347,5.799468403944959,3.58016166732465,0.0,6.276467225006341,3,0.6,3,0.6,0.0,1.0,3,0.6
A_COMPLEMENT_NB,3,point,textual,complement_log_weight,3.5639140942009453,3.2574241329299136,5.795829346036583,3.5639140942009453,0.0,6.204033452883831,3,0.6,3,0.6,0.0,1.0,3,0.6
A_COMPLEMENT_NB,3,natural,textual,complement_log_weight,3.480310397988552,3.177081600803424,5.793932352348098,3.480310397988552,0.0,5.811664602950156,3,0.6,3,0.6,0.0,1.0,3,0.6
A_COMPLEMENT_NB,3,treat,textual,complement_log_weight,6.090359283780466,0.5051188921486182,5.806468326263708,6.090359283780466,5.779355698455315,6.9575286434941255,5,1.0,5,1.0,0.0,1.0,2,0.4
A_COMPLEMENT_NB,3,second,textual,complement_log_weight,6.022067841715563,0.42110073836143436,5.794247302739332,6.022067841715563,5.768687254685239,6.754451605368016,5,1.0,5,1.0,0.0,1.0,2,0.4
A_COMPLEMENT_NB,3,study,textual,complement_log_weight,5.97921712302838,0.25796553572865066,5.833445536729286,5.97921712302838,5.782160881209297,6.381110179195667,5,1.0,5,1.0,0.0,1.0,2,0.4
A_COMPLEMENT_NB,3,food,textual,complement_log_weight,5.936620363909355,0.1870085043228795,5.813670345457876,5.936620363909355,5.786966911315608,6.162434791554806,5,1.0,5,1.0,0.0,1.0,2,0.4
A_COMPLEMENT_NB,3,adhd women,textual,complement_log_weight,4.923811172451644,2.783254386053042,5.784868622097519,4.923811172451644,0.0,6.777764467085168,4,0.8,4,0.8,0.0,1.0,2,0.4
A_COMPLEMENT_NB,3,anger,textual,complement_log_weight,2.564696893691552,3.514779384518568,0.0,2.564696893691552,0.0,6.614436972090618,2,0.4,2,0.4,0.0,1.0,2,0.4
A_COMPLEMENT_NB,3,minutes,textual,complement_log_weight,2.4651452284661124,3.3845695648144813,0.0,2.4651452284661124,0.0,6.512281928380117,2,0.4,2,0.4,0.0,1.0,2,0.4
A_COMPLEMENT_NB,3,reduce,textual,complement_log_weight,2.433588030981061,3.3382267453631207,0.0,2.433588030981061,0.0,6.364506108849268,2,0.4,2,0.4,0.0,1.0,2,0.4
A_COMPLEMENT_NB,3,shown,textual,complement_log_weight,2.416057750992511,3.3123513003846927,0.0,2.416057750992511,0.0,6.271089855525579,2,0.4,2,0.4,0.0,1.0,2,0.4
A_COMPLEMENT_NB,3,helpful,textual,complement_log_weight,2.411445863992564,3.3059533155630176,0.0,2.411445863992564,0.0,6.256951731519421,2,0.4,2,0.4,0.0,1.0,2,0.4
A_COMPLEMENT_NB,3,rejection sensitivity,textual,complement_log_weight,2.3993270851758686,3.288413672692124,0.0,2.3993270851758686,0.0,6.196912109329712,2,0.4,2,0.4,0.0,1.0,2,0.4
A_COMPLEMENT_NB,3,lot people,textual,complement_log_weight,2.318614466638975,3.1748939044301494,0.0,2.318614466638975,0.0,5.798457200737743,2,0.4,2,0.4,0.0,1.0,2,0.4
A_COMPLEMENT_NB,3,probably,textual,complement_log_weight,5.993263611201135,0.33794348781881045,5.786354492067196,5.993263611201135,5.765284827410555,6.550509167310743,5,1.0,5,1.0,0.0,1.0,1,0.2
A_COMPLEMENT_NB,3,saying,textual,complement_log_weight,5.953573151086687,0.2564649005796288,5.791460801956611,5.953573151086687,5.750562809809612,6.255149822287704,5,1.0,5,1.0,0.0,1.0,1,0.2
A_COMPLEMENT_NB,3,disorders,textual,complement_log_weight,5.949596713171191,0.34061884910001095,5.76520528404882,5.949596713171191,5.749305183708096,6.543266387441338,5,1.0,5,1.0,0.0,1.0,1,0.2
A_COMPLEMENT_NB,3,diet,textual,complement_log_weight,5.924966251544445,0.19317130253960416,5.799210119621171,5.924966251544445,5.764265435812696,6.1548564888546125,5,1.0,5,1.0,0.0,1.0,1,0.2
A_COMPLEMENT_NB,3,women,textual,complement_log_weight,5.921123791546495,0.3212518794442067,5.7251878544870705,5.921123791546495,5.7156071860115,6.459193539784039,5,1.0,5,1.0,0.0,1.0,1,0.2
A_COMPLEMENT_NB,3,sugar,textual,complement_log_weight,5.904670262333086,0.17619128550273835,5.804563795053275,5.904670262333086,5.757164559425493,6.125282634775831,5,1.0,5,1.0,0.0,1.0,1,0.2
A_COMPLEMENT_NB,3,information,textual,complement_log_weight,5.896028217300342,0.20804512747136722,5.7982364347124244,5.896028217300342,5.744963897437729,6.241440582895073,5,1.0,5,1.0,0.0,1.0,1,0.2
A_COMPLEMENT_NB,3,sensitivity,textual,complement_log_weight,5.863454016979217,0.14036926858951895,5.813007475063342,5.863454016979217,5.7473774601863115,6.080606039532092,5,1.0,5,1.0,0.0,1.0,1,0.2
A_COMPLEMENT_NB,3,everybody,textual,complement_log_weight,5.837574469409208,0.11815048461974303,5.7958092659535305,5.837574469409208,5.736603977098973,6.012980417099303,5,1.0,5,1.0,0.0,1.0,1,0.2
A_COMPLEMENT_NB,3,constantly,textual,complement_log_weight,5.831001227030114,0.1269032417873189,5.798030572326454,5.831001227030114,5.72875884025742,6.047597006308513,5,1.0,5,1.0,0.0,1.0,1,0.2
A_COMPLEMENT_NB,3,makes,textual,complement_log_weight,4.680299226722765,2.6186257843248844,5.787344248540581,4.680299226722765,0.0,6.038227751946849,4,0.8,4,0.8,0.0,1.0,1,0.2
A_COMPLEMENT_NB,3,short,textual,complement_log_weight,3.6016770684362647,3.298092609174157,5.7881087771880155,3.6016770684362647,0.0,6.426575545024112,3,0.6,3,0.6,0.0,1.0,1,0.2
A_COMPLEMENT_NB,3,fast,textual,complement_log_weight,2.529365190544283,3.4658906441420156,0.0,2.529365190544283,0.0,6.506347151784881,2,0.4,2,0.4,0.0,1.0,1,0.2
A_COMPLEMENT_NB,3,sort,textual,complement_log_weight,2.454989736264095,3.3705563824240308,0.0,2.454989736264095,0.0,6.484095004846672,2,0.4,2,0.4,0.0,1.0,1,0.2
A_COMPLEMENT_NB,3,check,textual,complement_log_weight,2.392165534010874,3.2782087404243057,0.0,2.392165534010874,0.0,6.165062985249659,2,0.4,2,0.4,0.0,1.0,1,0.2
A_COMPLEMENT_NB,3,stuff,textual,complement_log_weight,2.317645156858228,3.173567621055654,0.0,2.317645156858228,0.0,5.798158466169903,2,0.4,2,0.4,0.0,1.0,1,0.2
A_COMPLEMENT_NB,3,adderall,textual,complement_log_weight,1.2375583172396456,2.7672645234680973,0.0,1.2375583172396456,0.0,6.187791586198228,1,0.2,1,0.2,0.0,1.0,1,0.2
A_COMPLEMENT_NB,3,happen,textual,complement_log_weight,1.1623434714423395,2.5990790153481567,0.0,1.1623434714423395,0.0,5.811717357211697,1,0.2,1,0.2,0.0,1.0,1,0.2
A_COMPLEMENT_NB,3,come,textual,complement_log_weight,5.981013539894437,0.2942506124029697,5.784604940532058,5.981013539894437,5.764916590621962,6.398733698077592,5,1.0,5,1.0,0.0,1.0,0,0.0
A_COMPLEMENT_NB,3,forget,textual,complement_log_weight,5.95646827136664,0.2547457636807133,5.783108729584778,5.95646827136664,5.772534107755162,6.317607414927678,5,1.0,5,1.0,0.0,1.0,0,0.0
A_COMPLEMENT_NB,3,control,textual,complement_log_weight,5.95475999446265,0.2679748809281886,5.779873563458278,5.95475999446265,5.756772107693617,6.350425941437442,5,1.0,5,1.0,0.0,1.0,0,0.0
A_COMPLEMENT_NB,3,eating,textual,complement_log_weight,5.9528128819404404,0.2778224729003715,5.7738418213945915,5.9528128819404404,5.752803886457336,6.385644891918197,5,1.0,5,1.0,0.0,1.0,0,0.0
A_COMPLEMENT_NB,3,taking,textual,complement_log_weight,5.930837753861448,0.233027222743067,5.784855424542673,5.930837753861448,5.755977433447187,6.277918354391357,5,1.0,5,1.0,0.0,1.0,0,0.0
A_COMPLEMENT_NB,3,bit,textual,complement_log_weight,5.928553271994447,0.22424824599177315,5.792124314852646,5.928553271994447,5.761543016330986,6.256144173301737,5,1.0,5,1.0,0.0,1.0,0,0.0
A_COMPLEMENT_NB,3,follow,textual,complement_log_weight,5.926712217659521,0.24015632149540356,5.775088580245792,5.926712217659521,5.749662779345611,6.280761025359201,5,1.0,5,1.0,0.0,1.0,0,0.0
A_COMPLEMENT_NB,3,struggling,textual,complement_log_weight,5.919703777283961,0.26002268911855475,5.763939429529136,5.919703777283961,5.73333816522865,6.331029672379804,5,1.0,5,1.0,0.0,1.0,0,0.0
A_COMPLEMENT_NB,3,hear,textual,complement_log_weight,5.912289432946172,0.26605134807090985,5.746808985803633,5.912289432946172,5.73135785040884,6.346695227280764,5,1.0,5,1.0,0.0,1.0,0,0.0
A_COMPLEMENT_NB,3,moving,textual,complement_log_weight,5.908035475839396,0.20141455991159662,5.791528844408009,5.908035475839396,5.760125116006011,6.232434982642453,5,1.0,5,1.0,0.0,1.0,0,0.0
A_COMPLEMENT_NB,3,long,textual,complement_log_weight,5.906788537151533,0.2840983564317812,5.770257976089164,5.906788537151533,5.7312754534486166,6.403871185089789,5,1.0,5,1.0,0.0,1.0,0,0.0
A_COMPLEMENT_NB,3,means,textual,complement_log_weight,5.90350352955628,0.21150032965356566,5.765725345318197,5.90350352955628,5.737950788290435,6.208687173646973,5,1.0,5,1.0,0.0,1.0,0,0.0
A_COMPLEMENT_NB,3,rejection,textual,complement_log_weight,5.901711141327252,0.19754962785302768,5.790690270862608,5.901711141327252,5.757171513770883,6.230789917786075,5,1.0,5,1.0,0.0,1.0,0,0.0
A_COMPLEMENT_NB,3,make sure,textual,complement_log_weight,5.900159192515474,0.22427832800995579,5.778780966679141,5.900159192515474,5.743574468073435,6.2705388251487,5,1.0,5,1.0,0.0,1.0,0,0.0
A_COMPLEMENT_NB,3,effects,textual,complement_log_weight,5.893259847097067,0.2595190560788759,5.782073172854059,5.893259847097067,5.7440410551690695,6.352522326551023,5,1.0,5,1.0,0.0,1.0,0,0.0
A_COMPLEMENT_NB,3,strategies,textual,complement_log_weight,5.891938621965105,0.1986297358030055,5.7801899503815735,5.891938621965105,5.738100469607111,6.176693566853317,5,1.0,5,1.0,0.0,1.0,0,0.0
A_COMPLEMENT_NB,3,challenges,textual,complement_log_weight,5.888058570134623,0.27875825788828595,5.769272633243885,5.888058570134623,5.72433294065625,6.383647685382456,5,1.0,5,1.0,0.0,1.0,0,0.0
A_COMPLEMENT_NB,3,wait,textual,complement_log_weight,5.885289252688477,0.17988455286957672,5.779845914799006,5.885289252688477,5.746526466768911,6.138641655682508,5,1.0,5,1.0,0.0,1.0,0,0.0
A_COMPLEMENT_NB,3,distracted,textual,complement_log_weight,5.884082230527207,0.18313615699188696,5.756901023291224,5.884082230527207,5.740610264914885,6.088488401338794,5,1.0,5,1.0,0.0,1.0,0,0.0
A_COMPLEMENT_NB,3,social,textual,complement_log_weight,5.883529375265897,0.16348679781144554,5.768425697746115,5.883529375265897,5.759298179563095,6.089065849198218,5,1.0,5,1.0,0.0,1.0,0,0.0
A_COMPLEMENT_NB,3,okay,textual,complement_log_weight,5.873721769541784,0.1558544867183852,5.771433180614221,5.873721769541784,5.749976515664157,6.049037461189106,5,1.0,5,1.0,0.0,1.0,0,0.0
A_COMPLEMENT_NB,3,fact,textual,complement_log_weight,5.873184398982497,0.17333309432155575,5.76957658466408,5.873184398982497,5.761272809632716,6.16152267626479,5,1.0,5,1.0,0.0,1.0,0,0.0
A_COMPLEMENT_NB,3,adhd brain,textual,complement_log_weight,5.872912177427419,0.2003273607644441,5.776593767016561,5.872912177427419,5.730071454675487,6.207552741122652,5,1.0,5,1.0,0.0,1.0,0,0.0
A_COMPLEMENT_NB,3,feeling,textual,complement_log_weight,5.872344911984274,0.15502400559340007,5.792231084672738,5.872344911984274,5.7416180021521965,6.064328037021513,5,1.0,5,1.0,0.0,1.0,0,0.0
A_COMPLEMENT_NB,3,problem,textual,complement_log_weight,5.871746829700333,0.2265449309459315,5.7539395506780044,5.871746829700333,5.73528959492317,6.26715186558989,5,1.0,5,1.0,0.0,1.0,0,0.0
A_COMPLEMENT_NB,3,tell,textual,complement_log_weight,5.870256873807555,0.15403609003957938,5.770063182849449,5.870256873807555,5.754012327614822,6.085709549014531,5,1.0,5,1.0,0.0,1.0,0,0.0
A_COMPLEMENT_NB,3,deficit,textual,complement_log_weight,5.86460760837642,0.14450672173620424,5.781228601415924,5.86460760837642,5.747478690508312,6.09058210995836,5,1.0,5,1.0,0.0,1.0,0,0.0
A_COMPLEMENT_NB,3,hard,textual,complement_log_weight,5.864240915896441,0.24521783350988202,5.732927784368372,5.864240915896441,5.715040358287978,6.290572438484983,5,1.0,5,1.0,0.0,1.0,0,0.0
A_COMPLEMENT_NB,3,inattentive,textual,complement_log_weight,5.8605398368056285,0.27889604282590924,5.720161443271316,5.8605398368056285,5.7174775847830315,6.356253806291887,5,1.0,5,1.0,0.0,1.0,0,0.0
A_COMPLEMENT_NB,3,care,textual,complement_log_weight,5.858966832722425,0.16417817417747116,5.760060665277634,5.858966832722425,5.724151026606389,6.048937146575924,5,1.0,5,1.0,0.0,1.0,0,0.0
A_COMPLEMENT_NB,3,home,textual,complement_log_weight,5.857990445388251,0.14639012142515384,5.754643674200562,5.857990445388251,5.744581504616928,6.024074418742352,5,1.0,5,1.0,0.0,1.0,0,0.0
A_COMPLEMENT_NB,3,oh,textual,complement_log_weight,5.855473024837169,0.1674467419035992,5.7512748830775315,5.855473024837169,5.722575314934891,6.109877955304327,5,1.0,5,1.0,0.0,1.0,0,0.0
A_COMPLEMENT_NB,3,important,textual,complement_log_weight,5.849691008682942,0.12243740354591884,5.770524790380407,5.849691008682942,5.7548199023609605,5.999535992847826,5,1.0,5,1.0,0.0,1.0,0,0.0
A_COMPLEMENT_NB,3,easily,textual,complement_log_weight,5.8450617592124,0.1358285146804705,5.775310614042181,5.8450617592124,5.7355685059370165,6.048395152810619,5,1.0,5,1.0,0.0,1.0,0,0.0
A_COMPLEMENT_NB,3,therapy,textual,complement_log_weight,5.844893957983958,0.13366422869034836,5.761440164947347,5.844893957983958,5.730974228668096,5.994217272575766,5,1.0,5,1.0,0.0,1.0,0,0.0
A_COMPLEMENT_NB,3,sense,textual,complement_log_weight,5.839426587143872,0.11754845738750073,5.770665454895219,5.839426587143872,5.735451121799562,6.004338421161855,5,1.0,5,1.0,0.0,1.0,0,0.0
A_COMPLEMENT_NB,3,making,textual,complement_log_weight,5.837911952411249,0.12127070287887617,5.769579827370392,5.837911952411249,5.731843706106778,5.992017019028515,5,1.0,5,1.0,0.0,1.0,0,0.0
A_COMPLEMENT_NB,3,harder,textual,complement_log_weight,5.8346628569419,0.18531645567935112,5.762579640265635,5.8346628569419,5.7187375723515546,6.160106644859709,5,1.0,5,1.0,0.0,1.0,0,0.0
A_COMPLEMENT_NB,3,usually,textual,complement_log_weight,5.832625470660682,0.12918227909912827,5.779823904943676,5.832625470660682,5.737574614041291,6.054109349252629,5,1.0,5,1.0,0.0,1.0,0,0.0
A_COMPLEMENT_NB,3,tend,textual,complement_log_weight,5.825925129604751,0.1968586885183414,5.747411013246739,5.825925129604751,5.701622238274844,6.175033766756064,5,1.0,5,1.0,0.0,1.0,0,0.0
A_COMPLEMENT_NB,3,health,textual,complement_log_weight,5.820168215173775,0.08137180874571971,5.776883617085315,5.820168215173775,5.748907059137854,5.941928871208126,5,1.0,5,1.0,0.0,1.0,0,0.0
A_COMPLEMENT_NB,3,patients,textual,complement_log_weight,5.8190815155700495,0.0858257285188493,5.77277795408174,5.8190815155700495,5.742265270868721,5.923385680219675,5,1.0,5,1.0,0.0,1.0,0,0.0
A_COMPLEMENT_NB,3,instead,textual,complement_log_weight,5.818000014534748,0.16078257275036045,5.727391513311994,5.818000014534748,5.69441299545429,6.0505878908332615,5,1.0,5,1.0,0.0,1.0,0,0.0
A_COMPLEMENT_NB,3,trying,textual,complement_log_weight,5.8162098630391545,0.16996002000062885,5.71816487418172,5.8162098630391545,5.70258826608166,6.0978236393379,5,1.0,5,1.0,0.0,1.0,0,0.0
A_COMPLEMENT_NB,3,regulation,textual,complement_log_weight,5.814161577189993,0.1389535458190032,5.740797814536552,5.814161577189993,5.71285370893185,6.0458036495356104,5,1.0,5,1.0,0.0,1.0,0,0.0
A_COMPLEMENT_NB,3,better,textual,complement_log_weight,5.8058057287302365,0.12687435215879164,5.732705100805866,5.8058057287302365,5.712897806394556,6.002335979152854,5,1.0,5,1.0,0.0,1.0,0,0.0
A_COMPLEMENT_NB,3,comes,textual,complement_log_weight,5.805745136701088,0.1583187066681058,5.742994474072496,5.805745136701088,5.72121953075092,6.088071969386659,5,1.0,5,1.0,0.0,1.0,0,0.0
A_COMPLEMENT_NB,3,emotions,textual,complement_log_weight,5.80446205810938,0.17566077962947166,5.719634870049095,5.80446205810938,5.703530574251749,6.115719516150144,5,1.0,5,1.0,0.0,1.0,0,0.0
A_COMPLEMENT_NB,3,try,textual,complement_log_weight,5.803913942877083,0.12125321157640542,5.73654700049109,5.803913942877083,5.707093839921639,5.9704949211048435,5,1.0,5,1.0,0.0,1.0,0,0.0
A_COMPLEMENT_NB,3,end,textual,complement_log_weight,5.802844817208962,0.07718867583087839,5.776275640527039,5.802844817208962,5.738800559919539,5.92067160718184,5,1.0,5,1.0,0.0,1.0,0,0.0
A_COMPLEMENT_NB,3,support,textual,complement_log_weight,5.80269657542738,0.09782720663796128,5.7804940668467335,5.80269657542738,5.716521604348378,5.960239888596686,5,1.0,5,1.0,0.0,1.0,0,0.0
A_COMPLEMENT_NB,3,thing,textual,complement_log_weight,5.802487151001716,0.06676267504966465,5.778295303517619,5.802487151001716,5.739743061612001,5.885179015796359,5,1.0,5,1.0,0.0,1.0,0,0.0
A_COMPLEMENT_NB,3,helps,textual,complement_log_weight,5.798921687278167,0.08368641279100013,5.772778189676975,5.798921687278167,5.724379744424707,5.925376991878712,5,1.0,5,1.0,0.0,1.0,0,0.0
A_COMPLEMENT_NB,3,things like,textual,complement_log_weight,5.796515435812478,0.11492666972833038,5.743234231609251,5.796515435812478,5.704628873208388,5.9924696147834515,5,1.0,5,1.0,0.0,1.0,0,0.0
A_COMPLEMENT_NB,3,increase,textual,complement_log_weight,5.7951568824370705,0.06700321981101276,5.767542661030161,5.7951568824370705,5.73591688412814,5.872514556530515,5,1.0,5,1.0,0.0,1.0,0,0.0
A_COMPLEMENT_NB,3,little,textual,complement_log_weight,5.793143055718796,0.09378824530913854,5.747271749469212,5.793143055718796,5.710312805890618,5.916410607303676,5,1.0,5,1.0,0.0,1.0,0,0.0
A_COMPLEMENT_NB,3,answer,textual,complement_log_weight,5.7899696659231585,0.08628238747637143,5.742383336570422,5.7899696659231585,5.736859306606004,5.938393755377611,5,1.0,5,1.0,0.0,1.0,0,0.0
A_COMPLEMENT_NB,3,difference,textual,complement_log_weight,5.785624825971896,0.10086821083115416,5.744750742301919,5.785624825971896,5.733209642985689,5.9658296019233035,5,1.0,5,1.0,0.0,1.0,0,0.0
A_COMPLEMENT_NB,3,mean,textual,complement_log_weight,5.784619699048996,0.1398100255358532,5.7158437758433465,5.784619699048996,5.709599379036183,6.032440407231599,5,1.0,5,1.0,0.0,1.0,0,0.0
A_COMPLEMENT_NB,3,dr,textual,complement_log_weight,5.782907089411191,0.051661246685996434,5.757444834607809,5.782907089411191,5.726714050430475,5.847153618209706,5,1.0,5,1.0,0.0,1.0,0,0.0
A_COMPLEMENT_NB,3,big,textual,complement_log_weight,5.782852848434038,0.10333413101959879,5.731486796293884,5.782852848434038,5.707932312925173,5.956969237042758,5,1.0,5,1.0,0.0,1.0,0,0.0
A_COMPLEMENT_NB,3,mental,textual,complement_log_weight,5.777613156994527,0.049742017113160425,5.758639878694136,5.777613156994527,5.7245308442174805,5.844092899646239,5,1.0,5,1.0,0.0,1.0,0,0.0
A_COMPLEMENT_NB,3,doesn,textual,complement_log_weight,5.774836098954154,0.06648580929288814,5.764239060968272,5.774836098954154,5.7185017674323655,5.885762693528156,5,1.0,5,1.0,0.0,1.0,0,0.0
A_COMPLEMENT_NB,3,adhd adhd,textual,complement_log_weight,5.773645003839053,0.06653988836859509,5.767532466286717,5.773645003839053,5.71834823336082,5.882792629151098,5,1.0,5,1.0,0.0,1.0,0,0.0
A_COMPLEMENT_NB,3,ways,textual,complement_log_weight,5.771075139169983,0.060236113651023285,5.748631586721053,5.771075139169983,5.710697059372233,5.862072838089463,5,1.0,5,1.0,0.0,1.0,0,0.0
A_COMPLEMENT_NB,3,sure,textual,complement_log_weight,5.769656098854588,0.11797363714039233,5.724251580955793,5.769656098854588,5.701894860674535,5.979629697752803,5,1.0,5,1.0,0.0,1.0,0,0.0
A_COMPLEMENT_NB,3,isn,textual,complement_log_weight,5.763644633076444,0.06200360633835724,5.73677862506683,5.763644633076444,5.709017472166714,5.865258057431646,5,1.0,5,1.0,0.0,1.0,0,0.0
A_COMPLEMENT_NB,3,stop,textual,complement_log_weight,5.7634943928683,0.12918764217906648,5.706451344785216,5.7634943928683,5.670984441346849,5.982809587531923,5,1.0,5,1.0,0.0,1.0,0,0.0
A_COMPLEMENT_NB,3,remember,textual,complement_log_weight,5.76304971590553,0.080905798140931,5.7315363524042855,5.76304971590553,5.702651004878899,5.903433065275504,5,1.0,5,1.0,0.0,1.0,0,0.0
A_COMPLEMENT_NB,3,issues,textual,complement_log_weight,5.761276729225722,0.0650904209008355,5.736145887072677,5.761276729225722,5.711946602907376,5.873251681934305,5,1.0,5,1.0,0.0,1.0,0,0.0
A_COMPLEMENT_NB,3,understand,textual,complement_log_weight,5.754726066972477,0.07691564161780222,5.717719386507871,5.754726066972477,5.697347341578579,5.884676375868244,5,1.0,5,1.0,0.0,1.0,0,0.0
A_COMPLEMENT_NB,3,sit,textual,complement_log_weight,5.753390363797376,0.07292526649963017,5.7232326381573,5.753390363797376,5.700944687025903,5.88157916142551,5,1.0,5,1.0,0.0,1.0,0,0.0
A_COMPLEMENT_NB,3,hyperactive,textual,complement_log_weight,5.752336246717254,0.10322329905396052,5.705600045663454,5.752336246717254,5.694453576416506,5.9361931922009745,5,1.0,5,1.0,0.0,1.0,0,0.0
A_COMPLEMENT_NB,3,thinking,textual,complement_log_weight,5.75075754708422,0.021824741227459803,5.754526852649095,5.75075754708422,5.727706797545928,5.779455487842752,5,1.0,5,1.0,0.0,1.0,0,0.0
A_COMPLEMENT_NB,3,struggle,textual,complement_log_weight,5.746881337548613,0.04331607632057451,5.732613888283681,5.746881337548613,5.705444767995815,5.8061777885059005,5,1.0,5,1.0,0.0,1.0,0,0.0
A_COMPLEMENT_NB,3,doctor,textual,complement_log_weight,5.74418182326855,0.025788306348553745,5.7330766811232206,5.74418182326855,5.717489925199381,5.7806198799624875,5,1.0,5,1.0,0.0,1.0,0,0.0
A_COMPLEMENT_NB,3,adhd diagnosis,textual,complement_log_weight,5.743374081715514,0.0627179205683077,5.732134368716334,5.743374081715514,5.686614593940228,5.8473662904078605,5,1.0,5,1.0,0.0,1.0,0,0.0
A_COMPLEMENT_NB,3,self,textual,complement_log_weight,5.741977171773344,0.0627542655841061,5.715402762017105,5.741977171773344,5.6886233816179805,5.846488830288534,5,1.0,5,1.0,0.0,1.0,0,0.0
A_COMPLEMENT_NB,3,executive,textual,complement_log_weight,5.74098226199334,0.05096061505352125,5.726206898196269,5.74098226199334,5.692656227935857,5.808336309213525,5,1.0,5,1.0,0.0,1.0,0,0.0
A_COMPLEMENT_NB,3,did,textual,complement_log_weight,5.7383475548203995,0.024811777748284806,5.7454895796027925,5.7383475548203995,5.698653769952389,5.764618151704233,5,1.0,5,1.0,0.0,1.0,0,0.0
A_COMPLEMENT_NB,3,feel like,textual,complement_log_weight,5.736792785254808,0.030369996986544513,5.721300313917175,5.736792785254808,5.704814885020406,5.7736859090891,5,1.0,5,1.0,0.0,1.0,0,0.0
A_COMPLEMENT_NB,3,behavior,textual,complement_log_weight,5.734116617382246,0.02634142425547315,5.7289949452580435,5.734116617382246,5.699370046101285,5.7672951981163525,5,1.0,5,1.0,0.0,1.0,0,0.0
A_COMPLEMENT_NB,3,impact,textual,complement_log_weight,5.732568671842011,0.08047837313842073,5.703123638312501,5.732568671842011,5.649692545446964,5.859129993402187,5,1.0,5,1.0,0.0,1.0,0,0.0
A_COMPLEMENT_NB,3,depression,textual,complement_log_weight,5.73157874445148,0.04049532361361497,5.713426375075974,5.73157874445148,5.685894811428468,5.776104717319603,5,1.0,5,1.0,0.0,1.0,0,0.0
A_COMPLEMENT_NB,3,able,textual,complement_log_weight,5.7283777104062965,0.03354954215662758,5.719973545572573,5.7283777104062965,5.69972225096582,5.7862597517929055,5,1.0,5,1.0,0.0,1.0,0,0.0
A_COMPLEMENT_NB,3,especially,textual,complement_log_weight,5.721999543738309,0.052970606780827545,5.699150617786066,5.721999543738309,5.69234117922847,5.816372865999069,5,1.0,5,1.0,0.0,1.0,0,0.0
A_COMPLEMENT_NB,3,use,textual,complement_log_weight,5.7203502593689315,0.03771602605446044,5.718909221184534,5.7203502593689315,5.6717799597001,5.777529929207817,5,1.0,5,1.0,0.0,1.0,0,0.0
A_COMPLEMENT_NB,3,adult,textual,complement_log_weight,5.719182821942715,0.09236863324375698,5.672306063068705,5.719182821942715,5.662876427330534,5.881168817310996,5,1.0,5,1.0,0.0,1.0,0,0.0
A_COMPLEMENT_NB,3,criteria,textual,complement_log_weight,5.718358951313639,0.17616281570473136,5.65413556859037,5.718358951313639,5.608060583375021,6.031094969586058,5,1.0,5,1.0,0.0,1.0,0,0.0
A_COMPLEMENT_NB,3,impulsive,textual,complement_log_weight,5.714301498574716,0.07380658235816881,5.68036526265684,5.714301498574716,5.677011759703572,5.846117134174021,5,1.0,5,1.0,0.0,1.0,0,0.0
A_COMPLEMENT_NB,3,non,textual,complement_log_weight,5.712835781871079,0.027870544410376293,5.713890075064009,5.712835781871079,5.673824938031787,5.7390748761586945,5,1.0,5,1.0,0.0,1.0,0,0.0
A_COMPLEMENT_NB,3,having,textual,complement_log_weight,5.710444798717516,0.022169435098532607,5.706122596233126,5.710444798717516,5.682999268084699,5.739677119400693,5,1.0,5,1.0,0.0,1.0,0,0.0
A_COMPLEMENT_NB,3,brains,textual,complement_log_weight,5.70962035037901,0.050685244638907764,5.724780049783835,5.70962035037901,5.6208149652278365,5.747232330834609,5,1.0,5,1.0,0.0,1.0,0,0.0
A_COMPLEMENT_NB,3,seen,textual,complement_log_weight,5.709177389807181,0.021455761927538407,5.720898833479949,5.709177389807181,5.675398795961196,5.726650312226987,5,1.0,5,1.0,0.0,1.0,0,0.0
A_COMPLEMENT_NB,3,let,textual,complement_log_weight,5.708432895271832,0.040772142874767464,5.7098070195871395,5.708432895271832,5.64471986641611,5.7531799184165076,5,1.0,5,1.0,0.0,1.0,0,0.0
A_COMPLEMENT_NB,3,day,textual,complement_log_weight,5.707289804255621,0.049676860367276754,5.6833722346836435,5.707289804255621,5.669373327987342,5.789135755118412,5,1.0,5,1.0,0.0,1.0,0,0.0
A_COMPLEMENT_NB,3,video,textual,complement_log_weight,5.702961963720079,0.03921797869354413,5.710594897011306,5.702961963720079,5.642544456783531,5.747421171322663,5,1.0,5,1.0,0.0,1.0,0,0.0
A_COMPLEMENT_NB,3,10,textual,complement_log_weight,5.69370649614607,0.03926021112573527,5.697072293016182,5.69370649614607,5.639055497893175,5.74176855027941,5,1.0,5,1.0,0.0,1.0,0,0.0
A_COMPLEMENT_NB,3,experience,textual,complement_log_weight,5.692718274263563,0.017565506586999277,5.685091298658396,5.692718274263563,5.6801470869565325,5.723139625554501,5,1.0,5,1.0,0.0,1.0,0,0.0
A_COMPLEMENT_NB,3,disorder,textual,complement_log_weight,5.686822820953308,0.051972185536248744,5.688805718072198,5.686822820953308,5.604661845925367,5.7384108123390885,5,1.0,5,1.0,0.0,1.0,0,0.0
A_COMPLEMENT_NB,3,medications,textual,complement_log_weight,5.684515436554922,0.06403910566987434,5.691857324429237,5.684515436554922,5.581811727596841,5.7585465051828075,5,1.0,5,1.0,0.0,1.0,0,0.0
A_COMPLEMENT_NB,3,sep adhd,textual,complement_log_weight,5.684010410469824,0.044942506814392096,5.693087365336352,5.684010410469824,5.607317352639193,5.725489318422516,5,1.0,5,1.0,0.0,1.0,0,0.0
A_COMPLEMENT_NB,3,motivation,textual,complement_log_weight,5.679972084421417,0.10072906700677514,5.69705572106569,5.679972084421417,5.530144840779123,5.8091637484572285,5,1.0,5,1.0,0.0,1.0,0,0.0
A_COMPLEMENT_NB,3,talking,textual,complement_log_weight,5.677051750099321,0.048726303158306984,5.684572531069212,5.677051750099321,5.5935338488893,5.715517324760509,5,1.0,5,1.0,0.0,1.0,0,0.0
A_COMPLEMENT_NB,3,task,textual,complement_log_weight,5.671248423127769,0.06504572016319513,5.68787562204453,5.671248423127769,5.560834959031516,5.728769337087687,5,1.0,5,1.0,0.0,1.0,0,0.0
A_COMPLEMENT_NB,3,impulsivity,textual,complement_log_weight,5.670978561361115,0.05713839400515253,5.677124871498095,5.670978561361115,5.576874794730158,5.72826028067383,5,1.0,5,1.0,0.0,1.0,0,0.0
A_COMPLEMENT_NB,3,ll,textual,complement_log_weight,5.6695493046625005,0.0738778703841109,5.687907359726351,5.6695493046625005,5.543965569711517,5.7311007924338035,5,1.0,5,1.0,0.0,1.0,0,0.0
A_COMPLEMENT_NB,3,children,textual,complement_log_weight,5.6654081115007795,0.09796852365487617,5.674511851990604,5.6654081115007795,5.521917257626294,5.79433387929032,5,1.0,5,1.0,0.0,1.0,0,0.0
A_COMPLEMENT_NB,3,say,textual,complement_log_weight,5.664046873622907,0.04018139531363037,5.671956135283171,5.664046873622907,5.60373888678361,5.710130716083281,5,1.0,5,1.0,0.0,1.0,0,0.0
A_COMPLEMENT_NB,3,good,textual,complement_log_weight,5.657803154992425,0.05135107075022419,5.67179734401685,5.657803154992425,5.568787788246371,5.696040773331417,5,1.0,5,1.0,0.0,1.0,0,0.0
A_COMPLEMENT_NB,3,got,textual,complement_log_weight,5.655556924105225,0.06640153488565935,5.67323848752355,5.655556924105225,5.544484957829338,5.719185064360363,5,1.0,5,1.0,0.0,1.0,0,0.0
A_COMPLEMENT_NB,3,kind,textual,complement_log_weight,5.651323067469064,0.04934716515215998,5.65052063126651,5.651323067469064,5.581823281919932,5.7201076864003975,5,1.0,5,1.0,0.0,1.0,0,0.0
A_COMPLEMENT_NB,3,yeah,textual,complement_log_weight,5.649798019100441,0.0949210436311056,5.694131845615219,5.649798019100441,5.4820108582810985,5.707945945390914,5,1.0,5,1.0,0.0,1.0,0,0.0
A_COMPLEMENT_NB,3,talk,textual,complement_log_weight,5.648001879796641,0.09115513160603714,5.676264221518783,5.648001879796641,5.487322212054786,5.7139327744006625,5,1.0,5,1.0,0.0,1.0,0,0.0
A_COMPLEMENT_NB,3,dopamine,textual,complement_log_weight,5.647182359353282,0.11990430855070729,5.691958285678986,5.647182359353282,5.435821390242653,5.719567674095252,5,1.0,5,1.0,0.0,1.0,0,0.0
A_COMPLEMENT_NB,3,uh,textual,complement_log_weight,5.6415131444765,0.08114340583725828,5.6649312344798535,5.6415131444765,5.511844430341667,5.713418710780566,5,1.0,5,1.0,0.0,1.0,0,0.0
A_COMPLEMENT_NB,3,does,textual,complement_log_weight,5.637889358041536,0.04749716738086202,5.632894267972049,5.637889358041536,5.568762082537006,5.700268351702563,5,1.0,5,1.0,0.0,1.0,0,0.0
A_COMPLEMENT_NB,3,trouble,textual,complement_log_weight,5.63787941673918,0.04806074092440314,5.644945348325538,5.63787941673918,5.557951199214906,5.679916885503902,5,1.0,5,1.0,0.0,1.0,0,0.0
A_COMPLEMENT_NB,3,high,textual,complement_log_weight,5.634500897406792,0.09690786847923034,5.669680801337984,5.634500897406792,5.506560874698813,5.743872089311237,5,1.0,5,1.0,0.0,1.0,0,0.0
A_COMPLEMENT_NB,3,treatment,textual,complement_log_weight,5.622733571035791,0.0998795945347679,5.689417927754502,5.622733571035791,5.5020777731179535,5.701555583087087,5,1.0,5,1.0,0.0,1.0,0,0.0
A_COMPLEMENT_NB,3,adhd autism,textual,complement_log_weight,5.620129747096789,0.09977424207965926,5.638821175883722,5.620129747096789,5.448875747499108,5.69754449565721,5,1.0,5,1.0,0.0,1.0,0,0.0
A_COMPLEMENT_NB,3,music,textual,complement_log_weight,5.618245610329182,0.17672940781713758,5.6544748524670645,5.618245610329182,5.3222451424869455,5.7996125007673704,5,1.0,5,1.0,0.0,1.0,0,0.0
A_COMPLEMENT_NB,3,common,textual,complement_log_weight,5.616743412513111,0.10133639293576516,5.645094495487328,5.616743412513111,5.443398327216226,5.710706855082717,5,1.0,5,1.0,0.0,1.0,0,0.0
A_COMPLEMENT_NB,3,doing,textual,complement_log_weight,5.613561907339221,0.0713731498356194,5.6492907007519,5.613561907339221,5.494334001907635,5.664678587686874,5,1.0,5,1.0,0.0,1.0,0,0.0
A_COMPLEMENT_NB,3,want,textual,complement_log_weight,5.60841320374008,0.06519379906876215,5.6426260706130495,5.60841320374008,5.532893632529505,5.669666637095692,5,1.0,5,1.0,0.0,1.0,0,0.0
A_COMPLEMENT_NB,3,person,textual,complement_log_weight,5.594423299487488,0.12728014178176408,5.666219225038517,5.594423299487488,5.395093231519853,5.689933298728882,5,1.0,5,1.0,0.0,1.0,0,0.0
A_COMPLEMENT_NB,3,difficulty,textual,complement_log_weight,5.588606317398962,0.12619470362498728,5.640830609202292,5.588606317398962,5.376070244672685,5.689218210267343,5,1.0,5,1.0,0.0,1.0,0,0.0
A_COMPLEMENT_NB,3,tasks,textual,complement_log_weight,5.588159630468081,0.11590151944348583,5.647676195863207,5.588159630468081,5.387543638935869,5.664461225962837,5,1.0,5,1.0,0.0,1.0,0,0.0
A_COMPLEMENT_NB,3,stimulants,textual,complement_log_weight,5.587629422984362,0.1596498694884607,5.655051556337139,5.587629422984362,5.33734742550747,5.722860274462681,5,1.0,5,1.0,0.0,1.0,0,0.0
A_COMPLEMENT_NB,3,emotional,textual,complement_log_weight,5.583618992504015,0.11145351178937833,5.648370806334129,5.583618992504015,5.451480436455093,5.689094051520744,5,1.0,5,1.0,0.0,1.0,0,0.0
A_COMPLEMENT_NB,3,way,textual,complement_log_weight,5.582340894888029,0.11300508758517855,5.635029628984832,5.582340894888029,5.411453319387268,5.6860973107851605,5,1.0,5,1.0,0.0,1.0,0,0.0
A_COMPLEMENT_NB,3,real,textual,complement_log_weight,5.579504120108949,0.12103504824609373,5.632973159487507,5.579504120108949,5.374870588872848,5.664612056600016,5,1.0,5,1.0,0.0,1.0,0,0.0
A_COMPLEMENT_NB,3,adhd sep,textual,complement_log_weight,5.579250107939202,0.09231661041133538,5.6356340011113675,5.579250107939202,5.434275174919845,5.64412706674678,5,1.0,5,1.0,0.0,1.0,0,0.0
A_COMPLEMENT_NB,3,life,textual,complement_log_weight,5.575911275790386,0.10139968151875259,5.629612531026506,5.575911275790386,5.424607405798643,5.659673087866927,5,1.0,5,1.0,0.0,1.0,0,0.0
A_COMPLEMENT_NB,3,kids,textual,complement_log_weight,5.57205542534312,0.11199853087309557,5.6262801564180585,5.57205542534312,5.430118658095713,5.682816589179807,5,1.0,5,1.0,0.0,1.0,0,0.0
A_COMPLEMENT_NB,3,look,textual,complement_log_weight,5.567159707167545,0.12465968496129147,5.620577926271779,5.567159707167545,5.38226354509071,5.674354376333743,5,1.0,5,1.0,0.0,1.0,0,0.0
A_COMPLEMENT_NB,3,hyperactivity,textual,complement_log_weight,5.566870899585096,0.129933053671865,5.631958168553848,5.566870899585096,5.406104247916406,5.688507138299983,5,1.0,5,1.0,0.0,1.0,0,0.0
A_COMPLEMENT_NB,3,help,textual,complement_log_weight,5.559982037383007,0.1272232638900241,5.625551854188483,5.559982037383007,5.3413243619614805,5.641202463807951,5,1.0,5,1.0,0.0,1.0,0,0.0
A_COMPLEMENT_NB,3,adhd medication,textual,complement_log_weight,5.558781641045626,0.1595981511334591,5.617088426915514,5.558781641045626,5.365045756538544,5.751813211556835,5,1.0,5,1.0,0.0,1.0,0,0.0
A_COMPLEMENT_NB,3,diagnosed,textual,complement_log_weight,5.554920003524319,0.14171490740278248,5.621333792315504,5.554920003524319,5.354227288312888,5.670392952255545,5,1.0,5,1.0,0.0,1.0,0,0.0
A_COMPLEMENT_NB,3,add,textual,complement_log_weight,5.553001047387324,0.17917316777673326,5.659689880774899,5.553001047387324,5.262555766461542,5.677374561304792,5,1.0,5,1.0,0.0,1.0,0,0.0
A_COMPLEMENT_NB,3,child,textual,complement_log_weight,5.541701659169864,0.12775023924479043,5.59740198138438,5.541701659169864,5.340226033959585,5.65356802267086,5,1.0,5,1.0,0.0,1.0,0,0.0
A_COMPLEMENT_NB,3,work,textual,complement_log_weight,5.541416364643391,0.15081243426375826,5.608337036673612,5.541416364643391,5.31462787906098,5.663754385873054,5,1.0,5,1.0,0.0,1.0,0,0.0
A_COMPLEMENT_NB,3,need,textual,complement_log_weight,5.540806074455331,0.135385808850218,5.61086296891122,5.540806074455331,5.313537349940523,5.633900993415317,5,1.0,5,1.0,0.0,1.0,0,0.0
A_COMPLEMENT_NB,3,problems,textual,complement_log_weight,5.533935285910107,0.14403533732500762,5.620695822350642,5.533935285910107,5.356038647681651,5.649240404945068,5,1.0,5,1.0,0.0,1.0,0,0.0
A_COMPLEMENT_NB,3,symptoms adhd,textual,complement_log_weight,5.522656557897028,0.1699234800996903,5.613855525601349,5.522656557897028,5.261554396025231,5.676452909136829,5,1.0,5,1.0,0.0,1.0,0,0.0
A_COMPLEMENT_NB,3,signs adhd,textual,complement_log_weight,5.518792672879066,0.15462495292230904,5.606081623248122,5.518792672879066,5.276675533878185,5.636414605394678,5,1.0,5,1.0,0.0,1.0,0,0.0
A_COMPLEMENT_NB,3,start,textual,complement_log_weight,5.517740130299046,0.15208111586200043,5.603538702418097,5.517740130299046,5.30822927443512,5.643859636133356,5,1.0,5,1.0,0.0,1.0,0,0.0
A_COMPLEMENT_NB,3,different,textual,complement_log_weight,5.5110760598130355,0.18397482440219975,5.615432160582895,5.5110760598130355,5.213747791838239,5.655929878323644,5,1.0,5,1.0,0.0,1.0,0,0.0
A_COMPLEMENT_NB,3,people adhd,textual,complement_log_weight,5.508412030498111,0.20012583560820807,5.621080162492677,5.508412030498111,5.174594897797461,5.656085153220726,5,1.0,5,1.0,0.0,1.0,0,0.0
A_COMPLEMENT_NB,3,adults,textual,complement_log_weight,5.506602294203109,0.19952515773075552,5.632258450623569,5.506602294203109,5.239048439840028,5.669765631861356,5,1.0,5,1.0,0.0,1.0,0,0.0
A_COMPLEMENT_NB,3,school,textual,complement_log_weight,5.504992100237121,0.20696216653388932,5.604468185004719,5.504992100237121,5.196085390519448,5.703817118242238,5,1.0,5,1.0,0.0,1.0,0,0.0
A_COMPLEMENT_NB,3,stimulant,textual,complement_log_weight,5.503082464164891,0.18337535184489395,5.625041422704534,5.503082464164891,5.295227203329606,5.654476984512235,5,1.0,5,1.0,0.0,1.0,0,0.0
A_COMPLEMENT_NB,3,ve,textual,complement_log_weight,5.499704536269703,0.1594501875327891,5.598227465960355,5.499704536269703,5.275909073593771,5.635933278912093,5,1.0,5,1.0,0.0,1.0,0,0.0
A_COMPLEMENT_NB,3,right,textual,complement_log_weight,5.494653901735509,0.1847720962919886,5.615733097690761,5.494653901735509,5.277116979201644,5.638486706240266,5,1.0,5,1.0,0.0,1.0,0,0.0
A_COMPLEMENT_NB,3,getting,textual,complement_log_weight,5.492626946222656,0.16510478310769025,5.578990666088438,5.492626946222656,5.222176203866961,5.6171134722715514,5,1.0,5,1.0,0.0,1.0,0,0.0
A_COMPLEMENT_NB,3,actually,textual,complement_log_weight,5.475568331363572,0.21104273922646385,5.615032921116488,5.475568331363572,5.1981183524312105,5.646584744545643,5,1.0,5,1.0,0.0,1.0,0,0.0
A_COMPLEMENT_NB,3,um,textual,complement_log_weight,5.4704082671613445,0.16138956195836626,5.5652694187126865,5.4704082671613445,5.273845115964994,5.610587158017849,5,1.0,5,1.0,0.0,1.0,0,0.0
A_COMPLEMENT_NB,3,sleep,textual,complement_log_weight,5.467947530083187,0.2120793215803027,5.5756875587711665,5.467947530083187,5.166841966331515,5.680068209399481,5,1.0,5,1.0,0.0,1.0,0,0.0
A_COMPLEMENT_NB,3,adhd symptoms,textual,complement_log_weight,5.441355227452867,0.26069970579188817,5.599347772219277,5.441355227452867,5.019995007010794,5.620202574472015,5,1.0,5,1.0,0.0,1.0,0,0.0
A_COMPLEMENT_NB,3,autism,textual,complement_log_weight,5.427693826846405,0.2265083173173918,5.538986159133279,5.427693826846405,5.172113903544558,5.6213827490333985,5,1.0,5,1.0,0.0,1.0,0,0.0
A_COMPLEMENT_NB,3,think,textual,complement_log_weight,5.426972843296067,0.228803511543847,5.557303578521139,5.426972843296067,5.0869125079670585,5.6118398300561445,5,1.0,5,1.0,0.0,1.0,0,0.0
A_COMPLEMENT_NB,3,make,textual,complement_log_weight,5.425498784976723,0.2294920527936732,5.5658912742189965,5.425498784976723,5.1482851615765615,5.612901629107412,5,1.0,5,1.0,0.0,1.0,0,0.0
A_COMPLEMENT_NB,3,anxiety,textual,complement_log_weight,5.419836450873835,0.2652533143691706,5.55215712840831,5.419836450873835,4.994031642295167,5.618900289717778,5,1.0,5,1.0,0.0,1.0,0,0.0
A_COMPLEMENT_NB,3,focus,textual,complement_log_weight,5.407157127697834,0.2286972923365633,5.531252356401023,5.407157127697834,5.086808212051433,5.595945905963207,5,1.0,5,1.0,0.0,1.0,0,0.0
A_COMPLEMENT_NB,3,diagnosis,textual,complement_log_weight,5.391292098619604,0.26158872669723493,5.522849173520941,5.391292098619604,4.972528339315811,5.598369752716851,5,1.0,5,1.0,0.0,1.0,0,0.0
A_COMPLEMENT_NB,3,feel,textual,complement_log_weight,5.389265620036175,0.2462336047562649,5.548239706445957,5.389265620036175,5.02659286063615,5.568345779837482,5,1.0,5,1.0,0.0,1.0,0,0.0
A_COMPLEMENT_NB,3,lot,textual,complement_log_weight,5.3655045954532055,0.2829731882004349,5.531600505439983,5.3655045954532055,4.933465445461612,5.606261510531401,5,1.0,5,1.0,0.0,1.0,0,0.0
A_COMPLEMENT_NB,3,attention,textual,complement_log_weight,5.3611691613907,0.2508973187766062,5.518763030631459,5.3611691613907,5.011353059991224,5.563071713887756,5,1.0,5,1.0,0.0,1.0,0,0.0
A_COMPLEMENT_NB,3,going,textual,complement_log_weight,5.346095705638367,0.3063649482854559,5.532993784170802,5.346095705638367,4.915919466620078,5.586023888117486,5,1.0,5,1.0,0.0,1.0,0,0.0
A_COMPLEMENT_NB,3,really,textual,complement_log_weight,5.318597733519138,0.30624052295705395,5.515032879009924,5.318597733519138,4.9039175570481826,5.550291579001082,5,1.0,5,1.0,0.0,1.0,0,0.0
A_COMPLEMENT_NB,3,sep,textual,complement_log_weight,5.261940282555563,0.33739347656862717,5.495115975790888,5.261940282555563,4.792920569994604,5.50704711424284,5,1.0,5,1.0,0.0,1.0,0,0.0
A_COMPLEMENT_NB,3,brain,textual,complement_log_weight,5.2413584542445175,0.3680682973643345,5.466427633211815,5.2413584542445175,4.707794312708154,5.524042099417976,5,1.0,5,1.0,0.0,1.0,0,0.0
A_COMPLEMENT_NB,3,signs,textual,complement_log_weight,5.235294329872347,0.31134056611042843,5.43253432696739,5.235294329872347,4.827256384087039,5.483742168421601,5,1.0,5,1.0,0.0,1.0,0,0.0
A_COMPLEMENT_NB,3,don,textual,complement_log_weight,5.232776809163359,0.35321587145633054,5.478447648983358,5.232776809163359,4.754692116141327,5.4930278230339935,5,1.0,5,1.0,0.0,1.0,0,0.0
A_COMPLEMENT_NB,3,things,textual,complement_log_weight,5.213598604596127,0.3342144480253141,5.4375831116472915,5.213598604596127,4.741968853565961,5.467349589250586,5,1.0,5,1.0,0.0,1.0,0,0.0
A_COMPLEMENT_NB,3,time,textual,complement_log_weight,5.200201806171305,0.365494712622456,5.424631284995549,5.200201806171305,4.693587491446636,5.507586296054146,5,1.0,5,1.0,0.0,1.0,0,0.0
A_COMPLEMENT_NB,3,number,textual,complement_log_weight,5.199790494873575,0.42703823313050265,5.456633787710116,5.199790494873575,4.533431683826879,5.513626885615937,5,1.0,5,1.0,0.0,1.0,0,0.0
A_COMPLEMENT_NB,3,know,textual,complement_log_weight,5.186764897548285,0.4046779625345349,5.4398330621389785,5.186764897548285,4.63341820863783,5.496308082536917,5,1.0,5,1.0,0.0,1.0,0,0.0
A_COMPLEMENT_NB,3,just,textual,complement_log_weight,5.18498363978546,0.36246213717580505,5.426020149241283,5.18498363978546,4.667279063690409,5.447953081773871,5,1.0,5,1.0,0.0,1.0,0,0.0
A_COMPLEMENT_NB,3,medication,textual,complement_log_weight,5.155360608969528,0.4139509231905774,5.388644127730977,5.155360608969528,4.641694993579937,5.50916995142518,5,1.0,5,1.0,0.0,1.0,0,0.0
A_COMPLEMENT_NB,3,people,textual,complement_log_weight,5.089006427127612,0.4331576370960727,5.378702165942319,5.089006427127612,4.463056215863503,5.410520596218242,5,1.0,5,1.0,0.0,1.0,0,0.0
A_COMPLEMENT_NB,3,symptoms,textual,complement_log_weight,5.01624354774654,0.48715320328021583,5.330080485818142,5.01624354774654,4.307727763310317,5.39068794055475,5,1.0,5,1.0,0.0,1.0,0,0.0
A_COMPLEMENT_NB,3,like,textual,complement_log_weight,4.9167313596794315,0.5293296659457174,5.286069622138112,4.9167313596794315,4.1783415399123145,5.302217316588974,5,1.0,5,1.0,0.0,1.0,0,0.0
A_COMPLEMENT_NB,3,mind,textual,complement_log_weight,4.821006178348311,2.7087059229722468,5.790178540643933,4.821006178348311,0.0,6.44906455357336,4,0.8,4,0.8,0.0,1.0,0,0.0
A_COMPLEMENT_NB,3,term,textual,complement_log_weight,4.803915171124414,2.699188536349027,5.788817630692715,4.803915171124414,0.0,6.4279769458440565,4,0.8,4,0.8,0.0,1.0,0,0.0
A_COMPLEMENT_NB,3,late,textual,complement_log_weight,4.778467464107111,2.6800360377342063,5.7788328270298885,4.778467464107111,0.0,6.287819131408779,4,0.8,4,0.8,0.0,1.0,0,0.0
A_COMPLEMENT_NB,3,lead,textual,complement_log_weight,4.778139702917853,2.680039043822414,5.779455643988223,4.778139702917853,0.0,6.3068202575095755,4,0.8,4,0.8,0.0,1.0,0,0.0
A_COMPLEMENT_NB,3,overwhelmed,textual,complement_log_weight,4.777192586934565,2.6808574893136328,5.781324968330814,4.777192586934565,0.0,6.353513305692055,4,0.8,4,0.8,0.0,1.0,0,0.0
A_COMPLEMENT_NB,3,sensitive,textual,complement_log_weight,4.77041864572725,2.6774103106435607,5.764390902981714,4.77041864572725,0.0,6.34446641695231,4,0.8,4,0.8,0.0,1.0,0,0.0
A_COMPLEMENT_NB,3,drugs,textual,complement_log_weight,4.763098059991878,2.669361871034391,5.773427539996584,4.763098059991878,0.0,6.197661935798521,4,0.8,4,0.8,0.0,1.0,0,0.0
A_COMPLEMENT_NB,3,treating adhd,textual,complement_log_weight,4.758244127522191,2.6675110036965637,5.7777166644345055,4.758244127522191,0.0,6.259962231615499,4,0.8,4,0.8,0.0,1.0,0,0.0
A_COMPLEMENT_NB,3,looking,textual,complement_log_weight,4.755315700969121,2.666634059889062,5.768782816669297,4.755315700969121,0.0,6.281854340309467,4,0.8,4,0.8,0.0,1.0,0,0.0
A_COMPLEMENT_NB,3,options,textual,complement_log_weight,4.753215897151955,2.666129065001845,5.77151666940533,4.753215897151955,0.0,6.3047752658282645,4,0.8,4,0.8,0.0,1.0,0,0.0
A_COMPLEMENT_NB,3,love,textual,complement_log_weight,4.745662922622047,2.6615673098690573,5.758267637935807,4.745662922622047,0.0,6.276092893075182,4,0.8,4,0.8,0.0,1.0,0,0.0
A_COMPLEMENT_NB,3,bad,textual,complement_log_weight,4.74368388851231,2.6662378063761554,5.762272487102167,4.74368388851231,0.0,6.409240535870478,4,0.8,4,0.8,0.0,1.0,0,0.0
A_COMPLEMENT_NB,3,relationships,textual,complement_log_weight,4.743216684746495,2.6562258036717465,5.773602773505705,4.743216684746495,0.0,6.086792768632233,4,0.8,4,0.8,0.0,1.0,0,0.0
A_COMPLEMENT_NB,3,highly,textual,complement_log_weight,4.741158371135363,2.656066412723938,5.759215528838536,4.741158371135363,0.0,6.145009023460597,4,0.8,4,0.8,0.0,1.0,0,0.0
A_COMPLEMENT_NB,3,maybe,textual,complement_log_weight,4.729237780141006,2.6496140260963243,5.762329467323023,4.729237780141006,0.0,6.189724596992074,4,0.8,4,0.8,0.0,1.0,0,0.0
A_COMPLEMENT_NB,3,activity,textual,complement_log_weight,4.726205013659268,2.6463151088588925,5.7615995579143435,4.726205013659268,0.0,6.093686663457286,4,0.8,4,0.8,0.0,1.0,0,0.0
A_COMPLEMENT_NB,3,years,textual,complement_log_weight,4.724855370339222,2.646972020749351,5.760361712275223,4.724855370339222,0.0,6.172698558337393,4,0.8,4,0.8,0.0,1.0,0,0.0
A_COMPLEMENT_NB,3,meds,textual,complement_log_weight,4.722872732890073,2.6443963893807108,5.769999665684541,4.722872732890073,0.0,6.111488589125153,4,0.8,4,0.8,0.0,1.0,0,0.0
A_COMPLEMENT_NB,3,behaviors,textual,complement_log_weight,4.7181270924860375,2.647792553926123,5.761175938063145,4.7181270924860375,0.0,6.301346842475528,4,0.8,4,0.8,0.0,1.0,0,0.0
A_COMPLEMENT_NB,3,manage,textual,complement_log_weight,4.717694801033391,2.6418409859141603,5.789035758780337,4.717694801033391,0.0,6.149334402255423,4,0.8,4,0.8,0.0,1.0,0,0.0
A_COMPLEMENT_NB,3,affects,textual,complement_log_weight,4.7167620637897425,2.6400456731091846,5.782047245694814,4.7167620637897425,0.0,6.0471063403759535,4,0.8,4,0.8,0.0,1.0,0,0.0
A_COMPLEMENT_NB,3,explained,textual,complement_log_weight,4.714534916077556,2.6463724559379216,5.753951532479403,4.714534916077556,0.0,6.3080784452881415,4,0.8,4,0.8,0.0,1.0,0,0.0
A_COMPLEMENT_NB,3,adhd just,textual,complement_log_weight,4.7108266546233954,2.6422974820601697,5.763097716416838,4.7108266546233954,0.0,6.263064546185329,4,0.8,4,0.8,0.0,1.0,0,0.0
A_COMPLEMENT_NB,3,parents,textual,complement_log_weight,4.710327661882274,2.6460446823615826,5.737119467948067,4.710327661882274,0.0,6.33976043474201,4,0.8,4,0.8,0.0,1.0,0,0.0
A_COMPLEMENT_NB,3,adhd real,textual,complement_log_weight,4.709237969428781,2.63725121815912,5.731196507551612,4.709237969428781,0.0,6.067319313846173,4,0.8,4,0.8,0.0,1.0,0,0.0
A_COMPLEMENT_NB,3,differently,textual,complement_log_weight,4.700046143007348,2.6302571932831262,5.756211750745739,4.700046143007348,0.0,6.021258285994683,4,0.8,4,0.8,0.0,1.0,0,0.0
A_COMPLEMENT_NB,3,present,textual,complement_log_weight,4.689747838016023,2.6291211139300654,5.741244150528029,4.689747838016023,0.0,6.20496205461447,4,0.8,4,0.8,0.0,1.0,0,0.0
A_COMPLEMENT_NB,3,autistic,textual,complement_log_weight,4.688218891715168,2.624954993199955,5.739860044966083,4.688218891715168,0.0,6.089586148760785,4,0.8,4,0.8,0.0,1.0,0,0.0
A_COMPLEMENT_NB,3,protein,textual,complement_log_weight,4.684748391953958,2.6233790396093446,5.767356709752004,4.684748391953958,0.0,6.12260644797424,4,0.8,4,0.8,0.0,1.0,0,0.0
A_COMPLEMENT_NB,3,pay,textual,complement_log_weight,4.673873223553535,2.6149892052949597,5.73846718720214,4.673873223553535,0.0,5.972264383108859,4,0.8,4,0.8,0.0,1.0,0,0.0
A_COMPLEMENT_NB,3,higher,textual,complement_log_weight,4.6683456918249,2.6111796293588743,5.748243123073996,4.6683456918249,0.0,5.9246203624283265,4,0.8,4,0.8,0.0,1.0,0,0.0
A_COMPLEMENT_NB,3,sensory,textual,complement_log_weight,4.666632220848355,2.6108980641942328,5.749235760346321,4.666632220848355,0.0,5.993939836288329,4,0.8,4,0.8,0.0,1.0,0,0.0
A_COMPLEMENT_NB,3,इपर,textual,complement_log_weight,4.66619763841406,2.6135769247777687,5.741648069392097,4.66619763841406,0.0,6.114223870494767,4,0.8,4,0.8,0.0,1.0,0,0.0
A_COMPLEMENT_NB,3,treating,textual,complement_log_weight,4.666068025637049,2.6103012328889816,5.755467518159041,4.666068025637049,0.0,5.979480794818374,4,0.8,4,0.8,0.0,1.0,0,0.0
A_COMPLEMENT_NB,3,psychiatrist,textual,complement_log_weight,4.662234445271578,2.6080711300892703,5.740711529603671,4.662234445271578,0.0,5.9572128163119,4,0.8,4,0.8,0.0,1.0,0,0.0
A_COMPLEMENT_NB,3,lack,textual,complement_log_weight,4.659505012762887,2.606065398063464,5.745420726529201,4.659505012762887,0.0,5.916000173269358,4,0.8,4,0.8,0.0,1.0,0,0.0
A_COMPLEMENT_NB,3,turn,textual,complement_log_weight,4.658258813932775,2.606813477574095,5.751080328950746,4.658258813932775,0.0,6.030060921141148,4,0.8,4,0.8,0.0,1.0,0,0.0
A_COMPLEMENT_NB,3,feelings,textual,complement_log_weight,4.656846972893736,2.6043145749937175,5.75561926757856,4.656846972893736,0.0,5.923265228846794,4,0.8,4,0.8,0.0,1.0,0,0.0
A_COMPLEMENT_NB,3,kid,textual,complement_log_weight,4.651200443240649,2.601390804660344,5.737875196465666,4.651200443240649,0.0,5.90731884841079,4,0.8,4,0.8,0.0,1.0,0,0.0
A_COMPLEMENT_NB,3,understanding,textual,complement_log_weight,4.646911187982349,2.6008234943408577,5.731061783193377,4.646911187982349,0.0,6.028992599830074,4,0.8,4,0.8,0.0,1.0,0,0.0
A_COMPLEMENT_NB,3,times,textual,complement_log_weight,4.6450837661343884,2.5978154146117047,5.755196459637063,4.6450837661343884,0.0,5.935701196306686,4,0.8,4,0.8,0.0,1.0,0,0.0
A_COMPLEMENT_NB,3,function,textual,complement_log_weight,4.642960822990387,2.5972353912712163,5.750354025097613,4.642960822990387,0.0,5.968274323546078,4,0.8,4,0.8,0.0,1.0,0,0.0
A_COMPLEMENT_NB,3,best,textual,complement_log_weight,4.6412602481178915,2.5959256250096323,5.754597611090578,4.6412602481178915,0.0,5.946800610259103,4,0.8,4,0.8,0.0,1.0,0,0.0
A_COMPLEMENT_NB,3,treated,textual,complement_log_weight,4.640119799668149,2.5944154954639385,5.754752476043162,4.640119799668149,0.0,5.8542709112818105,4,0.8,4,0.8,0.0,1.0,0,0.0
A_COMPLEMENT_NB,3,phone,textual,complement_log_weight,4.626412977679694,2.5872788555420834,5.720810042373896,4.626412977679694,0.0,5.89952985234032,4,0.8,4,0.8,0.0,1.0,0,0.0
A_COMPLEMENT_NB,3,dysfunction,textual,complement_log_weight,4.623436933651772,2.58508492327071,5.747134019090582,4.623436933651772,0.0,5.866569188357985,4,0.8,4,0.8,0.0,1.0,0,0.0
A_COMPLEMENT_NB,3,unable,textual,complement_log_weight,4.620645504507687,2.5842393150775274,5.730470788644683,4.620645504507687,0.0,5.911478501028526,4,0.8,4,0.8,0.0,1.0,0,0.0
A_COMPLEMENT_NB,3,likely,textual,complement_log_weight,4.620113451386952,2.583096078548172,5.74842774195946,4.620113451386952,0.0,5.849783083267847,4,0.8,4,0.8,0.0,1.0,0,0.0
A_COMPLEMENT_NB,3,energy,textual,complement_log_weight,4.587064714396896,2.5647356619846122,5.7024129067238345,4.587064714396896,0.0,5.81999589226897,4,0.8,4,0.8,0.0,1.0,0,0.0
A_COMPLEMENT_NB,3,एक,textual,complement_log_weight,4.57719298988872,2.5600437882705642,5.6866030602071,4.57719298988872,0.0,5.841095982988476,4,0.8,4,0.8,0.0,1.0,0,0.0
A_COMPLEMENT_NB,3,quickly,textual,complement_log_weight,4.57120027116059,2.5561254428655964,5.699116082621625,4.57120027116059,0.0,5.785469966161342,4,0.8,4,0.8,0.0,1.0,0,0.0
A_COMPLEMENT_NB,3,physical,textual,complement_log_weight,4.562710228797957,2.5509953880765086,5.701485192693776,4.562710228797957,0.0,5.7605155170007745,4,0.8,4,0.8,0.0,1.0,0,0.0
A_COMPLEMENT_NB,3,exercise,textual,complement_log_weight,4.545401184214418,2.5410034528343473,5.687632529241828,4.545401184214418,0.0,5.692441676302523,4,0.8,4,0.8,0.0,1.0,0,0.0
A_COMPLEMENT_NB,3,type,textual,complement_log_weight,4.529867159880868,2.532713798799126,5.669932310461721,4.529867159880868,0.0,5.700925606360699,4,0.8,4,0.8,0.0,1.0,0,0.0
A_COMPLEMENT_NB,3,adhd,textual,complement_log_weight,4.312356352261046,0.7280212784876808,4.81084916375895,4.312356352261046,3.341690719598634,4.856511945215051,5,1.0,5,1.0,0.0,1.0,0,0.0
A_COMPLEMENT_NB,3,friend,textual,complement_log_weight,3.6522757400049835,3.3418098262797504,5.773195201398096,3.6522757400049835,0.0,6.416161043626343,3,0.6,3,0.6,0.0,1.0,0,0.0
A_COMPLEMENT_NB,3,audhd,textual,complement_log_weight,3.646842880531581,3.3373775202163665,5.783645755452299,3.646842880531581,0.0,6.438335705023529,3,0.6,3,0.6,0.0,1.0,0,0.0
A_COMPLEMENT_NB,3,early,textual,complement_log_weight,3.638287900025025,3.3292969021146375,5.756177385365279,3.638287900025025,0.0,6.406198875261983,3,0.6,3,0.6,0.0,1.0,0,0.0
A_COMPLEMENT_NB,3,family,textual,complement_log_weight,3.635753155823469,3.3261676093114465,5.769432299992493,3.635753155823469,0.0,6.3848626732997795,3,0.6,3,0.6,0.0,1.0,0,0.0
A_COMPLEMENT_NB,3,certain,textual,complement_log_weight,3.6284367779268814,3.316730618716622,5.7847111078571185,3.6284367779268814,0.0,6.262777654689948,3,0.6,3,0.6,0.0,1.0,0,0.0
A_COMPLEMENT_NB,3,experts answer,textual,complement_log_weight,3.6017412854965754,3.291392390166298,5.7597770409804045,3.6017412854965754,0.0,6.160449293180735,3,0.6,3,0.6,0.0,1.0,0,0.0
A_COMPLEMENT_NB,3,friends,textual,complement_log_weight,3.596234288275929,3.2926971746204283,5.782293928686258,3.596234288275929,0.0,6.408222380670134,3,0.6,3,0.6,0.0,1.0,0,0.0
A_COMPLEMENT_NB,3,answer sep,textual,complement_log_weight,3.5794943847585037,3.2702744836058977,5.752951577239369,3.5794943847585037,0.0,6.1000267998353515,3,0.6,3,0.6,0.0,1.0,0,0.0
A_COMPLEMENT_NB,3,little bit,textual,complement_log_weight,3.566935341498669,3.2638913739182907,5.760630057450674,3.566935341498669,0.0,6.311728933452032,3,0.6,3,0.6,0.0,1.0,0,0.0
A_COMPLEMENT_NB,3,intense,textual,complement_log_weight,3.566704362101871,3.258718506221809,5.766317978255329,3.566704362101871,0.0,6.144862990674249,3,0.6,3,0.6,0.0,1.0,0,0.0
A_COMPLEMENT_NB,3,experts,textual,complement_log_weight,3.564013078110963,3.255383810944686,5.7597770409804045,3.564013078110963,0.0,6.049275715861766,3,0.6,3,0.6,0.0,1.0,0,0.0
A_COMPLEMENT_NB,3,struggles,textual,complement_log_weight,3.55751310748641,3.2530680636349625,5.759128259614186,3.55751310748641,0.0,6.237931482046089,3,0.6,3,0.6,0.0,1.0,0,0.0
A_COMPLEMENT_NB,3,great,textual,complement_log_weight,3.5528681195889695,3.248237050298983,5.772679093920411,3.5528681195889695,0.0,6.213475394447863,3,0.6,3,0.6,0.0,1.0,0,0.0
A_COMPLEMENT_NB,3,job,textual,complement_log_weight,3.543074247010247,3.2357338847644357,5.751794919527305,3.543074247010247,0.0,5.986623765503142,3,0.6,3,0.6,0.0,1.0,0,0.0
A_COMPLEMENT_NB,3,recommend,textual,complement_log_weight,3.535592513254825,3.230329328150619,5.782414769697869,3.535592513254825,0.0,6.111836558608506,3,0.6,3,0.6,0.0,1.0,0,0.0
A_COMPLEMENT_NB,3,using,textual,complement_log_weight,3.526954316392145,3.2233649970949814,5.747694265999089,3.526954316392145,0.0,6.130712954227376,3,0.6,3,0.6,0.0,1.0,0,0.0
A_COMPLEMENT_NB,3,light,textual,complement_log_weight,3.526822571344956,3.2230292918557235,5.753858107984352,3.526822571344956,0.0,6.123087669351462,3,0.6,3,0.6,0.0,1.0,0,0.0
A_COMPLEMENT_NB,3,management,textual,complement_log_weight,3.522932690108405,3.2176707447566892,5.74995890214633,3.522932690108405,0.0,6.035452698765128,3,0.6,3,0.6,0.0,1.0,0,0.0
A_COMPLEMENT_NB,3,lots,textual,complement_log_weight,3.5224585470179917,3.2178951766187893,5.764947441037795,3.5224585470179917,0.0,6.0712434638365025,3,0.6,3,0.6,0.0,1.0,0,0.0
A_COMPLEMENT_NB,3,don know,textual,complement_log_weight,3.512307634695664,3.208037735081632,5.763493052142847,3.512307634695664,0.0,6.027011892069329,3,0.6,3,0.6,0.0,1.0,0,0.0
A_COMPLEMENT_NB,3,pay attention,textual,complement_log_weight,3.505079085896278,3.202063474434877,5.73875950126726,3.505079085896278,0.0,6.043293134815324,3,0.6,3,0.6,0.0,1.0,0,0.0
A_COMPLEMENT_NB,3,adhders,textual,complement_log_weight,3.497187379502871,3.1935217108153764,5.751539507237659,3.497187379502871,0.0,5.9612033407298854,3,0.6,3,0.6,0.0,1.0,0,0.0
A_COMPLEMENT_NB,3,small,textual,complement_log_weight,3.4906512160613636,3.187358689167654,5.757806996818896,3.4906512160613636,0.0,5.937572106423536,3,0.6,3,0.6,0.0,1.0,0,0.0
A_COMPLEMENT_NB,3,diagnostic,textual,complement_log_weight,3.487007367950839,3.183963619157496,5.74909540374103,3.487007367950839,0.0,5.926300331320937,3,0.6,3,0.6,0.0,1.0,0,0.0
A_COMPLEMENT_NB,3,traits,textual,complement_log_weight,3.484656058358554,3.181659549531408,5.7490465366353165,3.484656058358554,0.0,5.909801870338899,3,0.6,3,0.6,0.0,1.0,0,0.0
A_COMPLEMENT_NB,3,key,textual,complement_log_weight,3.477298015273722,3.1750416435782096,5.734139457484418,3.477298015273722,0.0,5.905460864151004,3,0.6,3,0.6,0.0,1.0,0,0.0
A_COMPLEMENT_NB,3,mood,textual,complement_log_weight,3.468961897178152,3.1667261463438816,5.768211033479622,3.468961897178152,0.0,5.79195799519829,3,0.6,3,0.6,0.0,1.0,0,0.0
A_COMPLEMENT_NB,3,shorts,textual,complement_log_weight,3.46591256897769,3.1642965067953948,5.735485261539607,3.46591256897769,0.0,5.855049656879469,3,0.6,3,0.6,0.0,1.0,0,0.0
A_COMPLEMENT_NB,3,iron,textual,complement_log_weight,3.4637154775157866,3.161925296491126,5.771474642758887,3.4637154775157866,0.0,5.774007743921052,3,0.6,3,0.6,0.0,1.0,0,0.0
A_COMPLEMENT_NB,3,complete,textual,complement_log_weight,3.461779068406449,3.1601662193131133,5.758794319599397,3.461779068406449,0.0,5.77978851626186,3,0.6,3,0.6,0.0,1.0,0,0.0
A_COMPLEMENT_NB,3,girls,textual,complement_log_weight,3.454772922110197,3.1539287376343452,5.7301918219888694,3.454772922110197,0.0,5.810929894696103,3,0.6,3,0.6,0.0,1.0,0,0.0
A_COMPLEMENT_NB,3,somebody,textual,complement_log_weight,3.4493987821654373,3.1488611204837853,5.740195685219195,3.4493987821654373,0.0,5.756228367382192,3,0.6,3,0.6,0.0,1.0,0,0.0
A_COMPLEMENT_NB,3,activities,textual,complement_log_weight,3.44742411821501,3.147053387179937,5.744571122425439,3.44742411821501,0.0,5.747085910030816,3,0.6,3,0.6,0.0,1.0,0,0.0
A_COMPLEMENT_NB,3,condition,textual,complement_log_weight,3.4382979584426394,3.138817307026931,5.710535958495153,3.4382979584426394,0.0,5.770386810478108,3,0.6,3,0.6,0.0,1.0,0,0.0
A_COMPLEMENT_NB,3,poor,textual,complement_log_weight,3.416205210271986,3.118558270140216,5.686917000897192,3.416205210271986,0.0,5.700757799128847,3,0.6,3,0.6,0.0,1.0,0,0.0
A_COMPLEMENT_NB,3,structure,textual,complement_log_weight,2.443119984354212,3.345783321533437,0.0,2.443119984354212,0.0,6.1812836460589935,2,0.4,2,0.4,0.0,1.0,0,0.0
A_COMPLEMENT_NB,3,ocd,textual,complement_log_weight,2.4279170843649056,3.3308682545055164,0.0,2.4279170843649056,0.0,6.3595107215347655,2,0.4,2,0.4,0.0,1.0,0,0.0
A_COMPLEMENT_NB,3,blindness,textual,complement_log_weight,2.406896929729098,3.3004576305304925,0.0,2.406896929729098,0.0,6.265673457801043,2,0.4,2,0.4,0.0,1.0,0,0.0
A_COMPLEMENT_NB,3,like adhd,textual,complement_log_weight,2.404413418621227,3.296829526456397,0.0,2.404413418621227,0.0,6.253222056515079,2,0.4,2,0.4,0.0,1.0,0,0.0
A_COMPLEMENT_NB,3,executive function,textual,complement_log_weight,2.3990333822255367,3.28909402108454,0.0,2.3990333822255367,0.0,6.2292611955309365,2,0.4,2,0.4,0.0,1.0,0,0.0
A_COMPLEMENT_NB,3,running,textual,complement_log_weight,2.3892982198862702,3.274660483922694,0.0,2.3892982198862702,0.0,6.170742718330195,2,0.4,2,0.4,0.0,1.0,0,0.0
A_COMPLEMENT_NB,3,eat,textual,complement_log_weight,2.388089971084151,3.2725946846351013,0.0,2.388089971084151,0.0,6.153529393916741,2,0.4,2,0.4,0.0,1.0,0,0.0
A_COMPLEMENT_NB,3,worse,textual,complement_log_weight,2.3849811142403454,3.268124263997401,0.0,2.3849811142403454,0.0,6.137856541391364,2,0.4,2,0.4,0.0,1.0,0,0.0
A_COMPLEMENT_NB,3,affect,textual,complement_log_weight,2.3796501206935123,3.2606259695542366,0.0,2.3796501206935123,0.0,6.116780642315538,2,0.4,2,0.4,0.0,1.0,0,0.0
A_COMPLEMENT_NB,3,stress,textual,complement_log_weight,2.355199088689138,3.2266747405797775,0.0,2.355199088689138,0.0,6.035474704276398,2,0.4,2,0.4,0.0,1.0,0,0.0
A_COMPLEMENT_NB,3,college,textual,complement_log_weight,2.34634571555148,3.2137829169646026,0.0,2.34634571555148,0.0,5.974413639045187,2,0.4,2,0.4,0.0,1.0,0,0.0
A_COMPLEMENT_NB,3,types,textual,complement_log_weight,2.3457457827484602,3.21287512151738,0.0,2.3457457827484602,0.0,5.967664036359372,2,0.4,2,0.4,0.0,1.0,0,0.0
A_COMPLEMENT_NB,3,sign,textual,complement_log_weight,2.345033326059327,3.2122861783773544,0.0,2.345033326059327,0.0,5.98762373803271,2,0.4,2,0.4,0.0,1.0,0,0.0
A_COMPLEMENT_NB,3,ve got,textual,complement_log_weight,2.3437481640184665,3.2103886935065167,0.0,2.3437481640184665,0.0,5.977091119839355,2,0.4,2,0.4,0.0,1.0,0,0.0
A_COMPLEMENT_NB,3,improve,textual,complement_log_weight,2.3391185502493776,3.2035301210075744,0.0,2.3391185502493776,0.0,5.932513563683471,2,0.4,2,0.4,0.0,1.0,0,0.0
A_COMPLEMENT_NB,3,adhd like,textual,complement_log_weight,2.3300763412703374,3.191206248831954,0.0,2.3300763412703374,0.0,5.913991526676184,2,0.4,2,0.4,0.0,1.0,0,0.0
A_COMPLEMENT_NB,3,inattention,textual,complement_log_weight,2.3161722404298764,3.1719780969612508,0.0,2.3161722404298764,0.0,5.864174534293037,2,0.4,2,0.4,0.0,1.0,0,0.0
A_COMPLEMENT_NB,3,psychologist,textual,complement_log_weight,2.316009428682798,3.171680744307825,0.0,2.316009428682798,0.0,5.857058719745158,2,0.4,2,0.4,0.0,1.0,0,0.0
A_COMPLEMENT_NB,3,potential,textual,complement_log_weight,2.314013417237657,3.1686450274753954,0.0,2.314013417237657,0.0,5.810621889161761,2,0.4,2,0.4,0.0,1.0,0,0.0
A_COMPLEMENT_NB,3,include,textual,complement_log_weight,2.312730969835795,3.1668427386041293,0.0,2.312730969835795,0.0,5.790124499877828,2,0.4,2,0.4,0.0,1.0,0,0.0
A_COMPLEMENT_NB,3,cause,textual,complement_log_weight,2.3104873693078085,3.163768646544277,0.0,2.3104873693078085,0.0,5.782891782414099,2,0.4,2,0.4,0.0,1.0,0,0.0
A_COMPLEMENT_NB,3,executive dysfunction,textual,complement_log_weight,2.3081353920792345,3.160544576591754,0.0,2.3081353920792345,0.0,5.770917802430454,2,0.4,2,0.4,0.0,1.0,0,0.0
A_COMPLEMENT_NB,3,based,textual,complement_log_weight,2.3076503832057798,3.1598805861089234,0.0,2.3076503832057798,0.0,5.770556088938615,2,0.4,2,0.4,0.0,1.0,0,0.0
A_COMPLEMENT_NB,3,behavioral,textual,complement_log_weight,2.303527250285666,3.154237638172932,0.0,2.303527250285666,0.0,5.765017569327331,2,0.4,2,0.4,0.0,1.0,0,0.0
A_COMPLEMENT_NB,3,play,textual,complement_log_weight,2.3030160636722146,3.15353509856401,0.0,2.3030160636722146,0.0,5.7599947475897,2,0.4,2,0.4,0.0,1.0,0,0.0
A_COMPLEMENT_NB,3,needs,textual,complement_log_weight,2.3012612668685124,3.151131995982376,0.0,2.3012612668685124,0.0,5.754854122191577,2,0.4,2,0.4,0.0,1.0,0,0.0
A_COMPLEMENT_NB,3,test,textual,complement_log_weight,2.3011628052636137,3.1509987539725004,0.0,2.3011628052636137,0.0,5.757685489888857,2,0.4,2,0.4,0.0,1.0,0,0.0
A_COMPLEMENT_NB,3,wrong,textual,complement_log_weight,2.297326505983829,3.1457466398339458,0.0,2.297326505983829,0.0,5.749216472041857,2,0.4,2,0.4,0.0,1.0,0,0.0
A_COMPLEMENT_NB,3,trauma,textual,complement_log_weight,2.2969426254738314,3.1452768333098873,0.0,2.2969426254738314,0.0,5.76951118791184,2,0.4,2,0.4,0.0,1.0,0,0.0
A_COMPLEMENT_NB,3,एड,textual,complement_log_weight,2.2813238226674444,3.12383156960932,0.0,2.2813238226674444,0.0,5.70515646304169,2,0.4,2,0.4,0.0,1.0,0,0.0
A_COMPLEMENT_NB,3,won,textual,complement_log_weight,1.282573565764965,2.867921679194759,0.0,1.282573565764965,0.0,6.412867828824825,1,0.2,1,0.2,0.0,1.0,0,0.0
A_COMPLEMENT_NB,3,feels,textual,complement_log_weight,1.2628359503132134,2.8237870293308918,0.0,1.2628359503132134,0.0,6.314179751566067,1,0.2,1,0.2,0.0,1.0,0,0.0
A_COMPLEMENT_NB,3,time blindness,textual,complement_log_weight,1.2531346915602086,2.8020943552918585,0.0,1.2531346915602086,0.0,6.265673457801043,1,0.2,1,0.2,0.0,1.0,0,0.0
A_COMPLEMENT_NB,3,hyper,textual,complement_log_weight,1.238802155314795,2.7700458299571338,0.0,1.238802155314795,0.0,6.194010776573975,1,0.2,1,0.2,0.0,1.0,0,0.0
A_COMPLEMENT_NB,3,absolutely,textual,complement_log_weight,1.2360898393882898,2.763980907169013,0.0,1.2360898393882898,0.0,6.180449196941448,1,0.2,1,0.2,0.0,1.0,0,0.0
A_COMPLEMENT_NB,3,research,textual,complement_log_weight,1.2190147372186504,2.725799817994945,0.0,1.2190147372186504,0.0,6.095073686093252,1,0.2,1,0.2,0.0,1.0,0,0.0
A_COMPLEMENT_NB,3,create,textual,complement_log_weight,1.2070560068503569,2.6990592839668497,0.0,1.2070560068503569,0.0,6.035280034251785,1,0.2,1,0.2,0.0,1.0,0,0.0
A_COMPLEMENT_NB,3,changes,textual,complement_log_weight,1.2048356546304906,2.694094425469236,0.0,1.2048356546304906,0.0,6.024178273152453,1,0.2,1,0.2,0.0,1.0,0,0.0
A_COMPLEMENT_NB,3,seconds,textual,complement_log_weight,1.1585679049838435,2.5906365920933916,0.0,1.1585679049838435,0.0,5.792839524919218,1,0.2,1,0.2,0.0,1.0,0,0.0
A_COMPLEMENT_NB,3,question,textual,complement_log_weight,1.1577514767265904,2.588811003011422,0.0,1.1577514767265904,0.0,5.7887573836329524,1,0.2,1,0.2,0.0,1.0,0,0.0
A_COMPLEMENT_NB,3,keeping,textual,complement_log_weight,1.1564340516222766,2.5858651509229116,0.0,1.1564340516222766,0.0,5.782170258111383,1,0.2,1,0.2,0.0,1.0,0,0.0
A_COMPLEMENT_NB,3,typically,textual,complement_log_weight,1.1563578564476447,2.585694773332877,0.0,1.1563578564476447,0.0,5.781789282238224,1,0.2,1,0.2,0.0,1.0,0,0.0
A_COMPLEMENT_NB,3,effective,textual,complement_log_weight,1.1560099658122085,2.584916866223306,0.0,1.1560099658122085,0.0,5.780049829061043,1,0.2,1,0.2,0.0,1.0,0,0.0
A_COMPLEMENT_NB,3,adhd brains,textual,complement_log_weight,1.1553025143640472,2.583334956694437,0.0,1.1553025143640472,0.0,5.776512571820236,1,0.2,1,0.2,0.0,1.0,0,0.0
A_COMPLEMENT_NB,3,place,textual,complement_log_weight,1.1550181311189962,2.582699056426841,0.0,1.1550181311189962,0.0,5.775090655594981,1,0.2,1,0.2,0.0,1.0,0,0.0
A_COMPLEMENT_NB,3,learn,textual,complement_log_weight,1.154887185804959,2.5824062538033186,0.0,1.154887185804959,0.0,5.774435929024794,1,0.2,1,0.2,0.0,1.0,0,0.0
A_COMPLEMENT_NB,3,seven,textual,complement_log_weight,1.1544307355744086,2.581385600059462,0.0,1.1544307355744086,0.0,5.772153677872043,1,0.2,1,0.2,0.0,1.0,0,0.0
A_COMPLEMENT_NB,3,interesting,textual,complement_log_weight,1.1540947905672279,2.5806344041867044,0.0,1.1540947905672279,0.0,5.77047395283614,1,0.2,1,0.2,0.0,1.0,0,0.0
A_COMPLEMENT_NB,3,stay,textual,complement_log_weight,1.1528969945438414,2.5779560508552337,0.0,1.1528969945438414,0.0,5.764484972719207,1,0.2,1,0.2,0.0,1.0,0,0.0
A_COMPLEMENT_NB,3,class,textual,complement_log_weight,1.1528912726528129,2.577943256317934,0.0,1.1528912726528129,0.0,5.764456363264064,1,0.2,1,0.2,0.0,1.0,0,0.0
A_COMPLEMENT_NB,3,hours,textual,complement_log_weight,1.1527471839419756,2.5776210641657116,0.0,1.1527471839419756,0.0,5.763735919709878,1,0.2,1,0.2,0.0,1.0,0,0.0
A_COMPLEMENT_NB,3,aren,textual,complement_log_weight,1.150355021961484,2.572272027364142,0.0,1.150355021961484,0.0,5.75177510980742,1,0.2,1,0.2,0.0,1.0,0,0.0
A_COMPLEMENT_NB,3,focusing,textual,complement_log_weight,1.1491914923566928,2.569670296073995,0.0,1.1491914923566928,0.0,5.745957461783464,1,0.2,1,0.2,0.0,1.0,0,0.0
A_COMPLEMENT_NB,3,diagnosed adhd,textual,complement_log_weight,1.1488382237761883,2.5688803635136725,0.0,1.1488382237761883,0.0,5.744191118880941,1,0.2,1,0.2,0.0,1.0,0,0.0
A_COMPLEMENT_NB,3,losing,textual,complement_log_weight,1.1481522223503635,2.567346417692866,0.0,1.1481522223503635,0.0,5.740761111751818,1,0.2,1,0.2,0.0,1.0,0,0.0
A_COMPLEMENT_NB,4,highly,textual,complement_log_weight,4.933701291337062,2.779272480812716,5.832433632115503,4.933701291337062,0.0,6.533391119495913,4,0.8,4,0.8,0.0,1.0,4,0.8
A_COMPLEMENT_NB,4,bad,textual,complement_log_weight,4.782743325809687,2.688579127526497,5.8184610309252704,4.782743325809687,0.0,6.46842743579716,4,0.8,4,0.8,0.0,1.0,4,0.8
A_COMPLEMENT_NB,4,eating,textual,complement_log_weight,6.005982893005064,0.3227036599604815,5.800678629379494,6.005982893005064,5.792507658875307,6.530799860899655,5,1.0,5,1.0,0.0,1.0,3,0.6
A_COMPLEMENT_NB,4,follow,textual,complement_log_weight,5.987926020318966,0.27841066169101214,5.803048220293368,5.987926020318966,5.784534120514797,6.39094689301031,5,1.0,5,1.0,0.0,1.0,3,0.6
A_COMPLEMENT_NB,4,psychiatrist,textual,complement_log_weight,4.824989364691375,2.70781545171288,5.8089411655674,4.824989364691375,0.0,6.375657996237187,4,0.8,4,0.8,0.0,1.0,3,0.6
A_COMPLEMENT_NB,4,behaviors,textual,complement_log_weight,4.771256042141355,2.6825766438078356,5.798514409194268,4.771256042141355,0.0,6.460582203718158,4,0.8,4,0.8,0.0,1.0,3,0.6
A_COMPLEMENT_NB,4,friend,textual,complement_log_weight,3.751699646892594,3.4363721914226493,5.831542120139417,3.751699646892594,0.0,6.622986465432319,3,0.6,3,0.6,0.0,1.0,3,0.6
A_COMPLEMENT_NB,4,friends,textual,complement_log_weight,3.658725621356021,3.356198443246115,5.826271611991127,3.658725621356021,0.0,6.636609967946155,3,0.6,3,0.6,0.0,1.0,3,0.6
A_COMPLEMENT_NB,4,pay attention,textual,complement_log_weight,3.6295039011102985,3.3264768398574174,5.804642195205516,3.6295039011102985,0.0,6.53275869462448,3,0.6,3,0.6,0.0,1.0,3,0.6
A_COMPLEMENT_NB,4,explain,textual,complement_log_weight,3.6051129642500306,3.299623013595076,5.811417203666795,3.6051129642500306,0.0,6.397740822116388,3,0.6,3,0.6,0.0,1.0,3,0.6
A_COMPLEMENT_NB,4,don know,textual,complement_log_weight,3.5878178342779656,3.280765734802847,5.8203353669815305,3.5878178342779656,0.0,6.291194304888559,3,0.6,3,0.6,0.0,1.0,3,0.6
A_COMPLEMENT_NB,4,recommend,textual,complement_log_weight,3.5496280000496596,3.2432548555129426,5.801064383028971,3.5496280000496596,0.0,6.140041633025605,3,0.6,3,0.6,0.0,1.0,3,0.6
A_COMPLEMENT_NB,4,hear,textual,complement_log_weight,5.976693262564106,0.3005589560312453,5.775333810651389,5.976693262564106,5.760126982005386,6.42962591016052,5,1.0,5,1.0,0.0,1.0,2,0.4
A_COMPLEMENT_NB,4,pay,textual,complement_log_weight,4.877097164423683,2.7443679064051345,5.785728415622521,4.877097164423683,0.0,6.421642416708364,4,0.8,4,0.8,0.0,1.0,2,0.4
A_COMPLEMENT_NB,4,world,textual,complement_log_weight,4.826098229724524,2.7102157047457403,5.811436966525957,4.826098229724524,0.0,6.4118281436857485,4,0.8,4,0.8,0.0,1.0,2,0.4
A_COMPLEMENT_NB,4,treated,textual,complement_log_weight,4.764676743363415,2.6681123139369634,5.804913579139213,4.764676743363415,0.0,6.153227099861396,4,0.8,4,0.8,0.0,1.0,2,0.4
A_COMPLEMENT_NB,4,energy,textual,complement_log_weight,4.700705911376201,2.632039608186137,5.7971213228778415,4.700705911376201,0.0,6.134581240440561,4,0.8,4,0.8,0.0,1.0,2,0.4
A_COMPLEMENT_NB,4,certain,textual,complement_log_weight,3.6583511622448635,3.3451431574750066,5.809922729648475,3.6583511622448635,0.0,6.35118087058822,3,0.6,3,0.6,0.0,1.0,2,0.4
A_COMPLEMENT_NB,4,great,textual,complement_log_weight,3.585218239187332,3.279697626030132,5.802085634449866,3.585218239187332,0.0,6.321485004399893,3,0.6,3,0.6,0.0,1.0,2,0.4
A_COMPLEMENT_NB,4,adhders,textual,complement_log_weight,3.5579252159255264,3.251323914529263,5.799139002838051,3.5579252159255264,0.0,6.172281183807589,3,0.6,3,0.6,0.0,1.0,2,0.4
A_COMPLEMENT_NB,4,anger,textual,complement_log_weight,2.539869931287157,3.479390628431219,0.0,2.539869931287157,0.0,6.495606442228113,2,0.4,2,0.4,0.0,1.0,2,0.4
A_COMPLEMENT_NB,4,ve got,textual,complement_log_weight,2.48994370650552,3.422011384689334,0.0,2.48994370650552,0.0,6.638380853381875,2,0.4,2,0.4,0.0,1.0,2,0.4
A_COMPLEMENT_NB,4,stress,textual,complement_log_weight,2.48988313380268,3.421750441203445,0.0,2.48988313380268,0.0,6.635267926052978,2,0.4,2,0.4,0.0,1.0,2,0.4
A_COMPLEMENT_NB,4,sort,textual,complement_log_weight,2.4614560956417533,3.379067367397137,0.0,2.4614560956417533,0.0,6.493963073221714,2,0.4,2,0.4,0.0,1.0,2,0.4
A_COMPLEMENT_NB,4,eat,textual,complement_log_weight,2.4329132057170857,3.336779370173771,0.0,2.4329132057170857,0.0,6.350038744133064,2,0.4,2,0.4,0.0,1.0,2,0.4
A_COMPLEMENT_NB,4,check,textual,complement_log_weight,2.392444660055577,3.2784379979225076,0.0,2.392444660055577,0.0,6.160258153279832,2,0.4,2,0.4,0.0,1.0,2,0.4
A_COMPLEMENT_NB,4,wrong,textual,complement_log_weight,2.3302191235520686,3.190784243715969,0.0,2.3302191235520686,0.0,5.827501206696889,2,0.4,2,0.4,0.0,1.0,2,0.4
A_COMPLEMENT_NB,4,lot people,textual,complement_log_weight,2.3203943830836073,3.177331282784875,0.0,2.3203943830836073,0.0,5.803290779704931,2,0.4,2,0.4,0.0,1.0,2,0.4
A_COMPLEMENT_NB,4,behavioral,textual,complement_log_weight,2.320377673777199,3.177310103907209,0.0,2.320377673777199,0.0,5.80613399829914,2,0.4,2,0.4,0.0,1.0,2,0.4
A_COMPLEMENT_NB,4,stop,textual,complement_log_weight,6.028588357014494,0.4102397150754657,5.790616158336277,6.028588357014494,5.762383851715308,6.718390631094036,5,1.0,5,1.0,0.0,1.0,1,0.2
A_COMPLEMENT_NB,4,saying,textual,complement_log_weight,5.959592154115289,0.23982204419522024,5.789966030916814,5.959592154115289,5.781092710807635,6.2359534267329995,5,1.0,5,1.0,0.0,1.0,1,0.2
A_COMPLEMENT_NB,4,body,textual,complement_log_weight,5.936123120520551,0.20606334497582723,5.801762425426719,5.936123120520551,5.779594504891561,6.237697724061352,5,1.0,5,1.0,0.0,1.0,1,0.2
A_COMPLEMENT_NB,4,feeling,textual,complement_log_weight,5.921349495281842,0.20420916526012767,5.797090827516511,5.921349495281842,5.764584213534112,6.210901358652484,5,1.0,5,1.0,0.0,1.0,1,0.2
A_COMPLEMENT_NB,4,fact,textual,complement_log_weight,5.918116729194577,0.19069754251428783,5.800666425267442,5.918116729194577,5.77871422778714,6.221919215364166,5,1.0,5,1.0,0.0,1.0,1,0.2
A_COMPLEMENT_NB,4,care,textual,complement_log_weight,5.90586194151701,0.19115381672992682,5.805321750537006,5.90586194151701,5.743546051299747,6.118720323636047,5,1.0,5,1.0,0.0,1.0,1,0.2
A_COMPLEMENT_NB,4,adhd brain,textual,complement_log_weight,5.890361068866918,0.15166907825055337,5.797836359362916,5.890361068866918,5.763537636120619,6.080182220228564,5,1.0,5,1.0,0.0,1.0,1,0.2
A_COMPLEMENT_NB,4,sense,textual,complement_log_weight,5.876230773546168,0.1344961918614061,5.803121364206087,5.876230773546168,5.769216739558016,6.064094651369198,5,1.0,5,1.0,0.0,1.0,1,0.2
A_COMPLEMENT_NB,4,forget,textual,complement_log_weight,5.819041462431575,0.1892231982161501,5.737511529101093,5.819041462431575,5.7089002643569255,6.154678781101289,5,1.0,5,1.0,0.0,1.0,1,0.2
A_COMPLEMENT_NB,4,manage,textual,complement_log_weight,4.772434789398078,2.674139410807481,5.8115272650665615,4.772434789398078,0.0,6.2343841074059645,4,0.8,4,0.8,0.0,1.0,1,0.2
A_COMPLEMENT_NB,4,higher,textual,complement_log_weight,4.7667826825641075,2.6701128162587513,5.8049834507898606,4.7667826825641075,0.0,6.197238425531029,4,0.8,4,0.8,0.0,1.0,1,0.2
A_COMPLEMENT_NB,4,lead,textual,complement_log_weight,4.755916919827047,2.6636569923244813,5.7971358985849015,4.755916919827047,0.0,6.126495507120053,4,0.8,4,0.8,0.0,1.0,1,0.2
A_COMPLEMENT_NB,4,affects,textual,complement_log_weight,4.735489012010464,2.651022201949235,5.796217377934281,4.735489012010464,0.0,6.083322826830666,4,0.8,4,0.8,0.0,1.0,1,0.2
A_COMPLEMENT_NB,4,makes,textual,complement_log_weight,4.690043127346437,2.624956320605993,5.784726369929708,4.690043127346437,0.0,6.084519716398629,4,0.8,4,0.8,0.0,1.0,1,0.2
A_COMPLEMENT_NB,4,times,textual,complement_log_weight,4.679009071050741,2.6172028889538552,5.789348161147431,4.679009071050741,0.0,6.003024570241002,4,0.8,4,0.8,0.0,1.0,1,0.2
A_COMPLEMENT_NB,4,light,textual,complement_log_weight,3.5707028662602185,3.265454652907831,5.784732295681277,3.5707028662602185,0.0,6.2704985272590426,3,0.6,3,0.6,0.0,1.0,1,0.2
A_COMPLEMENT_NB,4,minutes,textual,complement_log_weight,2.4333409472736003,3.3379189673625964,0.0,2.4333409472736003,0.0,6.364600379846359,2,0.4,2,0.4,0.0,1.0,1,0.2
A_COMPLEMENT_NB,4,affect,textual,complement_log_weight,2.3855611875192246,3.2687313964175075,0.0,2.3855611875192246,0.0,6.132208379014418,2,0.4,2,0.4,0.0,1.0,1,0.2
A_COMPLEMENT_NB,4,rejection sensitivity,textual,complement_log_weight,2.384350652659485,3.267271190616388,0.0,2.384350652659485,0.0,6.136637649574291,2,0.4,2,0.4,0.0,1.0,1,0.2
A_COMPLEMENT_NB,4,running,textual,complement_log_weight,2.3843037942361187,3.2672625655255145,0.0,2.3843037942361187,0.0,6.13857162560304,2,0.4,2,0.4,0.0,1.0,1,0.2
A_COMPLEMENT_NB,4,potential,textual,complement_log_weight,2.3712565888940196,3.2480456270622087,0.0,2.3712565888940196,0.0,6.045971867532654,2,0.4,2,0.4,0.0,1.0,1,0.2
A_COMPLEMENT_NB,4,stuff,textual,complement_log_weight,2.3181271925006586,3.1742299109506646,0.0,2.3181271925006586,0.0,5.802007738836129,2,0.4,2,0.4,0.0,1.0,1,0.2
A_COMPLEMENT_NB,4,feels,textual,complement_log_weight,1.3199990715053007,2.951607654122458,0.0,1.3199990715053007,0.0,6.599995357526503,1,0.2,1,0.2,0.0,1.0,1,0.2
A_COMPLEMENT_NB,4,create,textual,complement_log_weight,1.3048309164240322,2.9176906282674824,0.0,1.3048309164240322,0.0,6.52415458212016,1,0.2,1,0.2,0.0,1.0,1,0.2
A_COMPLEMENT_NB,4,hyper,textual,complement_log_weight,1.2964588893779079,2.8989702066828817,0.0,1.2964588893779079,0.0,6.482294446889539,1,0.2,1,0.2,0.0,1.0,1,0.2
A_COMPLEMENT_NB,4,keeping,textual,complement_log_weight,1.1624768811185904,2.59937732845311,0.0,1.1624768811185904,0.0,5.812384405592952,1,0.2,1,0.2,0.0,1.0,1,0.2
A_COMPLEMENT_NB,4,interesting,textual,complement_log_weight,1.162346470637884,2.5990857217532723,0.0,1.162346470637884,0.0,5.81173235318942,1,0.2,1,0.2,0.0,1.0,1,0.2
A_COMPLEMENT_NB,4,seven,textual,complement_log_weight,1.1620196275084793,2.5983548782979446,0.0,1.1620196275084793,0.0,5.810098137542397,1,0.2,1,0.2,0.0,1.0,1,0.2
A_COMPLEMENT_NB,4,make sure,textual,complement_log_weight,5.927242758622612,0.2387194808190749,5.790371480747711,5.927242758622612,5.75862617143854,6.32314210679457,5,1.0,5,1.0,0.0,1.0,0,0.0
A_COMPLEMENT_NB,4,struggling,textual,complement_log_weight,5.925333458115256,0.2286469693113485,5.7765940919050776,5.925333458115256,5.757387837000856,6.275963168371454,5,1.0,5,1.0,0.0,1.0,0,0.0
A_COMPLEMENT_NB,4,means,textual,complement_log_weight,5.9133890561325755,0.18337723028588732,5.788514431428933,5.9133890561325755,5.779967475820989,6.178075502417343,5,1.0,5,1.0,0.0,1.0,0,0.0
A_COMPLEMENT_NB,4,therapy,textual,complement_log_weight,5.912509370717313,0.18148643208486645,5.7853227008318004,5.912509370717313,5.7742826087209504,6.133492201871565,5,1.0,5,1.0,0.0,1.0,0,0.0
A_COMPLEMENT_NB,4,try,textual,complement_log_weight,5.91162974823798,0.22067205528239073,5.761139837466699,5.91162974823798,5.7425519905344915,6.177013020848892,5,1.0,5,1.0,0.0,1.0,0,0.0
A_COMPLEMENT_NB,4,taking,textual,complement_log_weight,5.911245185624527,0.22156232771374915,5.783120469495273,5.911245185624527,5.751321667452872,6.272144110601885,5,1.0,5,1.0,0.0,1.0,0,0.0
A_COMPLEMENT_NB,4,come,textual,complement_log_weight,5.910191274016031,0.22526430181027796,5.7801301881289415,5.910191274016031,5.74954781292391,6.273519892976591,5,1.0,5,1.0,0.0,1.0,0,0.0
A_COMPLEMENT_NB,4,home,textual,complement_log_weight,5.904214070826546,0.1725642107211048,5.787584108985912,5.904214070826546,5.767868287742354,6.114134297834902,5,1.0,5,1.0,0.0,1.0,0,0.0
A_COMPLEMENT_NB,4,easily,textual,complement_log_weight,5.900379143545831,0.1742984425917887,5.792480863917808,5.900379143545831,5.764656151755835,6.126093972033012,5,1.0,5,1.0,0.0,1.0,0,0.0
A_COMPLEMENT_NB,4,adhd adhd,textual,complement_log_weight,5.899380525506661,0.17937170702232294,5.7898820981690395,5.899380525506661,5.767619978070269,6.182057061806433,5,1.0,5,1.0,0.0,1.0,0,0.0
A_COMPLEMENT_NB,4,social,textual,complement_log_weight,5.89398050529699,0.16710362688766978,5.778868226244923,5.89398050529699,5.765319981399174,6.109230391274367,5,1.0,5,1.0,0.0,1.0,0,0.0
A_COMPLEMENT_NB,4,moving,textual,complement_log_weight,5.889950067697196,0.17210782534276955,5.788887401643124,5.889950067697196,5.771370678584243,6.1754404987445,5,1.0,5,1.0,0.0,1.0,0,0.0
A_COMPLEMENT_NB,4,everybody,textual,complement_log_weight,5.888833805328442,0.16406308023787441,5.789065409483797,5.888833805328442,5.760616406364205,6.1342904182727045,5,1.0,5,1.0,0.0,1.0,0,0.0
A_COMPLEMENT_NB,4,comes,textual,complement_log_weight,5.885274145760999,0.2520252282022267,5.753570073092985,5.885274145760999,5.724434533288955,6.323835365581006,5,1.0,5,1.0,0.0,1.0,0,0.0
A_COMPLEMENT_NB,4,end,textual,complement_log_weight,5.876311130385831,0.1288041112331373,5.787243623708305,5.876311130385831,5.776318401470795,6.044031339146232,5,1.0,5,1.0,0.0,1.0,0,0.0
A_COMPLEMENT_NB,4,deficit,textual,complement_log_weight,5.874025340825456,0.16720641168146888,5.779903493714689,5.874025340825456,5.7369031744900365,6.1004309073422665,5,1.0,5,1.0,0.0,1.0,0,0.0
A_COMPLEMENT_NB,4,instead,textual,complement_log_weight,5.870976944151769,0.1985994309511583,5.731432888479107,5.870976944151769,5.7160692703950495,6.104660834629648,5,1.0,5,1.0,0.0,1.0,0,0.0
A_COMPLEMENT_NB,4,second,textual,complement_log_weight,5.86132344794613,0.1520186077179246,5.764345811996224,5.86132344794613,5.757430178484118,6.105812463544415,5,1.0,5,1.0,0.0,1.0,0,0.0
A_COMPLEMENT_NB,4,disorders,textual,complement_log_weight,5.85964786990953,0.1679591093242238,5.770546627962381,5.85964786990953,5.741126681598608,6.135593208578045,5,1.0,5,1.0,0.0,1.0,0,0.0
A_COMPLEMENT_NB,4,oh,textual,complement_log_weight,5.859634791605581,0.14417401396200843,5.7867061819751235,5.859634791605581,5.739460549910774,6.077919918702224,5,1.0,5,1.0,0.0,1.0,0,0.0
A_COMPLEMENT_NB,4,patients,textual,complement_log_weight,5.8580790264729465,0.12000111201285567,5.784936519649828,5.8580790264729465,5.761995888958911,6.019977614228083,5,1.0,5,1.0,0.0,1.0,0,0.0
A_COMPLEMENT_NB,4,wait,textual,complement_log_weight,5.857722551493603,0.12342823667543094,5.786513787692555,5.857722551493603,5.748285382461467,6.024712751241095,5,1.0,5,1.0,0.0,1.0,0,0.0
A_COMPLEMENT_NB,4,example,textual,complement_log_weight,5.856431271288244,0.11711616468871297,5.796505771970961,5.856431271288244,5.758231694673294,6.02662912639088,5,1.0,5,1.0,0.0,1.0,0,0.0
A_COMPLEMENT_NB,4,things like,textual,complement_log_weight,5.854904870948976,0.12861858751600563,5.779815521769032,5.854904870948976,5.753276257968678,6.049264362300734,5,1.0,5,1.0,0.0,1.0,0,0.0
A_COMPLEMENT_NB,4,information,textual,complement_log_weight,5.8537582468497655,0.10769871652313667,5.799270765125682,5.8537582468497655,5.746146893442806,5.999001770025618,5,1.0,5,1.0,0.0,1.0,0,0.0
A_COMPLEMENT_NB,4,making,textual,complement_log_weight,5.853689428794992,0.11570262138526481,5.792742577183989,5.853689428794992,5.744352454928379,5.99881482591753,5,1.0,5,1.0,0.0,1.0,0,0.0
A_COMPLEMENT_NB,4,video,textual,complement_log_weight,5.851795444068701,0.11901761670820223,5.776715431498411,5.851795444068701,5.749651251132441,5.992399964223516,5,1.0,5,1.0,0.0,1.0,0,0.0
A_COMPLEMENT_NB,4,health,textual,complement_log_weight,5.851360780451126,0.1207898947191414,5.7752697185766975,5.851360780451126,5.747056328634906,5.984572348190764,5,1.0,5,1.0,0.0,1.0,0,0.0
A_COMPLEMENT_NB,4,usually,textual,complement_log_weight,5.850629594023597,0.10580033733221335,5.7877050186462835,5.850629594023597,5.768516922521304,6.019230434824738,5,1.0,5,1.0,0.0,1.0,0,0.0
A_COMPLEMENT_NB,4,harder,textual,complement_log_weight,5.850009217119769,0.16494226637437284,5.771953256561388,5.850009217119769,5.736054904874051,6.136001518003142,5,1.0,5,1.0,0.0,1.0,0,0.0
A_COMPLEMENT_NB,4,control,textual,complement_log_weight,5.84486024971171,0.14822706347582473,5.751496899363767,5.84486024971171,5.73088924570323,6.050103734586914,5,1.0,5,1.0,0.0,1.0,0,0.0
A_COMPLEMENT_NB,4,happens,textual,complement_log_weight,5.841014938249507,0.13740458940616324,5.766605274933257,5.841014938249507,5.744406588174739,6.064833093103689,5,1.0,5,1.0,0.0,1.0,0,0.0
A_COMPLEMENT_NB,4,distracted,textual,complement_log_weight,5.838159135060938,0.14007397217430007,5.74803389043178,5.838159135060938,5.720428890352914,6.017474334916321,5,1.0,5,1.0,0.0,1.0,0,0.0
A_COMPLEMENT_NB,4,regulation,textual,complement_log_weight,5.838051312211208,0.14779387273598263,5.744450796359765,5.838051312211208,5.720851626938937,6.0594572456614015,5,1.0,5,1.0,0.0,1.0,0,0.0
A_COMPLEMENT_NB,4,struggle,textual,complement_log_weight,5.8365878747583855,0.19915594631166533,5.735902690872199,5.8365878747583855,5.718774465682142,6.18727295385696,5,1.0,5,1.0,0.0,1.0,0,0.0
A_COMPLEMENT_NB,4,understand,textual,complement_log_weight,5.834041485774836,0.1386409552563069,5.753433031373883,5.834041485774836,5.724468583894346,6.032781656749629,5,1.0,5,1.0,0.0,1.0,0,0.0
A_COMPLEMENT_NB,4,mental,textual,complement_log_weight,5.833900820128038,0.09986729201544949,5.776357675454932,5.833900820128038,5.751133211972478,5.986275030643537,5,1.0,5,1.0,0.0,1.0,0,0.0
A_COMPLEMENT_NB,4,sit,textual,complement_log_weight,5.831953309498385,0.13206786792209532,5.7742519618632215,5.831953309498385,5.749208955676009,6.064563203939491,5,1.0,5,1.0,0.0,1.0,0,0.0
A_COMPLEMENT_NB,4,challenges,textual,complement_log_weight,5.8271358960407635,0.1361921740936611,5.75887679442379,5.8271358960407635,5.741716766696246,6.063796390136896,5,1.0,5,1.0,0.0,1.0,0,0.0
A_COMPLEMENT_NB,4,probably,textual,complement_log_weight,5.818488623958076,0.11366168847842223,5.758445296441534,5.818488623958076,5.739295760571828,6.010770694675569,5,1.0,5,1.0,0.0,1.0,0,0.0
A_COMPLEMENT_NB,4,support,textual,complement_log_weight,5.817533489330213,0.08845076105677063,5.790529145912797,5.817533489330213,5.737590118971241,5.955926656046518,5,1.0,5,1.0,0.0,1.0,0,0.0
A_COMPLEMENT_NB,4,isn,textual,complement_log_weight,5.816443634958193,0.09510169875809019,5.78080845385501,5.816443634958193,5.730863872033492,5.960188228595177,5,1.0,5,1.0,0.0,1.0,0,0.0
A_COMPLEMENT_NB,4,okay,textual,complement_log_weight,5.816290114251121,0.10015496495054504,5.76082822753621,5.816290114251121,5.73474335731836,5.970172269968937,5,1.0,5,1.0,0.0,1.0,0,0.0
A_COMPLEMENT_NB,4,tell,textual,complement_log_weight,5.812534124690146,0.13540969878050163,5.743463549927593,5.812534124690146,5.723294458852076,6.043918282905604,5,1.0,5,1.0,0.0,1.0,0,0.0
A_COMPLEMENT_NB,4,impact,textual,complement_log_weight,5.807715768457488,0.10865938137908661,5.782125845753387,5.807715768457488,5.726299037725814,5.991923139241584,5,1.0,5,1.0,0.0,1.0,0,0.0
A_COMPLEMENT_NB,4,yeah,textual,complement_log_weight,5.805328912549834,0.10004336403121668,5.755793733851423,5.805328912549834,5.7149771645092375,5.96671410837672,5,1.0,5,1.0,0.0,1.0,0,0.0
A_COMPLEMENT_NB,4,food,textual,complement_log_weight,5.802793465654409,0.1013284092126446,5.74942543956291,5.802793465654409,5.715651810103585,5.922414839231898,5,1.0,5,1.0,0.0,1.0,0,0.0
A_COMPLEMENT_NB,4,adhd autism,textual,complement_log_weight,5.801879584596081,0.15816515909066511,5.7342404602581,5.801879584596081,5.707644803730196,6.083366425065114,5,1.0,5,1.0,0.0,1.0,0,0.0
A_COMPLEMENT_NB,4,treat,textual,complement_log_weight,5.801065931885487,0.15548530862240187,5.738131939524117,5.801065931885487,5.7152039574361355,6.077462107664492,5,1.0,5,1.0,0.0,1.0,0,0.0
A_COMPLEMENT_NB,4,dr,textual,complement_log_weight,5.799046572013113,0.06738004474794364,5.771310562886188,5.799046572013113,5.740040729485292,5.906600424877024,5,1.0,5,1.0,0.0,1.0,0,0.0
A_COMPLEMENT_NB,4,behavior,textual,complement_log_weight,5.798436462796161,0.10394251249204582,5.745505954082387,5.798436462796161,5.720726440026035,5.966606557859324,5,1.0,5,1.0,0.0,1.0,0,0.0
A_COMPLEMENT_NB,4,strategies,textual,complement_log_weight,5.796478663784177,0.06508507426900126,5.760796811292872,5.796478663784177,5.733540501271371,5.867715717194067,5,1.0,5,1.0,0.0,1.0,0,0.0
A_COMPLEMENT_NB,4,seen,textual,complement_log_weight,5.794716326336898,0.08305915878616474,5.755340139843212,5.794716326336898,5.719199113843978,5.924507113490763,5,1.0,5,1.0,0.0,1.0,0,0.0
A_COMPLEMENT_NB,4,bit,textual,complement_log_weight,5.794520149187358,0.08804528784732998,5.772080685325755,5.794520149187358,5.722956945499367,5.937342885919483,5,1.0,5,1.0,0.0,1.0,0,0.0
A_COMPLEMENT_NB,4,especially,textual,complement_log_weight,5.793576296507455,0.14505765604050083,5.724430504566385,5.793576296507455,5.709649013691043,6.049427029988606,5,1.0,5,1.0,0.0,1.0,0,0.0
A_COMPLEMENT_NB,4,inattentive,textual,complement_log_weight,5.793534419916948,0.13110233901556922,5.735470568413226,5.793534419916948,5.703839191733616,6.015896791812231,5,1.0,5,1.0,0.0,1.0,0,0.0
A_COMPLEMENT_NB,4,non,textual,complement_log_weight,5.793399496604928,0.04145074240879169,5.768943723844488,5.793399496604928,5.7570257635498665,5.851051189045549,5,1.0,5,1.0,0.0,1.0,0,0.0
A_COMPLEMENT_NB,4,answer,textual,complement_log_weight,5.79223706704431,0.07597503929343967,5.749482254883336,5.79223706704431,5.736529611720262,5.912844154424603,5,1.0,5,1.0,0.0,1.0,0,0.0
A_COMPLEMENT_NB,4,adhd diagnosis,textual,complement_log_weight,5.787967956016228,0.07999385342856326,5.746143757269678,5.787967956016228,5.721837372097549,5.904800357911955,5,1.0,5,1.0,0.0,1.0,0,0.0
A_COMPLEMENT_NB,4,criteria,textual,complement_log_weight,5.787677488924663,0.2063586464172896,5.6922004743676915,5.787677488924663,5.676773911288181,6.154888099686497,5,1.0,5,1.0,0.0,1.0,0,0.0
A_COMPLEMENT_NB,4,study,textual,complement_log_weight,5.7855310548515275,0.19238370020538417,5.716343167202441,5.7855310548515275,5.646234558894805,6.1248640802545955,5,1.0,5,1.0,0.0,1.0,0,0.0
A_COMPLEMENT_NB,4,emotions,textual,complement_log_weight,5.783679158851872,0.11752099376826655,5.742371374099286,5.783679158851872,5.701625784067295,5.991108350060498,5,1.0,5,1.0,0.0,1.0,0,0.0
A_COMPLEMENT_NB,4,big,textual,complement_log_weight,5.7830197293556225,0.08331136627430322,5.764470107336223,5.7830197293556225,5.691938616407346,5.871752168042643,5,1.0,5,1.0,0.0,1.0,0,0.0
A_COMPLEMENT_NB,4,trying,textual,complement_log_weight,5.780847935089948,0.11324735535116957,5.716372980514376,5.780847935089948,5.6878520502180105,5.939279993592924,5,1.0,5,1.0,0.0,1.0,0,0.0
A_COMPLEMENT_NB,4,impulsive,textual,complement_log_weight,5.777175206144188,0.112427127936006,5.72258890987935,5.777175206144188,5.702659320241438,5.968121923182985,5,1.0,5,1.0,0.0,1.0,0,0.0
A_COMPLEMENT_NB,4,mean,textual,complement_log_weight,5.77676270443404,0.057116300042469065,5.742766660296713,5.77676270443404,5.72513904253536,5.851802307521735,5,1.0,5,1.0,0.0,1.0,0,0.0
A_COMPLEMENT_NB,4,trouble,textual,complement_log_weight,5.7748265587502825,0.08174330969605542,5.741108000667807,5.7748265587502825,5.701498252073274,5.863332956370197,5,1.0,5,1.0,0.0,1.0,0,0.0
A_COMPLEMENT_NB,4,adult,textual,complement_log_weight,5.7745651537386395,0.14634710215824492,5.734309600446015,5.7745651537386395,5.68021600296829,6.032145428807951,5,1.0,5,1.0,0.0,1.0,0,0.0
A_COMPLEMENT_NB,4,little,textual,complement_log_weight,5.7715595183246,0.06676301267869099,5.74723461408115,5.7715595183246,5.710116224039362,5.85604227284862,5,1.0,5,1.0,0.0,1.0,0,0.0
A_COMPLEMENT_NB,4,thinking,textual,complement_log_weight,5.768685673527612,0.03520117708323066,5.76708553880461,5.768685673527612,5.7218802175014005,5.817918124844107,5,1.0,5,1.0,0.0,1.0,0,0.0
A_COMPLEMENT_NB,4,sensitivity,textual,complement_log_weight,5.766313764946224,0.08970927253399377,5.7153030714819195,5.766313764946224,5.704538603242017,5.914923976827774,5,1.0,5,1.0,0.0,1.0,0,0.0
A_COMPLEMENT_NB,4,increase,textual,complement_log_weight,5.76318724502251,0.0729958152998313,5.771404878679251,5.76318724502251,5.657137724274064,5.859254867432006,5,1.0,5,1.0,0.0,1.0,0,0.0
A_COMPLEMENT_NB,4,motivation,textual,complement_log_weight,5.75958703687585,0.041068653369114236,5.750608319475998,5.75958703687585,5.714861995541148,5.823741669180069,5,1.0,5,1.0,0.0,1.0,0,0.0
A_COMPLEMENT_NB,4,helps,textual,complement_log_weight,5.757710842307189,0.0495894026163123,5.762285513661302,5.757710842307189,5.705002914831349,5.814104926323314,5,1.0,5,1.0,0.0,1.0,0,0.0
A_COMPLEMENT_NB,4,executive,textual,complement_log_weight,5.756811468454668,0.06919718208354932,5.720726688565326,5.756811468454668,5.691455613895076,5.834585330889232,5,1.0,5,1.0,0.0,1.0,0,0.0
A_COMPLEMENT_NB,4,effects,textual,complement_log_weight,5.751909774375646,0.15622869302869105,5.697780314751481,5.751909774375646,5.648648295856272,6.028057326067756,5,1.0,5,1.0,0.0,1.0,0,0.0
A_COMPLEMENT_NB,4,constantly,textual,complement_log_weight,5.751857503001079,0.018473061251797387,5.756167175065227,5.751857503001079,5.729035884122038,5.774625927271612,5,1.0,5,1.0,0.0,1.0,0,0.0
A_COMPLEMENT_NB,4,difference,textual,complement_log_weight,5.749607662783549,0.0921777353641916,5.706157142464642,5.749607662783549,5.682305060435529,5.909672922805911,5,1.0,5,1.0,0.0,1.0,0,0.0
A_COMPLEMENT_NB,4,impulsivity,textual,complement_log_weight,5.748120897947212,0.03445354100540798,5.750751092382729,5.748120897947212,5.705371945437365,5.7855006280699,5,1.0,5,1.0,0.0,1.0,0,0.0
A_COMPLEMENT_NB,4,sure,textual,complement_log_weight,5.743031455556567,0.07999362433655541,5.718803928047799,5.743031455556567,5.681738597733166,5.881024234169749,5,1.0,5,1.0,0.0,1.0,0,0.0
A_COMPLEMENT_NB,4,music,textual,complement_log_weight,5.742167720795831,0.15262850257553587,5.6974514772647735,5.742167720795831,5.600931417170487,6.002783606213583,5,1.0,5,1.0,0.0,1.0,0,0.0
A_COMPLEMENT_NB,4,medications,textual,complement_log_weight,5.741759411027847,0.07157759557078701,5.719524716159289,5.741759411027847,5.679025213061077,5.8643703193589545,5,1.0,5,1.0,0.0,1.0,0,0.0
A_COMPLEMENT_NB,4,having,textual,complement_log_weight,5.737793842167326,0.04562238360751719,5.72217665718609,5.737793842167326,5.70077811247238,5.811554329618349,5,1.0,5,1.0,0.0,1.0,0,0.0
A_COMPLEMENT_NB,4,problem,textual,complement_log_weight,5.733178003284004,0.11868649094438813,5.688960225617677,5.733178003284004,5.637868377064918,5.9394727911838086,5,1.0,5,1.0,0.0,1.0,0,0.0
A_COMPLEMENT_NB,4,self,textual,complement_log_weight,5.731710367919492,0.05457085627352101,5.711427333235046,5.731710367919492,5.698485376074176,5.828822550238609,5,1.0,5,1.0,0.0,1.0,0,0.0
A_COMPLEMENT_NB,4,got,textual,complement_log_weight,5.7307786664937606,0.04549367861659293,5.710067712534564,5.7307786664937606,5.700377528388365,5.810583200413524,5,1.0,5,1.0,0.0,1.0,0,0.0
A_COMPLEMENT_NB,4,women,textual,complement_log_weight,5.729288843388794,0.06833689635657006,5.689181246278172,5.729288843388794,5.667819455404157,5.823164991843257,5,1.0,5,1.0,0.0,1.0,0,0.0
A_COMPLEMENT_NB,4,issues,textual,complement_log_weight,5.728858801484066,0.01839449572083326,5.720745416099382,5.728858801484066,5.715467307122466,5.760045295437967,5,1.0,5,1.0,0.0,1.0,0,0.0
A_COMPLEMENT_NB,4,better,textual,complement_log_weight,5.728361398987362,0.07357790675879457,5.701997199180893,5.728361398987362,5.67272617799912,5.857433326415974,5,1.0,5,1.0,0.0,1.0,0,0.0
A_COMPLEMENT_NB,4,doing,textual,complement_log_weight,5.723271527190047,0.04761862344323631,5.70960194714726,5.723271527190047,5.689219780612196,5.807047018644325,5,1.0,5,1.0,0.0,1.0,0,0.0
A_COMPLEMENT_NB,4,did,textual,complement_log_weight,5.7211835821145,0.050299661513236185,5.7206186701377035,5.7211835821145,5.643983369312497,5.767719497238609,5,1.0,5,1.0,0.0,1.0,0,0.0
A_COMPLEMENT_NB,4,brains,textual,complement_log_weight,5.720121661207498,0.025899624887827835,5.721057665610569,5.720121661207498,5.680572180231586,5.752452280773704,5,1.0,5,1.0,0.0,1.0,0,0.0
A_COMPLEMENT_NB,4,feel like,textual,complement_log_weight,5.717883183606349,0.015705086543140272,5.7121303320855095,5.717883183606349,5.700737485267514,5.741939216520002,5,1.0,5,1.0,0.0,1.0,0,0.0
A_COMPLEMENT_NB,4,hyperactive,textual,complement_log_weight,5.716683355316799,0.047662228154247234,5.705822111601724,5.716683355316799,5.661111951181412,5.786820596189913,5,1.0,5,1.0,0.0,1.0,0,0.0
A_COMPLEMENT_NB,4,doesn,textual,complement_log_weight,5.715666346294169,0.04537637490573237,5.699552372770994,5.715666346294169,5.668583027122698,5.787727146025911,5,1.0,5,1.0,0.0,1.0,0,0.0
A_COMPLEMENT_NB,4,talking,textual,complement_log_weight,5.7149043940344,0.046722643212106396,5.721290088244527,5.7149043940344,5.648805123763701,5.77425617799061,5,1.0,5,1.0,0.0,1.0,0,0.0
A_COMPLEMENT_NB,4,long,textual,complement_log_weight,5.7121248540215985,0.05190397712994037,5.7226455220409065,5.7121248540215985,5.633111149615906,5.768316997086392,5,1.0,5,1.0,0.0,1.0,0,0.0
A_COMPLEMENT_NB,4,sugar,textual,complement_log_weight,5.710192112772411,0.2150372711245228,5.649090623503958,5.710192112772411,5.5150649806585275,6.079080987320174,5,1.0,5,1.0,0.0,1.0,0,0.0
A_COMPLEMENT_NB,4,talk,textual,complement_log_weight,5.709473621400946,0.09477041541053394,5.703054452314613,5.709473621400946,5.588684817573764,5.853731925937437,5,1.0,5,1.0,0.0,1.0,0,0.0
A_COMPLEMENT_NB,4,sep adhd,textual,complement_log_weight,5.708618816350233,0.061387367071748744,5.715298147474544,5.708618816350233,5.619820813400029,5.791800480045379,5,1.0,5,1.0,0.0,1.0,0,0.0
A_COMPLEMENT_NB,4,able,textual,complement_log_weight,5.704208581100477,0.060443210087437124,5.7128679621254,5.704208581100477,5.6087597317244695,5.775771155788961,5,1.0,5,1.0,0.0,1.0,0,0.0
A_COMPLEMENT_NB,4,ways,textual,complement_log_weight,5.702689745307579,0.042733676805618445,5.725766593801808,5.702689745307579,5.633182646043484,5.735137221941232,5,1.0,5,1.0,0.0,1.0,0,0.0
A_COMPLEMENT_NB,4,children,textual,complement_log_weight,5.701350980998621,0.044023971715224125,5.694121811166675,5.701350980998621,5.648885349896156,5.770309876660527,5,1.0,5,1.0,0.0,1.0,0,0.0
A_COMPLEMENT_NB,4,doctor,textual,complement_log_weight,5.6980172936105244,0.01424005508708215,5.698293472457207,5.6980172936105244,5.684041906545258,5.718990597049576,5,1.0,5,1.0,0.0,1.0,0,0.0
A_COMPLEMENT_NB,4,let,textual,complement_log_weight,5.697345897013534,0.03277091824565609,5.6955566655696295,5.697345897013534,5.651518051116551,5.732189144351127,5,1.0,5,1.0,0.0,1.0,0,0.0
A_COMPLEMENT_NB,4,tend,textual,complement_log_weight,5.692988622564033,0.02576486726912998,5.686236579084407,5.692988622564033,5.67197678157772,5.737421429075504,5,1.0,5,1.0,0.0,1.0,0,0.0
A_COMPLEMENT_NB,4,diet,textual,complement_log_weight,5.692229733258809,0.10354779384139358,5.6723066432116545,5.692229733258809,5.5830612698933875,5.864180150866983,5,1.0,5,1.0,0.0,1.0,0,0.0
A_COMPLEMENT_NB,4,remember,textual,complement_log_weight,5.686965050892854,0.05245832902818116,5.701318079002849,5.686965050892854,5.616698984508982,5.74518896163032,5,1.0,5,1.0,0.0,1.0,0,0.0
A_COMPLEMENT_NB,4,rejection,textual,complement_log_weight,5.686519591702304,0.09727872674391974,5.691076152018829,5.686519591702304,5.533586998045635,5.797270423524394,5,1.0,5,1.0,0.0,1.0,0,0.0
A_COMPLEMENT_NB,4,common,textual,complement_log_weight,5.675832188868937,0.07548658798460671,5.669092617448199,5.675832188868937,5.585975225514172,5.795207442087019,5,1.0,5,1.0,0.0,1.0,0,0.0
A_COMPLEMENT_NB,4,treatment,textual,complement_log_weight,5.667605209667071,0.05701220015920661,5.700780466357715,5.667605209667071,5.578023399756053,5.713110342413482,5,1.0,5,1.0,0.0,1.0,0,0.0
A_COMPLEMENT_NB,4,task,textual,complement_log_weight,5.6672624525184325,0.03888039217985443,5.680745198689944,5.6672624525184325,5.604888727928337,5.708575477151413,5,1.0,5,1.0,0.0,1.0,0,0.0
A_COMPLEMENT_NB,4,say,textual,complement_log_weight,5.667147876627402,0.04510581162100926,5.679278796421105,5.667147876627402,5.605186414511749,5.707827909659778,5,1.0,5,1.0,0.0,1.0,0,0.0
A_COMPLEMENT_NB,4,depression,textual,complement_log_weight,5.664394167823937,0.06673401474991515,5.693289601900675,5.664394167823937,5.553899160320441,5.712592954583075,5,1.0,5,1.0,0.0,1.0,0,0.0
A_COMPLEMENT_NB,4,hard,textual,complement_log_weight,5.6622203452370075,0.05073399344948858,5.672048951883152,5.6622203452370075,5.585486254587139,5.726707684005468,5,1.0,5,1.0,0.0,1.0,0,0.0
A_COMPLEMENT_NB,4,kind,textual,complement_log_weight,5.6604185704041186,0.03878194825471297,5.645285015244344,5.6604185704041186,5.624143470350005,5.7241011116447,5,1.0,5,1.0,0.0,1.0,0,0.0
A_COMPLEMENT_NB,4,thing,textual,complement_log_weight,5.657771019087372,0.040853627807040195,5.672444225522477,5.657771019087372,5.589638152393917,5.696501443711633,5,1.0,5,1.0,0.0,1.0,0,0.0
A_COMPLEMENT_NB,4,10,textual,complement_log_weight,5.657108709322398,0.06306956852633655,5.671395684272409,5.657108709322398,5.570365424696948,5.724166237295118,5,1.0,5,1.0,0.0,1.0,0,0.0
A_COMPLEMENT_NB,4,emotional,textual,complement_log_weight,5.653313859689311,0.05121947458363264,5.672317232622198,5.653313859689311,5.5706935956463655,5.699565738163523,5,1.0,5,1.0,0.0,1.0,0,0.0
A_COMPLEMENT_NB,4,difficulty,textual,complement_log_weight,5.6526331139526915,0.07131686402429598,5.667602134765569,5.6526331139526915,5.530490542099772,5.709649047209014,5,1.0,5,1.0,0.0,1.0,0,0.0
A_COMPLEMENT_NB,4,tasks,textual,complement_log_weight,5.647258589749687,0.06937469752666872,5.674596307393582,5.647258589749687,5.523698049782128,5.686377710414217,5,1.0,5,1.0,0.0,1.0,0,0.0
A_COMPLEMENT_NB,4,adhd medication,textual,complement_log_weight,5.633910455227751,0.09854185976642814,5.659770715702873,5.633910455227751,5.529585902566167,5.772318701009066,5,1.0,5,1.0,0.0,1.0,0,0.0
A_COMPLEMENT_NB,4,low,textual,complement_log_weight,5.631096411450282,0.10083504526140802,5.6658023147319705,5.631096411450282,5.502105465678139,5.74500006536874,5,1.0,5,1.0,0.0,1.0,0,0.0
A_COMPLEMENT_NB,4,high,textual,complement_log_weight,5.630931026416159,0.08267827205262424,5.653303261582033,5.630931026416159,5.522142142337254,5.7216813046219235,5,1.0,5,1.0,0.0,1.0,0,0.0
A_COMPLEMENT_NB,4,important,textual,complement_log_weight,5.626873656701066,0.08841093122210922,5.6596583349355996,5.626873656701066,5.496385304696948,5.721321756321743,5,1.0,5,1.0,0.0,1.0,0,0.0
A_COMPLEMENT_NB,4,experience,textual,complement_log_weight,5.6254535132514345,0.0821724777266819,5.6561338228314115,5.6254535132514345,5.509992766539153,5.708768439407542,5,1.0,5,1.0,0.0,1.0,0,0.0
A_COMPLEMENT_NB,4,adults,textual,complement_log_weight,5.620764764044758,0.10436591822254651,5.682066422419643,5.620764764044758,5.485499528370672,5.71372247110657,5,1.0,5,1.0,0.0,1.0,0,0.0
A_COMPLEMENT_NB,4,stimulants,textual,complement_log_weight,5.619197452472666,0.10336796034464298,5.686204688188176,5.619197452472666,5.498625802977695,5.705639016146953,5,1.0,5,1.0,0.0,1.0,0,0.0
A_COMPLEMENT_NB,4,add,textual,complement_log_weight,5.618542963607231,0.11218300788379815,5.659740534386451,5.618542963607231,5.422582880242577,5.699571317707569,5,1.0,5,1.0,0.0,1.0,0,0.0
A_COMPLEMENT_NB,4,disorder,textual,complement_log_weight,5.613035648554172,0.11300934794587977,5.638885078444097,5.613035648554172,5.422988230515131,5.7265043912927815,5,1.0,5,1.0,0.0,1.0,0,0.0
A_COMPLEMENT_NB,4,signs adhd,textual,complement_log_weight,5.6043873913877205,0.08226674721536673,5.636927756026534,5.6043873913877205,5.470342827272665,5.6675709758587365,5,1.0,5,1.0,0.0,1.0,0,0.0
A_COMPLEMENT_NB,4,good,textual,complement_log_weight,5.604159712339819,0.10175634009274594,5.65307115229856,5.604159712339819,5.4268712120254845,5.672550727046481,5,1.0,5,1.0,0.0,1.0,0,0.0
A_COMPLEMENT_NB,4,ve,textual,complement_log_weight,5.600790658059811,0.07704717563844056,5.634543544739749,5.600790658059811,5.498741146584988,5.681001149717627,5,1.0,5,1.0,0.0,1.0,0,0.0
A_COMPLEMENT_NB,4,life,textual,complement_log_weight,5.592978736445675,0.10475023122986435,5.6278310254795745,5.592978736445675,5.416521916579507,5.6723147852364955,5,1.0,5,1.0,0.0,1.0,0,0.0
A_COMPLEMENT_NB,4,different,textual,complement_log_weight,5.591927900972904,0.11731335451752,5.641797416202489,5.591927900972904,5.382822788688455,5.659596120398378,5,1.0,5,1.0,0.0,1.0,0,0.0
A_COMPLEMENT_NB,4,kids,textual,complement_log_weight,5.591085929263205,0.09071931399257835,5.620668580452658,5.591085929263205,5.44063722854924,5.675003398805587,5,1.0,5,1.0,0.0,1.0,0,0.0
A_COMPLEMENT_NB,4,does,textual,complement_log_weight,5.589626133882957,0.056252430276680955,5.6252220510907565,5.589626133882957,5.5250847972683745,5.634614103297118,5,1.0,5,1.0,0.0,1.0,0,0.0
A_COMPLEMENT_NB,4,um,textual,complement_log_weight,5.589195242282618,0.05979622321368547,5.60588753411376,5.589195242282618,5.487020895000363,5.645121738960846,5,1.0,5,1.0,0.0,1.0,0,0.0
A_COMPLEMENT_NB,4,problems,textual,complement_log_weight,5.5891354250333105,0.07842887323571025,5.626967562822391,5.5891354250333105,5.489976672612847,5.656942723511442,5,1.0,5,1.0,0.0,1.0,0,0.0
A_COMPLEMENT_NB,4,want,textual,complement_log_weight,5.582657649298126,0.09227316942124514,5.6273885300648665,5.582657649298126,5.434353330629717,5.658696337453653,5,1.0,5,1.0,0.0,1.0,0,0.0
A_COMPLEMENT_NB,4,way,textual,complement_log_weight,5.580160244264912,0.11582388991600444,5.647401423254884,5.580160244264912,5.392943410366392,5.666477896941043,5,1.0,5,1.0,0.0,1.0,0,0.0
A_COMPLEMENT_NB,4,look,textual,complement_log_weight,5.567223168570024,0.12329105217020071,5.644207158888056,5.567223168570024,5.383379486780435,5.666602510378767,5,1.0,5,1.0,0.0,1.0,0,0.0
A_COMPLEMENT_NB,4,real,textual,complement_log_weight,5.566358221948173,0.08283633221784759,5.613615499936831,5.566358221948173,5.467476273667313,5.641505587978589,5,1.0,5,1.0,0.0,1.0,0,0.0
A_COMPLEMENT_NB,4,adhd sep,textual,complement_log_weight,5.565388993879994,0.08714980947822237,5.61688224182809,5.565388993879994,5.4498251739019805,5.6447300998281715,5,1.0,5,1.0,0.0,1.0,0,0.0
A_COMPLEMENT_NB,4,hyperactivity,textual,complement_log_weight,5.560430600020445,0.12266027570319539,5.619410676019568,5.560430600020445,5.38894636040653,5.6661109729446135,5,1.0,5,1.0,0.0,1.0,0,0.0
A_COMPLEMENT_NB,4,day,textual,complement_log_weight,5.559086757338681,0.17105510931089501,5.637935338958914,5.559086757338681,5.279414034407011,5.708171108806196,5,1.0,5,1.0,0.0,1.0,0,0.0
A_COMPLEMENT_NB,4,stimulant,textual,complement_log_weight,5.55365624864965,0.14098683694131628,5.623977027132623,5.55365624864965,5.373371539551914,5.682438100916393,5,1.0,5,1.0,0.0,1.0,0,0.0
A_COMPLEMENT_NB,4,child,textual,complement_log_weight,5.55251883890737,0.1143189986281095,5.605975174371466,5.55251883890737,5.359443684181633,5.645412067904439,5,1.0,5,1.0,0.0,1.0,0,0.0
A_COMPLEMENT_NB,4,actually,textual,complement_log_weight,5.55130936704187,0.12530307255705253,5.616084246149276,5.55130936704187,5.4073301112091645,5.660980456789911,5,1.0,5,1.0,0.0,1.0,0,0.0
A_COMPLEMENT_NB,4,getting,textual,complement_log_weight,5.538402137460324,0.10986265321096493,5.591934429493559,5.538402137460324,5.374883805789617,5.6299828552752,5,1.0,5,1.0,0.0,1.0,0,0.0
A_COMPLEMENT_NB,4,start,textual,complement_log_weight,5.534400580907176,0.1369473050798949,5.616799437561031,5.534400580907176,5.353703693416937,5.651266345795759,5,1.0,5,1.0,0.0,1.0,0,0.0
A_COMPLEMENT_NB,4,uh,textual,complement_log_weight,5.531125593669077,0.12166516272340587,5.577037609554876,5.531125593669077,5.379317008238818,5.645601390161848,5,1.0,5,1.0,0.0,1.0,0,0.0
A_COMPLEMENT_NB,4,anxiety,textual,complement_log_weight,5.5252636608409205,0.17562754110872197,5.581013888192092,5.5252636608409205,5.226557681510487,5.652107126313758,5,1.0,5,1.0,0.0,1.0,0,0.0
A_COMPLEMENT_NB,4,right,textual,complement_log_weight,5.524394521783545,0.1397248490206448,5.607865298605959,5.524394521783545,5.359006074042262,5.644911125082418,5,1.0,5,1.0,0.0,1.0,0,0.0
A_COMPLEMENT_NB,4,school,textual,complement_log_weight,5.519649973577105,0.1669405730178982,5.608164011641511,5.519649973577105,5.276615367370397,5.682788587621852,5,1.0,5,1.0,0.0,1.0,0,0.0
A_COMPLEMENT_NB,4,symptoms adhd,textual,complement_log_weight,5.509983379338552,0.1476422770616266,5.596046825049411,5.509983379338552,5.3030793685330035,5.634871620294529,5,1.0,5,1.0,0.0,1.0,0,0.0
A_COMPLEMENT_NB,4,diagnosed,textual,complement_log_weight,5.508529489715609,0.16506314359061947,5.599001513865361,5.508529489715609,5.266246933462602,5.640205865890388,5,1.0,5,1.0,0.0,1.0,0,0.0
A_COMPLEMENT_NB,4,use,textual,complement_log_weight,5.503361986340745,0.1790409432228722,5.615593176027542,5.503361986340745,5.271977675495183,5.66332265656426,5,1.0,5,1.0,0.0,1.0,0,0.0
A_COMPLEMENT_NB,4,think,textual,complement_log_weight,5.503044158014061,0.11545939422682264,5.5830359972602315,5.503044158014061,5.353829436760567,5.5889702236275625,5,1.0,5,1.0,0.0,1.0,0,0.0
A_COMPLEMENT_NB,4,dopamine,textual,complement_log_weight,5.496895108596503,0.17325466737697673,5.589760932568488,5.496895108596503,5.273021693222104,5.648382793027378,5,1.0,5,1.0,0.0,1.0,0,0.0
A_COMPLEMENT_NB,4,autism,textual,complement_log_weight,5.4877446034525885,0.17461950215706223,5.579369014409885,5.4877446034525885,5.277861417177247,5.656486221176021,5,1.0,5,1.0,0.0,1.0,0,0.0
A_COMPLEMENT_NB,4,people adhd,textual,complement_log_weight,5.472042574476749,0.20561757999178035,5.59324476752107,5.472042574476749,5.152612083044273,5.622892475358829,5,1.0,5,1.0,0.0,1.0,0,0.0
A_COMPLEMENT_NB,4,need,textual,complement_log_weight,5.470602579278234,0.20279138220303972,5.598060674800156,5.470602579278234,5.154976043060332,5.61855641025584,5,1.0,5,1.0,0.0,1.0,0,0.0
A_COMPLEMENT_NB,4,adhd symptoms,textual,complement_log_weight,5.461740924600154,0.20894864986772424,5.57732312299899,5.461740924600154,5.12176944562943,5.6179260356966125,5,1.0,5,1.0,0.0,1.0,0,0.0
A_COMPLEMENT_NB,4,work,textual,complement_log_weight,5.445120144571976,0.22522655268246844,5.57301103234837,5.445120144571976,5.129946975686167,5.634228635966595,5,1.0,5,1.0,0.0,1.0,0,0.0
A_COMPLEMENT_NB,4,help,textual,complement_log_weight,5.443941709423035,0.19777922983666663,5.549603141642571,5.443941709423035,5.178513752988996,5.612617723662077,5,1.0,5,1.0,0.0,1.0,0,0.0
A_COMPLEMENT_NB,4,ll,textual,complement_log_weight,5.434590994739169,0.2243476988015565,5.549215102961466,5.434590994739169,5.13946443314738,5.636524799388078,5,1.0,5,1.0,0.0,1.0,0,0.0
A_COMPLEMENT_NB,4,attention,textual,complement_log_weight,5.424572551165572,0.16735425857755754,5.519167048651599,5.424572551165572,5.143590045575098,5.542351160255431,5,1.0,5,1.0,0.0,1.0,0,0.0
A_COMPLEMENT_NB,4,feel,textual,complement_log_weight,5.423612179104952,0.22121328493983744,5.570314140159994,5.423612179104952,5.09527132497115,5.588344489401289,5,1.0,5,1.0,0.0,1.0,0,0.0
A_COMPLEMENT_NB,4,diagnosis,textual,complement_log_weight,5.410422260918493,0.23492805216873786,5.552025630737821,5.410422260918493,5.039487234898909,5.581842641144742,5,1.0,5,1.0,0.0,1.0,0,0.0
A_COMPLEMENT_NB,4,sleep,textual,complement_log_weight,5.408460421439399,0.23868442959442293,5.538254705324986,5.408460421439399,5.096015011172909,5.626194084281427,5,1.0,5,1.0,0.0,1.0,0,0.0
A_COMPLEMENT_NB,4,focus,textual,complement_log_weight,5.390980550748764,0.21486950767255647,5.513050530437339,5.390980550748764,5.107374807329717,5.572849610355491,5,1.0,5,1.0,0.0,1.0,0,0.0
A_COMPLEMENT_NB,4,lot,textual,complement_log_weight,5.3850567072494835,0.24000705428328623,5.528785339271734,5.3850567072494835,5.0511106536773696,5.597496823485201,5,1.0,5,1.0,0.0,1.0,0,0.0
A_COMPLEMENT_NB,4,make,textual,complement_log_weight,5.377798734139051,0.2546395325262966,5.545343002138189,5.377798734139051,5.012015095353224,5.56322606368859,5,1.0,5,1.0,0.0,1.0,0,0.0
A_COMPLEMENT_NB,4,person,textual,complement_log_weight,5.374201212833897,0.29825385219678885,5.546515223424337,5.374201212833897,4.930326451973876,5.60103730013281,5,1.0,5,1.0,0.0,1.0,0,0.0
A_COMPLEMENT_NB,4,going,textual,complement_log_weight,5.35187708718708,0.2927029364840359,5.525044027574243,5.35187708718708,4.93749616591178,5.581742032535141,5,1.0,5,1.0,0.0,1.0,0,0.0
A_COMPLEMENT_NB,4,signs,textual,complement_log_weight,5.323183829798987,0.23277580149447358,5.475473180138392,5.323183829798987,5.029941190259099,5.517546746846635,5,1.0,5,1.0,0.0,1.0,0,0.0
A_COMPLEMENT_NB,4,really,textual,complement_log_weight,5.321816033971844,0.2735814842556939,5.506156124959291,5.321816033971844,4.964726518139014,5.532974170579475,5,1.0,5,1.0,0.0,1.0,0,0.0
A_COMPLEMENT_NB,4,don,textual,complement_log_weight,5.3151027663356185,0.2785858736758708,5.495888446803934,5.3151027663356185,4.897263051954712,5.526880952964391,5,1.0,5,1.0,0.0,1.0,0,0.0
A_COMPLEMENT_NB,4,sep,textual,complement_log_weight,5.228531445379957,0.3185804239836605,5.449279186562536,5.228531445379957,4.8010089373788825,5.46267225980962,5,1.0,5,1.0,0.0,1.0,0,0.0
A_COMPLEMENT_NB,4,know,textual,complement_log_weight,5.21416118671067,0.33328956558933254,5.434418680623394,5.21416118671067,4.776204486990336,5.470647473991846,5,1.0,5,1.0,0.0,1.0,0,0.0
A_COMPLEMENT_NB,4,medication,textual,complement_log_weight,5.206221605492731,0.34982194577482706,5.398577856234789,5.206221605492731,4.800049466511403,5.50475456074424,5,1.0,5,1.0,0.0,1.0,0,0.0
A_COMPLEMENT_NB,4,things,textual,complement_log_weight,5.196045287474871,0.3399062875301427,5.431843393461058,5.196045287474871,4.720561703641689,5.442262905540245,5,1.0,5,1.0,0.0,1.0,0,0.0
A_COMPLEMENT_NB,4,time,textual,complement_log_weight,5.163742953298066,0.3684193214560636,5.378809908995146,5.163742953298066,4.671881071896637,5.495261194863844,5,1.0,5,1.0,0.0,1.0,0,0.0
A_COMPLEMENT_NB,4,brain,textual,complement_log_weight,5.135691563084178,0.4097248470119845,5.4072468125191,5.135691563084178,4.5484328078054865,5.44476664726529,5,1.0,5,1.0,0.0,1.0,0,0.0
A_COMPLEMENT_NB,4,number,textual,complement_log_weight,5.104295991347989,0.4123139913765222,5.3827143199464835,5.104295991347989,4.597647020571977,5.432829404830296,5,1.0,5,1.0,0.0,1.0,0,0.0
A_COMPLEMENT_NB,4,just,textual,complement_log_weight,5.090255118935913,0.39042812051905185,5.3473775844186235,5.090255118935913,4.565034011304799,5.384131716980714,5,1.0,5,1.0,0.0,1.0,0,0.0
A_COMPLEMENT_NB,4,people,textual,complement_log_weight,5.058760993113603,0.41275532848636726,5.320182058741805,5.058760993113603,4.478938285050108,5.3768650447463235,5,1.0,5,1.0,0.0,1.0,0,0.0
A_COMPLEMENT_NB,4,symptoms,textual,complement_log_weight,5.001304042994832,0.43454581044109897,5.283178903926749,5.001304042994832,4.364177673722536,5.323609144013446,5,1.0,5,1.0,0.0,1.0,0,0.0
A_COMPLEMENT_NB,4,like,textual,complement_log_weight,4.874403723771804,0.4886647444965645,5.195026667337969,4.874403723771804,4.191119756180578,5.236225091584189,5,1.0,5,1.0,0.0,1.0,0,0.0
A_COMPLEMENT_NB,4,autistic,textual,complement_log_weight,4.800930627141099,2.694143404466454,5.794165896365038,4.800930627141099,0.0,6.352865468539119,4,0.8,4,0.8,0.0,1.0,0,0.0
A_COMPLEMENT_NB,4,playing,textual,complement_log_weight,4.796814516402767,2.6917305808767633,5.783207916166367,4.796814516402767,0.0,6.346864364943074,4,0.8,4,0.8,0.0,1.0,0,0.0
A_COMPLEMENT_NB,4,treating adhd,textual,complement_log_weight,4.793292137916884,2.688630802227611,5.78153854817301,4.793292137916884,0.0,6.298750101436358,4,0.8,4,0.8,0.0,1.0,0,0.0
A_COMPLEMENT_NB,4,differently,textual,complement_log_weight,4.781160744532665,2.6795947586496704,5.789778859158749,4.781160744532665,0.0,6.218223973344588,4,0.8,4,0.8,0.0,1.0,0,0.0
A_COMPLEMENT_NB,4,sensitive,textual,complement_log_weight,4.774591864477611,2.6763420777009497,5.782587552142065,4.774591864477611,0.0,6.244353249609215,4,0.8,4,0.8,0.0,1.0,0,0.0
A_COMPLEMENT_NB,4,maybe,textual,complement_log_weight,4.772562890892608,2.676084297265591,5.784467742878254,4.772562890892608,0.0,6.291356421997065,4,0.8,4,0.8,0.0,1.0,0,0.0
A_COMPLEMENT_NB,4,इपर,textual,complement_log_weight,4.769849972627893,2.677611083689972,5.784783757877954,4.769849972627893,0.0,6.3693733526119765,4,0.8,4,0.8,0.0,1.0,0,0.0
A_COMPLEMENT_NB,4,looking,textual,complement_log_weight,4.766917029890736,2.670893578436335,5.796695128971895,4.766917029890736,0.0,6.2209742286459555,4,0.8,4,0.8,0.0,1.0,0,0.0
A_COMPLEMENT_NB,4,meds,textual,complement_log_weight,4.766249592946029,2.673718260760701,5.7671355399236965,4.766249592946029,0.0,6.309498326842283,4,0.8,4,0.8,0.0,1.0,0,0.0
A_COMPLEMENT_NB,4,kid,textual,complement_log_weight,4.766172471037563,2.6704397813742613,5.788561768260969,4.766172471037563,0.0,6.186528760771755,4,0.8,4,0.8,0.0,1.0,0,0.0
A_COMPLEMENT_NB,4,mind,textual,complement_log_weight,4.760099628578308,2.667821640270158,5.7794572550406365,4.760099628578308,0.0,6.234090123671739,4,0.8,4,0.8,0.0,1.0,0,0.0
A_COMPLEMENT_NB,4,phone,textual,complement_log_weight,4.753321745782418,2.663393440636782,5.780054193288471,4.753321745782418,0.0,6.209930861538183,4,0.8,4,0.8,0.0,1.0,0,0.0
A_COMPLEMENT_NB,4,love,textual,complement_log_weight,4.747720553850611,2.660228348494748,5.779958802463981,4.747720553850611,0.0,6.2131485266175375,4,0.8,4,0.8,0.0,1.0,0,0.0
A_COMPLEMENT_NB,4,options,textual,complement_log_weight,4.740038910910182,2.6560014244806407,5.774791141076038,4.740038910910182,0.0,6.2202072620129005,4,0.8,4,0.8,0.0,1.0,0,0.0
A_COMPLEMENT_NB,4,years,textual,complement_log_weight,4.737280111726252,2.6519910006578225,5.7970981207559555,4.737280111726252,0.0,6.116171327761509,4,0.8,4,0.8,0.0,1.0,0,0.0
A_COMPLEMENT_NB,4,treating,textual,complement_log_weight,4.73311454194535,2.652308856117488,5.748308721484133,4.73311454194535,0.0,6.190494831727284,4,0.8,4,0.8,0.0,1.0,0,0.0
A_COMPLEMENT_NB,4,adhd women,textual,complement_log_weight,4.730897894933061,2.6496661091495377,5.758001273204784,4.730897894933061,0.0,6.088389821875686,4,0.8,4,0.8,0.0,1.0,0,0.0
A_COMPLEMENT_NB,4,activity,textual,complement_log_weight,4.727788722175701,2.646554031416549,5.7766893159619865,4.727788722175701,0.0,6.082214791770253,4,0.8,4,0.8,0.0,1.0,0,0.0
A_COMPLEMENT_NB,4,lack,textual,complement_log_weight,4.724848433516823,2.6444434518382813,5.786241817967418,4.724848433516823,0.0,6.050060204411397,4,0.8,4,0.8,0.0,1.0,0,0.0
A_COMPLEMENT_NB,4,explained,textual,complement_log_weight,4.720335490870887,2.6480472384147666,5.77514689963595,4.720335490870887,0.0,6.284399048051282,4,0.8,4,0.8,0.0,1.0,0,0.0
A_COMPLEMENT_NB,4,present,textual,complement_log_weight,4.719774446537565,2.647355860971278,5.766420150091114,4.719774446537565,0.0,6.275405791463415,4,0.8,4,0.8,0.0,1.0,0,0.0
A_COMPLEMENT_NB,4,feelings,textual,complement_log_weight,4.7177650304247205,2.6402288963511737,5.7835971624049405,4.7177650304247205,0.0,6.064575629664706,4,0.8,4,0.8,0.0,1.0,0,0.0
A_COMPLEMENT_NB,4,parents,textual,complement_log_weight,4.714211865419523,2.64517246760935,5.751976474015823,4.714211865419523,0.0,6.287247837211044,4,0.8,4,0.8,0.0,1.0,0,0.0
A_COMPLEMENT_NB,4,physical,textual,complement_log_weight,4.7120563197526835,2.6365491221718624,5.788499894906275,4.7120563197526835,0.0,6.011129223706419,4,0.8,4,0.8,0.0,1.0,0,0.0
A_COMPLEMENT_NB,4,overwhelmed,textual,complement_log_weight,4.710097474733427,2.6358131175573187,5.774992352021908,4.710097474733427,0.0,6.031577768564399,4,0.8,4,0.8,0.0,1.0,0,0.0
A_COMPLEMENT_NB,4,sensory,textual,complement_log_weight,4.707169683603533,2.6346929182594008,5.765357824675358,4.707169683603533,0.0,6.053107907677496,4,0.8,4,0.8,0.0,1.0,0,0.0
A_COMPLEMENT_NB,4,function,textual,complement_log_weight,4.698812877515069,2.631292612671607,5.783531042744804,4.698812877515069,0.0,6.142190869330382,4,0.8,4,0.8,0.0,1.0,0,0.0
A_COMPLEMENT_NB,4,exercise,textual,complement_log_weight,4.69847318168593,2.6290404775554634,5.7667006373231215,4.69847318168593,0.0,5.993320331488993,4,0.8,4,0.8,0.0,1.0,0,0.0
A_COMPLEMENT_NB,4,adhd real,textual,complement_log_weight,4.693741121718996,2.628777361873261,5.721051412406702,4.693741121718996,0.0,6.103500660076647,4,0.8,4,0.8,0.0,1.0,0,0.0
A_COMPLEMENT_NB,4,protein,textual,complement_log_weight,4.690106571076993,2.628259661182201,5.760827038987087,4.690106571076993,0.0,6.180239566924256,4,0.8,4,0.8,0.0,1.0,0,0.0
A_COMPLEMENT_NB,4,dysfunction,textual,complement_log_weight,4.6889571330597635,2.6243330793281574,5.789517932093948,4.6889571330597635,0.0,6.0827488627052,4,0.8,4,0.8,0.0,1.0,0,0.0
A_COMPLEMENT_NB,4,best,textual,complement_log_weight,4.685658917299226,2.6235440098325857,5.777984542064046,4.685658917299226,0.0,6.11291893219227,4,0.8,4,0.8,0.0,1.0,0,0.0
A_COMPLEMENT_NB,4,turn,textual,complement_log_weight,4.684991556690988,2.6226440473832557,5.783661194367908,4.684991556690988,0.0,6.095360989905514,4,0.8,4,0.8,0.0,1.0,0,0.0
A_COMPLEMENT_NB,4,called,textual,complement_log_weight,4.681231620259626,2.6190179282626618,5.759238619945041,4.681231620259626,0.0,6.014755951751503,4,0.8,4,0.8,0.0,1.0,0,0.0
A_COMPLEMENT_NB,4,एक,textual,complement_log_weight,4.680845324102553,2.6206250155383666,5.784783757877954,4.680845324102553,0.0,6.096245465105686,4,0.8,4,0.8,0.0,1.0,0,0.0
A_COMPLEMENT_NB,4,adhd just,textual,complement_log_weight,4.66803203905606,2.6121381975618556,5.771711113139765,4.66803203905606,0.0,6.0376100375473065,4,0.8,4,0.8,0.0,1.0,0,0.0
A_COMPLEMENT_NB,4,drugs,textual,complement_log_weight,4.664809733247375,2.6092897492169476,5.762125190956014,4.664809733247375,0.0,5.961177943309922,4,0.8,4,0.8,0.0,1.0,0,0.0
A_COMPLEMENT_NB,4,unable,textual,complement_log_weight,4.659870697551388,2.6074825008817246,5.752318091267396,4.659870697551388,0.0,6.02268620716644,4,0.8,4,0.8,0.0,1.0,0,0.0
A_COMPLEMENT_NB,4,understanding,textual,complement_log_weight,4.657676599453088,2.606782004220008,5.749502662350671,4.657676599453088,0.0,6.040726938313101,4,0.8,4,0.8,0.0,1.0,0,0.0
A_COMPLEMENT_NB,4,quickly,textual,complement_log_weight,4.651738831818944,2.6012614284131677,5.7840025354907345,4.651738831818944,0.0,5.915633258999551,4,0.8,4,0.8,0.0,1.0,0,0.0
A_COMPLEMENT_NB,4,late,textual,complement_log_weight,4.648460859229549,2.599420406940131,5.753228532885244,4.648460859229549,0.0,5.90757197774576,4,0.8,4,0.8,0.0,1.0,0,0.0
A_COMPLEMENT_NB,4,type,textual,complement_log_weight,4.646519831289859,2.5983786576354344,5.761153968692062,4.646519831289859,0.0,5.924397362535507,4,0.8,4,0.8,0.0,1.0,0,0.0
A_COMPLEMENT_NB,4,likely,textual,complement_log_weight,4.632524691313139,2.5902056917368297,5.76273344158305,4.632524691313139,0.0,5.87918135335428,4,0.8,4,0.8,0.0,1.0,0,0.0
A_COMPLEMENT_NB,4,foods,textual,complement_log_weight,4.603804035137564,2.5742902301376787,5.720356658449381,4.603804035137564,0.0,5.857593010312922,4,0.8,4,0.8,0.0,1.0,0,0.0
A_COMPLEMENT_NB,4,neurotypical,textual,complement_log_weight,4.60000958750754,2.571651730000139,5.726051296873881,4.60000958750754,0.0,5.7832888707397245,4,0.8,4,0.8,0.0,1.0,0,0.0
A_COMPLEMENT_NB,4,term,textual,complement_log_weight,4.595570082414021,2.569232254218988,5.736744720063312,4.595570082414021,0.0,5.796167450212535,4,0.8,4,0.8,0.0,1.0,0,0.0
A_COMPLEMENT_NB,4,relationships,textual,complement_log_weight,4.589505809768744,2.565857594330082,5.718497648387017,4.589505809768744,0.0,5.795812696849592,4,0.8,4,0.8,0.0,1.0,0,0.0
A_COMPLEMENT_NB,4,adhd,textual,complement_log_weight,4.245344348998008,0.6642649715447464,4.712064950916766,4.245344348998008,3.381634312195639,4.732751919284822,5,1.0,5,1.0,0.0,1.0,0,0.0
A_COMPLEMENT_NB,4,family,textual,complement_log_weight,3.6324675130422897,3.3207398596575,5.781963458113697,3.6324675130422897,0.0,6.27799673923421,3,0.6,3,0.6,0.0,1.0,0,0.0
A_COMPLEMENT_NB,4,experts answer,textual,complement_log_weight,3.612435029802923,3.3009758090249806,5.782971039189423,3.612435029802923,0.0,6.171371256438434,3,0.6,3,0.6,0.0,1.0,0,0.0
A_COMPLEMENT_NB,4,early,textual,complement_log_weight,3.600896488632567,3.2915052264079026,5.767898754952499,3.600896488632567,0.0,6.246076828441488,3,0.6,3,0.6,0.0,1.0,0,0.0
A_COMPLEMENT_NB,4,answer sep,textual,complement_log_weight,3.5957808022663102,3.285210508037865,5.7767184664461535,3.5957808022663102,0.0,6.1283686018462085,3,0.6,3,0.6,0.0,1.0,0,0.0
A_COMPLEMENT_NB,4,management,textual,complement_log_weight,3.585067739261885,3.2759358454119787,5.7809629905685584,3.585067739261885,0.0,6.19074667600088,3,0.6,3,0.6,0.0,1.0,0,0.0
A_COMPLEMENT_NB,4,experts,textual,complement_log_weight,3.5831201719252457,3.2730059535900327,5.782971039189423,3.5831201719252457,0.0,6.087710017736153,3,0.6,3,0.6,0.0,1.0,0,0.0
A_COMPLEMENT_NB,4,intense,textual,complement_log_weight,3.576987436503953,3.267545463026139,5.776151973054341,3.576987436503953,0.0,6.1106854817358265,3,0.6,3,0.6,0.0,1.0,0,0.0
A_COMPLEMENT_NB,4,audhd,textual,complement_log_weight,3.574822794762855,3.2665853301203738,5.769575621205518,3.574822794762855,0.0,6.177132565482064,3,0.6,3,0.6,0.0,1.0,0,0.0
A_COMPLEMENT_NB,4,job,textual,complement_log_weight,3.5446848332027487,3.2370746348259436,5.761837366133879,3.5446848332027487,0.0,5.983281382592285,3,0.6,3,0.6,0.0,1.0,0,0.0
A_COMPLEMENT_NB,4,little bit,textual,complement_log_weight,3.543818767874252,3.239384323693396,5.767382193799837,3.543818767874252,0.0,6.179936058535978,3,0.6,3,0.6,0.0,1.0,0,0.0
A_COMPLEMENT_NB,4,short,textual,complement_log_weight,3.5412591540675367,3.2361081699042895,5.777471549098607,3.5412591540675367,0.0,6.144085674850473,3,0.6,3,0.6,0.0,1.0,0,0.0
A_COMPLEMENT_NB,4,small,textual,complement_log_weight,3.5335644772554153,3.2284220901119527,5.772307145127818,3.5335644772554153,0.0,6.105958661021894,3,0.6,3,0.6,0.0,1.0,0,0.0
A_COMPLEMENT_NB,4,struggles,textual,complement_log_weight,3.5296921401384034,3.2248221748428305,5.76403890212055,3.5296921401384034,0.0,6.096580666187918,3,0.6,3,0.6,0.0,1.0,0,0.0
A_COMPLEMENT_NB,4,poor,textual,complement_log_weight,3.525562403684119,3.219408110124668,5.750090264089885,3.525562403684119,0.0,5.975127581377893,3,0.6,3,0.6,0.0,1.0,0,0.0
A_COMPLEMENT_NB,4,using,textual,complement_log_weight,3.5232837920495497,3.2197457435102943,5.738349883211532,3.5232837920495497,0.0,6.114778850559923,3,0.6,3,0.6,0.0,1.0,0,0.0
A_COMPLEMENT_NB,4,neurotypical person,textual,complement_log_weight,3.5229213559491726,3.218511597073687,5.762096856808722,3.5229213559491726,0.0,6.080180396498652,3,0.6,3,0.6,0.0,1.0,0,0.0
A_COMPLEMENT_NB,4,long term,textual,complement_log_weight,3.5137651520163913,3.2088937575948977,5.773764767927241,3.5137651520163913,0.0,6.003909084306104,3,0.6,3,0.6,0.0,1.0,0,0.0
A_COMPLEMENT_NB,4,diagnostic,textual,complement_log_weight,3.5088956452699365,3.204255077035647,5.777510109088505,3.5088956452699365,0.0,5.984363305421252,3,0.6,3,0.6,0.0,1.0,0,0.0
A_COMPLEMENT_NB,4,traits,textual,complement_log_weight,3.5079640492258988,3.20344220412556,5.770760899573733,3.5079640492258988,0.0,5.98494471839892,3,0.6,3,0.6,0.0,1.0,0,0.0
A_COMPLEMENT_NB,4,girls,textual,complement_log_weight,3.507395359900589,3.2030159659097897,5.771308250960678,3.507395359900589,0.0,5.989789966190397,3,0.6,3,0.6,0.0,1.0,0,0.0
A_COMPLEMENT_NB,4,point,textual,complement_log_weight,3.5039731263080265,3.1997424002028816,5.7658165335038705,3.5039731263080265,0.0,5.974668449284615,3,0.6,3,0.6,0.0,1.0,0,0.0
A_COMPLEMENT_NB,4,condition,textual,complement_log_weight,3.493779910087354,3.1906678422060133,5.743751948159137,3.493779910087354,0.0,5.971444890551841,3,0.6,3,0.6,0.0,1.0,0,0.0
A_COMPLEMENT_NB,4,works,textual,complement_log_weight,3.4910768848011116,3.1875382949464104,5.75664482543985,3.4910768848011116,0.0,5.9217468024488396,3,0.6,3,0.6,0.0,1.0,0,0.0
A_COMPLEMENT_NB,4,supplements,textual,complement_log_weight,3.4870599948530243,3.1838253843793067,5.759438865861194,3.4870599948530243,0.0,5.911791878424689,3,0.6,3,0.6,0.0,1.0,0,0.0
A_COMPLEMENT_NB,4,key,textual,complement_log_weight,3.4834187475126415,3.1809781576836613,5.7329174564205045,3.4834187475126415,0.0,5.940039058675924,3,0.6,3,0.6,0.0,1.0,0,0.0
A_COMPLEMENT_NB,4,shorts,textual,complement_log_weight,3.4828974796860748,3.1800833170291023,5.742510953069979,3.4828974796860748,0.0,5.908942887893313,3,0.6,3,0.6,0.0,1.0,0,0.0
A_COMPLEMENT_NB,4,lots,textual,complement_log_weight,3.482193002270003,3.1794943594122405,5.743300572552864,3.482193002270003,0.0,5.912508316645489,3,0.6,3,0.6,0.0,1.0,0,0.0
A_COMPLEMENT_NB,4,activities,textual,complement_log_weight,3.4727192711510453,3.170144538728543,5.7867947696479485,3.4727192711510453,0.0,5.788599247104652,3,0.6,3,0.6,0.0,1.0,0,0.0
A_COMPLEMENT_NB,4,iron,textual,complement_log_weight,3.4712638415157224,3.168816005967858,5.7839390406407505,3.4712638415157224,0.0,5.786745001560805,3,0.6,3,0.6,0.0,1.0,0,0.0
A_COMPLEMENT_NB,4,complete,textual,complement_log_weight,3.4694186042732027,3.167134103900781,5.775879397350837,3.4694186042732027,0.0,5.78731088237152,3,0.6,3,0.6,0.0,1.0,0,0.0
A_COMPLEMENT_NB,4,natural,textual,complement_log_weight,3.468296879453755,3.166118982297535,5.772537033123125,3.468296879453755,0.0,5.794436222866875,3,0.6,3,0.6,0.0,1.0,0,0.0
A_COMPLEMENT_NB,4,somebody,textual,complement_log_weight,3.4665031202218133,3.1644755632099546,5.7689565191241865,3.4665031202218133,0.0,5.785849696193306,3,0.6,3,0.6,0.0,1.0,0,0.0
A_COMPLEMENT_NB,4,levels,textual,complement_log_weight,3.463463809922321,3.161861641281329,5.744060630144621,3.463463809922321,0.0,5.825334654919523,3,0.6,3,0.6,0.0,1.0,0,0.0
A_COMPLEMENT_NB,4,mood,textual,complement_log_weight,3.438270759970654,3.138705185388711,5.719738533842246,3.438270759970654,0.0,5.739180782971292,3,0.6,3,0.6,0.0,1.0,0,0.0
A_COMPLEMENT_NB,4,structure,textual,complement_log_weight,2.4594229875670357,3.3680308400460452,0.0,2.4594229875670357,0.0,6.2149510669009365,2,0.4,2,0.4,0.0,1.0,0,0.0
A_COMPLEMENT_NB,4,like adhd,textual,complement_log_weight,2.4380084155114345,3.344928849848509,0.0,2.4380084155114345,0.0,6.3908742848408515,2,0.4,2,0.4,0.0,1.0,0,0.0
A_COMPLEMENT_NB,4,executive function,textual,complement_log_weight,2.4337175094893246,3.338754320034033,0.0,2.4337175094893246,0.0,6.37305385425882,2,0.4,2,0.4,0.0,1.0,0,0.0
A_COMPLEMENT_NB,4,blindness,textual,complement_log_weight,2.4155336276566843,3.3124313535580328,0.0,2.4155336276566843,0.0,6.291604311244341,2,0.4,2,0.4,0.0,1.0,0,0.0
A_COMPLEMENT_NB,4,sign,textual,complement_log_weight,2.395138733319459,3.283147218456063,0.0,2.395138733319459,0.0,6.201213880156361,2,0.4,2,0.4,0.0,1.0,0,0.0
A_COMPLEMENT_NB,4,adhd like,textual,complement_log_weight,2.389502597183818,3.2752001103421873,0.0,2.389502597183818,0.0,6.179697123397435,2,0.4,2,0.4,0.0,1.0,0,0.0
A_COMPLEMENT_NB,4,fast,textual,complement_log_weight,2.381803524380322,3.2614520088718906,0.0,2.381803524380322,0.0,5.975324779208783,2,0.4,2,0.4,0.0,1.0,0,0.0
A_COMPLEMENT_NB,4,improve,textual,complement_log_weight,2.3710975041835365,3.2481356850923087,0.0,2.3710975041835365,0.0,6.061471856777187,2,0.4,2,0.4,0.0,1.0,0,0.0
A_COMPLEMENT_NB,4,inattention,textual,complement_log_weight,2.367110396002689,3.243377895313799,0.0,2.367110396002689,0.0,6.081961077272014,2,0.4,2,0.4,0.0,1.0,0,0.0
A_COMPLEMENT_NB,4,reduce,textual,complement_log_weight,2.364267384155684,3.238979911918354,0.0,2.364267384155684,0.0,6.053429626108078,2,0.4,2,0.4,0.0,1.0,0,0.0
A_COMPLEMENT_NB,4,psychologist,textual,complement_log_weight,2.360408580678828,3.2335297892743324,0.0,2.360408580678828,0.0,6.035918791239452,2,0.4,2,0.4,0.0,1.0,0,0.0
A_COMPLEMENT_NB,4,trauma,textual,complement_log_weight,2.35907325710642,3.2315094514700156,0.0,2.35907325710642,0.0,6.023009909260581,2,0.4,2,0.4,0.0,1.0,0,0.0
A_COMPLEMENT_NB,4,shown,textual,complement_log_weight,2.3576985075730845,3.2294750155035357,0.0,2.3576985075730845,0.0,6.01143971681616,2,0.4,2,0.4,0.0,1.0,0,0.0
A_COMPLEMENT_NB,4,worse,textual,complement_log_weight,2.3567227129708748,3.22802707092426,0.0,2.3567227129708748,0.0,6.002645603995742,2,0.4,2,0.4,0.0,1.0,0,0.0
A_COMPLEMENT_NB,4,helpful,textual,complement_log_weight,2.348797423460103,3.2170664675544685,0.0,2.348797423460103,0.0,5.976148739168142,2,0.4,2,0.4,0.0,1.0,0,0.0
A_COMPLEMENT_NB,4,types,textual,complement_log_weight,2.343979403678131,3.2103038213402963,0.0,2.343979403678131,0.0,5.953240161404432,2,0.4,2,0.4,0.0,1.0,0,0.0
A_COMPLEMENT_NB,4,college,textual,complement_log_weight,2.335170488456669,3.1981250283629725,0.0,2.335170488456669,0.0,5.922648449554504,2,0.4,2,0.4,0.0,1.0,0,0.0
A_COMPLEMENT_NB,4,ocd,textual,complement_log_weight,2.332519253491374,3.194547141809353,0.0,2.332519253491374,0.0,5.919842630055321,2,0.4,2,0.4,0.0,1.0,0,0.0
A_COMPLEMENT_NB,4,एड,textual,complement_log_weight,2.325319122760665,3.184427042204953,0.0,2.325319122760665,0.0,5.880322721789827,2,0.4,2,0.4,0.0,1.0,0,0.0
A_COMPLEMENT_NB,4,cause,textual,complement_log_weight,2.318475150703861,3.174705269423817,0.0,2.318475150703861,0.0,5.801733487398579,2,0.4,2,0.4,0.0,1.0,0,0.0
A_COMPLEMENT_NB,4,play,textual,complement_log_weight,2.31640473512785,3.171867880393984,0.0,2.31640473512785,0.0,5.791927201041852,2,0.4,2,0.4,0.0,1.0,0,0.0
A_COMPLEMENT_NB,4,executive dysfunction,textual,complement_log_weight,2.315846549107835,3.1711036730818054,0.0,2.315846549107835,0.0,5.791154085627247,2,0.4,2,0.4,0.0,1.0,0,0.0
A_COMPLEMENT_NB,4,test,textual,complement_log_weight,2.315349844780607,3.1704233920527667,0.0,2.315349844780607,0.0,5.789136701061338,2,0.4,2,0.4,0.0,1.0,0,0.0
A_COMPLEMENT_NB,4,based,textual,complement_log_weight,2.314385663573534,3.1691046936923586,0.0,2.314385663573534,0.0,5.790477482069933,2,0.4,2,0.4,0.0,1.0,0,0.0
A_COMPLEMENT_NB,4,include,textual,complement_log_weight,2.312010744974069,3.1658547493738656,0.0,2.312010744974069,0.0,5.786829066696137,2,0.4,2,0.4,0.0,1.0,0,0.0
A_COMPLEMENT_NB,4,needs,textual,complement_log_weight,2.3116623258702296,3.165380241656334,0.0,2.3116623258702296,0.0,5.788043466644697,2,0.4,2,0.4,0.0,1.0,0,0.0
A_COMPLEMENT_NB,4,won,textual,complement_log_weight,1.2668224433194193,2.832701098684596,0.0,1.2668224433194193,0.0,6.334112216597096,1,0.2,1,0.2,0.0,1.0,0,0.0
A_COMPLEMENT_NB,4,time blindness,textual,complement_log_weight,1.2583208622488682,2.8136909854946186,0.0,1.2583208622488682,0.0,6.291604311244341,1,0.2,1,0.2,0.0,1.0,0,0.0
A_COMPLEMENT_NB,4,research,textual,complement_log_weight,1.2451315363699813,2.78419875625203,0.0,1.2451315363699813,0.0,6.225657681849906,1,0.2,1,0.2,0.0,1.0,0,0.0
A_COMPLEMENT_NB,4,changes,textual,complement_log_weight,1.2235593924605563,2.7359619760501475,0.0,1.2235593924605563,0.0,6.117796962302782,1,0.2,1,0.2,0.0,1.0,0,0.0
A_COMPLEMENT_NB,4,adderall,textual,complement_log_weight,1.2058834792084776,2.6964374324541103,0.0,1.2058834792084776,0.0,6.029417396042388,1,0.2,1,0.2,0.0,1.0,0,0.0
A_COMPLEMENT_NB,4,absolutely,textual,complement_log_weight,1.2051751125475938,2.6948534764473795,0.0,1.2051751125475938,0.0,6.025875562737969,1,0.2,1,0.2,0.0,1.0,0,0.0
A_COMPLEMENT_NB,4,learn,textual,complement_log_weight,1.1600255164562148,2.5938959104303976,0.0,1.1600255164562148,0.0,5.800127582281074,1,0.2,1,0.2,0.0,1.0,0,0.0
A_COMPLEMENT_NB,4,place,textual,complement_log_weight,1.159474857721919,2.5926646000681077,0.0,1.159474857721919,0.0,5.7973742886095945,1,0.2,1,0.2,0.0,1.0,0,0.0
A_COMPLEMENT_NB,4,aren,textual,complement_log_weight,1.15924557756751,2.5921519140569576,0.0,1.15924557756751,0.0,5.796227887837549,1,0.2,1,0.2,0.0,1.0,0,0.0
A_COMPLEMENT_NB,4,focusing,textual,complement_log_weight,1.1582423374058992,2.5899086008578376,0.0,1.1582423374058992,0.0,5.791211687029496,1,0.2,1,0.2,0.0,1.0,0,0.0
A_COMPLEMENT_NB,4,effective,textual,complement_log_weight,1.1580051301348286,2.589378189274967,0.0,1.1580051301348286,0.0,5.790025650674143,1,0.2,1,0.2,0.0,1.0,0,0.0
A_COMPLEMENT_NB,4,happen,textual,complement_log_weight,1.1579722475989285,2.5893046616894217,0.0,1.1579722475989285,0.0,5.789861237994643,1,0.2,1,0.2,0.0,1.0,0,0.0
A_COMPLEMENT_NB,4,losing,textual,complement_log_weight,1.1563755081447253,2.5857342437274675,0.0,1.1563755081447253,0.0,5.7818775407236265,1,0.2,1,0.2,0.0,1.0,0,0.0
A_COMPLEMENT_NB,4,seconds,textual,complement_log_weight,1.1563238164011083,2.5856186574748645,0.0,1.1563238164011083,0.0,5.781619082005541,1,0.2,1,0.2,0.0,1.0,0,0.0
A_COMPLEMENT_NB,4,stay,textual,complement_log_weight,1.156309588428882,2.5855868427617845,0.0,1.156309588428882,0.0,5.78154794214441,1,0.2,1,0.2,0.0,1.0,0,0.0
A_COMPLEMENT_NB,4,class,textual,complement_log_weight,1.1561937701334273,2.5853278651801097,0.0,1.1561937701334273,0.0,5.780968850667136,1,0.2,1,0.2,0.0,1.0,0,0.0
A_COMPLEMENT_NB,4,question,textual,complement_log_weight,1.1551970567915468,2.583099146393584,0.0,1.1551970567915468,0.0,5.775985283957734,1,0.2,1,0.2,0.0,1.0,0,0.0
A_COMPLEMENT_NB,4,diagnosed adhd,textual,complement_log_weight,1.1550696972277017,2.5828143617512413,0.0,1.1550696972277017,0.0,5.775348486138508,1,0.2,1,0.2,0.0,1.0,0,0.0
A_COMPLEMENT_NB,4,typically,textual,complement_log_weight,1.1546900327356997,2.5819654061384822,0.0,1.1546900327356997,0.0,5.773450163678499,1,0.2,1,0.2,0.0,1.0,0,0.0
A_COMPLEMENT_NB,4,hours,textual,complement_log_weight,1.1535960935122511,2.5795192836715977,0.0,1.1535960935122511,0.0,5.767980467561255,1,0.2,1,0.2,0.0,1.0,0,0.0
A_COMPLEMENT_NB,4,adhd brains,textual,complement_log_weight,1.1505889355766177,2.5727950741084435,0.0,1.1505889355766177,0.0,5.752944677883089,1,0.2,1,0.2,0.0,1.0,0,0.0
