condition,fold,class_label,feature_index,feature,feature_group,weight_type,weight,absolute_weight,direction,absolute_rank,positive_rank,negative_rank
A_LOGISTIC_REGRESSION,final_training_fit,1,5,adhd,textual,coefficient,0.1370990740490245,0.1370990740490245,positive,1,1,300
A_LOGISTIC_REGRESSION,final_training_fit,1,34,brain,textual,coefficient,-0.1260201126633049,0.1260201126633049,negative,2,300,1
A_LOGISTIC_REGRESSION,final_training_fit,1,69,don,textual,coefficient,-0.11919785350835871,0.11919785350835871,negative,3,299,2
A_LOGISTIC_REGRESSION,final_training_fit,1,230,signs,textual,coefficient,0.11484275243193771,0.11484275243193771,positive,4,2,299
A_LOGISTIC_REGRESSION,final_training_fit,1,250,symptoms,textual,coefficient,0.11440728957874302,0.11440728957874302,positive,5,3,298
A_LOGISTIC_REGRESSION,final_training_fit,1,54,diagnosis,textual,coefficient,0.10109584041596731,0.10109584041596731,positive,6,4,297
A_LOGISTIC_REGRESSION,final_training_fit,1,70,dopamine,textual,coefficient,-0.09916502924636904,0.09916502924636904,negative,7,298,3
A_LOGISTIC_REGRESSION,final_training_fit,1,218,school,textual,coefficient,0.09684852743501267,0.09684852743501267,positive,8,5,296
A_LOGISTIC_REGRESSION,final_training_fit,1,204,problems,textual,coefficient,0.08932309955482289,0.08932309955482289,positive,9,6,295
A_LOGISTIC_REGRESSION,final_training_fit,1,24,autism,textual,coefficient,0.08916987677633126,0.08916987677633126,positive,10,7,294
A_LOGISTIC_REGRESSION,final_training_fit,1,45,common,textual,coefficient,0.08671727302922311,0.08671727302922311,positive,11,8,293
A_LOGISTIC_REGRESSION,final_training_fit,1,288,want,textual,coefficient,-0.08557155054426109,0.08557155054426109,negative,12,297,4
A_LOGISTIC_REGRESSION,final_training_fit,1,21,anxiety,textual,coefficient,0.08179601238958027,0.08179601238958027,positive,13,9,292
A_LOGISTIC_REGRESSION,final_training_fit,1,261,thing,textual,coefficient,-0.07740114039874973,0.07740114039874973,negative,14,296,5
A_LOGISTIC_REGRESSION,final_training_fit,1,256,tasks,textual,coefficient,0.07655596658506286,0.07655596658506286,positive,15,10,291
A_LOGISTIC_REGRESSION,final_training_fit,1,11,adhd medication,textual,coefficient,0.07408788416346952,0.07408788416346952,positive,16,11,290
A_LOGISTIC_REGRESSION,final_training_fit,1,285,ve,textual,coefficient,-0.0725649042898766,0.0725649042898766,negative,17,295,6
A_LOGISTIC_REGRESSION,final_training_fit,1,153,ll,textual,coefficient,-0.06962049544350701,0.06962049544350701,negative,18,294,7
A_LOGISTIC_REGRESSION,final_training_fit,1,207,quickly,textual,coefficient,0.06700983629120298,0.06700983629120298,positive,19,12,289
A_LOGISTIC_REGRESSION,final_training_fit,1,57,diet,textual,coefficient,-0.06639069148449386,0.06639069148449386,negative,20,293,8
A_LOGISTIC_REGRESSION,final_training_fit,1,67,doesn,textual,coefficient,-0.06404319563033044,0.06404319563033044,negative,21,292,9
A_LOGISTIC_REGRESSION,final_training_fit,1,128,impulsivity,textual,coefficient,0.06213073137806809,0.06213073137806809,positive,22,13,288
A_LOGISTIC_REGRESSION,final_training_fit,1,49,criteria,textual,coefficient,0.06146350897154566,0.06146350897154566,positive,23,14,287
A_LOGISTIC_REGRESSION,final_training_fit,1,14,adhd symptoms,textual,coefficient,0.061224474255375146,0.061224474255375146,positive,24,15,286
A_LOGISTIC_REGRESSION,final_training_fit,1,61,difficulty,textual,coefficient,0.05881159794099101,0.05881159794099101,positive,25,16,285
A_LOGISTIC_REGRESSION,final_training_fit,1,112,harder,textual,coefficient,0.05797586762200472,0.05797586762200472,positive,26,17,284
A_LOGISTIC_REGRESSION,final_training_fit,1,88,experience,textual,coefficient,0.056284690120302856,0.056284690120302856,positive,27,18,283
A_LOGISTIC_REGRESSION,final_training_fit,1,16,adult,textual,coefficient,0.0561683515271402,0.0561683515271402,positive,28,19,282
A_LOGISTIC_REGRESSION,final_training_fit,1,289,way,textual,coefficient,-0.055953946783900615,0.055953946783900615,negative,29,291,10
A_LOGISTIC_REGRESSION,final_training_fit,1,179,natural,textual,coefficient,-0.05513920508987951,0.05513920508987951,negative,30,290,11
A_LOGISTIC_REGRESSION,final_training_fit,1,281,understanding,textual,coefficient,0.054832367521354154,0.054832367521354154,positive,31,20,281
A_LOGISTIC_REGRESSION,final_training_fit,1,100,food,textual,coefficient,-0.05468567848048391,0.05468567848048391,negative,32,289,12
A_LOGISTIC_REGRESSION,final_training_fit,1,223,sensitive,textual,coefficient,-0.05372313948727716,0.05372313948727716,negative,33,288,13
A_LOGISTIC_REGRESSION,final_training_fit,1,17,adults,textual,coefficient,0.05358453318493664,0.05358453318493664,positive,34,21,280
A_LOGISTIC_REGRESSION,final_training_fit,1,116,help,textual,coefficient,-0.05350199905077582,0.05350199905077582,negative,35,287,14
A_LOGISTIC_REGRESSION,final_training_fit,1,170,medication,textual,coefficient,0.05327981177788354,0.05327981177788354,positive,36,22,279
A_LOGISTIC_REGRESSION,final_training_fit,1,101,foods,textual,coefficient,-0.05318296045264022,0.05318296045264022,negative,37,286,15
A_LOGISTIC_REGRESSION,final_training_fit,1,160,low,textual,coefficient,-0.053136856628210154,0.053136856628210154,negative,38,285,16
A_LOGISTIC_REGRESSION,final_training_fit,1,9,adhd diagnosis,textual,coefficient,0.05301071382081454,0.05301071382081454,positive,39,23,278
A_LOGISTIC_REGRESSION,final_training_fit,1,33,body,textual,coefficient,-0.052833032871808,0.052833032871808,negative,40,284,17
A_LOGISTIC_REGRESSION,final_training_fit,1,194,people adhd,textual,coefficient,-0.05219146391967054,0.05219146391967054,negative,41,283,18
A_LOGISTIC_REGRESSION,final_training_fit,1,124,impact,textual,coefficient,0.05160570552754482,0.05160570552754482,positive,42,24,277
A_LOGISTIC_REGRESSION,final_training_fit,1,277,uh,textual,coefficient,-0.051546799615935654,0.051546799615935654,negative,43,282,19
A_LOGISTIC_REGRESSION,final_training_fit,1,19,answer,textual,coefficient,0.05115893523370868,0.05115893523370868,positive,44,25,276
A_LOGISTIC_REGRESSION,final_training_fit,1,191,pay,textual,coefficient,-0.05046439006228014,0.05046439006228014,negative,45,281,20
A_LOGISTIC_REGRESSION,final_training_fit,1,52,depression,textual,coefficient,-0.05029795255632922,0.05029795255632922,negative,46,280,21
A_LOGISTIC_REGRESSION,final_training_fit,1,7,adhd autism,textual,coefficient,0.0502102910987058,0.0502102910987058,positive,47,26,275
A_LOGISTIC_REGRESSION,final_training_fit,1,227,sep adhd,textual,coefficient,0.04773922913912579,0.04773922913912579,positive,48,27,274
A_LOGISTIC_REGRESSION,final_training_fit,1,282,use,textual,coefficient,-0.047700596204538565,0.047700596204538565,negative,49,279,22
A_LOGISTIC_REGRESSION,final_training_fit,1,0,10,textual,coefficient,-0.04715330412865054,0.04715330412865054,negative,50,278,23
A_LOGISTIC_REGRESSION,final_training_fit,1,190,patients,textual,coefficient,-0.04697465458201949,0.04697465458201949,negative,51,277,24
A_LOGISTIC_REGRESSION,final_training_fit,1,148,life,textual,coefficient,0.04680902612246917,0.04680902612246917,positive,52,28,273
A_LOGISTIC_REGRESSION,final_training_fit,1,26,bad,textual,coefficient,-0.04513727219160959,0.04513727219160959,negative,53,276,25
A_LOGISTIC_REGRESSION,final_training_fit,1,114,health,textual,coefficient,0.04489154685198141,0.04489154685198141,positive,54,29,272
A_LOGISTIC_REGRESSION,final_training_fit,1,141,kind,textual,coefficient,0.044492987687343305,0.044492987687343305,positive,55,30,271
A_LOGISTIC_REGRESSION,final_training_fit,1,103,friend,textual,coefficient,-0.04449245590916846,0.04449245590916846,negative,56,275,26
A_LOGISTIC_REGRESSION,final_training_fit,1,15,adhd women,textual,coefficient,-0.04384852264241592,0.04384852264241592,negative,57,274,27
A_LOGISTIC_REGRESSION,final_training_fit,1,104,function,textual,coefficient,0.043802219523185984,0.043802219523185984,positive,58,31,270
A_LOGISTIC_REGRESSION,final_training_fit,1,166,management,textual,coefficient,0.04357233331141367,0.04357233331141367,positive,59,32,269
A_LOGISTIC_REGRESSION,final_training_fit,1,107,good,textual,coefficient,-0.04347369348074136,0.04347369348074136,negative,60,273,28
A_LOGISTIC_REGRESSION,final_training_fit,1,40,child,textual,coefficient,-0.04324761718893788,0.04324761718893788,negative,61,272,29
A_LOGISTIC_REGRESSION,final_training_fit,1,46,condition,textual,coefficient,0.04314159423794104,0.04314159423794104,positive,62,33,268
A_LOGISTIC_REGRESSION,final_training_fit,1,183,non,textual,coefficient,0.04307746450547315,0.04307746450547315,positive,63,34,267
A_LOGISTIC_REGRESSION,final_training_fit,1,295,wrong,textual,coefficient,-0.04290942899036681,0.04290942899036681,negative,64,271,30
A_LOGISTIC_REGRESSION,final_training_fit,1,113,having,textual,coefficient,0.042341798094915124,0.042341798094915124,positive,65,35,266
A_LOGISTIC_REGRESSION,final_training_fit,1,63,disorders,textual,coefficient,0.042120508034025964,0.042120508034025964,positive,66,36,265
A_LOGISTIC_REGRESSION,final_training_fit,1,169,means,textual,coefficient,-0.04115099046008858,0.04115099046008858,negative,67,270,31
A_LOGISTIC_REGRESSION,final_training_fit,1,96,feel like,textual,coefficient,0.04102579037240759,0.04102579037240759,positive,68,37,264
A_LOGISTIC_REGRESSION,final_training_fit,1,131,increase,textual,coefficient,-0.040805695134092344,0.040805695134092344,negative,69,269,32
A_LOGISTIC_REGRESSION,final_training_fit,1,127,impulsive,textual,coefficient,0.0406588235537163,0.0406588235537163,positive,70,38,263
A_LOGISTIC_REGRESSION,final_training_fit,1,140,kids,textual,coefficient,0.040007860502982086,0.040007860502982086,positive,71,39,262
A_LOGISTIC_REGRESSION,final_training_fit,1,214,remember,textual,coefficient,-0.039533685096045074,0.039533685096045074,negative,72,268,33
A_LOGISTIC_REGRESSION,final_training_fit,1,197,physical,textual,coefficient,-0.038638504041097234,0.038638504041097234,negative,73,267,34
A_LOGISTIC_REGRESSION,final_training_fit,1,98,focus,textual,coefficient,0.03806989288800128,0.03806989288800128,positive,74,40,261
A_LOGISTIC_REGRESSION,final_training_fit,1,86,executive,textual,coefficient,0.038041410155687204,0.038041410155687204,positive,75,41,260
A_LOGISTIC_REGRESSION,final_training_fit,1,215,right,textual,coefficient,-0.038010502690145026,0.038010502690145026,negative,76,266,35
A_LOGISTIC_REGRESSION,final_training_fit,1,286,video,textual,coefficient,-0.03795294729456721,0.03795294729456721,negative,77,265,36
A_LOGISTIC_REGRESSION,final_training_fit,1,203,problem,textual,coefficient,-0.03746425357470674,0.03746425357470674,negative,78,264,37
A_LOGISTIC_REGRESSION,final_training_fit,1,29,best,textual,coefficient,0.037377390414911345,0.037377390414911345,positive,79,42,259
A_LOGISTIC_REGRESSION,final_training_fit,1,244,struggling,textual,coefficient,0.03665183813208783,0.03665183813208783,positive,80,43,258
A_LOGISTIC_REGRESSION,final_training_fit,1,4,add,textual,coefficient,-0.036339551526276,0.036339551526276,negative,81,263,38
A_LOGISTIC_REGRESSION,final_training_fit,1,192,pay attention,textual,coefficient,-0.03617586979925205,0.03617586979925205,negative,82,262,39
A_LOGISTIC_REGRESSION,final_training_fit,1,20,answer sep,textual,coefficient,0.03596124596749452,0.03596124596749452,positive,83,44,257
A_LOGISTIC_REGRESSION,final_training_fit,1,193,people,textual,coefficient,-0.035943830634634515,0.035943830634634515,negative,84,261,40
A_LOGISTIC_REGRESSION,final_training_fit,1,291,women,textual,coefficient,-0.03569008888956033,0.03569008888956033,negative,85,260,41
A_LOGISTIC_REGRESSION,final_training_fit,1,273,try,textual,coefficient,-0.03524749566197451,0.03524749566197451,negative,86,259,42
A_LOGISTIC_REGRESSION,final_training_fit,1,165,manage,textual,coefficient,0.03513770984369251,0.03513770984369251,positive,87,45,256
A_LOGISTIC_REGRESSION,final_training_fit,1,39,challenges,textual,coefficient,0.034736474512981785,0.034736474512981785,positive,88,46,255
A_LOGISTIC_REGRESSION,final_training_fit,1,176,motivation,textual,coefficient,-0.03469757919367213,0.03469757919367213,negative,89,258,43
A_LOGISTIC_REGRESSION,final_training_fit,1,297,years,textual,coefficient,-0.033895473745686654,0.033895473745686654,negative,90,257,44
A_LOGISTIC_REGRESSION,final_training_fit,1,8,adhd brain,textual,coefficient,-0.03381565708190107,0.03381565708190107,negative,91,256,45
A_LOGISTIC_REGRESSION,final_training_fit,1,262,things,textual,coefficient,-0.03369170361700165,0.03369170361700165,negative,92,255,46
A_LOGISTIC_REGRESSION,final_training_fit,1,233,sleep,textual,coefficient,0.03322976241182272,0.03322976241182272,positive,93,47,254
A_LOGISTIC_REGRESSION,final_training_fit,1,232,sit,textual,coefficient,-0.03318809532593352,0.03318809532593352,negative,94,254,47
A_LOGISTIC_REGRESSION,final_training_fit,1,3,actually,textual,coefficient,-0.03225802393349812,0.03225802393349812,negative,95,253,48
A_LOGISTIC_REGRESSION,final_training_fit,1,231,signs adhd,textual,coefficient,0.03209847251148167,0.03209847251148167,positive,96,48,253
A_LOGISTIC_REGRESSION,final_training_fit,1,90,experts answer,textual,coefficient,0.03199263193871534,0.03199263193871534,positive,97,49,252
A_LOGISTIC_REGRESSION,final_training_fit,1,56,did,textual,coefficient,0.031931217292419566,0.031931217292419566,positive,98,50,251
A_LOGISTIC_REGRESSION,final_training_fit,1,82,energy,textual,coefficient,-0.0317913595965558,0.0317913595965558,negative,99,252,49
A_LOGISTIC_REGRESSION,final_training_fit,1,122,hyperactive,textual,coefficient,0.0315897079760862,0.0315897079760862,positive,100,51,250
A_LOGISTIC_REGRESSION,final_training_fit,1,271,treatment,textual,coefficient,0.03141933022679995,0.03141933022679995,positive,101,52,249
A_LOGISTIC_REGRESSION,final_training_fit,1,71,dr,textual,coefficient,-0.031192088668002927,0.031192088668002927,negative,102,251,50
A_LOGISTIC_REGRESSION,final_training_fit,1,200,potential,textual,coefficient,-0.03105966921351996,0.03105966921351996,negative,103,250,51
A_LOGISTIC_REGRESSION,final_training_fit,1,142,know,textual,coefficient,0.03105575142320498,0.03105575142320498,positive,104,53,248
A_LOGISTIC_REGRESSION,final_training_fit,1,110,happens,textual,coefficient,-0.030855504076119818,0.030855504076119818,negative,105,249,52
A_LOGISTIC_REGRESSION,final_training_fit,1,186,okay,textual,coefficient,-0.03058562280447612,0.03058562280447612,negative,106,248,53
A_LOGISTIC_REGRESSION,final_training_fit,1,109,great,textual,coefficient,-0.030474767840268098,0.030474767840268098,negative,107,247,54
A_LOGISTIC_REGRESSION,final_training_fit,1,272,trouble,textual,coefficient,0.030148028093560104,0.030148028093560104,positive,108,54,247
A_LOGISTIC_REGRESSION,final_training_fit,1,211,regulation,textual,coefficient,0.03007420699666273,0.03007420699666273,positive,109,55,246
A_LOGISTIC_REGRESSION,final_training_fit,1,229,sign,textual,coefficient,0.029869668362535268,0.029869668362535268,positive,110,56,245
A_LOGISTIC_REGRESSION,final_training_fit,1,79,emotional,textual,coefficient,0.029803833669826894,0.029803833669826894,positive,111,57,244
A_LOGISTIC_REGRESSION,final_training_fit,1,130,inattentive,textual,coefficient,0.02958658152398951,0.02958658152398951,positive,112,58,243
A_LOGISTIC_REGRESSION,final_training_fit,1,84,everybody,textual,coefficient,-0.02956801039400973,0.02956801039400973,negative,113,246,55
A_LOGISTIC_REGRESSION,final_training_fit,1,32,bit,textual,coefficient,-0.029405125899565492,0.029405125899565492,negative,114,245,56
A_LOGISTIC_REGRESSION,final_training_fit,1,168,mean,textual,coefficient,-0.029230980453027133,0.029230980453027133,negative,115,244,57
A_LOGISTIC_REGRESSION,final_training_fit,1,66,does,textual,coefficient,0.02907358626662255,0.02907358626662255,positive,116,59,242
A_LOGISTIC_REGRESSION,final_training_fit,1,189,parents,textual,coefficient,0.02895741375607325,0.02895741375607325,positive,117,60,241
A_LOGISTIC_REGRESSION,final_training_fit,1,158,lots,textual,coefficient,0.02812523755770284,0.02812523755770284,positive,118,61,240
A_LOGISTIC_REGRESSION,final_training_fit,1,184,number,textual,coefficient,-0.028121193480318805,0.028121193480318805,negative,119,243,58
A_LOGISTIC_REGRESSION,final_training_fit,1,171,medications,textual,coefficient,0.02807138492558118,0.02807138492558118,positive,120,62,239
A_LOGISTIC_REGRESSION,final_training_fit,1,178,music,textual,coefficient,0.027864549275637834,0.027864549275637834,positive,121,63,238
A_LOGISTIC_REGRESSION,final_training_fit,1,199,poor,textual,coefficient,0.02765876448704621,0.02765876448704621,positive,122,64,237
A_LOGISTIC_REGRESSION,final_training_fit,1,222,sense,textual,coefficient,-0.02754645781967801,0.02754645781967801,negative,123,242,59
A_LOGISTIC_REGRESSION,final_training_fit,1,51,deficit,textual,coefficient,-0.027136166542297516,0.027136166542297516,negative,124,241,60
A_LOGISTIC_REGRESSION,final_training_fit,1,221,self,textual,coefficient,-0.026965841939003303,0.026965841939003303,negative,125,240,61
A_LOGISTIC_REGRESSION,final_training_fit,1,239,stop,textual,coefficient,-0.026839110675662192,0.026839110675662192,negative,126,239,62
A_LOGISTIC_REGRESSION,final_training_fit,1,248,support,textual,coefficient,0.026441596798312303,0.026441596798312303,positive,127,65,236
A_LOGISTIC_REGRESSION,final_training_fit,1,89,experts,textual,coefficient,0.026351830444020938,0.026351830444020938,positive,128,66,235
A_LOGISTIC_REGRESSION,final_training_fit,1,251,symptoms adhd,textual,coefficient,0.026266666916721557,0.026266666916721557,positive,129,67,234
A_LOGISTIC_REGRESSION,final_training_fit,1,172,meds,textual,coefficient,0.02605444390295211,0.02605444390295211,positive,130,68,233
A_LOGISTIC_REGRESSION,final_training_fit,1,259,term,textual,coefficient,0.02602921443878603,0.02602921443878603,positive,131,69,232
A_LOGISTIC_REGRESSION,final_training_fit,1,206,psychiatrist,textual,coefficient,-0.02597626381024819,0.02597626381024819,negative,132,238,63
A_LOGISTIC_REGRESSION,final_training_fit,1,42,college,textual,coefficient,0.0257798459022301,0.0257798459022301,positive,133,70,231
A_LOGISTIC_REGRESSION,final_training_fit,1,138,key,textual,coefficient,0.025747779759187094,0.025747779759187094,positive,134,71,230
A_LOGISTIC_REGRESSION,final_training_fit,1,58,difference,textual,coefficient,0.025732471597944888,0.025732471597944888,positive,135,72,229
A_LOGISTIC_REGRESSION,final_training_fit,1,284,usually,textual,coefficient,-0.025502607176212326,0.025502607176212326,negative,136,237,64
A_LOGISTIC_REGRESSION,final_training_fit,1,120,highly,textual,coefficient,-0.025451480086832862,0.025451480086832862,negative,137,236,65
A_LOGISTIC_REGRESSION,final_training_fit,1,228,shorts,textual,coefficient,0.025283369701844145,0.025283369701844145,positive,138,73,228
A_LOGISTIC_REGRESSION,final_training_fit,1,12,adhd real,textual,coefficient,0.02507572206385071,0.02507572206385071,positive,139,74,227
A_LOGISTIC_REGRESSION,final_training_fit,1,60,differently,textual,coefficient,-0.02482912671109593,0.02482912671109593,negative,140,235,66
A_LOGISTIC_REGRESSION,final_training_fit,1,75,easily,textual,coefficient,0.024443703768474448,0.024443703768474448,positive,141,75,226
A_LOGISTIC_REGRESSION,final_training_fit,1,13,adhd sep,textual,coefficient,-0.024228973015612856,0.024228973015612856,negative,142,234,67
A_LOGISTIC_REGRESSION,final_training_fit,1,257,tell,textual,coefficient,-0.02374370797563697,0.02374370797563697,negative,143,233,68
A_LOGISTIC_REGRESSION,final_training_fit,1,224,sensitivity,textual,coefficient,-0.02346484334099717,0.02346484334099717,negative,144,232,69
A_LOGISTIC_REGRESSION,final_training_fit,1,274,trying,textual,coefficient,0.022883223646222764,0.022883223646222764,positive,145,76,225
A_LOGISTIC_REGRESSION,final_training_fit,1,105,getting,textual,coefficient,0.022795246575402908,0.022795246575402908,positive,146,77,224
A_LOGISTIC_REGRESSION,final_training_fit,1,43,come,textual,coefficient,0.02271138832106434,0.02271138832106434,positive,147,78,223
A_LOGISTIC_REGRESSION,final_training_fit,1,28,behaviors,textual,coefficient,0.02270375424077435,0.02270375424077435,positive,148,79,222
A_LOGISTIC_REGRESSION,final_training_fit,1,151,little,textual,coefficient,-0.022507420647581888,0.022507420647581888,negative,149,231,70
A_LOGISTIC_REGRESSION,final_training_fit,1,50,day,textual,coefficient,-0.022383093910795616,0.022383093910795616,negative,150,230,71
A_LOGISTIC_REGRESSION,final_training_fit,1,212,rejection,textual,coefficient,-0.02219845130828966,0.02219845130828966,negative,151,229,72
A_LOGISTIC_REGRESSION,final_training_fit,1,36,called,textual,coefficient,-0.022051707999540385,0.022051707999540385,negative,152,228,73
A_LOGISTIC_REGRESSION,final_training_fit,1,161,make,textual,coefficient,0.02192801498468245,0.02192801498468245,positive,153,80,221
A_LOGISTIC_REGRESSION,final_training_fit,1,249,sure,textual,coefficient,0.02155537761208564,0.02155537761208564,positive,154,81,220
A_LOGISTIC_REGRESSION,final_training_fit,1,2,activity,textual,coefficient,0.021528731273430086,0.021528731273430086,positive,155,82,219
A_LOGISTIC_REGRESSION,final_training_fit,1,241,structure,textual,coefficient,0.021420541038003536,0.021420541038003536,positive,156,83,218
A_LOGISTIC_REGRESSION,final_training_fit,1,293,works,textual,coefficient,-0.021355722808754106,0.021355722808754106,negative,157,227,74
A_LOGISTIC_REGRESSION,final_training_fit,1,1,able,textual,coefficient,-0.021252873553678955,0.021252873553678955,negative,158,226,75
A_LOGISTIC_REGRESSION,final_training_fit,1,247,sugar,textual,coefficient,-0.020963176028482362,0.020963176028482362,negative,159,225,76
A_LOGISTIC_REGRESSION,final_training_fit,1,173,mental,textual,coefficient,0.020886973931631907,0.020886973931631907,positive,160,84,217
A_LOGISTIC_REGRESSION,final_training_fit,1,126,improve,textual,coefficient,-0.020881640364162065,0.020881640364162065,negative,161,224,77
A_LOGISTIC_REGRESSION,final_training_fit,1,97,feeling,textual,coefficient,-0.02076215633741577,0.02076215633741577,negative,162,223,78
A_LOGISTIC_REGRESSION,final_training_fit,1,294,world,textual,coefficient,-0.020590400578019932,0.020590400578019932,negative,163,222,79
A_LOGISTIC_REGRESSION,final_training_fit,1,149,like,textual,coefficient,-0.020542225485851752,0.020542225485851752,negative,164,221,80
A_LOGISTIC_REGRESSION,final_training_fit,1,152,little bit,textual,coefficient,-0.020367298915227688,0.020367298915227688,negative,165,220,81
A_LOGISTIC_REGRESSION,final_training_fit,1,210,recommend,textual,coefficient,-0.020069274592495273,0.020069274592495273,negative,166,219,82
A_LOGISTIC_REGRESSION,final_training_fit,1,299,एक,textual,coefficient,-0.01986224851395111,0.01986224851395111,negative,167,218,83
A_LOGISTIC_REGRESSION,final_training_fit,1,78,effects,textual,coefficient,-0.01973832047053793,0.01973832047053793,negative,168,217,84
A_LOGISTIC_REGRESSION,final_training_fit,1,137,just,textual,coefficient,0.019636583311163237,0.019636583311163237,positive,169,85,216
A_LOGISTIC_REGRESSION,final_training_fit,1,136,issues,textual,coefficient,-0.019524014507850636,0.019524014507850636,negative,170,216,85
A_LOGISTIC_REGRESSION,final_training_fit,1,77,eating,textual,coefficient,-0.019471226881371567,0.019471226881371567,negative,171,215,86
A_LOGISTIC_REGRESSION,final_training_fit,1,76,eat,textual,coefficient,-0.019239409805686822,0.019239409805686822,negative,172,214,87
A_LOGISTIC_REGRESSION,final_training_fit,1,80,emotions,textual,coefficient,0.019226118749854134,0.019226118749854134,positive,173,86,215
A_LOGISTIC_REGRESSION,final_training_fit,1,145,lead,textual,coefficient,-0.019079682693359187,0.019079682693359187,negative,174,213,88
A_LOGISTIC_REGRESSION,final_training_fit,1,129,inattention,textual,coefficient,0.019019881732504122,0.019019881732504122,positive,175,87,214
A_LOGISTIC_REGRESSION,final_training_fit,1,53,diagnosed,textual,coefficient,0.019012656290632052,0.019012656290632052,positive,176,88,213
A_LOGISTIC_REGRESSION,final_training_fit,1,37,care,textual,coefficient,-0.01890238965122536,0.01890238965122536,negative,177,212,89
A_LOGISTIC_REGRESSION,final_training_fit,1,202,probably,textual,coefficient,-0.01870033931276288,0.01870033931276288,negative,178,211,90
A_LOGISTIC_REGRESSION,final_training_fit,1,108,got,textual,coefficient,-0.018659342844974638,0.018659342844974638,negative,179,210,91
A_LOGISTIC_REGRESSION,final_training_fit,1,236,start,textual,coefficient,0.018415193970114384,0.018415193970114384,positive,180,89,212
A_LOGISTIC_REGRESSION,final_training_fit,1,243,struggles,textual,coefficient,0.01822038222848564,0.01822038222848564,positive,181,90,211
A_LOGISTIC_REGRESSION,final_training_fit,1,41,children,textual,coefficient,-0.018111843897459602,0.018111843897459602,negative,182,209,92
A_LOGISTIC_REGRESSION,final_training_fit,1,123,hyperactivity,textual,coefficient,-0.018083275525645332,0.018083275525645332,negative,183,208,93
A_LOGISTIC_REGRESSION,final_training_fit,1,196,phone,textual,coefficient,0.0178638974079663,0.0178638974079663,positive,184,91,210
A_LOGISTIC_REGRESSION,final_training_fit,1,91,explain,textual,coefficient,-0.017777678440092353,0.017777678440092353,negative,185,207,94
A_LOGISTIC_REGRESSION,final_training_fit,1,121,home,textual,coefficient,-0.0177570179420344,0.0177570179420344,negative,186,206,95
A_LOGISTIC_REGRESSION,final_training_fit,1,225,sensory,textual,coefficient,0.017552122193689804,0.017552122193689804,positive,187,92,209
A_LOGISTIC_REGRESSION,final_training_fit,1,139,kid,textual,coefficient,-0.01753394078442608,0.01753394078442608,negative,188,205,96
A_LOGISTIC_REGRESSION,final_training_fit,1,155,look,textual,coefficient,0.01716364078420804,0.01716364078420804,positive,189,93,208
A_LOGISTIC_REGRESSION,final_training_fit,1,238,stimulants,textual,coefficient,-0.01674516775836658,0.01674516775836658,negative,190,204,97
A_LOGISTIC_REGRESSION,final_training_fit,1,242,struggle,textual,coefficient,-0.016717095680854152,0.016717095680854152,negative,191,203,98
A_LOGISTIC_REGRESSION,final_training_fit,1,47,constantly,textual,coefficient,0.01654191675977012,0.01654191675977012,positive,192,94,207
A_LOGISTIC_REGRESSION,final_training_fit,1,159,love,textual,coefficient,-0.016157001067746604,0.016157001067746604,negative,193,202,99
A_LOGISTIC_REGRESSION,final_training_fit,1,146,let,textual,coefficient,-0.015609080738938833,0.015609080738938833,negative,194,201,100
A_LOGISTIC_REGRESSION,final_training_fit,1,270,treating,textual,coefficient,-0.015590481066925923,0.015590481066925923,negative,195,200,101
A_LOGISTIC_REGRESSION,final_training_fit,1,240,strategies,textual,coefficient,-0.01553631944082957,0.01553631944082957,negative,196,199,102
A_LOGISTIC_REGRESSION,final_training_fit,1,144,late,textual,coefficient,0.015368234362728255,0.015368234362728255,positive,197,95,206
A_LOGISTIC_REGRESSION,final_training_fit,1,87,exercise,textual,coefficient,-0.015328333368368178,0.015328333368368178,negative,198,198,103
A_LOGISTIC_REGRESSION,final_training_fit,1,188,overwhelmed,textual,coefficient,0.015252432650143513,0.015252432650143513,positive,199,96,205
A_LOGISTIC_REGRESSION,final_training_fit,1,276,type,textual,coefficient,-0.015244268396196995,0.015244268396196995,negative,200,197,104
A_LOGISTIC_REGRESSION,final_training_fit,1,35,brains,textual,coefficient,0.0151011634666529,0.0151011634666529,positive,201,97,204
A_LOGISTIC_REGRESSION,final_training_fit,1,266,time,textual,coefficient,-0.01499173430353016,0.01499173430353016,negative,202,196,105
A_LOGISTIC_REGRESSION,final_training_fit,1,68,doing,textual,coefficient,0.014866221295765437,0.014866221295765437,positive,203,98,203
A_LOGISTIC_REGRESSION,final_training_fit,1,275,turn,textual,coefficient,0.014560692053843891,0.014560692053843891,positive,204,99,202
A_LOGISTIC_REGRESSION,final_training_fit,1,216,say,textual,coefficient,-0.014174464054595194,0.014174464054595194,negative,205,195,106
A_LOGISTIC_REGRESSION,final_training_fit,1,264,think,textual,coefficient,-0.014155623173320525,0.014155623173320525,negative,206,194,107
A_LOGISTIC_REGRESSION,final_training_fit,1,205,protein,textual,coefficient,-0.014075123293244418,0.014075123293244418,negative,207,193,108
A_LOGISTIC_REGRESSION,final_training_fit,1,85,example,textual,coefficient,-0.013767038929275999,0.013767038929275999,negative,208,192,109
A_LOGISTIC_REGRESSION,final_training_fit,1,102,forget,textual,coefficient,-0.013563526715486026,0.013563526715486026,negative,209,191,110
A_LOGISTIC_REGRESSION,final_training_fit,1,258,tend,textual,coefficient,-0.01335502399309586,0.01335502399309586,negative,210,190,111
A_LOGISTIC_REGRESSION,final_training_fit,1,219,second,textual,coefficient,0.012922658132573421,0.012922658132573421,positive,211,100,201
A_LOGISTIC_REGRESSION,final_training_fit,1,94,family,textual,coefficient,0.012647146204500649,0.012647146204500649,positive,212,101,200
A_LOGISTIC_REGRESSION,final_training_fit,1,201,present,textual,coefficient,0.012643716611815136,0.012643716611815136,positive,213,102,199
A_LOGISTIC_REGRESSION,final_training_fit,1,269,treated,textual,coefficient,0.012628565211279032,0.012628565211279032,positive,214,103,198
A_LOGISTIC_REGRESSION,final_training_fit,1,245,study,textual,coefficient,-0.01221992077402628,0.01221992077402628,negative,215,189,112
A_LOGISTIC_REGRESSION,final_training_fit,1,143,lack,textual,coefficient,-0.012170635139977917,0.012170635139977917,negative,216,188,113
A_LOGISTIC_REGRESSION,final_training_fit,1,287,wait,textual,coefficient,-0.011972381849427085,0.011972381849427085,negative,217,187,114
A_LOGISTIC_REGRESSION,final_training_fit,1,6,adhd adhd,textual,coefficient,-0.011912617246239333,0.011912617246239333,negative,218,186,115
A_LOGISTIC_REGRESSION,final_training_fit,1,235,social,textual,coefficient,0.011612658259582928,0.011612658259582928,positive,219,104,197
A_LOGISTIC_REGRESSION,final_training_fit,1,255,task,textual,coefficient,-0.011611357969885234,0.011611357969885234,negative,220,185,116
A_LOGISTIC_REGRESSION,final_training_fit,1,226,sep,textual,coefficient,0.011572122956250507,0.011572122956250507,positive,221,105,196
A_LOGISTIC_REGRESSION,final_training_fit,1,292,work,textual,coefficient,0.011492439732295004,0.011492439732295004,positive,222,106,195
A_LOGISTIC_REGRESSION,final_training_fit,1,44,comes,textual,coefficient,-0.011469326383607061,0.011469326383607061,negative,223,184,117
A_LOGISTIC_REGRESSION,final_training_fit,1,147,levels,textual,coefficient,-0.011403394872421686,0.011403394872421686,negative,224,183,118
A_LOGISTIC_REGRESSION,final_training_fit,1,93,fact,textual,coefficient,-0.01138037868336156,0.01138037868336156,negative,225,182,119
A_LOGISTIC_REGRESSION,final_training_fit,1,253,talk,textual,coefficient,-0.011330787090369412,0.011330787090369412,negative,226,181,120
A_LOGISTIC_REGRESSION,final_training_fit,1,167,maybe,textual,coefficient,0.01124444632930552,0.01124444632930552,positive,227,107,194
A_LOGISTIC_REGRESSION,final_training_fit,1,65,doctor,textual,coefficient,-0.0111336977828952,0.0111336977828952,negative,228,180,121
A_LOGISTIC_REGRESSION,final_training_fit,1,296,yeah,textual,coefficient,-0.01056935561423472,0.01056935561423472,negative,229,179,122
A_LOGISTIC_REGRESSION,final_training_fit,1,111,hard,textual,coefficient,0.010562800767679733,0.010562800767679733,positive,230,108,193
A_LOGISTIC_REGRESSION,final_training_fit,1,25,autistic,textual,coefficient,0.010494272175411993,0.010494272175411993,positive,231,109,192
A_LOGISTIC_REGRESSION,final_training_fit,1,74,early,textual,coefficient,0.010392117626943451,0.010392117626943451,positive,232,110,191
A_LOGISTIC_REGRESSION,final_training_fit,1,174,mind,textual,coefficient,-0.010316265125691091,0.010316265125691091,negative,233,178,123
A_LOGISTIC_REGRESSION,final_training_fit,1,198,point,textual,coefficient,-0.010129452449034241,0.010129452449034241,negative,234,177,124
A_LOGISTIC_REGRESSION,final_training_fit,1,237,stimulant,textual,coefficient,0.009762851995252765,0.009762851995252765,positive,235,111,190
A_LOGISTIC_REGRESSION,final_training_fit,1,23,audhd,textual,coefficient,0.009664075631904806,0.009664075631904806,positive,236,112,189
A_LOGISTIC_REGRESSION,final_training_fit,1,163,makes,textual,coefficient,0.009543646793091503,0.009543646793091503,positive,237,113,188
A_LOGISTIC_REGRESSION,final_training_fit,1,195,person,textual,coefficient,-0.009484856167518747,0.009484856167518747,negative,238,176,125
A_LOGISTIC_REGRESSION,final_training_fit,1,280,understand,textual,coefficient,-0.00934811653159755,0.00934811653159755,negative,239,175,126
A_LOGISTIC_REGRESSION,final_training_fit,1,187,options,textual,coefficient,0.008945333476720212,0.008945333476720212,positive,240,114,187
A_LOGISTIC_REGRESSION,final_training_fit,1,154,long,textual,coefficient,0.008926967679262529,0.008926967679262529,positive,241,115,186
A_LOGISTIC_REGRESSION,final_training_fit,1,246,stuff,textual,coefficient,-0.008900064841221939,0.008900064841221939,negative,242,174,127
A_LOGISTIC_REGRESSION,final_training_fit,1,298,इपर,textual,coefficient,-0.008857631623358323,0.008857631623358323,negative,243,173,128
A_LOGISTIC_REGRESSION,final_training_fit,1,150,likely,textual,coefficient,0.00882357829947747,0.00882357829947747,positive,244,116,185
A_LOGISTIC_REGRESSION,final_training_fit,1,157,lot,textual,coefficient,-0.008795045411938266,0.008795045411938266,negative,245,172,129
A_LOGISTIC_REGRESSION,final_training_fit,1,27,behavior,textual,coefficient,0.00830250529254057,0.00830250529254057,positive,246,117,184
A_LOGISTIC_REGRESSION,final_training_fit,1,133,instead,textual,coefficient,-0.008204747132298053,0.008204747132298053,negative,247,171,130
A_LOGISTIC_REGRESSION,final_training_fit,1,213,relationships,textual,coefficient,0.008116917971290251,0.008116917971290251,positive,248,118,183
A_LOGISTIC_REGRESSION,final_training_fit,1,177,moving,textual,coefficient,0.008079158255873015,0.008079158255873015,positive,249,119,182
A_LOGISTIC_REGRESSION,final_training_fit,1,64,distracted,textual,coefficient,0.007881815230615284,0.007881815230615284,positive,250,120,181
A_LOGISTIC_REGRESSION,final_training_fit,1,118,helps,textual,coefficient,0.007500370347354218,0.007500370347354218,positive,251,121,180
A_LOGISTIC_REGRESSION,final_training_fit,1,278,um,textual,coefficient,-0.007413794802206551,0.007413794802206551,negative,252,170,131
A_LOGISTIC_REGRESSION,final_training_fit,1,265,thinking,textual,coefficient,-0.007160879722794942,0.007160879722794942,negative,253,169,132
A_LOGISTIC_REGRESSION,final_training_fit,1,73,dysfunction,textual,coefficient,-0.0070904503151034476,0.0070904503151034476,negative,254,168,133
A_LOGISTIC_REGRESSION,final_training_fit,1,10,adhd just,textual,coefficient,0.0067565975787217715,0.0067565975787217715,positive,255,122,179
A_LOGISTIC_REGRESSION,final_training_fit,1,290,ways,textual,coefficient,0.0060672519477317916,0.0060672519477317916,positive,256,123,178
A_LOGISTIC_REGRESSION,final_training_fit,1,162,make sure,textual,coefficient,0.005756543319591779,0.005756543319591779,positive,257,124,177
A_LOGISTIC_REGRESSION,final_training_fit,1,119,high,textual,coefficient,0.005495484637745415,0.005495484637745415,positive,258,125,176
A_LOGISTIC_REGRESSION,final_training_fit,1,252,taking,textual,coefficient,0.005437433101452646,0.005437433101452646,positive,259,126,175
A_LOGISTIC_REGRESSION,final_training_fit,1,180,need,textual,coefficient,-0.005393009329006849,0.005393009329006849,negative,260,167,134
A_LOGISTIC_REGRESSION,final_training_fit,1,175,mood,textual,coefficient,0.005341008344710333,0.005341008344710333,positive,261,127,174
A_LOGISTIC_REGRESSION,final_training_fit,1,22,attention,textual,coefficient,0.005247695134435637,0.005247695134435637,positive,262,128,173
A_LOGISTIC_REGRESSION,final_training_fit,1,115,hear,textual,coefficient,0.005138939642453709,0.005138939642453709,positive,263,129,172
A_LOGISTIC_REGRESSION,final_training_fit,1,132,information,textual,coefficient,0.00494217807088653,0.00494217807088653,positive,264,130,171
A_LOGISTIC_REGRESSION,final_training_fit,1,268,treat,textual,coefficient,0.004906335714029807,0.004906335714029807,positive,265,131,170
A_LOGISTIC_REGRESSION,final_training_fit,1,254,talking,textual,coefficient,0.00469472038088738,0.00469472038088738,positive,266,132,169
A_LOGISTIC_REGRESSION,final_training_fit,1,134,intense,textual,coefficient,-0.004541014471718539,0.004541014471718539,negative,267,166,135
A_LOGISTIC_REGRESSION,final_training_fit,1,260,therapy,textual,coefficient,-0.003984615740549767,0.003984615740549767,negative,268,165,136
A_LOGISTIC_REGRESSION,final_training_fit,1,83,especially,textual,coefficient,0.0038575461117928084,0.0038575461117928084,positive,269,133,168
A_LOGISTIC_REGRESSION,final_training_fit,1,209,really,textual,coefficient,-0.0038554681192022404,0.0038554681192022404,negative,270,164,137
A_LOGISTIC_REGRESSION,final_training_fit,1,220,seen,textual,coefficient,0.003680748509706013,0.003680748509706013,positive,271,134,167
A_LOGISTIC_REGRESSION,final_training_fit,1,62,disorder,textual,coefficient,-0.0035616567294423957,0.0035616567294423957,negative,272,163,138
A_LOGISTIC_REGRESSION,final_training_fit,1,263,things like,textual,coefficient,0.0035218983174256373,0.0035218983174256373,positive,273,135,166
A_LOGISTIC_REGRESSION,final_training_fit,1,81,end,textual,coefficient,-0.003466598053169821,0.003466598053169821,negative,274,162,139
A_LOGISTIC_REGRESSION,final_training_fit,1,135,isn,textual,coefficient,-0.003398461757606235,0.003398461757606235,negative,275,161,140
A_LOGISTIC_REGRESSION,final_training_fit,1,106,going,textual,coefficient,-0.003135942012341144,0.003135942012341144,negative,276,160,141
A_LOGISTIC_REGRESSION,final_training_fit,1,217,saying,textual,coefficient,-0.0031023004193063163,0.0031023004193063163,negative,277,159,142
A_LOGISTIC_REGRESSION,final_training_fit,1,283,using,textual,coefficient,-0.003070184779724948,0.003070184779724948,negative,278,158,143
A_LOGISTIC_REGRESSION,final_training_fit,1,55,diagnostic,textual,coefficient,0.0028260529441536805,0.0028260529441536805,positive,279,136,165
A_LOGISTIC_REGRESSION,final_training_fit,1,99,follow,textual,coefficient,0.002454467593187682,0.002454467593187682,positive,280,137,164
A_LOGISTIC_REGRESSION,final_training_fit,1,279,unable,textual,coefficient,-0.002232420357089852,0.002232420357089852,negative,281,157,144
A_LOGISTIC_REGRESSION,final_training_fit,1,31,big,textual,coefficient,0.0020577934441548657,0.0020577934441548657,positive,282,138,163
A_LOGISTIC_REGRESSION,final_training_fit,1,18,affects,textual,coefficient,-0.0019965686781128152,0.0019965686781128152,negative,283,156,145
A_LOGISTIC_REGRESSION,final_training_fit,1,117,helpful,textual,coefficient,-0.001996349419103902,0.001996349419103902,negative,284,155,146
A_LOGISTIC_REGRESSION,final_training_fit,1,208,real,textual,coefficient,-0.001820563857090028,0.001820563857090028,negative,285,154,147
A_LOGISTIC_REGRESSION,final_training_fit,1,38,certain,textual,coefficient,0.0017377059295453647,0.0017377059295453647,positive,286,139,162
A_LOGISTIC_REGRESSION,final_training_fit,1,181,neurotypical,textual,coefficient,0.0016466893430596835,0.0016466893430596835,positive,287,140,161
A_LOGISTIC_REGRESSION,final_training_fit,1,95,feel,textual,coefficient,0.0011968414602215773,0.0011968414602215773,positive,288,141,160
A_LOGISTIC_REGRESSION,final_training_fit,1,72,drugs,textual,coefficient,0.0011068590726997102,0.0011068590726997102,positive,289,142,159
A_LOGISTIC_REGRESSION,final_training_fit,1,48,control,textual,coefficient,0.0010286782360755173,0.0010286782360755173,positive,290,143,158
A_LOGISTIC_REGRESSION,final_training_fit,1,59,different,textual,coefficient,0.000998316902693358,0.000998316902693358,positive,291,144,157
A_LOGISTIC_REGRESSION,final_training_fit,1,185,oh,textual,coefficient,-0.0008504328733446254,0.0008504328733446254,negative,292,153,148
A_LOGISTIC_REGRESSION,final_training_fit,1,156,looking,textual,coefficient,-0.0008326426094577623,0.0008326426094577623,negative,293,152,149
A_LOGISTIC_REGRESSION,final_training_fit,1,267,times,textual,coefficient,-0.0008066535124072593,0.0008066535124072593,negative,294,151,150
A_LOGISTIC_REGRESSION,final_training_fit,1,92,explained,textual,coefficient,0.000770705910864677,0.000770705910864677,positive,295,145,156
A_LOGISTIC_REGRESSION,final_training_fit,1,30,better,textual,coefficient,0.0007589230964477828,0.0007589230964477828,positive,296,146,155
A_LOGISTIC_REGRESSION,final_training_fit,1,182,neurotypical person,textual,coefficient,0.00047989114046592505,0.00047989114046592505,positive,297,147,154
A_LOGISTIC_REGRESSION,final_training_fit,1,125,important,textual,coefficient,0.0004563338859005582,0.0004563338859005582,positive,298,148,153
A_LOGISTIC_REGRESSION,final_training_fit,1,164,making,textual,coefficient,-0.00017996795999377114,0.00017996795999377114,negative,299,150,151
A_LOGISTIC_REGRESSION,final_training_fit,1,234,small,textual,coefficient,4.244960730246032e-05,4.244960730246032e-05,positive,300,149,152
A_LOGISTIC_REGRESSION,final_training_fit,2,170,medication,textual,coefficient,0.17323139685534505,0.17323139685534505,positive,1,1,300
A_LOGISTIC_REGRESSION,final_training_fit,2,299,एक,textual,coefficient,0.11286295737190756,0.11286295737190756,positive,2,2,299
A_LOGISTIC_REGRESSION,final_training_fit,2,266,time,textual,coefficient,0.10838724292912466,0.10838724292912466,positive,3,3,298
A_LOGISTIC_REGRESSION,final_training_fit,2,277,uh,textual,coefficient,0.0994403232287593,0.0994403232287593,positive,4,4,297
A_LOGISTIC_REGRESSION,final_training_fit,2,107,good,textual,coefficient,0.0978124597117981,0.0978124597117981,positive,5,5,296
A_LOGISTIC_REGRESSION,final_training_fit,2,70,dopamine,textual,coefficient,-0.08315985398848091,0.08315985398848091,negative,6,300,1
A_LOGISTIC_REGRESSION,final_training_fit,2,82,energy,textual,coefficient,-0.08307037768362767,0.08307037768362767,negative,7,299,2
A_LOGISTIC_REGRESSION,final_training_fit,2,298,इपर,textual,coefficient,0.08214320001074309,0.08214320001074309,positive,8,6,295
A_LOGISTIC_REGRESSION,final_training_fit,2,95,feel,textual,coefficient,-0.08197871551606017,0.08197871551606017,negative,9,298,3
A_LOGISTIC_REGRESSION,final_training_fit,2,250,symptoms,textual,coefficient,0.08109624594737266,0.08109624594737266,positive,10,7,294
A_LOGISTIC_REGRESSION,final_training_fit,2,142,know,textual,coefficient,-0.0808206409862299,0.0808206409862299,negative,11,297,4
A_LOGISTIC_REGRESSION,final_training_fit,2,98,focus,textual,coefficient,0.07909154515854468,0.07909154515854468,positive,12,8,293
A_LOGISTIC_REGRESSION,final_training_fit,2,4,add,textual,coefficient,-0.076068195896711,0.076068195896711,negative,13,296,5
A_LOGISTIC_REGRESSION,final_training_fit,2,151,little,textual,coefficient,0.07593531272733708,0.07593531272733708,positive,14,9,292
A_LOGISTIC_REGRESSION,final_training_fit,2,194,people adhd,textual,coefficient,0.0736239192542046,0.0736239192542046,positive,15,10,291
A_LOGISTIC_REGRESSION,final_training_fit,2,242,struggle,textual,coefficient,-0.07132614819063829,0.07132614819063829,negative,16,295,6
A_LOGISTIC_REGRESSION,final_training_fit,2,191,pay,textual,coefficient,-0.07100296513531902,0.07100296513531902,negative,17,294,7
A_LOGISTIC_REGRESSION,final_training_fit,2,136,issues,textual,coefficient,0.07055749692079923,0.07055749692079923,positive,18,11,290
A_LOGISTIC_REGRESSION,final_training_fit,2,24,autism,textual,coefficient,-0.06949704451229956,0.06949704451229956,negative,19,293,8
A_LOGISTIC_REGRESSION,final_training_fit,2,123,hyperactivity,textual,coefficient,0.06871144100983176,0.06871144100983176,positive,20,12,289
A_LOGISTIC_REGRESSION,final_training_fit,2,237,stimulant,textual,coefficient,0.0678055357155871,0.0678055357155871,positive,21,13,288
A_LOGISTIC_REGRESSION,final_training_fit,2,239,stop,textual,coefficient,-0.06746354852065654,0.06746354852065654,negative,22,292,9
A_LOGISTIC_REGRESSION,final_training_fit,2,26,bad,textual,coefficient,-0.06710321978753185,0.06710321978753185,negative,23,291,10
A_LOGISTIC_REGRESSION,final_training_fit,2,60,differently,textual,coefficient,0.06373188079326984,0.06373188079326984,positive,24,14,287
A_LOGISTIC_REGRESSION,final_training_fit,2,261,thing,textual,coefficient,-0.062382553699680106,0.062382553699680106,negative,25,290,11
A_LOGISTIC_REGRESSION,final_training_fit,2,146,let,textual,coefficient,0.06237078641355434,0.06237078641355434,positive,26,15,286
A_LOGISTIC_REGRESSION,final_training_fit,2,295,wrong,textual,coefficient,-0.06076315800188156,0.06076315800188156,negative,27,289,12
A_LOGISTIC_REGRESSION,final_training_fit,2,192,pay attention,textual,coefficient,-0.058314741816026465,0.058314741816026465,negative,28,288,13
A_LOGISTIC_REGRESSION,final_training_fit,2,270,treating,textual,coefficient,-0.05780553314025114,0.05780553314025114,negative,29,287,14
A_LOGISTIC_REGRESSION,final_training_fit,2,279,unable,textual,coefficient,0.0576329358092737,0.0576329358092737,positive,30,16,285
A_LOGISTIC_REGRESSION,final_training_fit,2,13,adhd sep,textual,coefficient,-0.057397193048853073,0.057397193048853073,negative,31,286,15
A_LOGISTIC_REGRESSION,final_training_fit,2,71,dr,textual,coefficient,0.0570184989137736,0.0570184989137736,positive,32,17,284
A_LOGISTIC_REGRESSION,final_training_fit,2,262,things,textual,coefficient,-0.05687956230916482,0.05687956230916482,negative,33,285,16
A_LOGISTIC_REGRESSION,final_training_fit,2,291,women,textual,coefficient,0.056118699319795594,0.056118699319795594,positive,34,18,283
A_LOGISTIC_REGRESSION,final_training_fit,2,251,symptoms adhd,textual,coefficient,0.05525636775119835,0.05525636775119835,positive,35,19,282
A_LOGISTIC_REGRESSION,final_training_fit,2,100,food,textual,coefficient,0.05414751259999553,0.05414751259999553,positive,36,20,281
A_LOGISTIC_REGRESSION,final_training_fit,2,220,seen,textual,coefficient,0.05396960099752365,0.05396960099752365,positive,37,21,280
A_LOGISTIC_REGRESSION,final_training_fit,2,289,way,textual,coefficient,0.05394949406920189,0.05394949406920189,positive,38,22,279
A_LOGISTIC_REGRESSION,final_training_fit,2,152,little bit,textual,coefficient,0.053485317913105276,0.053485317913105276,positive,39,23,278
A_LOGISTIC_REGRESSION,final_training_fit,2,278,um,textual,coefficient,0.05117678089772586,0.05117678089772586,positive,40,24,277
A_LOGISTIC_REGRESSION,final_training_fit,2,33,body,textual,coefficient,-0.05110341973750605,0.05110341973750605,negative,41,284,17
A_LOGISTIC_REGRESSION,final_training_fit,2,103,friend,textual,coefficient,-0.0510589627291854,0.0510589627291854,negative,42,283,18
A_LOGISTIC_REGRESSION,final_training_fit,2,65,doctor,textual,coefficient,0.050771168351779916,0.050771168351779916,positive,43,25,276
A_LOGISTIC_REGRESSION,final_training_fit,2,254,talking,textual,coefficient,0.05063924412809564,0.05063924412809564,positive,44,26,275
A_LOGISTIC_REGRESSION,final_training_fit,2,214,remember,textual,coefficient,0.049736552216075834,0.049736552216075834,positive,45,27,274
A_LOGISTIC_REGRESSION,final_training_fit,2,185,oh,textual,coefficient,0.049284765690129385,0.049284765690129385,positive,46,28,273
A_LOGISTIC_REGRESSION,final_training_fit,2,164,making,textual,coefficient,0.04922475241771099,0.04922475241771099,positive,47,29,272
A_LOGISTIC_REGRESSION,final_training_fit,2,160,low,textual,coefficient,-0.048466626031667605,0.048466626031667605,negative,48,282,19
A_LOGISTIC_REGRESSION,final_training_fit,2,15,adhd women,textual,coefficient,0.048189063577500794,0.048189063577500794,positive,49,30,271
A_LOGISTIC_REGRESSION,final_training_fit,2,171,medications,textual,coefficient,0.04806450398256905,0.04806450398256905,positive,50,31,270
A_LOGISTIC_REGRESSION,final_training_fit,2,257,tell,textual,coefficient,0.04691149398201951,0.04691149398201951,positive,51,32,269
A_LOGISTIC_REGRESSION,final_training_fit,2,287,wait,textual,coefficient,0.04649987390678831,0.04649987390678831,positive,52,33,268
A_LOGISTIC_REGRESSION,final_training_fit,2,56,did,textual,coefficient,-0.0455750719928386,0.0455750719928386,negative,53,281,20
A_LOGISTIC_REGRESSION,final_training_fit,2,37,care,textual,coefficient,0.04556832323255517,0.04556832323255517,positive,54,34,267
A_LOGISTIC_REGRESSION,final_training_fit,2,293,works,textual,coefficient,-0.04556575289930713,0.04556575289930713,negative,55,280,21
A_LOGISTIC_REGRESSION,final_training_fit,2,148,life,textual,coefficient,-0.0455108393608199,0.0455108393608199,negative,56,279,22
A_LOGISTIC_REGRESSION,final_training_fit,2,99,follow,textual,coefficient,0.04533994127955301,0.04533994127955301,positive,57,35,266
A_LOGISTIC_REGRESSION,final_training_fit,2,184,number,textual,coefficient,-0.04528634985140755,0.04528634985140755,negative,58,278,23
A_LOGISTIC_REGRESSION,final_training_fit,2,143,lack,textual,coefficient,0.04467643003343928,0.04467643003343928,positive,59,36,265
A_LOGISTIC_REGRESSION,final_training_fit,2,108,got,textual,coefficient,-0.044547084116573765,0.044547084116573765,negative,60,277,24
A_LOGISTIC_REGRESSION,final_training_fit,2,116,help,textual,coefficient,-0.044192568765635314,0.044192568765635314,negative,61,276,25
A_LOGISTIC_REGRESSION,final_training_fit,2,118,helps,textual,coefficient,-0.04410448805184628,0.04410448805184628,negative,62,275,26
A_LOGISTIC_REGRESSION,final_training_fit,2,294,world,textual,coefficient,-0.04356456970482364,0.04356456970482364,negative,63,274,27
A_LOGISTIC_REGRESSION,final_training_fit,2,259,term,textual,coefficient,-0.04343633594748285,0.04343633594748285,negative,64,273,28
A_LOGISTIC_REGRESSION,final_training_fit,2,240,strategies,textual,coefficient,0.043009873568615145,0.043009873568615145,positive,65,37,264
A_LOGISTIC_REGRESSION,final_training_fit,2,7,adhd autism,textual,coefficient,-0.04300620009897084,0.04300620009897084,negative,66,272,29
A_LOGISTIC_REGRESSION,final_training_fit,2,159,love,textual,coefficient,-0.042846344927611434,0.042846344927611434,negative,67,271,30
A_LOGISTIC_REGRESSION,final_training_fit,2,36,called,textual,coefficient,-0.04264531488538606,0.04264531488538606,negative,68,270,31
A_LOGISTIC_REGRESSION,final_training_fit,2,92,explained,textual,coefficient,0.04183027132510551,0.04183027132510551,positive,69,38,263
A_LOGISTIC_REGRESSION,final_training_fit,2,18,affects,textual,coefficient,0.041641386222977146,0.041641386222977146,positive,70,39,262
A_LOGISTIC_REGRESSION,final_training_fit,2,268,treat,textual,coefficient,-0.04142490353065101,0.04142490353065101,negative,71,269,32
A_LOGISTIC_REGRESSION,final_training_fit,2,134,intense,textual,coefficient,0.0414121510426594,0.0414121510426594,positive,72,40,261
A_LOGISTIC_REGRESSION,final_training_fit,2,253,talk,textual,coefficient,0.04102391840809106,0.04102391840809106,positive,73,41,260
A_LOGISTIC_REGRESSION,final_training_fit,2,3,actually,textual,coefficient,0.040950225726083804,0.040950225726083804,positive,74,42,259
A_LOGISTIC_REGRESSION,final_training_fit,2,205,protein,textual,coefficient,-0.04015255843114451,0.04015255843114451,negative,75,268,33
A_LOGISTIC_REGRESSION,final_training_fit,2,32,bit,textual,coefficient,0.03989231115342336,0.03989231115342336,positive,76,43,258
A_LOGISTIC_REGRESSION,final_training_fit,2,222,sense,textual,coefficient,-0.039834505470163616,0.039834505470163616,negative,77,267,34
A_LOGISTIC_REGRESSION,final_training_fit,2,271,treatment,textual,coefficient,0.03967174997251786,0.03967174997251786,positive,78,44,257
A_LOGISTIC_REGRESSION,final_training_fit,2,133,instead,textual,coefficient,0.03939505887475097,0.03939505887475097,positive,79,45,256
A_LOGISTIC_REGRESSION,final_training_fit,2,129,inattention,textual,coefficient,0.03932116666183655,0.03932116666183655,positive,80,46,255
A_LOGISTIC_REGRESSION,final_training_fit,2,50,day,textual,coefficient,-0.038668673396654175,0.038668673396654175,negative,81,266,35
A_LOGISTIC_REGRESSION,final_training_fit,2,169,means,textual,coefficient,0.038536009326835596,0.038536009326835596,positive,82,47,254
A_LOGISTIC_REGRESSION,final_training_fit,2,181,neurotypical,textual,coefficient,-0.03851510143502124,0.03851510143502124,negative,83,265,36
A_LOGISTIC_REGRESSION,final_training_fit,2,221,self,textual,coefficient,0.038115290328939413,0.038115290328939413,positive,84,48,253
A_LOGISTIC_REGRESSION,final_training_fit,2,23,audhd,textual,coefficient,-0.03729056260156167,0.03729056260156167,negative,85,264,37
A_LOGISTIC_REGRESSION,final_training_fit,2,224,sensitivity,textual,coefficient,0.036943274055432684,0.036943274055432684,positive,86,49,252
A_LOGISTIC_REGRESSION,final_training_fit,2,147,levels,textual,coefficient,-0.03677224634639015,0.03677224634639015,negative,87,263,38
A_LOGISTIC_REGRESSION,final_training_fit,2,199,poor,textual,coefficient,-0.036687568041980034,0.036687568041980034,negative,88,262,39
A_LOGISTIC_REGRESSION,final_training_fit,2,77,eating,textual,coefficient,0.0365051447085792,0.0365051447085792,positive,89,50,251
A_LOGISTIC_REGRESSION,final_training_fit,2,29,best,textual,coefficient,-0.03631867600168095,0.03631867600168095,negative,90,261,40
A_LOGISTIC_REGRESSION,final_training_fit,2,286,video,textual,coefficient,0.036246575655348875,0.036246575655348875,positive,91,51,250
A_LOGISTIC_REGRESSION,final_training_fit,2,55,diagnostic,textual,coefficient,0.03611331542966141,0.03611331542966141,positive,92,52,249
A_LOGISTIC_REGRESSION,final_training_fit,2,231,signs adhd,textual,coefficient,-0.03607195079049364,0.03607195079049364,negative,93,260,41
A_LOGISTIC_REGRESSION,final_training_fit,2,236,start,textual,coefficient,0.036045923509380566,0.036045923509380566,positive,94,53,248
A_LOGISTIC_REGRESSION,final_training_fit,2,172,meds,textual,coefficient,-0.03602602897224276,0.03602602897224276,negative,95,259,42
A_LOGISTIC_REGRESSION,final_training_fit,2,204,problems,textual,coefficient,-0.0358011923359245,0.0358011923359245,negative,96,258,43
A_LOGISTIC_REGRESSION,final_training_fit,2,105,getting,textual,coefficient,0.03563511104067373,0.03563511104067373,positive,97,54,247
A_LOGISTIC_REGRESSION,final_training_fit,2,101,foods,textual,coefficient,0.035343665406803816,0.035343665406803816,positive,98,55,246
A_LOGISTIC_REGRESSION,final_training_fit,2,42,college,textual,coefficient,-0.03524827670772911,0.03524827670772911,negative,99,257,44
A_LOGISTIC_REGRESSION,final_training_fit,2,94,family,textual,coefficient,-0.034895079875261664,0.034895079875261664,negative,100,256,45
A_LOGISTIC_REGRESSION,final_training_fit,2,155,look,textual,coefficient,0.03475680109240382,0.03475680109240382,positive,101,56,245
A_LOGISTIC_REGRESSION,final_training_fit,2,186,okay,textual,coefficient,0.034568487194008186,0.034568487194008186,positive,102,57,244
A_LOGISTIC_REGRESSION,final_training_fit,2,162,make sure,textual,coefficient,0.03441912660714821,0.03441912660714821,positive,103,58,243
A_LOGISTIC_REGRESSION,final_training_fit,2,127,impulsive,textual,coefficient,0.03423624316688853,0.03423624316688853,positive,104,59,242
A_LOGISTIC_REGRESSION,final_training_fit,2,119,high,textual,coefficient,-0.03410760675194456,0.03410760675194456,negative,105,255,46
A_LOGISTIC_REGRESSION,final_training_fit,2,63,disorders,textual,coefficient,-0.034103079405465246,0.034103079405465246,negative,106,254,47
A_LOGISTIC_REGRESSION,final_training_fit,2,206,psychiatrist,textual,coefficient,-0.033988903195427154,0.033988903195427154,negative,107,253,48
A_LOGISTIC_REGRESSION,final_training_fit,2,58,difference,textual,coefficient,-0.033837579702315365,0.033837579702315365,negative,108,252,49
A_LOGISTIC_REGRESSION,final_training_fit,2,137,just,textual,coefficient,0.0335779258903665,0.0335779258903665,positive,109,60,241
A_LOGISTIC_REGRESSION,final_training_fit,2,59,different,textual,coefficient,0.033006485496631315,0.033006485496631315,positive,110,61,240
A_LOGISTIC_REGRESSION,final_training_fit,2,285,ve,textual,coefficient,-0.0324655842414831,0.0324655842414831,negative,111,251,50
A_LOGISTIC_REGRESSION,final_training_fit,2,218,school,textual,coefficient,-0.03147887255718127,0.03147887255718127,negative,112,250,51
A_LOGISTIC_REGRESSION,final_training_fit,2,283,using,textual,coefficient,0.03143471078294561,0.03143471078294561,positive,113,62,239
A_LOGISTIC_REGRESSION,final_training_fit,2,173,mental,textual,coefficient,0.031183274660271074,0.031183274660271074,positive,114,63,238
A_LOGISTIC_REGRESSION,final_training_fit,2,201,present,textual,coefficient,0.03102748207139039,0.03102748207139039,positive,115,64,237
A_LOGISTIC_REGRESSION,final_training_fit,2,67,doesn,textual,coefficient,-0.030993405007985215,0.030993405007985215,negative,116,249,52
A_LOGISTIC_REGRESSION,final_training_fit,2,258,tend,textual,coefficient,0.030833608145949733,0.030833608145949733,positive,117,65,236
A_LOGISTIC_REGRESSION,final_training_fit,2,139,kid,textual,coefficient,0.030596526598591193,0.030596526598591193,positive,118,66,235
A_LOGISTIC_REGRESSION,final_training_fit,2,126,improve,textual,coefficient,0.030342597379769673,0.030342597379769673,positive,119,67,234
A_LOGISTIC_REGRESSION,final_training_fit,2,158,lots,textual,coefficient,-0.03016741482116353,0.03016741482116353,negative,120,248,53
A_LOGISTIC_REGRESSION,final_training_fit,2,93,fact,textual,coefficient,0.029746479943940078,0.029746479943940078,positive,121,68,233
A_LOGISTIC_REGRESSION,final_training_fit,2,80,emotions,textual,coefficient,0.029736326944525715,0.029736326944525715,positive,122,69,232
A_LOGISTIC_REGRESSION,final_training_fit,2,290,ways,textual,coefficient,-0.029702194511921066,0.029702194511921066,negative,123,247,54
A_LOGISTIC_REGRESSION,final_training_fit,2,125,important,textual,coefficient,-0.029646199683981616,0.029646199683981616,negative,124,246,55
A_LOGISTIC_REGRESSION,final_training_fit,2,84,everybody,textual,coefficient,-0.02951422124127311,0.02951422124127311,negative,125,245,56
A_LOGISTIC_REGRESSION,final_training_fit,2,217,saying,textual,coefficient,-0.02942271339000878,0.02942271339000878,negative,126,244,57
A_LOGISTIC_REGRESSION,final_training_fit,2,197,physical,textual,coefficient,-0.02933407973518632,0.02933407973518632,negative,127,243,58
A_LOGISTIC_REGRESSION,final_training_fit,2,79,emotional,textual,coefficient,-0.02929666750242266,0.02929666750242266,negative,128,242,59
A_LOGISTIC_REGRESSION,final_training_fit,2,52,depression,textual,coefficient,0.029177115729005772,0.029177115729005772,positive,129,70,231
A_LOGISTIC_REGRESSION,final_training_fit,2,41,children,textual,coefficient,0.028883729111435292,0.028883729111435292,positive,130,71,230
A_LOGISTIC_REGRESSION,final_training_fit,2,53,diagnosed,textual,coefficient,0.02873971269464355,0.02873971269464355,positive,131,72,229
A_LOGISTIC_REGRESSION,final_training_fit,2,225,sensory,textual,coefficient,0.02867919250823934,0.02867919250823934,positive,132,73,228
A_LOGISTIC_REGRESSION,final_training_fit,2,88,experience,textual,coefficient,-0.02842351591810399,0.02842351591810399,negative,133,241,60
A_LOGISTIC_REGRESSION,final_training_fit,2,97,feeling,textual,coefficient,0.028222006635356785,0.028222006635356785,positive,134,74,227
A_LOGISTIC_REGRESSION,final_training_fit,2,182,neurotypical person,textual,coefficient,-0.02809259921993759,0.02809259921993759,negative,135,240,61
A_LOGISTIC_REGRESSION,final_training_fit,2,180,need,textual,coefficient,0.02779995560405189,0.02779995560405189,positive,136,75,226
A_LOGISTIC_REGRESSION,final_training_fit,2,228,shorts,textual,coefficient,-0.02713194323669648,0.02713194323669648,negative,137,239,62
A_LOGISTIC_REGRESSION,final_training_fit,2,275,turn,textual,coefficient,0.02680803147547307,0.02680803147547307,positive,138,76,225
A_LOGISTIC_REGRESSION,final_training_fit,2,57,diet,textual,coefficient,-0.02679883893611061,0.02679883893611061,negative,139,238,63
A_LOGISTIC_REGRESSION,final_training_fit,2,145,lead,textual,coefficient,0.02656246864718033,0.02656246864718033,positive,140,77,224
A_LOGISTIC_REGRESSION,final_training_fit,2,203,problem,textual,coefficient,-0.02634332136450603,0.02634332136450603,negative,141,237,64
A_LOGISTIC_REGRESSION,final_training_fit,2,91,explain,textual,coefficient,-0.026342113722641135,0.026342113722641135,negative,142,236,65
A_LOGISTIC_REGRESSION,final_training_fit,2,150,likely,textual,coefficient,0.02625464558030605,0.02625464558030605,positive,143,78,223
A_LOGISTIC_REGRESSION,final_training_fit,2,27,behavior,textual,coefficient,0.02614319011005457,0.02614319011005457,positive,144,79,222
A_LOGISTIC_REGRESSION,final_training_fit,2,263,things like,textual,coefficient,0.0258425146220651,0.0258425146220651,positive,145,80,221
A_LOGISTIC_REGRESSION,final_training_fit,2,168,mean,textual,coefficient,0.02582244314868511,0.02582244314868511,positive,146,81,220
A_LOGISTIC_REGRESSION,final_training_fit,2,19,answer,textual,coefficient,-0.025640631352441323,0.025640631352441323,negative,147,235,66
A_LOGISTIC_REGRESSION,final_training_fit,2,288,want,textual,coefficient,0.025480733994365543,0.025480733994365543,positive,148,82,219
A_LOGISTIC_REGRESSION,final_training_fit,2,245,study,textual,coefficient,-0.025426098273591328,0.025426098273591328,negative,149,234,67
A_LOGISTIC_REGRESSION,final_training_fit,2,193,people,textual,coefficient,0.02517704324066232,0.02517704324066232,positive,150,83,218
A_LOGISTIC_REGRESSION,final_training_fit,2,14,adhd symptoms,textual,coefficient,0.025137937727663644,0.025137937727663644,positive,151,84,217
A_LOGISTIC_REGRESSION,final_training_fit,2,280,understand,textual,coefficient,0.024741238359110067,0.024741238359110067,positive,152,85,216
A_LOGISTIC_REGRESSION,final_training_fit,2,87,exercise,textual,coefficient,-0.02454076079977598,0.02454076079977598,negative,153,233,68
A_LOGISTIC_REGRESSION,final_training_fit,2,281,understanding,textual,coefficient,-0.024481379318682592,0.024481379318682592,negative,154,232,69
A_LOGISTIC_REGRESSION,final_training_fit,2,227,sep adhd,textual,coefficient,-0.024245513469340833,0.024245513469340833,negative,155,231,70
A_LOGISTIC_REGRESSION,final_training_fit,2,25,autistic,textual,coefficient,-0.024151740834933103,0.024151740834933103,negative,156,230,71
A_LOGISTIC_REGRESSION,final_training_fit,2,114,health,textual,coefficient,-0.024115375631660458,0.024115375631660458,negative,157,229,72
A_LOGISTIC_REGRESSION,final_training_fit,2,200,potential,textual,coefficient,-0.023975282907522075,0.023975282907522075,negative,158,228,73
A_LOGISTIC_REGRESSION,final_training_fit,2,49,criteria,textual,coefficient,0.023553743346276666,0.023553743346276666,positive,159,86,215
A_LOGISTIC_REGRESSION,final_training_fit,2,102,forget,textual,coefficient,-0.02344910193961737,0.02344910193961737,negative,160,227,74
A_LOGISTIC_REGRESSION,final_training_fit,2,249,sure,textual,coefficient,0.02332708648672189,0.02332708648672189,positive,161,87,214
A_LOGISTIC_REGRESSION,final_training_fit,2,174,mind,textual,coefficient,0.02324935068946769,0.02324935068946769,positive,162,88,213
A_LOGISTIC_REGRESSION,final_training_fit,2,163,makes,textual,coefficient,-0.023160836443016267,0.023160836443016267,negative,163,226,75
A_LOGISTIC_REGRESSION,final_training_fit,2,96,feel like,textual,coefficient,-0.022794761259981387,0.022794761259981387,negative,164,225,76
A_LOGISTIC_REGRESSION,final_training_fit,2,219,second,textual,coefficient,-0.02277937862760989,0.02277937862760989,negative,165,224,77
A_LOGISTIC_REGRESSION,final_training_fit,2,230,signs,textual,coefficient,-0.022746982134591337,0.022746982134591337,negative,166,223,78
A_LOGISTIC_REGRESSION,final_training_fit,2,131,increase,textual,coefficient,0.022367915180120518,0.022367915180120518,positive,167,89,212
A_LOGISTIC_REGRESSION,final_training_fit,2,109,great,textual,coefficient,-0.0220038640855035,0.0220038640855035,negative,168,222,79
A_LOGISTIC_REGRESSION,final_training_fit,2,223,sensitive,textual,coefficient,-0.021750920342499397,0.021750920342499397,negative,169,221,80
A_LOGISTIC_REGRESSION,final_training_fit,2,17,adults,textual,coefficient,-0.021686445334956016,0.021686445334956016,negative,170,220,81
A_LOGISTIC_REGRESSION,final_training_fit,2,66,does,textual,coefficient,-0.021543790963076598,0.021543790963076598,negative,171,219,82
A_LOGISTIC_REGRESSION,final_training_fit,2,247,sugar,textual,coefficient,-0.021495935715688096,0.021495935715688096,negative,172,218,83
A_LOGISTIC_REGRESSION,final_training_fit,2,265,thinking,textual,coefficient,0.021457304004488493,0.021457304004488493,positive,173,90,211
A_LOGISTIC_REGRESSION,final_training_fit,2,38,certain,textual,coefficient,-0.02142158216948578,0.02142158216948578,negative,174,217,84
A_LOGISTIC_REGRESSION,final_training_fit,2,195,person,textual,coefficient,-0.021174810505253855,0.021174810505253855,negative,175,216,85
A_LOGISTIC_REGRESSION,final_training_fit,2,209,really,textual,coefficient,-0.02111341935352262,0.02111341935352262,negative,176,215,86
A_LOGISTIC_REGRESSION,final_training_fit,2,273,try,textual,coefficient,0.020382521193241725,0.020382521193241725,positive,177,91,210
A_LOGISTIC_REGRESSION,final_training_fit,2,202,probably,textual,coefficient,0.0198183584044315,0.0198183584044315,positive,178,92,209
A_LOGISTIC_REGRESSION,final_training_fit,2,43,come,textual,coefficient,-0.01964396819083689,0.01964396819083689,negative,179,214,87
A_LOGISTIC_REGRESSION,final_training_fit,2,51,deficit,textual,coefficient,0.019635700966148303,0.019635700966148303,positive,180,93,208
A_LOGISTIC_REGRESSION,final_training_fit,2,110,happens,textual,coefficient,0.01932028568027756,0.01932028568027756,positive,181,94,207
A_LOGISTIC_REGRESSION,final_training_fit,2,112,harder,textual,coefficient,-0.019297605189670258,0.019297605189670258,negative,182,213,88
A_LOGISTIC_REGRESSION,final_training_fit,2,229,sign,textual,coefficient,-0.019223981148541833,0.019223981148541833,negative,183,212,89
A_LOGISTIC_REGRESSION,final_training_fit,2,264,think,textual,coefficient,-0.01893414925164304,0.01893414925164304,negative,184,211,90
A_LOGISTIC_REGRESSION,final_training_fit,2,210,recommend,textual,coefficient,-0.01884987421808647,0.01884987421808647,negative,185,210,91
A_LOGISTIC_REGRESSION,final_training_fit,2,175,mood,textual,coefficient,-0.01869646644489446,0.01869646644489446,negative,186,209,92
A_LOGISTIC_REGRESSION,final_training_fit,2,267,times,textual,coefficient,0.01867607792866386,0.01867607792866386,positive,187,95,206
A_LOGISTIC_REGRESSION,final_training_fit,2,22,attention,textual,coefficient,-0.018646067897357288,0.018646067897357288,negative,188,208,93
A_LOGISTIC_REGRESSION,final_training_fit,2,141,kind,textual,coefficient,0.018617749983088554,0.018617749983088554,positive,189,96,205
A_LOGISTIC_REGRESSION,final_training_fit,2,226,sep,textual,coefficient,-0.018558366796001754,0.018558366796001754,negative,190,207,94
A_LOGISTIC_REGRESSION,final_training_fit,2,187,options,textual,coefficient,0.018444485872320993,0.018444485872320993,positive,191,97,204
A_LOGISTIC_REGRESSION,final_training_fit,2,161,make,textual,coefficient,0.0184057635909441,0.0184057635909441,positive,192,98,203
A_LOGISTIC_REGRESSION,final_training_fit,2,62,disorder,textual,coefficient,-0.018203203192315442,0.018203203192315442,negative,193,206,95
A_LOGISTIC_REGRESSION,final_training_fit,2,260,therapy,textual,coefficient,0.01800302745445214,0.01800302745445214,positive,194,99,202
A_LOGISTIC_REGRESSION,final_training_fit,2,31,big,textual,coefficient,-0.0175280106343143,0.0175280106343143,negative,195,205,96
A_LOGISTIC_REGRESSION,final_training_fit,2,183,non,textual,coefficient,0.017450919398942954,0.017450919398942954,positive,196,100,201
A_LOGISTIC_REGRESSION,final_training_fit,2,54,diagnosis,textual,coefficient,0.017394130805692073,0.017394130805692073,positive,197,101,200
A_LOGISTIC_REGRESSION,final_training_fit,2,75,easily,textual,coefficient,0.017034705375282923,0.017034705375282923,positive,198,102,199
A_LOGISTIC_REGRESSION,final_training_fit,2,73,dysfunction,textual,coefficient,0.01703025670795898,0.01703025670795898,positive,199,103,198
A_LOGISTIC_REGRESSION,final_training_fit,2,248,support,textual,coefficient,0.016958672365024678,0.016958672365024678,positive,200,104,197
A_LOGISTIC_REGRESSION,final_training_fit,2,246,stuff,textual,coefficient,0.016872671580237735,0.016872671580237735,positive,201,105,196
A_LOGISTIC_REGRESSION,final_training_fit,2,190,patients,textual,coefficient,0.016830738107740648,0.016830738107740648,positive,202,106,195
A_LOGISTIC_REGRESSION,final_training_fit,2,76,eat,textual,coefficient,0.016182296664163938,0.016182296664163938,positive,203,107,194
A_LOGISTIC_REGRESSION,final_training_fit,2,83,especially,textual,coefficient,0.01617573907084977,0.01617573907084977,positive,204,108,193
A_LOGISTIC_REGRESSION,final_training_fit,2,274,trying,textual,coefficient,-0.016063107703730213,0.016063107703730213,negative,205,204,97
A_LOGISTIC_REGRESSION,final_training_fit,2,34,brain,textual,coefficient,0.016025966553849802,0.016025966553849802,positive,206,109,192
A_LOGISTIC_REGRESSION,final_training_fit,2,86,executive,textual,coefficient,0.015794888199450973,0.015794888199450973,positive,207,110,191
A_LOGISTIC_REGRESSION,final_training_fit,2,140,kids,textual,coefficient,-0.01571820128354699,0.01571820128354699,negative,208,203,98
A_LOGISTIC_REGRESSION,final_training_fit,2,78,effects,textual,coefficient,0.015294059081670305,0.015294059081670305,positive,209,111,190
A_LOGISTIC_REGRESSION,final_training_fit,2,235,social,textual,coefficient,-0.01529386273259569,0.01529386273259569,negative,210,202,99
A_LOGISTIC_REGRESSION,final_training_fit,2,74,early,textual,coefficient,-0.015200022931369234,0.015200022931369234,negative,211,201,100
A_LOGISTIC_REGRESSION,final_training_fit,2,176,motivation,textual,coefficient,0.015112615074189529,0.015112615074189529,positive,212,112,189
A_LOGISTIC_REGRESSION,final_training_fit,2,144,late,textual,coefficient,-0.01458613582311618,0.01458613582311618,negative,213,200,101
A_LOGISTIC_REGRESSION,final_training_fit,2,211,regulation,textual,coefficient,0.014417693818741731,0.014417693818741731,positive,214,113,188
A_LOGISTIC_REGRESSION,final_training_fit,2,113,having,textual,coefficient,0.014178682844835297,0.014178682844835297,positive,215,114,187
A_LOGISTIC_REGRESSION,final_training_fit,2,28,behaviors,textual,coefficient,0.01399779541930239,0.01399779541930239,positive,216,115,186
A_LOGISTIC_REGRESSION,final_training_fit,2,177,moving,textual,coefficient,0.013954593457516453,0.013954593457516453,positive,217,116,185
A_LOGISTIC_REGRESSION,final_training_fit,2,232,sit,textual,coefficient,0.013906505218826123,0.013906505218826123,positive,218,117,184
A_LOGISTIC_REGRESSION,final_training_fit,2,46,condition,textual,coefficient,0.013756998719572602,0.013756998719572602,positive,219,118,183
A_LOGISTIC_REGRESSION,final_training_fit,2,64,distracted,textual,coefficient,0.013754110201228955,0.013754110201228955,positive,220,119,182
A_LOGISTIC_REGRESSION,final_training_fit,2,30,better,textual,coefficient,-0.013300078383367726,0.013300078383367726,negative,221,199,102
A_LOGISTIC_REGRESSION,final_training_fit,2,154,long,textual,coefficient,-0.013271641702997118,0.013271641702997118,negative,222,198,103
A_LOGISTIC_REGRESSION,final_training_fit,2,115,hear,textual,coefficient,0.013225528903049335,0.013225528903049335,positive,223,120,181
A_LOGISTIC_REGRESSION,final_training_fit,2,117,helpful,textual,coefficient,-0.013194912480295291,0.013194912480295291,negative,224,197,104
A_LOGISTIC_REGRESSION,final_training_fit,2,179,natural,textual,coefficient,-0.012973263167442165,0.012973263167442165,negative,225,196,105
A_LOGISTIC_REGRESSION,final_training_fit,2,121,home,textual,coefficient,-0.012927597696544552,0.012927597696544552,negative,226,195,106
A_LOGISTIC_REGRESSION,final_training_fit,2,39,challenges,textual,coefficient,-0.012847041450698132,0.012847041450698132,negative,227,194,107
A_LOGISTIC_REGRESSION,final_training_fit,2,20,answer sep,textual,coefficient,-0.012783654642315146,0.012783654642315146,negative,228,193,108
A_LOGISTIC_REGRESSION,final_training_fit,2,167,maybe,textual,coefficient,-0.012584641482927946,0.012584641482927946,negative,229,192,109
A_LOGISTIC_REGRESSION,final_training_fit,2,252,taking,textual,coefficient,-0.01257740037182985,0.01257740037182985,negative,230,191,110
A_LOGISTIC_REGRESSION,final_training_fit,2,61,difficulty,textual,coefficient,-0.01256342887289167,0.01256342887289167,negative,231,190,111
A_LOGISTIC_REGRESSION,final_training_fit,2,122,hyperactive,textual,coefficient,0.012468559009443447,0.012468559009443447,positive,232,121,180
A_LOGISTIC_REGRESSION,final_training_fit,2,213,relationships,textual,coefficient,-0.01213617907357027,0.01213617907357027,negative,233,189,112
A_LOGISTIC_REGRESSION,final_training_fit,2,188,overwhelmed,textual,coefficient,-0.011708368500247139,0.011708368500247139,negative,234,188,113
A_LOGISTIC_REGRESSION,final_training_fit,2,90,experts answer,textual,coefficient,-0.011492228891219642,0.011492228891219642,negative,235,187,114
A_LOGISTIC_REGRESSION,final_training_fit,2,157,lot,textual,coefficient,-0.011112173940606845,0.011112173940606845,negative,236,186,115
A_LOGISTIC_REGRESSION,final_training_fit,2,69,don,textual,coefficient,0.011034691455586372,0.011034691455586372,positive,237,122,179
A_LOGISTIC_REGRESSION,final_training_fit,2,81,end,textual,coefficient,-0.010983125323127604,0.010983125323127604,negative,238,185,116
A_LOGISTIC_REGRESSION,final_training_fit,2,11,adhd medication,textual,coefficient,0.010786391843052636,0.010786391843052636,positive,239,123,178
A_LOGISTIC_REGRESSION,final_training_fit,2,8,adhd brain,textual,coefficient,0.010459590511965416,0.010459590511965416,positive,240,124,177
A_LOGISTIC_REGRESSION,final_training_fit,2,233,sleep,textual,coefficient,0.010443240916472873,0.010443240916472873,positive,241,125,176
A_LOGISTIC_REGRESSION,final_training_fit,2,207,quickly,textual,coefficient,-0.01030245495715624,0.01030245495715624,negative,242,184,117
A_LOGISTIC_REGRESSION,final_training_fit,2,111,hard,textual,coefficient,-0.010205362536296603,0.010205362536296603,negative,243,183,118
A_LOGISTIC_REGRESSION,final_training_fit,2,292,work,textual,coefficient,-0.010021526976074788,0.010021526976074788,negative,244,182,119
A_LOGISTIC_REGRESSION,final_training_fit,2,85,example,textual,coefficient,0.00994701974880072,0.00994701974880072,positive,245,126,175
A_LOGISTIC_REGRESSION,final_training_fit,2,132,information,textual,coefficient,-0.009929481843217385,0.009929481843217385,negative,246,181,120
A_LOGISTIC_REGRESSION,final_training_fit,2,284,usually,textual,coefficient,0.00934072767685751,0.00934072767685751,positive,247,127,174
A_LOGISTIC_REGRESSION,final_training_fit,2,149,like,textual,coefficient,0.009041245565837174,0.009041245565837174,positive,248,128,173
A_LOGISTIC_REGRESSION,final_training_fit,2,256,tasks,textual,coefficient,0.008914368597801361,0.008914368597801361,positive,249,129,172
A_LOGISTIC_REGRESSION,final_training_fit,2,189,parents,textual,coefficient,0.008700796038888684,0.008700796038888684,positive,250,130,171
A_LOGISTIC_REGRESSION,final_training_fit,2,241,structure,textual,coefficient,0.008681134044296506,0.008681134044296506,positive,251,131,170
A_LOGISTIC_REGRESSION,final_training_fit,2,1,able,textual,coefficient,0.008490664760388613,0.008490664760388613,positive,252,132,169
A_LOGISTIC_REGRESSION,final_training_fit,2,215,right,textual,coefficient,-0.008358358642207764,0.008358358642207764,negative,253,180,121
A_LOGISTIC_REGRESSION,final_training_fit,2,255,task,textual,coefficient,0.00830977734115523,0.00830977734115523,positive,254,133,168
A_LOGISTIC_REGRESSION,final_training_fit,2,6,adhd adhd,textual,coefficient,0.008261502274957446,0.008261502274957446,positive,255,134,167
A_LOGISTIC_REGRESSION,final_training_fit,2,272,trouble,textual,coefficient,-0.008012296757148648,0.008012296757148648,negative,256,179,122
A_LOGISTIC_REGRESSION,final_training_fit,2,35,brains,textual,coefficient,0.00797394464786576,0.00797394464786576,positive,257,135,166
A_LOGISTIC_REGRESSION,final_training_fit,2,269,treated,textual,coefficient,0.00795818740624383,0.00795818740624383,positive,258,136,165
A_LOGISTIC_REGRESSION,final_training_fit,2,10,adhd just,textual,coefficient,0.007940636778044085,0.007940636778044085,positive,259,137,164
A_LOGISTIC_REGRESSION,final_training_fit,2,297,years,textual,coefficient,-0.0077433946407355625,0.0077433946407355625,negative,260,178,123
A_LOGISTIC_REGRESSION,final_training_fit,2,208,real,textual,coefficient,-0.007719189406463216,0.007719189406463216,negative,261,177,124
A_LOGISTIC_REGRESSION,final_training_fit,2,296,yeah,textual,coefficient,-0.007006319824463757,0.007006319824463757,negative,262,176,125
A_LOGISTIC_REGRESSION,final_training_fit,2,0,10,textual,coefficient,-0.006977323271637949,0.006977323271637949,negative,263,175,126
A_LOGISTIC_REGRESSION,final_training_fit,2,2,activity,textual,coefficient,0.006561227765502054,0.006561227765502054,positive,264,138,163
A_LOGISTIC_REGRESSION,final_training_fit,2,135,isn,textual,coefficient,-0.006489946718927553,0.006489946718927553,negative,265,174,127
A_LOGISTIC_REGRESSION,final_training_fit,2,282,use,textual,coefficient,-0.006362052917867561,0.006362052917867561,negative,266,173,128
A_LOGISTIC_REGRESSION,final_training_fit,2,106,going,textual,coefficient,-0.005989767833156741,0.005989767833156741,negative,267,172,129
A_LOGISTIC_REGRESSION,final_training_fit,2,120,highly,textual,coefficient,-0.005876983675173789,0.005876983675173789,negative,268,171,130
A_LOGISTIC_REGRESSION,final_training_fit,2,124,impact,textual,coefficient,0.005770990071924616,0.005770990071924616,positive,269,139,162
A_LOGISTIC_REGRESSION,final_training_fit,2,244,struggling,textual,coefficient,-0.005732326889029447,0.005732326889029447,negative,270,170,131
A_LOGISTIC_REGRESSION,final_training_fit,2,216,say,textual,coefficient,-0.005345403927553837,0.005345403927553837,negative,271,169,132
A_LOGISTIC_REGRESSION,final_training_fit,2,45,common,textual,coefficient,-0.00529269800396928,0.00529269800396928,negative,272,168,133
A_LOGISTIC_REGRESSION,final_training_fit,2,156,looking,textual,coefficient,0.00527560277407638,0.00527560277407638,positive,273,140,161
A_LOGISTIC_REGRESSION,final_training_fit,2,48,control,textual,coefficient,0.004862506453688737,0.004862506453688737,positive,274,141,160
A_LOGISTIC_REGRESSION,final_training_fit,2,16,adult,textual,coefficient,0.004755597323563958,0.004755597323563958,positive,275,142,159
A_LOGISTIC_REGRESSION,final_training_fit,2,47,constantly,textual,coefficient,-0.004441624181923386,0.004441624181923386,negative,276,167,134
A_LOGISTIC_REGRESSION,final_training_fit,2,212,rejection,textual,coefficient,0.004351149557530037,0.004351149557530037,positive,277,143,158
A_LOGISTIC_REGRESSION,final_training_fit,2,276,type,textual,coefficient,-0.0042784133545449386,0.0042784133545449386,negative,278,166,135
A_LOGISTIC_REGRESSION,final_training_fit,2,166,management,textual,coefficient,-0.004226530754297095,0.004226530754297095,negative,279,165,136
A_LOGISTIC_REGRESSION,final_training_fit,2,165,manage,textual,coefficient,-0.0040861608390347125,0.0040861608390347125,negative,280,164,137
A_LOGISTIC_REGRESSION,final_training_fit,2,243,struggles,textual,coefficient,0.003535200436772823,0.003535200436772823,positive,281,144,157
A_LOGISTIC_REGRESSION,final_training_fit,2,178,music,textual,coefficient,-0.003364568217892078,0.003364568217892078,negative,282,163,138
A_LOGISTIC_REGRESSION,final_training_fit,2,89,experts,textual,coefficient,0.002716728704045673,0.002716728704045673,positive,283,145,156
A_LOGISTIC_REGRESSION,final_training_fit,2,68,doing,textual,coefficient,-0.0025568680181402553,0.0025568680181402553,negative,284,162,139
A_LOGISTIC_REGRESSION,final_training_fit,2,12,adhd real,textual,coefficient,-0.002427957974887404,0.002427957974887404,negative,285,161,140
A_LOGISTIC_REGRESSION,final_training_fit,2,153,ll,textual,coefficient,0.002348601395308462,0.002348601395308462,positive,286,146,155
A_LOGISTIC_REGRESSION,final_training_fit,2,138,key,textual,coefficient,-0.0022659268171394036,0.0022659268171394036,negative,287,160,141
A_LOGISTIC_REGRESSION,final_training_fit,2,5,adhd,textual,coefficient,-0.0020454554534465414,0.0020454554534465414,negative,288,159,142
A_LOGISTIC_REGRESSION,final_training_fit,2,196,phone,textual,coefficient,0.0018799037636386736,0.0018799037636386736,positive,289,147,154
A_LOGISTIC_REGRESSION,final_training_fit,2,238,stimulants,textual,coefficient,0.0015777800494208316,0.0015777800494208316,positive,290,148,153
A_LOGISTIC_REGRESSION,final_training_fit,2,21,anxiety,textual,coefficient,0.0013447718988301037,0.0013447718988301037,positive,291,149,152
A_LOGISTIC_REGRESSION,final_training_fit,2,9,adhd diagnosis,textual,coefficient,0.0012406413407272069,0.0012406413407272069,positive,292,150,151
A_LOGISTIC_REGRESSION,final_training_fit,2,198,point,textual,coefficient,0.0011253866173090467,0.0011253866173090467,positive,293,151,150
A_LOGISTIC_REGRESSION,final_training_fit,2,44,comes,textual,coefficient,0.0011167846715043385,0.0011167846715043385,positive,294,152,149
A_LOGISTIC_REGRESSION,final_training_fit,2,40,child,textual,coefficient,0.0008261825710382648,0.0008261825710382648,positive,295,153,148
A_LOGISTIC_REGRESSION,final_training_fit,2,104,function,textual,coefficient,-0.0006857916948254459,0.0006857916948254459,negative,296,158,143
A_LOGISTIC_REGRESSION,final_training_fit,2,130,inattentive,textual,coefficient,0.00037823480082409126,0.00037823480082409126,positive,297,154,147
A_LOGISTIC_REGRESSION,final_training_fit,2,234,small,textual,coefficient,-0.00033559903607590177,0.00033559903607590177,negative,298,157,144
A_LOGISTIC_REGRESSION,final_training_fit,2,72,drugs,textual,coefficient,0.00031150621617061236,0.00031150621617061236,positive,299,155,146
A_LOGISTIC_REGRESSION,final_training_fit,2,128,impulsivity,textual,coefficient,0.0003079369525526561,0.0003079369525526561,positive,300,156,145
A_LOGISTIC_REGRESSION,final_training_fit,3,160,low,textual,coefficient,0.14108623453660604,0.14108623453660604,positive,1,1,300
A_LOGISTIC_REGRESSION,final_training_fit,3,153,ll,textual,coefficient,0.1025923567421594,0.1025923567421594,positive,2,2,299
A_LOGISTIC_REGRESSION,final_training_fit,3,57,diet,textual,coefficient,0.10236688256384159,0.10236688256384159,positive,3,3,298
A_LOGISTIC_REGRESSION,final_training_fit,3,247,sugar,textual,coefficient,0.10230957727674982,0.10230957727674982,positive,4,4,297
A_LOGISTIC_REGRESSION,final_training_fit,3,195,person,textual,coefficient,0.10017310049002763,0.10017310049002763,positive,5,5,296
A_LOGISTIC_REGRESSION,final_training_fit,3,282,use,textual,coefficient,0.08860838351583492,0.08860838351583492,positive,6,6,295
A_LOGISTIC_REGRESSION,final_training_fit,3,125,important,textual,coefficient,0.08811414555480693,0.08811414555480693,positive,7,7,294
A_LOGISTIC_REGRESSION,final_training_fit,3,69,don,textual,coefficient,-0.08703222485608576,0.08703222485608576,negative,8,300,1
A_LOGISTIC_REGRESSION,final_training_fit,3,170,medication,textual,coefficient,-0.08597679329433074,0.08597679329433074,negative,9,299,2
A_LOGISTIC_REGRESSION,final_training_fit,3,245,study,textual,coefficient,0.0848200600916193,0.0848200600916193,positive,10,8,293
A_LOGISTIC_REGRESSION,final_training_fit,3,147,levels,textual,coefficient,0.08479668942115479,0.08479668942115479,positive,11,9,292
A_LOGISTIC_REGRESSION,final_training_fit,3,230,signs,textual,coefficient,-0.08114152128550715,0.08114152128550715,negative,12,298,3
A_LOGISTIC_REGRESSION,final_training_fit,3,70,dopamine,textual,coefficient,0.07899620000891372,0.07899620000891372,positive,13,10,291
A_LOGISTIC_REGRESSION,final_training_fit,3,261,thing,textual,coefficient,0.07801784698077086,0.07801784698077086,positive,14,11,290
A_LOGISTIC_REGRESSION,final_training_fit,3,268,treat,textual,coefficient,0.07558311100261694,0.07558311100261694,positive,15,12,289
A_LOGISTIC_REGRESSION,final_training_fit,3,181,neurotypical,textual,coefficient,0.07493504372116397,0.07493504372116397,positive,16,13,288
A_LOGISTIC_REGRESSION,final_training_fit,3,276,type,textual,coefficient,-0.07421787401581656,0.07421787401581656,negative,17,297,4
A_LOGISTIC_REGRESSION,final_training_fit,3,212,rejection,textual,coefficient,0.07289171852787991,0.07289171852787991,positive,18,14,287
A_LOGISTIC_REGRESSION,final_training_fit,3,36,called,textual,coefficient,0.071311464881854,0.071311464881854,positive,19,15,286
A_LOGISTIC_REGRESSION,final_training_fit,3,101,foods,textual,coefficient,0.06867793521336768,0.06867793521336768,positive,20,16,285
A_LOGISTIC_REGRESSION,final_training_fit,3,239,stop,textual,coefficient,-0.06701170877004811,0.06701170877004811,negative,21,296,5
A_LOGISTIC_REGRESSION,final_training_fit,3,278,um,textual,coefficient,-0.06673736517460212,0.06673736517460212,negative,22,295,6
A_LOGISTIC_REGRESSION,final_training_fit,3,50,day,textual,coefficient,0.06429343725952781,0.06429343725952781,positive,23,17,284
A_LOGISTIC_REGRESSION,final_training_fit,3,21,anxiety,textual,coefficient,-0.0639052327095394,0.0639052327095394,negative,24,294,7
A_LOGISTIC_REGRESSION,final_training_fit,3,5,adhd,textual,coefficient,-0.06255359084087943,0.06255359084087943,negative,25,293,8
A_LOGISTIC_REGRESSION,final_training_fit,3,293,works,textual,coefficient,0.06253886850127509,0.06253886850127509,positive,26,18,283
A_LOGISTIC_REGRESSION,final_training_fit,3,272,trouble,textual,coefficient,-0.06097952588397182,0.06097952588397182,negative,27,292,9
A_LOGISTIC_REGRESSION,final_training_fit,3,78,effects,textual,coefficient,0.06001333700512475,0.06001333700512475,positive,28,19,282
A_LOGISTIC_REGRESSION,final_training_fit,3,259,term,textual,coefficient,0.059709363297457865,0.059709363297457865,positive,29,20,281
A_LOGISTIC_REGRESSION,final_training_fit,3,7,adhd autism,textual,coefficient,-0.05968627845235896,0.05968627845235896,negative,30,291,10
A_LOGISTIC_REGRESSION,final_training_fit,3,285,ve,textual,coefficient,-0.056467924546479385,0.056467924546479385,negative,31,290,11
A_LOGISTIC_REGRESSION,final_training_fit,3,286,video,textual,coefficient,-0.05634133247672169,0.05634133247672169,negative,32,289,12
A_LOGISTIC_REGRESSION,final_training_fit,3,111,hard,textual,coefficient,0.05614420943261268,0.05614420943261268,positive,33,21,280
A_LOGISTIC_REGRESSION,final_training_fit,3,182,neurotypical person,textual,coefficient,0.055140184547567236,0.055140184547567236,positive,34,22,279
A_LOGISTIC_REGRESSION,final_training_fit,3,110,happens,textual,coefficient,0.055076080195120405,0.055076080195120405,positive,35,23,278
A_LOGISTIC_REGRESSION,final_training_fit,3,203,problem,textual,coefficient,0.05488837919364709,0.05488837919364709,positive,36,24,277
A_LOGISTIC_REGRESSION,final_training_fit,3,154,long,textual,coefficient,0.05485176893684391,0.05485176893684391,positive,37,25,276
A_LOGISTIC_REGRESSION,final_training_fit,3,102,forget,textual,coefficient,0.05365064711280698,0.05365064711280698,positive,38,26,275
A_LOGISTIC_REGRESSION,final_training_fit,3,100,food,textual,coefficient,0.05305311032346669,0.05305311032346669,positive,39,27,274
A_LOGISTIC_REGRESSION,final_training_fit,3,17,adults,textual,coefficient,-0.05236160031216349,0.05236160031216349,negative,40,288,13
A_LOGISTIC_REGRESSION,final_training_fit,3,87,exercise,textual,coefficient,-0.05141199655030224,0.05141199655030224,negative,41,287,14
A_LOGISTIC_REGRESSION,final_training_fit,3,296,yeah,textual,coefficient,-0.050833742390870934,0.050833742390870934,negative,42,286,15
A_LOGISTIC_REGRESSION,final_training_fit,3,175,mood,textual,coefficient,0.049805216587461065,0.049805216587461065,positive,43,28,273
A_LOGISTIC_REGRESSION,final_training_fit,3,68,doing,textual,coefficient,-0.04785181267022229,0.04785181267022229,negative,44,285,16
A_LOGISTIC_REGRESSION,final_training_fit,3,299,एक,textual,coefficient,-0.047678193760858675,0.047678193760858675,negative,45,284,17
A_LOGISTIC_REGRESSION,final_training_fit,3,178,music,textual,coefficient,-0.04698479042147889,0.04698479042147889,negative,46,283,18
A_LOGISTIC_REGRESSION,final_training_fit,3,176,motivation,textual,coefficient,-0.04628181971129702,0.04628181971129702,negative,47,282,19
A_LOGISTIC_REGRESSION,final_training_fit,3,213,relationships,textual,coefficient,0.045577763062373634,0.045577763062373634,positive,48,29,272
A_LOGISTIC_REGRESSION,final_training_fit,3,117,helpful,textual,coefficient,0.044885933473866525,0.044885933473866525,positive,49,30,271
A_LOGISTIC_REGRESSION,final_training_fit,3,219,second,textual,coefficient,0.04462945053693242,0.04462945053693242,positive,50,31,270
A_LOGISTIC_REGRESSION,final_training_fit,3,116,help,textual,coefficient,0.04449708989088301,0.04449708989088301,positive,51,32,269
A_LOGISTIC_REGRESSION,final_training_fit,3,295,wrong,textual,coefficient,-0.04392063210522343,0.04392063210522343,negative,52,281,20
A_LOGISTIC_REGRESSION,final_training_fit,3,197,physical,textual,coefficient,-0.043914492711671416,0.043914492711671416,negative,53,280,21
A_LOGISTIC_REGRESSION,final_training_fit,3,184,number,textual,coefficient,0.04341339517717816,0.04341339517717816,positive,54,33,268
A_LOGISTIC_REGRESSION,final_training_fit,3,82,energy,textual,coefficient,-0.043112407371896866,0.043112407371896866,negative,55,279,22
A_LOGISTIC_REGRESSION,final_training_fit,3,3,actually,textual,coefficient,-0.043072170646107556,0.043072170646107556,negative,56,278,23
A_LOGISTIC_REGRESSION,final_training_fit,3,206,psychiatrist,textual,coefficient,-0.0428812854285569,0.0428812854285569,negative,57,277,24
A_LOGISTIC_REGRESSION,final_training_fit,3,62,disorder,textual,coefficient,0.04236561166542922,0.04236561166542922,positive,58,34,267
A_LOGISTIC_REGRESSION,final_training_fit,3,202,probably,textual,coefficient,0.042062105600009586,0.042062105600009586,positive,59,35,266
A_LOGISTIC_REGRESSION,final_training_fit,3,59,different,textual,coefficient,-0.04191243981388992,0.04191243981388992,negative,60,276,25
A_LOGISTIC_REGRESSION,final_training_fit,3,85,example,textual,coefficient,0.04137453309746774,0.04137453309746774,positive,61,36,265
A_LOGISTIC_REGRESSION,final_training_fit,3,258,tend,textual,coefficient,0.04121699868697064,0.04121699868697064,positive,62,37,264
A_LOGISTIC_REGRESSION,final_training_fit,3,34,brain,textual,coefficient,0.04095308224859898,0.04095308224859898,positive,63,38,263
A_LOGISTIC_REGRESSION,final_training_fit,3,179,natural,textual,coefficient,0.04085414763683392,0.04085414763683392,positive,64,39,262
A_LOGISTIC_REGRESSION,final_training_fit,3,198,point,textual,coefficient,0.040775536325243125,0.040775536325243125,positive,65,40,261
A_LOGISTIC_REGRESSION,final_training_fit,3,231,signs adhd,textual,coefficient,-0.04069693163825241,0.04069693163825241,negative,66,275,26
A_LOGISTIC_REGRESSION,final_training_fit,3,277,uh,textual,coefficient,0.040352107608783216,0.040352107608783216,positive,67,41,260
A_LOGISTIC_REGRESSION,final_training_fit,3,67,doesn,textual,coefficient,0.040046852927598464,0.040046852927598464,positive,68,42,259
A_LOGISTIC_REGRESSION,final_training_fit,3,250,symptoms,textual,coefficient,-0.0396261730869611,0.0396261730869611,negative,69,274,27
A_LOGISTIC_REGRESSION,final_training_fit,3,291,women,textual,coefficient,0.03960868611725043,0.03960868611725043,positive,70,43,258
A_LOGISTIC_REGRESSION,final_training_fit,3,264,think,textual,coefficient,-0.039220616350298367,0.039220616350298367,negative,71,273,28
A_LOGISTIC_REGRESSION,final_training_fit,3,105,getting,textual,coefficient,-0.039140377352081354,0.039140377352081354,negative,72,272,29
A_LOGISTIC_REGRESSION,final_training_fit,3,120,highly,textual,coefficient,-0.03869763558769186,0.03869763558769186,negative,73,271,30
A_LOGISTIC_REGRESSION,final_training_fit,3,22,attention,textual,coefficient,-0.03773309939961521,0.03773309939961521,negative,74,270,31
A_LOGISTIC_REGRESSION,final_training_fit,3,15,adhd women,textual,coefficient,0.03753154423533986,0.03753154423533986,positive,75,44,257
A_LOGISTIC_REGRESSION,final_training_fit,3,298,इपर,textual,coefficient,-0.03747879638724546,0.03747879638724546,negative,76,269,32
A_LOGISTIC_REGRESSION,final_training_fit,3,237,stimulant,textual,coefficient,-0.03734416429458967,0.03734416429458967,negative,77,268,33
A_LOGISTIC_REGRESSION,final_training_fit,3,32,bit,textual,coefficient,0.03669855020738487,0.03669855020738487,positive,78,45,256
A_LOGISTIC_REGRESSION,final_training_fit,3,49,criteria,textual,coefficient,-0.03668489557059176,0.03668489557059176,negative,79,267,34
A_LOGISTIC_REGRESSION,final_training_fit,3,144,late,textual,coefficient,0.03635449776441684,0.03635449776441684,positive,80,46,255
A_LOGISTIC_REGRESSION,final_training_fit,3,72,drugs,textual,coefficient,0.036210647443603694,0.036210647443603694,positive,81,47,254
A_LOGISTIC_REGRESSION,final_training_fit,3,142,know,textual,coefficient,-0.03608553448175944,0.03608553448175944,negative,82,266,35
A_LOGISTIC_REGRESSION,final_training_fit,3,139,kid,textual,coefficient,-0.03595999252271793,0.03595999252271793,negative,83,265,36
A_LOGISTIC_REGRESSION,final_training_fit,3,48,control,textual,coefficient,0.03504595625464336,0.03504595625464336,positive,84,48,253
A_LOGISTIC_REGRESSION,final_training_fit,3,11,adhd medication,textual,coefficient,-0.034645180318582054,0.034645180318582054,negative,85,264,37
A_LOGISTIC_REGRESSION,final_training_fit,3,292,work,textual,coefficient,0.03460310361279986,0.03460310361279986,positive,86,49,252
A_LOGISTIC_REGRESSION,final_training_fit,3,224,sensitivity,textual,coefficient,0.034112115201377795,0.034112115201377795,positive,87,50,251
A_LOGISTIC_REGRESSION,final_training_fit,3,24,autism,textual,coefficient,-0.03351840271487921,0.03351840271487921,negative,88,263,38
A_LOGISTIC_REGRESSION,final_training_fit,3,192,pay attention,textual,coefficient,-0.03327883691574272,0.03327883691574272,negative,89,262,39
A_LOGISTIC_REGRESSION,final_training_fit,3,196,phone,textual,coefficient,-0.032892232132458406,0.032892232132458406,negative,90,261,40
A_LOGISTIC_REGRESSION,final_training_fit,3,6,adhd adhd,textual,coefficient,-0.03240009500144523,0.03240009500144523,negative,91,260,41
A_LOGISTIC_REGRESSION,final_training_fit,3,273,try,textual,coefficient,-0.032398920254707475,0.032398920254707475,negative,92,259,42
A_LOGISTIC_REGRESSION,final_training_fit,3,30,better,textual,coefficient,0.03224910916692358,0.03224910916692358,positive,93,51,250
A_LOGISTIC_REGRESSION,final_training_fit,3,95,feel,textual,coefficient,-0.03220364057413082,0.03220364057413082,negative,94,258,43
A_LOGISTIC_REGRESSION,final_training_fit,3,269,treated,textual,coefficient,-0.03191538528720614,0.03191538528720614,negative,95,257,44
A_LOGISTIC_REGRESSION,final_training_fit,3,200,potential,textual,coefficient,-0.03185438136000652,0.03185438136000652,negative,96,256,45
A_LOGISTIC_REGRESSION,final_training_fit,3,294,world,textual,coefficient,0.03140586661400168,0.03140586661400168,positive,97,52,249
A_LOGISTIC_REGRESSION,final_training_fit,3,158,lots,textual,coefficient,0.03133118097557669,0.03133118097557669,positive,98,53,248
A_LOGISTIC_REGRESSION,final_training_fit,3,256,tasks,textual,coefficient,-0.030994067695612894,0.030994067695612894,negative,99,255,46
A_LOGISTIC_REGRESSION,final_training_fit,3,54,diagnosis,textual,coefficient,-0.030906589909709715,0.030906589909709715,negative,100,254,47
A_LOGISTIC_REGRESSION,final_training_fit,3,157,lot,textual,coefficient,-0.030497652093108445,0.030497652093108445,negative,101,253,48
A_LOGISTIC_REGRESSION,final_training_fit,3,266,time,textual,coefficient,-0.030252751557718508,0.030252751557718508,negative,102,252,49
A_LOGISTIC_REGRESSION,final_training_fit,3,47,constantly,textual,coefficient,0.029941727503905807,0.029941727503905807,positive,103,54,247
A_LOGISTIC_REGRESSION,final_training_fit,3,127,impulsive,textual,coefficient,-0.02933606070390315,0.02933606070390315,negative,104,251,50
A_LOGISTIC_REGRESSION,final_training_fit,3,199,poor,textual,coefficient,-0.029271858811498224,0.029271858811498224,negative,105,250,51
A_LOGISTIC_REGRESSION,final_training_fit,3,45,common,textual,coefficient,-0.029260758835711075,0.029260758835711075,negative,106,249,52
A_LOGISTIC_REGRESSION,final_training_fit,3,137,just,textual,coefficient,0.029050378468151294,0.029050378468151294,positive,107,55,246
A_LOGISTIC_REGRESSION,final_training_fit,3,43,come,textual,coefficient,0.028370337091770025,0.028370337091770025,positive,108,56,245
A_LOGISTIC_REGRESSION,final_training_fit,3,79,emotional,textual,coefficient,-0.02836967039912541,0.02836967039912541,negative,109,248,53
A_LOGISTIC_REGRESSION,final_training_fit,3,220,seen,textual,coefficient,-0.02808062646285579,0.02808062646285579,negative,110,247,54
A_LOGISTIC_REGRESSION,final_training_fit,3,129,inattention,textual,coefficient,-0.02798653794348438,0.02798653794348438,negative,111,246,55
A_LOGISTIC_REGRESSION,final_training_fit,3,193,people,textual,coefficient,-0.027810444946561933,0.027810444946561933,negative,112,245,56
A_LOGISTIC_REGRESSION,final_training_fit,3,171,medications,textual,coefficient,-0.027421318950575597,0.027421318950575597,negative,113,244,57
A_LOGISTIC_REGRESSION,final_training_fit,3,118,helps,textual,coefficient,0.027244697036316757,0.027244697036316757,positive,114,57,244
A_LOGISTIC_REGRESSION,final_training_fit,3,106,going,textual,coefficient,-0.027133737885742873,0.027133737885742873,negative,115,243,58
A_LOGISTIC_REGRESSION,final_training_fit,3,61,difficulty,textual,coefficient,-0.0270870606172047,0.0270870606172047,negative,116,242,59
A_LOGISTIC_REGRESSION,final_training_fit,3,73,dysfunction,textual,coefficient,-0.02682330036728348,0.02682330036728348,negative,117,241,60
A_LOGISTIC_REGRESSION,final_training_fit,3,188,overwhelmed,textual,coefficient,0.026732785326967483,0.026732785326967483,positive,118,58,243
A_LOGISTIC_REGRESSION,final_training_fit,3,280,understand,textual,coefficient,-0.026537841752874516,0.026537841752874516,negative,119,240,61
A_LOGISTIC_REGRESSION,final_training_fit,3,41,children,textual,coefficient,-0.026166791019222896,0.026166791019222896,negative,120,239,62
A_LOGISTIC_REGRESSION,final_training_fit,3,257,tell,textual,coefficient,0.02615100022404753,0.02615100022404753,positive,121,59,242
A_LOGISTIC_REGRESSION,final_training_fit,3,88,experience,textual,coefficient,0.026028555221114368,0.026028555221114368,positive,122,60,241
A_LOGISTIC_REGRESSION,final_training_fit,3,33,body,textual,coefficient,0.025802315326026323,0.025802315326026323,positive,123,61,240
A_LOGISTIC_REGRESSION,final_training_fit,3,60,differently,textual,coefficient,-0.02573802714411855,0.02573802714411855,negative,124,238,63
A_LOGISTIC_REGRESSION,final_training_fit,3,207,quickly,textual,coefficient,-0.024993759104467567,0.024993759104467567,negative,125,237,64
A_LOGISTIC_REGRESSION,final_training_fit,3,23,audhd,textual,coefficient,0.02469987541337736,0.02469987541337736,positive,126,62,239
A_LOGISTIC_REGRESSION,final_training_fit,3,56,did,textual,coefficient,0.024614240294328463,0.024614240294328463,positive,127,63,238
A_LOGISTIC_REGRESSION,final_training_fit,3,25,autistic,textual,coefficient,-0.024581860174884854,0.024581860174884854,negative,128,236,65
A_LOGISTIC_REGRESSION,final_training_fit,3,263,things like,textual,coefficient,-0.02452920056906741,0.02452920056906741,negative,129,235,66
A_LOGISTIC_REGRESSION,final_training_fit,3,183,non,textual,coefficient,-0.024494141498148735,0.024494141498148735,negative,130,234,67
A_LOGISTIC_REGRESSION,final_training_fit,3,262,things,textual,coefficient,-0.02448607609598854,0.02448607609598854,negative,131,233,68
A_LOGISTIC_REGRESSION,final_training_fit,3,63,disorders,textual,coefficient,0.024250987805643078,0.024250987805643078,positive,132,64,237
A_LOGISTIC_REGRESSION,final_training_fit,3,236,start,textual,coefficient,-0.02359668959885842,0.02359668959885842,negative,133,232,69
A_LOGISTIC_REGRESSION,final_training_fit,3,143,lack,textual,coefficient,-0.023583322538161606,0.023583322538161606,negative,134,231,70
A_LOGISTIC_REGRESSION,final_training_fit,3,58,difference,textual,coefficient,0.023564309646748844,0.023564309646748844,positive,135,65,236
A_LOGISTIC_REGRESSION,final_training_fit,3,205,protein,textual,coefficient,0.02353719189269918,0.02353719189269918,positive,136,66,235
A_LOGISTIC_REGRESSION,final_training_fit,3,52,depression,textual,coefficient,0.023526496648053556,0.023526496648053556,positive,137,67,234
A_LOGISTIC_REGRESSION,final_training_fit,3,46,condition,textual,coefficient,-0.02349015053657055,0.02349015053657055,negative,138,230,71
A_LOGISTIC_REGRESSION,final_training_fit,3,232,sit,textual,coefficient,-0.022650638092327802,0.022650638092327802,negative,139,229,72
A_LOGISTIC_REGRESSION,final_training_fit,3,128,impulsivity,textual,coefficient,-0.022316935671363593,0.022316935671363593,negative,140,228,73
A_LOGISTIC_REGRESSION,final_training_fit,3,253,talk,textual,coefficient,-0.02210886806331673,0.02210886806331673,negative,141,227,74
A_LOGISTIC_REGRESSION,final_training_fit,3,124,impact,textual,coefficient,-0.02185091685885302,0.02185091685885302,negative,142,226,75
A_LOGISTIC_REGRESSION,final_training_fit,3,83,especially,textual,coefficient,-0.021785467882498112,0.021785467882498112,negative,143,225,76
A_LOGISTIC_REGRESSION,final_training_fit,3,290,ways,textual,coefficient,0.020829104031739827,0.020829104031739827,positive,144,68,233
A_LOGISTIC_REGRESSION,final_training_fit,3,204,problems,textual,coefficient,-0.02078359676803276,0.02078359676803276,negative,145,224,77
A_LOGISTIC_REGRESSION,final_training_fit,3,133,instead,textual,coefficient,-0.020677037217529826,0.020677037217529826,negative,146,223,78
A_LOGISTIC_REGRESSION,final_training_fit,3,191,pay,textual,coefficient,-0.02038362534971426,0.02038362534971426,negative,147,222,79
A_LOGISTIC_REGRESSION,final_training_fit,3,149,like,textual,coefficient,-0.020264519007253956,0.020264519007253956,negative,148,221,80
A_LOGISTIC_REGRESSION,final_training_fit,3,215,right,textual,coefficient,-0.019403525592143735,0.019403525592143735,negative,149,220,81
A_LOGISTIC_REGRESSION,final_training_fit,3,254,talking,textual,coefficient,-0.01911449511434477,0.01911449511434477,negative,150,219,82
A_LOGISTIC_REGRESSION,final_training_fit,3,64,distracted,textual,coefficient,0.0190887506924199,0.0190887506924199,positive,151,69,232
A_LOGISTIC_REGRESSION,final_training_fit,3,246,stuff,textual,coefficient,0.01902657814656634,0.01902657814656634,positive,152,70,231
A_LOGISTIC_REGRESSION,final_training_fit,3,174,mind,textual,coefficient,0.01884367118731034,0.01884367118731034,positive,153,71,230
A_LOGISTIC_REGRESSION,final_training_fit,3,81,end,textual,coefficient,-0.0187697249372074,0.0187697249372074,negative,154,218,83
A_LOGISTIC_REGRESSION,final_training_fit,3,16,adult,textual,coefficient,-0.01851383171510677,0.01851383171510677,negative,155,217,84
A_LOGISTIC_REGRESSION,final_training_fit,3,271,treatment,textual,coefficient,-0.01839796028323191,0.01839796028323191,negative,156,216,85
A_LOGISTIC_REGRESSION,final_training_fit,3,229,sign,textual,coefficient,-0.018387091362999434,0.018387091362999434,negative,157,215,86
A_LOGISTIC_REGRESSION,final_training_fit,3,279,unable,textual,coefficient,-0.018363078238150397,0.018363078238150397,negative,158,214,87
A_LOGISTIC_REGRESSION,final_training_fit,3,99,follow,textual,coefficient,-0.018270403923148076,0.018270403923148076,negative,159,213,88
A_LOGISTIC_REGRESSION,final_training_fit,3,10,adhd just,textual,coefficient,0.018113803635246586,0.018113803635246586,positive,160,72,229
A_LOGISTIC_REGRESSION,final_training_fit,3,209,really,textual,coefficient,-0.018021835548842898,0.018021835548842898,negative,161,212,89
A_LOGISTIC_REGRESSION,final_training_fit,3,108,got,textual,coefficient,-0.018007504515138075,0.018007504515138075,negative,162,211,90
A_LOGISTIC_REGRESSION,final_training_fit,3,126,improve,textual,coefficient,-0.017687417617500877,0.017687417617500877,negative,163,210,91
A_LOGISTIC_REGRESSION,final_training_fit,3,260,therapy,textual,coefficient,-0.01742856155458025,0.01742856155458025,negative,164,209,92
A_LOGISTIC_REGRESSION,final_training_fit,3,104,function,textual,coefficient,-0.017334170697445868,0.017334170697445868,negative,165,208,93
A_LOGISTIC_REGRESSION,final_training_fit,3,27,behavior,textual,coefficient,-0.01726577931368759,0.01726577931368759,negative,166,207,94
A_LOGISTIC_REGRESSION,final_training_fit,3,65,doctor,textual,coefficient,0.017243162458747283,0.017243162458747283,positive,167,73,228
A_LOGISTIC_REGRESSION,final_training_fit,3,240,strategies,textual,coefficient,0.016795780839515616,0.016795780839515616,positive,168,74,227
A_LOGISTIC_REGRESSION,final_training_fit,3,42,college,textual,coefficient,0.016794113924835714,0.016794113924835714,positive,169,75,226
A_LOGISTIC_REGRESSION,final_training_fit,3,267,times,textual,coefficient,-0.016759551779723277,0.016759551779723277,negative,170,206,95
A_LOGISTIC_REGRESSION,final_training_fit,3,233,sleep,textual,coefficient,0.01675039646474414,0.01675039646474414,positive,171,76,225
A_LOGISTIC_REGRESSION,final_training_fit,3,12,adhd real,textual,coefficient,0.016513853486954756,0.016513853486954756,positive,172,77,224
A_LOGISTIC_REGRESSION,final_training_fit,3,37,care,textual,coefficient,-0.016501698136147824,0.016501698136147824,negative,173,205,96
A_LOGISTIC_REGRESSION,final_training_fit,3,135,isn,textual,coefficient,-0.016481621616154962,0.016481621616154962,negative,174,204,97
A_LOGISTIC_REGRESSION,final_training_fit,3,77,eating,textual,coefficient,-0.01641174870656129,0.01641174870656129,negative,175,203,98
A_LOGISTIC_REGRESSION,final_training_fit,3,14,adhd symptoms,textual,coefficient,-0.01625722175934066,0.01625722175934066,negative,176,202,99
A_LOGISTIC_REGRESSION,final_training_fit,3,91,explain,textual,coefficient,0.015936711380171376,0.015936711380171376,positive,177,78,223
A_LOGISTIC_REGRESSION,final_training_fit,3,115,hear,textual,coefficient,-0.01590875967751545,0.01590875967751545,negative,178,201,100
A_LOGISTIC_REGRESSION,final_training_fit,3,9,adhd diagnosis,textual,coefficient,-0.015741969834421398,0.015741969834421398,negative,179,200,101
A_LOGISTIC_REGRESSION,final_training_fit,3,289,way,textual,coefficient,-0.015460936125547881,0.015460936125547881,negative,180,199,102
A_LOGISTIC_REGRESSION,final_training_fit,3,186,okay,textual,coefficient,0.01543142020191496,0.01543142020191496,positive,181,79,222
A_LOGISTIC_REGRESSION,final_training_fit,3,173,mental,textual,coefficient,-0.015327285981179632,0.015327285981179632,negative,182,198,103
A_LOGISTIC_REGRESSION,final_training_fit,3,53,diagnosed,textual,coefficient,0.014855661554984197,0.014855661554984197,positive,183,80,221
A_LOGISTIC_REGRESSION,final_training_fit,3,166,management,textual,coefficient,-0.014737701203810101,0.014737701203810101,negative,184,197,104
A_LOGISTIC_REGRESSION,final_training_fit,3,252,taking,textual,coefficient,0.014647069197599607,0.014647069197599607,positive,185,81,220
A_LOGISTIC_REGRESSION,final_training_fit,3,214,remember,textual,coefficient,0.014213112753668171,0.014213112753668171,positive,186,82,219
A_LOGISTIC_REGRESSION,final_training_fit,3,201,present,textual,coefficient,-0.014142248785164782,0.014142248785164782,negative,187,196,105
A_LOGISTIC_REGRESSION,final_training_fit,3,103,friend,textual,coefficient,-0.013978872641357769,0.013978872641357769,negative,188,195,106
A_LOGISTIC_REGRESSION,final_training_fit,3,8,adhd brain,textual,coefficient,-0.013747987247165317,0.013747987247165317,negative,189,194,107
A_LOGISTIC_REGRESSION,final_training_fit,3,96,feel like,textual,coefficient,0.013688770831053592,0.013688770831053592,positive,190,83,218
A_LOGISTIC_REGRESSION,final_training_fit,3,39,challenges,textual,coefficient,0.013535977487459027,0.013535977487459027,positive,191,84,217
A_LOGISTIC_REGRESSION,final_training_fit,3,130,inattentive,textual,coefficient,0.013475313223172376,0.013475313223172376,positive,192,85,216
A_LOGISTIC_REGRESSION,final_training_fit,3,28,behaviors,textual,coefficient,-0.013221974161597424,0.013221974161597424,negative,193,193,108
A_LOGISTIC_REGRESSION,final_training_fit,3,169,means,textual,coefficient,-0.013221959006248644,0.013221959006248644,negative,194,192,109
A_LOGISTIC_REGRESSION,final_training_fit,3,274,trying,textual,coefficient,0.013205778487160705,0.013205778487160705,positive,195,86,215
A_LOGISTIC_REGRESSION,final_training_fit,3,44,comes,textual,coefficient,-0.013153519412266208,0.013153519412266208,negative,196,191,110
A_LOGISTIC_REGRESSION,final_training_fit,3,98,focus,textual,coefficient,-0.012893251860034375,0.012893251860034375,negative,197,190,111
A_LOGISTIC_REGRESSION,final_training_fit,3,93,fact,textual,coefficient,-0.012460286056855566,0.012460286056855566,negative,198,189,112
A_LOGISTIC_REGRESSION,final_training_fit,3,180,need,textual,coefficient,0.012159568831730843,0.012159568831730843,positive,199,87,214
A_LOGISTIC_REGRESSION,final_training_fit,3,225,sensory,textual,coefficient,-0.012096927318838048,0.012096927318838048,negative,200,188,113
A_LOGISTIC_REGRESSION,final_training_fit,3,66,does,textual,coefficient,0.011812908989523306,0.011812908989523306,positive,201,88,213
A_LOGISTIC_REGRESSION,final_training_fit,3,168,mean,textual,coefficient,-0.01164528912322945,0.01164528912322945,negative,202,187,114
A_LOGISTIC_REGRESSION,final_training_fit,3,51,deficit,textual,coefficient,0.011320007895981438,0.011320007895981438,positive,203,89,212
A_LOGISTIC_REGRESSION,final_training_fit,3,4,add,textual,coefficient,-0.011311551959676076,0.011311551959676076,negative,204,186,115
A_LOGISTIC_REGRESSION,final_training_fit,3,75,easily,textual,coefficient,-0.011140964264206089,0.011140964264206089,negative,205,185,116
A_LOGISTIC_REGRESSION,final_training_fit,3,177,moving,textual,coefficient,0.010860644057270127,0.010860644057270127,positive,206,90,211
A_LOGISTIC_REGRESSION,final_training_fit,3,109,great,textual,coefficient,-0.010839143574114437,0.010839143574114437,negative,207,184,117
A_LOGISTIC_REGRESSION,final_training_fit,3,97,feeling,textual,coefficient,-0.010811810184641658,0.010811810184641658,negative,208,183,118
A_LOGISTIC_REGRESSION,final_training_fit,3,208,real,textual,coefficient,0.010687704821472412,0.010687704821472412,positive,209,91,210
A_LOGISTIC_REGRESSION,final_training_fit,3,155,look,textual,coefficient,-0.010592058093086963,0.010592058093086963,negative,210,182,119
A_LOGISTIC_REGRESSION,final_training_fit,3,275,turn,textual,coefficient,-0.010583917008251054,0.010583917008251054,negative,211,181,120
A_LOGISTIC_REGRESSION,final_training_fit,3,119,high,textual,coefficient,0.010574127219749048,0.010574127219749048,positive,212,92,209
A_LOGISTIC_REGRESSION,final_training_fit,3,113,having,textual,coefficient,-0.010545101319803473,0.010545101319803473,negative,213,180,121
A_LOGISTIC_REGRESSION,final_training_fit,3,94,family,textual,coefficient,0.010475241157391733,0.010475241157391733,positive,214,93,208
A_LOGISTIC_REGRESSION,final_training_fit,3,161,make,textual,coefficient,0.010303918822677819,0.010303918822677819,positive,215,94,207
A_LOGISTIC_REGRESSION,final_training_fit,3,163,makes,textual,coefficient,0.010207896710926407,0.010207896710926407,positive,216,95,206
A_LOGISTIC_REGRESSION,final_training_fit,3,283,using,textual,coefficient,0.010125285962927461,0.010125285962927461,positive,217,96,205
A_LOGISTIC_REGRESSION,final_training_fit,3,164,making,textual,coefficient,-0.009868094087798469,0.009868094087798469,negative,218,179,122
A_LOGISTIC_REGRESSION,final_training_fit,3,148,life,textual,coefficient,-0.009814706420160475,0.009814706420160475,negative,219,178,123
A_LOGISTIC_REGRESSION,final_training_fit,3,71,dr,textual,coefficient,-0.009749309148505882,0.009749309148505882,negative,220,177,124
A_LOGISTIC_REGRESSION,final_training_fit,3,92,explained,textual,coefficient,-0.009595731040145451,0.009595731040145451,negative,221,176,125
A_LOGISTIC_REGRESSION,final_training_fit,3,121,home,textual,coefficient,-0.009559800909851314,0.009559800909851314,negative,222,175,126
A_LOGISTIC_REGRESSION,final_training_fit,3,19,answer,textual,coefficient,0.009540780002370696,0.009540780002370696,positive,223,97,204
A_LOGISTIC_REGRESSION,final_training_fit,3,132,information,textual,coefficient,0.009534516474157022,0.009534516474157022,positive,224,98,203
A_LOGISTIC_REGRESSION,final_training_fit,3,243,struggles,textual,coefficient,0.00936456114108727,0.00936456114108727,positive,225,99,202
A_LOGISTIC_REGRESSION,final_training_fit,3,114,health,textual,coefficient,0.009336721792851234,0.009336721792851234,positive,226,100,201
A_LOGISTIC_REGRESSION,final_training_fit,3,138,key,textual,coefficient,0.008967396720043756,0.008967396720043756,positive,227,101,200
A_LOGISTIC_REGRESSION,final_training_fit,3,74,early,textual,coefficient,0.008755163423023102,0.008755163423023102,positive,228,102,199
A_LOGISTIC_REGRESSION,final_training_fit,3,145,lead,textual,coefficient,0.00868094180056199,0.00868094180056199,positive,229,103,198
A_LOGISTIC_REGRESSION,final_training_fit,3,55,diagnostic,textual,coefficient,-0.00846249612951235,0.00846249612951235,negative,230,174,127
A_LOGISTIC_REGRESSION,final_training_fit,3,242,struggle,textual,coefficient,-0.00842062725256808,0.00842062725256808,negative,231,173,128
A_LOGISTIC_REGRESSION,final_training_fit,3,185,oh,textual,coefficient,-0.008012071259074691,0.008012071259074691,negative,232,172,129
A_LOGISTIC_REGRESSION,final_training_fit,3,18,affects,textual,coefficient,-0.007962256378484345,0.007962256378484345,negative,233,171,130
A_LOGISTIC_REGRESSION,final_training_fit,3,238,stimulants,textual,coefficient,-0.0077501832036686435,0.0077501832036686435,negative,234,170,131
A_LOGISTIC_REGRESSION,final_training_fit,3,26,bad,textual,coefficient,-0.007740118486805036,0.007740118486805036,negative,235,169,132
A_LOGISTIC_REGRESSION,final_training_fit,3,221,self,textual,coefficient,-0.007721147411391726,0.007721147411391726,negative,236,168,133
A_LOGISTIC_REGRESSION,final_training_fit,3,165,manage,textual,coefficient,-0.007436580285767053,0.007436580285767053,negative,237,167,134
A_LOGISTIC_REGRESSION,final_training_fit,3,190,patients,textual,coefficient,-0.007211145932841887,0.007211145932841887,negative,238,166,135
A_LOGISTIC_REGRESSION,final_training_fit,3,162,make sure,textual,coefficient,-0.007163243718941405,0.007163243718941405,negative,239,165,136
A_LOGISTIC_REGRESSION,final_training_fit,3,172,meds,textual,coefficient,0.006907115140490726,0.006907115140490726,positive,240,104,197
A_LOGISTIC_REGRESSION,final_training_fit,3,248,support,textual,coefficient,-0.0063218465335456225,0.0063218465335456225,negative,241,164,137
A_LOGISTIC_REGRESSION,final_training_fit,3,211,regulation,textual,coefficient,-0.006290283499158452,0.006290283499158452,negative,242,163,138
A_LOGISTIC_REGRESSION,final_training_fit,3,86,executive,textual,coefficient,-0.00623640063981464,0.00623640063981464,negative,243,162,139
A_LOGISTIC_REGRESSION,final_training_fit,3,141,kind,textual,coefficient,-0.006220722147603018,0.006220722147603018,negative,244,161,140
A_LOGISTIC_REGRESSION,final_training_fit,3,235,social,textual,coefficient,0.00620577085164446,0.00620577085164446,positive,245,105,196
A_LOGISTIC_REGRESSION,final_training_fit,3,156,looking,textual,coefficient,-0.006203094884934045,0.006203094884934045,negative,246,160,141
A_LOGISTIC_REGRESSION,final_training_fit,3,216,say,textual,coefficient,-0.005992338538807045,0.005992338538807045,negative,247,159,142
A_LOGISTIC_REGRESSION,final_training_fit,3,76,eat,textual,coefficient,-0.005854795460396778,0.005854795460396778,negative,248,158,143
A_LOGISTIC_REGRESSION,final_training_fit,3,0,10,textual,coefficient,0.005747380892071602,0.005747380892071602,positive,249,106,195
A_LOGISTIC_REGRESSION,final_training_fit,3,297,years,textual,coefficient,-0.005706091058172197,0.005706091058172197,negative,250,157,144
A_LOGISTIC_REGRESSION,final_training_fit,3,222,sense,textual,coefficient,-0.0054940577415655886,0.0054940577415655886,negative,251,156,145
A_LOGISTIC_REGRESSION,final_training_fit,3,112,harder,textual,coefficient,-0.005357672823551137,0.005357672823551137,negative,252,155,146
A_LOGISTIC_REGRESSION,final_training_fit,3,210,recommend,textual,coefficient,-0.005271465665612375,0.005271465665612375,negative,253,154,147
A_LOGISTIC_REGRESSION,final_training_fit,3,122,hyperactive,textual,coefficient,0.00524660712080075,0.00524660712080075,positive,254,107,194
A_LOGISTIC_REGRESSION,final_training_fit,3,265,thinking,textual,coefficient,-0.005167526365656421,0.005167526365656421,negative,255,153,148
A_LOGISTIC_REGRESSION,final_training_fit,3,217,saying,textual,coefficient,0.005160479932155047,0.005160479932155047,positive,256,108,193
A_LOGISTIC_REGRESSION,final_training_fit,3,189,parents,textual,coefficient,-0.005160442282668132,0.005160442282668132,negative,257,152,149
A_LOGISTIC_REGRESSION,final_training_fit,3,284,usually,textual,coefficient,-0.005110604709713695,0.005110604709713695,negative,258,151,150
A_LOGISTIC_REGRESSION,final_training_fit,3,140,kids,textual,coefficient,-0.0047856000723239195,0.0047856000723239195,negative,259,150,151
A_LOGISTIC_REGRESSION,final_training_fit,3,136,issues,textual,coefficient,0.004604580721238686,0.004604580721238686,positive,260,109,192
A_LOGISTIC_REGRESSION,final_training_fit,3,40,child,textual,coefficient,-0.004507413374521585,0.004507413374521585,negative,261,149,152
A_LOGISTIC_REGRESSION,final_training_fit,3,223,sensitive,textual,coefficient,0.004338776597850277,0.004338776597850277,positive,262,110,191
A_LOGISTIC_REGRESSION,final_training_fit,3,38,certain,textual,coefficient,0.004213614828606302,0.004213614828606302,positive,263,111,190
A_LOGISTIC_REGRESSION,final_training_fit,3,241,structure,textual,coefficient,-0.004064341456569189,0.004064341456569189,negative,264,148,153
A_LOGISTIC_REGRESSION,final_training_fit,3,287,wait,textual,coefficient,0.003959599337415995,0.003959599337415995,positive,265,112,189
A_LOGISTIC_REGRESSION,final_training_fit,3,123,hyperactivity,textual,coefficient,-0.003548251107675965,0.003548251107675965,negative,266,147,154
A_LOGISTIC_REGRESSION,final_training_fit,3,13,adhd sep,textual,coefficient,0.003544064024330916,0.003544064024330916,positive,267,113,188
A_LOGISTIC_REGRESSION,final_training_fit,3,107,good,textual,coefficient,-0.0035162957019181677,0.0035162957019181677,negative,268,146,155
A_LOGISTIC_REGRESSION,final_training_fit,3,251,symptoms adhd,textual,coefficient,-0.0035154466279351117,0.0035154466279351117,negative,269,145,156
A_LOGISTIC_REGRESSION,final_training_fit,3,249,sure,textual,coefficient,0.003335662460921414,0.003335662460921414,positive,270,114,187
A_LOGISTIC_REGRESSION,final_training_fit,3,270,treating,textual,coefficient,-0.00328742762644577,0.00328742762644577,negative,271,144,157
A_LOGISTIC_REGRESSION,final_training_fit,3,228,shorts,textual,coefficient,-0.0032079186154458355,0.0032079186154458355,negative,272,143,158
A_LOGISTIC_REGRESSION,final_training_fit,3,194,people adhd,textual,coefficient,-0.003046494031655294,0.003046494031655294,negative,273,142,159
A_LOGISTIC_REGRESSION,final_training_fit,3,80,emotions,textual,coefficient,-0.0030440846639791788,0.0030440846639791788,negative,274,141,160
A_LOGISTIC_REGRESSION,final_training_fit,3,288,want,textual,coefficient,-0.0029065070366690133,0.0029065070366690133,negative,275,140,161
A_LOGISTIC_REGRESSION,final_training_fit,3,134,intense,textual,coefficient,-0.002847090533304388,0.002847090533304388,negative,276,139,162
A_LOGISTIC_REGRESSION,final_training_fit,3,84,everybody,textual,coefficient,-0.002660952322508546,0.002660952322508546,negative,277,138,163
A_LOGISTIC_REGRESSION,final_training_fit,3,234,small,textual,coefficient,-0.002517209083713624,0.002517209083713624,negative,278,137,164
A_LOGISTIC_REGRESSION,final_training_fit,3,89,experts,textual,coefficient,-0.0024054700403950482,0.0024054700403950482,negative,279,136,165
A_LOGISTIC_REGRESSION,final_training_fit,3,90,experts answer,textual,coefficient,0.002339202622903324,0.002339202622903324,positive,280,115,186
A_LOGISTIC_REGRESSION,final_training_fit,3,167,maybe,textual,coefficient,-0.0023129149511132287,0.0023129149511132287,negative,281,135,166
A_LOGISTIC_REGRESSION,final_training_fit,3,2,activity,textual,coefficient,0.002251579463302286,0.002251579463302286,positive,282,116,185
A_LOGISTIC_REGRESSION,final_training_fit,3,131,increase,textual,coefficient,-0.002089183809096308,0.002089183809096308,negative,283,134,167
A_LOGISTIC_REGRESSION,final_training_fit,3,187,options,textual,coefficient,0.002069667862988789,0.002069667862988789,positive,284,117,184
A_LOGISTIC_REGRESSION,final_training_fit,3,159,love,textual,coefficient,0.0019716706775653914,0.0019716706775653914,positive,285,118,183
A_LOGISTIC_REGRESSION,final_training_fit,3,244,struggling,textual,coefficient,-0.0019540972345368345,0.0019540972345368345,negative,286,133,168
A_LOGISTIC_REGRESSION,final_training_fit,3,29,best,textual,coefficient,-0.0014688614790526015,0.0014688614790526015,negative,287,132,169
A_LOGISTIC_REGRESSION,final_training_fit,3,226,sep,textual,coefficient,0.0014489673278652339,0.0014489673278652339,positive,288,119,182
A_LOGISTIC_REGRESSION,final_training_fit,3,151,little,textual,coefficient,-0.0014069257284606744,0.0014069257284606744,negative,289,131,170
A_LOGISTIC_REGRESSION,final_training_fit,3,255,task,textual,coefficient,0.0013999378447031822,0.0013999378447031822,positive,290,120,181
A_LOGISTIC_REGRESSION,final_training_fit,3,152,little bit,textual,coefficient,0.00137866225508656,0.00137866225508656,positive,291,121,180
A_LOGISTIC_REGRESSION,final_training_fit,3,227,sep adhd,textual,coefficient,-0.0012304298986436314,0.0012304298986436314,negative,292,130,171
A_LOGISTIC_REGRESSION,final_training_fit,3,218,school,textual,coefficient,-0.0011544570223220318,0.0011544570223220318,negative,293,129,172
A_LOGISTIC_REGRESSION,final_training_fit,3,146,let,textual,coefficient,-0.0010405024459056718,0.0010405024459056718,negative,294,128,173
A_LOGISTIC_REGRESSION,final_training_fit,3,281,understanding,textual,coefficient,-0.0010393760434859514,0.0010393760434859514,negative,295,127,174
A_LOGISTIC_REGRESSION,final_training_fit,3,20,answer sep,textual,coefficient,0.0006789853315712871,0.0006789853315712871,positive,296,122,179
A_LOGISTIC_REGRESSION,final_training_fit,3,31,big,textual,coefficient,0.0006377448951966287,0.0006377448951966287,positive,297,123,178
A_LOGISTIC_REGRESSION,final_training_fit,3,1,able,textual,coefficient,0.0005384101575517971,0.0005384101575517971,positive,298,124,177
A_LOGISTIC_REGRESSION,final_training_fit,3,35,brains,textual,coefficient,0.00018653122976853675,0.00018653122976853675,positive,299,125,176
A_LOGISTIC_REGRESSION,final_training_fit,3,150,likely,textual,coefficient,0.00012141208218930953,0.00012141208218930953,positive,300,126,175
A_LOGISTIC_REGRESSION,final_training_fit,4,69,don,textual,coefficient,0.19519538690885807,0.19519538690885807,positive,1,1,300
A_LOGISTIC_REGRESSION,final_training_fit,4,285,ve,textual,coefficient,0.16149841307783905,0.16149841307783905,positive,2,2,299
A_LOGISTIC_REGRESSION,final_training_fit,4,239,stop,textual,coefficient,0.16131436796636686,0.16131436796636686,positive,3,3,298
A_LOGISTIC_REGRESSION,final_training_fit,4,82,energy,textual,coefficient,0.15797414465208037,0.15797414465208037,positive,4,4,297
A_LOGISTIC_REGRESSION,final_training_fit,4,250,symptoms,textual,coefficient,-0.1558773624391546,0.1558773624391546,negative,5,300,1
A_LOGISTIC_REGRESSION,final_training_fit,4,295,wrong,textual,coefficient,0.1475932190974718,0.1475932190974718,positive,6,5,296
A_LOGISTIC_REGRESSION,final_training_fit,4,191,pay,textual,coefficient,0.1418509805473134,0.1418509805473134,positive,7,6,295
A_LOGISTIC_REGRESSION,final_training_fit,4,170,medication,textual,coefficient,-0.14053441533889785,0.14053441533889785,negative,8,299,2
A_LOGISTIC_REGRESSION,final_training_fit,4,192,pay attention,textual,coefficient,0.12776944853102123,0.12776944853102123,positive,9,7,294
A_LOGISTIC_REGRESSION,final_training_fit,4,4,add,textual,coefficient,0.12371929938266311,0.12371929938266311,positive,10,8,293
A_LOGISTIC_REGRESSION,final_training_fit,4,26,bad,textual,coefficient,0.11998061046594645,0.11998061046594645,positive,11,9,292
A_LOGISTIC_REGRESSION,final_training_fit,4,262,things,textual,coefficient,0.115057342022155,0.115057342022155,positive,12,10,291
A_LOGISTIC_REGRESSION,final_training_fit,4,95,feel,textual,coefficient,0.11298551462996938,0.11298551462996938,positive,13,11,290
A_LOGISTIC_REGRESSION,final_training_fit,4,197,physical,textual,coefficient,0.11188707648795498,0.11188707648795498,positive,14,12,289
A_LOGISTIC_REGRESSION,final_training_fit,4,103,friend,textual,coefficient,0.10953029127971164,0.10953029127971164,positive,15,13,288
A_LOGISTIC_REGRESSION,final_training_fit,4,98,focus,textual,coefficient,-0.10426818618651161,0.10426818618651161,negative,16,298,3
A_LOGISTIC_REGRESSION,final_training_fit,4,70,dopamine,textual,coefficient,0.10332868322593625,0.10332868322593625,positive,17,14,287
A_LOGISTIC_REGRESSION,final_training_fit,4,206,psychiatrist,textual,coefficient,0.10284645243423228,0.10284645243423228,positive,18,15,286
A_LOGISTIC_REGRESSION,final_training_fit,4,242,struggle,textual,coefficient,0.09646387112406053,0.09646387112406053,positive,19,16,285
A_LOGISTIC_REGRESSION,final_training_fit,4,276,type,textual,coefficient,0.09374055576655849,0.09374055576655849,positive,20,17,284
A_LOGISTIC_REGRESSION,final_training_fit,4,87,exercise,textual,coefficient,0.09128109071844642,0.09128109071844642,positive,21,18,283
A_LOGISTIC_REGRESSION,final_training_fit,4,277,uh,textual,coefficient,-0.08824563122160689,0.08824563122160689,negative,22,297,4
A_LOGISTIC_REGRESSION,final_training_fit,4,54,diagnosis,textual,coefficient,-0.08758338131194969,0.08758338131194969,negative,23,296,5
A_LOGISTIC_REGRESSION,final_training_fit,4,200,potential,textual,coefficient,0.08688933348104855,0.08688933348104855,positive,24,19,282
A_LOGISTIC_REGRESSION,final_training_fit,4,142,know,textual,coefficient,0.08585042404478438,0.08585042404478438,positive,25,20,281
A_LOGISTIC_REGRESSION,final_training_fit,4,137,just,textual,coefficient,-0.08226488766968104,0.08226488766968104,negative,26,295,6
A_LOGISTIC_REGRESSION,final_training_fit,4,108,got,textual,coefficient,0.08121393147668649,0.08121393147668649,positive,27,21,280
A_LOGISTIC_REGRESSION,final_training_fit,4,33,body,textual,coefficient,0.07813413728328776,0.07813413728328776,positive,28,22,279
A_LOGISTIC_REGRESSION,final_training_fit,4,13,adhd sep,textual,coefficient,0.07808210204013499,0.07808210204013499,positive,29,23,278
A_LOGISTIC_REGRESSION,final_training_fit,4,251,symptoms adhd,textual,coefficient,-0.07800758803998478,0.07800758803998478,negative,30,294,7
A_LOGISTIC_REGRESSION,final_training_fit,4,270,treating,textual,coefficient,0.07668344183362286,0.07668344183362286,positive,31,24,277
A_LOGISTIC_REGRESSION,final_training_fit,4,222,sense,textual,coefficient,0.07287502103140721,0.07287502103140721,positive,32,25,276
A_LOGISTIC_REGRESSION,final_training_fit,4,5,adhd,textual,coefficient,-0.07250002775469842,0.07250002775469842,negative,33,293,8
A_LOGISTIC_REGRESSION,final_training_fit,4,264,think,textual,coefficient,0.07231038877526193,0.07231038877526193,positive,34,26,275
A_LOGISTIC_REGRESSION,final_training_fit,4,223,sensitive,textual,coefficient,0.07113528323192629,0.07113528323192629,positive,35,27,274
A_LOGISTIC_REGRESSION,final_training_fit,4,14,adhd symptoms,textual,coefficient,-0.07010519022369813,0.07010519022369813,negative,36,292,9
A_LOGISTIC_REGRESSION,final_training_fit,4,120,highly,textual,coefficient,0.07002609934969851,0.07002609934969851,positive,37,28,273
A_LOGISTIC_REGRESSION,final_training_fit,4,195,person,textual,coefficient,-0.06951343381725504,0.06951343381725504,negative,38,291,10
A_LOGISTIC_REGRESSION,final_training_fit,4,34,brain,textual,coefficient,0.06904106386085616,0.06904106386085616,positive,39,29,272
A_LOGISTIC_REGRESSION,final_training_fit,4,296,yeah,textual,coefficient,0.06840941782956944,0.06840941782956944,positive,40,30,271
A_LOGISTIC_REGRESSION,final_training_fit,4,176,motivation,textual,coefficient,0.06586678383077962,0.06586678383077962,positive,41,31,270
A_LOGISTIC_REGRESSION,final_training_fit,4,215,right,textual,coefficient,0.06577238692449654,0.06577238692449654,positive,42,32,269
A_LOGISTIC_REGRESSION,final_training_fit,4,218,school,textual,coefficient,-0.06421519785550936,0.06421519785550936,negative,43,290,11
A_LOGISTIC_REGRESSION,final_training_fit,4,109,great,textual,coefficient,0.06331777549988604,0.06331777549988604,positive,44,33,268
A_LOGISTIC_REGRESSION,final_training_fit,4,266,time,textual,coefficient,-0.063142757067876,0.063142757067876,negative,45,289,12
A_LOGISTIC_REGRESSION,final_training_fit,4,288,want,textual,coefficient,0.06299732358656455,0.06299732358656455,positive,46,34,267
A_LOGISTIC_REGRESSION,final_training_fit,4,53,diagnosed,textual,coefficient,-0.06260803054025982,0.06260803054025982,negative,47,288,13
A_LOGISTIC_REGRESSION,final_training_fit,4,261,thing,textual,coefficient,0.061765847117659,0.061765847117659,positive,48,35,266
A_LOGISTIC_REGRESSION,final_training_fit,4,84,everybody,textual,coefficient,0.06174318395779139,0.06174318395779139,positive,49,36,265
A_LOGISTIC_REGRESSION,final_training_fit,4,233,sleep,textual,coefficient,-0.06042339979303973,0.06042339979303973,negative,50,287,14
A_LOGISTIC_REGRESSION,final_training_fit,4,291,women,textual,coefficient,-0.06003729654748569,0.06003729654748569,negative,51,286,15
A_LOGISTIC_REGRESSION,final_training_fit,4,247,sugar,textual,coefficient,-0.059850465532579326,0.059850465532579326,negative,52,285,16
A_LOGISTIC_REGRESSION,final_training_fit,4,125,important,textual,coefficient,-0.05892427975672588,0.05892427975672588,negative,53,284,17
A_LOGISTIC_REGRESSION,final_training_fit,4,258,tend,textual,coefficient,-0.05869558283982451,0.05869558283982451,negative,54,283,18
A_LOGISTIC_REGRESSION,final_training_fit,4,286,video,textual,coefficient,0.05804770411594002,0.05804770411594002,positive,55,37,264
A_LOGISTIC_REGRESSION,final_training_fit,4,159,love,textual,coefficient,0.05703167531779264,0.05703167531779264,positive,56,38,263
A_LOGISTIC_REGRESSION,final_training_fit,4,141,kind,textual,coefficient,-0.05689001552282884,0.05689001552282884,negative,57,282,19
A_LOGISTIC_REGRESSION,final_training_fit,4,65,doctor,textual,coefficient,-0.056880633027632,0.056880633027632,negative,58,281,20
A_LOGISTIC_REGRESSION,final_training_fit,4,111,hard,textual,coefficient,-0.056501647663995805,0.056501647663995805,negative,59,280,21
A_LOGISTIC_REGRESSION,final_training_fit,4,136,issues,textual,coefficient,-0.05563806313418729,0.05563806313418729,negative,60,279,22
A_LOGISTIC_REGRESSION,final_training_fit,4,78,effects,textual,coefficient,-0.05556907561625713,0.05556907561625713,negative,61,278,23
A_LOGISTIC_REGRESSION,final_training_fit,4,212,rejection,textual,coefficient,-0.055044416777120284,0.055044416777120284,negative,62,277,24
A_LOGISTIC_REGRESSION,final_training_fit,4,67,doesn,textual,coefficient,0.054989747710717185,0.054989747710717185,positive,63,39,262
A_LOGISTIC_REGRESSION,final_training_fit,4,256,tasks,textual,coefficient,-0.05447626748725134,0.05447626748725134,negative,64,276,25
A_LOGISTIC_REGRESSION,final_training_fit,4,88,experience,textual,coefficient,-0.053889729423313236,0.053889729423313236,negative,65,275,26
A_LOGISTIC_REGRESSION,final_training_fit,4,116,help,textual,coefficient,0.05319747792552812,0.05319747792552812,positive,66,40,261
A_LOGISTIC_REGRESSION,final_training_fit,4,271,treatment,textual,coefficient,-0.05269311991608589,0.05269311991608589,negative,67,274,27
A_LOGISTIC_REGRESSION,final_training_fit,4,100,food,textual,coefficient,-0.05251494444297832,0.05251494444297832,negative,68,273,28
A_LOGISTIC_REGRESSION,final_training_fit,4,7,adhd autism,textual,coefficient,0.05248218745262401,0.05248218745262401,positive,69,41,260
A_LOGISTIC_REGRESSION,final_training_fit,4,45,common,textual,coefficient,-0.052163816189542744,0.052163816189542744,negative,70,272,29
A_LOGISTIC_REGRESSION,final_training_fit,4,151,little,textual,coefficient,-0.05202096635129451,0.05202096635129451,negative,71,271,30
A_LOGISTIC_REGRESSION,final_training_fit,4,22,attention,textual,coefficient,0.05113147216253685,0.05113147216253685,positive,72,42,259
A_LOGISTIC_REGRESSION,final_training_fit,4,101,foods,textual,coefficient,-0.05083864016753127,0.05083864016753127,negative,73,270,31
A_LOGISTIC_REGRESSION,final_training_fit,4,107,good,textual,coefficient,-0.05082247052913857,0.05082247052913857,negative,74,269,32
A_LOGISTIC_REGRESSION,final_training_fit,4,161,make,textual,coefficient,-0.050637697398304364,0.050637697398304364,negative,75,268,33
A_LOGISTIC_REGRESSION,final_training_fit,4,154,long,textual,coefficient,-0.05050709491310932,0.05050709491310932,negative,76,267,34
A_LOGISTIC_REGRESSION,final_training_fit,4,157,lot,textual,coefficient,0.05040487144565357,0.05040487144565357,positive,77,43,258
A_LOGISTIC_REGRESSION,final_training_fit,4,11,adhd medication,textual,coefficient,-0.050229095687940095,0.050229095687940095,negative,78,266,35
A_LOGISTIC_REGRESSION,final_training_fit,4,257,tell,textual,coefficient,-0.049318786230430074,0.049318786230430074,negative,79,265,36
A_LOGISTIC_REGRESSION,final_training_fit,4,122,hyperactive,textual,coefficient,-0.04930487410633038,0.04930487410633038,negative,80,264,37
A_LOGISTIC_REGRESSION,final_training_fit,4,171,medications,textual,coefficient,-0.04871456995757464,0.04871456995757464,negative,81,263,38
A_LOGISTIC_REGRESSION,final_training_fit,4,0,10,textual,coefficient,0.0483832465082169,0.0483832465082169,positive,82,44,257
A_LOGISTIC_REGRESSION,final_training_fit,4,49,criteria,textual,coefficient,-0.04833235674723057,0.04833235674723057,negative,83,262,39
A_LOGISTIC_REGRESSION,final_training_fit,4,249,sure,textual,coefficient,-0.04821812655972895,0.04821812655972895,negative,84,261,40
A_LOGISTIC_REGRESSION,final_training_fit,4,86,executive,textual,coefficient,-0.04759989771532354,0.04759989771532354,negative,85,260,41
A_LOGISTIC_REGRESSION,final_training_fit,4,224,sensitivity,textual,coefficient,-0.047590545915813305,0.047590545915813305,negative,86,259,42
A_LOGISTIC_REGRESSION,final_training_fit,4,297,years,textual,coefficient,0.047344959444594416,0.047344959444594416,positive,87,45,256
A_LOGISTIC_REGRESSION,final_training_fit,4,273,try,textual,coefficient,0.047263894723440274,0.047263894723440274,positive,88,46,255
A_LOGISTIC_REGRESSION,final_training_fit,4,32,bit,textual,coefficient,-0.04718573546124273,0.04718573546124273,negative,89,258,43
A_LOGISTIC_REGRESSION,final_training_fit,4,245,study,textual,coefficient,-0.04717404104400168,0.04717404104400168,negative,90,257,44
A_LOGISTIC_REGRESSION,final_training_fit,4,123,hyperactivity,textual,coefficient,-0.047079914376510476,0.047079914376510476,negative,91,256,45
A_LOGISTIC_REGRESSION,final_training_fit,4,40,child,textual,coefficient,0.04692884799242118,0.04692884799242118,positive,92,47,254
A_LOGISTIC_REGRESSION,final_training_fit,4,113,having,textual,coefficient,-0.045975379619946945,0.045975379619946945,negative,93,255,46
A_LOGISTIC_REGRESSION,final_training_fit,4,80,emotions,textual,coefficient,-0.045918361030400666,0.045918361030400666,negative,94,254,47
A_LOGISTIC_REGRESSION,final_training_fit,4,146,let,textual,coefficient,-0.04572120322870985,0.04572120322870985,negative,95,253,48
A_LOGISTIC_REGRESSION,final_training_fit,4,127,impulsive,textual,coefficient,-0.04555900601670168,0.04555900601670168,negative,96,252,49
A_LOGISTIC_REGRESSION,final_training_fit,4,299,एक,textual,coefficient,-0.0453225150970978,0.0453225150970978,negative,97,251,50
A_LOGISTIC_REGRESSION,final_training_fit,4,231,signs adhd,textual,coefficient,0.04467040991726439,0.04467040991726439,positive,98,48,253
A_LOGISTIC_REGRESSION,final_training_fit,4,240,strategies,textual,coefficient,-0.04426933496730118,0.04426933496730118,negative,99,250,51
A_LOGISTIC_REGRESSION,final_training_fit,4,210,recommend,textual,coefficient,0.04419061447619412,0.04419061447619412,positive,100,49,252
A_LOGISTIC_REGRESSION,final_training_fit,4,110,happens,textual,coefficient,-0.043540861799278144,0.043540861799278144,negative,101,249,52
A_LOGISTIC_REGRESSION,final_training_fit,4,130,inattentive,textual,coefficient,-0.043440129547985984,0.043440129547985984,negative,102,248,53
A_LOGISTIC_REGRESSION,final_training_fit,4,202,probably,textual,coefficient,-0.0431801246916782,0.0431801246916782,negative,103,247,54
A_LOGISTIC_REGRESSION,final_training_fit,4,209,really,textual,coefficient,0.042990723021567756,0.042990723021567756,positive,104,50,251
A_LOGISTIC_REGRESSION,final_training_fit,4,16,adult,textual,coefficient,-0.0424101171355974,0.0424101171355974,negative,105,246,55
A_LOGISTIC_REGRESSION,final_training_fit,4,259,term,textual,coefficient,-0.04230224178876104,0.04230224178876104,negative,106,245,56
A_LOGISTIC_REGRESSION,final_training_fit,4,47,constantly,textual,coefficient,-0.042042020081752535,0.042042020081752535,negative,107,244,57
A_LOGISTIC_REGRESSION,final_training_fit,4,232,sit,textual,coefficient,0.0419322281994352,0.0419322281994352,positive,108,51,250
A_LOGISTIC_REGRESSION,final_training_fit,4,15,adhd women,textual,coefficient,-0.041872085170424726,0.041872085170424726,negative,109,243,58
A_LOGISTIC_REGRESSION,final_training_fit,4,213,relationships,textual,coefficient,-0.041558501960093606,0.041558501960093606,negative,110,242,59
A_LOGISTIC_REGRESSION,final_training_fit,4,155,look,textual,coefficient,-0.04132838378352491,0.04132838378352491,negative,111,241,60
A_LOGISTIC_REGRESSION,final_training_fit,4,48,control,textual,coefficient,-0.040937140944407605,0.040937140944407605,negative,112,240,61
A_LOGISTIC_REGRESSION,final_training_fit,4,64,distracted,textual,coefficient,-0.040724676124264135,0.040724676124264135,negative,113,239,62
A_LOGISTIC_REGRESSION,final_training_fit,4,185,oh,textual,coefficient,-0.04042226155771007,0.04042226155771007,negative,114,238,63
A_LOGISTIC_REGRESSION,final_training_fit,4,121,home,textual,coefficient,0.04024441654843027,0.04024441654843027,positive,115,52,249
A_LOGISTIC_REGRESSION,final_training_fit,4,237,stimulant,textual,coefficient,-0.0402242234162502,0.0402242234162502,negative,116,237,64
A_LOGISTIC_REGRESSION,final_training_fit,4,128,impulsivity,textual,coefficient,-0.04012173265925716,0.04012173265925716,negative,117,236,65
A_LOGISTIC_REGRESSION,final_training_fit,4,160,low,textual,coefficient,-0.03948275187672826,0.03948275187672826,negative,118,235,66
A_LOGISTIC_REGRESSION,final_training_fit,4,164,making,textual,coefficient,-0.039176690369918735,0.039176690369918735,negative,119,234,67
A_LOGISTIC_REGRESSION,final_training_fit,4,12,adhd real,textual,coefficient,-0.03916161757591806,0.03916161757591806,negative,120,233,68
A_LOGISTIC_REGRESSION,final_training_fit,4,268,treat,textual,coefficient,-0.03906454318599575,0.03906454318599575,negative,121,232,69
A_LOGISTIC_REGRESSION,final_training_fit,4,272,trouble,textual,coefficient,0.038843794547560345,0.038843794547560345,positive,122,53,248
A_LOGISTIC_REGRESSION,final_training_fit,4,193,people,textual,coefficient,0.03857723234053415,0.03857723234053415,positive,123,54,247
A_LOGISTIC_REGRESSION,final_training_fit,4,9,adhd diagnosis,textual,coefficient,-0.038509385327120345,0.038509385327120345,negative,124,231,70
A_LOGISTIC_REGRESSION,final_training_fit,4,283,using,textual,coefficient,-0.038489811966148126,0.038489811966148126,negative,125,230,71
A_LOGISTIC_REGRESSION,final_training_fit,4,287,wait,textual,coefficient,-0.03848709139477721,0.03848709139477721,negative,126,229,72
A_LOGISTIC_REGRESSION,final_training_fit,4,199,poor,textual,coefficient,0.03830066236643204,0.03830066236643204,positive,127,55,246
A_LOGISTIC_REGRESSION,final_training_fit,4,25,autistic,textual,coefficient,0.038239328834405964,0.038239328834405964,positive,128,56,245
A_LOGISTIC_REGRESSION,final_training_fit,4,211,regulation,textual,coefficient,-0.038201617316246,0.038201617316246,negative,129,228,73
A_LOGISTIC_REGRESSION,final_training_fit,4,181,neurotypical,textual,coefficient,-0.038066631629202416,0.038066631629202416,negative,130,227,74
A_LOGISTIC_REGRESSION,final_training_fit,4,72,drugs,textual,coefficient,-0.037629012732474015,0.037629012732474015,negative,131,226,75
A_LOGISTIC_REGRESSION,final_training_fit,4,85,example,textual,coefficient,-0.037554513916992466,0.037554513916992466,negative,132,225,76
A_LOGISTIC_REGRESSION,final_training_fit,4,190,patients,textual,coefficient,0.03735506240712072,0.03735506240712072,positive,133,57,244
A_LOGISTIC_REGRESSION,final_training_fit,4,144,late,textual,coefficient,-0.03713659630402892,0.03713659630402892,negative,134,224,77
A_LOGISTIC_REGRESSION,final_training_fit,4,8,adhd brain,textual,coefficient,0.03710405381710096,0.03710405381710096,positive,135,58,243
A_LOGISTIC_REGRESSION,final_training_fit,4,248,support,textual,coefficient,-0.03707842262979136,0.03707842262979136,negative,136,223,78
A_LOGISTIC_REGRESSION,final_training_fit,4,279,unable,textual,coefficient,-0.03703743721403344,0.03703743721403344,negative,137,222,79
A_LOGISTIC_REGRESSION,final_training_fit,4,173,mental,textual,coefficient,-0.03674296261072335,0.03674296261072335,negative,138,221,80
A_LOGISTIC_REGRESSION,final_training_fit,4,147,levels,textual,coefficient,-0.03662104820234296,0.03662104820234296,negative,139,220,81
A_LOGISTIC_REGRESSION,final_training_fit,4,175,mood,textual,coefficient,-0.03644975848727694,0.03644975848727694,negative,140,219,82
A_LOGISTIC_REGRESSION,final_training_fit,4,106,going,textual,coefficient,0.03625944773124078,0.03625944773124078,positive,141,59,242
A_LOGISTIC_REGRESSION,final_training_fit,4,254,talking,textual,coefficient,-0.03621946939463825,0.03621946939463825,negative,142,218,83
A_LOGISTIC_REGRESSION,final_training_fit,4,292,work,textual,coefficient,-0.03607401636902008,0.03607401636902008,negative,143,217,84
A_LOGISTIC_REGRESSION,final_training_fit,4,6,adhd adhd,textual,coefficient,0.03605120997272712,0.03605120997272712,positive,144,60,241
A_LOGISTIC_REGRESSION,final_training_fit,4,183,non,textual,coefficient,-0.03603424240626738,0.03603424240626738,negative,145,216,85
A_LOGISTIC_REGRESSION,final_training_fit,4,298,इपर,textual,coefficient,-0.03580677200013931,0.03580677200013931,negative,146,215,86
A_LOGISTIC_REGRESSION,final_training_fit,4,68,doing,textual,coefficient,0.035542459392597106,0.035542459392597106,positive,147,61,240
A_LOGISTIC_REGRESSION,final_training_fit,4,124,impact,textual,coefficient,-0.03552577874061642,0.03552577874061642,negative,148,214,87
A_LOGISTIC_REGRESSION,final_training_fit,4,39,challenges,textual,coefficient,-0.03542541054974267,0.03542541054974267,negative,149,213,88
A_LOGISTIC_REGRESSION,final_training_fit,4,153,ll,textual,coefficient,-0.03532046269396086,0.03532046269396086,negative,150,212,89
A_LOGISTIC_REGRESSION,final_training_fit,4,150,likely,textual,coefficient,-0.03519963596197283,0.03519963596197283,negative,151,211,90
A_LOGISTIC_REGRESSION,final_training_fit,4,19,answer,textual,coefficient,-0.03505908388363805,0.03505908388363805,negative,152,210,91
A_LOGISTIC_REGRESSION,final_training_fit,4,219,second,textual,coefficient,-0.03477273004189596,0.03477273004189596,negative,153,209,92
A_LOGISTIC_REGRESSION,final_training_fit,4,180,need,textual,coefficient,-0.03456651510677588,0.03456651510677588,negative,154,208,93
A_LOGISTIC_REGRESSION,final_training_fit,4,282,use,textual,coefficient,-0.034545734393428784,0.034545734393428784,negative,155,207,94
A_LOGISTIC_REGRESSION,final_training_fit,4,152,little bit,textual,coefficient,-0.03449668125296415,0.03449668125296415,negative,156,206,95
A_LOGISTIC_REGRESSION,final_training_fit,4,3,actually,textual,coefficient,0.034379968853521875,0.034379968853521875,positive,157,62,239
A_LOGISTIC_REGRESSION,final_training_fit,4,225,sensory,textual,coefficient,-0.034134387383091096,0.034134387383091096,negative,158,205,96
A_LOGISTIC_REGRESSION,final_training_fit,4,134,intense,textual,coefficient,-0.03402404603763647,0.03402404603763647,negative,159,204,97
A_LOGISTIC_REGRESSION,final_training_fit,4,46,condition,textual,coefficient,-0.03340844242094309,0.03340844242094309,negative,160,203,98
A_LOGISTIC_REGRESSION,final_training_fit,4,112,harder,textual,coefficient,-0.03332058960878333,0.03332058960878333,negative,161,202,99
A_LOGISTIC_REGRESSION,final_training_fit,4,81,end,textual,coefficient,0.03321944831350483,0.03321944831350483,positive,162,63,238
A_LOGISTIC_REGRESSION,final_training_fit,4,162,make sure,textual,coefficient,-0.033012426207798574,0.033012426207798574,negative,163,201,100
A_LOGISTIC_REGRESSION,final_training_fit,4,92,explained,textual,coefficient,-0.033005246195824726,0.033005246195824726,negative,164,200,101
A_LOGISTIC_REGRESSION,final_training_fit,4,177,moving,textual,coefficient,-0.0328943957706596,0.0328943957706596,negative,165,199,102
A_LOGISTIC_REGRESSION,final_training_fit,4,10,adhd just,textual,coefficient,-0.032811037992012446,0.032811037992012446,negative,166,198,103
A_LOGISTIC_REGRESSION,final_training_fit,4,294,world,textual,coefficient,0.03274910366884189,0.03274910366884189,positive,167,64,237
A_LOGISTIC_REGRESSION,final_training_fit,4,204,problems,textual,coefficient,-0.0327383104508656,0.0327383104508656,negative,168,197,104
A_LOGISTIC_REGRESSION,final_training_fit,4,189,parents,textual,coefficient,-0.03249776751229379,0.03249776751229379,negative,169,196,105
A_LOGISTIC_REGRESSION,final_training_fit,4,138,key,textual,coefficient,-0.03244924966209145,0.03244924966209145,negative,170,195,106
A_LOGISTIC_REGRESSION,final_training_fit,4,63,disorders,textual,coefficient,-0.03226841643420379,0.03226841643420379,negative,171,194,107
A_LOGISTIC_REGRESSION,final_training_fit,4,96,feel like,textual,coefficient,-0.03191979994347979,0.03191979994347979,negative,172,193,108
A_LOGISTIC_REGRESSION,final_training_fit,4,174,mind,textual,coefficient,-0.03177675675108693,0.03177675675108693,negative,173,192,109
A_LOGISTIC_REGRESSION,final_training_fit,4,198,point,textual,coefficient,-0.031771470493517924,0.031771470493517924,negative,174,191,110
A_LOGISTIC_REGRESSION,final_training_fit,4,149,like,textual,coefficient,0.03176549892726849,0.03176549892726849,positive,175,65,236
A_LOGISTIC_REGRESSION,final_training_fit,4,207,quickly,textual,coefficient,-0.031713622229579186,0.031713622229579186,negative,176,190,111
A_LOGISTIC_REGRESSION,final_training_fit,4,18,affects,textual,coefficient,-0.03168256116637999,0.03168256116637999,negative,177,189,112
A_LOGISTIC_REGRESSION,final_training_fit,4,43,come,textual,coefficient,-0.03143775722199748,0.03143775722199748,negative,178,188,113
A_LOGISTIC_REGRESSION,final_training_fit,4,243,struggles,textual,coefficient,-0.03112014380634573,0.03112014380634573,negative,179,187,114
A_LOGISTIC_REGRESSION,final_training_fit,4,236,start,textual,coefficient,-0.030864427880636532,0.030864427880636532,negative,180,186,115
A_LOGISTIC_REGRESSION,final_training_fit,4,275,turn,textual,coefficient,-0.0307848065210659,0.0307848065210659,negative,181,185,116
A_LOGISTIC_REGRESSION,final_training_fit,4,205,protein,textual,coefficient,0.03069048983168975,0.03069048983168975,positive,182,66,235
A_LOGISTIC_REGRESSION,final_training_fit,4,55,diagnostic,textual,coefficient,-0.03047687224430274,0.03047687224430274,negative,183,184,117
A_LOGISTIC_REGRESSION,final_training_fit,4,129,inattention,textual,coefficient,-0.030354510450856315,0.030354510450856315,negative,184,183,118
A_LOGISTIC_REGRESSION,final_training_fit,4,2,activity,textual,coefficient,-0.03034153850223443,0.03034153850223443,negative,185,182,119
A_LOGISTIC_REGRESSION,final_training_fit,4,75,easily,textual,coefficient,-0.030337444879551284,0.030337444879551284,negative,186,181,120
A_LOGISTIC_REGRESSION,final_training_fit,4,188,overwhelmed,textual,coefficient,-0.03027684947686386,0.03027684947686386,negative,187,180,121
A_LOGISTIC_REGRESSION,final_training_fit,4,114,health,textual,coefficient,-0.030112893013172198,0.030112893013172198,negative,188,179,122
A_LOGISTIC_REGRESSION,final_training_fit,4,184,number,textual,coefficient,0.029994148154548202,0.029994148154548202,positive,189,67,234
A_LOGISTIC_REGRESSION,final_training_fit,4,117,helpful,textual,coefficient,-0.02969467157446733,0.02969467157446733,negative,190,178,123
A_LOGISTIC_REGRESSION,final_training_fit,4,220,seen,textual,coefficient,-0.02956972304437387,0.02956972304437387,negative,191,177,124
A_LOGISTIC_REGRESSION,final_training_fit,4,201,present,textual,coefficient,-0.029528949898040745,0.029528949898040745,negative,192,176,125
A_LOGISTIC_REGRESSION,final_training_fit,4,99,follow,textual,coefficient,-0.029524004949592612,0.029524004949592612,negative,193,175,126
A_LOGISTIC_REGRESSION,final_training_fit,4,187,options,textual,coefficient,-0.029459487212029994,0.029459487212029994,negative,194,174,127
A_LOGISTIC_REGRESSION,final_training_fit,4,281,understanding,textual,coefficient,-0.02931161215918561,0.02931161215918561,negative,195,173,128
A_LOGISTIC_REGRESSION,final_training_fit,4,158,lots,textual,coefficient,-0.02928900371211599,0.02928900371211599,negative,196,172,129
A_LOGISTIC_REGRESSION,final_training_fit,4,244,struggling,textual,coefficient,-0.02896541400852156,0.02896541400852156,negative,197,171,130
A_LOGISTIC_REGRESSION,final_training_fit,4,91,explain,textual,coefficient,0.02818308078256211,0.02818308078256211,positive,198,68,233
A_LOGISTIC_REGRESSION,final_training_fit,4,79,emotional,textual,coefficient,0.027862504231721166,0.027862504231721166,positive,199,69,232
A_LOGISTIC_REGRESSION,final_training_fit,4,182,neurotypical person,textual,coefficient,-0.02752747646809558,0.02752747646809558,negative,200,170,131
A_LOGISTIC_REGRESSION,final_training_fit,4,217,saying,textual,coefficient,0.027364533877160053,0.027364533877160053,positive,201,70,231
A_LOGISTIC_REGRESSION,final_training_fit,4,179,natural,textual,coefficient,0.02725832062048776,0.02725832062048776,positive,202,71,230
A_LOGISTIC_REGRESSION,final_training_fit,4,246,stuff,textual,coefficient,-0.026999184885582138,0.026999184885582138,negative,203,169,132
A_LOGISTIC_REGRESSION,final_training_fit,4,89,experts,textual,coefficient,-0.026663089107671564,0.026663089107671564,negative,204,168,133
A_LOGISTIC_REGRESSION,final_training_fit,4,135,isn,textual,coefficient,0.026370030092688738,0.026370030092688738,positive,205,72,229
A_LOGISTIC_REGRESSION,final_training_fit,4,241,structure,textual,coefficient,-0.026037333625730852,0.026037333625730852,negative,206,167,134
A_LOGISTIC_REGRESSION,final_training_fit,4,104,function,textual,coefficient,-0.025782257130914667,0.025782257130914667,negative,207,166,135
A_LOGISTIC_REGRESSION,final_training_fit,4,216,say,textual,coefficient,0.025512206520956086,0.025512206520956086,positive,208,73,228
A_LOGISTIC_REGRESSION,final_training_fit,4,166,management,textual,coefficient,-0.02460810135330648,0.02460810135330648,negative,209,165,136
A_LOGISTIC_REGRESSION,final_training_fit,4,214,remember,textual,coefficient,-0.024415979873698937,0.024415979873698937,negative,210,164,137
A_LOGISTIC_REGRESSION,final_training_fit,4,20,answer sep,textual,coefficient,-0.023856576656750658,0.023856576656750658,negative,211,163,138
A_LOGISTIC_REGRESSION,final_training_fit,4,165,manage,textual,coefficient,-0.02361496871889075,0.02361496871889075,negative,212,162,139
A_LOGISTIC_REGRESSION,final_training_fit,4,44,comes,textual,coefficient,0.023506061124368937,0.023506061124368937,positive,213,74,227
A_LOGISTIC_REGRESSION,final_training_fit,4,28,behaviors,textual,coefficient,-0.023479575498479312,0.023479575498479312,negative,214,161,140
A_LOGISTIC_REGRESSION,final_training_fit,4,35,brains,textual,coefficient,-0.0232616393442872,0.0232616393442872,negative,215,160,141
A_LOGISTIC_REGRESSION,final_training_fit,4,278,um,textual,coefficient,0.02297437907908282,0.02297437907908282,positive,216,75,226
A_LOGISTIC_REGRESSION,final_training_fit,4,238,stimulants,textual,coefficient,0.022917570912614402,0.022917570912614402,positive,217,76,225
A_LOGISTIC_REGRESSION,final_training_fit,4,139,kid,textual,coefficient,0.02289740670855282,0.02289740670855282,positive,218,77,224
A_LOGISTIC_REGRESSION,final_training_fit,4,90,experts answer,textual,coefficient,-0.022839605670399023,0.022839605670399023,negative,219,159,142
A_LOGISTIC_REGRESSION,final_training_fit,4,178,music,textual,coefficient,0.022484809363733118,0.022484809363733118,positive,220,78,223
A_LOGISTIC_REGRESSION,final_training_fit,4,227,sep adhd,textual,coefficient,-0.022263285771141315,0.022263285771141315,negative,221,158,143
A_LOGISTIC_REGRESSION,final_training_fit,4,284,usually,textual,coefficient,0.021272484209068517,0.021272484209068517,positive,222,79,222
A_LOGISTIC_REGRESSION,final_training_fit,4,62,disorder,textual,coefficient,-0.02060075174367138,0.02060075174367138,negative,223,157,144
A_LOGISTIC_REGRESSION,final_training_fit,4,131,increase,textual,coefficient,0.02052696376306814,0.02052696376306814,positive,224,80,221
A_LOGISTIC_REGRESSION,final_training_fit,4,17,adults,textual,coefficient,0.020463512462182868,0.020463512462182868,positive,225,81,220
A_LOGISTIC_REGRESSION,final_training_fit,4,274,trying,textual,coefficient,-0.020025894429653256,0.020025894429653256,negative,226,156,145
A_LOGISTIC_REGRESSION,final_training_fit,4,30,better,textual,coefficient,-0.01970795388000364,0.01970795388000364,negative,227,155,146
A_LOGISTIC_REGRESSION,final_training_fit,4,140,kids,textual,coefficient,-0.019504059147111178,0.019504059147111178,negative,228,154,147
A_LOGISTIC_REGRESSION,final_training_fit,4,186,okay,textual,coefficient,-0.019414284591447024,0.019414284591447024,negative,229,153,148
A_LOGISTIC_REGRESSION,final_training_fit,4,66,does,textual,coefficient,-0.019342704293069262,0.019342704293069262,negative,230,152,149
A_LOGISTIC_REGRESSION,final_training_fit,4,105,getting,textual,coefficient,-0.019289980263995293,0.019289980263995293,negative,231,151,150
A_LOGISTIC_REGRESSION,final_training_fit,4,21,anxiety,textual,coefficient,-0.019235551578870958,0.019235551578870958,negative,232,150,151
A_LOGISTIC_REGRESSION,final_training_fit,4,61,difficulty,textual,coefficient,-0.019161108450894634,0.019161108450894634,negative,233,149,152
A_LOGISTIC_REGRESSION,final_training_fit,4,194,people adhd,textual,coefficient,-0.01838596130287878,0.01838596130287878,negative,234,148,153
A_LOGISTIC_REGRESSION,final_training_fit,4,119,high,textual,coefficient,0.01803799489445009,0.01803799489445009,positive,235,82,219
A_LOGISTIC_REGRESSION,final_training_fit,4,289,way,textual,coefficient,0.017465388840246586,0.017465388840246586,positive,236,83,218
A_LOGISTIC_REGRESSION,final_training_fit,4,27,behavior,textual,coefficient,-0.017179916088907548,0.017179916088907548,negative,237,147,154
A_LOGISTIC_REGRESSION,final_training_fit,4,73,dysfunction,textual,coefficient,0.01688349397442794,0.01688349397442794,positive,238,84,217
A_LOGISTIC_REGRESSION,final_training_fit,4,102,forget,textual,coefficient,-0.016638018457703588,0.016638018457703588,negative,239,146,155
A_LOGISTIC_REGRESSION,final_training_fit,4,145,lead,textual,coefficient,-0.016163727754383128,0.016163727754383128,negative,240,145,156
A_LOGISTIC_REGRESSION,final_training_fit,4,71,dr,textual,coefficient,-0.016077101097264804,0.016077101097264804,negative,241,144,157
A_LOGISTIC_REGRESSION,final_training_fit,4,169,means,textual,coefficient,0.015836940139501612,0.015836940139501612,positive,242,85,216
A_LOGISTIC_REGRESSION,final_training_fit,4,38,certain,textual,coefficient,0.015470261411334115,0.015470261411334115,positive,243,86,215
A_LOGISTIC_REGRESSION,final_training_fit,4,58,difference,textual,coefficient,-0.015459201542378374,0.015459201542378374,negative,244,143,158
A_LOGISTIC_REGRESSION,final_training_fit,4,41,children,textual,coefficient,0.015394905805247211,0.015394905805247211,positive,245,87,214
A_LOGISTIC_REGRESSION,final_training_fit,4,168,mean,textual,coefficient,0.015053826427571472,0.015053826427571472,positive,246,88,213
A_LOGISTIC_REGRESSION,final_training_fit,4,31,big,textual,coefficient,0.014832472294962795,0.014832472294962795,positive,247,89,212
A_LOGISTIC_REGRESSION,final_training_fit,4,24,autism,textual,coefficient,0.01384557045084749,0.01384557045084749,positive,248,90,211
A_LOGISTIC_REGRESSION,final_training_fit,4,60,differently,textual,coefficient,-0.013164726938055357,0.013164726938055357,negative,249,142,159
A_LOGISTIC_REGRESSION,final_training_fit,4,196,phone,textual,coefficient,0.013148430960853438,0.013148430960853438,positive,250,91,210
A_LOGISTIC_REGRESSION,final_training_fit,4,1,able,textual,coefficient,0.012223798635738546,0.012223798635738546,positive,251,92,209
A_LOGISTIC_REGRESSION,final_training_fit,4,94,family,textual,coefficient,0.011772692513369284,0.011772692513369284,positive,252,93,208
A_LOGISTIC_REGRESSION,final_training_fit,4,269,treated,textual,coefficient,0.011328632669683269,0.011328632669683269,positive,253,94,207
A_LOGISTIC_REGRESSION,final_training_fit,4,280,understand,textual,coefficient,0.011144719925362014,0.011144719925362014,positive,254,95,206
A_LOGISTIC_REGRESSION,final_training_fit,4,56,did,textual,coefficient,-0.010970385593909435,0.010970385593909435,negative,255,141,160
A_LOGISTIC_REGRESSION,final_training_fit,4,230,signs,textual,coefficient,-0.010954249011839199,0.010954249011839199,negative,256,140,161
A_LOGISTIC_REGRESSION,final_training_fit,4,133,instead,textual,coefficient,-0.01051327452492308,0.01051327452492308,negative,257,139,162
A_LOGISTIC_REGRESSION,final_training_fit,4,37,care,textual,coefficient,-0.01016423544518198,0.01016423544518198,negative,258,138,163
A_LOGISTIC_REGRESSION,final_training_fit,4,118,helps,textual,coefficient,0.009359420668175302,0.009359420668175302,positive,259,96,205
A_LOGISTIC_REGRESSION,final_training_fit,4,57,diet,textual,coefficient,-0.009177352143237127,0.009177352143237127,negative,260,137,164
A_LOGISTIC_REGRESSION,final_training_fit,4,265,thinking,textual,coefficient,-0.009128897916037137,0.009128897916037137,negative,261,136,165
A_LOGISTIC_REGRESSION,final_training_fit,4,143,lack,textual,coefficient,-0.008922472355299757,0.008922472355299757,negative,262,135,166
A_LOGISTIC_REGRESSION,final_training_fit,4,203,problem,textual,coefficient,0.008919195745565685,0.008919195745565685,positive,263,97,204
A_LOGISTIC_REGRESSION,final_training_fit,4,76,eat,textual,coefficient,0.008911908601919661,0.008911908601919661,positive,264,98,203
A_LOGISTIC_REGRESSION,final_training_fit,4,148,life,textual,coefficient,0.008516519658511197,0.008516519658511197,positive,265,99,202
A_LOGISTIC_REGRESSION,final_training_fit,4,126,improve,textual,coefficient,0.008226460601893273,0.008226460601893273,positive,266,100,201
A_LOGISTIC_REGRESSION,final_training_fit,4,59,different,textual,coefficient,0.00790763741456525,0.00790763741456525,positive,267,101,200
A_LOGISTIC_REGRESSION,final_training_fit,4,229,sign,textual,coefficient,0.007741404149005988,0.007741404149005988,positive,268,102,199
A_LOGISTIC_REGRESSION,final_training_fit,4,253,talk,textual,coefficient,-0.007584263254404917,0.007584263254404917,negative,269,134,167
A_LOGISTIC_REGRESSION,final_training_fit,4,252,taking,textual,coefficient,-0.007507101927222402,0.007507101927222402,negative,270,133,168
A_LOGISTIC_REGRESSION,final_training_fit,4,42,college,textual,coefficient,-0.007325683119336698,0.007325683119336698,negative,271,132,169
A_LOGISTIC_REGRESSION,final_training_fit,4,36,called,textual,coefficient,-0.006614441996927544,0.006614441996927544,negative,272,131,170
A_LOGISTIC_REGRESSION,final_training_fit,4,93,fact,textual,coefficient,-0.005905815203722943,0.005905815203722943,negative,273,130,171
A_LOGISTIC_REGRESSION,final_training_fit,4,226,sep,textual,coefficient,0.0055372765118860195,0.0055372765118860195,positive,274,103,198
A_LOGISTIC_REGRESSION,final_training_fit,4,228,shorts,textual,coefficient,0.005056492150298165,0.005056492150298165,positive,275,104,197
A_LOGISTIC_REGRESSION,final_training_fit,4,263,things like,textual,coefficient,-0.004835212370423328,0.004835212370423328,negative,276,129,172
A_LOGISTIC_REGRESSION,final_training_fit,4,132,information,textual,coefficient,-0.004547212701826164,0.004547212701826164,negative,277,128,173
A_LOGISTIC_REGRESSION,final_training_fit,4,293,works,textual,coefficient,0.004382607206786152,0.004382607206786152,positive,278,105,196
A_LOGISTIC_REGRESSION,final_training_fit,4,74,early,textual,coefficient,-0.003947258118597323,0.003947258118597323,negative,279,127,174
A_LOGISTIC_REGRESSION,final_training_fit,4,51,deficit,textual,coefficient,-0.003819542319832229,0.003819542319832229,negative,280,126,175
A_LOGISTIC_REGRESSION,final_training_fit,4,167,maybe,textual,coefficient,0.0036531101047356557,0.0036531101047356557,positive,281,106,195
A_LOGISTIC_REGRESSION,final_training_fit,4,221,self,textual,coefficient,-0.0034283009785443944,0.0034283009785443944,negative,282,125,176
A_LOGISTIC_REGRESSION,final_training_fit,4,260,therapy,textual,coefficient,0.0034101498406778727,0.0034101498406778727,positive,283,107,194
A_LOGISTIC_REGRESSION,final_training_fit,4,163,makes,textual,coefficient,0.0034092929389983604,0.0034092929389983604,positive,284,108,193
A_LOGISTIC_REGRESSION,final_training_fit,4,97,feeling,textual,coefficient,0.0033519598867006377,0.0033519598867006377,positive,285,109,192
A_LOGISTIC_REGRESSION,final_training_fit,4,50,day,textual,coefficient,-0.003241669952078016,0.003241669952078016,negative,286,124,177
A_LOGISTIC_REGRESSION,final_training_fit,4,172,meds,textual,coefficient,0.0030644699287999248,0.0030644699287999248,positive,287,110,191
A_LOGISTIC_REGRESSION,final_training_fit,4,23,audhd,textual,coefficient,0.002926611556279502,0.002926611556279502,positive,288,111,190
A_LOGISTIC_REGRESSION,final_training_fit,4,234,small,textual,coefficient,0.002810358512487066,0.002810358512487066,positive,289,112,189
A_LOGISTIC_REGRESSION,final_training_fit,4,290,ways,textual,coefficient,0.0028058385324494484,0.0028058385324494484,positive,290,113,188
A_LOGISTIC_REGRESSION,final_training_fit,4,235,social,textual,coefficient,-0.002524566378631695,0.002524566378631695,negative,291,123,178
A_LOGISTIC_REGRESSION,final_training_fit,4,115,hear,textual,coefficient,-0.0024557088679875885,0.0024557088679875885,negative,292,122,179
A_LOGISTIC_REGRESSION,final_training_fit,4,52,depression,textual,coefficient,-0.002405659820730106,0.002405659820730106,negative,293,121,180
A_LOGISTIC_REGRESSION,final_training_fit,4,255,task,textual,coefficient,0.0019016427840268205,0.0019016427840268205,positive,294,114,187
A_LOGISTIC_REGRESSION,final_training_fit,4,156,looking,textual,coefficient,0.0017601347203154286,0.0017601347203154286,positive,295,115,186
A_LOGISTIC_REGRESSION,final_training_fit,4,83,especially,textual,coefficient,0.0017521826998555352,0.0017521826998555352,positive,296,116,185
A_LOGISTIC_REGRESSION,final_training_fit,4,208,real,textual,coefficient,-0.0011479515579191722,0.0011479515579191722,negative,297,120,181
A_LOGISTIC_REGRESSION,final_training_fit,4,267,times,textual,coefficient,-0.0011098726365333291,0.0011098726365333291,negative,298,119,182
A_LOGISTIC_REGRESSION,final_training_fit,4,77,eating,textual,coefficient,-0.0006221691206463528,0.0006221691206463528,negative,299,118,183
A_LOGISTIC_REGRESSION,final_training_fit,4,29,best,textual,coefficient,0.0004101470658222048,0.0004101470658222048,positive,300,117,184
