condition,class_label,feature,feature_group,weight_type,mean_weight_missing_as_zero,sample_std_weight_missing_as_zero,median_weight_missing_as_zero,mean_absolute_weight_missing_as_zero,minimum_weight,maximum_weight,fold_presence_count,fold_presence_fraction,nonzero_fold_count,positive_fold_fraction,negative_fold_fraction,sign_consistency_nonzero,top_k_fold_count,top_k_fold_fraction
B_COMPLEMENT_NB,1,quickly,textual,complement_log_weight,5.386183595376658,3.0337411109779184,6.366276573903618,5.386183595376658,0.0,7.140999495680843,4,0.8,4,0.8,0.0,1.0,4,0.8
B_COMPLEMENT_NB,1,function,textual,complement_log_weight,5.371841334231146,3.0200261591805235,6.425671897901117,5.371841334231146,0.0,7.049177294395412,4,0.8,4,0.8,0.0,1.0,4,0.8
B_COMPLEMENT_NB,1,behaviors,textual,complement_log_weight,5.321916260141921,2.987948010736596,6.400689166915132,5.321916260141921,0.0,7.018322294848321,4,0.8,4,0.8,0.0,1.0,4,0.8
B_COMPLEMENT_NB,1,manage,textual,complement_log_weight,5.289207278584998,2.9887237473800505,6.386760444713908,5.289207278584998,0.0,7.3633412613291656,4,0.8,4,0.8,0.0,1.0,4,0.8
B_COMPLEMENT_NB,1,understanding,textual,complement_log_weight,5.287121566526825,2.9685899412833123,6.379292805875038,5.287121566526825,0.0,6.889016346686751,4,0.8,4,0.8,0.0,1.0,4,0.8
B_COMPLEMENT_NB,1,harder,textual,complement_log_weight,6.500466342207592,0.25413548721184076,6.4871117060053765,6.500466342207592,6.234142913732588,6.802616674950177,5,1.0,5,1.0,0.0,1.0,3,0.6
B_COMPLEMENT_NB,1,girls,textual,complement_log_weight,4.346823082476983,4.038793078744395,6.628264698884825,4.346823082476983,0.0,8.473386348772436,3,0.6,3,0.6,0.0,1.0,3,0.6
B_COMPLEMENT_NB,1,management,textual,complement_log_weight,4.155283329731277,3.8115036572101295,6.359470442334522,4.155283329731277,0.0,7.402257780705894,3,0.6,3,0.6,0.0,1.0,3,0.6
B_COMPLEMENT_NB,1,answer sep,textual,complement_log_weight,3.9219015771548866,3.586522846242895,6.356122451648354,3.9219015771548866,0.0,6.88431555944889,3,0.6,3,0.6,0.0,1.0,3,0.6
B_COMPLEMENT_NB,1,experts answer,textual,complement_log_weight,3.9159456822968357,3.5807996777946993,6.3504879730716395,3.9159456822968357,0.0,6.8661748640474025,3,0.6,3,0.6,0.0,1.0,3,0.6
B_COMPLEMENT_NB,1,activities,textual,complement_log_weight,3.9025065358010176,3.571032926589556,6.298152465507878,3.9025065358010176,0.0,6.907393595052067,3,0.6,3,0.6,0.0,1.0,3,0.6
B_COMPLEMENT_NB,1,struggling,textual,complement_log_weight,6.489110818682491,0.3371640580475262,6.434329911749663,6.489110818682491,6.188972574542616,7.005431143954912,5,1.0,5,1.0,0.0,1.0,2,0.4
B_COMPLEMENT_NB,1,health,textual,complement_log_weight,6.484618891413712,0.3551204922245658,6.436923783220978,6.484618891413712,6.1674857567547985,7.036393963780952,5,1.0,5,1.0,0.0,1.0,2,0.4
B_COMPLEMENT_NB,1,non,textual,complement_log_weight,6.4551127798913175,0.3579771046120553,6.331620263512634,6.4551127798913175,6.145946338190326,6.963790826721459,5,1.0,5,1.0,0.0,1.0,2,0.4
B_COMPLEMENT_NB,1,impact,textual,complement_log_weight,6.437052509981794,0.23504929025295024,6.336700677924728,6.437052509981794,6.239681501851386,6.767778027542144,5,1.0,5,1.0,0.0,1.0,2,0.4
B_COMPLEMENT_NB,1,adhd autism,textual,complement_log_weight,6.382893562080132,0.1776097473814417,6.400043099726422,6.382893562080132,6.155665700167461,6.575519792465585,5,1.0,5,1.0,0.0,1.0,2,0.4
B_COMPLEMENT_NB,1,disorders,textual,complement_log_weight,6.311624162520733,0.09729555140319394,6.345733869466051,6.311624162520733,6.181623491901144,6.399496934539891,5,1.0,5,1.0,0.0,1.0,2,0.4
B_COMPLEMENT_NB,1,best,textual,complement_log_weight,5.223396471193783,2.938577064474809,6.245848094971777,5.223396471193783,0.0,7.01492095088742,4,0.8,4,0.8,0.0,1.0,2,0.4
B_COMPLEMENT_NB,1,condition,textual,complement_log_weight,3.994244407114884,3.653528287665857,6.319618145483259,3.994244407114884,0.0,6.971232036917526,3,0.6,3,0.6,0.0,1.0,2,0.4
B_COMPLEMENT_NB,1,experts,textual,complement_log_weight,3.8432574513129283,3.510931894413458,6.250393263079389,3.8432574513129283,0.0,6.615406020413611,3,0.6,3,0.6,0.0,1.0,2,0.4
B_COMPLEMENT_NB,1,psychologist,textual,complement_log_weight,2.888099072486745,3.982649946632971,0.0,2.888099072486745,0.0,7.886442283387067,2,0.4,2,0.4,0.0,1.0,2,0.4
B_COMPLEMENT_NB,1,like adhd,textual,complement_log_weight,2.781388475029653,3.8252010577922464,0.0,2.781388475029653,0.0,7.457325661818109,2,0.4,2,0.4,0.0,1.0,2,0.4
B_COMPLEMENT_NB,1,executive function,textual,complement_log_weight,2.6699894805662376,3.6630504071425785,0.0,2.6699894805662376,0.0,6.9954611766481625,2,0.4,2,0.4,0.0,1.0,2,0.4
B_COMPLEMENT_NB,1,sign,textual,complement_log_weight,2.6679633907131324,3.6634330678706477,0.0,2.6679633907131324,0.0,7.055753306138641,2,0.4,2,0.4,0.0,1.0,2,0.4
B_COMPLEMENT_NB,1,adhd like,textual,complement_log_weight,2.645612998246872,3.6268217718250435,0.0,2.645612998246872,0.0,6.859830822137692,2,0.4,2,0.4,0.0,1.0,2,0.4
B_COMPLEMENT_NB,1,behavioral,textual,complement_log_weight,2.6327750167867343,3.6082469659902348,0.0,2.6327750167867343,0.0,6.79583296347933,2,0.4,2,0.4,0.0,1.0,2,0.4
B_COMPLEMENT_NB,1,trauma,textual,complement_log_weight,2.5858857853071577,3.54087161460154,0.0,2.5858857853071577,0.0,6.469585523806784,2,0.4,2,0.4,0.0,1.0,2,0.4
B_COMPLEMENT_NB,1,एड,textual,complement_log_weight,2.537592266242892,3.47474157455344,0.0,2.537592266242892,0.0,6.3458802711542495,2,0.4,2,0.4,0.0,1.0,2,0.4
B_COMPLEMENT_NB,1,impulsivity,textual,complement_log_weight,6.420789436898117,0.3844906414965459,6.21079427324794,6.420789436898117,6.066539268928336,6.921709473391997,5,1.0,5,1.0,0.0,1.0,1,0.2
B_COMPLEMENT_NB,1,adhd diagnosis,textual,complement_log_weight,6.392788005513076,0.33037319503934093,6.2182211222257475,6.392788005513076,6.159615316232423,6.949195537624006,5,1.0,5,1.0,0.0,1.0,1,0.2
B_COMPLEMENT_NB,1,answer,textual,complement_log_weight,6.379878626209184,0.2292785860922684,6.2464224439546125,6.379878626209184,6.181534283283122,6.708506450099225,5,1.0,5,1.0,0.0,1.0,1,0.2
B_COMPLEMENT_NB,1,common,textual,complement_log_weight,6.357692339403715,0.2964879349579252,6.232293426781554,6.357692339403715,6.09507854718428,6.847982591901237,5,1.0,5,1.0,0.0,1.0,1,0.2
B_COMPLEMENT_NB,1,easily,textual,complement_log_weight,6.338689196405523,0.1395427841854221,6.370109549216674,6.338689196405523,6.158795987950777,6.470264239035992,5,1.0,5,1.0,0.0,1.0,1,0.2
B_COMPLEMENT_NB,1,adhd medication,textual,complement_log_weight,6.315487766113785,0.33766897620795205,6.158281920424467,6.315487766113785,6.0148944892499685,6.764602605467505,5,1.0,5,1.0,0.0,1.0,1,0.2
B_COMPLEMENT_NB,1,adult,textual,complement_log_weight,6.304864876668404,0.24691396056210765,6.240869946676377,6.304864876668404,6.066234997446221,6.637607609863521,5,1.0,5,1.0,0.0,1.0,1,0.2
B_COMPLEMENT_NB,1,follow,textual,complement_log_weight,6.248085694115957,0.14069836856429332,6.279370613441289,6.248085694115957,6.086832787561954,6.404968993950445,5,1.0,5,1.0,0.0,1.0,1,0.2
B_COMPLEMENT_NB,1,regulation,textual,complement_log_weight,6.182256216486774,0.09074169568028842,6.231179293606435,6.182256216486774,6.067384247431017,6.267003663805447,5,1.0,5,1.0,0.0,1.0,1,0.2
B_COMPLEMENT_NB,1,problems,textual,complement_log_weight,6.160297575622179,0.20583744203998386,6.17749990745937,6.160297575622179,5.94053879113666,6.37307910318675,5,1.0,5,1.0,0.0,1.0,1,0.2
B_COMPLEMENT_NB,1,experience,textual,complement_log_weight,6.094991969871363,0.43043886703326995,5.908667642959142,6.094991969871363,5.813485247877055,6.853237541245959,5,1.0,5,1.0,0.0,1.0,1,0.2
B_COMPLEMENT_NB,1,hyperactive,textual,complement_log_weight,5.997516842587665,0.16884546781474777,5.922544585885571,5.997516842587665,5.843290560104109,6.263778442686346,5,1.0,5,1.0,0.0,1.0,1,0.2
B_COMPLEMENT_NB,1,especially,textual,complement_log_weight,5.993284577223202,0.42751022896740937,5.82004193656615,5.993284577223202,5.734517488068732,6.751107302239601,5,1.0,5,1.0,0.0,1.0,1,0.2
B_COMPLEMENT_NB,1,meds,textual,complement_log_weight,5.190799503457365,2.9247722308836916,6.147953072955216,5.190799503457365,0.0,7.0076708692849525,4,0.8,4,0.8,0.0,1.0,1,0.2
B_COMPLEMENT_NB,1,phone,textual,complement_log_weight,5.146400400306258,2.8884105889372473,6.23195350388446,5.146400400306258,0.0,6.712468119278975,4,0.8,4,0.8,0.0,1.0,1,0.2
B_COMPLEMENT_NB,1,parents,textual,complement_log_weight,5.124307967050385,2.880450807250418,6.174390350426592,5.124307967050385,0.0,6.900607703427112,4,0.8,4,0.8,0.0,1.0,1,0.2
B_COMPLEMENT_NB,1,autistic,textual,complement_log_weight,5.054920794791639,2.830078412997058,6.284317936444789,5.054920794791639,0.0,6.510113655801706,4,0.8,4,0.8,0.0,1.0,1,0.2
B_COMPLEMENT_NB,1,maybe,textual,complement_log_weight,5.048576287976227,2.8306557341369953,6.173022426364098,5.048576287976227,0.0,6.675558585079456,4,0.8,4,0.8,0.0,1.0,1,0.2
B_COMPLEMENT_NB,1,present,textual,complement_log_weight,5.005987164584297,2.8006521274408027,6.246282014130924,5.005987164584297,0.0,6.376124720387056,4,0.8,4,0.8,0.0,1.0,1,0.2
B_COMPLEMENT_NB,1,traits,textual,complement_log_weight,3.8330745987605903,3.5024405522464526,6.213059396952629,3.8330745987605903,0.0,6.630012023818756,3,0.6,3,0.6,0.0,1.0,1,0.2
B_COMPLEMENT_NB,1,complete,textual,complement_log_weight,3.768471003874372,3.443759917159213,6.071966112918752,3.768471003874372,0.0,6.516741243144358,3,0.6,3,0.6,0.0,1.0,1,0.2
B_COMPLEMENT_NB,1,structure,textual,complement_log_weight,2.583894038711751,3.5400116380870372,0.0,2.583894038711751,0.0,6.622395120280471,2,0.4,2,0.4,0.0,1.0,1,0.2
B_COMPLEMENT_NB,1,based,textual,complement_log_weight,2.5796231534887575,3.536783907056482,0.0,2.5796231534887575,0.0,6.700994895433397,2,0.4,2,0.4,0.0,1.0,1,0.2
B_COMPLEMENT_NB,1,create,textual,complement_log_weight,1.374665723402945,3.073846003867908,0.0,1.374665723402945,0.0,6.8733286170147245,1,0.2,1,0.2,0.0,1.0,1,0.2
B_COMPLEMENT_NB,1,diagnosed adhd,textual,complement_log_weight,1.3403405806187112,2.9970926512649756,0.0,1.3403405806187112,0.0,6.7017029030935555,1,0.2,1,0.2,0.0,1.0,1,0.2
B_COMPLEMENT_NB,1,changes,textual,complement_log_weight,1.2718669843461825,2.843981035335725,0.0,1.2718669843461825,0.0,6.3593349217309125,1,0.2,1,0.2,0.0,1.0,1,0.2
B_COMPLEMENT_NB,1,learn,textual,complement_log_weight,1.2636660164533495,2.8256431136460574,0.0,1.2636660164533495,0.0,6.318330082266748,1,0.2,1,0.2,0.0,1.0,1,0.2
B_COMPLEMENT_NB,1,class,textual,complement_log_weight,1.256320560563948,2.809218174951629,0.0,1.256320560563948,0.0,6.28160280281974,1,0.2,1,0.2,0.0,1.0,1,0.2
B_COMPLEMENT_NB,1,criteria,textual,complement_log_weight,6.281794940636523,0.2628596843418829,6.135620377074172,6.281794940636523,6.036615287449576,6.627184439661463,5,1.0,5,1.0,0.0,1.0,0,0.0
B_COMPLEMENT_NB,1,come,textual,complement_log_weight,6.26324882040564,0.25306199584461,6.1783354844652525,6.26324882040564,6.013741259622349,6.673306926381054,5,1.0,5,1.0,0.0,1.0,0,0.0
B_COMPLEMENT_NB,1,tasks,textual,complement_log_weight,6.229737993020639,0.2007644452739701,6.139440704011738,6.229737993020639,6.038830650605831,6.4851146763714285,5,1.0,5,1.0,0.0,1.0,0,0.0
B_COMPLEMENT_NB,1,challenges,textual,complement_log_weight,6.215924852764677,0.08056275166153318,6.223654697470635,6.215924852764677,6.124566268619396,6.315047540383158,5,1.0,5,1.0,0.0,1.0,0,0.0
B_COMPLEMENT_NB,1,mental,textual,complement_log_weight,6.207841212824915,0.1347392637014845,6.190644165889645,6.207841212824915,6.067350633945271,6.381444800879437,5,1.0,5,1.0,0.0,1.0,0,0.0
B_COMPLEMENT_NB,1,hear,textual,complement_log_weight,6.196442561853962,0.1321650214191055,6.210439832064379,6.196442561853962,6.063281965913985,6.398971012530817,5,1.0,5,1.0,0.0,1.0,0,0.0
B_COMPLEMENT_NB,1,support,textual,complement_log_weight,6.195991768806097,0.1255510945083034,6.120727302857233,6.195991768806097,6.100838720622607,6.38393714341287,5,1.0,5,1.0,0.0,1.0,0,0.0
B_COMPLEMENT_NB,1,social,textual,complement_log_weight,6.195402797192722,0.09261889971479234,6.1444724467060485,6.195402797192722,6.113778302360891,6.318937020549855,5,1.0,5,1.0,0.0,1.0,0,0.0
B_COMPLEMENT_NB,1,moving,textual,complement_log_weight,6.189615041522044,0.19823396327098639,6.173680219208856,6.189615041522044,5.966387814433701,6.4064488040414975,5,1.0,5,1.0,0.0,1.0,0,0.0
B_COMPLEMENT_NB,1,make sure,textual,complement_log_weight,6.1769758050344254,0.1639862289549518,6.185681473797029,6.1769758050344254,5.9811236030360275,6.4136886216916755,5,1.0,5,1.0,0.0,1.0,0,0.0
B_COMPLEMENT_NB,1,trouble,textual,complement_log_weight,6.173107488839344,0.30983490534364005,6.08532224170876,6.173107488839344,5.945612870497714,6.709394869171609,5,1.0,5,1.0,0.0,1.0,0,0.0
B_COMPLEMENT_NB,1,impulsive,textual,complement_log_weight,6.166148157707901,0.11020667928304147,6.15950300783272,6.166148157707901,6.0653338558351475,6.345557340518015,5,1.0,5,1.0,0.0,1.0,0,0.0
B_COMPLEMENT_NB,1,sep adhd,textual,complement_log_weight,6.155592877139465,0.23593506555372437,6.0242879492105175,6.155592877139465,5.953077459047192,6.4925465505807,5,1.0,5,1.0,0.0,1.0,0,0.0
B_COMPLEMENT_NB,1,saying,textual,complement_log_weight,6.148986671285314,0.14845511585977914,6.160193001547863,6.148986671285314,5.981419598807595,6.319582687138172,5,1.0,5,1.0,0.0,1.0,0,0.0
B_COMPLEMENT_NB,1,having,textual,complement_log_weight,6.1467660517019,0.15182207456595911,6.132124749927875,6.1467660517019,5.95464095975444,6.346331997050214,5,1.0,5,1.0,0.0,1.0,0,0.0
B_COMPLEMENT_NB,1,second,textual,complement_log_weight,6.132082748685528,0.1666825179766668,6.096786179398802,6.132082748685528,5.93862995941981,6.396384668576922,5,1.0,5,1.0,0.0,1.0,0,0.0
B_COMPLEMENT_NB,1,things like,textual,complement_log_weight,6.122283577151315,0.2432311217633569,5.982268508231217,6.122283577151315,5.9405618014525094,6.503651040910568,5,1.0,5,1.0,0.0,1.0,0,0.0
B_COMPLEMENT_NB,1,therapy,textual,complement_log_weight,6.116011863052579,0.16563869322996955,6.135407292120243,6.116011863052579,5.939210942823641,6.322999170939809,5,1.0,5,1.0,0.0,1.0,0,0.0
B_COMPLEMENT_NB,1,adults,textual,complement_log_weight,6.115862192547439,0.2469301566984539,5.963492030838268,6.115862192547439,5.910932202060879,6.4345028982758885,5,1.0,5,1.0,0.0,1.0,0,0.0
B_COMPLEMENT_NB,1,difficulty,textual,complement_log_weight,6.102942903849732,0.11424354467874817,6.076049970404608,6.102942903849732,5.965078784340393,6.245165306302034,5,1.0,5,1.0,0.0,1.0,0,0.0
B_COMPLEMENT_NB,1,executive,textual,complement_log_weight,6.102883480799849,0.2510474481903288,5.990064813967672,6.102883480799849,5.94027825488595,6.541684531596739,5,1.0,5,1.0,0.0,1.0,0,0.0
B_COMPLEMENT_NB,1,taking,textual,complement_log_weight,6.095028943420084,0.16160722580190293,6.038414755671708,6.095028943420084,5.897452650555613,6.321113627382624,5,1.0,5,1.0,0.0,1.0,0,0.0
B_COMPLEMENT_NB,1,eating,textual,complement_log_weight,6.09249439045397,0.20268955643451755,6.0168910455408335,6.09249439045397,5.964732396660549,6.446757625400789,5,1.0,5,1.0,0.0,1.0,0,0.0
B_COMPLEMENT_NB,1,medications,textual,complement_log_weight,6.087330024221431,0.2599353076422607,5.984734076241237,6.087330024221431,5.888980802725552,6.534785808506618,5,1.0,5,1.0,0.0,1.0,0,0.0
B_COMPLEMENT_NB,1,end,textual,complement_log_weight,6.084441116575377,0.10662646473965887,6.078606175990779,6.084441116575377,5.931330033314756,6.2196038205028055,5,1.0,5,1.0,0.0,1.0,0,0.0
B_COMPLEMENT_NB,1,information,textual,complement_log_weight,6.082235010417568,0.13538499506547358,6.048016063457759,6.082235010417568,5.95969065894741,6.265078686387503,5,1.0,5,1.0,0.0,1.0,0,0.0
B_COMPLEMENT_NB,1,feel like,textual,complement_log_weight,6.0819281143122685,0.13003649624956895,6.033878906576705,6.0819281143122685,5.968377809986752,6.272012754412289,5,1.0,5,1.0,0.0,1.0,0,0.0
B_COMPLEMENT_NB,1,school,textual,complement_log_weight,6.067195886028387,0.10471556853252098,6.067837300114417,6.067195886028387,5.95135117639163,6.230689454001865,5,1.0,5,1.0,0.0,1.0,0,0.0
B_COMPLEMENT_NB,1,fact,textual,complement_log_weight,6.06536758797863,0.10481053457872258,6.08637433198241,6.06536758797863,5.914007230731612,6.18725151877248,5,1.0,5,1.0,0.0,1.0,0,0.0
B_COMPLEMENT_NB,1,inattentive,textual,complement_log_weight,6.060135932775116,0.1059835609890073,6.063032629969485,6.060135932775116,5.911958165274706,6.203359712083001,5,1.0,5,1.0,0.0,1.0,0,0.0
B_COMPLEMENT_NB,1,oh,textual,complement_log_weight,6.054141794629226,0.16196194821162752,6.023283872266797,6.054141794629226,5.877020433313357,6.3032024614706454,5,1.0,5,1.0,0.0,1.0,0,0.0
B_COMPLEMENT_NB,1,adhd adhd,textual,complement_log_weight,6.046588197922718,0.09112913637498916,6.031686119438657,6.046588197922718,5.912517369233612,6.153877130992769,5,1.0,5,1.0,0.0,1.0,0,0.0
B_COMPLEMENT_NB,1,did,textual,complement_log_weight,6.045513984804417,0.19516214973066903,5.9336141393853294,6.045513984804417,5.85936791668644,6.258921798938326,5,1.0,5,1.0,0.0,1.0,0,0.0
B_COMPLEMENT_NB,1,making,textual,complement_log_weight,6.043474018932478,0.06723232717298125,6.020704291986892,6.043474018932478,5.98113629101636,6.146338975748978,5,1.0,5,1.0,0.0,1.0,0,0.0
B_COMPLEMENT_NB,1,emotions,textual,complement_log_weight,6.033846321564484,0.11897270761732304,6.023615458217585,6.033846321564484,5.857970377233025,6.160647836719115,5,1.0,5,1.0,0.0,1.0,0,0.0
B_COMPLEMENT_NB,1,difference,textual,complement_log_weight,6.028092088110917,0.18658200671339842,5.972699171097714,6.028092088110917,5.851374008682906,6.3269898002095495,5,1.0,5,1.0,0.0,1.0,0,0.0
B_COMPLEMENT_NB,1,distracted,textual,complement_log_weight,6.014509742049414,0.14873543227520772,5.9600409251694675,6.014509742049414,5.853187147245033,6.239736707442283,5,1.0,5,1.0,0.0,1.0,0,0.0
B_COMPLEMENT_NB,1,music,textual,complement_log_weight,6.011591713441243,0.13029208782270255,5.969048726630037,6.011591713441243,5.863796998402197,6.163204990195338,5,1.0,5,1.0,0.0,1.0,0,0.0
B_COMPLEMENT_NB,1,seen,textual,complement_log_weight,6.002567812386315,0.20121368673715131,5.9990071135662495,6.002567812386315,5.811007101370435,6.30800491290062,5,1.0,5,1.0,0.0,1.0,0,0.0
B_COMPLEMENT_NB,1,trying,textual,complement_log_weight,6.002403258970343,0.16784771032671544,5.927175469888408,6.002403258970343,5.835278011704614,6.2518122407233605,5,1.0,5,1.0,0.0,1.0,0,0.0
B_COMPLEMENT_NB,1,constantly,textual,complement_log_weight,5.985666952239819,0.0685650210974964,5.984999824089516,5.985666952239819,5.887634385779085,6.078406257364255,5,1.0,5,1.0,0.0,1.0,0,0.0
B_COMPLEMENT_NB,1,kind,textual,complement_log_weight,5.974642353262499,0.12713019856488225,6.015727641188852,5.974642353262499,5.834979639585939,6.136753184826629,5,1.0,5,1.0,0.0,1.0,0,0.0
B_COMPLEMENT_NB,1,wait,textual,complement_log_weight,5.972436940328477,0.06276590338902925,5.959984135579948,5.972436940328477,5.886827983833345,6.050724074508235,5,1.0,5,1.0,0.0,1.0,0,0.0
B_COMPLEMENT_NB,1,behavior,textual,complement_log_weight,5.971538113100237,0.10223720703022887,5.986417641596155,5.971538113100237,5.864998358422834,6.076582337187792,5,1.0,5,1.0,0.0,1.0,0,0.0
B_COMPLEMENT_NB,1,brains,textual,complement_log_weight,5.966230339013175,0.17645688579189953,5.896019172605291,5.966230339013175,5.837453735443884,6.27096554492485,5,1.0,5,1.0,0.0,1.0,0,0.0
B_COMPLEMENT_NB,1,home,textual,complement_log_weight,5.964338295707392,0.0635890369761018,5.973247993847749,5.964338295707392,5.902374035475789,6.060517896898096,5,1.0,5,1.0,0.0,1.0,0,0.0
B_COMPLEMENT_NB,1,feeling,textual,complement_log_weight,5.9642509857964185,0.09655989987386186,5.938020342842408,5.9642509857964185,5.8531204181687855,6.081251004994346,5,1.0,5,1.0,0.0,1.0,0,0.0
B_COMPLEMENT_NB,1,sure,textual,complement_log_weight,5.963276164779047,0.09796918161106953,6.007378767038735,5.963276164779047,5.8186914120911055,6.049578006500727,5,1.0,5,1.0,0.0,1.0,0,0.0
B_COMPLEMENT_NB,1,isn,textual,complement_log_weight,5.955406569331894,0.07425743333425863,5.969662514733743,5.955406569331894,5.862231585338748,6.044046748750552,5,1.0,5,1.0,0.0,1.0,0,0.0
B_COMPLEMENT_NB,1,control,textual,complement_log_weight,5.949836168824696,0.055848922444475764,5.9696526023192735,5.949836168824696,5.865816459477779,6.000269478415534,5,1.0,5,1.0,0.0,1.0,0,0.0
B_COMPLEMENT_NB,1,example,textual,complement_log_weight,5.948750031330094,0.10289699280942384,5.958857090444923,5.948750031330094,5.821946221899392,6.098059887088546,5,1.0,5,1.0,0.0,1.0,0,0.0
B_COMPLEMENT_NB,1,treatment,textual,complement_log_weight,5.9484748843769895,0.08473573832278526,5.953772713153313,5.9484748843769895,5.832021120775348,6.052663343509612,5,1.0,5,1.0,0.0,1.0,0,0.0
B_COMPLEMENT_NB,1,autism,textual,complement_log_weight,5.947941442333798,0.12003082679733368,5.950238888091074,5.947941442333798,5.8136158874060255,6.086418631497331,5,1.0,5,1.0,0.0,1.0,0,0.0
B_COMPLEMENT_NB,1,stop,textual,complement_log_weight,5.942776695704452,0.11724340376884824,5.901876688938979,5.942776695704452,5.8294149546257135,6.13964886094407,5,1.0,5,1.0,0.0,1.0,0,0.0
B_COMPLEMENT_NB,1,instead,textual,complement_log_weight,5.942423940927476,0.22365475227434828,5.854940005431824,5.942423940927476,5.810519345277814,6.3370912621617235,5,1.0,5,1.0,0.0,1.0,0,0.0
B_COMPLEMENT_NB,1,care,textual,complement_log_weight,5.940733966691498,0.08568909742947996,5.943044122008776,5.940733966691498,5.8366860795663165,6.071465154427395,5,1.0,5,1.0,0.0,1.0,0,0.0
B_COMPLEMENT_NB,1,anxiety,textual,complement_log_weight,5.937518010597543,0.09080030787814483,5.9432344661115035,5.937518010597543,5.79922499920568,6.052723977123193,5,1.0,5,1.0,0.0,1.0,0,0.0
B_COMPLEMENT_NB,1,comes,textual,complement_log_weight,5.923196840813904,0.09513722605312984,5.908946635330621,5.923196840813904,5.828807580533844,6.050999920292106,5,1.0,5,1.0,0.0,1.0,0,0.0
B_COMPLEMENT_NB,1,treat,textual,complement_log_weight,5.909839188621523,0.12190723677727604,5.877728403646805,5.909839188621523,5.771271809728415,6.039115713811124,5,1.0,5,1.0,0.0,1.0,0,0.0
B_COMPLEMENT_NB,1,understand,textual,complement_log_weight,5.906948920467956,0.14139066129362093,5.8434146074730675,5.906948920467956,5.750513651546428,6.074471330085427,5,1.0,5,1.0,0.0,1.0,0,0.0
B_COMPLEMENT_NB,1,big,textual,complement_log_weight,5.901025013947622,0.08662380137310269,5.908455972399651,5.901025013947622,5.800179731283615,5.993607830265482,5,1.0,5,1.0,0.0,1.0,0,0.0
B_COMPLEMENT_NB,1,usually,textual,complement_log_weight,5.900718364761432,0.11023416649102358,5.896052023232703,5.900718364761432,5.789886871698269,6.081254807048517,5,1.0,5,1.0,0.0,1.0,0,0.0
B_COMPLEMENT_NB,1,doing,textual,complement_log_weight,5.9000290213010445,0.12360450833552919,5.869982784483895,5.9000290213010445,5.7635366907122,6.080530447919623,5,1.0,5,1.0,0.0,1.0,0,0.0
B_COMPLEMENT_NB,1,yeah,textual,complement_log_weight,5.896926109000511,0.18892201282805057,5.833691586992896,5.896926109000511,5.752790754238408,6.222706020902006,5,1.0,5,1.0,0.0,1.0,0,0.0
B_COMPLEMENT_NB,1,life,textual,complement_log_weight,5.892689286555207,0.14741088401718216,5.879083751513267,5.892689286555207,5.761068813634858,6.12227448799159,5,1.0,5,1.0,0.0,1.0,0,0.0
B_COMPLEMENT_NB,1,thinking,textual,complement_log_weight,5.882562688157433,0.07022851056664994,5.872967534022973,5.882562688157433,5.813474480201779,5.9972741480334335,5,1.0,5,1.0,0.0,1.0,0,0.0
B_COMPLEMENT_NB,1,sense,textual,complement_log_weight,5.879321866626423,0.12231217713510707,5.864118644992342,5.879321866626423,5.728421843215883,6.035261993017353,5,1.0,5,1.0,0.0,1.0,0,0.0
B_COMPLEMENT_NB,1,helps,textual,complement_log_weight,5.875342360268017,0.0799027455616613,5.908499067148954,5.875342360268017,5.772786216965936,5.949682351453605,5,1.0,5,1.0,0.0,1.0,0,0.0
B_COMPLEMENT_NB,1,emotional,textual,complement_log_weight,5.86737329745083,0.13251171124532768,5.835053874238415,5.86737329745083,5.73981873434904,6.074899360581315,5,1.0,5,1.0,0.0,1.0,0,0.0
B_COMPLEMENT_NB,1,adhd brain,textual,complement_log_weight,5.857414729892186,0.07595019076539594,5.871527361236741,5.857414729892186,5.7657520403451405,5.9610332447570125,5,1.0,5,1.0,0.0,1.0,0,0.0
B_COMPLEMENT_NB,1,talking,textual,complement_log_weight,5.8547495154297735,0.08250658034534797,5.8502302324763935,5.8547495154297735,5.738427024925266,5.9704006453500815,5,1.0,5,1.0,0.0,1.0,0,0.0
B_COMPLEMENT_NB,1,strategies,textual,complement_log_weight,5.853089381682486,0.10229299340846183,5.857534197790095,5.853089381682486,5.73467522577347,6.011941724274413,5,1.0,5,1.0,0.0,1.0,0,0.0
B_COMPLEMENT_NB,1,deficit,textual,complement_log_weight,5.8512232525915335,0.12089054219464108,5.851245926336389,5.8512232525915335,5.70426467761324,5.994291499901146,5,1.0,5,1.0,0.0,1.0,0,0.0
B_COMPLEMENT_NB,1,long,textual,complement_log_weight,5.846110767860472,0.17164878104983744,5.810186346254708,5.846110767860472,5.679690621451746,6.103965112029965,5,1.0,5,1.0,0.0,1.0,0,0.0
B_COMPLEMENT_NB,1,means,textual,complement_log_weight,5.843763131906587,0.03287296839298747,5.85788174734686,5.843763131906587,5.801926021151029,5.878996337919359,5,1.0,5,1.0,0.0,1.0,0,0.0
B_COMPLEMENT_NB,1,everybody,textual,complement_log_weight,5.840280143321254,0.06987112013628022,5.865867138124077,5.840280143321254,5.717815983199019,5.890312034238812,5,1.0,5,1.0,0.0,1.0,0,0.0
B_COMPLEMENT_NB,1,probably,textual,complement_log_weight,5.837746028825212,0.10621836633620384,5.801087933962464,5.837746028825212,5.720200886183132,5.9984582964749595,5,1.0,5,1.0,0.0,1.0,0,0.0
B_COMPLEMENT_NB,1,ways,textual,complement_log_weight,5.820850718180289,0.1438657525898303,5.818870422590115,5.820850718180289,5.693706978511424,6.043593287199382,5,1.0,5,1.0,0.0,1.0,0,0.0
B_COMPLEMENT_NB,1,video,textual,complement_log_weight,5.814720972430574,0.2006406108673841,5.7280158327606685,5.814720972430574,5.620428986714212,6.129948715782409,5,1.0,5,1.0,0.0,1.0,0,0.0
B_COMPLEMENT_NB,1,kids,textual,complement_log_weight,5.806181109921799,0.10787596718717878,5.772787638712714,5.806181109921799,5.69727543260502,5.966674735728374,5,1.0,5,1.0,0.0,1.0,0,0.0
B_COMPLEMENT_NB,1,diagnosis,textual,complement_log_weight,5.8006256652191865,0.195362343590851,5.744316424126653,5.8006256652191865,5.65453380148791,6.143292574660161,5,1.0,5,1.0,0.0,1.0,0,0.0
B_COMPLEMENT_NB,1,signs adhd,textual,complement_log_weight,5.793087372236017,0.15358043903334292,5.765166384957836,5.793087372236017,5.612878053383053,6.036592538989545,5,1.0,5,1.0,0.0,1.0,0,0.0
B_COMPLEMENT_NB,1,study,textual,complement_log_weight,5.78876194274285,0.3045655048781405,5.656750378459584,5.78876194274285,5.585021949834494,6.32109407651146,5,1.0,5,1.0,0.0,1.0,0,0.0
B_COMPLEMENT_NB,1,struggle,textual,complement_log_weight,5.788260430297212,0.12150144295936695,5.777698879300135,5.788260430297212,5.6437418863587245,5.980538667627713,5,1.0,5,1.0,0.0,1.0,0,0.0
B_COMPLEMENT_NB,1,sit,textual,complement_log_weight,5.785202422855016,0.10499388968894531,5.802064499010045,5.785202422855016,5.651930089065505,5.921224699446968,5,1.0,5,1.0,0.0,1.0,0,0.0
B_COMPLEMENT_NB,1,happens,textual,complement_log_weight,5.784211481520302,0.10245765897397278,5.744936264567614,5.784211481520302,5.672730910837307,5.905696535942441,5,1.0,5,1.0,0.0,1.0,0,0.0
B_COMPLEMENT_NB,1,forget,textual,complement_log_weight,5.778424847199276,0.1506345312535424,5.73612451557383,5.778424847199276,5.637264118841454,6.035797922667726,5,1.0,5,1.0,0.0,1.0,0,0.0
B_COMPLEMENT_NB,1,body,textual,complement_log_weight,5.774558150275416,0.06915122467943487,5.804774515451469,5.774558150275416,5.683848871201019,5.844276721530949,5,1.0,5,1.0,0.0,1.0,0,0.0
B_COMPLEMENT_NB,1,try,textual,complement_log_weight,5.774068490010476,0.10992718194920115,5.762939087591433,5.774068490010476,5.665201608265537,5.955412821958911,5,1.0,5,1.0,0.0,1.0,0,0.0
B_COMPLEMENT_NB,1,hard,textual,complement_log_weight,5.773977064117747,0.25189959037148624,5.674674719138458,5.773977064117747,5.62523381954751,6.220434999996921,5,1.0,5,1.0,0.0,1.0,0,0.0
B_COMPLEMENT_NB,1,better,textual,complement_log_weight,5.773804344479445,0.140853023690734,5.722872378849449,5.773804344479445,5.635274138104682,5.944938865970446,5,1.0,5,1.0,0.0,1.0,0,0.0
B_COMPLEMENT_NB,1,dr,textual,complement_log_weight,5.772963524543956,0.06978144884039077,5.760367340822012,5.772963524543956,5.700245271339632,5.85374213525417,5,1.0,5,1.0,0.0,1.0,0,0.0
B_COMPLEMENT_NB,1,tell,textual,complement_log_weight,5.760154932997785,0.12448891401845051,5.725779256579444,5.760154932997785,5.630393669725376,5.962606279599591,5,1.0,5,1.0,0.0,1.0,0,0.0
B_COMPLEMENT_NB,1,patients,textual,complement_log_weight,5.754980360699642,0.16247288429270823,5.691729598337665,5.754980360699642,5.596808220322793,6.007714616469136,5,1.0,5,1.0,0.0,1.0,0,0.0
B_COMPLEMENT_NB,1,okay,textual,complement_log_weight,5.749485257217019,0.07897344921251964,5.763162369153581,5.749485257217019,5.625537956545501,5.836367417819964,5,1.0,5,1.0,0.0,1.0,0,0.0
B_COMPLEMENT_NB,1,little,textual,complement_log_weight,5.742717869731067,0.051845535936970576,5.773239825901595,5.742717869731067,5.677178634444194,5.787278664640227,5,1.0,5,1.0,0.0,1.0,0,0.0
B_COMPLEMENT_NB,1,issues,textual,complement_log_weight,5.732297201313072,0.14330380304770357,5.684004716766162,5.732297201313072,5.619556623174259,5.977473662984895,5,1.0,5,1.0,0.0,1.0,0,0.0
B_COMPLEMENT_NB,1,sensitivity,textual,complement_log_weight,5.728022434158495,0.23272302948937304,5.585359733278911,5.728022434158495,5.5585069037637265,6.085298231475519,5,1.0,5,1.0,0.0,1.0,0,0.0
B_COMPLEMENT_NB,1,adhd symptoms,textual,complement_log_weight,5.725654594774848,0.16665560784145356,5.618356119549238,5.725654594774848,5.592580942778741,5.929037442233552,5,1.0,5,1.0,0.0,1.0,0,0.0
B_COMPLEMENT_NB,1,mean,textual,complement_log_weight,5.724784022454488,0.03862401920235174,5.7168595464631,5.724784022454488,5.685105405079065,5.783945528472415,5,1.0,5,1.0,0.0,1.0,0,0.0
B_COMPLEMENT_NB,1,increase,textual,complement_log_weight,5.724517945652847,0.11188231512595276,5.716179825836261,5.724517945652847,5.58222764010405,5.863179371586242,5,1.0,5,1.0,0.0,1.0,0,0.0
B_COMPLEMENT_NB,1,effects,textual,complement_log_weight,5.723885798311177,0.3302037484056908,5.6337421668205385,5.723885798311177,5.467086344386649,6.299284846902385,5,1.0,5,1.0,0.0,1.0,0,0.0
B_COMPLEMENT_NB,1,bit,textual,complement_log_weight,5.721076347958527,0.12996962069688175,5.6542902165448075,5.721076347958527,5.588683152319146,5.865008017153911,5,1.0,5,1.0,0.0,1.0,0,0.0
B_COMPLEMENT_NB,1,talk,textual,complement_log_weight,5.720293786384335,0.07876414622883915,5.7102798297789805,5.720293786384335,5.64679203312729,5.850405899698995,5,1.0,5,1.0,0.0,1.0,0,0.0
B_COMPLEMENT_NB,1,doctor,textual,complement_log_weight,5.712365087292373,0.07956976934618334,5.727183743075175,5.712365087292373,5.5934324847676935,5.804036103576458,5,1.0,5,1.0,0.0,1.0,0,0.0
B_COMPLEMENT_NB,1,high,textual,complement_log_weight,5.697899261304929,0.07449409176303941,5.701484800932341,5.697899261304929,5.618928304251126,5.81011822417917,5,1.0,5,1.0,0.0,1.0,0,0.0
B_COMPLEMENT_NB,1,motivation,textual,complement_log_weight,5.689931909226472,0.08214960172359399,5.725588782389263,5.689931909226472,5.575113853148306,5.769794709881885,5,1.0,5,1.0,0.0,1.0,0,0.0
B_COMPLEMENT_NB,1,does,textual,complement_log_weight,5.685478014089869,0.033421601960309515,5.685230032562718,5.685478014089869,5.648421237851394,5.734734336818489,5,1.0,5,1.0,0.0,1.0,0,0.0
B_COMPLEMENT_NB,1,children,textual,complement_log_weight,5.682186484806891,0.05532104535595838,5.670082740042885,5.682186484806891,5.6300937989675,5.775481408191932,5,1.0,5,1.0,0.0,1.0,0,0.0
B_COMPLEMENT_NB,1,let,textual,complement_log_weight,5.679413149280295,0.07651405513454458,5.657782740985535,5.679413149280295,5.598103134669316,5.800279363439143,5,1.0,5,1.0,0.0,1.0,0,0.0
B_COMPLEMENT_NB,1,got,textual,complement_log_weight,5.673598278630752,0.10997942919930405,5.65063080854782,5.673598278630752,5.56344263834893,5.85728854852741,5,1.0,5,1.0,0.0,1.0,0,0.0
B_COMPLEMENT_NB,1,able,textual,complement_log_weight,5.6682984418947315,0.10581132972772121,5.695394398840263,5.6682984418947315,5.484551881396262,5.748971658420126,5,1.0,5,1.0,0.0,1.0,0,0.0
B_COMPLEMENT_NB,1,self,textual,complement_log_weight,5.657909143721766,0.06973207676258951,5.671610631193157,5.657909143721766,5.54263724771742,5.72518794675307,5,1.0,5,1.0,0.0,1.0,0,0.0
B_COMPLEMENT_NB,1,look,textual,complement_log_weight,5.657620165446573,0.13934865647092426,5.60430495050513,5.657620165446573,5.494224171372744,5.843900352343393,5,1.0,5,1.0,0.0,1.0,0,0.0
B_COMPLEMENT_NB,1,tend,textual,complement_log_weight,5.653030509085371,0.1002008447838928,5.626038449598765,5.653030509085371,5.555437230679648,5.7599337325173785,5,1.0,5,1.0,0.0,1.0,0,0.0
B_COMPLEMENT_NB,1,say,textual,complement_log_weight,5.6491974647771155,0.08167397704568453,5.687013107529346,5.6491974647771155,5.552350001799012,5.737680274496188,5,1.0,5,1.0,0.0,1.0,0,0.0
B_COMPLEMENT_NB,1,important,textual,complement_log_weight,5.6431670312178595,0.16178222421253954,5.607126114858037,5.6431670312178595,5.485121514582583,5.916550050246773,5,1.0,5,1.0,0.0,1.0,0,0.0
B_COMPLEMENT_NB,1,task,textual,complement_log_weight,5.642460304315679,0.08221572966213375,5.617568773027011,5.642460304315679,5.538232653015111,5.74280457444996,5,1.0,5,1.0,0.0,1.0,0,0.0
B_COMPLEMENT_NB,1,stimulant,textual,complement_log_weight,5.634640421254523,0.13733767528571816,5.631732140445504,5.634640421254523,5.470815304513094,5.777843993749011,5,1.0,5,1.0,0.0,1.0,0,0.0
B_COMPLEMENT_NB,1,signs,textual,complement_log_weight,5.627936973659635,0.13625176240174888,5.632059609656935,5.627936973659635,5.414655525527752,5.7883861785783886,5,1.0,5,1.0,0.0,1.0,0,0.0
B_COMPLEMENT_NB,1,symptoms adhd,textual,complement_log_weight,5.616970298391034,0.0761214918250089,5.578704104736494,5.616970298391034,5.556454607812223,5.726469813707592,5,1.0,5,1.0,0.0,1.0,0,0.0
B_COMPLEMENT_NB,1,stimulants,textual,complement_log_weight,5.604605556649307,0.14386106915242478,5.530587946299206,5.604605556649307,5.503062812338557,5.845528597027264,5,1.0,5,1.0,0.0,1.0,0,0.0
B_COMPLEMENT_NB,1,sugar,textual,complement_log_weight,5.600798014877985,0.4398759998338666,5.449457293430692,5.600798014877985,5.279856506901975,6.375567703304923,5,1.0,5,1.0,0.0,1.0,0,0.0
B_COMPLEMENT_NB,1,start,textual,complement_log_weight,5.597622489124015,0.09429725981037212,5.598013407028719,5.597622489124015,5.467255378924389,5.731145108254754,5,1.0,5,1.0,0.0,1.0,0,0.0
B_COMPLEMENT_NB,1,getting,textual,complement_log_weight,5.5974955614906134,0.10877517910796475,5.621064208495984,5.5974955614906134,5.424597585879823,5.710946097828736,5,1.0,5,1.0,0.0,1.0,0,0.0
B_COMPLEMENT_NB,1,different,textual,complement_log_weight,5.588254502567469,0.11807776534371334,5.603416228964767,5.588254502567469,5.4382964410944865,5.72514690659049,5,1.0,5,1.0,0.0,1.0,0,0.0
B_COMPLEMENT_NB,1,rejection,textual,complement_log_weight,5.586425817213319,0.19842323959083658,5.465933823569601,5.586425817213319,5.415209038262045,5.814733360923109,5,1.0,5,1.0,0.0,1.0,0,0.0
B_COMPLEMENT_NB,1,food,textual,complement_log_weight,5.584589789766557,0.10231515012740987,5.566801768408254,5.584589789766557,5.460956687197748,5.706528008561693,5,1.0,5,1.0,0.0,1.0,0,0.0
B_COMPLEMENT_NB,1,remember,textual,complement_log_weight,5.580253514721652,0.10408237538481858,5.631427847012461,5.580253514721652,5.4108480631497144,5.668932712262524,5,1.0,5,1.0,0.0,1.0,0,0.0
B_COMPLEMENT_NB,1,diagnosed,textual,complement_log_weight,5.556221873541977,0.08276622860939929,5.554108348358199,5.556221873541977,5.465056676837174,5.680110409340258,5,1.0,5,1.0,0.0,1.0,0,0.0
B_COMPLEMENT_NB,1,problem,textual,complement_log_weight,5.554640802768531,0.048591969484362826,5.571434077856929,5.554640802768531,5.493445792727628,5.609745224179421,5,1.0,5,1.0,0.0,1.0,0,0.0
B_COMPLEMENT_NB,1,disorder,textual,complement_log_weight,5.54810690410158,0.1058068378489127,5.53809184321682,5.54810690410158,5.427164390941181,5.714655078138163,5,1.0,5,1.0,0.0,1.0,0,0.0
B_COMPLEMENT_NB,1,women,textual,complement_log_weight,5.547371966472544,0.14718747624280498,5.56710581213953,5.547371966472544,5.352250776714475,5.757172214331673,5,1.0,5,1.0,0.0,1.0,0,0.0
B_COMPLEMENT_NB,1,real,textual,complement_log_weight,5.524948765992515,0.05662617686298485,5.553380325931094,5.524948765992515,5.427466406982809,5.561507767557254,5,1.0,5,1.0,0.0,1.0,0,0.0
B_COMPLEMENT_NB,1,um,textual,complement_log_weight,5.516101003208723,0.11488987936082136,5.45298421422569,5.516101003208723,5.4186170105974885,5.659380025123618,5,1.0,5,1.0,0.0,1.0,0,0.0
B_COMPLEMENT_NB,1,10,textual,complement_log_weight,5.490103121621881,0.09728225968249213,5.473482821615336,5.490103121621881,5.384438840912504,5.650356765254569,5,1.0,5,1.0,0.0,1.0,0,0.0
B_COMPLEMENT_NB,1,hyperactivity,textual,complement_log_weight,5.482140468098978,0.11087353102673729,5.499933339654055,5.482140468098978,5.345905534787905,5.612485689521356,5,1.0,5,1.0,0.0,1.0,0,0.0
B_COMPLEMENT_NB,1,depression,textual,complement_log_weight,5.479804377078208,0.08652978159264664,5.433433656233172,5.479804377078208,5.399979119129262,5.6048024504301575,5,1.0,5,1.0,0.0,1.0,0,0.0
B_COMPLEMENT_NB,1,day,textual,complement_log_weight,5.44091444557964,0.09885663719772045,5.4426728661384915,5.44091444557964,5.279848996769963,5.536681402028979,5,1.0,5,1.0,0.0,1.0,0,0.0
B_COMPLEMENT_NB,1,good,textual,complement_log_weight,5.433145151779543,0.1376952252766585,5.475486784138689,5.433145151779543,5.264571291080375,5.607376363900277,5,1.0,5,1.0,0.0,1.0,0,0.0
B_COMPLEMENT_NB,1,add,textual,complement_log_weight,5.431046724652846,0.18563540018828859,5.372179500657018,5.431046724652846,5.279254937481948,5.744853735178485,5,1.0,5,1.0,0.0,1.0,0,0.0
B_COMPLEMENT_NB,1,low,textual,complement_log_weight,5.427070874406546,0.142644476739591,5.393741273848966,5.427070874406546,5.244687318718642,5.62523647995737,5,1.0,5,1.0,0.0,1.0,0,0.0
B_COMPLEMENT_NB,1,sleep,textual,complement_log_weight,5.426212290876925,0.1708884556384128,5.4102703211629395,5.426212290876925,5.184656204642744,5.663741218423672,5,1.0,5,1.0,0.0,1.0,0,0.0
B_COMPLEMENT_NB,1,doesn,textual,complement_log_weight,5.42184756482776,0.041777759935680295,5.402922523545037,5.42184756482776,5.380571722451493,5.4697261895335805,5,1.0,5,1.0,0.0,1.0,0,0.0
B_COMPLEMENT_NB,1,focus,textual,complement_log_weight,5.409168662307449,0.12801460561460504,5.412930776628162,5.409168662307449,5.2320208222389395,5.56986312704567,5,1.0,5,1.0,0.0,1.0,0,0.0
B_COMPLEMENT_NB,1,adhd sep,textual,complement_log_weight,5.407378854003964,0.09761395405634514,5.424297421931568,5.407378854003964,5.2488479317254955,5.517020456720677,5,1.0,5,1.0,0.0,1.0,0,0.0
B_COMPLEMENT_NB,1,work,textual,complement_log_weight,5.404276861190297,0.07526583985843034,5.429061494457204,5.404276861190297,5.282935861731515,5.478621897021416,5,1.0,5,1.0,0.0,1.0,0,0.0
B_COMPLEMENT_NB,1,actually,textual,complement_log_weight,5.399666819699403,0.11600408825157407,5.372364438416131,5.399666819699403,5.297281498608447,5.59428817693605,5,1.0,5,1.0,0.0,1.0,0,0.0
B_COMPLEMENT_NB,1,need,textual,complement_log_weight,5.394286332312615,0.08971244173354229,5.371780012587265,5.394286332312615,5.302383616847074,5.529713262212913,5,1.0,5,1.0,0.0,1.0,0,0.0
B_COMPLEMENT_NB,1,think,textual,complement_log_weight,5.35823412039934,0.06242305888553517,5.395191662853352,5.35823412039934,5.280448648110257,5.415487840451835,5,1.0,5,1.0,0.0,1.0,0,0.0
B_COMPLEMENT_NB,1,diet,textual,complement_log_weight,5.352271914119042,0.1509009170988729,5.379855533485546,5.352271914119042,5.106224090021906,5.516899849840793,5,1.0,5,1.0,0.0,1.0,0,0.0
B_COMPLEMENT_NB,1,way,textual,complement_log_weight,5.3440419829936605,0.12384635775607061,5.424221215291416,5.3440419829936605,5.179071278846509,5.446136641026693,5,1.0,5,1.0,0.0,1.0,0,0.0
B_COMPLEMENT_NB,1,make,textual,complement_log_weight,5.3419106702056665,0.08221127711787166,5.333305232850529,5.3419106702056665,5.255794281876025,5.4314598573732855,5,1.0,5,1.0,0.0,1.0,0,0.0
B_COMPLEMENT_NB,1,feel,textual,complement_log_weight,5.333904675746987,0.101417596003986,5.327367289419166,5.333904675746987,5.2293008963553085,5.468042768416916,5,1.0,5,1.0,0.0,1.0,0,0.0
B_COMPLEMENT_NB,1,right,textual,complement_log_weight,5.330660096140029,0.07876850950957276,5.356790022949199,5.330660096140029,5.221001919836319,5.417170059832461,5,1.0,5,1.0,0.0,1.0,0,0.0
B_COMPLEMENT_NB,1,child,textual,complement_log_weight,5.311506761753361,0.10360893459329515,5.3709160046183975,5.311506761753361,5.17632870921354,5.396545563812611,5,1.0,5,1.0,0.0,1.0,0,0.0
B_COMPLEMENT_NB,1,attention,textual,complement_log_weight,5.302134855344777,0.15431869145264018,5.295163257146589,5.302134855344777,5.08516994191913,5.489601052599354,5,1.0,5,1.0,0.0,1.0,0,0.0
B_COMPLEMENT_NB,1,thing,textual,complement_log_weight,5.288814158119547,0.12080309285745953,5.32111145866459,5.288814158119547,5.08328144340087,5.376948583811818,5,1.0,5,1.0,0.0,1.0,0,0.0
B_COMPLEMENT_NB,1,ve,textual,complement_log_weight,5.287812429099151,0.19832453770252986,5.307620898517729,5.287812429099151,5.036403173319241,5.552669950167394,5,1.0,5,1.0,0.0,1.0,0,0.0
B_COMPLEMENT_NB,1,uh,textual,complement_log_weight,5.272944968292404,0.1165946216780007,5.225138380434763,5.272944968292404,5.185453371870777,5.46818216468421,5,1.0,5,1.0,0.0,1.0,0,0.0
B_COMPLEMENT_NB,1,use,textual,complement_log_weight,5.2576934639303765,0.09079003605287665,5.295392312211031,5.2576934639303765,5.100819015578412,5.32471996390063,5,1.0,5,1.0,0.0,1.0,0,0.0
B_COMPLEMENT_NB,1,person,textual,complement_log_weight,5.237762123062799,0.18092896372845357,5.257296554116758,5.237762123062799,4.980127008858898,5.450893352959587,5,1.0,5,1.0,0.0,1.0,0,0.0
B_COMPLEMENT_NB,1,lot,textual,complement_log_weight,5.237212720961771,0.11394268987383885,5.258529590896844,5.237212720961771,5.051304515799219,5.345248485166341,5,1.0,5,1.0,0.0,1.0,0,0.0
B_COMPLEMENT_NB,1,people adhd,textual,complement_log_weight,5.229248442021712,0.15347114706673096,5.265208036073509,5.229248442021712,5.017559658105644,5.4277804079458605,5,1.0,5,1.0,0.0,1.0,0,0.0
B_COMPLEMENT_NB,1,medication,textual,complement_log_weight,5.224237120398337,0.21898427282669475,5.162226873211286,5.224237120398337,4.968814077424548,5.553768962910459,5,1.0,5,1.0,0.0,1.0,0,0.0
B_COMPLEMENT_NB,1,want,textual,complement_log_weight,5.218818016024105,0.07059203300913945,5.246848545626597,5.218818016024105,5.104701859818626,5.284036581729218,5,1.0,5,1.0,0.0,1.0,0,0.0
B_COMPLEMENT_NB,1,going,textual,complement_log_weight,5.212294926766288,0.17141771247853455,5.299242495847936,5.212294926766288,5.008253704235083,5.380410824045469,5,1.0,5,1.0,0.0,1.0,0,0.0
B_COMPLEMENT_NB,1,really,textual,complement_log_weight,5.158444297869011,0.15820185466680153,5.189889965930698,5.158444297869011,4.956766767044291,5.347381116389264,5,1.0,5,1.0,0.0,1.0,0,0.0
B_COMPLEMENT_NB,1,help,textual,complement_log_weight,5.136937650980921,0.1648775180760007,5.15042411698883,5.136937650980921,4.966938164107718,5.323705198534727,5,1.0,5,1.0,0.0,1.0,0,0.0
B_COMPLEMENT_NB,1,know,textual,complement_log_weight,5.085906983837782,0.11354375798254583,5.119844816513123,5.085906983837782,4.948306632785423,5.222052109906019,5,1.0,5,1.0,0.0,1.0,0,0.0
B_COMPLEMENT_NB,1,ll,textual,complement_log_weight,5.083296707810997,0.17587058853230833,5.143758143138542,5.083296707810997,4.879297545258456,5.282646736361667,5,1.0,5,1.0,0.0,1.0,0,0.0
B_COMPLEMENT_NB,1,turn,textual,complement_log_weight,5.079396058100451,2.850970706896858,6.121168056228716,5.079396058100451,0.0,6.691173771321987,4,0.8,4,0.8,0.0,1.0,0,0.0
B_COMPLEMENT_NB,1,dopamine,textual,complement_log_weight,5.070807074779053,0.12568381782295648,5.047991908851087,5.070807074779053,4.894383822972906,5.195750834965166,5,1.0,5,1.0,0.0,1.0,0,0.0
B_COMPLEMENT_NB,1,activity,textual,complement_log_weight,5.058232421590713,2.8314799891260742,6.205031625614126,5.058232421590713,0.0,6.5205404330090335,4,0.8,4,0.8,0.0,1.0,0,0.0
B_COMPLEMENT_NB,1,sep,textual,complement_log_weight,5.052994361503453,0.10795886334786306,5.108983942080299,5.052994361503453,4.925265178349734,5.144733373245081,5,1.0,5,1.0,0.0,1.0,0,0.0
B_COMPLEMENT_NB,1,feelings,textual,complement_log_weight,5.052268976969304,2.832481195898908,6.120192119045443,5.052268976969304,0.0,6.616063839521681,4,0.8,4,0.8,0.0,1.0,0,0.0
B_COMPLEMENT_NB,1,overwhelmed,textual,complement_log_weight,4.99953085664604,2.7985318211816965,6.199505225396212,4.99953085664604,0.0,6.487173411882721,4,0.8,4,0.8,0.0,1.0,0,0.0
B_COMPLEMENT_NB,1,treated,textual,complement_log_weight,4.987327001108653,2.7914182346932517,6.150613429608585,4.987327001108653,0.0,6.462278894040851,4,0.8,4,0.8,0.0,1.0,0,0.0
B_COMPLEMENT_NB,1,symptoms,textual,complement_log_weight,4.975897354872959,0.19757371767291843,4.965318223349868,4.975897354872959,4.7530305849622225,5.263431232665586,5,1.0,5,1.0,0.0,1.0,0,0.0
B_COMPLEMENT_NB,1,adhd just,textual,complement_log_weight,4.959355452618708,2.7776221214203307,6.124515419744036,4.959355452618708,0.0,6.4512119738687375,4,0.8,4,0.8,0.0,1.0,0,0.0
B_COMPLEMENT_NB,1,makes,textual,complement_log_weight,4.951793602978005,2.772089855347759,6.105086005924483,4.951793602978005,0.0,6.441620885789972,4,0.8,4,0.8,0.0,1.0,0,0.0
B_COMPLEMENT_NB,1,looking,textual,complement_log_weight,4.935025694545726,2.761190495716751,6.0862735907126435,4.935025694545726,0.0,6.359750018396991,4,0.8,4,0.8,0.0,1.0,0,0.0
B_COMPLEMENT_NB,1,options,textual,complement_log_weight,4.933791893711232,2.763490096232882,6.031610476757479,4.933791893711232,0.0,6.4545469916001625,4,0.8,4,0.8,0.0,1.0,0,0.0
B_COMPLEMENT_NB,1,higher,textual,complement_log_weight,4.92495094225247,2.7547774329851875,6.14323070046437,4.92495094225247,0.0,6.255479460508219,4,0.8,4,0.8,0.0,1.0,0,0.0
B_COMPLEMENT_NB,1,sensory,textual,complement_log_weight,4.923780360258595,2.7544112684631292,6.085121109284697,4.923780360258595,0.0,6.260436679341109,4,0.8,4,0.8,0.0,1.0,0,0.0
B_COMPLEMENT_NB,1,adhd real,textual,complement_log_weight,4.922273783559139,2.7631682328644604,5.966171716057725,4.922273783559139,0.0,6.566465307152212,4,0.8,4,0.8,0.0,1.0,0,0.0
B_COMPLEMENT_NB,1,time,textual,complement_log_weight,4.921969336506952,0.11194742546404939,4.938914192327964,4.921969336506952,4.737429260395255,5.030741342565244,5,1.0,5,1.0,0.0,1.0,0,0.0
B_COMPLEMENT_NB,1,highly,textual,complement_log_weight,4.908107794731395,2.7451086998765115,6.090901839738647,4.908107794731395,0.0,6.259650106640622,4,0.8,4,0.8,0.0,1.0,0,0.0
B_COMPLEMENT_NB,1,times,textual,complement_log_weight,4.906527651449544,2.747386997089145,6.0406997685168875,4.906527651449544,0.0,6.401177962685915,4,0.8,4,0.8,0.0,1.0,0,0.0
B_COMPLEMENT_NB,1,affects,textual,complement_log_weight,4.897718463015311,2.7399210811452885,6.087183263212609,4.897718463015311,0.0,6.268213767851071,4,0.8,4,0.8,0.0,1.0,0,0.0
B_COMPLEMENT_NB,1,explained,textual,complement_log_weight,4.893878575109079,2.7364818329475193,6.127284537566316,4.893878575109079,0.0,6.179678933565799,4,0.8,4,0.8,0.0,1.0,0,0.0
B_COMPLEMENT_NB,1,things,textual,complement_log_weight,4.889186860506124,0.13192508208236528,4.971630982958102,4.889186860506124,4.706332950156627,4.992955754740586,5,1.0,5,1.0,0.0,1.0,0,0.0
B_COMPLEMENT_NB,1,likely,textual,complement_log_weight,4.881095595118281,2.7436147654927043,5.9259389668308105,4.881095595118281,0.0,6.594440642340267,4,0.8,4,0.8,0.0,1.0,0,0.0
B_COMPLEMENT_NB,1,just,textual,complement_log_weight,4.86938940295556,0.13272783679369876,4.8853132333319635,4.86938940295556,4.702750077649899,4.997442814845196,5,1.0,5,1.0,0.0,1.0,0,0.0
B_COMPLEMENT_NB,1,इपर,textual,complement_log_weight,4.8524192961599395,2.7194492777271684,5.920261709081029,4.8524192961599395,0.0,6.390149369322996,4,0.8,4,0.8,0.0,1.0,0,0.0
B_COMPLEMENT_NB,1,world,textual,complement_log_weight,4.843218493080882,2.7119839343202448,5.937399619580781,4.843218493080882,0.0,6.292671586254744,4,0.8,4,0.8,0.0,1.0,0,0.0
B_COMPLEMENT_NB,1,unable,textual,complement_log_weight,4.843012328569367,2.7112027814609894,5.942078795827224,4.843012328569367,0.0,6.257277948232952,4,0.8,4,0.8,0.0,1.0,0,0.0
B_COMPLEMENT_NB,1,dysfunction,textual,complement_log_weight,4.842813920872549,2.7085934937398655,5.983675802591986,4.842813920872549,0.0,6.148955818434477,4,0.8,4,0.8,0.0,1.0,0,0.0
B_COMPLEMENT_NB,1,don,textual,complement_log_weight,4.8410150759632895,0.17245689601314942,4.883446762824958,4.8410150759632895,4.618403579960202,5.041570220516599,5,1.0,5,1.0,0.0,1.0,0,0.0
B_COMPLEMENT_NB,1,late,textual,complement_log_weight,4.839810308853367,2.7085115312867356,5.9796477349080845,4.839810308853367,0.0,6.217484610517891,4,0.8,4,0.8,0.0,1.0,0,0.0
B_COMPLEMENT_NB,1,mind,textual,complement_log_weight,4.8227420078019545,2.6974239430959845,5.956100378056099,4.8227420078019545,0.0,6.120668824558336,4,0.8,4,0.8,0.0,1.0,0,0.0
B_COMPLEMENT_NB,1,treating adhd,textual,complement_log_weight,4.816108327158732,2.693623041144557,5.992189278524401,4.816108327158732,0.0,6.152923560408746,4,0.8,4,0.8,0.0,1.0,0,0.0
B_COMPLEMENT_NB,1,lack,textual,complement_log_weight,4.7958651351205805,2.6821664867848214,5.975551393505859,4.7958651351205805,0.0,6.105297853503869,4,0.8,4,0.8,0.0,1.0,0,0.0
B_COMPLEMENT_NB,1,type,textual,complement_log_weight,4.794059618276448,2.6867038863088637,5.861861841986549,4.794059618276448,0.0,6.3125384033998655,4,0.8,4,0.8,0.0,1.0,0,0.0
B_COMPLEMENT_NB,1,number,textual,complement_log_weight,4.791737648088558,0.1785965847243429,4.891097046710712,4.791737648088558,4.535184663355731,4.941694456261296,5,1.0,5,1.0,0.0,1.0,0,0.0
B_COMPLEMENT_NB,1,lead,textual,complement_log_weight,4.791737060358133,2.6807603615376165,5.949353956259894,4.791737060358133,0.0,6.142566133850075,4,0.8,4,0.8,0.0,1.0,0,0.0
B_COMPLEMENT_NB,1,drugs,textual,complement_log_weight,4.783399351850685,2.67554235940153,5.937574789408585,4.783399351850685,0.0,6.085829861332122,4,0.8,4,0.8,0.0,1.0,0,0.0
B_COMPLEMENT_NB,1,kid,textual,complement_log_weight,4.780465385097288,2.672969014538322,5.935697275475419,4.780465385097288,0.0,6.063707408850732,4,0.8,4,0.8,0.0,1.0,0,0.0
B_COMPLEMENT_NB,1,psychiatrist,textual,complement_log_weight,4.775664877501472,2.6709265857828943,5.922109652250043,4.775664877501472,0.0,6.098283361152261,4,0.8,4,0.8,0.0,1.0,0,0.0
B_COMPLEMENT_NB,1,differently,textual,complement_log_weight,4.767208927501734,2.665920295474937,5.936597726109877,4.767208927501734,0.0,6.049622522505185,4,0.8,4,0.8,0.0,1.0,0,0.0
B_COMPLEMENT_NB,1,exercise,textual,complement_log_weight,4.757685037511246,2.659804753037783,5.924932318240963,4.757685037511246,0.0,5.997587995352165,4,0.8,4,0.8,0.0,1.0,0,0.0
B_COMPLEMENT_NB,1,term,textual,complement_log_weight,4.754682194104575,2.659681939935346,5.911316576385009,4.754682194104575,0.0,6.103181384260308,4,0.8,4,0.8,0.0,1.0,0,0.0
B_COMPLEMENT_NB,1,protein,textual,complement_log_weight,4.747857423096173,2.6560793102511115,5.85590072342164,4.747857423096173,0.0,6.103402173220357,4,0.8,4,0.8,0.0,1.0,0,0.0
B_COMPLEMENT_NB,1,एक,textual,complement_log_weight,4.7305353900393765,2.658752321877896,5.751505547276216,4.7305353900393765,0.0,6.390149369322996,4,0.8,4,0.8,0.0,1.0,0,0.0
B_COMPLEMENT_NB,1,bad,textual,complement_log_weight,4.7285234069832445,2.643728051665581,5.876045759487759,4.7285234069832445,0.0,5.986686896428399,4,0.8,4,0.8,0.0,1.0,0,0.0
B_COMPLEMENT_NB,1,treating,textual,complement_log_weight,4.722612251522614,2.6419453516767484,5.829353801990285,4.722612251522614,0.0,6.058489180589673,4,0.8,4,0.8,0.0,1.0,0,0.0
B_COMPLEMENT_NB,1,people,textual,complement_log_weight,4.716120288712939,0.20611332751670855,4.775079361308808,4.716120288712939,4.469816411393546,4.993055864642825,5,1.0,5,1.0,0.0,1.0,0,0.0
B_COMPLEMENT_NB,1,love,textual,complement_log_weight,4.714758497789921,2.635758625837829,5.880554221435278,4.714758497789921,0.0,5.933109961443058,4,0.8,4,0.8,0.0,1.0,0,0.0
B_COMPLEMENT_NB,1,playing,textual,complement_log_weight,4.702435088823959,2.629891740321987,5.823847556466987,4.702435088823959,0.0,6.010705222402566,4,0.8,4,0.8,0.0,1.0,0,0.0
B_COMPLEMENT_NB,1,relationships,textual,complement_log_weight,4.682662454000026,2.6182678857149133,5.851579799885162,4.682662454000026,0.0,5.90319814938945,4,0.8,4,0.8,0.0,1.0,0,0.0
B_COMPLEMENT_NB,1,years,textual,complement_log_weight,4.679389796727692,2.6165151676722997,5.842543064292285,4.679389796727692,0.0,5.925237779223701,4,0.8,4,0.8,0.0,1.0,0,0.0
B_COMPLEMENT_NB,1,energy,textual,complement_log_weight,4.673623687522591,2.6134830896544554,5.825885461147436,4.673623687522591,0.0,5.945489473702087,4,0.8,4,0.8,0.0,1.0,0,0.0
B_COMPLEMENT_NB,1,neurotypical,textual,complement_log_weight,4.666349044080926,2.6103899797335117,5.785168989093649,4.666349044080926,0.0,6.000052312871757,4,0.8,4,0.8,0.0,1.0,0,0.0
B_COMPLEMENT_NB,1,called,textual,complement_log_weight,4.636943835555,2.5921378135052193,5.791939279377839,4.636943835555,0.0,5.805756746129196,4,0.8,4,0.8,0.0,1.0,0,0.0
B_COMPLEMENT_NB,1,physical,textual,complement_log_weight,4.622533230739984,2.584389057398746,5.7516387634277955,4.622533230739984,0.0,5.842977687585582,4,0.8,4,0.8,0.0,1.0,0,0.0
B_COMPLEMENT_NB,1,brain,textual,complement_log_weight,4.618526206970952,0.158938463319835,4.703405670926989,4.618526206970952,4.364541262102969,4.738734782559918,5,1.0,5,1.0,0.0,1.0,0,0.0
B_COMPLEMENT_NB,1,pay,textual,complement_log_weight,4.588176958476781,2.5651426511146815,5.710555835727494,4.588176958476781,0.0,5.7827328660421315,4,0.8,4,0.8,0.0,1.0,0,0.0
B_COMPLEMENT_NB,1,adhd women,textual,complement_log_weight,4.577701893652491,2.5610252964090208,5.700443952623074,4.577701893652491,0.0,5.87250299120548,4,0.8,4,0.8,0.0,1.0,0,0.0
B_COMPLEMENT_NB,1,sensitive,textual,complement_log_weight,4.573457414673124,2.556732027684518,5.700878136609686,4.573457414673124,0.0,5.753351121096265,4,0.8,4,0.8,0.0,1.0,0,0.0
B_COMPLEMENT_NB,1,like,textual,complement_log_weight,4.487306336408407,0.18892302267895572,4.590650467615462,4.487306336408407,4.250597313950271,4.66799409706196,5,1.0,5,1.0,0.0,1.0,0,0.0
B_COMPLEMENT_NB,1,foods,textual,complement_log_weight,4.434018089608143,2.4796968435498012,5.5354361750797905,4.434018089608143,0.0,5.641706179642716,4,0.8,4,0.8,0.0,1.0,0,0.0
B_COMPLEMENT_NB,1,adhd,textual,complement_log_weight,3.8489775861551365,0.20065461547428873,3.9864893695753523,3.8489775861551365,3.6145032195806874,4.003764433610007,5,1.0,5,1.0,0.0,1.0,0,0.0
B_COMPLEMENT_NB,1,poor,textual,complement_log_weight,3.78210361444319,3.455559271875357,6.163567012560258,3.78210361444319,0.0,6.536508196411163,3,0.6,3,0.6,0.0,1.0,0,0.0
B_COMPLEMENT_NB,1,family,textual,complement_log_weight,3.7587410142450195,3.432720588597985,6.141866854577383,3.7587410142450195,0.0,6.420573820056248,3,0.6,3,0.6,0.0,1.0,0,0.0
B_COMPLEMENT_NB,1,certain,textual,complement_log_weight,3.7426308501713046,3.419915502040437,6.093155682744892,3.7426308501713046,0.0,6.484625261389818,3,0.6,3,0.6,0.0,1.0,0,0.0
B_COMPLEMENT_NB,1,key,textual,complement_log_weight,3.742579033515922,3.420556605397495,6.051491634590323,3.742579033515922,0.0,6.502745884913667,3,0.6,3,0.6,0.0,1.0,0,0.0
B_COMPLEMENT_NB,1,struggles,textual,complement_log_weight,3.7281372842016567,3.40430571032405,6.0791979183758675,3.7281372842016567,0.0,6.2872054812146,3,0.6,3,0.6,0.0,1.0,0,0.0
B_COMPLEMENT_NB,1,job,textual,complement_log_weight,3.719016747091765,3.3961305473143057,6.054758648782754,3.719016747091765,0.0,6.281557028459621,3,0.6,3,0.6,0.0,1.0,0,0.0
B_COMPLEMENT_NB,1,small,textual,complement_log_weight,3.7177973333645604,3.3965636860347734,6.026560095538496,3.7177973333645604,0.0,6.403600557103982,3,0.6,3,0.6,0.0,1.0,0,0.0
B_COMPLEMENT_NB,1,lots,textual,complement_log_weight,3.709525317891798,3.3883077982087912,6.084092854481463,3.709525317891798,0.0,6.3721002537470435,3,0.6,3,0.6,0.0,1.0,0,0.0
B_COMPLEMENT_NB,1,light,textual,complement_log_weight,3.704785598140357,3.383413619183611,6.054227047855571,3.704785598140357,0.0,6.326356115658056,3,0.6,3,0.6,0.0,1.0,0,0.0
B_COMPLEMENT_NB,1,diagnostic,textual,complement_log_weight,3.700612187676319,3.382169493454349,6.008675125038943,3.700612187676319,0.0,6.434168256804381,3,0.6,3,0.6,0.0,1.0,0,0.0
B_COMPLEMENT_NB,1,somebody,textual,complement_log_weight,3.6971302179582786,3.376369932868518,6.062743804537331,3.6971302179582786,0.0,6.316762209587118,3,0.6,3,0.6,0.0,1.0,0,0.0
B_COMPLEMENT_NB,1,shorts,textual,complement_log_weight,3.682981571219755,3.362241276144305,6.086016747701864,3.682981571219755,0.0,6.1696432024082934,3,0.6,3,0.6,0.0,1.0,0,0.0
B_COMPLEMENT_NB,1,explain,textual,complement_log_weight,3.6822190380062083,3.3627998663859295,5.989830244920757,3.6822190380062083,0.0,6.262590164273898,3,0.6,3,0.6,0.0,1.0,0,0.0
B_COMPLEMENT_NB,1,intense,textual,complement_log_weight,3.669967516808365,3.351223103838913,6.01945768087477,3.669967516808365,0.0,6.246084910951808,3,0.6,3,0.6,0.0,1.0,0,0.0
B_COMPLEMENT_NB,1,don know,textual,complement_log_weight,3.6659076996643245,3.3478908761179604,6.0152907853405395,3.6659076996643245,0.0,6.2662521876738415,3,0.6,3,0.6,0.0,1.0,0,0.0
B_COMPLEMENT_NB,1,long term,textual,complement_log_weight,3.661994368766692,3.3458544011035842,5.975007926409403,3.661994368766692,0.0,6.331178835896379,3,0.6,3,0.6,0.0,1.0,0,0.0
B_COMPLEMENT_NB,1,recommend,textual,complement_log_weight,3.6523926958590365,3.3356531193274144,5.975735929680932,3.6523926958590365,0.0,6.245766957922142,3,0.6,3,0.6,0.0,1.0,0,0.0
B_COMPLEMENT_NB,1,audhd,textual,complement_log_weight,3.651140257061532,3.334487435569742,5.997120567991734,3.651140257061532,0.0,6.246542239372574,3,0.6,3,0.6,0.0,1.0,0,0.0
B_COMPLEMENT_NB,1,friends,textual,complement_log_weight,3.6442674174578054,3.326896589147803,6.026784417304245,3.6442674174578054,0.0,6.115996458900982,3,0.6,3,0.6,0.0,1.0,0,0.0
B_COMPLEMENT_NB,1,early,textual,complement_log_weight,3.630633194332154,3.3149213216208264,5.966516914265577,3.630633194332154,0.0,6.147030770444664,3,0.6,3,0.6,0.0,1.0,0,0.0
B_COMPLEMENT_NB,1,neurotypical person,textual,complement_log_weight,3.6100034167312174,3.296094431464884,5.911793382062685,3.6100034167312174,0.0,6.073530076035591,3,0.6,3,0.6,0.0,1.0,0,0.0
B_COMPLEMENT_NB,1,using,textual,complement_log_weight,3.5990867105825672,3.2873795979471514,5.872480751438508,3.5990867105825672,0.0,6.174528924048245,3,0.6,3,0.6,0.0,1.0,0,0.0
B_COMPLEMENT_NB,1,short,textual,complement_log_weight,3.5764924417324395,3.2654197661712194,5.870596311432968,3.5764924417324395,0.0,6.037505941294144,3,0.6,3,0.6,0.0,1.0,0,0.0
B_COMPLEMENT_NB,1,friend,textual,complement_log_weight,3.56349667734667,3.253873146390944,5.8520274049045025,3.56349667734667,0.0,6.05692867900083,3,0.6,3,0.6,0.0,1.0,0,0.0
B_COMPLEMENT_NB,1,great,textual,complement_log_weight,3.5594116032650533,3.2498524255266092,5.837270981614198,3.5594116032650533,0.0,6.004717774419447,3,0.6,3,0.6,0.0,1.0,0,0.0
B_COMPLEMENT_NB,1,little bit,textual,complement_log_weight,3.555273572727932,3.24558116211846,5.891141973698338,3.555273572727932,0.0,5.952314041427405,3,0.6,3,0.6,0.0,1.0,0,0.0
B_COMPLEMENT_NB,1,supplements,textual,complement_log_weight,3.543901439182558,3.2351869609738,5.878852082965157,3.543901439182558,0.0,5.935611171072238,3,0.6,3,0.6,0.0,1.0,0,0.0
B_COMPLEMENT_NB,1,adhders,textual,complement_log_weight,3.541949909126879,3.2333538717534833,5.889630239038284,3.541949909126879,0.0,5.910427127989437,3,0.6,3,0.6,0.0,1.0,0,0.0
B_COMPLEMENT_NB,1,pay attention,textual,complement_log_weight,3.536542379007554,3.2285808547181594,5.855641289607193,3.536542379007554,0.0,5.947172104882128,3,0.6,3,0.6,0.0,1.0,0,0.0
B_COMPLEMENT_NB,1,point,textual,complement_log_weight,3.531736706095667,3.2241619441909455,5.840214157291662,3.531736706095667,0.0,5.924906474753125,3,0.6,3,0.6,0.0,1.0,0,0.0
B_COMPLEMENT_NB,1,iron,textual,complement_log_weight,3.514672003203855,3.208585869062464,5.8253630197074875,3.514672003203855,0.0,5.906544950062068,3,0.6,3,0.6,0.0,1.0,0,0.0
B_COMPLEMENT_NB,1,mood,textual,complement_log_weight,3.5038011548358403,3.1985641820576407,5.825510294288326,3.5038011548358403,0.0,5.867670360953107,3,0.6,3,0.6,0.0,1.0,0,0.0
B_COMPLEMENT_NB,1,works,textual,complement_log_weight,3.497870479912158,3.194345270985123,5.731035906728274,3.497870479912158,0.0,5.971571381974106,3,0.6,3,0.6,0.0,1.0,0,0.0
B_COMPLEMENT_NB,1,hedge_score,handcrafted_linguistic,complement_log_weight,3.491092694245576,0.1833037120218677,3.529537606402551,3.491092694245576,3.2934102856144416,3.6737455691656424,5,1.0,5,1.0,0.0,1.0,0,0.0
B_COMPLEMENT_NB,1,levels,textual,complement_log_weight,3.463573365036953,3.1619047648859637,5.739536920687569,3.463573365036953,0.0,5.812866124988407,3,0.6,3,0.6,0.0,1.0,0,0.0
B_COMPLEMENT_NB,1,natural,textual,complement_log_weight,3.408464495842984,3.1119672090098542,5.6190056626019,3.408464495842984,0.0,5.767347519504459,3,0.6,3,0.6,0.0,1.0,0,0.0
B_COMPLEMENT_NB,1,certainty_score,handcrafted_linguistic,complement_log_weight,3.327689141593086,0.19297221927528135,3.3941481842595365,3.327689141593086,3.1238738263503816,3.550029544905516,5,1.0,5,1.0,0.0,1.0,0,0.0
B_COMPLEMENT_NB,1,include,textual,complement_log_weight,2.5450524175027485,3.4876412205949636,0.0,2.5450524175027485,0.0,6.556120805240683,2,0.4,2,0.4,0.0,1.0,0,0.0
B_COMPLEMENT_NB,1,sort,textual,complement_log_weight,2.5448284873053595,3.487309828756184,0.0,2.5448284873053595,0.0,6.554657748752031,2,0.4,2,0.4,0.0,1.0,0,0.0
B_COMPLEMENT_NB,1,check,textual,complement_log_weight,2.531453910689207,3.4679757975488235,0.0,2.531453910689207,0.0,6.47943723850664,2,0.4,2,0.4,0.0,1.0,0,0.0
B_COMPLEMENT_NB,1,affect,textual,complement_log_weight,2.5241070301364155,3.4604564333173427,0.0,2.5241070301364155,0.0,6.550749030622909,2,0.4,2,0.4,0.0,1.0,0,0.0
B_COMPLEMENT_NB,1,executive dysfunction,textual,complement_log_weight,2.5094890589066425,3.4382536238634045,0.0,2.5094890589066425,0.0,6.439307825118135,2,0.4,2,0.4,0.0,1.0,0,0.0
B_COMPLEMENT_NB,1,anger,textual,complement_log_weight,2.502477296357779,3.4287119889175823,0.0,2.502477296357779,0.0,6.424001123445597,2,0.4,2,0.4,0.0,1.0,0,0.0
B_COMPLEMENT_NB,1,lot people,textual,complement_log_weight,2.4905298385943113,3.412326818614514,0.0,2.4905298385943113,0.0,6.392691196467365,2,0.4,2,0.4,0.0,1.0,0,0.0
B_COMPLEMENT_NB,1,ve got,textual,complement_log_weight,2.490479276767317,3.4136469785349433,0.0,2.490479276767317,0.0,6.442172804068711,2,0.4,2,0.4,0.0,1.0,0,0.0
B_COMPLEMENT_NB,1,inattention,textual,complement_log_weight,2.4895301033636867,3.4129475341033912,0.0,2.4895301033636867,0.0,6.457964603153545,2,0.4,2,0.4,0.0,1.0,0,0.0
B_COMPLEMENT_NB,1,play,textual,complement_log_weight,2.4820809707111913,3.3987537746637315,0.0,2.4820809707111913,0.0,6.223427333009383,2,0.4,2,0.4,0.0,1.0,0,0.0
B_COMPLEMENT_NB,1,needs,textual,complement_log_weight,2.4759800981607887,3.392845833641668,0.0,2.4759800981607887,0.0,6.373022027465966,2,0.4,2,0.4,0.0,1.0,0,0.0
B_COMPLEMENT_NB,1,stress,textual,complement_log_weight,2.474396414474284,3.3894582667723974,0.0,2.474396414474284,0.0,6.316235515997767,2,0.4,2,0.4,0.0,1.0,0,0.0
B_COMPLEMENT_NB,1,rejection sensitivity,textual,complement_log_weight,2.4581714966700767,3.366103110061285,0.0,2.4581714966700767,0.0,6.18446262085719,2,0.4,2,0.4,0.0,1.0,0,0.0
B_COMPLEMENT_NB,1,blindness,textual,complement_log_weight,2.457746335212033,3.3663591649513767,0.0,2.457746335212033,0.0,6.2575432384843594,2,0.4,2,0.4,0.0,1.0,0,0.0
B_COMPLEMENT_NB,1,college,textual,complement_log_weight,2.4441164892673606,3.34674448520275,0.0,2.4441164892673606,0.0,6.1117051937343545,2,0.4,2,0.4,0.0,1.0,0,0.0
B_COMPLEMENT_NB,1,types,textual,complement_log_weight,2.4421646641573127,3.3448692239980518,0.0,2.4421646641573127,0.0,6.208704087893603,2,0.4,2,0.4,0.0,1.0,0,0.0
B_COMPLEMENT_NB,1,cause,textual,complement_log_weight,2.4384970158006225,3.3392345330083564,0.0,2.4384970158006225,0.0,6.145948400464288,2,0.4,2,0.4,0.0,1.0,0,0.0
B_COMPLEMENT_NB,1,ocd,textual,complement_log_weight,2.4335986247913692,3.33292161235506,0.0,2.4335986247913692,0.0,6.171885403748828,2,0.4,2,0.4,0.0,1.0,0,0.0
B_COMPLEMENT_NB,1,eat,textual,complement_log_weight,2.4278000779107067,3.3245538661678,0.0,2.4278000779107067,0.0,6.114413995165969,2,0.4,2,0.4,0.0,1.0,0,0.0
B_COMPLEMENT_NB,1,running,textual,complement_log_weight,2.423401802059798,3.318508820891241,0.0,2.423401802059798,0.0,6.099922922742555,2,0.4,2,0.4,0.0,1.0,0,0.0
B_COMPLEMENT_NB,1,helpful,textual,complement_log_weight,2.4146010634012756,3.306704140810886,0.0,2.4146010634012756,0.0,6.106972098986819,2,0.4,2,0.4,0.0,1.0,0,0.0
B_COMPLEMENT_NB,1,worse,textual,complement_log_weight,2.413722483819723,3.3051533551956758,0.0,2.413722483819723,0.0,6.053451557790374,2,0.4,2,0.4,0.0,1.0,0,0.0
B_COMPLEMENT_NB,1,minutes,textual,complement_log_weight,2.4131655450651492,3.305434735672232,0.0,2.4131655450651492,0.0,6.1519423424112,2,0.4,2,0.4,0.0,1.0,0,0.0
B_COMPLEMENT_NB,1,stuff,textual,complement_log_weight,2.412728559228031,3.303999433131034,0.0,2.412728559228031,0.0,6.08752491080262,2,0.4,2,0.4,0.0,1.0,0,0.0
B_COMPLEMENT_NB,1,shown,textual,complement_log_weight,2.4079689150466335,3.297651719060285,0.0,2.4079689150466335,0.0,6.092964132313827,2,0.4,2,0.4,0.0,1.0,0,0.0
B_COMPLEMENT_NB,1,improve,textual,complement_log_weight,2.366682304225297,3.240968698358257,0.0,2.366682304225297,0.0,5.974255506233213,2,0.4,2,0.4,0.0,1.0,0,0.0
B_COMPLEMENT_NB,1,wrong,textual,complement_log_weight,2.3484841867714152,3.2158540139242278,0.0,2.3484841867714152,0.0,5.898899265429015,2,0.4,2,0.4,0.0,1.0,0,0.0
B_COMPLEMENT_NB,1,potential,textual,complement_log_weight,2.3328939285662806,3.1944638981099494,0.0,2.3328939285662806,0.0,5.847113846092272,2,0.4,2,0.4,0.0,1.0,0,0.0
B_COMPLEMENT_NB,1,reduce,textual,complement_log_weight,2.3140956912583563,3.168897058711115,0.0,2.3140956912583563,0.0,5.834446760994795,2,0.4,2,0.4,0.0,1.0,0,0.0
B_COMPLEMENT_NB,1,fast,textual,complement_log_weight,2.3039373651047934,3.1548464190218604,0.0,2.3039373651047934,0.0,5.785026174873074,2,0.4,2,0.4,0.0,1.0,0,0.0
B_COMPLEMENT_NB,1,test,textual,complement_log_weight,2.2925364965378687,3.1392518642408143,0.0,2.2925364965378687,0.0,5.760342610896624,2,0.4,2,0.4,0.0,1.0,0,0.0
B_COMPLEMENT_NB,1,focusing,textual,complement_log_weight,1.3262406859315123,2.9655643282688104,0.0,1.3262406859315123,0.0,6.631203429657561,1,0.2,1,0.2,0.0,1.0,0,0.0
B_COMPLEMENT_NB,1,research,textual,complement_log_weight,1.2795909982432938,2.861252455468819,0.0,1.2795909982432938,0.0,6.397954991216469,1,0.2,1,0.2,0.0,1.0,0,0.0
B_COMPLEMENT_NB,1,effective,textual,complement_log_weight,1.278548279304506,2.858920865040263,0.0,1.278548279304506,0.0,6.3927413965225295,1,0.2,1,0.2,0.0,1.0,0,0.0
B_COMPLEMENT_NB,1,feels,textual,complement_log_weight,1.2641672207342127,2.826763840488681,0.0,1.2641672207342127,0.0,6.320836103671064,1,0.2,1,0.2,0.0,1.0,0,0.0
B_COMPLEMENT_NB,1,time blindness,textual,complement_log_weight,1.251508647696872,2.7984584106790416,0.0,1.251508647696872,0.0,6.2575432384843594,1,0.2,1,0.2,0.0,1.0,0,0.0
B_COMPLEMENT_NB,1,losing,textual,complement_log_weight,1.2466959305130596,2.787696847899556,0.0,1.2466959305130596,0.0,6.233479652565298,1,0.2,1,0.2,0.0,1.0,0,0.0
B_COMPLEMENT_NB,1,hyper,textual,complement_log_weight,1.241270513781354,2.775565247281197,0.0,1.241270513781354,0.0,6.2063525689067705,1,0.2,1,0.2,0.0,1.0,0,0.0
B_COMPLEMENT_NB,1,aren,textual,complement_log_weight,1.2409596193709131,2.7748700662456263,0.0,1.2409596193709131,0.0,6.2047980968545655,1,0.2,1,0.2,0.0,1.0,0,0.0
B_COMPLEMENT_NB,1,absolutely,textual,complement_log_weight,1.226899253106806,2.743430131490538,0.0,1.226899253106806,0.0,6.13449626553403,1,0.2,1,0.2,0.0,1.0,0,0.0
B_COMPLEMENT_NB,1,place,textual,complement_log_weight,1.2268806200472342,2.743388466702707,0.0,1.2268806200472342,0.0,6.134403100236171,1,0.2,1,0.2,0.0,1.0,0,0.0
B_COMPLEMENT_NB,1,keeping,textual,complement_log_weight,1.224725147500149,2.73856868356379,0.0,1.224725147500149,0.0,6.1236257375007455,1,0.2,1,0.2,0.0,1.0,0,0.0
B_COMPLEMENT_NB,1,happen,textual,complement_log_weight,1.2189224347902115,2.7255934234904675,0.0,1.2189224347902115,0.0,6.094612173951057,1,0.2,1,0.2,0.0,1.0,0,0.0
B_COMPLEMENT_NB,1,question,textual,complement_log_weight,1.214269152007515,2.715188366869829,0.0,1.214269152007515,0.0,6.071345760037575,1,0.2,1,0.2,0.0,1.0,0,0.0
B_COMPLEMENT_NB,1,seconds,textual,complement_log_weight,1.2129433157436336,2.7122237068567556,0.0,1.2129433157436336,0.0,6.064716578718167,1,0.2,1,0.2,0.0,1.0,0,0.0
B_COMPLEMENT_NB,1,won,textual,complement_log_weight,1.203206810986559,2.690452220356687,0.0,1.203206810986559,0.0,6.016034054932795,1,0.2,1,0.2,0.0,1.0,0,0.0
B_COMPLEMENT_NB,1,hours,textual,complement_log_weight,1.201133638756,2.6858164663200923,0.0,1.201133638756,0.0,6.00566819378,1,0.2,1,0.2,0.0,1.0,0,0.0
B_COMPLEMENT_NB,1,seven,textual,complement_log_weight,1.2002409059650656,2.6838202551138197,0.0,1.2002409059650656,0.0,6.001204529825328,1,0.2,1,0.2,0.0,1.0,0,0.0
B_COMPLEMENT_NB,1,interesting,textual,complement_log_weight,1.195986823576087,2.674307837710179,0.0,1.195986823576087,0.0,5.979934117880435,1,0.2,1,0.2,0.0,1.0,0,0.0
B_COMPLEMENT_NB,1,adhd brains,textual,complement_log_weight,1.195395592402512,2.672985804615648,0.0,1.195395592402512,0.0,5.976977962012559,1,0.2,1,0.2,0.0,1.0,0,0.0
B_COMPLEMENT_NB,1,typically,textual,complement_log_weight,1.1934859443199604,2.6687157016899605,0.0,1.1934859443199604,0.0,5.967429721599801,1,0.2,1,0.2,0.0,1.0,0,0.0
B_COMPLEMENT_NB,1,stay,textual,complement_log_weight,1.1932232771920668,2.6681283601365355,0.0,1.1932232771920668,0.0,5.966116385960334,1,0.2,1,0.2,0.0,1.0,0,0.0
B_COMPLEMENT_NB,1,adderall,textual,complement_log_weight,1.1753286816589505,2.628114828094624,0.0,1.1753286816589505,0.0,5.876643408294753,1,0.2,1,0.2,0.0,1.0,0,0.0
B_COMPLEMENT_NB,2,follow,textual,complement_log_weight,6.586757300630114,0.306485014910007,6.4378149831449445,6.586757300630114,6.277088730322899,6.993736495268761,5,1.0,5,1.0,0.0,1.0,5,1.0
B_COMPLEMENT_NB,2,eating,textual,complement_log_weight,6.508920151688675,0.2202572462002475,6.440965845169494,6.508920151688675,6.278891997636362,6.771251381176097,5,1.0,5,1.0,0.0,1.0,5,1.0
B_COMPLEMENT_NB,2,इपर,textual,complement_log_weight,5.715551350792734,3.3365313742284375,6.445948040969639,5.715551350792734,0.0,8.773938773455285,4,0.8,4,0.8,0.0,1.0,4,0.8
B_COMPLEMENT_NB,2,एक,textual,complement_log_weight,5.715551350792734,3.3365313742284375,6.445948040969639,5.715551350792734,0.0,8.773938773455285,4,0.8,4,0.8,0.0,1.0,4,0.8
B_COMPLEMENT_NB,2,differently,textual,complement_log_weight,5.410004766857509,3.0357196503411736,6.588512372519873,5.410004766857509,0.0,7.045924513148598,4,0.8,4,0.8,0.0,1.0,4,0.8
B_COMPLEMENT_NB,2,means,textual,complement_log_weight,6.404776465099715,0.2779190172119194,6.265466541894348,6.404776465099715,6.150686880213145,6.707809630871478,5,1.0,5,1.0,0.0,1.0,3,0.6
B_COMPLEMENT_NB,2,iron,textual,complement_log_weight,4.074206402344608,3.732373170271942,6.527241566167509,4.074206402344608,0.0,7.30141963560261,3,0.6,3,0.6,0.0,1.0,3,0.6
B_COMPLEMENT_NB,2,little bit,textual,complement_log_weight,3.9759922952388935,3.633671854956475,6.355338531372261,3.9759922952388935,0.0,6.828709924411021,3,0.6,3,0.6,0.0,1.0,3,0.6
B_COMPLEMENT_NB,2,light,textual,complement_log_weight,3.945140107899154,3.607095939684781,6.360059431304281,3.945140107899154,0.0,6.900397828785474,3,0.6,3,0.6,0.0,1.0,3,0.6
B_COMPLEMENT_NB,2,fact,textual,complement_log_weight,6.385399284705352,0.268267748235578,6.225941775282991,6.385399284705352,6.172854174219567,6.7266792997808995,5,1.0,5,1.0,0.0,1.0,2,0.4
B_COMPLEMENT_NB,2,make sure,textual,complement_log_weight,6.365834091410723,0.24345064753110476,6.3370187329837515,6.365834091410723,6.118308563101437,6.758115045777765,5,1.0,5,1.0,0.0,1.0,2,0.4
B_COMPLEMENT_NB,2,wait,textual,complement_log_weight,6.317224288487956,0.08123428091402397,6.358303584323677,6.317224288487956,6.18999960107364,6.3887766448244205,5,1.0,5,1.0,0.0,1.0,2,0.4
B_COMPLEMENT_NB,2,feeling,textual,complement_log_weight,6.291736072963131,0.11379725963055394,6.273096356717139,6.291736072963131,6.131724140789598,6.441488959370133,5,1.0,5,1.0,0.0,1.0,2,0.4
B_COMPLEMENT_NB,2,explained,textual,complement_log_weight,5.1695691074004895,2.904575968477297,6.318851595576328,5.1695691074004895,0.0,6.9146534074349475,4,0.8,4,0.8,0.0,1.0,2,0.4
B_COMPLEMENT_NB,2,behaviors,textual,complement_log_weight,5.160768105885869,2.8993492628986877,6.176439161070976,5.160768105885869,0.0,6.779011958504217,4,0.8,4,0.8,0.0,1.0,2,0.4
B_COMPLEMENT_NB,2,unable,textual,complement_log_weight,5.133769883448862,2.871457205193823,6.430113819041548,5.133769883448862,0.0,6.491275179023117,4,0.8,4,0.8,0.0,1.0,2,0.4
B_COMPLEMENT_NB,2,lead,textual,complement_log_weight,5.128683658878412,2.8761868147517347,6.31795506804254,5.128683658878412,0.0,6.798981285607718,4,0.8,4,0.8,0.0,1.0,2,0.4
B_COMPLEMENT_NB,2,adhd women,textual,complement_log_weight,5.075044431235964,2.83756287219646,6.302959317458127,5.075044431235964,0.0,6.405699257529684,4,0.8,4,0.8,0.0,1.0,2,0.4
B_COMPLEMENT_NB,2,dysfunction,textual,complement_log_weight,5.028130782237022,2.8127064181149755,6.282652066207561,5.028130782237022,0.0,6.428841491359762,4,0.8,4,0.8,0.0,1.0,2,0.4
B_COMPLEMENT_NB,2,intense,textual,complement_log_weight,3.8680614082879012,3.533028547939275,6.264231023031693,3.8680614082879012,0.0,6.593652054839259,3,0.6,3,0.6,0.0,1.0,2,0.4
B_COMPLEMENT_NB,2,cause,textual,complement_log_weight,2.6810896525149586,3.6771211859128035,0.0,2.6810896525149586,0.0,6.996890689026602,2,0.4,2,0.4,0.0,1.0,2,0.4
B_COMPLEMENT_NB,2,blindness,textual,complement_log_weight,2.6347611843670578,3.612360680720092,0.0,2.6347611843670578,0.0,6.843661612763455,2,0.4,2,0.4,0.0,1.0,2,0.4
B_COMPLEMENT_NB,2,behavioral,textual,complement_log_weight,2.6045083106304636,3.5692075423492953,0.0,2.6045083106304636,0.0,6.712508658669386,2,0.4,2,0.4,0.0,1.0,2,0.4
B_COMPLEMENT_NB,2,eat,textual,complement_log_weight,2.5645794204175703,3.5121395597776424,0.0,2.5645794204175703,0.0,6.490474250029974,2,0.4,2,0.4,0.0,1.0,2,0.4
B_COMPLEMENT_NB,2,care,textual,complement_log_weight,6.349125797875698,0.17972083059086194,6.458950223048603,6.349125797875698,6.126768253612785,6.513000513879565,5,1.0,5,1.0,0.0,1.0,1,0.2
B_COMPLEMENT_NB,2,making,textual,complement_log_weight,6.31956762100436,0.12818660148094657,6.37165521504243,6.31956762100436,6.1691628092608015,6.433421750508338,5,1.0,5,1.0,0.0,1.0,1,0.2
B_COMPLEMENT_NB,2,oh,textual,complement_log_weight,6.287205370144327,0.10165964676446265,6.3193379035656685,6.287205370144327,6.1314990694312215,6.380981229507576,5,1.0,5,1.0,0.0,1.0,1,0.2
B_COMPLEMENT_NB,2,hear,textual,complement_log_weight,6.2691193836555055,0.2798096942866612,6.126277324018231,6.2691193836555055,6.02934761142975,6.7247971496457035,5,1.0,5,1.0,0.0,1.0,1,0.2
B_COMPLEMENT_NB,2,therapy,textual,complement_log_weight,6.2292531945763745,0.09872517326844646,6.235752515703948,6.2292531945763745,6.104927005894104,6.376112003923082,5,1.0,5,1.0,0.0,1.0,1,0.2
B_COMPLEMENT_NB,2,moving,textual,complement_log_weight,6.222428383545516,0.1359497706093806,6.2546228902351295,6.222428383545516,6.0274536584301,6.379413816733661,5,1.0,5,1.0,0.0,1.0,1,0.2
B_COMPLEMENT_NB,2,strategies,textual,complement_log_weight,6.211100426745328,0.2773557273109696,6.111893397934513,6.211100426745328,5.995083955228111,6.693476032727754,5,1.0,5,1.0,0.0,1.0,1,0.2
B_COMPLEMENT_NB,2,patients,textual,complement_log_weight,6.195057796343053,0.3201657175424016,6.123321212908218,6.195057796343053,5.948749196167012,6.742666266040933,5,1.0,5,1.0,0.0,1.0,1,0.2
B_COMPLEMENT_NB,2,food,textual,complement_log_weight,6.192927047758468,0.26154744122374995,6.06796917692741,6.192927047758468,5.983529764086332,6.632912332662359,5,1.0,5,1.0,0.0,1.0,1,0.2
B_COMPLEMENT_NB,2,tell,textual,complement_log_weight,6.183524896713779,0.14595228053291806,6.263900254081014,6.183524896713779,5.996619735614748,6.323486084122774,5,1.0,5,1.0,0.0,1.0,1,0.2
B_COMPLEMENT_NB,2,example,textual,complement_log_weight,6.171691289159285,0.15090568172144408,6.112704852381584,6.171691289159285,6.020781180988382,6.38540089474065,5,1.0,5,1.0,0.0,1.0,1,0.2
B_COMPLEMENT_NB,2,instead,textual,complement_log_weight,6.104625997141494,0.11326856440964841,6.041571191442445,6.104625997141494,6.033687079342482,6.29897976333666,5,1.0,5,1.0,0.0,1.0,1,0.2
B_COMPLEMENT_NB,2,sensitivity,textual,complement_log_weight,6.07018851424985,0.09432551033885517,6.0464055447814085,6.07018851424985,5.993540650717649,6.232793460236094,5,1.0,5,1.0,0.0,1.0,1,0.2
B_COMPLEMENT_NB,2,adhd medication,textual,complement_log_weight,5.751888559363512,0.29458766461203845,5.608938095502997,5.751888559363512,5.5877574785444954,6.275173626260947,5,1.0,5,1.0,0.0,1.0,1,0.2
B_COMPLEMENT_NB,2,affects,textual,complement_log_weight,5.147306727649856,2.8884475572091017,6.199827670737488,5.147306727649856,0.0,6.794361795648292,4,0.8,4,0.8,0.0,1.0,1,0.2
B_COMPLEMENT_NB,2,present,textual,complement_log_weight,5.123993050373874,2.8744609866282587,6.244389546017963,5.123993050373874,0.0,6.787224344785357,4,0.8,4,0.8,0.0,1.0,1,0.2
B_COMPLEMENT_NB,2,mind,textual,complement_log_weight,5.08205392769235,2.846970847781343,6.203156968027715,5.08205392769235,0.0,6.623049884204539,4,0.8,4,0.8,0.0,1.0,1,0.2
B_COMPLEMENT_NB,2,lack,textual,complement_log_weight,5.062489663465969,2.832287916565921,6.231416950866254,5.062489663465969,0.0,6.485517194765722,4,0.8,4,0.8,0.0,1.0,1,0.2
B_COMPLEMENT_NB,2,times,textual,complement_log_weight,5.060910883962587,2.833064842215292,6.1898317967061365,5.060910883962587,0.0,6.505682883250177,4,0.8,4,0.8,0.0,1.0,1,0.2
B_COMPLEMENT_NB,2,kid,textual,complement_log_weight,5.031205334005987,2.8157606164541007,6.185841638830285,5.031205334005987,0.0,6.48918337170277,4,0.8,4,0.8,0.0,1.0,1,0.2
B_COMPLEMENT_NB,2,manage,textual,complement_log_weight,4.92132281981214,2.752087796254909,6.100704715212062,4.92132281981214,0.0,6.258610441640231,4,0.8,4,0.8,0.0,1.0,1,0.2
B_COMPLEMENT_NB,2,short,textual,complement_log_weight,3.881962609764584,3.5472645960558795,6.250842429215613,3.881962609764584,0.0,6.698287702563506,3,0.6,3,0.6,0.0,1.0,1,0.2
B_COMPLEMENT_NB,2,somebody,textual,complement_log_weight,3.8591146534067007,3.5303044592084745,6.229585295871125,3.8591146534067007,0.0,6.80527513596331,3,0.6,3,0.6,0.0,1.0,1,0.2
B_COMPLEMENT_NB,2,diagnostic,textual,complement_log_weight,3.8279088587298618,3.4995185628476206,6.182486394238577,3.8279088587298618,0.0,6.6848528713515485,3,0.6,3,0.6,0.0,1.0,1,0.2
B_COMPLEMENT_NB,2,needs,textual,complement_log_weight,2.612421830349464,3.5834468002856292,0.0,2.612421830349464,0.0,6.830015471528027,2,0.4,2,0.4,0.0,1.0,1,0.2
B_COMPLEMENT_NB,2,executive dysfunction,textual,complement_log_weight,2.5781748472592567,3.5324656551816798,0.0,2.5781748472592567,0.0,6.619883166183552,2,0.4,2,0.4,0.0,1.0,1,0.2
B_COMPLEMENT_NB,2,affect,textual,complement_log_weight,2.570084849029989,3.5197643929207234,0.0,2.570084849029989,0.0,6.511654422952444,2,0.4,2,0.4,0.0,1.0,1,0.2
B_COMPLEMENT_NB,2,inattention,textual,complement_log_weight,2.555310814508019,3.500249342752801,0.0,2.555310814508019,0.0,6.520340761803242,2,0.4,2,0.4,0.0,1.0,1,0.2
B_COMPLEMENT_NB,2,rejection sensitivity,textual,complement_log_weight,2.523557284416791,3.4559420785852044,0.0,2.523557284416791,0.0,6.3849929618478605,2,0.4,2,0.4,0.0,1.0,1,0.2
B_COMPLEMENT_NB,2,stuff,textual,complement_log_weight,2.5114119567941615,3.4390043776301966,0.0,2.5114119567941615,0.0,6.317768342346818,2,0.4,2,0.4,0.0,1.0,1,0.2
B_COMPLEMENT_NB,2,improve,textual,complement_log_weight,2.504869538121779,3.4304854413074377,0.0,2.504869538121779,0.0,6.34916789542009,2,0.4,2,0.4,0.0,1.0,1,0.2
B_COMPLEMENT_NB,2,running,textual,complement_log_weight,2.500130902918936,3.423467838074895,0.0,2.500130902918936,0.0,6.267922219017439,2,0.4,2,0.4,0.0,1.0,1,0.2
B_COMPLEMENT_NB,2,time blindness,textual,complement_log_weight,1.368732322552691,3.0605785162289862,0.0,1.368732322552691,0.0,6.843661612763455,1,0.2,1,0.2,0.0,1.0,1,0.2
B_COMPLEMENT_NB,2,keeping,textual,complement_log_weight,1.3599318504232205,3.0409000623133973,0.0,1.3599318504232205,0.0,6.799659252116102,1,0.2,1,0.2,0.0,1.0,1,0.2
B_COMPLEMENT_NB,2,feels,textual,complement_log_weight,1.3168659042048154,2.9446016790536933,0.0,1.3168659042048154,0.0,6.584329521024077,1,0.2,1,0.2,0.0,1.0,1,0.2
B_COMPLEMENT_NB,2,stay,textual,complement_log_weight,1.2686872844894088,2.8368710103079327,0.0,1.2686872844894088,0.0,6.343436422447044,1,0.2,1,0.2,0.0,1.0,1,0.2
B_COMPLEMENT_NB,2,place,textual,complement_log_weight,1.2612352616825961,2.820207780742021,0.0,1.2612352616825961,0.0,6.306176308412981,1,0.2,1,0.2,0.0,1.0,1,0.2
B_COMPLEMENT_NB,2,little,textual,complement_log_weight,6.233058517521693,0.12072130335581029,6.225242553516803,6.233058517521693,6.118840903049419,6.406422849214008,5,1.0,5,1.0,0.0,1.0,0,0.0
B_COMPLEMENT_NB,2,easily,textual,complement_log_weight,6.2292843797038895,0.14225266053362684,6.2452038759314785,6.2292843797038895,6.0668785729241375,6.394640123501856,5,1.0,5,1.0,0.0,1.0,0,0.0
B_COMPLEMENT_NB,2,mental,textual,complement_log_weight,6.21945765565148,0.19695978284113788,6.128829836474112,6.21945765565148,6.0302459238672865,6.519944204981914,5,1.0,5,1.0,0.0,1.0,0,0.0
B_COMPLEMENT_NB,2,dr,textual,complement_log_weight,6.218200212283298,0.14367574910517297,6.192266273838948,6.218200212283298,6.034983229024147,6.4307685655795925,5,1.0,5,1.0,0.0,1.0,0,0.0
B_COMPLEMENT_NB,2,seen,textual,complement_log_weight,6.198750265916198,0.19873334345111665,6.154531831179339,6.198750265916198,5.985164638930014,6.51113974991274,5,1.0,5,1.0,0.0,1.0,0,0.0
B_COMPLEMENT_NB,2,things like,textual,complement_log_weight,6.165937738068353,0.09349647678272832,6.209760783986255,6.165937738068353,6.0266325946337505,6.247625992673341,5,1.0,5,1.0,0.0,1.0,0,0.0
B_COMPLEMENT_NB,2,adhd brain,textual,complement_log_weight,6.162909626396088,0.15137067017115216,6.136826393722233,6.162909626396088,6.030549256970341,6.408681561358602,5,1.0,5,1.0,0.0,1.0,0,0.0
B_COMPLEMENT_NB,2,usually,textual,complement_log_weight,6.161795072062523,0.18366487950663868,6.136022109018709,6.161795072062523,5.981747852356146,6.409253208588147,5,1.0,5,1.0,0.0,1.0,0,0.0
B_COMPLEMENT_NB,2,issues,textual,complement_log_weight,6.1583008298193205,0.051964281381710956,6.157604177068897,6.1583008298193205,6.104428094369362,6.228850109983545,5,1.0,5,1.0,0.0,1.0,0,0.0
B_COMPLEMENT_NB,2,happens,textual,complement_log_weight,6.155091932937188,0.18692806632643433,6.036937181830486,6.155091932937188,6.008231156786436,6.36372465412155,5,1.0,5,1.0,0.0,1.0,0,0.0
B_COMPLEMENT_NB,2,bit,textual,complement_log_weight,6.139139611008824,0.055675695514123956,6.172900155684781,6.139139611008824,6.050957925467892,6.178910894501409,5,1.0,5,1.0,0.0,1.0,0,0.0
B_COMPLEMENT_NB,2,support,textual,complement_log_weight,6.138201313009526,0.24251516969832213,6.091362054556803,6.138201313009526,5.932442061094377,6.535229214501976,5,1.0,5,1.0,0.0,1.0,0,0.0
B_COMPLEMENT_NB,2,video,textual,complement_log_weight,6.136121311418692,0.13346579259885277,6.1115899545339,6.136121311418692,5.990003380839149,6.325402803217955,5,1.0,5,1.0,0.0,1.0,0,0.0
B_COMPLEMENT_NB,2,okay,textual,complement_log_weight,6.135328364547466,0.07225951599032437,6.126868633713733,6.135328364547466,6.029500098932904,6.212738136152925,5,1.0,5,1.0,0.0,1.0,0,0.0
B_COMPLEMENT_NB,2,adhd adhd,textual,complement_log_weight,6.131750801222739,0.07089783723365334,6.157390135888225,6.131750801222739,6.012290140767705,6.1913273004748275,5,1.0,5,1.0,0.0,1.0,0,0.0
B_COMPLEMENT_NB,2,deficit,textual,complement_log_weight,6.129473153022312,0.09352361465535307,6.131906623116928,6.129473153022312,5.981339186278477,6.228164358801029,5,1.0,5,1.0,0.0,1.0,0,0.0
B_COMPLEMENT_NB,2,struggling,textual,complement_log_weight,6.126989242380201,0.10962988840936717,6.104258235903554,6.126989242380201,5.98870052784912,6.254188380689274,5,1.0,5,1.0,0.0,1.0,0,0.0
B_COMPLEMENT_NB,2,try,textual,complement_log_weight,6.1252387913038095,0.15716577901585746,6.167194307076097,6.1252387913038095,5.96325844039419,6.336350234157305,5,1.0,5,1.0,0.0,1.0,0,0.0
B_COMPLEMENT_NB,2,probably,textual,complement_log_weight,6.106722485606303,0.16361497386792673,6.0377807579620875,6.106722485606303,5.947767097423483,6.353695340000203,5,1.0,5,1.0,0.0,1.0,0,0.0
B_COMPLEMENT_NB,2,taking,textual,complement_log_weight,6.073496557468969,0.1539170994477917,6.030826811521506,6.073496557468969,5.958843108670888,6.340849981925514,5,1.0,5,1.0,0.0,1.0,0,0.0
B_COMPLEMENT_NB,2,non,textual,complement_log_weight,6.069563625801671,0.09746773113131232,6.028306864659514,6.069563625801671,5.97311243035756,6.193895175232839,5,1.0,5,1.0,0.0,1.0,0,0.0
B_COMPLEMENT_NB,2,distracted,textual,complement_log_weight,6.068059685097534,0.13305201624969754,6.0857805366866735,6.068059685097534,5.911529806019859,6.228047288851579,5,1.0,5,1.0,0.0,1.0,0,0.0
B_COMPLEMENT_NB,2,home,textual,complement_log_weight,6.063007311921178,0.08969026179252275,6.086788591912505,6.063007311921178,5.962039135039317,6.151152834530936,5,1.0,5,1.0,0.0,1.0,0,0.0
B_COMPLEMENT_NB,2,behavior,textual,complement_log_weight,6.06157403110975,0.21073266941136395,5.958794927749711,6.06157403110975,5.874654142760816,6.310872312619936,5,1.0,5,1.0,0.0,1.0,0,0.0
B_COMPLEMENT_NB,2,end,textual,complement_log_weight,6.055189815655926,0.07096731680820434,6.033101801994457,6.055189815655926,5.983520835228175,6.162970244329842,5,1.0,5,1.0,0.0,1.0,0,0.0
B_COMPLEMENT_NB,2,sit,textual,complement_log_weight,6.0551586728353035,0.11856364157422003,6.072671798986728,6.0551586728353035,5.897212095068013,6.215987835960366,5,1.0,5,1.0,0.0,1.0,0,0.0
B_COMPLEMENT_NB,2,information,textual,complement_log_weight,6.052253175531971,0.09124966496895189,6.044959283814385,6.052253175531971,5.972056951977491,6.19701215127216,5,1.0,5,1.0,0.0,1.0,0,0.0
B_COMPLEMENT_NB,2,regulation,textual,complement_log_weight,6.050844352426178,0.18824298809784137,5.9539034912788615,6.050844352426178,5.902554941023626,6.365352573357044,5,1.0,5,1.0,0.0,1.0,0,0.0
B_COMPLEMENT_NB,2,understand,textual,complement_log_weight,6.049342378362557,0.08877922098178881,6.029055111257614,6.049342378362557,5.940385182282555,6.185658729737208,5,1.0,5,1.0,0.0,1.0,0,0.0
B_COMPLEMENT_NB,2,social,textual,complement_log_weight,6.049014231780921,0.08474505859699806,6.0130938288378655,6.049014231780921,5.965477824669691,6.1680975016323645,5,1.0,5,1.0,0.0,1.0,0,0.0
B_COMPLEMENT_NB,2,saying,textual,complement_log_weight,6.0488191829964695,0.07687902010077102,6.04749737673465,6.0488191829964695,5.952451225805462,6.12618207772787,5,1.0,5,1.0,0.0,1.0,0,0.0
B_COMPLEMENT_NB,2,come,textual,complement_log_weight,6.045742994021099,0.15341993661290348,5.995463415993754,6.045742994021099,5.91626336956235,6.306776295793306,5,1.0,5,1.0,0.0,1.0,0,0.0
B_COMPLEMENT_NB,2,medications,textual,complement_log_weight,6.040875344838646,0.07664614124430563,6.041810119076446,6.040875344838646,5.946126815664326,6.152653433824519,5,1.0,5,1.0,0.0,1.0,0,0.0
B_COMPLEMENT_NB,2,comes,textual,complement_log_weight,6.0342359284397435,0.225763886096304,5.931876927923911,6.0342359284397435,5.850165011681965,6.410291535539118,5,1.0,5,1.0,0.0,1.0,0,0.0
B_COMPLEMENT_NB,2,control,textual,complement_log_weight,6.030297103533437,0.12761057939951237,6.0329170489506145,6.030297103533437,5.87384651958687,6.207106206810434,5,1.0,5,1.0,0.0,1.0,0,0.0
B_COMPLEMENT_NB,2,increase,textual,complement_log_weight,6.016763617702477,0.1551174947802993,5.971787408978843,6.016763617702477,5.856341164501469,6.265894266983036,5,1.0,5,1.0,0.0,1.0,0,0.0
B_COMPLEMENT_NB,2,mean,textual,complement_log_weight,6.0165605690404425,0.14802778346646278,5.992503762826327,6.0165605690404425,5.87305743530404,6.243276325952206,5,1.0,5,1.0,0.0,1.0,0,0.0
B_COMPLEMENT_NB,2,thinking,textual,complement_log_weight,6.009581524314771,0.057286434459622886,6.018468230118678,6.009581524314771,5.94946950612547,6.085382160847248,5,1.0,5,1.0,0.0,1.0,0,0.0
B_COMPLEMENT_NB,2,impulsive,textual,complement_log_weight,6.005774873987787,0.15963278301863487,5.961954057259126,6.005774873987787,5.865519522716107,6.2807042795916015,5,1.0,5,1.0,0.0,1.0,0,0.0
B_COMPLEMENT_NB,2,talking,textual,complement_log_weight,6.004713868947344,0.07386267419410582,6.0253276558646665,6.004713868947344,5.907121255090838,6.101602975666669,5,1.0,5,1.0,0.0,1.0,0,0.0
B_COMPLEMENT_NB,2,emotions,textual,complement_log_weight,6.004697366898885,0.13421497040490932,5.955395002740488,6.004697366898885,5.872316626479855,6.195014089484246,5,1.0,5,1.0,0.0,1.0,0,0.0
B_COMPLEMENT_NB,2,let,textual,complement_log_weight,6.001640000508981,0.09052740566110706,6.009852100101323,6.001640000508981,5.878933086997815,6.118392355660674,5,1.0,5,1.0,0.0,1.0,0,0.0
B_COMPLEMENT_NB,2,impact,textual,complement_log_weight,5.994857355971426,0.10085390179878605,5.983026060063006,5.994857355971426,5.894751316046859,6.131298409662787,5,1.0,5,1.0,0.0,1.0,0,0.0
B_COMPLEMENT_NB,2,doctor,textual,complement_log_weight,5.993019946869341,0.08512728028122235,5.952846050238278,5.993019946869341,5.912234289071113,6.11279574318999,5,1.0,5,1.0,0.0,1.0,0,0.0
B_COMPLEMENT_NB,2,second,textual,complement_log_weight,5.989674261471483,0.08240701859666082,5.973226773860716,5.989674261471483,5.916822203461054,6.123272552768748,5,1.0,5,1.0,0.0,1.0,0,0.0
B_COMPLEMENT_NB,2,remember,textual,complement_log_weight,5.987568071705847,0.12319579537216721,5.978842080554162,5.987568071705847,5.85698018391782,6.1741111615052064,5,1.0,5,1.0,0.0,1.0,0,0.0
B_COMPLEMENT_NB,2,harder,textual,complement_log_weight,5.986598006712235,0.1492872271397588,5.964492596520355,5.986598006712235,5.837417415281919,6.1768680483692515,5,1.0,5,1.0,0.0,1.0,0,0.0
B_COMPLEMENT_NB,2,women,textual,complement_log_weight,5.983908832881701,0.07550423462215057,5.980583862960638,5.983908832881701,5.893237488487721,6.085423558273529,5,1.0,5,1.0,0.0,1.0,0,0.0
B_COMPLEMENT_NB,2,health,textual,complement_log_weight,5.974615494395118,0.08180903491695578,5.973202171543245,5.974615494395118,5.869664755882846,6.083112816617145,5,1.0,5,1.0,0.0,1.0,0,0.0
B_COMPLEMENT_NB,2,challenges,textual,complement_log_weight,5.966245222196806,0.10907104371741422,5.911679137248711,5.966245222196806,5.85766831433906,6.100641802916843,5,1.0,5,1.0,0.0,1.0,0,0.0
B_COMPLEMENT_NB,2,body,textual,complement_log_weight,5.959533737145084,0.07930138518896997,5.9774182658203525,5.959533737145084,5.847125541270359,6.048363294602533,5,1.0,5,1.0,0.0,1.0,0,0.0
B_COMPLEMENT_NB,2,self,textual,complement_log_weight,5.957905863435538,0.13038945611033004,6.001009346808108,5.957905863435538,5.80498127281449,6.127730712672071,5,1.0,5,1.0,0.0,1.0,0,0.0
B_COMPLEMENT_NB,2,sure,textual,complement_log_weight,5.949099234746177,0.16171233635067322,5.891598102209621,5.949099234746177,5.76488402466892,6.152963848974813,5,1.0,5,1.0,0.0,1.0,0,0.0
B_COMPLEMENT_NB,2,isn,textual,complement_log_weight,5.942531897951164,0.08025622741248924,5.965353898841662,5.942531897951164,5.819409278737898,6.01716408694535,5,1.0,5,1.0,0.0,1.0,0,0.0
B_COMPLEMENT_NB,2,adhd diagnosis,textual,complement_log_weight,5.9424447535203075,0.07709038323312227,5.976685998246138,5.9424447535203075,5.809366669290019,5.993994134765758,5,1.0,5,1.0,0.0,1.0,0,0.0
B_COMPLEMENT_NB,2,everybody,textual,complement_log_weight,5.939187976568022,0.07136378130998161,5.933319695391065,5.939187976568022,5.847148246066783,6.045685808686801,5,1.0,5,1.0,0.0,1.0,0,0.0
B_COMPLEMENT_NB,2,especially,textual,complement_log_weight,5.9301665868522,0.10340502802160519,5.910625748669077,5.9301665868522,5.8355102381377835,6.07667293293738,5,1.0,5,1.0,0.0,1.0,0,0.0
B_COMPLEMENT_NB,2,talk,textual,complement_log_weight,5.926739561761707,0.11484758736598899,5.894932954484396,5.926739561761707,5.8204197617513875,6.072981994665207,5,1.0,5,1.0,0.0,1.0,0,0.0
B_COMPLEMENT_NB,2,criteria,textual,complement_log_weight,5.921884047123338,0.26617002716764204,5.7931429674658625,5.921884047123338,5.761967804989825,6.3916433224649545,5,1.0,5,1.0,0.0,1.0,0,0.0
B_COMPLEMENT_NB,2,disorders,textual,complement_log_weight,5.921122979736333,0.09920763645779404,5.882332095675157,5.921122979736333,5.828584719160285,6.079958775864741,5,1.0,5,1.0,0.0,1.0,0,0.0
B_COMPLEMENT_NB,2,motivation,textual,complement_log_weight,5.920088138765832,0.18525021693859198,5.845756955000418,5.920088138765832,5.791874628785074,6.2470689443839555,5,1.0,5,1.0,0.0,1.0,0,0.0
B_COMPLEMENT_NB,2,sense,textual,complement_log_weight,5.917002016483435,0.0793884496178147,5.939693266736157,5.917002016483435,5.833204408940267,6.011152621965241,5,1.0,5,1.0,0.0,1.0,0,0.0
B_COMPLEMENT_NB,2,brains,textual,complement_log_weight,5.9135494429155955,0.21247918817244987,5.814457322523022,5.9135494429155955,5.778632949166834,6.2834226425194055,5,1.0,5,1.0,0.0,1.0,0,0.0
B_COMPLEMENT_NB,2,treatment,textual,complement_log_weight,5.912465223503753,0.08292494292943178,5.889611189820078,5.912465223503753,5.832545817854089,6.048377489908164,5,1.0,5,1.0,0.0,1.0,0,0.0
B_COMPLEMENT_NB,2,adult,textual,complement_log_weight,5.9088663190235975,0.2464189466276207,5.745012200264222,5.9088663190235975,5.711080333455345,6.238002844794067,5,1.0,5,1.0,0.0,1.0,0,0.0
B_COMPLEMENT_NB,2,inattentive,textual,complement_log_weight,5.905514113969337,0.12753014896898868,5.880988567201123,5.905514113969337,5.81071358214406,6.123603512310378,5,1.0,5,1.0,0.0,1.0,0,0.0
B_COMPLEMENT_NB,2,impulsivity,textual,complement_log_weight,5.904782689521175,0.056087878205094525,5.8819046473030445,5.904782689521175,5.850086989103098,5.990506386712201,5,1.0,5,1.0,0.0,1.0,0,0.0
B_COMPLEMENT_NB,2,constantly,textual,complement_log_weight,5.9022509995213275,0.07094196601327042,5.929998883734883,5.9022509995213275,5.817660263156232,5.968693044826882,5,1.0,5,1.0,0.0,1.0,0,0.0
B_COMPLEMENT_NB,2,executive,textual,complement_log_weight,5.901812238395967,0.08869485951202824,5.877729623621354,5.901812238395967,5.7865556435399,6.0172301424818935,5,1.0,5,1.0,0.0,1.0,0,0.0
B_COMPLEMENT_NB,2,effects,textual,complement_log_weight,5.886631981278621,0.12656461249619877,5.870176786298879,5.886631981278621,5.721708102145794,6.017597044659494,5,1.0,5,1.0,0.0,1.0,0,0.0
B_COMPLEMENT_NB,2,good,textual,complement_log_weight,5.88521593476385,0.09397436547705554,5.878918618340928,5.88521593476385,5.760518846838612,6.024051553681196,5,1.0,5,1.0,0.0,1.0,0,0.0
B_COMPLEMENT_NB,2,yeah,textual,complement_log_weight,5.885150418258371,0.06846179490227026,5.893690134330057,5.885150418258371,5.814594840462645,5.987861628975149,5,1.0,5,1.0,0.0,1.0,0,0.0
B_COMPLEMENT_NB,2,having,textual,complement_log_weight,5.882787138435409,0.10234540867158735,5.842843117098497,5.882787138435409,5.816611560164423,6.060895665740389,5,1.0,5,1.0,0.0,1.0,0,0.0
B_COMPLEMENT_NB,2,children,textual,complement_log_weight,5.877302509724116,0.16625978996611904,5.805214446935706,5.877302509724116,5.729337895461631,6.128541188931694,5,1.0,5,1.0,0.0,1.0,0,0.0
B_COMPLEMENT_NB,2,hyperactive,textual,complement_log_weight,5.86492619603189,0.07924432698253073,5.86853554679541,5.86492619603189,5.761193994891203,5.966152182135649,5,1.0,5,1.0,0.0,1.0,0,0.0
B_COMPLEMENT_NB,2,answer,textual,complement_log_weight,5.859826221653444,0.03522235479720418,5.868430869055165,5.859826221653444,5.809733566870542,5.903977516280917,5,1.0,5,1.0,0.0,1.0,0,0.0
B_COMPLEMENT_NB,2,tend,textual,complement_log_weight,5.8585097583199826,0.10800644703634248,5.851271864194621,5.8585097583199826,5.716312084433294,6.008902053010205,5,1.0,5,1.0,0.0,1.0,0,0.0
B_COMPLEMENT_NB,2,forget,textual,complement_log_weight,5.848667271052894,0.19709621119074436,5.779802281715573,5.848667271052894,5.661658270938207,6.180955210215432,5,1.0,5,1.0,0.0,1.0,0,0.0
B_COMPLEMENT_NB,2,big,textual,complement_log_weight,5.840170476926343,0.1496937353147504,5.784587832636854,5.840170476926343,5.718147703734594,6.07508124401816,5,1.0,5,1.0,0.0,1.0,0,0.0
B_COMPLEMENT_NB,2,study,textual,complement_log_weight,5.835680816889395,0.20867166404311113,5.78319998174957,5.835680816889395,5.666679928300631,6.197027491031532,5,1.0,5,1.0,0.0,1.0,0,0.0
B_COMPLEMENT_NB,2,stop,textual,complement_log_weight,5.830944796675615,0.1348173254880222,5.814369182083494,5.830944796675615,5.683500994332981,6.039753723877148,5,1.0,5,1.0,0.0,1.0,0,0.0
B_COMPLEMENT_NB,2,treat,textual,complement_log_weight,5.827190300382642,0.1415056849498224,5.826059567488226,5.827190300382642,5.677094566427057,6.021827674951188,5,1.0,5,1.0,0.0,1.0,0,0.0
B_COMPLEMENT_NB,2,trouble,textual,complement_log_weight,5.822583654111172,0.13318007231881226,5.792052359612248,5.822583654111172,5.683869079694176,6.024799276835189,5,1.0,5,1.0,0.0,1.0,0,0.0
B_COMPLEMENT_NB,2,depression,textual,complement_log_weight,5.822235376955408,0.05913841235019203,5.857526187718047,5.822235376955408,5.751969897622024,5.878363726819368,5,1.0,5,1.0,0.0,1.0,0,0.0
B_COMPLEMENT_NB,2,trying,textual,complement_log_weight,5.810551632187581,0.1523177002031835,5.741548356707185,5.810551632187581,5.672436632507072,6.021039585878454,5,1.0,5,1.0,0.0,1.0,0,0.0
B_COMPLEMENT_NB,2,able,textual,complement_log_weight,5.800680722270263,0.08546958626264897,5.790750774568298,5.800680722270263,5.694118270810418,5.931714152585104,5,1.0,5,1.0,0.0,1.0,0,0.0
B_COMPLEMENT_NB,2,long,textual,complement_log_weight,5.799900616559745,0.0891860002726716,5.807308978796574,5.799900616559745,5.695185795520477,5.902814527758172,5,1.0,5,1.0,0.0,1.0,0,0.0
B_COMPLEMENT_NB,2,rejection,textual,complement_log_weight,5.796336592652333,0.12029973274695083,5.807118741474903,5.796336592652333,5.644127857723593,5.962252889670274,5,1.0,5,1.0,0.0,1.0,0,0.0
B_COMPLEMENT_NB,2,uh,textual,complement_log_weight,5.778849539147733,0.1708174171388392,5.77741119242448,5.778849539147733,5.612425872950082,6.049854452360331,5,1.0,5,1.0,0.0,1.0,0,0.0
B_COMPLEMENT_NB,2,music,textual,complement_log_weight,5.778086027271246,0.179010276168853,5.706854325830056,5.778086027271246,5.6450148438176555,6.091351709399532,5,1.0,5,1.0,0.0,1.0,0,0.0
B_COMPLEMENT_NB,2,kind,textual,complement_log_weight,5.762001979234217,0.09227704592146818,5.786284641534948,5.762001979234217,5.643450672711608,5.876277407588228,5,1.0,5,1.0,0.0,1.0,0,0.0
B_COMPLEMENT_NB,2,hyperactivity,textual,complement_log_weight,5.75894629244741,0.08754918606463573,5.751831220663862,5.75894629244741,5.653236068451755,5.8922229269365145,5,1.0,5,1.0,0.0,1.0,0,0.0
B_COMPLEMENT_NB,2,doing,textual,complement_log_weight,5.749431980748262,0.052150002157652815,5.768618945807213,5.749431980748262,5.669529805873667,5.806299567108571,5,1.0,5,1.0,0.0,1.0,0,0.0
B_COMPLEMENT_NB,2,difference,textual,complement_log_weight,5.749195831588929,0.09238814820680032,5.725519915562446,5.749195831588929,5.646009585441947,5.883032017736333,5,1.0,5,1.0,0.0,1.0,0,0.0
B_COMPLEMENT_NB,2,better,textual,complement_log_weight,5.746125695735473,0.061183668699871366,5.75788547460746,5.746125695735473,5.644704374555091,5.799773696245846,5,1.0,5,1.0,0.0,1.0,0,0.0
B_COMPLEMENT_NB,2,ways,textual,complement_log_weight,5.731532223311733,0.0719661495498692,5.761155914481786,5.731532223311733,5.608865114540261,5.783092443386583,5,1.0,5,1.0,0.0,1.0,0,0.0
B_COMPLEMENT_NB,2,feel like,textual,complement_log_weight,5.731286813109564,0.02761502020863047,5.732687891234056,5.731286813109564,5.6914231896867635,5.763397682657993,5,1.0,5,1.0,0.0,1.0,0,0.0
B_COMPLEMENT_NB,2,stimulant,textual,complement_log_weight,5.731091968011777,0.10982922371221009,5.78477998325197,5.731091968011777,5.582599049207726,5.834329872914119,5,1.0,5,1.0,0.0,1.0,0,0.0
B_COMPLEMENT_NB,2,adhd autism,textual,complement_log_weight,5.730900308705948,0.1496699054171019,5.737911747915546,5.730900308705948,5.546857945491219,5.8974015610794615,5,1.0,5,1.0,0.0,1.0,0,0.0
B_COMPLEMENT_NB,2,sep adhd,textual,complement_log_weight,5.725479085320812,0.09789125253532288,5.7215929778554235,5.725479085320812,5.623957490329659,5.829804268578765,5,1.0,5,1.0,0.0,1.0,0,0.0
B_COMPLEMENT_NB,2,did,textual,complement_log_weight,5.720089298524274,0.1216975392599145,5.710776642226735,5.720089298524274,5.58519407341563,5.915439344290195,5,1.0,5,1.0,0.0,1.0,0,0.0
B_COMPLEMENT_NB,2,hard,textual,complement_log_weight,5.719800662303693,0.14379085926303736,5.673253282648797,5.719800662303693,5.6011893987975965,5.95587881248274,5,1.0,5,1.0,0.0,1.0,0,0.0
B_COMPLEMENT_NB,2,helps,textual,complement_log_weight,5.716042812986974,0.0889320546023263,5.677733302235146,5.716042812986974,5.643667564717188,5.8654020335053465,5,1.0,5,1.0,0.0,1.0,0,0.0
B_COMPLEMENT_NB,2,10,textual,complement_log_weight,5.703275511261318,0.09572853776603668,5.659839360089262,5.703275511261318,5.603520407682402,5.846356589210366,5,1.0,5,1.0,0.0,1.0,0,0.0
B_COMPLEMENT_NB,2,task,textual,complement_log_weight,5.702853847043115,0.13769934166057404,5.629297973282493,5.702853847043115,5.556681302697687,5.860160314387321,5,1.0,5,1.0,0.0,1.0,0,0.0
B_COMPLEMENT_NB,2,way,textual,complement_log_weight,5.70024654080467,0.07784741875918648,5.684140967113029,5.70024654080467,5.6105283332835265,5.795299001121754,5,1.0,5,1.0,0.0,1.0,0,0.0
B_COMPLEMENT_NB,2,tasks,textual,complement_log_weight,5.6976226226935385,0.04611867552958369,5.687869788927391,5.6976226226935385,5.649985078721904,5.772953099645184,5,1.0,5,1.0,0.0,1.0,0,0.0
B_COMPLEMENT_NB,2,say,textual,complement_log_weight,5.6963472037781075,0.08179458037790084,5.693834027670835,5.6963472037781075,5.612660810912352,5.802952478467559,5,1.0,5,1.0,0.0,1.0,0,0.0
B_COMPLEMENT_NB,2,problem,textual,complement_log_weight,5.693930918547265,0.08793660795994071,5.66178241905506,5.693930918547265,5.611070028114042,5.832935974540379,5,1.0,5,1.0,0.0,1.0,0,0.0
B_COMPLEMENT_NB,2,sugar,textual,complement_log_weight,5.690143919065904,0.3606813584757962,5.5277891515467275,5.690143919065904,5.41947890784876,6.314805707523294,5,1.0,5,1.0,0.0,1.0,0,0.0
B_COMPLEMENT_NB,2,difficulty,textual,complement_log_weight,5.671592508764222,0.10838240597688514,5.692377645162906,5.671592508764222,5.535858537813148,5.79281279390041,5,1.0,5,1.0,0.0,1.0,0,0.0
B_COMPLEMENT_NB,2,common,textual,complement_log_weight,5.662838491026301,0.08716791972518485,5.6615590081869085,5.662838491026301,5.53863573508193,5.7849399713743095,5,1.0,5,1.0,0.0,1.0,0,0.0
B_COMPLEMENT_NB,2,doesn,textual,complement_log_weight,5.655610943778358,0.07671193610060337,5.663036761542129,5.655610943778358,5.582806664160686,5.769682113366152,5,1.0,5,1.0,0.0,1.0,0,0.0
B_COMPLEMENT_NB,2,struggle,textual,complement_log_weight,5.6509676019278,0.05464173244739062,5.651647115805072,5.6509676019278,5.596156915117561,5.734549052879368,5,1.0,5,1.0,0.0,1.0,0,0.0
B_COMPLEMENT_NB,2,stimulants,textual,complement_log_weight,5.6505864280486495,0.10265082285027834,5.604075399474756,5.6505864280486495,5.5540679345867865,5.81712343929539,5,1.0,5,1.0,0.0,1.0,0,0.0
B_COMPLEMENT_NB,2,look,textual,complement_log_weight,5.649920257250631,0.08879546841667876,5.642802760052877,5.649920257250631,5.535926350831413,5.779007970880608,5,1.0,5,1.0,0.0,1.0,0,0.0
B_COMPLEMENT_NB,2,different,textual,complement_log_weight,5.647242134075095,0.1371979832850966,5.622621993155964,5.647242134075095,5.530113114380604,5.88269366958408,5,1.0,5,1.0,0.0,1.0,0,0.0
B_COMPLEMENT_NB,2,diet,textual,complement_log_weight,5.645863462660006,0.1589010666833185,5.599858108791742,5.645863462660006,5.5185600061431135,5.918617969211738,5,1.0,5,1.0,0.0,1.0,0,0.0
B_COMPLEMENT_NB,2,um,textual,complement_log_weight,5.635222990549157,0.11417445361637084,5.655503629494084,5.635222990549157,5.4925831588609775,5.768197037937798,5,1.0,5,1.0,0.0,1.0,0,0.0
B_COMPLEMENT_NB,2,got,textual,complement_log_weight,5.628247045261678,0.09838924660609591,5.65643659166271,5.628247045261678,5.491311521247049,5.750552851010276,5,1.0,5,1.0,0.0,1.0,0,0.0
B_COMPLEMENT_NB,2,low,textual,complement_log_weight,5.620754277178862,0.17311033486722102,5.577365922606637,5.620754277178862,5.477957074627557,5.919680843921059,5,1.0,5,1.0,0.0,1.0,0,0.0
B_COMPLEMENT_NB,2,important,textual,complement_log_weight,5.612275029258382,0.11243652622803274,5.581751382986374,5.612275029258382,5.5072057376147745,5.7996036468508265,5,1.0,5,1.0,0.0,1.0,0,0.0
B_COMPLEMENT_NB,2,want,textual,complement_log_weight,5.608728365592649,0.06283509109417906,5.5917615055706005,5.608728365592649,5.5508570061144855,5.681178831700272,5,1.0,5,1.0,0.0,1.0,0,0.0
B_COMPLEMENT_NB,2,experience,textual,complement_log_weight,5.606897441259337,0.10392001044625268,5.597103142330173,5.606897441259337,5.498270252025987,5.763768567900335,5,1.0,5,1.0,0.0,1.0,0,0.0
B_COMPLEMENT_NB,2,adults,textual,complement_log_weight,5.603046111368026,0.07906713805933488,5.566771126572472,5.603046111368026,5.539302081687489,5.732440236635802,5,1.0,5,1.0,0.0,1.0,0,0.0
B_COMPLEMENT_NB,2,emotional,textual,complement_log_weight,5.598685697493796,0.10107313254657775,5.554560099510951,5.598685697493796,5.500016683101631,5.761501468808734,5,1.0,5,1.0,0.0,1.0,0,0.0
B_COMPLEMENT_NB,2,actually,textual,complement_log_weight,5.592634938641953,0.07687975937386116,5.587830848499758,5.592634938641953,5.504560250284011,5.680760813365918,5,1.0,5,1.0,0.0,1.0,0,0.0
B_COMPLEMENT_NB,2,high,textual,complement_log_weight,5.590967963671194,0.1389163073859404,5.546505063175729,5.590967963671194,5.496231658587974,5.83326096667728,5,1.0,5,1.0,0.0,1.0,0,0.0
B_COMPLEMENT_NB,2,symptoms adhd,textual,complement_log_weight,5.587850399045349,0.04789787157268397,5.580931677299878,5.587850399045349,5.529968160264649,5.66241231960181,5,1.0,5,1.0,0.0,1.0,0,0.0
B_COMPLEMENT_NB,2,start,textual,complement_log_weight,5.579359380307636,0.09003563488535439,5.545868114826438,5.579359380307636,5.516246267017655,5.737309383385494,5,1.0,5,1.0,0.0,1.0,0,0.0
B_COMPLEMENT_NB,2,people adhd,textual,complement_log_weight,5.569670384736566,0.1231540833311384,5.524139948545034,5.569670384736566,5.4617931272595,5.74737872117172,5,1.0,5,1.0,0.0,1.0,0,0.0
B_COMPLEMENT_NB,2,getting,textual,complement_log_weight,5.559737326101245,0.1281316015341224,5.623307383196546,5.559737326101245,5.372548658313533,5.6731585305016115,5,1.0,5,1.0,0.0,1.0,0,0.0
B_COMPLEMENT_NB,2,disorder,textual,complement_log_weight,5.541503364313002,0.1510622243697578,5.506509238445842,5.541503364313002,5.398849370962723,5.79913237322061,5,1.0,5,1.0,0.0,1.0,0,0.0
B_COMPLEMENT_NB,2,kids,textual,complement_log_weight,5.535448688177891,0.08829811883883891,5.515379594890222,5.535448688177891,5.453666990965273,5.648988836252754,5,1.0,5,1.0,0.0,1.0,0,0.0
B_COMPLEMENT_NB,2,diagnosed,textual,complement_log_weight,5.534395638603008,0.09378535945755674,5.588171833838226,5.534395638603008,5.422948414646678,5.615442700861943,5,1.0,5,1.0,0.0,1.0,0,0.0
B_COMPLEMENT_NB,2,does,textual,complement_log_weight,5.496149130388086,0.08644674331241915,5.494088953617987,5.496149130388086,5.375115120899252,5.618317061180424,5,1.0,5,1.0,0.0,1.0,0,0.0
B_COMPLEMENT_NB,2,real,textual,complement_log_weight,5.489051087166613,0.06666860826510625,5.4886361306993425,5.489051087166613,5.391459194874539,5.563383958895151,5,1.0,5,1.0,0.0,1.0,0,0.0
B_COMPLEMENT_NB,2,problems,textual,complement_log_weight,5.483165403905842,0.04576960840318125,5.46864242552315,5.483165403905842,5.434150632149665,5.535088301199115,5,1.0,5,1.0,0.0,1.0,0,0.0
B_COMPLEMENT_NB,2,thing,textual,complement_log_weight,5.47952410409996,0.08222094033643625,5.496822438058299,5.47952410409996,5.344498641060267,5.5626906451938165,5,1.0,5,1.0,0.0,1.0,0,0.0
B_COMPLEMENT_NB,2,use,textual,complement_log_weight,5.477431821180408,0.10586597548120173,5.452695300452091,5.477431821180408,5.335694426840423,5.599462960214469,5,1.0,5,1.0,0.0,1.0,0,0.0
B_COMPLEMENT_NB,2,signs adhd,textual,complement_log_weight,5.477308718563407,0.07650967252237661,5.486228622622204,5.477308718563407,5.360876355633566,5.559694164673419,5,1.0,5,1.0,0.0,1.0,0,0.0
B_COMPLEMENT_NB,2,day,textual,complement_log_weight,5.477177112665766,0.12663170034023144,5.462630995219834,5.477177112665766,5.31415571871897,5.66093227102581,5,1.0,5,1.0,0.0,1.0,0,0.0
B_COMPLEMENT_NB,2,child,textual,complement_log_weight,5.471605598718308,0.08842527526474007,5.498722282278589,5.471605598718308,5.377538479566935,5.583506999695969,5,1.0,5,1.0,0.0,1.0,0,0.0
B_COMPLEMENT_NB,2,need,textual,complement_log_weight,5.468117742821371,0.0814995091673732,5.49192342318228,5.468117742821371,5.337313545438786,5.5524824899068195,5,1.0,5,1.0,0.0,1.0,0,0.0
B_COMPLEMENT_NB,2,life,textual,complement_log_weight,5.46709586362701,0.1062153807106814,5.513598438841318,5.46709586362701,5.319700993752328,5.580261357363339,5,1.0,5,1.0,0.0,1.0,0,0.0
B_COMPLEMENT_NB,2,anxiety,textual,complement_log_weight,5.45676861866343,0.18852543042103198,5.475578450748486,5.45676861866343,5.263655118370351,5.672449066184495,5,1.0,5,1.0,0.0,1.0,0,0.0
B_COMPLEMENT_NB,2,ve,textual,complement_log_weight,5.441904913298229,0.14681733259675311,5.437637757872126,5.441904913298229,5.279525586209643,5.6761048980315305,5,1.0,5,1.0,0.0,1.0,0,0.0
B_COMPLEMENT_NB,2,school,textual,complement_log_weight,5.435492612023802,0.12641944203930855,5.417963529923628,5.435492612023802,5.311281289962032,5.647294376759824,5,1.0,5,1.0,0.0,1.0,0,0.0
B_COMPLEMENT_NB,2,focus,textual,complement_log_weight,5.430380517742973,0.09386961497291214,5.439206745985393,5.430380517742973,5.301518857519443,5.558400507475666,5,1.0,5,1.0,0.0,1.0,0,0.0
B_COMPLEMENT_NB,2,right,textual,complement_log_weight,5.425285840894965,0.04734371762638996,5.421807164715482,5.425285840894965,5.352418648155214,5.474199650796124,5,1.0,5,1.0,0.0,1.0,0,0.0
B_COMPLEMENT_NB,2,adhd symptoms,textual,complement_log_weight,5.420437211951806,0.05508483675113568,5.433075913903397,5.420437211951806,5.336763172271184,5.488839720231417,5,1.0,5,1.0,0.0,1.0,0,0.0
B_COMPLEMENT_NB,2,add,textual,complement_log_weight,5.366674404252254,0.18366161488309932,5.370025336599044,5.366674404252254,5.167012084317282,5.592280416383182,5,1.0,5,1.0,0.0,1.0,0,0.0
B_COMPLEMENT_NB,2,ll,textual,complement_log_weight,5.360291830578144,0.14208290427611556,5.377146357440645,5.360291830578144,5.196435048305017,5.5105942469722144,5,1.0,5,1.0,0.0,1.0,0,0.0
B_COMPLEMENT_NB,2,work,textual,complement_log_weight,5.3600828945819465,0.08338324733661971,5.3747388790595885,5.3600828945819465,5.238437380283185,5.437600346749814,5,1.0,5,1.0,0.0,1.0,0,0.0
B_COMPLEMENT_NB,2,adhd sep,textual,complement_log_weight,5.3598579542654505,0.07459445874824747,5.384139678568227,5.3598579542654505,5.240457963443103,5.438842519581768,5,1.0,5,1.0,0.0,1.0,0,0.0
B_COMPLEMENT_NB,2,sleep,textual,complement_log_weight,5.357441123197668,0.17432071561223292,5.277764936123567,5.357441123197668,5.171460617077571,5.598645029095542,5,1.0,5,1.0,0.0,1.0,0,0.0
B_COMPLEMENT_NB,2,diagnosis,textual,complement_log_weight,5.337481848994966,0.09736003514532657,5.33110928581337,5.337481848994966,5.197217011746756,5.442316532986708,5,1.0,5,1.0,0.0,1.0,0,0.0
B_COMPLEMENT_NB,2,think,textual,complement_log_weight,5.329401584797596,0.03552849448220343,5.336950235425579,5.329401584797596,5.275428448840101,5.3702021828975655,5,1.0,5,1.0,0.0,1.0,0,0.0
B_COMPLEMENT_NB,2,make,textual,complement_log_weight,5.283060687476211,0.10041226297391803,5.29380429691757,5.283060687476211,5.18104086175505,5.417866422917119,5,1.0,5,1.0,0.0,1.0,0,0.0
B_COMPLEMENT_NB,2,medication,textual,complement_log_weight,5.2823162939934365,0.2342789334364546,5.239521969416799,5.2823162939934365,5.078738330254318,5.674975944093635,5,1.0,5,1.0,0.0,1.0,0,0.0
B_COMPLEMENT_NB,2,autism,textual,complement_log_weight,5.251420237465828,0.14671068310155633,5.221864066536541,5.251420237465828,5.047393839317553,5.4219203305041175,5,1.0,5,1.0,0.0,1.0,0,0.0
B_COMPLEMENT_NB,2,person,textual,complement_log_weight,5.243192006945449,0.14256010639775035,5.2582779172835945,5.243192006945449,5.032907017550287,5.432961411457235,5,1.0,5,1.0,0.0,1.0,0,0.0
B_COMPLEMENT_NB,2,help,textual,complement_log_weight,5.23678671011829,0.11491238264496206,5.179749231287019,5.23678671011829,5.127796940104968,5.388191845807333,5,1.0,5,1.0,0.0,1.0,0,0.0
B_COMPLEMENT_NB,2,dopamine,textual,complement_log_weight,5.236399187394172,0.0959792639909943,5.269207067923755,5.236399187394172,5.103279299371421,5.33984717036756,5,1.0,5,1.0,0.0,1.0,0,0.0
B_COMPLEMENT_NB,2,lot,textual,complement_log_weight,5.215751226530145,0.14206147114795822,5.212840533496907,5.215751226530145,4.995567263582771,5.373098587488532,5,1.0,5,1.0,0.0,1.0,0,0.0
B_COMPLEMENT_NB,2,attention,textual,complement_log_weight,5.193752148340529,0.09894243665937712,5.172827563444576,5.193752148340529,5.087025161681775,5.356777677593884,5,1.0,5,1.0,0.0,1.0,0,0.0
B_COMPLEMENT_NB,2,going,textual,complement_log_weight,5.182398129931284,0.17941273837696806,5.225989867557464,5.182398129931284,4.948973888499249,5.3839655042800425,5,1.0,5,1.0,0.0,1.0,0,0.0
B_COMPLEMENT_NB,2,feel,textual,complement_log_weight,5.122593217077895,0.11339429278730578,5.183448129679252,5.122593217077895,4.9757053202882275,5.23769058916561,5,1.0,5,1.0,0.0,1.0,0,0.0
B_COMPLEMENT_NB,2,don,textual,complement_log_weight,5.090945130377632,0.13137880618431153,5.143678000403412,5.090945130377632,4.94696711359783,5.2323718967526505,5,1.0,5,1.0,0.0,1.0,0,0.0
B_COMPLEMENT_NB,2,really,textual,complement_log_weight,5.089234512493148,0.11065561604455874,5.116931669767129,5.089234512493148,4.960482202422882,5.220702886765463,5,1.0,5,1.0,0.0,1.0,0,0.0
B_COMPLEMENT_NB,2,highly,textual,complement_log_weight,5.067447053325866,2.8378710850193647,6.187576906910897,5.067447053325866,0.0,6.510112055594163,4,0.8,4,0.8,0.0,1.0,0,0.0
B_COMPLEMENT_NB,2,signs,textual,complement_log_weight,5.065519218671204,0.07070916749224763,5.082479747182094,5.065519218671204,4.976410867570731,5.145473575447308,5,1.0,5,1.0,0.0,1.0,0,0.0
B_COMPLEMENT_NB,2,feelings,textual,complement_log_weight,5.057058231346928,2.833091205343163,6.202745676651898,5.057058231346928,0.0,6.634365139959871,4,0.8,4,0.8,0.0,1.0,0,0.0
B_COMPLEMENT_NB,2,time,textual,complement_log_weight,5.053714461112486,0.05227207766283609,5.038825313758691,5.053714461112486,4.9917148938455105,5.113502711294867,5,1.0,5,1.0,0.0,1.0,0,0.0
B_COMPLEMENT_NB,2,turn,textual,complement_log_weight,5.026417461738945,2.813254954030984,6.224590797960585,5.026417461738945,0.0,6.486953377632646,4,0.8,4,0.8,0.0,1.0,0,0.0
B_COMPLEMENT_NB,2,sensory,textual,complement_log_weight,5.010503212156356,2.8023697770881912,6.199946113379994,5.010503212156356,0.0,6.413729419552577,4,0.8,4,0.8,0.0,1.0,0,0.0
B_COMPLEMENT_NB,2,parents,textual,complement_log_weight,4.999987376441059,2.808106794069235,6.002598235394089,4.999987376441059,0.0,6.58235074047405,4,0.8,4,0.8,0.0,1.0,0,0.0
B_COMPLEMENT_NB,2,likely,textual,complement_log_weight,4.964059185958978,2.781360159141698,6.069010895921591,4.964059185958978,0.0,6.518847026305518,4,0.8,4,0.8,0.0,1.0,0,0.0
B_COMPLEMENT_NB,2,function,textual,complement_log_weight,4.960507957829373,2.774401570612413,6.1250976351110635,4.960507957829373,0.0,6.325875714692982,4,0.8,4,0.8,0.0,1.0,0,0.0
B_COMPLEMENT_NB,2,treated,textual,complement_log_weight,4.9591164841944515,2.773596253191215,6.237325940207451,4.9591164841944515,0.0,6.263609784645225,4,0.8,4,0.8,0.0,1.0,0,0.0
B_COMPLEMENT_NB,2,sep,textual,complement_log_weight,4.957991912847418,0.09948641537127785,5.007557389666349,4.957991912847418,4.831256757845301,5.056309875093885,5,1.0,5,1.0,0.0,1.0,0,0.0
B_COMPLEMENT_NB,2,looking,textual,complement_log_weight,4.955770680122083,2.775713576346184,6.080267731328692,4.955770680122083,0.0,6.490136518279187,4,0.8,4,0.8,0.0,1.0,0,0.0
B_COMPLEMENT_NB,2,playing,textual,complement_log_weight,4.951779705738995,2.7704276175286324,6.121212593402922,4.951779705738995,0.0,6.3846478419825905,4,0.8,4,0.8,0.0,1.0,0,0.0
B_COMPLEMENT_NB,2,options,textual,complement_log_weight,4.941850766638105,2.7658940067683315,6.079890466325989,4.941850766638105,0.0,6.392268773203068,4,0.8,4,0.8,0.0,1.0,0,0.0
B_COMPLEMENT_NB,2,activity,textual,complement_log_weight,4.924663795645316,2.753160001485818,6.1346884021193615,4.924663795645316,0.0,6.204456579470156,4,0.8,4,0.8,0.0,1.0,0,0.0
B_COMPLEMENT_NB,2,adhd just,textual,complement_log_weight,4.918610274042936,2.752576203877201,6.050386678825166,4.918610274042936,0.0,6.361512658455104,4,0.8,4,0.8,0.0,1.0,0,0.0
B_COMPLEMENT_NB,2,years,textual,complement_log_weight,4.891400935631097,2.7356629857008965,6.066370604249244,4.891400935631097,0.0,6.2230940501703165,4,0.8,4,0.8,0.0,1.0,0,0.0
B_COMPLEMENT_NB,2,phone,textual,complement_log_weight,4.887143699969995,2.734025583879691,6.027626516968361,4.887143699969995,0.0,6.218138768134496,4,0.8,4,0.8,0.0,1.0,0,0.0
B_COMPLEMENT_NB,2,brain,textual,complement_log_weight,4.870985696064536,0.14183784753046352,4.941594211308647,4.870985696064536,4.6721983737151636,5.009478863571359,5,1.0,5,1.0,0.0,1.0,0,0.0
B_COMPLEMENT_NB,2,maybe,textual,complement_log_weight,4.869473227924548,2.7233167162049896,6.047128113907823,4.869473227924548,0.0,6.205320581269936,4,0.8,4,0.8,0.0,1.0,0,0.0
B_COMPLEMENT_NB,2,makes,textual,complement_log_weight,4.859717226143385,2.717673288763311,6.0322937962106105,4.859717226143385,0.0,6.199741303805339,4,0.8,4,0.8,0.0,1.0,0,0.0
B_COMPLEMENT_NB,2,world,textual,complement_log_weight,4.8492908164004485,2.7135030005176346,5.973932634703847,4.8492908164004485,0.0,6.197153908481843,4,0.8,4,0.8,0.0,1.0,0,0.0
B_COMPLEMENT_NB,2,know,textual,complement_log_weight,4.8452178603605,0.14793104351652084,4.900464389536215,4.8452178603605,4.646156029232212,4.99446065707657,5,1.0,5,1.0,0.0,1.0,0,0.0
B_COMPLEMENT_NB,2,autistic,textual,complement_log_weight,4.840147429606057,2.707660355207214,5.98892124730903,4.840147429606057,0.0,6.221025025648616,4,0.8,4,0.8,0.0,1.0,0,0.0
B_COMPLEMENT_NB,2,things,textual,complement_log_weight,4.838058916431319,0.1682860079609892,4.924201869796653,4.838058916431319,4.657040430996213,5.009870943746512,5,1.0,5,1.0,0.0,1.0,0,0.0
B_COMPLEMENT_NB,2,higher,textual,complement_log_weight,4.837888462838337,2.7047100074351578,6.029279739005172,4.837888462838337,0.0,6.109796928128851,4,0.8,4,0.8,0.0,1.0,0,0.0
B_COMPLEMENT_NB,2,overwhelmed,textual,complement_log_weight,4.837628069334263,2.7052870489551673,6.0162296382655125,4.837628069334263,0.0,6.144445417406664,4,0.8,4,0.8,0.0,1.0,0,0.0
B_COMPLEMENT_NB,2,just,textual,complement_log_weight,4.834561382831901,0.10640422391706596,4.886902550256085,4.834561382831901,4.713925629649254,4.941228347652739,5,1.0,5,1.0,0.0,1.0,0,0.0
B_COMPLEMENT_NB,2,type,textual,complement_log_weight,4.8293460636371695,2.703958676732703,5.913827055898356,4.8293460636371695,0.0,6.277425377316008,4,0.8,4,0.8,0.0,1.0,0,0.0
B_COMPLEMENT_NB,2,adhd real,textual,complement_log_weight,4.8083673113006276,2.69430844882265,5.882330449092548,4.8083673113006276,0.0,6.305921182591558,4,0.8,4,0.8,0.0,1.0,0,0.0
B_COMPLEMENT_NB,2,quickly,textual,complement_log_weight,4.800460992273974,2.690358845995671,5.867915984186864,4.800460992273974,0.0,6.325291245693356,4,0.8,4,0.8,0.0,1.0,0,0.0
B_COMPLEMENT_NB,2,psychiatrist,textual,complement_log_weight,4.796613853079729,2.68167657928653,5.990776206895509,4.796613853079729,0.0,6.05424819091662,4,0.8,4,0.8,0.0,1.0,0,0.0
B_COMPLEMENT_NB,2,treating adhd,textual,complement_log_weight,4.796403045898586,2.682001090973023,5.957167950950819,4.796403045898586,0.0,6.06940223802574,4,0.8,4,0.8,0.0,1.0,0,0.0
B_COMPLEMENT_NB,2,meds,textual,complement_log_weight,4.787847673068016,2.678834878792456,5.8944718191989365,4.787847673068016,0.0,6.149741583612274,4,0.8,4,0.8,0.0,1.0,0,0.0
B_COMPLEMENT_NB,2,sensitive,textual,complement_log_weight,4.784969611536738,2.674960772364254,5.973452435003687,4.784969611536738,0.0,6.002423474684694,4,0.8,4,0.8,0.0,1.0,0,0.0
B_COMPLEMENT_NB,2,drugs,textual,complement_log_weight,4.778926705939236,2.672955779215429,5.908187685529831,4.778926705939236,0.0,6.110857407487879,4,0.8,4,0.8,0.0,1.0,0,0.0
B_COMPLEMENT_NB,2,bad,textual,complement_log_weight,4.772891039518425,2.668426050605311,5.94388682356133,4.772891039518425,0.0,6.007903623236824,4,0.8,4,0.8,0.0,1.0,0,0.0
B_COMPLEMENT_NB,2,number,textual,complement_log_weight,4.769936463610662,0.09035884400444374,4.784168596453103,4.769936463610662,4.6482360693933735,4.8712526579847415,5,1.0,5,1.0,0.0,1.0,0,0.0
B_COMPLEMENT_NB,2,people,textual,complement_log_weight,4.759567928859798,0.17396709715512135,4.787051785126886,4.759567928859798,4.574600404507869,4.95105619401709,5,1.0,5,1.0,0.0,1.0,0,0.0
B_COMPLEMENT_NB,2,symptoms,textual,complement_log_weight,4.755656425508299,0.1371055190918009,4.844015740500955,4.755656425508299,4.589197191753607,4.869163889354111,5,1.0,5,1.0,0.0,1.0,0,0.0
B_COMPLEMENT_NB,2,best,textual,complement_log_weight,4.752936873395873,2.6573913076366256,5.934506224235685,4.752936873395873,0.0,5.990262323017426,4,0.8,4,0.8,0.0,1.0,0,0.0
B_COMPLEMENT_NB,2,foods,textual,complement_log_weight,4.73619598977127,2.648100519559727,5.890392595196021,4.73619598977127,0.0,6.002579524952124,4,0.8,4,0.8,0.0,1.0,0,0.0
B_COMPLEMENT_NB,2,late,textual,complement_log_weight,4.735287855598303,2.6481535714781783,5.871416773530767,4.735287855598303,0.0,6.042862711544459,4,0.8,4,0.8,0.0,1.0,0,0.0
B_COMPLEMENT_NB,2,understanding,textual,complement_log_weight,4.733089444411787,2.6465930684581607,5.884053805865467,4.733089444411787,0.0,6.0167459717077305,4,0.8,4,0.8,0.0,1.0,0,0.0
B_COMPLEMENT_NB,2,physical,textual,complement_log_weight,4.718587075060265,2.6390274129954956,5.851432085699553,4.718587075060265,0.0,6.0391529059330225,4,0.8,4,0.8,0.0,1.0,0,0.0
B_COMPLEMENT_NB,2,love,textual,complement_log_weight,4.7031174143954,2.6303260630930367,5.817228208307732,4.7031174143954,0.0,5.9760717313749465,4,0.8,4,0.8,0.0,1.0,0,0.0
B_COMPLEMENT_NB,2,exercise,textual,complement_log_weight,4.695558055749302,2.625007224370427,5.862828320078849,4.695558055749302,0.0,5.908039678428785,4,0.8,4,0.8,0.0,1.0,0,0.0
B_COMPLEMENT_NB,2,protein,textual,complement_log_weight,4.691849832396316,2.623744585888028,5.835888498627095,4.691849832396316,0.0,5.978318429356661,4,0.8,4,0.8,0.0,1.0,0,0.0
B_COMPLEMENT_NB,2,called,textual,complement_log_weight,4.688121810718249,2.620838818175992,5.849419209239878,4.688121810718249,0.0,5.8967420328696525,4,0.8,4,0.8,0.0,1.0,0,0.0
B_COMPLEMENT_NB,2,relationships,textual,complement_log_weight,4.657611108785668,2.604858176374492,5.7950483009204685,4.657611108785668,0.0,5.939363580819368,4,0.8,4,0.8,0.0,1.0,0,0.0
B_COMPLEMENT_NB,2,pay,textual,complement_log_weight,4.650994529386473,2.6015262702892157,5.735809319573229,4.650994529386473,0.0,5.942537647540574,4,0.8,4,0.8,0.0,1.0,0,0.0
B_COMPLEMENT_NB,2,treating,textual,complement_log_weight,4.64161697348197,2.595346854169991,5.785156202274833,4.64161697348197,0.0,5.862900107063417,4,0.8,4,0.8,0.0,1.0,0,0.0
B_COMPLEMENT_NB,2,neurotypical,textual,complement_log_weight,4.631344498234149,2.591509457576971,5.727654438026421,4.631344498234149,0.0,5.983237904514693,4,0.8,4,0.8,0.0,1.0,0,0.0
B_COMPLEMENT_NB,2,term,textual,complement_log_weight,4.591524737199981,2.5680863457063228,5.696994111491659,4.591524737199981,0.0,5.871836929169184,4,0.8,4,0.8,0.0,1.0,0,0.0
B_COMPLEMENT_NB,2,energy,textual,complement_log_weight,4.578144576682421,2.5598896781630907,5.744768239562124,4.578144576682421,0.0,5.771414082007206,4,0.8,4,0.8,0.0,1.0,0,0.0
B_COMPLEMENT_NB,2,like,textual,complement_log_weight,4.47068886053735,0.17571943487261296,4.584148983092154,4.47068886053735,4.247556019016386,4.613221491531657,5,1.0,5,1.0,0.0,1.0,0,0.0
B_COMPLEMENT_NB,2,activities,textual,complement_log_weight,3.8027789567412698,3.4738577103781663,6.22241113107954,3.8027789567412698,0.0,6.548975691849776,3,0.6,3,0.6,0.0,1.0,0,0.0
B_COMPLEMENT_NB,2,don know,textual,complement_log_weight,3.7665801659291427,3.440081849412729,6.1881777945102,3.7665801659291427,0.0,6.453182999705057,3,0.6,3,0.6,0.0,1.0,0,0.0
B_COMPLEMENT_NB,2,friends,textual,complement_log_weight,3.753997302115356,3.4272863946849705,6.175563146710653,3.753997302115356,0.0,6.309796058326413,3,0.6,3,0.6,0.0,1.0,0,0.0
B_COMPLEMENT_NB,2,struggles,textual,complement_log_weight,3.753917249059352,3.429866378419475,6.050300435715943,3.753917249059352,0.0,6.457510018392104,3,0.6,3,0.6,0.0,1.0,0,0.0
B_COMPLEMENT_NB,2,using,textual,complement_log_weight,3.7476173805527986,3.4255403960803235,6.041569257857662,3.7476173805527986,0.0,6.520231094375103,3,0.6,3,0.6,0.0,1.0,0,0.0
B_COMPLEMENT_NB,2,explain,textual,complement_log_weight,3.728983197598404,3.4042051914363713,6.167383283809614,3.728983197598404,0.0,6.239910921978718,3,0.6,3,0.6,0.0,1.0,0,0.0
B_COMPLEMENT_NB,2,job,textual,complement_log_weight,3.7274435492763884,3.4032365651953036,6.121042658237295,3.7274435492763884,0.0,6.295309160326198,3,0.6,3,0.6,0.0,1.0,0,0.0
B_COMPLEMENT_NB,2,complete,textual,complement_log_weight,3.7210807909322883,3.396952225734536,6.167681233740637,3.7210807909322883,0.0,6.235948148139319,3,0.6,3,0.6,0.0,1.0,0,0.0
B_COMPLEMENT_NB,2,small,textual,complement_log_weight,3.7093358260206073,3.3878530371517894,6.0450840182817505,3.7093358260206073,0.0,6.345858584497402,3,0.6,3,0.6,0.0,1.0,0,0.0
B_COMPLEMENT_NB,2,recommend,textual,complement_log_weight,3.6997865799508554,3.3795679535192003,6.022207681546352,3.6997865799508554,0.0,6.35390578443114,3,0.6,3,0.6,0.0,1.0,0,0.0
B_COMPLEMENT_NB,2,certain,textual,complement_log_weight,3.6925547369068417,3.371460480851136,6.0699162505629305,3.6925547369068417,0.0,6.2531937714344,3,0.6,3,0.6,0.0,1.0,0,0.0
B_COMPLEMENT_NB,2,management,textual,complement_log_weight,3.692347945856266,3.3722957017410606,5.992130937034759,3.692347945856266,0.0,6.287125920682123,3,0.6,3,0.6,0.0,1.0,0,0.0
B_COMPLEMENT_NB,2,traits,textual,complement_log_weight,3.6861299346329695,3.365866874600568,6.0744166147453145,3.6861299346329695,0.0,6.270916956568926,3,0.6,3,0.6,0.0,1.0,0,0.0
B_COMPLEMENT_NB,2,experts,textual,complement_log_weight,3.669449227471845,3.3502327074182845,6.056711841486519,3.669449227471845,0.0,6.209102759372964,3,0.6,3,0.6,0.0,1.0,0,0.0
B_COMPLEMENT_NB,2,adhd,textual,complement_log_weight,3.6687220589588123,0.17570996884734286,3.7669279975720307,3.6687220589588123,3.4764662336165912,3.8310201376365183,5,1.0,5,1.0,0.0,1.0,0,0.0
B_COMPLEMENT_NB,2,adhders,textual,complement_log_weight,3.6682036262991877,3.3488507982935616,6.069760268947873,3.6682036262991877,0.0,6.179908778982853,3,0.6,3,0.6,0.0,1.0,0,0.0
B_COMPLEMENT_NB,2,experts answer,textual,complement_log_weight,3.6625985386378046,3.3438765745302104,6.056711841486519,3.6625985386378046,0.0,6.188198606887399,3,0.6,3,0.6,0.0,1.0,0,0.0
B_COMPLEMENT_NB,2,condition,textual,complement_log_weight,3.6557469703569874,3.338838247021633,5.92436013547809,3.6557469703569874,0.0,6.192395664543575,3,0.6,3,0.6,0.0,1.0,0,0.0
B_COMPLEMENT_NB,2,early,textual,complement_log_weight,3.6557021481276477,3.3392659228022614,5.995202893626881,3.6557021481276477,0.0,6.285346344846742,3,0.6,3,0.6,0.0,1.0,0,0.0
B_COMPLEMENT_NB,2,friend,textual,complement_log_weight,3.6547816711454515,3.3367802966619298,6.008186695369317,3.6547816711454515,0.0,6.158208614785864,3,0.6,3,0.6,0.0,1.0,0,0.0
B_COMPLEMENT_NB,2,great,textual,complement_log_weight,3.653204828047464,3.3356456449123244,6.009382124912471,3.653204828047464,0.0,6.20024034757184,3,0.6,3,0.6,0.0,1.0,0,0.0
B_COMPLEMENT_NB,2,point,textual,complement_log_weight,3.6474585185373853,3.329814406540803,6.042851345489019,3.6474585185373853,0.0,6.130183488478539,3,0.6,3,0.6,0.0,1.0,0,0.0
B_COMPLEMENT_NB,2,answer sep,textual,complement_log_weight,3.639517266920963,3.3227255907484547,6.023086491934296,3.639517266920963,0.0,6.140433508202978,3,0.6,3,0.6,0.0,1.0,0,0.0
B_COMPLEMENT_NB,2,natural,textual,complement_log_weight,3.6348126595491204,3.319242544990234,5.916800732240382,3.6348126595491204,0.0,6.1322323296560945,3,0.6,3,0.6,0.0,1.0,0,0.0
B_COMPLEMENT_NB,2,long term,textual,complement_log_weight,3.630252107922329,3.3156015021479934,5.96415847573445,3.630252107922329,0.0,6.2212037604674455,3,0.6,3,0.6,0.0,1.0,0,0.0
B_COMPLEMENT_NB,2,family,textual,complement_log_weight,3.6115146106645257,3.297352379076972,5.951727910496102,3.6115146106645257,0.0,6.1099810099143905,3,0.6,3,0.6,0.0,1.0,0,0.0
B_COMPLEMENT_NB,2,girls,textual,complement_log_weight,3.6018258434391113,3.2884668421602603,5.950039357618744,3.6018258434391113,0.0,6.092834906850262,3,0.6,3,0.6,0.0,1.0,0,0.0
B_COMPLEMENT_NB,2,neurotypical person,textual,complement_log_weight,3.5943382175517113,3.281249177234399,5.958937214894622,3.5943382175517113,0.0,6.024545963785348,3,0.6,3,0.6,0.0,1.0,0,0.0
B_COMPLEMENT_NB,2,supplements,textual,complement_log_weight,3.5797728046142865,3.268662994234352,5.872041269853035,3.5797728046142865,0.0,6.074223790084487,3,0.6,3,0.6,0.0,1.0,0,0.0
B_COMPLEMENT_NB,2,key,textual,complement_log_weight,3.563101038191779,3.253032315747118,5.880539047353117,3.563101038191779,0.0,6.016849654852985,3,0.6,3,0.6,0.0,1.0,0,0.0
B_COMPLEMENT_NB,2,audhd,textual,complement_log_weight,3.5532540692642827,3.244420552323806,5.833875211476628,3.5532540692642827,0.0,6.029460807005695,3,0.6,3,0.6,0.0,1.0,0,0.0
B_COMPLEMENT_NB,2,pay attention,textual,complement_log_weight,3.543963130196366,3.2356769272006063,5.852422733350138,3.543963130196366,0.0,5.998638237620618,3,0.6,3,0.6,0.0,1.0,0,0.0
B_COMPLEMENT_NB,2,lots,textual,complement_log_weight,3.5299349690848087,3.22257873336536,5.83802309977463,3.5299349690848087,0.0,5.938894037575579,3,0.6,3,0.6,0.0,1.0,0,0.0
B_COMPLEMENT_NB,2,shorts,textual,complement_log_weight,3.5286920772252777,3.221319365706289,5.8562510640002055,3.5286920772252777,0.0,5.917103346632422,3,0.6,3,0.6,0.0,1.0,0,0.0
B_COMPLEMENT_NB,2,works,textual,complement_log_weight,3.526108789519604,3.2195323895849457,5.8155094353190995,3.526108789519604,0.0,5.982018774670178,3,0.6,3,0.6,0.0,1.0,0,0.0
B_COMPLEMENT_NB,2,mood,textual,complement_log_weight,3.5162220565047613,3.210274688983546,5.788553561300983,3.5162220565047613,0.0,5.934961202333492,3,0.6,3,0.6,0.0,1.0,0,0.0
B_COMPLEMENT_NB,2,levels,textual,complement_log_weight,3.4945962707038625,3.190204002969601,5.78558404634787,3.4945962707038625,0.0,5.846058012147888,3,0.6,3,0.6,0.0,1.0,0,0.0
B_COMPLEMENT_NB,2,poor,textual,complement_log_weight,3.482772865175177,3.1793479844305526,5.790324065139197,3.482772865175177,0.0,5.825030986290156,3,0.6,3,0.6,0.0,1.0,0,0.0
B_COMPLEMENT_NB,2,hedge_score,handcrafted_linguistic,complement_log_weight,3.353526957461186,0.16407063046753526,3.32724693952785,3.353526957461186,3.180935469284119,3.540830788433567,5,1.0,5,1.0,0.0,1.0,0,0.0
B_COMPLEMENT_NB,2,certainty_score,handcrafted_linguistic,complement_log_weight,3.183714088133518,0.148394831157776,3.2375116415083176,3.183714088133518,3.000190542621061,3.3238177662134976,5,1.0,5,1.0,0.0,1.0,0,0.0
B_COMPLEMENT_NB,2,executive function,textual,complement_log_weight,2.5428728597678676,3.484141099914719,0.0,2.5428728597678676,0.0,6.531019658864122,2,0.4,2,0.4,0.0,1.0,0,0.0
B_COMPLEMENT_NB,2,sort,textual,complement_log_weight,2.5144947157780164,3.4442572333597745,0.0,2.5144947157780164,0.0,6.4117437427141,2,0.4,2,0.4,0.0,1.0,0,0.0
B_COMPLEMENT_NB,2,lot people,textual,complement_log_weight,2.5127359037800803,3.4420218418372106,0.0,2.5127359037800803,0.0,6.416458708054165,2,0.4,2,0.4,0.0,1.0,0,0.0
B_COMPLEMENT_NB,2,minutes,textual,complement_log_weight,2.512406215025222,3.441964470858399,0.0,2.512406215025222,0.0,6.434459753609061,2,0.4,2,0.4,0.0,1.0,0,0.0
B_COMPLEMENT_NB,2,based,textual,complement_log_weight,2.5091956389536576,3.437407657246204,0.0,2.5091956389536576,0.0,6.418959898058369,2,0.4,2,0.4,0.0,1.0,0,0.0
B_COMPLEMENT_NB,2,like adhd,textual,complement_log_weight,2.501570995457201,3.4266563714093725,0.0,2.501570995457201,0.0,6.384243855681648,2,0.4,2,0.4,0.0,1.0,0,0.0
B_COMPLEMENT_NB,2,structure,textual,complement_log_weight,2.498749452349843,3.4229856503529734,0.0,2.498749452349843,0.0,6.38688587667773,2,0.4,2,0.4,0.0,1.0,0,0.0
B_COMPLEMENT_NB,2,types,textual,complement_log_weight,2.4956279584516223,3.418392734560475,0.0,2.4956279584516223,0.0,6.362446855571986,2,0.4,2,0.4,0.0,1.0,0,0.0
B_COMPLEMENT_NB,2,check,textual,complement_log_weight,2.4929926289660775,3.414405489234304,0.0,2.4929926289660775,0.0,6.3326502278405,2,0.4,2,0.4,0.0,1.0,0,0.0
B_COMPLEMENT_NB,2,test,textual,complement_log_weight,2.4880952195661914,3.408645582281903,0.0,2.4880952195661914,0.0,6.371607068580568,2,0.4,2,0.4,0.0,1.0,0,0.0
B_COMPLEMENT_NB,2,fast,textual,complement_log_weight,2.484293419724957,3.402178325618176,0.0,2.484293419724957,0.0,6.286284765579828,2,0.4,2,0.4,0.0,1.0,0,0.0
B_COMPLEMENT_NB,2,ve got,textual,complement_log_weight,2.4808044555767497,3.39891405682374,0.0,2.4808044555767497,0.0,6.364085908146028,2,0.4,2,0.4,0.0,1.0,0,0.0
B_COMPLEMENT_NB,2,stress,textual,complement_log_weight,2.469181448378415,3.382148318832903,0.0,2.469181448378415,0.0,6.29395220506168,2,0.4,2,0.4,0.0,1.0,0,0.0
B_COMPLEMENT_NB,2,anger,textual,complement_log_weight,2.4677205525718735,3.379892612651131,0.0,2.4677205525718735,0.0,6.275038911007692,2,0.4,2,0.4,0.0,1.0,0,0.0
B_COMPLEMENT_NB,2,shown,textual,complement_log_weight,2.4537852858016587,3.3605675267968116,0.0,2.4537852858016587,0.0,6.2230343512234265,2,0.4,2,0.4,0.0,1.0,0,0.0
B_COMPLEMENT_NB,2,include,textual,complement_log_weight,2.4460093933352374,3.3493878809546715,0.0,2.4460093933352374,0.0,6.141310991897202,2,0.4,2,0.4,0.0,1.0,0,0.0
B_COMPLEMENT_NB,2,play,textual,complement_log_weight,2.440769781645727,3.342162510147375,0.0,2.440769781645727,0.0,6.1052803799503135,2,0.4,2,0.4,0.0,1.0,0,0.0
B_COMPLEMENT_NB,2,adhd like,textual,complement_log_weight,2.439267060592553,3.340443978318086,0.0,2.439267060592553,0.0,6.165567363786058,2,0.4,2,0.4,0.0,1.0,0,0.0
B_COMPLEMENT_NB,2,worse,textual,complement_log_weight,2.435124320035482,3.334470495961767,0.0,2.435124320035482,0.0,6.110675057632091,2,0.4,2,0.4,0.0,1.0,0,0.0
B_COMPLEMENT_NB,2,psychologist,textual,complement_log_weight,2.4208477975023976,3.314909829001273,0.0,2.4208477975023976,0.0,6.0712016529031985,2,0.4,2,0.4,0.0,1.0,0,0.0
B_COMPLEMENT_NB,2,helpful,textual,complement_log_weight,2.417621953119684,3.310945899054439,0.0,2.417621953119684,0.0,6.123841079333616,2,0.4,2,0.4,0.0,1.0,0,0.0
B_COMPLEMENT_NB,2,sign,textual,complement_log_weight,2.405896643378317,3.2945285316135506,0.0,2.405896643378317,0.0,6.054320913770925,2,0.4,2,0.4,0.0,1.0,0,0.0
B_COMPLEMENT_NB,2,potential,textual,complement_log_weight,2.4037226360738733,3.2918667158717687,0.0,2.4037226360738733,0.0,6.084894507384022,2,0.4,2,0.4,0.0,1.0,0,0.0
B_COMPLEMENT_NB,2,एड,textual,complement_log_weight,2.39202812508479,3.275421135681854,0.0,2.39202812508479,0.0,5.984831106275127,2,0.4,2,0.4,0.0,1.0,0,0.0
B_COMPLEMENT_NB,2,wrong,textual,complement_log_weight,2.3742800956291648,3.2511173122377657,0.0,2.3742800956291648,0.0,5.937971579226331,2,0.4,2,0.4,0.0,1.0,0,0.0
B_COMPLEMENT_NB,2,reduce,textual,complement_log_weight,2.372672591543303,3.2489164976613814,0.0,2.372672591543303,0.0,5.934798781304971,2,0.4,2,0.4,0.0,1.0,0,0.0
B_COMPLEMENT_NB,2,trauma,textual,complement_log_weight,2.360930349119742,3.2328400864766356,0.0,2.360930349119742,0.0,5.908620650834481,2,0.4,2,0.4,0.0,1.0,0,0.0
B_COMPLEMENT_NB,2,college,textual,complement_log_weight,2.340082123680586,3.2042894647021107,0.0,2.340082123680586,0.0,5.851012351003256,2,0.4,2,0.4,0.0,1.0,0,0.0
B_COMPLEMENT_NB,2,ocd,textual,complement_log_weight,2.33997004102022,3.2041518558011153,0.0,2.33997004102022,0.0,5.864208197342017,2,0.4,2,0.4,0.0,1.0,0,0.0
B_COMPLEMENT_NB,2,effective,textual,complement_log_weight,1.304112328573502,2.9160838169858914,0.0,1.304112328573502,0.0,6.520561642867509,1,0.2,1,0.2,0.0,1.0,0,0.0
B_COMPLEMENT_NB,2,hyper,textual,complement_log_weight,1.284287207664819,2.8717534989719247,0.0,1.284287207664819,0.0,6.421436038324095,1,0.2,1,0.2,0.0,1.0,0,0.0
B_COMPLEMENT_NB,2,diagnosed adhd,textual,complement_log_weight,1.2744150227951345,2.8496786225168647,0.0,1.2744150227951345,0.0,6.372075113975673,1,0.2,1,0.2,0.0,1.0,0,0.0
B_COMPLEMENT_NB,2,create,textual,complement_log_weight,1.2706121429509025,2.841175124674898,0.0,1.2706121429509025,0.0,6.353060714754513,1,0.2,1,0.2,0.0,1.0,0,0.0
B_COMPLEMENT_NB,2,research,textual,complement_log_weight,1.270232971706819,2.840327271998014,0.0,1.270232971706819,0.0,6.351164858534095,1,0.2,1,0.2,0.0,1.0,0,0.0
B_COMPLEMENT_NB,2,seven,textual,complement_log_weight,1.2597814013979456,2.816956850315755,0.0,1.2597814013979456,0.0,6.298907006989728,1,0.2,1,0.2,0.0,1.0,0,0.0
B_COMPLEMENT_NB,2,focusing,textual,complement_log_weight,1.2568880011007524,2.810487010565113,0.0,1.2568880011007524,0.0,6.284440005503762,1,0.2,1,0.2,0.0,1.0,0,0.0
B_COMPLEMENT_NB,2,interesting,textual,complement_log_weight,1.2527186510398445,2.8011640604069297,0.0,1.2527186510398445,0.0,6.263593255199222,1,0.2,1,0.2,0.0,1.0,0,0.0
B_COMPLEMENT_NB,2,losing,textual,complement_log_weight,1.2523760016700323,2.800397873123582,0.0,1.2523760016700323,0.0,6.261880008350161,1,0.2,1,0.2,0.0,1.0,0,0.0
B_COMPLEMENT_NB,2,adderall,textual,complement_log_weight,1.2455029976123986,2.7850293688410814,0.0,1.2455029976123986,0.0,6.227514988061993,1,0.2,1,0.2,0.0,1.0,0,0.0
B_COMPLEMENT_NB,2,learn,textual,complement_log_weight,1.2378909177915831,2.768008240911584,0.0,1.2378909177915831,0.0,6.189454588957916,1,0.2,1,0.2,0.0,1.0,0,0.0
B_COMPLEMENT_NB,2,seconds,textual,complement_log_weight,1.2347959417540504,2.7610876641029276,0.0,1.2347959417540504,0.0,6.1739797087702515,1,0.2,1,0.2,0.0,1.0,0,0.0
B_COMPLEMENT_NB,2,typically,textual,complement_log_weight,1.2318479535521458,2.7544957620866013,0.0,1.2318479535521458,0.0,6.159239767760729,1,0.2,1,0.2,0.0,1.0,0,0.0
B_COMPLEMENT_NB,2,aren,textual,complement_log_weight,1.2305729983791454,2.7516448756515075,0.0,1.2305729983791454,0.0,6.1528649918957266,1,0.2,1,0.2,0.0,1.0,0,0.0
B_COMPLEMENT_NB,2,changes,textual,complement_log_weight,1.2300288193779418,2.7504280544128887,0.0,1.2300288193779418,0.0,6.15014409688971,1,0.2,1,0.2,0.0,1.0,0,0.0
B_COMPLEMENT_NB,2,hours,textual,complement_log_weight,1.2266524658980738,2.7428782985158353,0.0,1.2266524658980738,0.0,6.1332623294903685,1,0.2,1,0.2,0.0,1.0,0,0.0
B_COMPLEMENT_NB,2,class,textual,complement_log_weight,1.2156803898194133,2.718343990549651,0.0,1.2156803898194133,0.0,6.078401949097066,1,0.2,1,0.2,0.0,1.0,0,0.0
B_COMPLEMENT_NB,2,won,textual,complement_log_weight,1.2129910277507328,2.7123303941479726,0.0,1.2129910277507328,0.0,6.064955138753664,1,0.2,1,0.2,0.0,1.0,0,0.0
B_COMPLEMENT_NB,2,question,textual,complement_log_weight,1.2114603803739696,2.7089077625639484,0.0,1.2114603803739696,0.0,6.057301901869848,1,0.2,1,0.2,0.0,1.0,0,0.0
B_COMPLEMENT_NB,2,happen,textual,complement_log_weight,1.2093477613674488,2.7041838028548093,0.0,1.2093477613674488,0.0,6.046738806837244,1,0.2,1,0.2,0.0,1.0,0,0.0
B_COMPLEMENT_NB,2,absolutely,textual,complement_log_weight,1.1972249908332633,2.677076463864739,0.0,1.1972249908332633,0.0,5.986124954166317,1,0.2,1,0.2,0.0,1.0,0,0.0
B_COMPLEMENT_NB,2,adhd brains,textual,complement_log_weight,1.1871151197159848,2.654470104802743,0.0,1.1871151197159848,0.0,5.935575598579924,1,0.2,1,0.2,0.0,1.0,0,0.0
B_COMPLEMENT_NB,3,low,textual,complement_log_weight,6.535847317944361,0.23264521537051333,6.410482184566872,6.535847317944361,6.304766189278249,6.848740916832844,5,1.0,5,1.0,0.0,1.0,5,1.0
B_COMPLEMENT_NB,3,playing,textual,complement_log_weight,5.519026608129034,3.1437507344658338,6.547940669062541,5.519026608129034,0.0,7.9444440490899355,4,0.8,4,0.8,0.0,1.0,4,0.8
B_COMPLEMENT_NB,3,called,textual,complement_log_weight,5.2521599509447014,2.9486082675141,6.397061986077893,5.2521599509447014,0.0,7.033635210122236,4,0.8,4,0.8,0.0,1.0,4,0.8
B_COMPLEMENT_NB,3,foods,textual,complement_log_weight,5.242586905219727,2.937400533719641,6.405356298483886,5.242586905219727,0.0,6.850940014540381,4,0.8,4,0.8,0.0,1.0,4,0.8
B_COMPLEMENT_NB,3,world,textual,complement_log_weight,5.224304988772173,2.930548255492504,6.305340341056196,5.224304988772173,0.0,6.87436789736481,4,0.8,4,0.8,0.0,1.0,4,0.8
B_COMPLEMENT_NB,3,neurotypical,textual,complement_log_weight,5.214543903225982,2.9193265430321684,6.390035667606999,5.214543903225982,0.0,6.705988531099386,4,0.8,4,0.8,0.0,1.0,4,0.8
B_COMPLEMENT_NB,3,happens,textual,complement_log_weight,6.422008222249969,0.17869186441920826,6.320402508628,6.422008222249969,6.250367203180833,6.632823264998494,5,1.0,5,1.0,0.0,1.0,3,0.6
B_COMPLEMENT_NB,3,body,textual,complement_log_weight,6.393160613322651,0.19981737464587052,6.367577249082408,6.393160613322651,6.15894297474603,6.665957932415263,5,1.0,5,1.0,0.0,1.0,3,0.6
B_COMPLEMENT_NB,3,example,textual,complement_log_weight,6.3873601302812535,0.20566512084509966,6.383660693935064,6.3873601302812535,6.136279621448775,6.690972413731327,5,1.0,5,1.0,0.0,1.0,3,0.6
B_COMPLEMENT_NB,3,neurotypical person,textual,complement_log_weight,4.075927754199303,3.7260922804270935,6.471070348100453,4.075927754199303,0.0,6.986693924797119,3,0.6,3,0.6,0.0,1.0,3,0.6
B_COMPLEMENT_NB,3,explain,textual,complement_log_weight,4.00151928640845,3.6554797346131465,6.452572010279066,4.00151928640845,0.0,6.831744456956009,3,0.6,3,0.6,0.0,1.0,3,0.6
B_COMPLEMENT_NB,3,supplements,textual,complement_log_weight,3.9683589923195135,3.6408881118977554,6.2888489076396885,3.9683589923195135,0.0,7.208234812679232,3,0.6,3,0.6,0.0,1.0,3,0.6
B_COMPLEMENT_NB,3,long term,textual,complement_log_weight,3.9616965506245423,3.6269237039961952,6.354661829276923,3.9616965506245423,0.0,7.050271192891735,3,0.6,3,0.6,0.0,1.0,3,0.6
B_COMPLEMENT_NB,3,works,textual,complement_log_weight,3.901471661062132,3.5659515778507878,6.324095505780326,3.901471661062132,0.0,6.789185500823,3,0.6,3,0.6,0.0,1.0,3,0.6
B_COMPLEMENT_NB,3,levels,textual,complement_log_weight,3.8728348956979692,3.53589780658559,6.399970450364038,3.8728348956979692,0.0,6.551488735332396,3,0.6,3,0.6,0.0,1.0,3,0.6
B_COMPLEMENT_NB,3,natural,textual,complement_log_weight,3.855544684683945,3.5223330788931113,6.265772285081411,3.855544684683945,0.0,6.644009642653565,3,0.6,3,0.6,0.0,1.0,3,0.6
B_COMPLEMENT_NB,3,point,textual,complement_log_weight,3.792876541292343,3.4630125496645277,6.264955034036103,3.792876541292343,0.0,6.427150203269475,3,0.6,3,0.6,0.0,1.0,3,0.6
B_COMPLEMENT_NB,3,study,textual,complement_log_weight,6.513925754936503,0.532150153581805,6.3095812066747605,6.513925754936503,6.164287627325398,7.438819070696495,5,1.0,5,1.0,0.0,1.0,2,0.4
B_COMPLEMENT_NB,3,treat,textual,complement_log_weight,6.492105545211146,0.4220607252920568,6.225018678171813,6.492105545211146,6.15634213756596,7.054081111247311,5,1.0,5,1.0,0.0,1.0,2,0.4
B_COMPLEMENT_NB,3,food,textual,complement_log_weight,6.358346754343994,0.23578988659756375,6.2589872593079905,6.358346754343994,6.186829228270028,6.755973313130429,5,1.0,5,1.0,0.0,1.0,2,0.4
B_COMPLEMENT_NB,3,second,textual,complement_log_weight,6.358114743050772,0.3256167085346034,6.249189171797628,6.358114743050772,6.077119541700135,6.8510040731212,5,1.0,5,1.0,0.0,1.0,2,0.4
B_COMPLEMENT_NB,3,adhd women,textual,complement_log_weight,5.179470104495176,2.9075226119669897,6.345594954020076,5.179470104495176,0.0,6.874316934838353,4,0.8,4,0.8,0.0,1.0,2,0.4
B_COMPLEMENT_NB,3,shown,textual,complement_log_weight,2.644937649457595,3.6268713434106385,0.0,2.644937649457595,0.0,6.88535437549009,2,0.4,2,0.4,0.0,1.0,2,0.4
B_COMPLEMENT_NB,3,helpful,textual,complement_log_weight,2.6125979569733757,3.580419993171916,0.0,2.6125979569733757,0.0,6.737794037075153,2,0.4,2,0.4,0.0,1.0,2,0.4
B_COMPLEMENT_NB,3,rejection sensitivity,textual,complement_log_weight,2.598884544899425,3.562450204865619,0.0,2.598884544899425,0.0,6.729266598895109,2,0.4,2,0.4,0.0,1.0,2,0.4
B_COMPLEMENT_NB,3,minutes,textual,complement_log_weight,2.5979236213588592,3.558267033461642,0.0,2.5979236213588592,0.0,6.608834396133303,2,0.4,2,0.4,0.0,1.0,2,0.4
B_COMPLEMENT_NB,3,anger,textual,complement_log_weight,2.59765619049665,3.5602907035880667,0.0,2.59765619049665,0.0,6.710989439843804,2,0.4,2,0.4,0.0,1.0,2,0.4
B_COMPLEMENT_NB,3,lot people,textual,complement_log_weight,2.5871754999524326,3.5450706970046695,0.0,2.5871754999524326,0.0,6.653716816924502,2,0.4,2,0.4,0.0,1.0,2,0.4
B_COMPLEMENT_NB,3,reduce,textual,complement_log_weight,2.548614636098428,3.4901027355479575,0.0,2.548614636098428,0.0,6.432750125121573,2,0.4,2,0.4,0.0,1.0,2,0.4
B_COMPLEMENT_NB,3,probably,textual,complement_log_weight,6.296604686847834,0.20362922708606598,6.199078952124157,6.296604686847834,6.148701957056074,6.6470616350639276,5,1.0,5,1.0,0.0,1.0,1,0.2
B_COMPLEMENT_NB,3,diet,textual,complement_log_weight,6.291245772012128,0.24957492401038922,6.223214889426906,6.291245772012128,6.075628261985334,6.721431244615688,5,1.0,5,1.0,0.0,1.0,1,0.2
B_COMPLEMENT_NB,3,saying,textual,complement_log_weight,6.212958017424665,0.12012577968931694,6.236895032230305,6.212958017424665,6.038994062626036,6.351702290040889,5,1.0,5,1.0,0.0,1.0,1,0.2
B_COMPLEMENT_NB,3,sugar,textual,complement_log_weight,6.200831440683636,0.08012496216882223,6.193526651048137,6.200831440683636,6.106826395021795,6.323141697106082,5,1.0,5,1.0,0.0,1.0,1,0.2
B_COMPLEMENT_NB,3,disorders,textual,complement_log_weight,6.192471944627675,0.28021450700027606,6.0266936002551095,6.192471944627675,5.995272052847645,6.639818855194522,5,1.0,5,1.0,0.0,1.0,1,0.2
B_COMPLEMENT_NB,3,information,textual,complement_log_weight,6.151654859078123,0.15018773806167435,6.107335701940512,6.151654859078123,6.0075806198377775,6.337993050648258,5,1.0,5,1.0,0.0,1.0,1,0.2
B_COMPLEMENT_NB,3,sensitivity,textual,complement_log_weight,6.137795846683862,0.1575403165203756,6.128508110138377,6.137795846683862,5.9911150907471304,6.382279347059271,5,1.0,5,1.0,0.0,1.0,1,0.2
B_COMPLEMENT_NB,3,constantly,textual,complement_log_weight,6.078308788078919,0.17860425935404572,6.144149474061698,6.078308788078919,5.885307582352722,6.27935025483688,5,1.0,5,1.0,0.0,1.0,1,0.2
B_COMPLEMENT_NB,3,everybody,textual,complement_log_weight,6.069891753228275,0.12323673859644456,6.080792858233534,6.069891753228275,5.930921795741819,6.2593620803775805,5,1.0,5,1.0,0.0,1.0,1,0.2
B_COMPLEMENT_NB,3,women,textual,complement_log_weight,6.048292653666506,0.295947764778567,5.936235743594841,6.048292653666506,5.823552012468682,6.555746007537223,5,1.0,5,1.0,0.0,1.0,1,0.2
B_COMPLEMENT_NB,3,makes,textual,complement_log_weight,5.017750138970509,2.8105570375013667,6.1409145019702205,5.017750138970509,0.0,6.554579952825004,4,0.8,4,0.8,0.0,1.0,1,0.2
B_COMPLEMENT_NB,3,short,textual,complement_log_weight,3.874780777542753,3.5406758700975107,6.210035350494317,3.874780777542753,0.0,6.640740524442151,3,0.6,3,0.6,0.0,1.0,1,0.2
B_COMPLEMENT_NB,3,check,textual,complement_log_weight,2.5807135594568047,3.5371628065047416,0.0,2.5807135594568047,0.0,6.6702607957620605,2,0.4,2,0.4,0.0,1.0,1,0.2
B_COMPLEMENT_NB,3,fast,textual,complement_log_weight,2.562324487349381,3.5113739659239607,0.0,2.562324487349381,0.0,6.602899619538067,2,0.4,2,0.4,0.0,1.0,1,0.2
B_COMPLEMENT_NB,3,sort,textual,complement_log_weight,2.5616062506793336,3.5098467557134496,0.0,2.5616062506793336,0.0,6.580647472599857,2,0.4,2,0.4,0.0,1.0,1,0.2
B_COMPLEMENT_NB,3,stuff,textual,complement_log_weight,2.5005159818975193,3.4240335125741352,0.0,2.5005159818975193,0.0,6.280192056624257,2,0.4,2,0.4,0.0,1.0,1,0.2
B_COMPLEMENT_NB,3,happen,textual,complement_log_weight,1.2736640301692712,2.847999351954833,0.0,1.2736640301692712,0.0,6.368320150846356,1,0.2,1,0.2,0.0,1.0,1,0.2
B_COMPLEMENT_NB,3,adderall,textual,complement_log_weight,1.2512071204941067,2.797784175356593,0.0,1.2512071204941067,0.0,6.256035602470534,1,0.2,1,0.2,0.0,1.0,1,0.2
B_COMPLEMENT_NB,3,forget,textual,complement_log_weight,6.27296241648373,0.174286273790798,6.203437616528856,6.27296241648373,6.122418593647415,6.500757526518409,5,1.0,5,1.0,0.0,1.0,0,0.0
B_COMPLEMENT_NB,3,come,textual,complement_log_weight,6.268785531408435,0.14484440991606126,6.2546835847562585,6.268785531408435,6.1100137101094525,6.495286165830778,5,1.0,5,1.0,0.0,1.0,0,0.0
B_COMPLEMENT_NB,3,moving,textual,complement_log_weight,6.237848339862395,0.23834701072270778,6.1578163478063415,6.237848339862395,6.045751893446728,6.610518587220074,5,1.0,5,1.0,0.0,1.0,0,0.0
B_COMPLEMENT_NB,3,eating,textual,complement_log_weight,6.225814352787124,0.1918226582986726,6.148910606070376,6.225814352787124,6.00670964158375,6.482197359671382,5,1.0,5,1.0,0.0,1.0,0,0.0
B_COMPLEMENT_NB,3,control,textual,complement_log_weight,6.222122061863843,0.13222594651215128,6.185743788993543,6.222122061863843,6.103496632203497,6.446978409190628,5,1.0,5,1.0,0.0,1.0,0,0.0
B_COMPLEMENT_NB,3,bit,textual,complement_log_weight,6.21141926833771,0.11026034523669015,6.235501196028976,6.21141926833771,6.069291838973811,6.352696641054922,5,1.0,5,1.0,0.0,1.0,0,0.0
B_COMPLEMENT_NB,3,taking,textual,complement_log_weight,6.201159742811695,0.10739333133734724,6.195687716555896,6.201159742811695,6.093131106124324,6.374470822144541,5,1.0,5,1.0,0.0,1.0,0,0.0
B_COMPLEMENT_NB,3,rejection,textual,complement_log_weight,6.199361942513572,0.11580867297489118,6.218765398010865,6.199361942513572,6.010302355664793,6.327342385539261,5,1.0,5,1.0,0.0,1.0,0,0.0
B_COMPLEMENT_NB,3,follow,textual,complement_log_weight,6.164603874680825,0.12926921985934461,6.141471825613739,6.164603874680825,6.02429110422051,6.3773134931123865,5,1.0,5,1.0,0.0,1.0,0,0.0
B_COMPLEMENT_NB,3,effects,textual,complement_log_weight,6.159479005086327,0.28408770870232924,5.992011954938951,6.159479005086327,5.907229296636323,6.487994155872469,5,1.0,5,1.0,0.0,1.0,0,0.0
B_COMPLEMENT_NB,3,social,textual,complement_log_weight,6.150866289524887,0.11385710608347688,6.101738510291896,6.150866289524887,6.041646531701289,6.332383800063017,5,1.0,5,1.0,0.0,1.0,0,0.0
B_COMPLEMENT_NB,3,deficit,textual,complement_log_weight,6.150826312874892,0.17612380716025605,6.167629907756934,6.150826312874892,5.985810740371202,6.4177122481425535,5,1.0,5,1.0,0.0,1.0,0,0.0
B_COMPLEMENT_NB,3,struggling,textual,complement_log_weight,6.136581204101881,0.21777961799616663,6.094540284746709,6.136581204101881,5.90753768955846,6.427582140132989,5,1.0,5,1.0,0.0,1.0,0,0.0
B_COMPLEMENT_NB,3,long,textual,complement_log_weight,6.136179923648236,0.27156238736921384,5.980658637038046,6.136179923648236,5.897475760287069,6.500423652842975,5,1.0,5,1.0,0.0,1.0,0,0.0
B_COMPLEMENT_NB,3,fact,textual,complement_log_weight,6.1327587320972565,0.12647284438639578,6.099065357890212,6.1327587320972565,5.979612567335725,6.267913254063227,5,1.0,5,1.0,0.0,1.0,0,0.0
B_COMPLEMENT_NB,3,make sure,textual,complement_log_weight,6.130369694518432,0.14401442241846418,6.095324852460495,6.130369694518432,6.013095367615881,6.367091292901884,5,1.0,5,1.0,0.0,1.0,0,0.0
B_COMPLEMENT_NB,3,means,textual,complement_log_weight,6.121168957504789,0.10579226899914537,6.083759699920003,6.121168957504789,6.047971310365749,6.305239641400158,5,1.0,5,1.0,0.0,1.0,0,0.0
B_COMPLEMENT_NB,3,wait,textual,complement_log_weight,6.119209255456473,0.0982822473628062,6.140710738349498,6.119209255456473,5.973855603402729,6.235194123435694,5,1.0,5,1.0,0.0,1.0,0,0.0
B_COMPLEMENT_NB,3,okay,textual,complement_log_weight,6.119094346533307,0.087085187100128,6.116083618310995,6.119094346533307,5.991803901035839,6.234375296819467,5,1.0,5,1.0,0.0,1.0,0,0.0
B_COMPLEMENT_NB,3,challenges,textual,complement_log_weight,6.115956653422864,0.2799583939208202,6.0159318679679155,6.115956653422864,5.864188030530473,6.480200153135641,5,1.0,5,1.0,0.0,1.0,0,0.0
B_COMPLEMENT_NB,3,feeling,textual,complement_log_weight,6.114456590624954,0.10551584597557838,6.132572053293819,6.114456590624954,5.948759494832181,6.2417947013704245,5,1.0,5,1.0,0.0,1.0,0,0.0
B_COMPLEMENT_NB,3,tell,textual,complement_log_weight,6.114168105129613,0.05708181408086434,6.1018520728635615,6.114168105129613,6.047220791243925,6.188850527842584,5,1.0,5,1.0,0.0,1.0,0,0.0
B_COMPLEMENT_NB,3,adhd brain,textual,complement_log_weight,6.10948565737406,0.23768597031338115,5.977975631474096,6.10948565737406,5.891639602136745,6.422839329168612,5,1.0,5,1.0,0.0,1.0,0,0.0
B_COMPLEMENT_NB,3,important,textual,complement_log_weight,6.107869329112657,0.14128517715718195,6.036087819963313,6.107869329112657,6.01744913186382,6.354929119031443,5,1.0,5,1.0,0.0,1.0,0,0.0
B_COMPLEMENT_NB,3,strategies,textual,complement_log_weight,6.1065345438479675,0.12333074789998184,6.092711311166951,6.1065345438479675,5.93833353172075,6.273246034606502,5,1.0,5,1.0,0.0,1.0,0,0.0
B_COMPLEMENT_NB,3,distracted,textual,complement_log_weight,6.1025647023036385,0.11521068758272052,6.148881581153793,6.1025647023036385,5.950863275961515,6.216172500205915,5,1.0,5,1.0,0.0,1.0,0,0.0
B_COMPLEMENT_NB,3,hear,textual,complement_log_weight,6.0892142079024865,0.20102084542705964,5.9948539563438175,6.0892142079024865,5.972761173005524,6.443247695033949,5,1.0,5,1.0,0.0,1.0,0,0.0
B_COMPLEMENT_NB,3,health,textual,complement_log_weight,6.087079212491062,0.15715028403293851,6.0384813389613115,6.087079212491062,5.933189134781731,6.329736675958226,5,1.0,5,1.0,0.0,1.0,0,0.0
B_COMPLEMENT_NB,3,sense,textual,complement_log_weight,6.0820367671065245,0.14085411511555998,6.100890888915041,6.0820367671065245,5.917928939249349,6.289022647701343,5,1.0,5,1.0,0.0,1.0,0,0.0
B_COMPLEMENT_NB,3,home,textual,complement_log_weight,6.068626947096457,0.04764059196784509,6.080625413950825,6.068626947096457,6.014517023371,6.120626886495536,5,1.0,5,1.0,0.0,1.0,0,0.0
B_COMPLEMENT_NB,3,problem,textual,complement_log_weight,6.065648588516534,0.1818107842443285,6.012747895078713,6.065648588516534,5.924447948633092,6.363704333343074,5,1.0,5,1.0,0.0,1.0,0,0.0
B_COMPLEMENT_NB,3,easily,textual,complement_log_weight,6.060599101883403,0.1015001155068919,6.11224382419641,6.060599101883403,5.918508750333509,6.144947620563804,5,1.0,5,1.0,0.0,1.0,0,0.0
B_COMPLEMENT_NB,3,usually,textual,complement_log_weight,6.057859919942571,0.10428428707370672,6.044873119429002,6.057859919942571,5.903826048753389,6.159154018478271,5,1.0,5,1.0,0.0,1.0,0,0.0
B_COMPLEMENT_NB,3,patients,textual,complement_log_weight,6.055384179592291,0.10895963140812527,5.997024769092301,6.055384179592291,5.95204002643252,6.21240016934134,5,1.0,5,1.0,0.0,1.0,0,0.0
B_COMPLEMENT_NB,3,making,textual,complement_log_weight,6.040521619054468,0.049109720221303554,6.013649037134135,6.040521619054468,5.998685189187892,6.09908390745306,5,1.0,5,1.0,0.0,1.0,0,0.0
B_COMPLEMENT_NB,3,therapy,textual,complement_log_weight,6.03857310508643,0.04127219296410529,6.05339142970392,6.03857310508643,5.991837920510868,6.090769740328951,5,1.0,5,1.0,0.0,1.0,0,0.0
B_COMPLEMENT_NB,3,care,textual,complement_log_weight,6.035538759121017,0.10234085310376534,6.04581446542868,6.035538759121017,5.87088211417718,6.123707016310025,5,1.0,5,1.0,0.0,1.0,0,0.0
B_COMPLEMENT_NB,3,support,textual,complement_log_weight,6.030511308157389,0.2589779451341234,5.906295450643667,6.030511308157389,5.827750231718632,6.468814950352846,5,1.0,5,1.0,0.0,1.0,0,0.0
B_COMPLEMENT_NB,3,oh,textual,complement_log_weight,6.0286686416117625,0.1048459336240572,6.005556867564393,6.0286686416117625,5.927715255678821,6.206430423057513,5,1.0,5,1.0,0.0,1.0,0,0.0
B_COMPLEMENT_NB,3,harder,textual,complement_log_weight,6.023210051971277,0.22064974700084414,5.875275755330279,6.023210051971277,5.837981648442121,6.271915126619832,5,1.0,5,1.0,0.0,1.0,0,0.0
B_COMPLEMENT_NB,3,thing,textual,complement_log_weight,6.0223223502210725,0.08572618002933403,5.987346357944484,6.0223223502210725,5.9296863024020245,6.149998033367296,5,1.0,5,1.0,0.0,1.0,0,0.0
B_COMPLEMENT_NB,3,end,textual,complement_log_weight,6.014127513832072,0.09722797910412571,6.017224074935025,6.014127513832072,5.906325491039425,6.144199808679937,5,1.0,5,1.0,0.0,1.0,0,0.0
B_COMPLEMENT_NB,3,hard,textual,complement_log_weight,5.999451045665301,0.221447812228949,5.925276895017348,5.999451045665301,5.828690008910422,6.387124906238167,5,1.0,5,1.0,0.0,1.0,0,0.0
B_COMPLEMENT_NB,3,increase,textual,complement_log_weight,5.992384437537207,0.07502225774498655,5.9583304817769,5.992384437537207,5.920231121664913,6.093958282223358,5,1.0,5,1.0,0.0,1.0,0,0.0
B_COMPLEMENT_NB,3,dr,textual,complement_log_weight,5.991626233219245,0.13225542894286083,5.943706085962891,5.991626233219245,5.883008235663607,6.203997998512204,5,1.0,5,1.0,0.0,1.0,0,0.0
B_COMPLEMENT_NB,3,helps,textual,complement_log_weight,5.986478494193008,0.09191541390626977,5.993621008151017,5.986478494193008,5.8719595204098045,6.1175196157196154,5,1.0,5,1.0,0.0,1.0,0,0.0
B_COMPLEMENT_NB,3,mental,textual,complement_log_weight,5.980593937751285,0.14713884882380895,5.940645367399424,5.980593937751285,5.872671798380086,6.232947118180822,5,1.0,5,1.0,0.0,1.0,0,0.0
B_COMPLEMENT_NB,3,inattentive,textual,complement_log_weight,5.9777005489745765,0.26646223706972416,5.859367675321157,5.9777005489745765,5.832154065542872,6.452806274045073,5,1.0,5,1.0,0.0,1.0,0,0.0
B_COMPLEMENT_NB,3,tend,textual,complement_log_weight,5.972684629526311,0.19530249127571098,5.9854615529005555,5.972684629526311,5.7609981124032235,6.2715862345092495,5,1.0,5,1.0,0.0,1.0,0,0.0
B_COMPLEMENT_NB,3,did,textual,complement_log_weight,5.970808129130434,0.20345770237842217,5.968511791820147,5.970808129130434,5.766897786224694,6.292627612333303,5,1.0,5,1.0,0.0,1.0,0,0.0
B_COMPLEMENT_NB,3,doesn,textual,complement_log_weight,5.969509458752129,0.18292490836021344,5.887150061034504,5.969509458752129,5.844556115664073,6.288746428705282,5,1.0,5,1.0,0.0,1.0,0,0.0
B_COMPLEMENT_NB,3,difference,textual,complement_log_weight,5.965765536272492,0.10385052956338531,5.932495307629895,5.965765536272492,5.842502893941447,6.105484787498779,5,1.0,5,1.0,0.0,1.0,0,0.0
B_COMPLEMENT_NB,3,answer,textual,complement_log_weight,5.965750711032615,0.05882215910961284,5.9597914169453885,5.965750711032615,5.8902697518257225,6.0390049667020635,5,1.0,5,1.0,0.0,1.0,0,0.0
B_COMPLEMENT_NB,3,comes,textual,complement_log_weight,5.963835533166494,0.1629575796613077,5.8673728017085445,5.963835533166494,5.81967863379387,6.184624437139845,5,1.0,5,1.0,0.0,1.0,0,0.0
B_COMPLEMENT_NB,3,regulation,textual,complement_log_weight,5.950233007273451,0.11182046846961567,5.910071777277355,5.950233007273451,5.857680215058874,6.142356117288795,5,1.0,5,1.0,0.0,1.0,0,0.0
B_COMPLEMENT_NB,3,remember,textual,complement_log_weight,5.9481600876597405,0.1720055660796436,5.906143268007475,5.9481600876597405,5.770895021151205,6.216886464185019,5,1.0,5,1.0,0.0,1.0,0,0.0
B_COMPLEMENT_NB,3,issues,textual,complement_log_weight,5.940635754679349,0.1158998076888777,5.969804149687491,5.940635754679349,5.780190619179681,6.0544009658893065,5,1.0,5,1.0,0.0,1.0,0,0.0
B_COMPLEMENT_NB,3,ways,textual,complement_log_weight,5.93802973616367,0.12212830462718109,5.915550009841298,5.93802973616367,5.809055467525751,6.1396686029849175,5,1.0,5,1.0,0.0,1.0,0,0.0
B_COMPLEMENT_NB,3,adhd adhd,textual,complement_log_weight,5.935510811346338,0.10615035481094787,5.922159765065874,5.935510811346338,5.836178068608683,6.093900831268087,5,1.0,5,1.0,0.0,1.0,0,0.0
B_COMPLEMENT_NB,3,things like,textual,complement_log_weight,5.933649225435007,0.10781561699636515,5.950826262230511,5.933649225435007,5.8015450056881726,6.089022082536637,5,1.0,5,1.0,0.0,1.0,0,0.0
B_COMPLEMENT_NB,3,try,textual,complement_log_weight,5.931745364942352,0.12965216300086224,5.963548357510987,5.931745364942352,5.792990954372623,6.067047388858029,5,1.0,5,1.0,0.0,1.0,0,0.0
B_COMPLEMENT_NB,3,better,textual,complement_log_weight,5.926250795525167,0.09585546804469934,5.904441024372579,5.926250795525167,5.818966752899078,6.07057999542516,5,1.0,5,1.0,0.0,1.0,0,0.0
B_COMPLEMENT_NB,3,little,textual,complement_log_weight,5.925649361644135,0.07455530340238639,5.938300635252465,5.925649361644135,5.84004936061723,6.01296307505686,5,1.0,5,1.0,0.0,1.0,0,0.0
B_COMPLEMENT_NB,3,depression,textual,complement_log_weight,5.924748632373917,0.254475516212771,5.813594860808788,5.924748632373917,5.782447279181653,6.37823554920487,5,1.0,5,1.0,0.0,1.0,0,0.0
B_COMPLEMENT_NB,3,thinking,textual,complement_log_weight,5.91764969652956,0.07490928149431114,5.893073050681799,5.91764969652956,5.847699504115058,6.022726758750096,5,1.0,5,1.0,0.0,1.0,0,0.0
B_COMPLEMENT_NB,3,trying,textual,complement_log_weight,5.91369251227996,0.17091812866772516,5.89541773578363,5.91369251227996,5.765222961118909,6.1943761070910845,5,1.0,5,1.0,0.0,1.0,0,0.0
B_COMPLEMENT_NB,3,big,textual,complement_log_weight,5.9113669652536505,0.10838488073199326,5.865910835039089,5.9113669652536505,5.7967113575295155,6.053521704795943,5,1.0,5,1.0,0.0,1.0,0,0.0
B_COMPLEMENT_NB,3,isn,textual,complement_log_weight,5.907425113181908,0.09411164772412285,5.889680830966339,5.907425113181908,5.801542317329864,6.03834497461582,5,1.0,5,1.0,0.0,1.0,0,0.0
B_COMPLEMENT_NB,3,emotions,textual,complement_log_weight,5.903722228886371,0.17351692533509355,5.835332298426699,5.903722228886371,5.794248180498581,6.212271983903329,5,1.0,5,1.0,0.0,1.0,0,0.0
B_COMPLEMENT_NB,3,instead,textual,complement_log_weight,5.89887144224888,0.17428051490948376,5.878745232510228,5.89887144224888,5.735353295261847,6.147140358586446,5,1.0,5,1.0,0.0,1.0,0,0.0
B_COMPLEMENT_NB,3,sit,textual,complement_log_weight,5.894875515347791,0.08075965628395064,5.924949792120151,5.894875515347791,5.769188703298208,5.978131629178694,5,1.0,5,1.0,0.0,1.0,0,0.0
B_COMPLEMENT_NB,3,mean,textual,complement_log_weight,5.886837044534327,0.13905014241596558,5.8232518050921,5.886837044534327,5.796306257036854,6.128992874984784,5,1.0,5,1.0,0.0,1.0,0,0.0
B_COMPLEMENT_NB,3,doctor,textual,complement_log_weight,5.879464024119715,0.025002772575860557,5.890553541114733,5.879464024119715,5.848863896234794,5.90625770250811,5,1.0,5,1.0,0.0,1.0,0,0.0
B_COMPLEMENT_NB,3,sure,textual,complement_log_weight,5.872288735077188,0.12349466394634658,5.8069422707910725,5.872288735077188,5.783464004701434,6.076182165505988,5,1.0,5,1.0,0.0,1.0,0,0.0
B_COMPLEMENT_NB,3,struggle,textual,complement_log_weight,5.870040925883119,0.08473946078163223,5.873747234090998,5.870040925883119,5.785704940478571,6.004784883039648,5,1.0,5,1.0,0.0,1.0,0,0.0
B_COMPLEMENT_NB,3,non,textual,complement_log_weight,5.856167196489389,0.08567291943793919,5.864948518326917,5.856167196489389,5.76660417053091,5.943183200913257,5,1.0,5,1.0,0.0,1.0,0,0.0
B_COMPLEMENT_NB,3,behavior,textual,complement_log_weight,5.855499112005434,0.07939052581129645,5.857857975280446,5.855499112005434,5.759213342114655,5.976401613280096,5,1.0,5,1.0,0.0,1.0,0,0.0
B_COMPLEMENT_NB,3,brains,textual,complement_log_weight,5.854843766677872,0.10984487289719064,5.847172362068782,5.854843766677872,5.717367432981021,6.020355274401579,5,1.0,5,1.0,0.0,1.0,0,0.0
B_COMPLEMENT_NB,3,feel like,textual,complement_log_weight,5.849204287039202,0.05116439943055789,5.849689499730309,5.849204287039202,5.775013718082246,5.918285520811047,5,1.0,5,1.0,0.0,1.0,0,0.0
B_COMPLEMENT_NB,3,day,textual,complement_log_weight,5.848324392183236,0.21578998387572246,5.771899425084055,5.848324392183236,5.6677321532594584,6.216496478570667,5,1.0,5,1.0,0.0,1.0,0,0.0
B_COMPLEMENT_NB,3,understand,textual,complement_log_weight,5.846673823301135,0.0834422725679306,5.833270363712257,5.846673823301135,5.750510903103513,5.9812288436214285,5,1.0,5,1.0,0.0,1.0,0,0.0
B_COMPLEMENT_NB,3,impact,textual,complement_log_weight,5.84614196482187,0.129085045262532,5.7915560381959965,5.84614196482187,5.733751805311138,6.0317829577275734,5,1.0,5,1.0,0.0,1.0,0,0.0
B_COMPLEMENT_NB,3,hyperactive,textual,complement_log_weight,5.838540908567536,0.11785330169524773,5.799136365848397,5.838540908567536,5.730068373153532,6.032745659954159,5,1.0,5,1.0,0.0,1.0,0,0.0
B_COMPLEMENT_NB,3,use,textual,complement_log_weight,5.837179604669024,0.06566230229901743,5.838777608065772,5.837179604669024,5.740023975972405,5.91509905330789,5,1.0,5,1.0,0.0,1.0,0,0.0
B_COMPLEMENT_NB,3,executive,textual,complement_log_weight,5.8369378526950255,0.0976621881238563,5.84764998449046,5.8369378526950255,5.730548520257161,5.95500384790052,5,1.0,5,1.0,0.0,1.0,0,0.0
B_COMPLEMENT_NB,3,able,textual,complement_log_weight,5.829667157119703,0.04701463300684613,5.854503768065211,5.829667157119703,5.752728586783195,5.863717187199207,5,1.0,5,1.0,0.0,1.0,0,0.0
B_COMPLEMENT_NB,3,adhd diagnosis,textual,complement_log_weight,5.825236100603638,0.09686104870613799,5.843424833978507,5.825236100603638,5.687197176974559,5.915610306680166,5,1.0,5,1.0,0.0,1.0,0,0.0
B_COMPLEMENT_NB,3,self,textual,complement_log_weight,5.824081920955747,0.08409614705902682,5.82157800372217,5.824081920955747,5.705442806311051,5.943041298041718,5,1.0,5,1.0,0.0,1.0,0,0.0
B_COMPLEMENT_NB,3,seen,textual,complement_log_weight,5.820236072117561,0.06724504774802716,5.794894328499292,5.820236072117561,5.755463206214529,5.915332069387027,5,1.0,5,1.0,0.0,1.0,0,0.0
B_COMPLEMENT_NB,3,let,textual,complement_log_weight,5.814453481635586,0.07619100845269738,5.8365713134621835,5.814453481635586,5.712963882688415,5.907964066622569,5,1.0,5,1.0,0.0,1.0,0,0.0
B_COMPLEMENT_NB,3,stop,textual,complement_log_weight,5.811078842458702,0.1735561680308826,5.813753828749492,5.811078842458702,5.63362180390434,6.079362055285109,5,1.0,5,1.0,0.0,1.0,0,0.0
B_COMPLEMENT_NB,3,video,textual,complement_log_weight,5.801455883896947,0.07719273098726005,5.800781207289475,5.801455883896947,5.729556150855996,5.922179949207587,5,1.0,5,1.0,0.0,1.0,0,0.0
B_COMPLEMENT_NB,3,especially,textual,complement_log_weight,5.792894383759045,0.0737462308884198,5.7648866055646115,5.792894383759045,5.7210924587648755,5.912925333752255,5,1.0,5,1.0,0.0,1.0,0,0.0
B_COMPLEMENT_NB,3,having,textual,complement_log_weight,5.7663721886734765,0.06270182263812532,5.7886947864388985,5.7663721886734765,5.665513207087058,5.821231354096763,5,1.0,5,1.0,0.0,1.0,0,0.0
B_COMPLEMENT_NB,3,sep adhd,textual,complement_log_weight,5.765170994285906,0.07622172600794686,5.76364552555077,5.765170994285906,5.675561368911498,5.877199341543562,5,1.0,5,1.0,0.0,1.0,0,0.0
B_COMPLEMENT_NB,3,disorder,textual,complement_log_weight,5.764174846648653,0.10686366176681329,5.706205994764524,5.764174846648653,5.674029441327737,5.9327696548610565,5,1.0,5,1.0,0.0,1.0,0,0.0
B_COMPLEMENT_NB,3,impulsivity,textual,complement_log_weight,5.76150105885209,0.1251727031453614,5.740169607779207,5.76150105885209,5.6581853053268105,5.970724431613424,5,1.0,5,1.0,0.0,1.0,0,0.0
B_COMPLEMENT_NB,3,adult,textual,complement_log_weight,5.760137020808276,0.15109464155858232,5.7381298495468895,5.760137020808276,5.601863087638753,5.977721285064181,5,1.0,5,1.0,0.0,1.0,0,0.0
B_COMPLEMENT_NB,3,10,textual,complement_log_weight,5.755814597879126,0.07220039292018915,5.752230463931459,5.755814597879126,5.648332304187177,5.832889689078918,5,1.0,5,1.0,0.0,1.0,0,0.0
B_COMPLEMENT_NB,3,experience,textual,complement_log_weight,5.753682877662511,0.07658598857204721,5.751363649725327,5.753682877662511,5.6486782557728965,5.858553521605561,5,1.0,5,1.0,0.0,1.0,0,0.0
B_COMPLEMENT_NB,3,talking,textual,complement_log_weight,5.747152670440994,0.06548829632259397,5.752201951938319,5.747152670440994,5.674901200712077,5.83086463473308,5,1.0,5,1.0,0.0,1.0,0,0.0
B_COMPLEMENT_NB,3,ll,textual,complement_log_weight,5.74254715581473,0.13202490704166983,5.784459827479536,5.74254715581473,5.597733524988254,5.896627445293526,5,1.0,5,1.0,0.0,1.0,0,0.0
B_COMPLEMENT_NB,3,medications,textual,complement_log_weight,5.738547714316935,0.07715124793185232,5.727179038844915,5.738547714316935,5.650055743869147,5.855098972935993,5,1.0,5,1.0,0.0,1.0,0,0.0
B_COMPLEMENT_NB,3,impulsive,textual,complement_log_weight,5.735607755407017,0.1244289250621522,5.677072022624064,5.735607755407017,5.630439267607409,5.942669601927206,5,1.0,5,1.0,0.0,1.0,0,0.0
B_COMPLEMENT_NB,3,high,textual,complement_log_weight,5.735237528936165,0.20625892762919937,5.636921778653844,5.735237528936165,5.603113342451998,6.097886910314861,5,1.0,5,1.0,0.0,1.0,0,0.0
B_COMPLEMENT_NB,3,motivation,textual,complement_log_weight,5.729001057420783,0.13589795300988897,5.741210771871509,5.729001057420783,5.590904463820875,5.905716216210413,5,1.0,5,1.0,0.0,1.0,0,0.0
B_COMPLEMENT_NB,3,task,textual,complement_log_weight,5.7155384369664315,0.0861209329786378,5.694853772230019,5.7155384369664315,5.629078975303822,5.825321804840873,5,1.0,5,1.0,0.0,1.0,0,0.0
B_COMPLEMENT_NB,3,talk,textual,complement_log_weight,5.710837240967813,0.10427840107828466,5.698113740907122,5.710837240967813,5.5838746798079715,5.865248953728087,5,1.0,5,1.0,0.0,1.0,0,0.0
B_COMPLEMENT_NB,3,uh,textual,complement_log_weight,5.704672979651869,0.10714430425105766,5.686839635318565,5.704672979651869,5.608396898094852,5.861637102042585,5,1.0,5,1.0,0.0,1.0,0,0.0
B_COMPLEMENT_NB,3,dopamine,textual,complement_log_weight,5.70399351999023,0.12218576229040966,5.7199844222492935,5.70399351999023,5.532373857995839,5.841835565017698,5,1.0,5,1.0,0.0,1.0,0,0.0
B_COMPLEMENT_NB,3,say,textual,complement_log_weight,5.7032050288820955,0.07466547661397212,5.697530736160278,5.7032050288820955,5.601596371947785,5.798692731210057,5,1.0,5,1.0,0.0,1.0,0,0.0
B_COMPLEMENT_NB,3,got,textual,complement_log_weight,5.703158834166713,0.09233486049340359,5.6952570924668215,5.703158834166713,5.608847671739121,5.847711567370556,5,1.0,5,1.0,0.0,1.0,0,0.0
B_COMPLEMENT_NB,3,yeah,textual,complement_log_weight,5.692903532208876,0.0842651460913362,5.728697303118701,5.692903532208876,5.578563326034284,5.776189961663219,5,1.0,5,1.0,0.0,1.0,0,0.0
B_COMPLEMENT_NB,3,treatment,textual,complement_log_weight,5.681901240099097,0.08107164603911642,5.708771711497594,5.681901240099097,5.593766030599787,5.7686822198065,5,1.0,5,1.0,0.0,1.0,0,0.0
B_COMPLEMENT_NB,3,criteria,textual,complement_log_weight,5.678612748621839,0.2709425488776577,5.618105712077332,5.678612748621839,5.4025628796208025,6.127647437339243,5,1.0,5,1.0,0.0,1.0,0,0.0
B_COMPLEMENT_NB,3,kind,textual,complement_log_weight,5.668239386541952,0.12179022742199398,5.678375749673116,5.668239386541952,5.544001999372789,5.844348955193749,5,1.0,5,1.0,0.0,1.0,0,0.0
B_COMPLEMENT_NB,3,good,textual,complement_log_weight,5.667423919731598,0.07595670710724876,5.665340255999555,5.667423919731598,5.558434248488285,5.764284789603722,5,1.0,5,1.0,0.0,1.0,0,0.0
B_COMPLEMENT_NB,3,children,textual,complement_log_weight,5.662338359126589,0.1608461239055815,5.647677098975425,5.662338359126589,5.457718026709263,5.890886347043505,5,1.0,5,1.0,0.0,1.0,0,0.0
B_COMPLEMENT_NB,3,stimulants,textual,complement_log_weight,5.657099959791583,0.19093029665054972,5.592098401770074,5.657099959791583,5.433899893260655,5.929833336208861,5,1.0,5,1.0,0.0,1.0,0,0.0
B_COMPLEMENT_NB,3,adhd autism,textual,complement_log_weight,5.6165122444095035,0.15418987201857332,5.692230307835118,5.6165122444095035,5.394523135341769,5.743314371462307,5,1.0,5,1.0,0.0,1.0,0,0.0
B_COMPLEMENT_NB,3,person,textual,complement_log_weight,5.613211274752744,0.08899340098899958,5.606989519799438,5.613211274752744,5.491645699273039,5.710935479250633,5,1.0,5,1.0,0.0,1.0,0,0.0
B_COMPLEMENT_NB,3,trouble,textual,complement_log_weight,5.60430011902748,0.13444527712193324,5.626195215487211,5.60430011902748,5.416759040008299,5.7665574386535425,5,1.0,5,1.0,0.0,1.0,0,0.0
B_COMPLEMENT_NB,3,music,textual,complement_log_weight,5.592848713903075,0.16903183371372058,5.564772351136654,5.592848713903075,5.41879761024013,5.867856517039677,5,1.0,5,1.0,0.0,1.0,0,0.0
B_COMPLEMENT_NB,3,difficulty,textual,complement_log_weight,5.589385724698807,0.09123096432824422,5.600778623780644,5.589385724698807,5.472622712425871,5.703059795787529,5,1.0,5,1.0,0.0,1.0,0,0.0
B_COMPLEMENT_NB,3,doing,textual,complement_log_weight,5.588991501609949,0.07847284198749435,5.59672665823726,5.588991501609949,5.480048517127905,5.696746835818371,5,1.0,5,1.0,0.0,1.0,0,0.0
B_COMPLEMENT_NB,3,does,textual,complement_log_weight,5.586440788271273,0.13202204569853193,5.510440275374091,5.586440788271273,5.490482600238499,5.796820819455748,5,1.0,5,1.0,0.0,1.0,0,0.0
B_COMPLEMENT_NB,3,want,textual,complement_log_weight,5.581560540237108,0.05817247169103197,5.611112816483643,5.581560540237108,5.504391753762296,5.629446100282689,5,1.0,5,1.0,0.0,1.0,0,0.0
B_COMPLEMENT_NB,3,emotional,textual,complement_log_weight,5.572195220207887,0.07784981500147792,5.548032904208278,5.572195220207887,5.507097467907373,5.707413750414435,5,1.0,5,1.0,0.0,1.0,0,0.0
B_COMPLEMENT_NB,3,common,textual,complement_log_weight,5.564621305683815,0.1465181654624894,5.543480614778928,5.564621305683815,5.41128186194771,5.807259322835902,5,1.0,5,1.0,0.0,1.0,0,0.0
B_COMPLEMENT_NB,3,tasks,textual,complement_log_weight,5.563168488788577,0.08195942195269967,5.5600572908793024,5.563168488788577,5.455787655208175,5.685312127403696,5,1.0,5,1.0,0.0,1.0,0,0.0
B_COMPLEMENT_NB,3,way,textual,complement_log_weight,5.561288155301431,0.08381845496771077,5.508005787140452,5.561288155301431,5.502873197766143,5.694914991349733,5,1.0,5,1.0,0.0,1.0,0,0.0
B_COMPLEMENT_NB,3,hyperactivity,textual,complement_log_weight,5.560510090425482,0.08822536919827982,5.516505358158878,5.560510090425482,5.4871461891990325,5.698706643660491,5,1.0,5,1.0,0.0,1.0,0,0.0
B_COMPLEMENT_NB,3,adhd medication,textual,complement_log_weight,5.557308561905566,0.2617288489739377,5.493265392327601,5.557308561905566,5.325496571657171,6.008382709843721,5,1.0,5,1.0,0.0,1.0,0,0.0
B_COMPLEMENT_NB,3,add,textual,complement_log_weight,5.554605486030015,0.11597330892095387,5.5895838024622675,5.554605486030015,5.359108234214727,5.667544611862961,5,1.0,5,1.0,0.0,1.0,0,0.0
B_COMPLEMENT_NB,3,real,textual,complement_log_weight,5.550945475409395,0.06910231205128381,5.560879464323443,5.550945475409395,5.4714230566260325,5.6336647582333415,5,1.0,5,1.0,0.0,1.0,0,0.0
B_COMPLEMENT_NB,3,kids,textual,complement_log_weight,5.549614279042968,0.06947411808596948,5.537460692865973,5.549614279042968,5.476044076317602,5.664427860534612,5,1.0,5,1.0,0.0,1.0,0,0.0
B_COMPLEMENT_NB,3,look,textual,complement_log_weight,5.537691007559798,0.08112435752962463,5.541096660738213,5.537691007559798,5.447210535101508,5.6554397465526804,5,1.0,5,1.0,0.0,1.0,0,0.0
B_COMPLEMENT_NB,3,life,textual,complement_log_weight,5.530761106218369,0.05573120411946451,5.521159873551827,5.530761106218369,5.468481794285252,5.589519386059909,5,1.0,5,1.0,0.0,1.0,0,0.0
B_COMPLEMENT_NB,3,adhd sep,textual,complement_log_weight,5.523529139918452,0.07017594760176035,5.531158081644061,5.523529139918452,5.412180801412106,5.607378320792199,5,1.0,5,1.0,0.0,1.0,0,0.0
B_COMPLEMENT_NB,3,diagnosed,textual,complement_log_weight,5.518109470986735,0.12391637268958641,5.527368937477553,5.518109470986735,5.344825933661736,5.6362933592543,5,1.0,5,1.0,0.0,1.0,0,0.0
B_COMPLEMENT_NB,3,work,textual,complement_log_weight,5.497970600864508,0.08361655452798725,5.528835239246869,5.497970600864508,5.411180346814165,5.605266009113645,5,1.0,5,1.0,0.0,1.0,0,0.0
B_COMPLEMENT_NB,3,help,textual,complement_log_weight,5.496058991725516,0.07621540435019865,5.473498179153262,5.496058991725516,5.437876829714665,5.622607188428209,5,1.0,5,1.0,0.0,1.0,0,0.0
B_COMPLEMENT_NB,3,school,textual,complement_log_weight,5.483508945156993,0.1881908317977648,5.4634493322561415,5.483508945156993,5.292637858272633,5.796147551405467,5,1.0,5,1.0,0.0,1.0,0,0.0
B_COMPLEMENT_NB,3,problems,textual,complement_log_weight,5.476677750427069,0.04646739924076245,5.457218379873554,5.476677750427069,5.447618476163039,5.558794356173901,5,1.0,5,1.0,0.0,1.0,0,0.0
B_COMPLEMENT_NB,3,adults,textual,complement_log_weight,5.4642107625878,0.12155235277419292,5.41418310841621,5.4642107625878,5.3356009075932125,5.637255627490541,5,1.0,5,1.0,0.0,1.0,0,0.0
B_COMPLEMENT_NB,3,symptoms adhd,textual,complement_log_weight,5.457439103676303,0.13501702582717512,5.424142990930833,5.457439103676303,5.329391835517889,5.663838966122694,5,1.0,5,1.0,0.0,1.0,0,0.0
B_COMPLEMENT_NB,3,child,textual,complement_log_weight,5.454355808204609,0.1408871127653141,5.467514598743245,5.454355808204609,5.239463232866714,5.590029805304053,5,1.0,5,1.0,0.0,1.0,0,0.0
B_COMPLEMENT_NB,3,need,textual,complement_log_weight,5.453876978036361,0.10746295668262433,5.481376089841322,5.453876978036361,5.297667402616791,5.586171881525231,5,1.0,5,1.0,0.0,1.0,0,0.0
B_COMPLEMENT_NB,3,people adhd,textual,complement_log_weight,5.4462120196366515,0.1047301507005321,5.458375392861835,5.4462120196366515,5.271147365550647,5.5373456104917445,5,1.0,5,1.0,0.0,1.0,0,0.0
B_COMPLEMENT_NB,3,stimulant,textual,complement_log_weight,5.438596536491725,0.09014442929747231,5.406631380587496,5.438596536491725,5.361949289848374,5.569733149607179,5,1.0,5,1.0,0.0,1.0,0,0.0
B_COMPLEMENT_NB,3,start,textual,complement_log_weight,5.43728740520905,0.07661828578820266,5.389455680103255,5.43728740520905,5.376473290707425,5.538952240251232,5,1.0,5,1.0,0.0,1.0,0,0.0
B_COMPLEMENT_NB,3,different,textual,complement_log_weight,5.435319400887098,0.11501360645671377,5.438592222901033,5.435319400887098,5.310300259591425,5.575236621315212,5,1.0,5,1.0,0.0,1.0,0,0.0
B_COMPLEMENT_NB,3,signs adhd,textual,complement_log_weight,5.434658980227364,0.05849578814558661,5.415962684280849,5.434658980227364,5.373228001631371,5.51941811850607,5,1.0,5,1.0,0.0,1.0,0,0.0
B_COMPLEMENT_NB,3,right,textual,complement_log_weight,5.421682694772949,0.049113873831940186,5.426057078274078,5.421682694772949,5.373669446954828,5.492293830045663,5,1.0,5,1.0,0.0,1.0,0,0.0
B_COMPLEMENT_NB,3,actually,textual,complement_log_weight,5.39444115486919,0.10219947489956716,5.366152256660702,5.39444115486919,5.294670820184395,5.540220069016342,5,1.0,5,1.0,0.0,1.0,0,0.0
B_COMPLEMENT_NB,3,ve,textual,complement_log_weight,5.3937615928398,0.09511212490400332,5.372461541346955,5.3937615928398,5.259627754559859,5.510234186550282,5,1.0,5,1.0,0.0,1.0,0,0.0
B_COMPLEMENT_NB,3,sleep,textual,complement_log_weight,5.390499840552603,0.15219332211630934,5.33228530043311,5.390499840552603,5.2633944340847005,5.648216009280503,5,1.0,5,1.0,0.0,1.0,0,0.0
B_COMPLEMENT_NB,3,getting,textual,complement_log_weight,5.362237580210296,0.1338572494643621,5.3683470882019355,5.362237580210296,5.163818503806688,5.515961583776845,5,1.0,5,1.0,0.0,1.0,0,0.0
B_COMPLEMENT_NB,3,adhd symptoms,textual,complement_log_weight,5.335798433869394,0.13293056920481983,5.384821782335455,5.335798433869394,5.116547474763979,5.445912539544025,5,1.0,5,1.0,0.0,1.0,0,0.0
B_COMPLEMENT_NB,3,um,textual,complement_log_weight,5.32722436772881,0.09184271078809882,5.370397583718179,5.32722436772881,5.190610119818412,5.41306224734236,5,1.0,5,1.0,0.0,1.0,0,0.0
B_COMPLEMENT_NB,3,think,textual,complement_log_weight,5.2858175566651315,0.07260492996432943,5.301994643758979,5.2858175566651315,5.183464975720244,5.362231217768155,5,1.0,5,1.0,0.0,1.0,0,0.0
B_COMPLEMENT_NB,3,make,textual,complement_log_weight,5.285554433638696,0.12114984590617384,5.271335376097446,5.285554433638696,5.112500390690508,5.420900039144552,5,1.0,5,1.0,0.0,1.0,0,0.0
B_COMPLEMENT_NB,3,autism,textual,complement_log_weight,5.284934991490613,0.17685915892442636,5.288854686521678,5.284934991490613,5.012815523768898,5.449997719271938,5,1.0,5,1.0,0.0,1.0,0,0.0
B_COMPLEMENT_NB,3,anxiety,textual,complement_log_weight,5.279080039157421,0.18729306387385733,5.396483591272331,5.279080039157421,5.060709007427117,5.450457735403861,5,1.0,5,1.0,0.0,1.0,0,0.0
B_COMPLEMENT_NB,3,focus,textual,complement_log_weight,5.239009181077205,0.0931213061646301,5.1833606798046175,5.239009181077205,5.157876395610306,5.3644543120454555,5,1.0,5,1.0,0.0,1.0,0,0.0
B_COMPLEMENT_NB,3,feel,textual,complement_log_weight,5.208807064661815,0.0851332468463366,5.216463329424126,5.208807064661815,5.121968220586248,5.306498773728786,5,1.0,5,1.0,0.0,1.0,0,0.0
B_COMPLEMENT_NB,3,diagnosis,textual,complement_log_weight,5.207356242169277,0.18785484376605982,5.262380453595426,5.207356242169277,4.956301183809261,5.381616495058996,5,1.0,5,1.0,0.0,1.0,0,0.0
B_COMPLEMENT_NB,3,lot,textual,complement_log_weight,5.18964166810262,0.10501665804382881,5.177824239507799,5.18964166810262,5.030017913214797,5.291796384607223,5,1.0,5,1.0,0.0,1.0,0,0.0
B_COMPLEMENT_NB,3,going,textual,complement_log_weight,5.163951228289193,0.15613563224898455,5.1947859900698585,5.163951228289193,4.991561818146767,5.332423030549742,5,1.0,5,1.0,0.0,1.0,0,0.0
B_COMPLEMENT_NB,3,attention,textual,complement_log_weight,5.15496135514042,0.059220476760542755,5.1416074679646435,5.15496135514042,5.101705639383661,5.245996380092965,5,1.0,5,1.0,0.0,1.0,0,0.0
B_COMPLEMENT_NB,3,really,textual,complement_log_weight,5.108727935592414,0.08557658243257787,5.121425520759716,5.108727935592414,5.000470024801368,5.223190624356441,5,1.0,5,1.0,0.0,1.0,0,0.0
B_COMPLEMENT_NB,3,mind,textual,complement_log_weight,5.0965920400071765,2.856058989560058,6.19608125414133,5.0965920400071765,0.0,6.592149703799515,4,0.8,4,0.8,0.0,1.0,0,0.0
B_COMPLEMENT_NB,3,term,textual,complement_log_weight,5.038838498683875,2.8285116781383404,6.125133429353292,5.038838498683875,0.0,6.573947324338185,4,0.8,4,0.8,0.0,1.0,0,0.0
B_COMPLEMENT_NB,3,bad,textual,complement_log_weight,5.0314185077747755,2.8221657697222358,6.0579858255953996,5.0314185077747755,0.0,6.5354345391458954,4,0.8,4,0.8,0.0,1.0,0,0.0
B_COMPLEMENT_NB,3,overwhelmed,textual,complement_log_weight,5.021307538519662,2.813461814265718,6.1325155068335375,5.021307538519662,0.0,6.478864663936654,4,0.8,4,0.8,0.0,1.0,0,0.0
B_COMPLEMENT_NB,3,lead,textual,complement_log_weight,5.008989257851868,2.8033515938361746,6.156941821772191,5.008989257851868,0.0,6.403372725262761,4,0.8,4,0.8,0.0,1.0,0,0.0
B_COMPLEMENT_NB,3,sep,textual,complement_log_weight,5.007153935475107,0.1081789510831439,5.067089524476424,5.007153935475107,4.889473037747789,5.109273660848879,5,1.0,5,1.0,0.0,1.0,0,0.0
B_COMPLEMENT_NB,3,late,textual,complement_log_weight,5.006443424587663,2.8033534111151797,6.1296359621164465,5.006443424587663,0.0,6.448995735532701,4,0.8,4,0.8,0.0,1.0,0,0.0
B_COMPLEMENT_NB,3,treating adhd,textual,complement_log_weight,4.985980050840507,2.7922061992114187,6.0809416176064275,4.985980050840507,0.0,6.435878671821234,4,0.8,4,0.8,0.0,1.0,0,0.0
B_COMPLEMENT_NB,3,brain,textual,complement_log_weight,4.984474556803789,0.13603025021763213,5.001997884503623,4.984474556803789,4.80434678046134,5.146636012665856,5,1.0,5,1.0,0.0,1.0,0,0.0
B_COMPLEMENT_NB,3,sensitive,textual,complement_log_weight,4.964257047690668,2.7802511341769036,6.054585032259089,4.964257047690668,0.0,6.441018884705494,4,0.8,4,0.8,0.0,1.0,0,0.0
B_COMPLEMENT_NB,3,relationships,textual,complement_log_weight,4.961079394117362,2.774525791429691,6.1549304974262435,4.961079394117362,0.0,6.338521411569625,4,0.8,4,0.8,0.0,1.0,0,0.0
B_COMPLEMENT_NB,3,behaviors,textual,complement_log_weight,4.959672784328978,2.775999845292958,6.094908869820668,4.959672784328978,0.0,6.397899310228713,4,0.8,4,0.8,0.0,1.0,0,0.0
B_COMPLEMENT_NB,3,don,textual,complement_log_weight,4.959165178444119,0.11889925502104651,5.0206358980919825,4.959165178444119,4.811468310220989,5.0714336719269895,5,1.0,5,1.0,0.0,1.0,0,0.0
B_COMPLEMENT_NB,3,adhd just,textual,complement_log_weight,4.952069168936338,2.7707370680841237,6.096303091592472,4.952069168936338,0.0,6.3596170139385135,4,0.8,4,0.8,0.0,1.0,0,0.0
B_COMPLEMENT_NB,3,protein,textual,complement_log_weight,4.94851021104949,2.769221237702845,6.0864329138742255,4.94851021104949,0.0,6.37899592559478,4,0.8,4,0.8,0.0,1.0,0,0.0
B_COMPLEMENT_NB,3,affects,textual,complement_log_weight,4.939609507193497,2.7677551002152,6.074109457678041,4.939609507193497,0.0,6.4876765128356,4,0.8,4,0.8,0.0,1.0,0,0.0
B_COMPLEMENT_NB,3,signs,textual,complement_log_weight,4.937602665488397,0.0809575925063064,4.923808851840224,4.937602665488397,4.82799806949588,5.03986842456043,5,1.0,5,1.0,0.0,1.0,0,0.0
B_COMPLEMENT_NB,3,number,textual,complement_log_weight,4.931401716958017,0.179796767796782,4.967048925286401,4.931401716958017,4.6299841515800635,5.074654734635767,5,1.0,5,1.0,0.0,1.0,0,0.0
B_COMPLEMENT_NB,3,drugs,textual,complement_log_weight,4.929057319541853,2.756590271774821,6.121297119949491,4.929057319541853,0.0,6.294214403551707,4,0.8,4,0.8,0.0,1.0,0,0.0
B_COMPLEMENT_NB,3,explained,textual,complement_log_weight,4.924803831522281,2.7571995602123143,6.050995390183671,4.924803831522281,0.0,6.404630913041326,4,0.8,4,0.8,0.0,1.0,0,0.0
B_COMPLEMENT_NB,3,meds,textual,complement_log_weight,4.9229063369342585,2.755311864241727,6.0478004772289475,4.9229063369342585,0.0,6.34924562410481,4,0.8,4,0.8,0.0,1.0,0,0.0
B_COMPLEMENT_NB,3,highly,textual,complement_log_weight,4.922612259367165,2.753170647999346,6.144770582902553,4.922612259367165,0.0,6.2385564390423935,4,0.8,4,0.8,0.0,1.0,0,0.0
B_COMPLEMENT_NB,3,options,textual,complement_log_weight,4.918735900835399,2.7539036088411595,6.091149367181198,4.918735900835399,0.0,6.40132773358145,4,0.8,4,0.8,0.0,1.0,0,0.0
B_COMPLEMENT_NB,3,love,textual,complement_log_weight,4.916476209911804,2.7533190831699828,6.017875394473741,4.916476209911804,0.0,6.3726453608283675,4,0.8,4,0.8,0.0,1.0,0,0.0
B_COMPLEMENT_NB,3,looking,textual,complement_log_weight,4.915667833020811,2.7513708894712186,6.069042351529378,4.915667833020811,0.0,6.3784068080626515,4,0.8,4,0.8,0.0,1.0,0,0.0
B_COMPLEMENT_NB,3,activity,textual,complement_log_weight,4.914218723113471,2.7483864862955105,6.114699409513237,4.914218723113471,0.0,6.262092841525915,4,0.8,4,0.8,0.0,1.0,0,0.0
B_COMPLEMENT_NB,3,time,textual,complement_log_weight,4.905962421419464,0.07755980848323307,4.904854541794347,4.905962421419464,4.790139959199821,4.9984395570425715,5,1.0,5,1.0,0.0,1.0,0,0.0
B_COMPLEMENT_NB,3,things,textual,complement_log_weight,4.90292729113065,0.14242974046547893,4.93756446992413,4.90292729113065,4.689697114322835,5.044497939564095,5,1.0,5,1.0,0.0,1.0,0,0.0
B_COMPLEMENT_NB,3,know,textual,complement_log_weight,4.900290869585129,0.17883541442970038,4.942999730872477,4.900290869585129,4.696152957908311,5.080207205693845,5,1.0,5,1.0,0.0,1.0,0,0.0
B_COMPLEMENT_NB,3,manage,textual,complement_log_weight,4.887101784099181,2.7347530153018034,6.00694852402173,4.887101784099181,0.0,6.245886870008608,4,0.8,4,0.8,0.0,1.0,0,0.0
B_COMPLEMENT_NB,3,years,textual,complement_log_weight,4.8866767292282685,2.7334532335936657,6.054147580248744,4.8866767292282685,0.0,6.269251026090577,4,0.8,4,0.8,0.0,1.0,0,0.0
B_COMPLEMENT_NB,3,present,textual,complement_log_weight,4.876640282888677,2.729177686446725,6.061007462167114,4.876640282888677,0.0,6.301514522367655,4,0.8,4,0.8,0.0,1.0,0,0.0
B_COMPLEMENT_NB,3,maybe,textual,complement_log_weight,4.8759391312271845,2.7280321367234444,6.028314113807822,4.8759391312271845,0.0,6.286277064745259,4,0.8,4,0.8,0.0,1.0,0,0.0
B_COMPLEMENT_NB,3,differently,textual,complement_log_weight,4.871119969387268,2.7236175120873805,6.039388459009994,4.871119969387268,0.0,6.1666828924483275,4,0.8,4,0.8,0.0,1.0,0,0.0
B_COMPLEMENT_NB,3,times,textual,complement_log_weight,4.870480950338257,2.7241230339260567,6.02629206630856,4.870480950338257,0.0,6.231258004799976,4,0.8,4,0.8,0.0,1.0,0,0.0
B_COMPLEMENT_NB,3,parents,textual,complement_log_weight,4.867684437016999,2.7290294595924007,5.937989000373373,4.867684437016999,0.0,6.436312902495195,4,0.8,4,0.8,0.0,1.0,0,0.0
B_COMPLEMENT_NB,3,turn,textual,complement_log_weight,4.867457866553034,2.7222712829656186,6.10476354297917,4.867457866553034,0.0,6.161784284789804,4,0.8,4,0.8,0.0,1.0,0,0.0
B_COMPLEMENT_NB,3,just,textual,complement_log_weight,4.866613333335226,0.12076383141723404,4.901813333754867,4.866613333335226,4.719681124703141,5.004977161478655,5,1.0,5,1.0,0.0,1.0,0,0.0
B_COMPLEMENT_NB,3,medication,textual,complement_log_weight,4.847385345441554,0.21698143156263935,4.8410072995765425,4.847385345441554,4.555504883453684,5.115083131941869,5,1.0,5,1.0,0.0,1.0,0,0.0
B_COMPLEMENT_NB,3,best,textual,complement_log_weight,4.838405756706633,2.7049648213177244,6.027907098483823,4.838405756706633,0.0,6.104508247049206,4,0.8,4,0.8,0.0,1.0,0,0.0
B_COMPLEMENT_NB,3,function,textual,complement_log_weight,4.838273754921768,2.7056661762863965,6.016210278070586,4.838273754921768,0.0,6.155179211584902,4,0.8,4,0.8,0.0,1.0,0,0.0
B_COMPLEMENT_NB,3,adhd real,textual,complement_log_weight,4.825994744954092,2.699696570005998,5.993584510546484,4.825994744954092,0.0,6.135563330118479,4,0.8,4,0.8,0.0,1.0,0,0.0
B_COMPLEMENT_NB,3,feelings,textual,complement_log_weight,4.823744298320607,2.69862676984709,5.966426220303269,4.823744298320607,0.0,6.203966883116394,4,0.8,4,0.8,0.0,1.0,0,0.0
B_COMPLEMENT_NB,3,treating,textual,complement_log_weight,4.821277322154025,2.6979418829266653,5.934829700944945,4.821277322154025,0.0,6.202530622893546,4,0.8,4,0.8,0.0,1.0,0,0.0
B_COMPLEMENT_NB,3,dysfunction,textual,complement_log_weight,4.814731692337705,2.6927128018026294,5.947846092044631,4.814731692337705,0.0,6.126354475042241,4,0.8,4,0.8,0.0,1.0,0,0.0
B_COMPLEMENT_NB,3,likely,textual,complement_log_weight,4.812538049375159,2.6917829924023273,5.942713981555354,4.812538049375159,0.0,6.1378470425027265,4,0.8,4,0.8,0.0,1.0,0,0.0
B_COMPLEMENT_NB,3,autistic,textual,complement_log_weight,4.801995240121068,2.686530562407597,5.94710475002367,4.801995240121068,0.0,6.18613861651397,4,0.8,4,0.8,0.0,1.0,0,0.0
B_COMPLEMENT_NB,3,understanding,textual,complement_log_weight,4.794826417824751,2.68166996777976,5.975536132439716,4.794826417824751,0.0,6.125545067583259,4,0.8,4,0.8,0.0,1.0,0,0.0
B_COMPLEMENT_NB,3,higher,textual,complement_log_weight,4.79459466300027,2.6803126257227197,5.982753692987727,4.79459466300027,0.0,6.021172830181511,4,0.8,4,0.8,0.0,1.0,0,0.0
B_COMPLEMENT_NB,3,sensory,textual,complement_log_weight,4.794176587122214,2.680715458694238,5.953222435070321,4.794176587122214,0.0,6.090492304041514,4,0.8,4,0.8,0.0,1.0,0,0.0
B_COMPLEMENT_NB,3,इपर,textual,complement_log_weight,4.7917152226125115,2.683555223218676,5.843923864513346,4.7917152226125115,0.0,6.2107763382479515,4,0.8,4,0.8,0.0,1.0,0,0.0
B_COMPLEMENT_NB,3,pay,textual,complement_log_weight,4.782281423293036,2.67404511976739,5.932912403501457,4.782281423293036,0.0,6.068816850862044,4,0.8,4,0.8,0.0,1.0,0,0.0
B_COMPLEMENT_NB,3,lack,textual,complement_log_weight,4.776823539979553,2.670440458069138,5.975236152104886,4.776823539979553,0.0,5.99480686543491,4,0.8,4,0.8,0.0,1.0,0,0.0
B_COMPLEMENT_NB,3,treated,textual,complement_log_weight,4.769620443490652,2.6665278667724093,5.945015184852764,4.769620443490652,0.0,6.0170884271949525,4,0.8,4,0.8,0.0,1.0,0,0.0
B_COMPLEMENT_NB,3,psychiatrist,textual,complement_log_weight,4.7680902118450375,2.665914965369281,5.944179714657675,4.7680902118450375,0.0,6.025456832584205,4,0.8,4,0.8,0.0,1.0,0,0.0
B_COMPLEMENT_NB,3,kid,textual,complement_log_weight,4.754268654161146,2.6579935917387614,5.92995727971176,4.754268654161146,0.0,5.9800697648979355,4,0.8,4,0.8,0.0,1.0,0,0.0
B_COMPLEMENT_NB,3,unable,textual,complement_log_weight,4.749797376104233,2.6560202855687343,5.893572304127328,4.749797376104233,0.0,6.0080309687817115,4,0.8,4,0.8,0.0,1.0,0,0.0
B_COMPLEMENT_NB,3,people,textual,complement_log_weight,4.726835779906635,0.15696161444407644,4.791488006614048,4.726835779906635,4.556503638163395,4.871973309911615,5,1.0,5,1.0,0.0,1.0,0,0.0
B_COMPLEMENT_NB,3,phone,textual,complement_log_weight,4.723067193608305,2.6409234780989976,5.859507931646028,4.723067193608305,0.0,5.996082320093505,4,0.8,4,0.8,0.0,1.0,0,0.0
B_COMPLEMENT_NB,3,quickly,textual,complement_log_weight,4.695200029418824,2.6303470518932466,5.750101331933646,4.695200029418824,0.0,6.154495676444233,4,0.8,4,0.8,0.0,1.0,0,0.0
B_COMPLEMENT_NB,3,एक,textual,complement_log_weight,4.681324382803031,2.6221071454601868,5.7052313148461264,4.681324382803031,0.0,6.078880295299136,4,0.8,4,0.8,0.0,1.0,0,0.0
B_COMPLEMENT_NB,3,energy,textual,complement_log_weight,4.649710959615901,2.5997213331398736,5.786868793695652,4.649710959615901,0.0,5.8882399085412755,4,0.8,4,0.8,0.0,1.0,0,0.0
B_COMPLEMENT_NB,3,physical,textual,complement_log_weight,4.635295082489197,2.5916400855883164,5.760399867401186,4.635295082489197,0.0,5.85112684199501,4,0.8,4,0.8,0.0,1.0,0,0.0
B_COMPLEMENT_NB,3,symptoms,textual,complement_log_weight,4.624782914385779,0.18656031882846347,4.674222338283042,4.624782914385779,4.4042802310635025,4.818785767194271,5,1.0,5,1.0,0.0,1.0,0,0.0
B_COMPLEMENT_NB,3,exercise,textual,complement_log_weight,4.588115184693352,2.564924885483043,5.718646319381207,4.588115184693352,0.0,5.760685692574828,4,0.8,4,0.8,0.0,1.0,0,0.0
B_COMPLEMENT_NB,3,type,textual,complement_log_weight,4.560058615092501,2.5498906900785783,5.651258723801766,4.560058615092501,0.0,5.777119976469081,4,0.8,4,0.8,0.0,1.0,0,0.0
B_COMPLEMENT_NB,3,like,textual,complement_log_weight,4.478560671023098,0.1696182406517879,4.582479981385928,4.478560671023098,4.2748940076655,4.626266938753469,5,1.0,5,1.0,0.0,1.0,0,0.0
B_COMPLEMENT_NB,3,friends,textual,complement_log_weight,3.8443195434451143,3.5111225358014866,6.226120392950993,3.8443195434451143,0.0,6.5047748484233185,3,0.6,3,0.6,0.0,1.0,0,0.0
B_COMPLEMENT_NB,3,friend,textual,complement_log_weight,3.8074548618731443,3.4782884096793927,6.140266471272784,3.8074548618731443,0.0,6.512713511379528,3,0.6,3,0.6,0.0,1.0,0,0.0
B_COMPLEMENT_NB,3,struggles,textual,complement_log_weight,3.7943552999063086,3.4693332978130362,6.040719638081716,3.7943552999063086,0.0,6.596572911650556,3,0.6,3,0.6,0.0,1.0,0,0.0
B_COMPLEMENT_NB,3,mood,textual,complement_log_weight,3.7804143847858356,3.456634455326588,6.091278981495024,3.7804143847858356,0.0,6.616422651013173,3,0.6,3,0.6,0.0,1.0,0,0.0
B_COMPLEMENT_NB,3,recommend,textual,complement_log_weight,3.7726335594373905,3.4465747793334627,6.174834207122573,3.7726335594373905,0.0,6.508253015183567,3,0.6,3,0.6,0.0,1.0,0,0.0
B_COMPLEMENT_NB,3,audhd,textual,complement_log_weight,3.7607316468337295,3.437165343832488,6.080476958454384,3.7607316468337295,0.0,6.534888172776713,3,0.6,3,0.6,0.0,1.0,0,0.0
B_COMPLEMENT_NB,3,little bit,textual,complement_log_weight,3.7466350404144975,3.42250021221523,6.055612162635089,3.7466350404144975,0.0,6.408281401205216,3,0.6,3,0.6,0.0,1.0,0,0.0
B_COMPLEMENT_NB,3,certain,textual,complement_log_weight,3.743414475756674,3.4180668664114107,6.162939143359646,3.743414475756674,0.0,6.359330122443134,3,0.6,3,0.6,0.0,1.0,0,0.0
B_COMPLEMENT_NB,3,family,textual,complement_log_weight,3.735756843761822,3.413844011398366,6.092714822097377,3.735756843761822,0.0,6.481415141052964,3,0.6,3,0.6,0.0,1.0,0,0.0
B_COMPLEMENT_NB,3,lots,textual,complement_log_weight,3.727216610880707,3.404852345406256,6.07942015978783,3.727216610880707,0.0,6.4171754145068975,3,0.6,3,0.6,0.0,1.0,0,0.0
B_COMPLEMENT_NB,3,early,textual,complement_log_weight,3.7263184602833332,3.406430803241457,6.031533702631332,3.7263184602833332,0.0,6.502751343015167,3,0.6,3,0.6,0.0,1.0,0,0.0
B_COMPLEMENT_NB,3,iron,textual,complement_log_weight,3.72482011155465,3.4019791940596393,6.109971880782085,3.72482011155465,0.0,6.383178192561235,3,0.6,3,0.6,0.0,1.0,0,0.0
B_COMPLEMENT_NB,3,great,textual,complement_log_weight,3.716489436837783,3.3934445360193157,6.116944177774028,3.716489436837783,0.0,6.310027862201047,3,0.6,3,0.6,0.0,1.0,0,0.0
B_COMPLEMENT_NB,3,complete,textual,complement_log_weight,3.7114394175470373,3.389843028625671,6.045627824373191,3.7114394175470373,0.0,6.352628007061233,3,0.6,3,0.6,0.0,1.0,0,0.0
B_COMPLEMENT_NB,3,intense,textual,complement_log_weight,3.708440036636328,3.3874163715669403,5.990584857852082,3.708440036636328,0.0,6.310199866902127,3,0.6,3,0.6,0.0,1.0,0,0.0
B_COMPLEMENT_NB,3,don know,textual,complement_log_weight,3.6967661436879835,3.3754713548557094,6.095255908341635,3.6967661436879835,0.0,6.281148139906504,3,0.6,3,0.6,0.0,1.0,0,0.0
B_COMPLEMENT_NB,3,experts answer,textual,complement_log_weight,3.691597663527405,3.3707923690400516,6.04426244710906,3.691597663527405,0.0,6.25700176093392,3,0.6,3,0.6,0.0,1.0,0,0.0
B_COMPLEMENT_NB,3,adhd,textual,complement_log_weight,3.6666904698790055,0.19253303941103583,3.7766314814920188,3.6666904698790055,3.438243187351819,3.8554516987626246,5,1.0,5,1.0,0.0,1.0,0,0.0
B_COMPLEMENT_NB,3,answer sep,textual,complement_log_weight,3.6633620124428816,3.3448476755526566,6.007493231635765,3.6633620124428816,0.0,6.196579267588537,3,0.6,3,0.6,0.0,1.0,0,0.0
B_COMPLEMENT_NB,3,job,textual,complement_log_weight,3.659338753388198,3.3407809735235174,6.054867781775447,3.659338753388198,0.0,6.168320967391571,3,0.6,3,0.6,0.0,1.0,0,0.0
B_COMPLEMENT_NB,3,small,textual,complement_log_weight,3.6542731659554377,3.3369180126784674,6.005816122695842,3.6542731659554377,0.0,6.224880885880989,3,0.6,3,0.6,0.0,1.0,0,0.0
B_COMPLEMENT_NB,3,experts,textual,complement_log_weight,3.6538694561417926,3.3357107187151773,6.04426244710906,3.6538694561417926,0.0,6.145828183614951,3,0.6,3,0.6,0.0,1.0,0,0.0
B_COMPLEMENT_NB,3,light,textual,complement_log_weight,3.6537597909565434,3.33637285753968,6.012313882632042,3.6537597909565434,0.0,6.219640137104647,3,0.6,3,0.6,0.0,1.0,0,0.0
B_COMPLEMENT_NB,3,using,textual,complement_log_weight,3.647985920852709,3.3313897998121793,5.986923679028931,3.647985920852709,0.0,6.227265421980561,3,0.6,3,0.6,0.0,1.0,0,0.0
B_COMPLEMENT_NB,3,traits,textual,complement_log_weight,3.639596847887342,3.323002653954245,5.978045886611205,3.639596847887342,0.0,6.1433857340467,3,0.6,3,0.6,0.0,1.0,0,0.0
B_COMPLEMENT_NB,3,diagnostic,textual,complement_log_weight,3.6363775863572796,3.319979463388779,5.9945443475932425,3.6363775863572796,0.0,6.143824295781921,3,0.6,3,0.6,0.0,1.0,0,0.0
B_COMPLEMENT_NB,3,management,textual,complement_log_weight,3.6362206394928114,3.320905424434026,5.897495865902873,3.6362206394928114,0.0,6.151602165042872,3,0.6,3,0.6,0.0,1.0,0,0.0
B_COMPLEMENT_NB,3,adhders,textual,complement_log_weight,3.6311402008010516,3.3150911724004852,6.000021641108595,3.6311402008010516,0.0,6.126232005894474,3,0.6,3,0.6,0.0,1.0,0,0.0
B_COMPLEMENT_NB,3,somebody,textual,complement_log_weight,3.6306394384461584,3.3157979493331946,5.9415809976305916,3.6306394384461584,0.0,6.20975046040624,3,0.6,3,0.6,0.0,1.0,0,0.0
B_COMPLEMENT_NB,3,activities,textual,complement_log_weight,3.6118538756898113,3.2976445315741945,5.963797470690573,3.6118538756898113,0.0,6.111686388043988,3,0.6,3,0.6,0.0,1.0,0,0.0
B_COMPLEMENT_NB,3,pay attention,textual,complement_log_weight,3.607795510281747,3.294372433347796,5.941611506549235,3.607795510281747,0.0,6.139845602568509,3,0.6,3,0.6,0.0,1.0,0,0.0
B_COMPLEMENT_NB,3,key,textual,complement_log_weight,3.601874157618995,3.2889556318695496,5.911468224472314,3.601874157618995,0.0,6.124197683199355,3,0.6,3,0.6,0.0,1.0,0,0.0
B_COMPLEMENT_NB,3,girls,textual,complement_log_weight,3.5569267655925954,3.2473708075386427,5.879173910968408,3.5569267655925954,0.0,6.005809769009258,3,0.6,3,0.6,0.0,1.0,0,0.0
B_COMPLEMENT_NB,3,shorts,textual,complement_log_weight,3.5568842449830127,3.246979627616638,5.923293673151775,3.5568842449830127,0.0,5.935717981585199,3,0.6,3,0.6,0.0,1.0,0,0.0
B_COMPLEMENT_NB,3,condition,textual,complement_log_weight,3.5018513038476398,3.1968262129084057,5.800515838789208,3.5018513038476398,0.0,5.8669392782312935,3,0.6,3,0.6,0.0,1.0,0,0.0
B_COMPLEMENT_NB,3,poor,textual,complement_log_weight,3.4555696031930028,3.1545615127419833,5.725376731913484,3.4555696031930028,0.0,5.7834694686503765,3,0.6,3,0.6,0.0,1.0,0,0.0
B_COMPLEMENT_NB,3,hedge_score,handcrafted_linguistic,complement_log_weight,3.302910686510477,0.1648446438559996,3.313810854397432,3.302910686510477,3.127938509641917,3.471371174313903,5,1.0,5,1.0,0.0,1.0,0,0.0
B_COMPLEMENT_NB,3,certainty_score,handcrafted_linguistic,complement_log_weight,3.2477371393240686,0.1676004215579219,3.3374902981539685,3.2477371393240686,3.031779677078983,3.3982022371918315,5,1.0,5,1.0,0.0,1.0,0,0.0
B_COMPLEMENT_NB,3,affect,textual,complement_log_weight,2.5331305078053292,3.4702059342418705,0.0,2.5331305078053292,0.0,6.480627880438803,2,0.4,2,0.4,0.0,1.0,0,0.0
B_COMPLEMENT_NB,3,ocd,textual,complement_log_weight,2.5245578811754896,3.45840648483607,0.0,2.5245578811754896,0.0,6.45606318928795,2,0.4,2,0.4,0.0,1.0,0,0.0
B_COMPLEMENT_NB,3,include,textual,complement_log_weight,2.5232956932171446,3.4556256181378213,0.0,2.5232956932171446,0.0,6.388035803646383,2,0.4,2,0.4,0.0,1.0,0,0.0
B_COMPLEMENT_NB,3,cause,textual,complement_log_weight,2.504418525869789,3.429822145909014,0.0,2.504418525869789,0.0,6.344348970313771,2,0.4,2,0.4,0.0,1.0,0,0.0
B_COMPLEMENT_NB,3,executive dysfunction,textual,complement_log_weight,2.493143197140644,3.415045685348249,0.0,2.493143197140644,0.0,6.359202009721694,2,0.4,2,0.4,0.0,1.0,0,0.0
B_COMPLEMENT_NB,3,blindness,textual,complement_log_weight,2.492670819436262,3.414478167453657,0.0,2.492670819436262,0.0,6.362225925554228,2,0.4,2,0.4,0.0,1.0,0,0.0
B_COMPLEMENT_NB,3,based,textual,complement_log_weight,2.490018109768034,3.410840905590794,0.0,2.490018109768034,0.0,6.355268795164063,2,0.4,2,0.4,0.0,1.0,0,0.0
B_COMPLEMENT_NB,3,like adhd,textual,complement_log_weight,2.4889324753462985,3.4093023519843038,0.0,2.4889324753462985,0.0,6.3497745242682635,2,0.4,2,0.4,0.0,1.0,0,0.0
B_COMPLEMENT_NB,3,eat,textual,complement_log_weight,2.484875224873773,3.4025622838431953,0.0,2.484875224873773,0.0,6.221773410189046,2,0.4,2,0.4,0.0,1.0,0,0.0
B_COMPLEMENT_NB,3,executive function,textual,complement_log_weight,2.482116354128841,3.3998460790809792,0.0,2.482116354128841,0.0,6.325813663284122,2,0.4,2,0.4,0.0,1.0,0,0.0
B_COMPLEMENT_NB,3,worse,textual,complement_log_weight,2.481901040280179,3.398483096804172,0.0,2.481901040280179,0.0,6.20610055766367,2,0.4,2,0.4,0.0,1.0,0,0.0
B_COMPLEMENT_NB,3,structure,textual,complement_log_weight,2.47607928115931,3.3910774599032956,0.0,2.47607928115931,0.0,6.277836113812178,2,0.4,2,0.4,0.0,1.0,0,0.0
B_COMPLEMENT_NB,3,running,textual,complement_log_weight,2.4747765055074415,3.388927120183312,0.0,2.4747765055074415,0.0,6.2389867346025,2,0.4,2,0.4,0.0,1.0,0,0.0
B_COMPLEMENT_NB,3,types,textual,complement_log_weight,2.458535751758803,3.367394225359349,0.0,2.458535751758803,0.0,6.256770706162336,2,0.4,2,0.4,0.0,1.0,0,0.0
B_COMPLEMENT_NB,3,behavioral,textual,complement_log_weight,2.451142915888691,3.3565376095845276,0.0,2.451142915888691,0.0,6.175903842078794,2,0.4,2,0.4,0.0,1.0,0,0.0
B_COMPLEMENT_NB,3,test,textual,complement_log_weight,2.4411733473701385,3.343805030899222,0.0,2.4411733473701385,0.0,6.223708985460269,2,0.4,2,0.4,0.0,1.0,0,0.0
B_COMPLEMENT_NB,3,needs,textual,complement_log_weight,2.4392609944887367,3.340823138387694,0.0,2.4392609944887367,0.0,6.196743747726232,2,0.4,2,0.4,0.0,1.0,0,0.0
B_COMPLEMENT_NB,3,stress,textual,complement_log_weight,2.4164882676872486,3.3095357775272496,0.0,2.4164882676872486,0.0,6.1320271720295825,2,0.4,2,0.4,0.0,1.0,0,0.0
B_COMPLEMENT_NB,3,college,textual,complement_log_weight,2.416059611627696,3.30832634947229,0.0,2.416059611627696,0.0,6.042657655317492,2,0.4,2,0.4,0.0,1.0,0,0.0
B_COMPLEMENT_NB,3,play,textual,complement_log_weight,2.4142037932409246,3.3058056248563776,0.0,2.4142037932409246,0.0,6.052147580751006,2,0.4,2,0.4,0.0,1.0,0,0.0
B_COMPLEMENT_NB,3,improve,textual,complement_log_weight,2.413963668107419,3.3055440964503666,0.0,2.413963668107419,0.0,6.069060760581318,2,0.4,2,0.4,0.0,1.0,0,0.0
B_COMPLEMENT_NB,3,ve got,textual,complement_log_weight,2.4045127071845696,3.292809901348919,0.0,2.4045127071845696,0.0,6.07364358759254,2,0.4,2,0.4,0.0,1.0,0,0.0
B_COMPLEMENT_NB,3,sign,textual,complement_log_weight,2.403948615089436,3.292161502999201,0.0,2.403948615089436,0.0,6.084176205785894,2,0.4,2,0.4,0.0,1.0,0,0.0
B_COMPLEMENT_NB,3,adhd like,textual,complement_log_weight,2.38808209529088,3.270140483770172,0.0,2.38808209529088,0.0,6.010543994429368,2,0.4,2,0.4,0.0,1.0,0,0.0
B_COMPLEMENT_NB,3,potential,textual,complement_log_weight,2.385604893194146,3.2671788324344075,0.0,2.385604893194146,0.0,6.049158560536664,2,0.4,2,0.4,0.0,1.0,0,0.0
B_COMPLEMENT_NB,3,wrong,textual,complement_log_weight,2.384553172820253,3.2652374486371256,0.0,2.384553172820253,0.0,5.987827486079971,2,0.4,2,0.4,0.0,1.0,0,0.0
B_COMPLEMENT_NB,3,psychologist,textual,complement_log_weight,2.37121797237821,3.2469245095642725,0.0,2.37121797237821,0.0,5.930787125873586,2,0.4,2,0.4,0.0,1.0,0,0.0
B_COMPLEMENT_NB,3,inattention,textual,complement_log_weight,2.357847306843555,3.228953783642256,0.0,2.357847306843555,0.0,5.960727002046222,2,0.4,2,0.4,0.0,1.0,0,0.0
B_COMPLEMENT_NB,3,trauma,textual,complement_log_weight,2.333436298841427,3.1951906003803745,0.0,2.333436298841427,0.0,5.837755204184146,2,0.4,2,0.4,0.0,1.0,0,0.0
B_COMPLEMENT_NB,3,एड,textual,complement_log_weight,2.3108284017948235,3.1642363903479196,0.0,2.3108284017948235,0.0,5.784435342406281,2,0.4,2,0.4,0.0,1.0,0,0.0
B_COMPLEMENT_NB,3,seconds,textual,complement_log_weight,1.32573054557687,2.9644236197577647,0.0,1.32573054557687,0.0,6.62865272788435,1,0.2,1,0.2,0.0,1.0,0,0.0
B_COMPLEMENT_NB,3,won,textual,complement_log_weight,1.301884059315602,2.9111012554530546,0.0,1.301884059315602,0.0,6.50942029657801,1,0.2,1,0.2,0.0,1.0,0,0.0
B_COMPLEMENT_NB,3,keeping,textual,complement_log_weight,1.2978368812839842,2.9020514902573136,0.0,1.2978368812839842,0.0,6.489184406419921,1,0.2,1,0.2,0.0,1.0,0,0.0
B_COMPLEMENT_NB,3,effective,textual,complement_log_weight,1.2926959345195699,2.890555983823375,0.0,1.2926959345195699,0.0,6.463479672597849,1,0.2,1,0.2,0.0,1.0,0,0.0
B_COMPLEMENT_NB,3,feels,textual,complement_log_weight,1.2821464438638506,2.866966605589188,0.0,1.2821464438638506,0.0,6.410732219319253,1,0.2,1,0.2,0.0,1.0,0,0.0
B_COMPLEMENT_NB,3,seven,textual,complement_log_weight,1.2745495529358637,2.849979441056558,0.0,1.2745495529358637,0.0,6.3727477646793185,1,0.2,1,0.2,0.0,1.0,0,0.0
B_COMPLEMENT_NB,3,time blindness,textual,complement_log_weight,1.2724451851108456,2.845273931550154,0.0,1.2724451851108456,0.0,6.362225925554228,1,0.2,1,0.2,0.0,1.0,0,0.0
B_COMPLEMENT_NB,3,hyper,textual,complement_log_weight,1.2581126488654322,2.8132254062154303,0.0,1.2581126488654322,0.0,6.290563244327161,1,0.2,1,0.2,0.0,1.0,0,0.0
B_COMPLEMENT_NB,3,absolutely,textual,complement_log_weight,1.2497386426427508,2.794500559057508,0.0,1.2497386426427508,0.0,6.2486932132137545,1,0.2,1,0.2,0.0,1.0,0,0.0
B_COMPLEMENT_NB,3,question,textual,complement_log_weight,1.2439714286677306,2.7816046765685765,0.0,1.2439714286677306,0.0,6.219857143338653,1,0.2,1,0.2,0.0,1.0,0,0.0
B_COMPLEMENT_NB,3,research,textual,complement_log_weight,1.2383252307692874,2.7689793942532406,0.0,1.2383252307692874,0.0,6.191626153846436,1,0.2,1,0.2,0.0,1.0,0,0.0
B_COMPLEMENT_NB,3,typically,textual,complement_log_weight,1.2354065538785883,2.76245303432128,0.0,1.2354065538785883,0.0,6.177032769392942,1,0.2,1,0.2,0.0,1.0,0,0.0
B_COMPLEMENT_NB,3,adhd brains,textual,complement_log_weight,1.2278814533370623,2.7456263979729076,0.0,1.2278814533370623,0.0,6.1394072666853114,1,0.2,1,0.2,0.0,1.0,0,0.0
B_COMPLEMENT_NB,3,create,textual,complement_log_weight,1.226366500400994,2.7422388602251453,0.0,1.226366500400994,0.0,6.13183250200497,1,0.2,1,0.2,0.0,1.0,0,0.0
B_COMPLEMENT_NB,3,place,textual,complement_log_weight,1.226205266655756,2.7418783306105263,0.0,1.226205266655756,0.0,6.131026333278779,1,0.2,1,0.2,0.0,1.0,0,0.0
B_COMPLEMENT_NB,3,learn,textual,complement_log_weight,1.225437363208857,2.740161246303104,0.0,1.225437363208857,0.0,6.1271868160442855,1,0.2,1,0.2,0.0,1.0,0,0.0
B_COMPLEMENT_NB,3,focusing,textual,complement_log_weight,1.2232006941857412,2.7351599023242494,0.0,1.2232006941857412,0.0,6.116003470928706,1,0.2,1,0.2,0.0,1.0,0,0.0
B_COMPLEMENT_NB,3,interesting,textual,complement_log_weight,1.2221181801246226,2.7327393272969887,0.0,1.2221181801246226,0.0,6.110590900623113,1,0.2,1,0.2,0.0,1.0,0,0.0
B_COMPLEMENT_NB,3,diagnosed adhd,textual,complement_log_weight,1.2201279439378787,2.728289023892149,0.0,1.2201279439378787,0.0,6.100639719689394,1,0.2,1,0.2,0.0,1.0,0,0.0
B_COMPLEMENT_NB,3,changes,textual,complement_log_weight,1.2184844578849519,2.724614077357732,0.0,1.2184844578849519,0.0,6.092422289424759,1,0.2,1,0.2,0.0,1.0,0,0.0
B_COMPLEMENT_NB,3,class,textual,complement_log_weight,1.215337723265141,2.717577764840683,0.0,1.215337723265141,0.0,6.076688616325705,1,0.2,1,0.2,0.0,1.0,0,0.0
B_COMPLEMENT_NB,3,stay,textual,complement_log_weight,1.2140566945408637,2.7147132975320694,0.0,1.2140566945408637,0.0,6.070283472704319,1,0.2,1,0.2,0.0,1.0,0,0.0
B_COMPLEMENT_NB,3,hours,textual,complement_log_weight,1.2132212223879926,2.7128451250049412,0.0,1.2132212223879926,0.0,6.066106111939963,1,0.2,1,0.2,0.0,1.0,0,0.0
B_COMPLEMENT_NB,3,aren,textual,complement_log_weight,1.2002530253970842,2.6838473549876616,0.0,1.2002530253970842,0.0,6.001265126985421,1,0.2,1,0.2,0.0,1.0,0,0.0
B_COMPLEMENT_NB,3,losing,textual,complement_log_weight,1.190324074157244,2.6616455450700984,0.0,1.190324074157244,0.0,5.9516203707862205,1,0.2,1,0.2,0.0,1.0,0,0.0
B_COMPLEMENT_NB,4,highly,textual,complement_log_weight,5.265114738084863,2.949171753461212,6.555586777528862,5.265114738084863,0.0,6.834501153942742,4,0.8,4,0.8,0.0,1.0,4,0.8
B_COMPLEMENT_NB,4,bad,textual,complement_log_weight,5.14256804068115,2.8762129499712614,6.367238623954148,5.14256804068115,0.0,6.557863399770109,4,0.8,4,0.8,0.0,1.0,4,0.8
B_COMPLEMENT_NB,4,eating,textual,complement_log_weight,6.330585486612021,0.20577890560099016,6.210150047297785,6.330585486612021,6.168936217390951,6.620235824872603,5,1.0,5,1.0,0.0,1.0,3,0.6
B_COMPLEMENT_NB,4,follow,textual,complement_log_weight,6.289366661688182,0.12140182671531449,6.239830329454005,6.289366661688182,6.170164592556372,6.480382856983258,5,1.0,5,1.0,0.0,1.0,3,0.6
B_COMPLEMENT_NB,4,behaviors,textual,complement_log_weight,5.088724126767469,2.8498322338979514,6.210714579706282,5.088724126767469,0.0,6.550018167691107,4,0.8,4,0.8,0.0,1.0,3,0.6
B_COMPLEMENT_NB,4,psychiatrist,textual,complement_log_weight,5.037214768736767,2.8176659207515433,6.258339677167951,5.037214768736767,0.0,6.465093960210137,4,0.8,4,0.8,0.0,1.0,3,0.6
B_COMPLEMENT_NB,4,friend,textual,complement_log_weight,3.981730028471399,3.6385714978480914,6.373555978475814,3.981730028471399,0.0,6.822671734475911,3,0.6,3,0.6,0.0,1.0,3,0.6
B_COMPLEMENT_NB,4,friends,textual,complement_log_weight,3.9738922975431983,3.630518641560744,6.388156320837009,3.9738922975431983,0.0,6.755259234959878,3,0.6,3,0.6,0.0,1.0,3,0.6
B_COMPLEMENT_NB,4,don know,textual,complement_log_weight,3.8913106270879205,3.5565973432024562,6.324422997673302,3.8913106270879205,0.0,6.771349503293161,3,0.6,3,0.6,0.0,1.0,3,0.6
B_COMPLEMENT_NB,4,explain,textual,complement_log_weight,3.8746841790149653,3.5385550336702725,6.301227606681578,3.8746841790149653,0.0,6.585016502303912,3,0.6,3,0.6,0.0,1.0,3,0.6
B_COMPLEMENT_NB,4,pay attention,textual,complement_log_weight,3.8262709358412463,3.4961219674419337,6.24415623262192,3.8262709358412463,0.0,6.622194658597429,3,0.6,3,0.6,0.0,1.0,3,0.6
B_COMPLEMENT_NB,4,recommend,textual,complement_log_weight,3.7874941404326115,3.4590447176204075,6.209627962610185,3.7874941404326115,0.0,6.480220375839908,3,0.6,3,0.6,0.0,1.0,3,0.6
B_COMPLEMENT_NB,4,hear,textual,complement_log_weight,6.217205607572079,0.19425721261884019,6.213350558790578,6.217205607572079,6.019532131619908,6.5190618741334685,5,1.0,5,1.0,0.0,1.0,2,0.4
B_COMPLEMENT_NB,4,world,textual,complement_log_weight,5.075890383692339,2.8448330938518964,6.1990423963953285,5.075890383692339,0.0,6.585226339495447,4,0.8,4,0.8,0.0,1.0,2,0.4
B_COMPLEMENT_NB,4,pay,textual,complement_log_weight,5.045381718318284,2.8263766060647733,6.133866267795179,5.045381718318284,0.0,6.491228746292943,4,0.8,4,0.8,0.0,1.0,2,0.4
B_COMPLEMENT_NB,4,energy,textual,complement_log_weight,4.968733630654188,2.7776361805810055,6.20416757002514,4.968733630654188,0.0,6.225395556150653,4,0.8,4,0.8,0.0,1.0,2,0.4
B_COMPLEMENT_NB,4,treated,textual,complement_log_weight,4.967050399433139,2.777009867888121,6.222666764469788,4.967050399433139,0.0,6.242663063834344,4,0.8,4,0.8,0.0,1.0,2,0.4
B_COMPLEMENT_NB,4,certain,textual,complement_log_weight,3.782916604336066,3.454412814642661,6.200238540572202,3.782916604336066,0.0,6.440616834561168,3,0.6,3,0.6,0.0,1.0,2,0.4
B_COMPLEMENT_NB,4,great,textual,complement_log_weight,3.7727283805530973,3.4448408736782583,6.220246983797289,3.7727283805530973,0.0,6.410920968372841,3,0.6,3,0.6,0.0,1.0,2,0.4
B_COMPLEMENT_NB,4,adhders,textual,complement_log_weight,3.7535433386042847,3.4267627054040517,6.2042319993733654,3.7535433386042847,0.0,6.32161718025589,3,0.6,3,0.6,0.0,1.0,2,0.4
B_COMPLEMENT_NB,4,stress,textual,complement_log_weight,2.604524324417716,3.5695824470777118,0.0,2.604524324417716,0.0,6.724703890025927,2,0.4,2,0.4,0.0,1.0,2,0.4
B_COMPLEMENT_NB,4,ve got,textual,complement_log_weight,2.5999518008538596,3.5637771777309455,0.0,2.5999518008538596,0.0,6.727816817354824,2,0.4,2,0.4,0.0,1.0,2,0.4
B_COMPLEMENT_NB,4,sort,textual,complement_log_weight,2.57333886207081,3.525286437916189,0.0,2.57333886207081,0.0,6.5833990371946625,2,0.4,2,0.4,0.0,1.0,2,0.4
B_COMPLEMENT_NB,4,anger,textual,complement_log_weight,2.5716743899986625,3.52313430114465,0.0,2.5716743899986625,0.0,6.585042406201062,2,0.4,2,0.4,0.0,1.0,2,0.4
B_COMPLEMENT_NB,4,wrong,textual,complement_log_weight,2.544349467567239,3.483997559156716,0.0,2.544349467567239,0.0,6.367922446015114,2,0.4,2,0.4,0.0,1.0,2,0.4
B_COMPLEMENT_NB,4,check,textual,complement_log_weight,2.543760065164678,3.484391405500915,0.0,2.543760065164678,0.0,6.488955842958978,2,0.4,2,0.4,0.0,1.0,2,0.4
B_COMPLEMENT_NB,4,lot people,textual,complement_log_weight,2.542709992725769,3.4832617651307243,0.0,2.542709992725769,0.0,6.501937467292481,2,0.4,2,0.4,0.0,1.0,2,0.4
B_COMPLEMENT_NB,4,eat,textual,complement_log_weight,2.541982281800739,3.481052953563269,0.0,2.541982281800739,0.0,6.4196250737176435,2,0.4,2,0.4,0.0,1.0,2,0.4
B_COMPLEMENT_NB,4,behavioral,textual,complement_log_weight,2.5365012579544186,3.4738151224757323,0.0,2.5365012579544186,0.0,6.430068356228898,2,0.4,2,0.4,0.0,1.0,2,0.4
B_COMPLEMENT_NB,4,stop,textual,complement_log_weight,6.275002641444135,0.29980315645324535,6.159050969996611,6.275002641444135,6.083114482530046,6.807826595066985,5,1.0,5,1.0,0.0,1.0,1,0.2
B_COMPLEMENT_NB,4,body,textual,complement_log_weight,6.249962977373026,0.15785938434647603,6.197661867703252,6.249962977373026,6.102965105710359,6.486983903891017,5,1.0,5,1.0,0.0,1.0,1,0.2
B_COMPLEMENT_NB,4,saying,textual,complement_log_weight,6.2379609957367785,0.08896465697781906,6.297598732813235,6.2379609957367785,6.11894670541573,6.305539756317578,5,1.0,5,1.0,0.0,1.0,1,0.2
B_COMPLEMENT_NB,4,fact,textual,complement_log_weight,6.228159380659925,0.15597952572151735,6.212507431528841,6.228159380659925,6.06127586831941,6.447192186692881,5,1.0,5,1.0,0.0,1.0,1,0.2
B_COMPLEMENT_NB,4,feeling,textual,complement_log_weight,6.1771555654121455,0.09381110944613923,6.203074392112623,6.1771555654121455,6.030408374709703,6.280487688237064,5,1.0,5,1.0,0.0,1.0,1,0.2
B_COMPLEMENT_NB,4,adhd brain,textual,complement_log_weight,6.17251349455462,0.16169224330114973,6.1189716540837935,6.17251349455462,6.0255013710877385,6.449465246560998,5,1.0,5,1.0,0.0,1.0,1,0.2
B_COMPLEMENT_NB,4,sense,textual,complement_log_weight,6.140941560554243,0.08062845282337597,6.153530615342146,6.140941560554243,6.042537938026713,6.225926314422902,5,1.0,5,1.0,0.0,1.0,1,0.2
B_COMPLEMENT_NB,4,care,textual,complement_log_weight,6.128018868330524,0.11261421481165439,6.1781347293638005,6.128018868330524,5.98779715387449,6.2380802617308975,5,1.0,5,1.0,0.0,1.0,1,0.2
B_COMPLEMENT_NB,4,forget,textual,complement_log_weight,5.936888284396369,0.1655058624571846,5.885706392450857,5.936888284396369,5.80210512237437,6.224265110685868,5,1.0,5,1.0,0.0,1.0,1,0.2
B_COMPLEMENT_NB,4,times,textual,complement_log_weight,4.979319750051198,2.786483703806407,6.1233576312673454,4.979319750051198,0.0,6.372403449546501,4,0.8,4,0.8,0.0,1.0,1,0.2
B_COMPLEMENT_NB,4,lead,textual,complement_log_weight,4.972265925669233,2.783367472371727,6.157965770248231,4.972265925669233,0.0,6.4429018255161035,4,0.8,4,0.8,0.0,1.0,1,0.2
B_COMPLEMENT_NB,4,manage,textual,complement_log_weight,4.965893965702071,2.7775863470366513,6.129746472157202,4.965893965702071,0.0,6.323820071378913,4,0.8,4,0.8,0.0,1.0,1,0.2
B_COMPLEMENT_NB,4,higher,textual,complement_log_weight,4.961040807216468,2.774168357686042,6.162480041171043,4.961040807216468,0.0,6.286674389503977,4,0.8,4,0.8,0.0,1.0,1,0.2
B_COMPLEMENT_NB,4,makes,textual,complement_log_weight,4.959783750260761,2.7733211230026495,6.154106045983208,4.959783750260761,0.0,6.28970849234087,4,0.8,4,0.8,0.0,1.0,1,0.2
B_COMPLEMENT_NB,4,affects,textual,complement_log_weight,4.947882053491307,2.770182998365874,6.10587735405595,4.947882053491307,0.0,6.434353032284331,4,0.8,4,0.8,0.0,1.0,1,0.2
B_COMPLEMENT_NB,4,light,textual,complement_log_weight,3.739640459978767,3.414816740596768,6.128795677437285,3.739640459978767,0.0,6.359934491231991,3,0.6,3,0.6,0.0,1.0,1,0.2
B_COMPLEMENT_NB,4,minutes,textual,complement_log_weight,2.534877150949119,3.472006662915981,0.0,2.534877150949119,0.0,6.454036343819308,2,0.4,2,0.4,0.0,1.0,1,0.2
B_COMPLEMENT_NB,4,affect,textual,complement_log_weight,2.5260831256201053,3.45991129750988,0.0,2.5260831256201053,0.0,6.428620919501528,2,0.4,2,0.4,0.0,1.0,1,0.2
B_COMPLEMENT_NB,4,rejection sensitivity,textual,complement_log_weight,2.50841693741556,3.4350971358198605,0.0,2.50841693741556,0.0,6.335860707918931,2,0.4,2,0.4,0.0,1.0,1,0.2
B_COMPLEMENT_NB,4,potential,textual,complement_log_weight,2.4782978540238982,3.394022747018122,0.0,2.4782978540238982,0.0,6.2759310730022575,2,0.4,2,0.4,0.0,1.0,1,0.2
B_COMPLEMENT_NB,4,stuff,textual,complement_log_weight,2.475685938217542,3.390041664495646,0.0,2.475685938217542,0.0,6.219820914428291,2,0.4,2,0.4,0.0,1.0,1,0.2
B_COMPLEMENT_NB,4,running,textual,complement_log_weight,2.465583789669538,3.3762842997353184,0.0,2.465583789669538,0.0,6.20815795518762,2,0.4,2,0.4,0.0,1.0,1,0.2
B_COMPLEMENT_NB,4,feels,textual,complement_log_weight,1.3378862642998903,2.9916046331378046,0.0,1.3378862642998903,0.0,6.689431321499452,1,0.2,1,0.2,0.0,1.0,1,0.2
B_COMPLEMENT_NB,4,create,textual,complement_log_weight,1.3227181092186218,2.9576876072828298,0.0,1.3227181092186218,0.0,6.613590546093109,1,0.2,1,0.2,0.0,1.0,1,0.2
B_COMPLEMENT_NB,4,keeping,textual,complement_log_weight,1.3190666217191815,2.9495226330150905,0.0,1.3190666217191815,0.0,6.5953331085959075,1,0.2,1,0.2,0.0,1.0,1,0.2
B_COMPLEMENT_NB,4,hyper,textual,complement_log_weight,1.3143460821724975,2.9389671856982287,0.0,1.3143460821724975,0.0,6.571730410862488,1,0.2,1,0.2,0.0,1.0,1,0.2
B_COMPLEMENT_NB,4,seven,textual,complement_log_weight,1.3142200705437967,2.9386854151304984,0.0,1.3142200705437967,0.0,6.571100352718983,1,0.2,1,0.2,0.0,1.0,1,0.2
B_COMPLEMENT_NB,4,interesting,textual,complement_log_weight,1.256805896662698,2.810303419460369,0.0,1.256805896662698,0.0,6.28402948331349,1,0.2,1,0.2,0.0,1.0,1,0.2
B_COMPLEMENT_NB,4,means,textual,complement_log_weight,6.19498125517879,0.10495082399672355,6.158021629897481,6.19498125517879,6.104348543393873,6.340202269023249,5,1.0,5,1.0,0.0,1.0,0,0.0
B_COMPLEMENT_NB,4,therapy,textual,complement_log_weight,6.181635683184792,0.08847276800999707,6.157029307671701,6.181635683184792,6.076808157024073,6.309747795474702,5,1.0,5,1.0,0.0,1.0,0,0.0
B_COMPLEMENT_NB,4,make sure,textual,complement_log_weight,6.175573007314446,0.13821746119027958,6.130426915392533,6.175573007314446,6.051521419422591,6.412578070767519,5,1.0,5,1.0,0.0,1.0,0,0.0
B_COMPLEMENT_NB,4,home,textual,complement_log_weight,6.168777230954057,0.09335092475271894,6.153231732055381,6.168777230954057,6.0459304563878735,6.301036878112933,5,1.0,5,1.0,0.0,1.0,0,0.0
B_COMPLEMENT_NB,4,struggling,textual,complement_log_weight,6.166363258775282,0.14571186950392562,6.110746710432311,6.166363258775282,6.006937463568407,6.365399132344402,5,1.0,5,1.0,0.0,1.0,0,0.0
B_COMPLEMENT_NB,4,moving,textual,complement_log_weight,6.163377261012194,0.1355470877304386,6.150084781962637,6.163377261012194,5.99919626289991,6.330150711320674,5,1.0,5,1.0,0.0,1.0,0,0.0
B_COMPLEMENT_NB,4,adhd adhd,textual,complement_log_weight,6.158757494553907,0.0850907664721982,6.16509701491266,6.158757494553907,6.044648837097548,6.271493025779382,5,1.0,5,1.0,0.0,1.0,0,0.0
B_COMPLEMENT_NB,4,end,textual,complement_log_weight,6.155745454090656,0.115008899041005,6.133467303119181,6.155745454090656,6.056748965942193,6.350259167456479,5,1.0,5,1.0,0.0,1.0,0,0.0
B_COMPLEMENT_NB,4,easily,textual,complement_log_weight,6.147917152241812,0.07427665573748343,6.1786536995008685,6.147917152241812,6.030746362635201,6.215529936005961,5,1.0,5,1.0,0.0,1.0,0,0.0
B_COMPLEMENT_NB,4,social,textual,complement_log_weight,6.144077191498867,0.09444607128871058,6.130250227781969,6.144077191498867,6.033869490496218,6.283986697385783,5,1.0,5,1.0,0.0,1.0,0,0.0
B_COMPLEMENT_NB,4,taking,textual,complement_log_weight,6.136345234048852,0.12860278096756872,6.079657827404962,6.136345234048852,6.04800718358288,6.361580074574834,5,1.0,5,1.0,0.0,1.0,0,0.0
B_COMPLEMENT_NB,4,everybody,textual,complement_log_weight,6.135173773066026,0.06336090120448094,6.144651840987371,6.135173773066026,6.051840928302058,6.223726382245653,5,1.0,5,1.0,0.0,1.0,0,0.0
B_COMPLEMENT_NB,4,come,textual,complement_log_weight,6.123030380956264,0.13737983840937315,6.06765426403414,6.123030380956264,6.022285760999643,6.362955856949539,5,1.0,5,1.0,0.0,1.0,0,0.0
B_COMPLEMENT_NB,4,usually,textual,complement_log_weight,6.113245212190804,0.09191824642313313,6.143989490400455,6.113245212190804,5.96024622712925,6.202907158239085,5,1.0,5,1.0,0.0,1.0,0,0.0
B_COMPLEMENT_NB,4,example,textual,complement_log_weight,6.107698586482387,0.10588890853385534,6.116065090363828,6.107698586482387,5.9993234318571504,6.222245591383136,5,1.0,5,1.0,0.0,1.0,0,0.0
B_COMPLEMENT_NB,4,patients,textual,complement_log_weight,6.10112288816139,0.07891852806385487,6.089563943812663,6.10112288816139,6.018307014312885,6.215264092948267,5,1.0,5,1.0,0.0,1.0,0,0.0
B_COMPLEMENT_NB,4,information,textual,complement_log_weight,6.101063964650871,0.08239699373616556,6.088437733998567,6.101063964650871,6.004605031757861,6.204943678861892,5,1.0,5,1.0,0.0,1.0,0,0.0
B_COMPLEMENT_NB,4,try,textual,complement_log_weight,6.0972192483919,0.13320182310646522,6.066941470776436,6.0972192483919,5.940787626490732,6.26644898482184,5,1.0,5,1.0,0.0,1.0,0,0.0
B_COMPLEMENT_NB,4,wait,textual,complement_log_weight,6.085290371134422,0.048124732669323815,6.082040670366691,6.085290371134422,6.0233330762804,6.147743791181365,5,1.0,5,1.0,0.0,1.0,0,0.0
B_COMPLEMENT_NB,4,video,textual,complement_log_weight,6.083076669134106,0.1103191396062444,6.054817381671906,6.083076669134106,5.972018596179906,6.266645035263811,5,1.0,5,1.0,0.0,1.0,0,0.0
B_COMPLEMENT_NB,4,making,textual,complement_log_weight,6.08212199813182,0.05779567158585358,6.088250789890479,6.08212199813182,6.026688445620354,6.1701694705070445,5,1.0,5,1.0,0.0,1.0,0,0.0
B_COMPLEMENT_NB,4,second,textual,complement_log_weight,6.077022707508702,0.09936001340724009,6.03586677292807,6.077022707508702,5.984975641019732,6.195248427517363,5,1.0,5,1.0,0.0,1.0,0,0.0
B_COMPLEMENT_NB,4,things like,textual,complement_log_weight,6.077009115221485,0.05513079197602529,6.093028327345819,6.077009115221485,5.994006108613984,6.138700326273683,5,1.0,5,1.0,0.0,1.0,0,0.0
B_COMPLEMENT_NB,4,health,textual,complement_log_weight,6.073461244838874,0.08925362771703747,6.074008312163713,6.073461244838874,5.950612179979997,6.199793353075917,5,1.0,5,1.0,0.0,1.0,0,0.0
B_COMPLEMENT_NB,4,deficit,textual,complement_log_weight,6.068731548824089,0.0990881189111326,6.074287160761315,6.068731548824089,5.916463294613084,6.189866871315215,5,1.0,5,1.0,0.0,1.0,0,0.0
B_COMPLEMENT_NB,4,mental,textual,complement_log_weight,6.066763423912779,0.12182211576344758,6.061475970810156,6.066763423912779,5.954207293364438,6.263788500830081,5,1.0,5,1.0,0.0,1.0,0,0.0
B_COMPLEMENT_NB,4,oh,textual,complement_log_weight,6.065539069862167,0.08471188876711208,6.0055510166339525,6.065539069862167,6.0016271226557745,6.167355882675173,5,1.0,5,1.0,0.0,1.0,0,0.0
B_COMPLEMENT_NB,4,harder,textual,complement_log_weight,6.059128569686655,0.15884792731851688,6.01350155789545,6.059128569686655,5.912849433746521,6.229192858644431,5,1.0,5,1.0,0.0,1.0,0,0.0
B_COMPLEMENT_NB,4,comes,textual,complement_log_weight,6.055806812851006,0.2163311968165585,5.9618694262025755,6.055806812851006,5.86432031437887,6.413271329553955,5,1.0,5,1.0,0.0,1.0,0,0.0
B_COMPLEMENT_NB,4,support,textual,complement_log_weight,6.049845776252455,0.19429006319505665,5.992592697196535,6.049845776252455,5.9094864803770015,6.38281429023504,5,1.0,5,1.0,0.0,1.0,0,0.0
B_COMPLEMENT_NB,4,disorders,textual,complement_log_weight,6.048314557931572,0.1116128248884043,6.049471471984257,6.048314557931572,5.934607110597578,6.225029172550993,5,1.0,5,1.0,0.0,1.0,0,0.0
B_COMPLEMENT_NB,4,sit,textual,complement_log_weight,6.039984486910916,0.10246098160299445,6.065375135865972,6.039984486910916,5.880328520813769,6.153999167912438,5,1.0,5,1.0,0.0,1.0,0,0.0
B_COMPLEMENT_NB,4,happens,textual,complement_log_weight,6.038726491964686,0.12195271149747623,5.959972102288454,6.038726491964686,5.938968535308358,6.188539888292526,5,1.0,5,1.0,0.0,1.0,0,0.0
B_COMPLEMENT_NB,4,challenges,textual,complement_log_weight,6.014271183020028,0.12033908011676257,5.966104223953424,6.014271183020028,5.892555905260506,6.153232354109845,5,1.0,5,1.0,0.0,1.0,0,0.0
B_COMPLEMENT_NB,4,non,textual,complement_log_weight,6.010611690029878,0.09171200338115404,6.049343753147271,6.010611690029878,5.893059430673293,6.1191130324770215,5,1.0,5,1.0,0.0,1.0,0,0.0
B_COMPLEMENT_NB,4,isn,textual,complement_log_weight,6.007130493405531,0.09139208607274106,6.049624192568126,6.007130493405531,5.890948916803302,6.109020283090462,5,1.0,5,1.0,0.0,1.0,0,0.0
B_COMPLEMENT_NB,4,dr,textual,complement_log_weight,6.006381530379679,0.13077705766557712,5.996036388849973,6.006381530379679,5.89082218518573,6.224230778316361,5,1.0,5,1.0,0.0,1.0,0,0.0
B_COMPLEMENT_NB,4,probably,textual,complement_log_weight,6.005075383437788,0.1030989220580752,5.966413507860926,6.005075383437788,5.902903431497495,6.129142719000703,5,1.0,5,1.0,0.0,1.0,0,0.0
B_COMPLEMENT_NB,4,control,textual,complement_log_weight,6.001486113416494,0.08578523323680275,5.9813173746670065,6.001486113416494,5.891055081760537,6.119690064171493,5,1.0,5,1.0,0.0,1.0,0,0.0
B_COMPLEMENT_NB,4,distracted,textual,complement_log_weight,5.995354256789748,0.10394494086751202,6.031420100892115,5.995354256789748,5.847997277994599,6.10691029888927,5,1.0,5,1.0,0.0,1.0,0,0.0
B_COMPLEMENT_NB,4,increase,textual,complement_log_weight,5.9945795076116974,0.18789441188667375,5.939206332266616,5.9945795076116974,5.746573688247013,6.22495762702633,5,1.0,5,1.0,0.0,1.0,0,0.0
B_COMPLEMENT_NB,4,instead,textual,complement_log_weight,5.994514112490791,0.15948434195541128,5.892762057992432,5.994514112490791,5.861284113544002,6.1940967986025965,5,1.0,5,1.0,0.0,1.0,0,0.0
B_COMPLEMENT_NB,4,okay,textual,complement_log_weight,5.991018349344363,0.03774658029262789,5.971969835170463,5.991018349344363,5.954630834287993,6.039758599553516,5,1.0,5,1.0,0.0,1.0,0,0.0
B_COMPLEMENT_NB,4,strategies,textual,complement_log_weight,5.98472815529963,0.09474811306953941,5.955553537455605,5.98472815529963,5.902195676123936,6.145949907795665,5,1.0,5,1.0,0.0,1.0,0,0.0
B_COMPLEMENT_NB,4,understand,textual,complement_log_weight,5.984288519569008,0.09244415516382645,5.979071090940705,5.984288519569008,5.864459936970897,6.122217620722577,5,1.0,5,1.0,0.0,1.0,0,0.0
B_COMPLEMENT_NB,4,regulation,textual,complement_log_weight,5.982895308927628,0.09967014520405845,5.946532740363077,5.982895308927628,5.888676253005035,6.14889320963435,5,1.0,5,1.0,0.0,1.0,0,0.0
B_COMPLEMENT_NB,4,impact,textual,complement_log_weight,5.978117007404951,0.10582201494287136,5.943978815641688,5.978117007404951,5.871987400988789,6.115624793836147,5,1.0,5,1.0,0.0,1.0,0,0.0
B_COMPLEMENT_NB,4,struggle,textual,complement_log_weight,5.972506771830224,0.17746715849181435,5.8870417673264175,5.972506771830224,5.841313643098201,6.276708917829908,5,1.0,5,1.0,0.0,1.0,0,0.0
B_COMPLEMENT_NB,4,seen,textual,complement_log_weight,5.961753920559864,0.10554191419702699,5.9564140247237605,5.961753920559864,5.833102143720543,6.107314278734212,5,1.0,5,1.0,0.0,1.0,0,0.0
B_COMPLEMENT_NB,4,yeah,textual,complement_log_weight,5.960131012495163,0.07139629351501475,5.985928687111354,5.960131012495163,5.855114626512224,6.036300437961299,5,1.0,5,1.0,0.0,1.0,0,0.0
B_COMPLEMENT_NB,4,treat,textual,complement_log_weight,5.954381878577881,0.15543304192757626,5.993198943797326,5.954381878577881,5.786431504583288,6.166898071637441,5,1.0,5,1.0,0.0,1.0,0,0.0
B_COMPLEMENT_NB,4,answer,textual,complement_log_weight,5.953773579811618,0.034914597188336643,5.971266316000376,5.953773579811618,5.911626623741731,5.983113311046888,5,1.0,5,1.0,0.0,1.0,0,0.0
B_COMPLEMENT_NB,4,tell,textual,complement_log_weight,5.9515463256215595,0.09577484820365337,5.934849700903071,5.9515463256215595,5.859653988599126,6.113504612490184,5,1.0,5,1.0,0.0,1.0,0,0.0
B_COMPLEMENT_NB,4,bit,textual,complement_log_weight,5.9513272629496266,0.08381854734566174,5.922213301126832,5.9513272629496266,5.858275695990757,6.066122996686315,5,1.0,5,1.0,0.0,1.0,0,0.0
B_COMPLEMENT_NB,4,behavior,textual,complement_log_weight,5.9430533119672475,0.09809721330353874,5.901172759344357,5.9430533119672475,5.8492029111945545,6.056042521832272,5,1.0,5,1.0,0.0,1.0,0,0.0
B_COMPLEMENT_NB,4,thinking,textual,complement_log_weight,5.9384581467544795,0.07810835611237801,5.894649665162428,5.9384581467544795,5.8707275047286265,6.052099013136597,5,1.0,5,1.0,0.0,1.0,0,0.0
B_COMPLEMENT_NB,4,food,textual,complement_log_weight,5.935695097903074,0.07462312919675775,5.971013503348476,5.935695097903074,5.818863176867738,5.9923968749217105,5,1.0,5,1.0,0.0,1.0,0,0.0
B_COMPLEMENT_NB,4,adhd autism,textual,complement_log_weight,5.933766779451983,0.1525464737710224,5.895239521717725,5.933766779451983,5.8011438239788085,6.172802389038062,5,1.0,5,1.0,0.0,1.0,0,0.0
B_COMPLEMENT_NB,4,adhd diagnosis,textual,complement_log_weight,5.928555711441037,0.05057968038867641,5.941361691124663,5.928555711441037,5.843791927939045,5.974386687496534,5,1.0,5,1.0,0.0,1.0,0,0.0
B_COMPLEMENT_NB,4,big,textual,complement_log_weight,5.9283263147785465,0.1629986220766832,5.941338497627222,5.9283263147785465,5.7373096061397355,6.172701272253325,5,1.0,5,1.0,0.0,1.0,0,0.0
B_COMPLEMENT_NB,4,mean,textual,complement_log_weight,5.927775312080902,0.05237462397223221,5.931814330113988,5.927775312080902,5.867212122380902,6.004892814393033,5,1.0,5,1.0,0.0,1.0,0,0.0
B_COMPLEMENT_NB,4,motivation,textual,complement_log_weight,5.913448799474663,0.096257165536949,5.893327998764648,5.913448799474663,5.825640092812607,6.074815874115544,5,1.0,5,1.0,0.0,1.0,0,0.0
B_COMPLEMENT_NB,4,constantly,textual,complement_log_weight,5.908636399209886,0.06583861750355105,5.909184530919276,5.908636399209886,5.8315253535311875,6.001364526747213,5,1.0,5,1.0,0.0,1.0,0,0.0
B_COMPLEMENT_NB,4,sensitivity,textual,complement_log_weight,5.906676456471989,0.15922753529344763,5.804739035454868,5.906676456471989,5.794036121702972,6.152427936218701,5,1.0,5,1.0,0.0,1.0,0,0.0
B_COMPLEMENT_NB,4,especially,textual,complement_log_weight,5.901085179783949,0.13950912311311187,5.840064639511478,5.901085179783949,5.795108390028366,6.138862993961554,5,1.0,5,1.0,0.0,1.0,0,0.0
B_COMPLEMENT_NB,4,emotions,textual,complement_log_weight,5.900958657442806,0.11569166526958385,5.889744258053534,5.900958657442806,5.782108140253007,6.080544314033446,5,1.0,5,1.0,0.0,1.0,0,0.0
B_COMPLEMENT_NB,4,study,textual,complement_log_weight,5.899829700929798,0.19244646838171425,5.831552081152207,5.899829700929798,5.715820888479384,6.214300044227544,5,1.0,5,1.0,0.0,1.0,0,0.0
B_COMPLEMENT_NB,4,inattentive,textual,complement_log_weight,5.893139392241541,0.12837237160062423,5.876350273639442,5.893139392241541,5.789645946001852,6.105332755785179,5,1.0,5,1.0,0.0,1.0,0,0.0
B_COMPLEMENT_NB,4,little,textual,complement_log_weight,5.890597398497246,0.059882161015535486,5.898020491777808,5.890597398497246,5.828027463210409,5.951399387150892,5,1.0,5,1.0,0.0,1.0,0,0.0
B_COMPLEMENT_NB,4,impulsivity,textual,complement_log_weight,5.886012156413362,0.11210199064883274,5.854325520122029,5.886012156413362,5.778435836401831,6.075783367339441,5,1.0,5,1.0,0.0,1.0,0,0.0
B_COMPLEMENT_NB,4,did,textual,complement_log_weight,5.881369269825367,0.18519283428076463,5.84876611492939,5.881369269825367,5.713569698897076,6.196892219880315,5,1.0,5,1.0,0.0,1.0,0,0.0
B_COMPLEMENT_NB,4,helps,textual,complement_log_weight,5.880727803807431,0.08813355329151701,5.883691255907894,5.880727803807431,5.786939741763798,6.019655411187192,5,1.0,5,1.0,0.0,1.0,0,0.0
B_COMPLEMENT_NB,4,trouble,textual,complement_log_weight,5.876256313188558,0.0872510057963417,5.9318132573213065,5.876256313188558,5.780741770041238,5.952768920343146,5,1.0,5,1.0,0.0,1.0,0,0.0
B_COMPLEMENT_NB,4,brains,textual,complement_log_weight,5.871497467052296,0.12782399376606884,5.828712250039043,5.871497467052296,5.770008144204534,6.087373237345111,5,1.0,5,1.0,0.0,1.0,0,0.0
B_COMPLEMENT_NB,4,difference,textual,complement_log_weight,5.870806840039234,0.12438608302896538,5.790075428270322,5.870806840039234,5.7717410244084775,6.031477301289113,5,1.0,5,1.0,0.0,1.0,0,0.0
B_COMPLEMENT_NB,4,issues,textual,complement_log_weight,5.8676131039329364,0.09248431392617357,5.8256784897180065,5.8676131039329364,5.785053636707046,6.0191547324265695,5,1.0,5,1.0,0.0,1.0,0,0.0
B_COMPLEMENT_NB,4,impulsive,textual,complement_log_weight,5.866354347543567,0.11231308573972455,5.846852862748344,5.866354347543567,5.7811705607040915,6.057557887155934,5,1.0,5,1.0,0.0,1.0,0,0.0
B_COMPLEMENT_NB,4,adult,textual,complement_log_weight,5.865065091810803,0.1860277715176678,5.803895930030595,5.865065091810803,5.6843151172157445,6.121581392780899,5,1.0,5,1.0,0.0,1.0,0,0.0
B_COMPLEMENT_NB,4,trying,textual,complement_log_weight,5.859571738591253,0.12673795095487905,5.863005405538635,5.859571738591253,5.722149204410477,6.028715957565873,5,1.0,5,1.0,0.0,1.0,0,0.0
B_COMPLEMENT_NB,4,medications,textual,complement_log_weight,5.85533025487307,0.07746523244313416,5.8443403812961074,5.85533025487307,5.748611542645657,5.953806283331903,5,1.0,5,1.0,0.0,1.0,0,0.0
B_COMPLEMENT_NB,4,executive,textual,complement_log_weight,5.847255272097142,0.08010491515651504,5.88795269613889,5.847255272097142,5.735508978557617,5.918291570138953,5,1.0,5,1.0,0.0,1.0,0,0.0
B_COMPLEMENT_NB,4,sure,textual,complement_log_weight,5.845128018664907,0.09768414094889918,5.831508298272611,5.845128018664907,5.751324927317745,5.970460198142698,5,1.0,5,1.0,0.0,1.0,0,0.0
B_COMPLEMENT_NB,4,ways,textual,complement_log_weight,5.836806983334366,0.08979261268736051,5.875585889221252,5.836806983334366,5.722618610016433,5.917490177834522,5,1.0,5,1.0,0.0,1.0,0,0.0
B_COMPLEMENT_NB,4,criteria,textual,complement_log_weight,5.827160360543024,0.23924305669011287,5.738286802364053,5.827160360543024,5.656727393770906,6.2443240636594455,5,1.0,5,1.0,0.0,1.0,0,0.0
B_COMPLEMENT_NB,4,long,textual,complement_log_weight,5.827098268109333,0.10389050498503634,5.857752961059339,5.827098268109333,5.702697479200485,5.941248329764777,5,1.0,5,1.0,0.0,1.0,0,0.0
B_COMPLEMENT_NB,4,having,textual,complement_log_weight,5.825571359592778,0.05363549872967513,5.81970470288509,5.825571359592778,5.774450622582698,5.900990293591297,5,1.0,5,1.0,0.0,1.0,0,0.0
B_COMPLEMENT_NB,4,effects,textual,complement_log_weight,5.8182716649587025,0.1791414735272024,5.75927775729503,5.8182716649587025,5.660089193772107,6.117493290040706,5,1.0,5,1.0,0.0,1.0,0,0.0
B_COMPLEMENT_NB,4,self,textual,complement_log_weight,5.817743971028212,0.055252687193364576,5.800863297207995,5.817743971028212,5.752016694606922,5.898408879823188,5,1.0,5,1.0,0.0,1.0,0,0.0
B_COMPLEMENT_NB,4,music,textual,complement_log_weight,5.817690733619453,0.15492769013566296,5.760145336458216,5.817690733619453,5.690367381143435,6.072369935798163,5,1.0,5,1.0,0.0,1.0,0,0.0
B_COMPLEMENT_NB,4,talking,textual,complement_log_weight,5.8160529971659924,0.06995022684458878,5.843842507575189,5.8160529971659924,5.738241087736649,5.898788027393582,5,1.0,5,1.0,0.0,1.0,0,0.0
B_COMPLEMENT_NB,4,remember,textual,complement_log_weight,5.815608265847256,0.13534937664797586,5.772756481634933,5.815608265847256,5.706134948481931,6.0386686210056855,5,1.0,5,1.0,0.0,1.0,0,0.0
B_COMPLEMENT_NB,4,got,textual,complement_log_weight,5.813011367329506,0.049921308473647084,5.794537420005402,5.813011367329506,5.775499481239054,5.900019164386473,5,1.0,5,1.0,0.0,1.0,0,0.0
B_COMPLEMENT_NB,4,hyperactive,textual,complement_log_weight,5.807944998503381,0.07985795005873529,5.790113255027866,5.807944998503381,5.730698280765991,5.90558828260686,5,1.0,5,1.0,0.0,1.0,0,0.0
B_COMPLEMENT_NB,4,feel like,textual,complement_log_weight,5.806923401022577,0.028531635619949938,5.811525546104582,5.806923401022577,5.760599891750049,5.839177960580327,5,1.0,5,1.0,0.0,1.0,0,0.0
B_COMPLEMENT_NB,4,problem,textual,complement_log_weight,5.803981992669434,0.14196951411051317,5.7262437724006645,5.803981992669434,5.696842764816401,6.028908755156757,5,1.0,5,1.0,0.0,1.0,0,0.0
B_COMPLEMENT_NB,4,sep adhd,textual,complement_log_weight,5.8033515891219665,0.08118385112867657,5.840911409013629,5.8033515891219665,5.689407142984608,5.881236444018327,5,1.0,5,1.0,0.0,1.0,0,0.0
B_COMPLEMENT_NB,4,able,textual,complement_log_weight,5.7976872132396995,0.062207271985916884,5.807794231835792,5.7976872132396995,5.698195695697418,5.852718671258177,5,1.0,5,1.0,0.0,1.0,0,0.0
B_COMPLEMENT_NB,4,doing,textual,complement_log_weight,5.791948626968199,0.06557625857301023,5.77918827673184,5.791948626968199,5.717943538967343,5.8964829826172735,5,1.0,5,1.0,0.0,1.0,0,0.0
B_COMPLEMENT_NB,4,talk,textual,complement_log_weight,5.788556598027382,0.0999091780499264,5.779421390050204,5.788556598027382,5.6781207815467125,5.923318255522016,5,1.0,5,1.0,0.0,1.0,0,0.0
B_COMPLEMENT_NB,4,better,textual,complement_log_weight,5.7846789266544425,0.0937431167738403,5.7654247143642605,5.7846789266544425,5.667444171251437,5.927019656000553,5,1.0,5,1.0,0.0,1.0,0,0.0
B_COMPLEMENT_NB,4,doctor,textual,complement_log_weight,5.780981399270001,0.030350157275546137,5.775173488487261,5.780981399270001,5.753628236129837,5.832260925159182,5,1.0,5,1.0,0.0,1.0,0,0.0
B_COMPLEMENT_NB,4,let,textual,complement_log_weight,5.775013527527577,0.0769213518029223,5.750303237131523,5.775013527527577,5.692811492013507,5.896505448149973,5,1.0,5,1.0,0.0,1.0,0,0.0
B_COMPLEMENT_NB,4,doesn,textual,complement_log_weight,5.7674039641435275,0.07825199618452305,5.7711502065564115,5.7674039641435275,5.652828609781204,5.85731347561049,5,1.0,5,1.0,0.0,1.0,0,0.0
B_COMPLEMENT_NB,4,children,textual,complement_log_weight,5.764496299738465,0.06097502113591478,5.742901921530278,5.764496299738465,5.713044400806617,5.859745840633476,5,1.0,5,1.0,0.0,1.0,0,0.0
B_COMPLEMENT_NB,4,women,textual,complement_log_weight,5.761857166439709,0.11691712813180981,5.717120019717464,5.761857166439709,5.614451950608438,5.892751321427835,5,1.0,5,1.0,0.0,1.0,0,0.0
B_COMPLEMENT_NB,4,rejection,textual,complement_log_weight,5.755060727614923,0.12200682046534607,5.724155186222187,5.755060727614923,5.623022962018584,5.897568451095761,5,1.0,5,1.0,0.0,1.0,0,0.0
B_COMPLEMENT_NB,4,depression,textual,complement_log_weight,5.750211395660116,0.08497397813683306,5.739800305599862,5.750211395660116,5.62348548990502,5.841753588115499,5,1.0,5,1.0,0.0,1.0,0,0.0
B_COMPLEMENT_NB,4,treatment,textual,complement_log_weight,5.749460543438429,0.059995480732934876,5.760764230297085,5.749460543438429,5.667459363729002,5.818682109612398,5,1.0,5,1.0,0.0,1.0,0,0.0
B_COMPLEMENT_NB,4,tend,textual,complement_log_weight,5.733653450231969,0.05763337933687653,5.721374089892911,5.733653450231969,5.6548384753448815,5.807007758660084,5,1.0,5,1.0,0.0,1.0,0,0.0
B_COMPLEMENT_NB,4,say,textual,complement_log_weight,5.730288393088704,0.059828727353649275,5.7261232281389525,5.730288393088704,5.668810555836978,5.797915297426584,5,1.0,5,1.0,0.0,1.0,0,0.0
B_COMPLEMENT_NB,4,10,textual,complement_log_weight,5.729985111402259,0.09197870443247655,5.686550052438728,5.729985111402259,5.652782947794644,5.863220697032099,5,1.0,5,1.0,0.0,1.0,0,0.0
B_COMPLEMENT_NB,4,low,textual,complement_log_weight,5.723304239464619,0.18347215397366282,5.633150569448855,5.723304239464619,5.5915414296510875,6.037428474009803,5,1.0,5,1.0,0.0,1.0,0,0.0
B_COMPLEMENT_NB,4,hard,textual,complement_log_weight,5.719996836154729,0.12705337603325317,5.6550939765961195,5.719996836154729,5.60521990889336,5.923086821369278,5,1.0,5,1.0,0.0,1.0,0,0.0
B_COMPLEMENT_NB,4,difficulty,textual,complement_log_weight,5.713457575938554,0.08147162757867804,5.728686549415445,5.713457575938554,5.61992650607272,5.825455564531161,5,1.0,5,1.0,0.0,1.0,0,0.0
B_COMPLEMENT_NB,4,diet,textual,complement_log_weight,5.708818686339588,0.14040948087185956,5.656006651938658,5.708818686339588,5.5975154310961335,5.953616114839932,5,1.0,5,1.0,0.0,1.0,0,0.0
B_COMPLEMENT_NB,4,adhd medication,textual,complement_log_weight,5.701071922834541,0.21084462319223632,5.617239171043858,5.701071922834541,5.579661085807275,6.077153970665387,5,1.0,5,1.0,0.0,1.0,0,0.0
B_COMPLEMENT_NB,4,emotional,textual,complement_log_weight,5.697173458877112,0.04662913033794527,5.694577276848502,5.697173458877112,5.640279925230945,5.756127369997117,5,1.0,5,1.0,0.0,1.0,0,0.0
B_COMPLEMENT_NB,4,sugar,textual,complement_log_weight,5.693388042142685,0.274841605813574,5.584651310243107,5.693388042142685,5.469355472555056,6.168516951293123,5,1.0,5,1.0,0.0,1.0,0,0.0
B_COMPLEMENT_NB,4,kind,textual,complement_log_weight,5.692592638612423,0.10862634027140257,5.7108207260802795,5.692592638612423,5.5733537093460255,5.8530334211106325,5,1.0,5,1.0,0.0,1.0,0,0.0
B_COMPLEMENT_NB,4,task,textual,complement_log_weight,5.692514563468665,0.05900394119389497,5.6943246919012855,5.692514563468665,5.613483304934888,5.778161806735993,5,1.0,5,1.0,0.0,1.0,0,0.0
B_COMPLEMENT_NB,4,high,textual,complement_log_weight,5.690843987029299,0.12285551433354917,5.660052754015149,5.690843987029299,5.591728471921833,5.893492196983338,5,1.0,5,1.0,0.0,1.0,0,0.0
B_COMPLEMENT_NB,4,common,textual,complement_log_weight,5.682612111072048,0.12109360494415788,5.6555615550987515,5.682612111072048,5.558071982095126,5.8846434060599675,5,1.0,5,1.0,0.0,1.0,0,0.0
B_COMPLEMENT_NB,4,adults,textual,complement_log_weight,5.680649880616877,0.0988279313197303,5.682395287976695,5.680649880616877,5.57493549234362,5.821109515310381,5,1.0,5,1.0,0.0,1.0,0,0.0
B_COMPLEMENT_NB,4,stimulants,textual,complement_log_weight,5.679224348451376,0.09132640755279944,5.70614144071679,5.679224348451376,5.568212132562274,5.7894033068644575,5,1.0,5,1.0,0.0,1.0,0,0.0
B_COMPLEMENT_NB,4,tasks,textual,complement_log_weight,5.674351024688861,0.0665111593226635,5.674091860640657,5.674351024688861,5.5932843793667075,5.775813674387166,5,1.0,5,1.0,0.0,1.0,0,0.0
B_COMPLEMENT_NB,4,experience,textual,complement_log_weight,5.671076346205128,0.089799871628776,5.641947194590935,5.671076346205128,5.599428730512101,5.820622312357066,5,1.0,5,1.0,0.0,1.0,0,0.0
B_COMPLEMENT_NB,4,important,textual,complement_log_weight,5.669483167267982,0.10528854843377057,5.646024391545226,5.669483167267982,5.585821268669896,5.8516183488906,5,1.0,5,1.0,0.0,1.0,0,0.0
B_COMPLEMENT_NB,4,thing,textual,complement_log_weight,5.666864574145711,0.08183864835608218,5.659224481978495,5.666864574145711,5.555756166479345,5.785937407684582,5,1.0,5,1.0,0.0,1.0,0,0.0
B_COMPLEMENT_NB,4,add,textual,complement_log_weight,5.620288803465344,0.13547455945816989,5.612179877934369,5.620288803465344,5.464271832863623,5.766084651811423,5,1.0,5,1.0,0.0,1.0,0,0.0
B_COMPLEMENT_NB,4,good,textual,complement_log_weight,5.60329418116694,0.06994868373334527,5.6154528835896524,5.60329418116694,5.516307175998433,5.680102483303633,5,1.0,5,1.0,0.0,1.0,0,0.0
B_COMPLEMENT_NB,4,signs adhd,textual,complement_log_weight,5.599844681487037,0.045397748521547834,5.613298660836609,5.599844681487037,5.5458924748155285,5.652402896793051,5,1.0,5,1.0,0.0,1.0,0,0.0
B_COMPLEMENT_NB,4,life,textual,complement_log_weight,5.588127560681039,0.07078963878287119,5.629554433568689,5.588127560681039,5.505957880552455,5.653043053675613,5,1.0,5,1.0,0.0,1.0,0,0.0
B_COMPLEMENT_NB,4,ve,textual,complement_log_weight,5.587573765984116,0.0785264634059327,5.588177110557936,5.587573765984116,5.468521360271384,5.6871570598242185,5,1.0,5,1.0,0.0,1.0,0,0.0
B_COMPLEMENT_NB,4,disorder,textual,complement_log_weight,5.578914013740518,0.12190454028662773,5.523977665241173,5.578914013740518,5.512424194488079,5.796090720877361,5,1.0,5,1.0,0.0,1.0,0,0.0
B_COMPLEMENT_NB,4,kids,textual,complement_log_weight,5.572740923958447,0.08103000462778186,5.541342678178102,5.572740923958447,5.493914614926654,5.669967831125569,5,1.0,5,1.0,0.0,1.0,0,0.0
B_COMPLEMENT_NB,4,way,textual,complement_log_weight,5.56968999237601,0.06438309609150193,5.596107146905835,5.56968999237601,5.482379374339341,5.635507248470338,5,1.0,5,1.0,0.0,1.0,0,0.0
B_COMPLEMENT_NB,4,day,textual,complement_log_weight,5.567703908111598,0.14996203665455574,5.549175656805239,5.567703908111598,5.368849998379959,5.789323927019896,5,1.0,5,1.0,0.0,1.0,0,0.0
B_COMPLEMENT_NB,4,problems,textual,complement_log_weight,5.566642873403609,0.04077658569760293,5.564917645363414,5.566642873403609,5.503861793030232,5.609293957359177,5,1.0,5,1.0,0.0,1.0,0,0.0
B_COMPLEMENT_NB,4,different,textual,complement_log_weight,5.564096670792615,0.10452849628774194,5.567370338509945,5.564096670792615,5.457786449174551,5.711383745787068,5,1.0,5,1.0,0.0,1.0,0,0.0
B_COMPLEMENT_NB,4,want,textual,complement_log_weight,5.552652244321698,0.05833622138090924,5.523789294602666,5.552652244321698,5.4938556455992895,5.621844820995704,5,1.0,5,1.0,0.0,1.0,0,0.0
B_COMPLEMENT_NB,4,look,textual,complement_log_weight,5.5517116389625425,0.06295463228899593,5.565805212696887,5.5517116389625425,5.472815450753384,5.635942379116174,5,1.0,5,1.0,0.0,1.0,0,0.0
B_COMPLEMENT_NB,4,does,textual,complement_log_weight,5.542462076038262,0.06265483464146143,5.519858130501554,5.542462076038262,5.468814123773203,5.614520761241323,5,1.0,5,1.0,0.0,1.0,0,0.0
B_COMPLEMENT_NB,4,hyperactivity,textual,complement_log_weight,5.539245353160284,0.06775134040388725,5.543692946227206,5.539245353160284,5.478382324379479,5.644180327716064,5,1.0,5,1.0,0.0,1.0,0,0.0
B_COMPLEMENT_NB,4,stimulant,textual,complement_log_weight,5.538747452978829,0.11321404883918801,5.521211606523102,5.538747452978829,5.425394402225127,5.6923734911777855,5,1.0,5,1.0,0.0,1.0,0,0.0
B_COMPLEMENT_NB,4,actually,textual,complement_log_weight,5.522914858872772,0.055312820289139336,5.496766075182113,5.522914858872772,5.47958729210638,5.616444036352767,5,1.0,5,1.0,0.0,1.0,0,0.0
B_COMPLEMENT_NB,4,um,textual,complement_log_weight,5.520715165463204,0.13158726372195143,5.556607224584942,5.520715165463204,5.354650947067232,5.696538269542859,5,1.0,5,1.0,0.0,1.0,0,0.0
B_COMPLEMENT_NB,4,adhd sep,textual,complement_log_weight,5.512004330865133,0.06787011705653684,5.51941150348656,5.512004330865133,5.412894249063419,5.58409373064257,5,1.0,5,1.0,0.0,1.0,0,0.0
B_COMPLEMENT_NB,4,real,textual,complement_log_weight,5.510096081834648,0.07564805402010033,5.555216702759942,5.510096081834648,5.384418763394541,5.560869811091755,5,1.0,5,1.0,0.0,1.0,0,0.0
B_COMPLEMENT_NB,4,school,textual,complement_log_weight,5.489649164954495,0.11896958798409986,5.460817637717588,5.489649164954495,5.366051331343345,5.68593863171602,5,1.0,5,1.0,0.0,1.0,0,0.0
B_COMPLEMENT_NB,4,start,textual,complement_log_weight,5.489213595830189,0.0664970448606681,5.471839514655861,5.489213595830189,5.423290023001516,5.593336147140179,5,1.0,5,1.0,0.0,1.0,0,0.0
B_COMPLEMENT_NB,4,child,textual,complement_log_weight,5.488959512124423,0.10820588370658057,5.438498912105137,5.488959512124423,5.372953242281821,5.63054011801887,5,1.0,5,1.0,0.0,1.0,0,0.0
B_COMPLEMENT_NB,4,right,textual,complement_log_weight,5.469505660238131,0.052998440762863516,5.454243958943683,5.469505660238131,5.427388043744708,5.56215091777199,5,1.0,5,1.0,0.0,1.0,0,0.0
B_COMPLEMENT_NB,4,uh,textual,complement_log_weight,5.467255998971751,0.08297553981998942,5.448903337823397,5.467255998971751,5.352847813482063,5.5744036826758405,5,1.0,5,1.0,0.0,1.0,0,0.0
B_COMPLEMENT_NB,4,anxiety,textual,complement_log_weight,5.466894912240882,0.16327729493503804,5.570476940931023,5.466894912240882,5.2630258009199675,5.596167619500961,5,1.0,5,1.0,0.0,1.0,0,0.0
B_COMPLEMENT_NB,4,use,textual,complement_log_weight,5.464625769202405,0.08614139634665813,5.468086582579197,5.464625769202405,5.3614136394681315,5.593740081054586,5,1.0,5,1.0,0.0,1.0,0,0.0
B_COMPLEMENT_NB,4,getting,textual,complement_log_weight,5.462845327868429,0.09557393279421812,5.4778797804622466,5.462845327868429,5.3025024277973625,5.546061480873131,5,1.0,5,1.0,0.0,1.0,0,0.0
B_COMPLEMENT_NB,4,diagnosed,textual,complement_log_weight,5.445992656208924,0.09930976830495368,5.4773768028701495,5.445992656208924,5.328666078829135,5.556601635798372,5,1.0,5,1.0,0.0,1.0,0,0.0
B_COMPLEMENT_NB,4,dopamine,textual,complement_log_weight,5.44093045286462,0.06883285414615646,5.418098139825188,5.44093045286462,5.362457657195052,5.527231926366724,5,1.0,5,1.0,0.0,1.0,0,0.0
B_COMPLEMENT_NB,4,symptoms adhd,textual,complement_log_weight,5.438003648383251,0.06780190507211181,5.408561012328729,5.438003648383251,5.37555228617734,5.539215682332559,5,1.0,5,1.0,0.0,1.0,0,0.0
B_COMPLEMENT_NB,4,autism,textual,complement_log_weight,5.411520270310989,0.13048395136638632,5.410918039062648,5.411520270310989,5.257176015161111,5.611006946954418,5,1.0,5,1.0,0.0,1.0,0,0.0
B_COMPLEMENT_NB,4,people adhd,textual,complement_log_weight,5.397171293115335,0.0894503673935173,5.4210461029655095,5.397171293115335,5.242048047017222,5.466639138500602,5,1.0,5,1.0,0.0,1.0,0,0.0
B_COMPLEMENT_NB,4,think,textual,complement_log_weight,5.393068570326078,0.07732984459987045,5.3975637527883515,5.393068570326078,5.27025107952078,5.471712777390788,5,1.0,5,1.0,0.0,1.0,0,0.0
B_COMPLEMENT_NB,4,need,textual,complement_log_weight,5.388480976898821,0.09329278981708167,5.424565550361815,5.388480976898821,5.24441200703328,5.477322993610058,5,1.0,5,1.0,0.0,1.0,0,0.0
B_COMPLEMENT_NB,4,adhd symptoms,textual,complement_log_weight,5.3688886708467205,0.09585495597409446,5.400252254389852,5.3688886708467205,5.211205409602378,5.468016278374079,5,1.0,5,1.0,0.0,1.0,0,0.0
B_COMPLEMENT_NB,4,work,textual,complement_log_weight,5.3651227212785795,0.09589198010753919,5.353396820529258,5.3651227212785795,5.219382939659115,5.467215524549934,5,1.0,5,1.0,0.0,1.0,0,0.0
B_COMPLEMENT_NB,4,help,textual,complement_log_weight,5.334247037799678,0.08289661679807776,5.301770937584899,5.334247037799678,5.267949716961945,5.468845203767948,5,1.0,5,1.0,0.0,1.0,0,0.0
B_COMPLEMENT_NB,4,ll,textual,complement_log_weight,5.331935602234479,0.15131972594470225,5.320137857156949,5.331935602234479,5.1540390298175405,5.534615194520777,5,1.0,5,1.0,0.0,1.0,0,0.0
B_COMPLEMENT_NB,4,feel,textual,complement_log_weight,5.301173702375148,0.09123112047591643,5.338260738270198,5.301173702375148,5.184707288944098,5.39572274553151,5,1.0,5,1.0,0.0,1.0,0,0.0
B_COMPLEMENT_NB,4,sleep,textual,complement_log_weight,5.29843709975096,0.09598730128205211,5.279689281804105,5.29843709975096,5.185450975145858,5.434327706333928,5,1.0,5,1.0,0.0,1.0,0,0.0
B_COMPLEMENT_NB,4,diagnosis,textual,complement_log_weight,5.276192579935423,0.10888702821034382,5.282492487039975,5.276192579935423,5.128923198871857,5.3823572653887695,5,1.0,5,1.0,0.0,1.0,0,0.0
B_COMPLEMENT_NB,4,person,textual,complement_log_weight,5.260268271004473,0.14615997118531998,5.27038245885908,5.260268271004473,5.019762415946825,5.407490067036028,5,1.0,5,1.0,0.0,1.0,0,0.0
B_COMPLEMENT_NB,4,attention,textual,complement_log_weight,5.244841044798253,0.1457524737029617,5.2330260095480465,5.244841044798253,5.058150224560843,5.465594356952526,5,1.0,5,1.0,0.0,1.0,0,0.0
B_COMPLEMENT_NB,4,lot,textual,complement_log_weight,5.242958441125709,0.06805610115373374,5.240400071611908,5.242958441125709,5.140546617650318,5.323053390886895,5,1.0,5,1.0,0.0,1.0,0,0.0
B_COMPLEMENT_NB,4,focus,textual,complement_log_weight,5.232039495287749,0.07769498758437153,5.196810771302665,5.232039495287749,5.150807217357216,5.34084231737874,5,1.0,5,1.0,0.0,1.0,0,0.0
B_COMPLEMENT_NB,4,make,textual,complement_log_weight,5.230409426630606,0.10187185986062858,5.2762649662442325,5.230409426630606,5.101451059326172,5.319405943246379,5,1.0,5,1.0,0.0,1.0,0,0.0
B_COMPLEMENT_NB,4,going,textual,complement_log_weight,5.2044982801055735,0.15122022711350294,5.217257724014621,5.2044982801055735,5.026932129884728,5.366446852438009,5,1.0,5,1.0,0.0,1.0,0,0.0
B_COMPLEMENT_NB,4,really,textual,complement_log_weight,5.134928539545839,0.05738650219879001,5.157061133311578,5.134928539545839,5.054162482111963,5.200912287882492,5,1.0,5,1.0,0.0,1.0,0,0.0
B_COMPLEMENT_NB,4,don,textual,complement_log_weight,5.113391427396524,0.11871050554821733,5.150491708415928,5.113391427396524,4.986699015927661,5.227036925441873,5,1.0,5,1.0,0.0,1.0,0,0.0
B_COMPLEMENT_NB,4,signs,textual,complement_log_weight,5.10946818238597,0.04675695551401445,5.0989846047895195,5.10946818238597,5.05315371383862,5.181198142476594,5,1.0,5,1.0,0.0,1.0,0,0.0
B_COMPLEMENT_NB,4,autistic,textual,complement_log_weight,5.01127814236665,2.803664819914852,6.18752395624191,5.01127814236665,0.0,6.4423014325120675,4,0.8,4,0.8,0.0,1.0,0,0.0
B_COMPLEMENT_NB,4,differently,textual,complement_log_weight,5.002584779453504,2.7977808257162193,6.17929873946671,5.002584779453504,0.0,6.36140370626988,4,0.8,4,0.8,0.0,1.0,0,0.0
B_COMPLEMENT_NB,4,treating adhd,textual,complement_log_weight,4.998150835941668,2.796028053564784,6.174236970591139,4.998150835941668,0.0,6.388186065409307,4,0.8,4,0.8,0.0,1.0,0,0.0
B_COMPLEMENT_NB,4,sensitive,textual,complement_log_weight,4.9803009034022185,2.7858403006887347,6.134935551686767,4.9803009034022185,0.0,6.333789213582164,4,0.8,4,0.8,0.0,1.0,0,0.0
B_COMPLEMENT_NB,4,sep,textual,complement_log_weight,4.980153671013082,0.08156429745408109,5.02196711006526,4.980153671013082,4.890444901351831,5.05509321794236,5,1.0,5,1.0,0.0,1.0,0,0.0
B_COMPLEMENT_NB,4,playing,textual,complement_log_weight,4.964891581287833,2.7786489941286447,6.125652314090299,4.964891581287833,0.0,6.4363003289160226,4,0.8,4,0.8,0.0,1.0,0,0.0
B_COMPLEMENT_NB,4,function,textual,complement_log_weight,4.962984233045246,2.775505507968059,6.132576681603643,4.962984233045246,0.0,6.3200452472118425,4,0.8,4,0.8,0.0,1.0,0,0.0
B_COMPLEMENT_NB,4,इपर,textual,complement_log_weight,4.962720637306947,2.7812759396342583,6.016551060691879,4.962720637306947,0.0,6.458809316584925,4,0.8,4,0.8,0.0,1.0,0,0.0
B_COMPLEMENT_NB,4,dysfunction,textual,complement_log_weight,4.962153374817825,2.775824089898861,6.1523351922897795,4.962153374817825,0.0,6.373894146519228,4,0.8,4,0.8,0.0,1.0,0,0.0
B_COMPLEMENT_NB,4,know,textual,complement_log_weight,4.961483160630479,0.1148325691473078,5.002179540057631,4.961483160630479,4.816622771738764,5.082912898031545,5,1.0,5,1.0,0.0,1.0,0,0.0
B_COMPLEMENT_NB,4,medication,textual,complement_log_weight,4.957757127417311,0.17373262244128773,4.921348115763396,4.957757127417311,4.724626495019245,5.16751198920069,5,1.0,5,1.0,0.0,1.0,0,0.0
B_COMPLEMENT_NB,4,mind,textual,complement_log_weight,4.954162354209375,2.771813824298711,6.0849665836778986,4.954162354209375,0.0,6.323526087644687,4,0.8,4,0.8,0.0,1.0,0,0.0
B_COMPLEMENT_NB,4,present,textual,complement_log_weight,4.9521123622890055,2.7708047172269765,6.174605058748409,4.9521123622890055,0.0,6.364841755436363,4,0.8,4,0.8,0.0,1.0,0,0.0
B_COMPLEMENT_NB,4,looking,textual,complement_log_weight,4.9490172948879305,2.7677486673068583,6.132718275329519,4.9490172948879305,0.0,6.310410192618904,4,0.8,4,0.8,0.0,1.0,0,0.0
B_COMPLEMENT_NB,4,years,textual,complement_log_weight,4.948277193170574,2.767146170049903,6.20311341326536,4.948277193170574,0.0,6.2666658571296585,4,0.8,4,0.8,0.0,1.0,0,0.0
B_COMPLEMENT_NB,4,explained,textual,complement_log_weight,4.946728263117026,2.7677498953493953,6.097629714047014,4.946728263117026,0.0,6.37383501202423,4,0.8,4,0.8,0.0,1.0,0,0.0
B_COMPLEMENT_NB,4,phone,textual,complement_log_weight,4.944587580471624,2.766545591140587,6.076843974030143,4.944587580471624,0.0,6.2993668255111315,4,0.8,4,0.8,0.0,1.0,0,0.0
B_COMPLEMENT_NB,4,maybe,textual,complement_log_weight,4.94185098115055,2.7651599452167597,6.12682352424229,4.94185098115055,0.0,6.380792385970014,4,0.8,4,0.8,0.0,1.0,0,0.0
B_COMPLEMENT_NB,4,love,textual,complement_log_weight,4.937644462900103,2.763088856211689,6.047314553294668,4.937644462900103,0.0,6.302584490590486,4,0.8,4,0.8,0.0,1.0,0,0.0
B_COMPLEMENT_NB,4,meds,textual,complement_log_weight,4.935896739670209,2.7631062712298666,6.060153024262583,4.935896739670209,0.0,6.398934290815231,4,0.8,4,0.8,0.0,1.0,0,0.0
B_COMPLEMENT_NB,4,kid,textual,complement_log_weight,4.9329848649867385,2.75845593022807,6.1484031219649244,4.9329848649867385,0.0,6.2759647247447035,4,0.8,4,0.8,0.0,1.0,0,0.0
B_COMPLEMENT_NB,4,turn,textual,complement_log_weight,4.932373902274273,2.75951910316622,6.141096207556027,4.932373902274273,0.0,6.323571011223948,4,0.8,4,0.8,0.0,1.0,0,0.0
B_COMPLEMENT_NB,4,things,textual,complement_log_weight,4.929525542705815,0.10955768773883157,4.99460762356733,4.929525542705815,4.809836570775387,5.017605151813637,5,1.0,5,1.0,0.0,1.0,0,0.0
B_COMPLEMENT_NB,4,parents,textual,complement_log_weight,4.9247365360725,2.7589543033608486,5.982414072325127,4.9247365360725,0.0,6.376683801183993,4,0.8,4,0.8,0.0,1.0,0,0.0
B_COMPLEMENT_NB,4,feelings,textual,complement_log_weight,4.9163980411455785,2.750592230130344,6.066960972444438,4.9163980411455785,0.0,6.323032995151397,4,0.8,4,0.8,0.0,1.0,0,0.0
B_COMPLEMENT_NB,4,physical,textual,complement_log_weight,4.91350513568835,2.749841493645874,6.064061464183546,4.91350513568835,0.0,6.3649844799002695,4,0.8,4,0.8,0.0,1.0,0,0.0
B_COMPLEMENT_NB,4,activity,textual,complement_log_weight,4.910884226524765,2.7457224680696966,6.099419039662266,4.910884226524765,0.0,6.214609161119485,4,0.8,4,0.8,0.0,1.0,0,0.0
B_COMPLEMENT_NB,4,best,textual,complement_log_weight,4.906002311751462,2.7428550837298444,6.108189583932779,4.906002311751462,0.0,6.202354896165218,4,0.8,4,0.8,0.0,1.0,0,0.0
B_COMPLEMENT_NB,4,time,textual,complement_log_weight,4.895653149131524,0.08684295773469261,4.928935626510818,4.895653149131524,4.7613170358695855,4.986078330863581,5,1.0,5,1.0,0.0,1.0,0,0.0
B_COMPLEMENT_NB,4,options,textual,complement_log_weight,4.895341396006562,2.738998726206966,6.079288830800377,4.895341396006562,0.0,6.309643225985849,4,0.8,4,0.8,0.0,1.0,0,0.0
B_COMPLEMENT_NB,4,overwhelmed,textual,complement_log_weight,4.889604677117634,2.7348215861927065,6.053059534641344,4.889604677117634,0.0,6.252952055307993,4,0.8,4,0.8,0.0,1.0,0,0.0
B_COMPLEMENT_NB,4,adhd just,textual,complement_log_weight,4.8886264123819085,2.7343733312509046,6.064338438685528,4.8886264123819085,0.0,6.250328142212192,4,0.8,4,0.8,0.0,1.0,0,0.0
B_COMPLEMENT_NB,4,lack,textual,complement_log_weight,4.884443150990509,2.7307849404734688,6.0894511835417475,4.884443150990509,0.0,6.14635315308869,4,0.8,4,0.8,0.0,1.0,0,0.0
B_COMPLEMENT_NB,4,protein,textual,complement_log_weight,4.873010981369163,2.7260824030520525,6.022771042898645,4.873010981369163,0.0,6.269675530897205,4,0.8,4,0.8,0.0,1.0,0,0.0
B_COMPLEMENT_NB,4,treating,textual,complement_log_weight,4.869914258166466,2.7249009238094866,6.049157319692543,4.869914258166466,0.0,6.279930795700232,4,0.8,4,0.8,0.0,1.0,0,0.0
B_COMPLEMENT_NB,4,adhd women,textual,complement_log_weight,4.868446250264347,2.7224719186070634,6.030864275041978,4.868446250264347,0.0,6.157976151460265,4,0.8,4,0.8,0.0,1.0,0,0.0
B_COMPLEMENT_NB,4,brain,textual,complement_log_weight,4.859884923834904,0.13106057969875698,4.928116323582812,4.859884923834904,4.637868771778435,4.953333332215965,5,1.0,5,1.0,0.0,1.0,0,0.0
B_COMPLEMENT_NB,4,type,textual,complement_log_weight,4.859019769004795,2.71720366533661,6.014395396796651,4.859019769004795,0.0,6.16089470915697,4,0.8,4,0.8,0.0,1.0,0,0.0
B_COMPLEMENT_NB,4,sensory,textual,complement_log_weight,4.8536337404686,2.7136142256719595,6.041557316647327,4.8536337404686,0.0,6.142543871650444,4,0.8,4,0.8,0.0,1.0,0,0.0
B_COMPLEMENT_NB,4,एक,textual,complement_log_weight,4.852329797497466,2.7199626915115016,5.87785851102466,4.852329797497466,0.0,6.33304480944924,4,0.8,4,0.8,0.0,1.0,0,0.0
B_COMPLEMENT_NB,4,exercise,textual,complement_log_weight,4.85115613927718,2.7119125120501533,6.051911281465279,4.85115613927718,0.0,6.082756295461942,4,0.8,4,0.8,0.0,1.0,0,0.0
B_COMPLEMENT_NB,4,unable,textual,complement_log_weight,4.84695242806814,2.710151958714264,6.035541374619138,4.84695242806814,0.0,6.113049008876529,4,0.8,4,0.8,0.0,1.0,0,0.0
B_COMPLEMENT_NB,4,likely,textual,complement_log_weight,4.8400895689817505,2.7098036768190656,5.948767682938859,4.8400895689817505,0.0,6.301478275265249,4,0.8,4,0.8,0.0,1.0,0,0.0
B_COMPLEMENT_NB,4,quickly,textual,complement_log_weight,4.823544045139255,2.7021125864047315,5.915320023855937,4.823544045139255,0.0,6.326443374951058,4,0.8,4,0.8,0.0,1.0,0,0.0
B_COMPLEMENT_NB,4,understanding,textual,complement_log_weight,4.822490413203338,2.6965875278693834,5.997449848111546,4.822490413203338,0.0,6.13016290228605,4,0.8,4,0.8,0.0,1.0,0,0.0
B_COMPLEMENT_NB,4,number,textual,complement_log_weight,4.81275658703044,0.08524025166246205,4.8124314584309085,4.81275658703044,4.687082984544926,4.899607693011326,5,1.0,5,1.0,0.0,1.0,0,0.0
B_COMPLEMENT_NB,4,called,textual,complement_log_weight,4.812071938704097,2.6906380685095073,6.005541003246495,4.812071938704097,0.0,6.10419191572445,4,0.8,4,0.8,0.0,1.0,0,0.0
B_COMPLEMENT_NB,4,late,textual,complement_log_weight,4.78732207906375,2.6771239418378823,5.940589114230913,4.78732207906375,0.0,6.092700035777622,4,0.8,4,0.8,0.0,1.0,0,0.0
B_COMPLEMENT_NB,4,adhd real,textual,complement_log_weight,4.781442267643593,2.6764837263463224,5.889834173513722,4.781442267643593,0.0,6.1929366240495956,4,0.8,4,0.8,0.0,1.0,0,0.0
B_COMPLEMENT_NB,4,drugs,textual,complement_log_weight,4.780494119276764,2.673101441860574,5.938674383699252,4.780494119276764,0.0,6.05061390728287,4,0.8,4,0.8,0.0,1.0,0,0.0
B_COMPLEMENT_NB,4,just,textual,complement_log_weight,4.771850135260011,0.09438081102551112,4.807276065578798,4.771850135260011,4.654469975277747,4.862499350505382,5,1.0,5,1.0,0.0,1.0,0,0.0
B_COMPLEMENT_NB,4,neurotypical,textual,complement_log_weight,4.736668688798142,2.649667772765856,5.861046948936688,4.736668688798142,0.0,6.089260295951986,4,0.8,4,0.8,0.0,1.0,0,0.0
B_COMPLEMENT_NB,4,people,textual,complement_log_weight,4.726304670078605,0.12826996086430603,4.751588159790491,4.726304670078605,4.568374249023057,4.859507250660989,5,1.0,5,1.0,0.0,1.0,0,0.0
B_COMPLEMENT_NB,4,foods,textual,complement_log_weight,4.700004376441972,2.627615474943673,5.849789335427087,4.700004376441972,0.0,5.927179339897501,4,0.8,4,0.8,0.0,1.0,0,0.0
B_COMPLEMENT_NB,4,term,textual,complement_log_weight,4.69751183710776,2.628162681157599,5.806331049647891,4.69751183710776,0.0,6.0389763054782835,4,0.8,4,0.8,0.0,1.0,0,0.0
B_COMPLEMENT_NB,4,relationships,textual,complement_log_weight,4.689228869406861,2.621977563738555,5.84019861558303,4.689228869406861,0.0,5.948880770384869,4,0.8,4,0.8,0.0,1.0,0,0.0
B_COMPLEMENT_NB,4,symptoms,textual,complement_log_weight,4.637318962544731,0.15235647760169044,4.668202154465595,4.637318962544731,4.453613637695485,4.799688858182001,5,1.0,5,1.0,0.0,1.0,0,0.0
B_COMPLEMENT_NB,4,like,textual,complement_log_weight,4.462293617394648,0.13549512889009488,4.5132237539254705,4.462293617394648,4.280555720153527,4.587631362609339,5,1.0,5,1.0,0.0,1.0,0,0.0
B_COMPLEMENT_NB,4,family,textual,complement_log_weight,3.732815077831552,3.4087932541538946,6.124678988502481,3.732815077831552,0.0,6.367432703207158,3,0.6,3,0.6,0.0,1.0,0,0.0
B_COMPLEMENT_NB,4,activities,textual,complement_log_weight,3.732316199646204,3.408290336107102,6.139317380143901,3.732316199646204,0.0,6.365850902194092,3,0.6,3,0.6,0.0,1.0,0,0.0
B_COMPLEMENT_NB,4,short,textual,complement_log_weight,3.731725809326746,3.407653274582372,6.092445690905399,3.731725809326746,0.0,6.33266171690491,3,0.6,3,0.6,0.0,1.0,0,0.0
B_COMPLEMENT_NB,4,small,textual,complement_log_weight,3.7253753719658618,3.402470612901133,6.077098093028297,3.7253753719658618,0.0,6.374233776194539,3,0.6,3,0.6,0.0,1.0,0,0.0
B_COMPLEMENT_NB,4,iron,textual,complement_log_weight,3.7235636579867255,3.4002805379208456,6.1247724576353,3.7235636579867255,0.0,6.349789028425294,3,0.6,3,0.6,0.0,1.0,0,0.0
B_COMPLEMENT_NB,4,management,textual,complement_log_weight,3.720903170956345,3.3984666191812862,6.023215359324563,3.720903170956345,0.0,6.301117855483329,3,0.6,3,0.6,0.0,1.0,0,0.0
B_COMPLEMENT_NB,4,struggles,textual,complement_log_weight,3.7146244460918423,3.392997781405587,6.0278492532491965,3.7146244460918423,0.0,6.35925634704915,3,0.6,3,0.6,0.0,1.0,0,0.0
B_COMPLEMENT_NB,4,experts answer,textual,complement_log_weight,3.7116213792110444,3.388601693354079,6.119880492672502,3.7116213792110444,0.0,6.260807220411382,3,0.6,3,0.6,0.0,1.0,0,0.0
B_COMPLEMENT_NB,4,little bit,textual,complement_log_weight,3.7076519693808665,3.385321011178127,6.074530454824178,3.7076519693808665,0.0,6.269372022508928,3,0.6,3,0.6,0.0,1.0,0,0.0
B_COMPLEMENT_NB,4,complete,textual,complement_log_weight,3.7072795836171806,3.3846465725348702,6.124588667405183,3.7072795836171806,0.0,6.259980760845332,3,0.6,3,0.6,0.0,1.0,0,0.0
B_COMPLEMENT_NB,4,long term,textual,complement_log_weight,3.7072251284928592,3.3866520149950134,6.073495413890683,3.7072251284928592,0.0,6.388343136776545,3,0.6,3,0.6,0.0,1.0,0,0.0
B_COMPLEMENT_NB,4,intense,textual,complement_log_weight,3.7059913561590947,3.383820841487475,6.067686057314173,3.7059913561590947,0.0,6.262149277772525,3,0.6,3,0.6,0.0,1.0,0,0.0
B_COMPLEMENT_NB,4,natural,textual,complement_log_weight,3.7012880118008313,3.3794255216810587,6.068330059744936,3.7012880118008313,0.0,6.24915705121968,3,0.6,3,0.6,0.0,1.0,0,0.0
B_COMPLEMENT_NB,4,somebody,textual,complement_log_weight,3.6993450686273497,3.378805292488997,6.0511161774876605,3.6993450686273497,0.0,6.342114592037726,3,0.6,3,0.6,0.0,1.0,0,0.0
B_COMPLEMENT_NB,4,diagnostic,textual,complement_log_weight,3.692262599434348,3.3720277937028413,6.053949635005831,3.692262599434348,0.0,6.314727388632952,3,0.6,3,0.6,0.0,1.0,0,0.0
B_COMPLEMENT_NB,4,early,textual,complement_log_weight,3.690313205826699,3.370684133684468,6.055960047365628,3.690313205826699,0.0,6.335512792414437,3,0.6,3,0.6,0.0,1.0,0,0.0
B_COMPLEMENT_NB,4,answer sep,textual,complement_log_weight,3.689988610889838,3.368794820739208,6.088735216006262,3.689988610889838,0.0,6.217804565819157,3,0.6,3,0.6,0.0,1.0,0,0.0
B_COMPLEMENT_NB,4,experts,textual,complement_log_weight,3.6823065213333663,3.3615602173849575,6.11450613228523,3.6823065213333663,0.0,6.177145981709102,3,0.6,3,0.6,0.0,1.0,0,0.0
B_COMPLEMENT_NB,4,traits,textual,complement_log_weight,3.6820129253793445,3.3617117386011555,6.0545310479835,3.6820129253793445,0.0,6.220003895629551,3,0.6,3,0.6,0.0,1.0,0,0.0
B_COMPLEMENT_NB,4,neurotypical person,textual,complement_log_weight,3.678457929828246,3.35818579599343,6.0673260032819405,3.678457929828246,0.0,6.169616360471601,3,0.6,3,0.6,0.0,1.0,0,0.0
B_COMPLEMENT_NB,4,girls,textual,complement_log_weight,3.6783255846196368,3.3587749154909448,6.059376295774976,3.6783255846196368,0.0,6.259974283159362,3,0.6,3,0.6,0.0,1.0,0,0.0
B_COMPLEMENT_NB,4,audhd,textual,complement_log_weight,3.665503917240302,3.3476035746547956,5.996992116711273,3.665503917240302,0.0,6.266568529455013,3,0.6,3,0.6,0.0,1.0,0,0.0
B_COMPLEMENT_NB,4,job,textual,complement_log_weight,3.654814912346032,3.3365951980616213,6.052867712176864,3.654814912346032,0.0,6.1534654682927705,3,0.6,3,0.6,0.0,1.0,0,0.0
B_COMPLEMENT_NB,4,works,textual,complement_log_weight,3.6527480173118336,3.3363309370175305,5.991333132033419,3.6527480173118336,0.0,6.268864600677743,3,0.6,3,0.6,0.0,1.0,0,0.0
B_COMPLEMENT_NB,4,adhd,textual,complement_log_weight,3.6522962561304473,0.15081323682216569,3.7408006325775034,3.6522962561304473,3.4710702761685877,3.7907675149661486,5,1.0,5,1.0,0.0,1.0,0,0.0
B_COMPLEMENT_NB,4,point,textual,complement_log_weight,3.638450711029261,3.3215166765353037,6.0442547788691945,3.638450711029261,0.0,6.101901420833465,3,0.6,3,0.6,0.0,1.0,0,0.0
B_COMPLEMENT_NB,4,supplements,textual,complement_log_weight,3.6334972555279443,3.317670633016527,5.981378208009268,3.6334972555279443,0.0,6.169751612228898,3,0.6,3,0.6,0.0,1.0,0,0.0
B_COMPLEMENT_NB,4,using,textual,complement_log_weight,3.6302417549847674,3.3154754061642513,5.9226498366366815,3.6302417549847674,0.0,6.204214814532871,3,0.6,3,0.6,0.0,1.0,0,0.0
B_COMPLEMENT_NB,4,condition,textual,complement_log_weight,3.6185909396788274,3.3038406654067507,5.936107927501546,3.6185909396788274,0.0,6.095965916367803,3,0.6,3,0.6,0.0,1.0,0,0.0
B_COMPLEMENT_NB,4,lots,textual,complement_log_weight,3.6064347102653342,3.2927541895992785,5.944045491211923,3.6064347102653342,0.0,6.106033413884679,3,0.6,3,0.6,0.0,1.0,0,0.0
B_COMPLEMENT_NB,4,poor,textual,complement_log_weight,3.6001636393181875,3.2867217806032105,5.964074148702698,3.6001636393181875,0.0,6.064563545350842,3,0.6,3,0.6,0.0,1.0,0,0.0
B_COMPLEMENT_NB,4,shorts,textual,complement_log_weight,3.588453112561807,3.2759945990550383,5.930702349657263,3.588453112561807,0.0,6.033033995673878,3,0.6,3,0.6,0.0,1.0,0,0.0
B_COMPLEMENT_NB,4,key,textual,complement_log_weight,3.5862121028777096,3.2741952679667716,5.8896548978599546,3.5862121028777096,0.0,6.031780228268092,3,0.6,3,0.6,0.0,1.0,0,0.0
B_COMPLEMENT_NB,4,levels,textual,complement_log_weight,3.5593458943000313,3.2493047397551353,5.894920984504102,3.5593458943000313,0.0,5.954446800535208,3,0.6,3,0.6,0.0,1.0,0,0.0
B_COMPLEMENT_NB,4,mood,textual,complement_log_weight,3.546532976824163,3.2380599516844515,5.835280797029777,3.546532976824163,0.0,5.999847411050497,3,0.6,3,0.6,0.0,1.0,0,0.0
B_COMPLEMENT_NB,4,hedge_score,handcrafted_linguistic,complement_log_weight,3.3053941507558227,0.13753940170460616,3.2903547732295753,3.3053941507558227,3.159987368809082,3.4532765954400904,5,1.0,5,1.0,0.0,1.0,0,0.0
B_COMPLEMENT_NB,4,certainty_score,handcrafted_linguistic,complement_log_weight,3.246812022066893,0.11563440715303815,3.264795052795717,3.246812022066893,3.111985871493517,3.3646606418335576,5,1.0,5,1.0,0.0,1.0,0,0.0
B_COMPLEMENT_NB,4,like adhd,textual,complement_log_weight,2.5369395427883883,3.475217026298631,0.0,2.5369395427883883,0.0,6.4803102488138,2,0.4,2,0.4,0.0,1.0,0,0.0
B_COMPLEMENT_NB,4,executive function,textual,complement_log_weight,2.5314522507323836,3.467625819609158,0.0,2.5314522507323836,0.0,6.462489818231768,2,0.4,2,0.4,0.0,1.0,0,0.0
B_COMPLEMENT_NB,4,cause,textual,complement_log_weight,2.5204277118041163,3.4517337346707944,0.0,2.5204277118041163,0.0,6.3838165514639575,2,0.4,2,0.4,0.0,1.0,0,0.0
B_COMPLEMENT_NB,4,executive dysfunction,textual,complement_log_weight,2.5088276429725362,3.4363377810199665,0.0,2.5088276429725362,0.0,6.388362518653579,2,0.4,2,0.4,0.0,1.0,0,0.0
B_COMPLEMENT_NB,4,blindness,textual,complement_log_weight,2.5052968329698944,3.4315300701042153,0.0,2.5052968329698944,0.0,6.3810402752172894,2,0.4,2,0.4,0.0,1.0,0,0.0
B_COMPLEMENT_NB,4,test,textual,complement_log_weight,2.5017298124458325,3.4264080362937093,0.0,2.5017298124458325,0.0,6.357275286601137,2,0.4,2,0.4,0.0,1.0,0,0.0
B_COMPLEMENT_NB,4,based,textual,complement_log_weight,2.500892794745884,3.4257244027568112,0.0,2.500892794745884,0.0,6.382356837460137,2,0.4,2,0.4,0.0,1.0,0,0.0
B_COMPLEMENT_NB,4,structure,textual,complement_log_weight,2.491227446278541,3.411680503035736,0.0,2.491227446278541,0.0,6.304387030873885,2,0.4,2,0.4,0.0,1.0,0,0.0
B_COMPLEMENT_NB,4,needs,textual,complement_log_weight,2.4836815047153764,3.402614637390928,0.0,2.4836815047153764,0.0,6.361012615052524,2,0.4,2,0.4,0.0,1.0,0,0.0
B_COMPLEMENT_NB,4,include,textual,complement_log_weight,2.4776860987875926,3.3928596864204437,0.0,2.4776860987875926,0.0,6.239072665578006,2,0.4,2,0.4,0.0,1.0,0,0.0
B_COMPLEMENT_NB,4,sign,textual,complement_log_weight,2.4756594804886114,3.390696054611122,0.0,2.4756594804886114,0.0,6.290649844129311,2,0.4,2,0.4,0.0,1.0,0,0.0
B_COMPLEMENT_NB,4,shown,textual,complement_log_weight,2.4700743109685748,3.3829438131859866,0.0,2.4700743109685748,0.0,6.269345508442133,2,0.4,2,0.4,0.0,1.0,0,0.0
B_COMPLEMENT_NB,4,play,textual,complement_log_weight,2.4664203582395294,3.37729213415511,0.0,2.4664203582395294,0.0,6.175752987276431,2,0.4,2,0.4,0.0,1.0,0,0.0
B_COMPLEMENT_NB,4,adhd like,textual,complement_log_weight,2.4649398068380917,3.3761023143106157,0.0,2.4649398068380917,0.0,6.269133087370384,2,0.4,2,0.4,0.0,1.0,0,0.0
B_COMPLEMENT_NB,4,improve,textual,complement_log_weight,2.463557740932923,3.373422789841974,0.0,2.463557740932923,0.0,6.1867305183028485,2,0.4,2,0.4,0.0,1.0,0,0.0
B_COMPLEMENT_NB,4,psychologist,textual,complement_log_weight,2.458091352169544,3.365997403882938,0.0,2.458091352169544,0.0,6.18495164002369,2,0.4,2,0.4,0.0,1.0,0,0.0
B_COMPLEMENT_NB,4,helpful,textual,complement_log_weight,2.4487044026449603,3.353457516987168,0.0,2.4487044026449603,0.0,6.19778694447208,2,0.4,2,0.4,0.0,1.0,0,0.0
B_COMPLEMENT_NB,4,types,textual,complement_log_weight,2.4423503425048567,3.344841489542011,0.0,2.4423503425048567,0.0,6.188925221535273,2,0.4,2,0.4,0.0,1.0,0,0.0
B_COMPLEMENT_NB,4,worse,textual,complement_log_weight,2.4364100043099137,3.336218262410361,0.0,2.4364100043099137,0.0,6.1098180879692485,2,0.4,2,0.4,0.0,1.0,0,0.0
B_COMPLEMENT_NB,4,trauma,textual,complement_log_weight,2.43398648054971,3.3328776170594807,0.0,2.43398648054971,0.0,6.092596238845161,2,0.4,2,0.4,0.0,1.0,0,0.0
B_COMPLEMENT_NB,4,reduce,textual,complement_log_weight,2.433826384830643,3.332764930963915,0.0,2.433826384830643,0.0,6.123015955692657,2,0.4,2,0.4,0.0,1.0,0,0.0
B_COMPLEMENT_NB,4,inattention,textual,complement_log_weight,2.4302361494302245,3.3284274026978817,0.0,2.4302361494302245,0.0,6.171397041244963,2,0.4,2,0.4,0.0,1.0,0,0.0
B_COMPLEMENT_NB,4,fast,textual,complement_log_weight,2.413607983091828,3.3050403254769423,0.0,2.413607983091828,0.0,6.064760743181732,2,0.4,2,0.4,0.0,1.0,0,0.0
B_COMPLEMENT_NB,4,college,textual,complement_log_weight,2.3960341647291115,3.2809052534581897,0.0,2.3960341647291115,0.0,5.992234779139084,2,0.4,2,0.4,0.0,1.0,0,0.0
B_COMPLEMENT_NB,4,ocd,textual,complement_log_weight,2.390188598644929,3.2729878310140017,0.0,2.390188598644929,0.0,6.009278594028269,2,0.4,2,0.4,0.0,1.0,0,0.0
B_COMPLEMENT_NB,4,एड,textual,complement_log_weight,2.3813943179918438,3.260859446504036,0.0,2.3813943179918438,0.0,5.957062538584815,2,0.4,2,0.4,0.0,1.0,0,0.0
B_COMPLEMENT_NB,4,won,textual,complement_log_weight,1.284709636114009,2.8726980776999427,0.0,1.284709636114009,0.0,6.4235481805700445,1,0.2,1,0.2,0.0,1.0,0,0.0
B_COMPLEMENT_NB,4,focusing,textual,complement_log_weight,1.2777750565775492,2.85719188646104,0.0,1.2777750565775492,0.0,6.388875282887746,1,0.2,1,0.2,0.0,1.0,0,0.0
B_COMPLEMENT_NB,4,time blindness,textual,complement_log_weight,1.2762080550434578,2.853687964509965,0.0,1.2762080550434578,0.0,6.3810402752172894,1,0.2,1,0.2,0.0,1.0,0,0.0
B_COMPLEMENT_NB,4,effective,textual,complement_log_weight,1.2756728054751905,2.8524911100903916,0.0,1.2756728054751905,0.0,6.3783640273759525,1,0.2,1,0.2,0.0,1.0,0,0.0
B_COMPLEMENT_NB,4,research,textual,complement_log_weight,1.263018729164571,2.8241957352673763,0.0,1.263018729164571,0.0,6.315093645822855,1,0.2,1,0.2,0.0,1.0,0,0.0
B_COMPLEMENT_NB,4,seconds,textual,complement_log_weight,1.2613073732095756,2.8203690270183084,0.0,1.2613073732095756,0.0,6.306536866047878,1,0.2,1,0.2,0.0,1.0,0,0.0
B_COMPLEMENT_NB,4,diagnosed adhd,textual,complement_log_weight,1.2511537561548036,2.797664849066337,0.0,1.2511537561548036,0.0,6.2557687807740185,1,0.2,1,0.2,0.0,1.0,0,0.0
B_COMPLEMENT_NB,4,learn,textual,complement_log_weight,1.2419163301326155,2.7770093365435984,0.0,1.2419163301326155,0.0,6.209581650663077,1,0.2,1,0.2,0.0,1.0,0,0.0
B_COMPLEMENT_NB,4,place,textual,complement_log_weight,1.2389479801703545,2.770371904246974,0.0,1.2389479801703545,0.0,6.194739900851772,1,0.2,1,0.2,0.0,1.0,0,0.0
B_COMPLEMENT_NB,4,aren,textual,complement_log_weight,1.2377225299454728,2.767631714241096,0.0,1.2377225299454728,0.0,6.188612649727364,1,0.2,1,0.2,0.0,1.0,0,0.0
B_COMPLEMENT_NB,4,changes,textual,complement_log_weight,1.2374766583774721,2.7670819287013124,0.0,1.2374766583774721,0.0,6.187383291887361,1,0.2,1,0.2,0.0,1.0,0,0.0
B_COMPLEMENT_NB,4,happen,textual,complement_log_weight,1.2310255190449126,2.7526567426213866,0.0,1.2310255190449126,0.0,6.155127595224563,1,0.2,1,0.2,0.0,1.0,0,0.0
B_COMPLEMENT_NB,4,losing,textual,complement_log_weight,1.2248495133929507,2.738846774154177,0.0,1.2248495133929507,0.0,6.124247566964754,1,0.2,1,0.2,0.0,1.0,0,0.0
B_COMPLEMENT_NB,4,class,textual,complement_log_weight,1.2239387624702776,2.736810273180509,0.0,1.2239387624702776,0.0,6.119693812351388,1,0.2,1,0.2,0.0,1.0,0,0.0
B_COMPLEMENT_NB,4,stay,textual,complement_log_weight,1.2225446552623056,2.7336929546955613,0.0,1.2225446552623056,0.0,6.112723276311528,1,0.2,1,0.2,0.0,1.0,0,0.0
B_COMPLEMENT_NB,4,adderall,textual,complement_log_weight,1.2198007451253934,2.727557385105275,0.0,1.2198007451253934,0.0,6.099003725626967,1,0.2,1,0.2,0.0,1.0,0,0.0
B_COMPLEMENT_NB,4,absolutely,textual,complement_log_weight,1.2190923784645098,2.7259734290985445,0.0,1.2190923784645098,0.0,6.0954618923225485,1,0.2,1,0.2,0.0,1.0,0,0.0
B_COMPLEMENT_NB,4,question,textual,complement_log_weight,1.2190019741421705,2.725771278888334,0.0,1.2190019741421705,0.0,6.095009870710853,1,0.2,1,0.2,0.0,1.0,0,0.0
B_COMPLEMENT_NB,4,typically,textual,complement_log_weight,1.2165274219195714,2.7202380119047294,0.0,1.2165274219195714,0.0,6.082637109597857,1,0.2,1,0.2,0.0,1.0,0,0.0
B_COMPLEMENT_NB,4,hours,textual,complement_log_weight,1.2092928085825752,2.7040609246922793,0.0,1.2092928085825752,0.0,6.046464042912876,1,0.2,1,0.2,0.0,1.0,0,0.0
B_COMPLEMENT_NB,4,adhd brains,textual,complement_log_weight,1.1953738425993188,2.6729371705772107,0.0,1.1953738425993188,0.0,5.9768692129965935,1,0.2,1,0.2,0.0,1.0,0,0.0
