condition,fold,class_label,feature_index,feature,feature_group,weight_type,weight,absolute_weight,direction,absolute_rank,positive_rank,negative_rank
B_RIDGE,final_training_fit,1,5,adhd,textual,coefficient,0.2119062641381248,0.2119062641381248,positive,1,1,302
B_RIDGE,final_training_fit,1,69,don,textual,coefficient,-0.20516326679473676,0.20516326679473676,negative,2,302,1
B_RIDGE,final_training_fit,1,34,brain,textual,coefficient,-0.1905611785483855,0.1905611785483855,negative,3,301,2
B_RIDGE,final_training_fit,1,230,signs,textual,coefficient,0.18689920998008258,0.18689920998008258,positive,4,2,301
B_RIDGE,final_training_fit,1,54,diagnosis,textual,coefficient,0.16956549867807222,0.16956549867807222,positive,5,3,300
B_RIDGE,final_training_fit,1,218,school,textual,coefficient,0.16698093377604728,0.16698093377604728,positive,6,4,299
B_RIDGE,final_training_fit,1,204,problems,textual,coefficient,0.16196535300623552,0.16196535300623552,positive,7,5,298
B_RIDGE,final_training_fit,1,250,symptoms,textual,coefficient,0.16004163477557515,0.16004163477557515,positive,8,6,297
B_RIDGE,final_training_fit,1,45,common,textual,coefficient,0.15986579704178455,0.15986579704178455,positive,9,7,296
B_RIDGE,final_training_fit,1,70,dopamine,textual,coefficient,-0.14820512338877886,0.14820512338877886,negative,10,300,3
B_RIDGE,final_training_fit,1,21,anxiety,textual,coefficient,0.14307153629711433,0.14307153629711433,positive,11,8,295
B_RIDGE,final_training_fit,1,24,autism,textual,coefficient,0.14294970139117646,0.14294970139117646,positive,12,9,294
B_RIDGE,final_training_fit,1,261,thing,textual,coefficient,-0.1351902769238701,0.1351902769238701,negative,13,299,4
B_RIDGE,final_training_fit,1,288,want,textual,coefficient,-0.12966972423330786,0.12966972423330786,negative,14,298,5
B_RIDGE,final_training_fit,1,256,tasks,textual,coefficient,0.1286948890820888,0.1286948890820888,positive,15,10,293
B_RIDGE,final_training_fit,1,11,adhd medication,textual,coefficient,0.12530273647891518,0.12530273647891518,positive,16,11,292
B_RIDGE,final_training_fit,1,285,ve,textual,coefficient,-0.12263774013371843,0.12263774013371843,negative,17,297,6
B_RIDGE,final_training_fit,1,128,impulsivity,textual,coefficient,0.11472727265612859,0.11472727265612859,positive,18,12,291
B_RIDGE,final_training_fit,1,207,quickly,textual,coefficient,0.10962202415306718,0.10962202415306718,positive,19,13,290
B_RIDGE,final_training_fit,1,153,ll,textual,coefficient,-0.10949971972231407,0.10949971972231407,negative,20,296,7
B_RIDGE,final_training_fit,1,57,diet,textual,coefficient,-0.1088554944686397,0.1088554944686397,negative,21,295,8
B_RIDGE,final_training_fit,1,67,doesn,textual,coefficient,-0.10825727750641918,0.10825727750641918,negative,22,294,9
B_RIDGE,final_training_fit,1,52,depression,textual,coefficient,-0.1075570788072063,0.1075570788072063,negative,23,293,10
B_RIDGE,final_training_fit,1,223,sensitive,textual,coefficient,-0.10328892219414426,0.10328892219414426,negative,24,292,11
B_RIDGE,final_training_fit,1,14,adhd symptoms,textual,coefficient,0.10259574305370997,0.10259574305370997,positive,25,14,289
B_RIDGE,final_training_fit,1,49,criteria,textual,coefficient,0.1024296948003389,0.1024296948003389,positive,26,15,288
B_RIDGE,final_training_fit,1,112,harder,textual,coefficient,0.09982061973966203,0.09982061973966203,positive,27,16,287
B_RIDGE,final_training_fit,1,281,understanding,textual,coefficient,0.0987867579558745,0.0987867579558745,positive,28,17,286
B_RIDGE,final_training_fit,1,15,adhd women,textual,coefficient,-0.09720520674799936,0.09720520674799936,negative,29,291,12
B_RIDGE,final_training_fit,1,301,hedge_score,handcrafted_linguistic,coefficient,0.09684223566956604,0.09684223566956604,positive,30,18,285
B_RIDGE,final_training_fit,1,61,difficulty,textual,coefficient,0.09627366059018254,0.09627366059018254,positive,31,19,284
B_RIDGE,final_training_fit,1,194,people adhd,textual,coefficient,-0.09563915734979603,0.09563915734979603,negative,32,290,13
B_RIDGE,final_training_fit,1,289,way,textual,coefficient,-0.09534674669330889,0.09534674669330889,negative,33,289,14
B_RIDGE,final_training_fit,1,277,uh,textual,coefficient,-0.09423266240331081,0.09423266240331081,negative,34,288,15
B_RIDGE,final_training_fit,1,9,adhd diagnosis,textual,coefficient,0.0929777737352531,0.0929777737352531,positive,35,20,283
B_RIDGE,final_training_fit,1,124,impact,textual,coefficient,0.09263005901293529,0.09263005901293529,positive,36,21,282
B_RIDGE,final_training_fit,1,19,answer,textual,coefficient,0.09204688376890817,0.09204688376890817,positive,37,22,281
B_RIDGE,final_training_fit,1,16,adult,textual,coefficient,0.09143481946634971,0.09143481946634971,positive,38,23,280
B_RIDGE,final_training_fit,1,88,experience,textual,coefficient,0.09072470502440058,0.09072470502440058,positive,39,24,279
B_RIDGE,final_training_fit,1,100,food,textual,coefficient,-0.09047422183703849,0.09047422183703849,negative,40,287,16
B_RIDGE,final_training_fit,1,160,low,textual,coefficient,-0.0883687472310117,0.0883687472310117,negative,41,286,17
B_RIDGE,final_training_fit,1,98,focus,textual,coefficient,0.08828835356613901,0.08828835356613901,positive,42,25,278
B_RIDGE,final_training_fit,1,291,women,textual,coefficient,-0.08780869284153092,0.08780869284153092,negative,43,285,18
B_RIDGE,final_training_fit,1,17,adults,textual,coefficient,0.08641778206724142,0.08641778206724142,positive,44,26,277
B_RIDGE,final_training_fit,1,104,function,textual,coefficient,0.08599009390660632,0.08599009390660632,positive,45,27,276
B_RIDGE,final_training_fit,1,227,sep adhd,textual,coefficient,0.08565461943562781,0.08565461943562781,positive,46,28,275
B_RIDGE,final_training_fit,1,179,natural,textual,coefficient,-0.08462244460573713,0.08462244460573713,negative,47,284,19
B_RIDGE,final_training_fit,1,101,foods,textual,coefficient,-0.0844573862419177,0.0844573862419177,negative,48,283,20
B_RIDGE,final_training_fit,1,141,kind,textual,coefficient,0.0840414130834878,0.0840414130834878,positive,49,29,274
B_RIDGE,final_training_fit,1,224,sensitivity,textual,coefficient,-0.0835255314270477,0.0835255314270477,negative,50,282,21
B_RIDGE,final_training_fit,1,107,good,textual,coefficient,-0.08321008574986995,0.08321008574986995,negative,51,281,22
B_RIDGE,final_training_fit,1,114,health,textual,coefficient,0.08286700705433234,0.08286700705433234,positive,52,30,273
B_RIDGE,final_training_fit,1,33,body,textual,coefficient,-0.08224864887627023,0.08224864887627023,negative,53,280,23
B_RIDGE,final_training_fit,1,190,patients,textual,coefficient,-0.08056287271728915,0.08056287271728915,negative,54,279,24
B_RIDGE,final_training_fit,1,169,means,textual,coefficient,-0.07960382623819376,0.07960382623819376,negative,55,278,25
B_RIDGE,final_training_fit,1,116,help,textual,coefficient,-0.07879908648992816,0.07879908648992816,negative,56,277,26
B_RIDGE,final_training_fit,1,148,life,textual,coefficient,0.07774341611437549,0.07774341611437549,positive,57,31,272
B_RIDGE,final_training_fit,1,214,remember,textual,coefficient,-0.07761058726075434,0.07761058726075434,negative,58,276,27
B_RIDGE,final_training_fit,1,29,best,textual,coefficient,0.07749843329659957,0.07749843329659957,positive,59,32,271
B_RIDGE,final_training_fit,1,140,kids,textual,coefficient,0.07744256561397736,0.07744256561397736,positive,60,33,270
B_RIDGE,final_training_fit,1,0,10,textual,coefficient,-0.07703670713054367,0.07703670713054367,negative,61,275,28
B_RIDGE,final_training_fit,1,63,disorders,textual,coefficient,0.0762757837860112,0.0762757837860112,positive,62,34,269
B_RIDGE,final_training_fit,1,46,condition,textual,coefficient,0.07583053619370275,0.07583053619370275,positive,63,35,268
B_RIDGE,final_training_fit,1,212,rejection,textual,coefficient,-0.07541391112439813,0.07541391112439813,negative,64,274,29
B_RIDGE,final_training_fit,1,26,bad,textual,coefficient,-0.07501360060851565,0.07501360060851565,negative,65,273,30
B_RIDGE,final_training_fit,1,170,medication,textual,coefficient,0.07495478551195499,0.07495478551195499,positive,66,36,267
B_RIDGE,final_training_fit,1,193,people,textual,coefficient,-0.07415298258325238,0.07415298258325238,negative,67,272,31
B_RIDGE,final_training_fit,1,86,executive,textual,coefficient,0.0720450655088169,0.0720450655088169,positive,68,37,266
B_RIDGE,final_training_fit,1,295,wrong,textual,coefficient,-0.0718315488902271,0.0718315488902271,negative,69,271,32
B_RIDGE,final_training_fit,1,183,non,textual,coefficient,0.07051405663929038,0.07051405663929038,positive,70,38,265
B_RIDGE,final_training_fit,1,166,management,textual,coefficient,0.07045810495395698,0.07045810495395698,positive,71,39,264
B_RIDGE,final_training_fit,1,103,friend,textual,coefficient,-0.06959793581747842,0.06959793581747842,negative,72,270,33
B_RIDGE,final_training_fit,1,113,having,textual,coefficient,0.06870701955562859,0.06870701955562859,positive,73,40,263
B_RIDGE,final_training_fit,1,127,impulsive,textual,coefficient,0.0664318726635557,0.0664318726635557,positive,74,41,262
B_RIDGE,final_training_fit,1,7,adhd autism,textual,coefficient,0.06643175034355076,0.06643175034355076,positive,75,42,261
B_RIDGE,final_training_fit,1,165,manage,textual,coefficient,0.0653341740582961,0.0653341740582961,positive,76,43,260
B_RIDGE,final_training_fit,1,233,sleep,textual,coefficient,0.06513587176365974,0.06513587176365974,positive,77,44,259
B_RIDGE,final_training_fit,1,282,use,textual,coefficient,-0.06512313810085311,0.06512313810085311,negative,78,269,34
B_RIDGE,final_training_fit,1,131,increase,textual,coefficient,-0.06491278818183213,0.06491278818183213,negative,79,268,35
B_RIDGE,final_training_fit,1,191,pay,textual,coefficient,-0.06463926572772363,0.06463926572772363,negative,80,267,36
B_RIDGE,final_training_fit,1,297,years,textual,coefficient,-0.06431221964467573,0.06431221964467573,negative,81,266,37
B_RIDGE,final_training_fit,1,96,feel like,textual,coefficient,0.06342758814871087,0.06342758814871087,positive,82,45,258
B_RIDGE,final_training_fit,1,197,physical,textual,coefficient,-0.06248839760740926,0.06248839760740926,negative,83,265,38
B_RIDGE,final_training_fit,1,244,struggling,textual,coefficient,0.06141211104961153,0.06141211104961153,positive,84,46,257
B_RIDGE,final_training_fit,1,40,child,textual,coefficient,-0.06139488817707356,0.06139488817707356,negative,85,264,39
B_RIDGE,final_training_fit,1,66,does,textual,coefficient,0.060988925304067895,0.060988925304067895,positive,86,47,256
B_RIDGE,final_training_fit,1,20,answer sep,textual,coefficient,0.06053045048648608,0.06053045048648608,positive,87,48,255
B_RIDGE,final_training_fit,1,168,mean,textual,coefficient,-0.060384994216175894,0.060384994216175894,negative,88,263,40
B_RIDGE,final_training_fit,1,203,problem,textual,coefficient,-0.06028143412171225,0.06028143412171225,negative,89,262,41
B_RIDGE,final_training_fit,1,142,know,textual,coefficient,0.05986560014970317,0.05986560014970317,positive,90,49,254
B_RIDGE,final_training_fit,1,232,sit,textual,coefficient,-0.059655160704713446,0.059655160704713446,negative,91,261,42
B_RIDGE,final_training_fit,1,186,okay,textual,coefficient,-0.05891962025232368,0.05891962025232368,negative,92,260,43
B_RIDGE,final_training_fit,1,39,challenges,textual,coefficient,0.05866610086223022,0.05866610086223022,positive,93,50,253
B_RIDGE,final_training_fit,1,259,term,textual,coefficient,0.05848101947048145,0.05848101947048145,positive,94,51,252
B_RIDGE,final_training_fit,1,71,dr,textual,coefficient,-0.05836865384754132,0.05836865384754132,negative,95,259,44
B_RIDGE,final_training_fit,1,176,motivation,textual,coefficient,-0.05799499700511439,0.05799499700511439,negative,96,258,45
B_RIDGE,final_training_fit,1,3,actually,textual,coefficient,-0.05660038564519406,0.05660038564519406,negative,97,257,46
B_RIDGE,final_training_fit,1,178,music,textual,coefficient,0.056557677796875365,0.056557677796875365,positive,98,52,251
B_RIDGE,final_training_fit,1,215,right,textual,coefficient,-0.0563757938886173,0.0563757938886173,negative,99,256,47
B_RIDGE,final_training_fit,1,8,adhd brain,textual,coefficient,-0.05582990031866142,0.05582990031866142,negative,100,255,48
B_RIDGE,final_training_fit,1,199,poor,textual,coefficient,0.05558379739293093,0.05558379739293093,positive,101,53,250
B_RIDGE,final_training_fit,1,12,adhd real,textual,coefficient,0.05555781606205327,0.05555781606205327,positive,102,54,249
B_RIDGE,final_training_fit,1,286,video,textual,coefficient,-0.05545258227227663,0.05545258227227663,negative,103,254,49
B_RIDGE,final_training_fit,1,284,usually,textual,coefficient,-0.05494204347237518,0.05494204347237518,negative,104,253,50
B_RIDGE,final_training_fit,1,271,treatment,textual,coefficient,0.05394810430643433,0.05394810430643433,positive,105,55,248
B_RIDGE,final_training_fit,1,32,bit,textual,coefficient,-0.05389746718688836,0.05389746718688836,negative,106,252,51
B_RIDGE,final_training_fit,1,221,self,textual,coefficient,-0.05335059559870675,0.05335059559870675,negative,107,251,52
B_RIDGE,final_training_fit,1,258,tend,textual,coefficient,-0.05290928119352571,0.05290928119352571,negative,108,250,53
B_RIDGE,final_training_fit,1,56,did,textual,coefficient,0.05243149728859268,0.05243149728859268,positive,109,56,247
B_RIDGE,final_training_fit,1,90,experts answer,textual,coefficient,0.05220718961532066,0.05220718961532066,positive,110,57,246
B_RIDGE,final_training_fit,1,272,trouble,textual,coefficient,0.052104859272174384,0.052104859272174384,positive,111,58,245
B_RIDGE,final_training_fit,1,273,try,textual,coefficient,-0.05200880345089554,0.05200880345089554,negative,112,249,54
B_RIDGE,final_training_fit,1,51,deficit,textual,coefficient,-0.051629194700149046,0.051629194700149046,negative,113,248,55
B_RIDGE,final_training_fit,1,211,regulation,textual,coefficient,0.05142845693190261,0.05142845693190261,positive,114,59,244
B_RIDGE,final_training_fit,1,158,lots,textual,coefficient,0.051339366146341395,0.051339366146341395,positive,115,60,243
B_RIDGE,final_training_fit,1,109,great,textual,coefficient,-0.051299414568725596,0.051299414568725596,negative,116,247,56
B_RIDGE,final_training_fit,1,42,college,textual,coefficient,0.0512609498232411,0.0512609498232411,positive,117,61,242
B_RIDGE,final_training_fit,1,110,happens,textual,coefficient,-0.05039386627930158,0.05039386627930158,negative,118,246,57
B_RIDGE,final_training_fit,1,274,trying,textual,coefficient,0.04993488440574906,0.04993488440574906,positive,119,62,241
B_RIDGE,final_training_fit,1,105,getting,textual,coefficient,0.04988338820862193,0.04988338820862193,positive,120,63,240
B_RIDGE,final_training_fit,1,253,talk,textual,coefficient,-0.049491299659915305,0.049491299659915305,negative,121,245,58
B_RIDGE,final_training_fit,1,189,parents,textual,coefficient,0.049340991356608035,0.049340991356608035,positive,122,64,239
B_RIDGE,final_training_fit,1,171,medications,textual,coefficient,0.048538814001027664,0.048538814001027664,positive,123,65,238
B_RIDGE,final_training_fit,1,266,time,textual,coefficient,-0.048074385669045296,0.048074385669045296,negative,124,244,59
B_RIDGE,final_training_fit,1,84,everybody,textual,coefficient,-0.047574970615970665,0.047574970615970665,negative,125,243,60
B_RIDGE,final_training_fit,1,262,things,textual,coefficient,-0.047195481928458176,0.047195481928458176,negative,126,242,61
B_RIDGE,final_training_fit,1,130,inattentive,textual,coefficient,0.04670480654151356,0.04670480654151356,positive,127,66,237
B_RIDGE,final_training_fit,1,146,let,textual,coefficient,-0.046045372067336526,0.046045372067336526,negative,128,241,62
B_RIDGE,final_training_fit,1,249,sure,textual,coefficient,0.045976089630491664,0.045976089630491664,positive,129,67,236
B_RIDGE,final_training_fit,1,13,adhd sep,textual,coefficient,-0.045929143179034834,0.045929143179034834,negative,130,240,63
B_RIDGE,final_training_fit,1,122,hyperactive,textual,coefficient,0.045374566043810946,0.045374566043810946,positive,131,68,235
B_RIDGE,final_training_fit,1,248,support,textual,coefficient,0.045366358611000315,0.045366358611000315,positive,132,69,234
B_RIDGE,final_training_fit,1,60,differently,textual,coefficient,-0.045282461094708945,0.045282461094708945,negative,133,239,64
B_RIDGE,final_training_fit,1,138,key,textual,coefficient,0.045253222590410515,0.045253222590410515,positive,134,70,233
B_RIDGE,final_training_fit,1,200,potential,textual,coefficient,-0.0451211119823819,0.0451211119823819,negative,135,238,65
B_RIDGE,final_training_fit,1,172,meds,textual,coefficient,0.044840344906901156,0.044840344906901156,positive,136,71,232
B_RIDGE,final_training_fit,1,37,care,textual,coefficient,-0.04463268480328323,0.04463268480328323,negative,137,237,66
B_RIDGE,final_training_fit,1,1,able,textual,coefficient,-0.04437950407335593,0.04437950407335593,negative,138,236,67
B_RIDGE,final_training_fit,1,2,activity,textual,coefficient,0.04416478672217279,0.04416478672217279,positive,139,72,231
B_RIDGE,final_training_fit,1,43,come,textual,coefficient,0.043940534903321,0.043940534903321,positive,140,73,230
B_RIDGE,final_training_fit,1,75,easily,textual,coefficient,0.043534554850713315,0.043534554850713315,positive,141,74,229
B_RIDGE,final_training_fit,1,222,sense,textual,coefficient,-0.0425636904322508,0.0425636904322508,negative,142,235,68
B_RIDGE,final_training_fit,1,136,issues,textual,coefficient,-0.04254728540217541,0.04254728540217541,negative,143,234,69
B_RIDGE,final_training_fit,1,126,improve,textual,coefficient,-0.04243004230594204,0.04243004230594204,negative,144,233,70
B_RIDGE,final_training_fit,1,78,effects,textual,coefficient,-0.04227730401081119,0.04227730401081119,negative,145,232,71
B_RIDGE,final_training_fit,1,202,probably,textual,coefficient,-0.04217656479630421,0.04217656479630421,negative,146,231,72
B_RIDGE,final_training_fit,1,239,stop,textual,coefficient,-0.041959821861278224,0.041959821861278224,negative,147,230,73
B_RIDGE,final_training_fit,1,229,sign,textual,coefficient,0.04186838900215867,0.04186838900215867,positive,148,75,228
B_RIDGE,final_training_fit,1,151,little,textual,coefficient,-0.0418391183311489,0.0418391183311489,negative,149,229,74
B_RIDGE,final_training_fit,1,97,feeling,textual,coefficient,-0.041639606636152834,0.041639606636152834,negative,150,228,75
B_RIDGE,final_training_fit,1,257,tell,textual,coefficient,-0.041537092112812854,0.041537092112812854,negative,151,227,76
B_RIDGE,final_training_fit,1,206,psychiatrist,textual,coefficient,-0.04153608139923572,0.04153608139923572,negative,152,226,77
B_RIDGE,final_training_fit,1,28,behaviors,textual,coefficient,0.041297947932539034,0.041297947932539034,positive,153,76,227
B_RIDGE,final_training_fit,1,4,add,textual,coefficient,-0.04128603434820893,0.04128603434820893,negative,154,225,78
B_RIDGE,final_training_fit,1,192,pay attention,textual,coefficient,-0.04056137150638197,0.04056137150638197,negative,155,224,79
B_RIDGE,final_training_fit,1,236,start,textual,coefficient,0.04053532656863035,0.04053532656863035,positive,156,77,226
B_RIDGE,final_training_fit,1,77,eating,textual,coefficient,-0.040154979066474,0.040154979066474,negative,157,223,80
B_RIDGE,final_training_fit,1,89,experts,textual,coefficient,0.04009597324084023,0.04009597324084023,positive,158,78,225
B_RIDGE,final_training_fit,1,58,difference,textual,coefficient,0.03990374471591795,0.03990374471591795,positive,159,79,224
B_RIDGE,final_training_fit,1,228,shorts,textual,coefficient,0.03968821037360595,0.03968821037360595,positive,160,80,223
B_RIDGE,final_training_fit,1,294,world,textual,coefficient,-0.03911695599192238,0.03911695599192238,negative,161,222,81
B_RIDGE,final_training_fit,1,161,make,textual,coefficient,0.03897670929231056,0.03897670929231056,positive,162,81,222
B_RIDGE,final_training_fit,1,276,type,textual,coefficient,-0.03833845964118818,0.03833845964118818,negative,163,221,82
B_RIDGE,final_training_fit,1,145,lead,textual,coefficient,-0.03822674529355237,0.03822674529355237,negative,164,220,83
B_RIDGE,final_training_fit,1,82,energy,textual,coefficient,-0.03705660791644354,0.03705660791644354,negative,165,219,84
B_RIDGE,final_training_fit,1,173,mental,textual,coefficient,0.03637408615431953,0.03637408615431953,positive,166,82,221
B_RIDGE,final_training_fit,1,79,emotional,textual,coefficient,0.03630138725320931,0.03630138725320931,positive,167,83,220
B_RIDGE,final_training_fit,1,76,eat,textual,coefficient,-0.03608719667875889,0.03608719667875889,negative,168,218,85
B_RIDGE,final_training_fit,1,231,signs adhd,textual,coefficient,0.03536828184657113,0.03536828184657113,positive,169,84,219
B_RIDGE,final_training_fit,1,152,little bit,textual,coefficient,-0.0350438433938162,0.0350438433938162,negative,170,217,86
B_RIDGE,final_training_fit,1,41,children,textual,coefficient,-0.03379349231448229,0.03379349231448229,negative,171,216,87
B_RIDGE,final_training_fit,1,123,hyperactivity,textual,coefficient,-0.033662099140166685,0.033662099140166685,negative,172,215,88
B_RIDGE,final_training_fit,1,241,structure,textual,coefficient,0.0334761425912135,0.0334761425912135,positive,173,85,218
B_RIDGE,final_training_fit,1,225,sensory,textual,coefficient,0.033091692540542554,0.033091692540542554,positive,174,86,217
B_RIDGE,final_training_fit,1,240,strategies,textual,coefficient,-0.03254018829919945,0.03254018829919945,negative,175,214,89
B_RIDGE,final_training_fit,1,35,brains,textual,coefficient,0.032496818382159565,0.032496818382159565,positive,176,87,216
B_RIDGE,final_training_fit,1,80,emotions,textual,coefficient,0.03249233836565872,0.03249233836565872,positive,177,88,215
B_RIDGE,final_training_fit,1,137,just,textual,coefficient,0.032262235636247784,0.032262235636247784,positive,178,89,214
B_RIDGE,final_training_fit,1,134,intense,textual,coefficient,-0.032066166681495145,0.032066166681495145,negative,179,213,90
B_RIDGE,final_training_fit,1,264,think,textual,coefficient,-0.03137339825549808,0.03137339825549808,negative,180,212,91
B_RIDGE,final_training_fit,1,36,called,textual,coefficient,-0.03081307863846048,0.03081307863846048,negative,181,211,92
B_RIDGE,final_training_fit,1,44,comes,textual,coefficient,-0.030643793686858177,0.030643793686858177,negative,182,210,93
B_RIDGE,final_training_fit,1,120,highly,textual,coefficient,-0.02958646128595879,0.02958646128595879,negative,183,209,94
B_RIDGE,final_training_fit,1,196,phone,textual,coefficient,0.02953279719343471,0.02953279719343471,positive,184,90,213
B_RIDGE,final_training_fit,1,293,works,textual,coefficient,-0.029458232318530914,0.029458232318530914,negative,185,208,95
B_RIDGE,final_training_fit,1,111,hard,textual,coefficient,0.029387979280593373,0.029387979280593373,positive,186,91,212
B_RIDGE,final_training_fit,1,287,wait,textual,coefficient,-0.029138610326590264,0.029138610326590264,negative,187,207,96
B_RIDGE,final_training_fit,1,121,home,textual,coefficient,-0.02903954201027558,0.02903954201027558,negative,188,206,97
B_RIDGE,final_training_fit,1,210,recommend,textual,coefficient,-0.028910925108010653,0.028910925108010653,negative,189,205,98
B_RIDGE,final_training_fit,1,108,got,textual,coefficient,-0.02883965056354332,0.02883965056354332,negative,190,204,99
B_RIDGE,final_training_fit,1,118,helps,textual,coefficient,0.02879868490074345,0.02879868490074345,positive,191,92,211
B_RIDGE,final_training_fit,1,195,person,textual,coefficient,-0.028611662681830595,0.028611662681830595,negative,192,203,100
B_RIDGE,final_training_fit,1,238,stimulants,textual,coefficient,-0.02842486831314894,0.02842486831314894,negative,193,202,101
B_RIDGE,final_training_fit,1,68,doing,textual,coefficient,0.027983329700988276,0.027983329700988276,positive,194,93,210
B_RIDGE,final_training_fit,1,184,number,textual,coefficient,-0.027326631066695587,0.027326631066695587,negative,195,201,102
B_RIDGE,final_training_fit,1,91,explain,textual,coefficient,-0.02646296088273926,0.02646296088273926,negative,196,200,103
B_RIDGE,final_training_fit,1,188,overwhelmed,textual,coefficient,0.026167852042996657,0.026167852042996657,positive,197,94,209
B_RIDGE,final_training_fit,1,144,late,textual,coefficient,0.025947946409941736,0.025947946409941736,positive,198,95,208
B_RIDGE,final_training_fit,1,159,love,textual,coefficient,-0.025818873739504984,0.025818873739504984,negative,199,199,104
B_RIDGE,final_training_fit,1,247,sugar,textual,coefficient,-0.025585050175978095,0.025585050175978095,negative,200,198,105
B_RIDGE,final_training_fit,1,85,example,textual,coefficient,-0.025431507552163807,0.025431507552163807,negative,201,197,106
B_RIDGE,final_training_fit,1,198,point,textual,coefficient,-0.025356564912386387,0.025356564912386387,negative,202,196,107
B_RIDGE,final_training_fit,1,292,work,textual,coefficient,0.02535308180766675,0.02535308180766675,positive,203,96,207
B_RIDGE,final_training_fit,1,290,ways,textual,coefficient,0.025211156772238695,0.025211156772238695,positive,204,97,206
B_RIDGE,final_training_fit,1,94,family,textual,coefficient,0.024920295149005015,0.024920295149005015,positive,205,98,205
B_RIDGE,final_training_fit,1,65,doctor,textual,coefficient,-0.024880230143461374,0.024880230143461374,negative,206,195,108
B_RIDGE,final_training_fit,1,269,treated,textual,coefficient,0.02475960769565193,0.02475960769565193,positive,207,99,204
B_RIDGE,final_training_fit,1,6,adhd adhd,textual,coefficient,-0.024750804039025142,0.024750804039025142,negative,208,194,109
B_RIDGE,final_training_fit,1,265,thinking,textual,coefficient,-0.024708700375451507,0.024708700375451507,negative,209,193,110
B_RIDGE,final_training_fit,1,102,forget,textual,coefficient,-0.024300725091676148,0.024300725091676148,negative,210,192,111
B_RIDGE,final_training_fit,1,50,day,textual,coefficient,-0.024283660003226563,0.024283660003226563,negative,211,191,112
B_RIDGE,final_training_fit,1,129,inattention,textual,coefficient,0.024091557900022174,0.024091557900022174,positive,212,100,203
B_RIDGE,final_training_fit,1,155,look,textual,coefficient,0.0237753885580102,0.0237753885580102,positive,213,101,202
B_RIDGE,final_training_fit,1,251,symptoms adhd,textual,coefficient,0.023492483915697335,0.023492483915697335,positive,214,102,201
B_RIDGE,final_training_fit,1,299,एक,textual,coefficient,-0.02305672667427961,0.02305672667427961,negative,215,190,113
B_RIDGE,final_training_fit,1,243,struggles,textual,coefficient,0.022992494112099866,0.022992494112099866,positive,216,103,200
B_RIDGE,final_training_fit,1,74,early,textual,coefficient,0.02295541338758933,0.02295541338758933,positive,217,104,199
B_RIDGE,final_training_fit,1,255,task,textual,coefficient,-0.022400695573293994,0.022400695573293994,negative,218,189,114
B_RIDGE,final_training_fit,1,242,struggle,textual,coefficient,-0.022063302125434416,0.022063302125434416,negative,219,188,115
B_RIDGE,final_training_fit,1,270,treating,textual,coefficient,-0.0216507560668934,0.0216507560668934,negative,220,187,116
B_RIDGE,final_training_fit,1,106,going,textual,coefficient,0.02156721298923225,0.02156721298923225,positive,221,105,198
B_RIDGE,final_training_fit,1,216,say,textual,coefficient,-0.021366874691862065,0.021366874691862065,negative,222,186,117
B_RIDGE,final_training_fit,1,245,study,textual,coefficient,-0.020776821949250002,0.020776821949250002,negative,223,185,118
B_RIDGE,final_training_fit,1,47,constantly,textual,coefficient,0.0203927611901222,0.0203927611901222,positive,224,106,197
B_RIDGE,final_training_fit,1,246,stuff,textual,coefficient,-0.02032827914873669,0.02032827914873669,negative,225,184,119
B_RIDGE,final_training_fit,1,226,sep,textual,coefficient,0.02018723605587724,0.02018723605587724,positive,226,107,196
B_RIDGE,final_training_fit,1,95,feel,textual,coefficient,-0.020032494093066944,0.020032494093066944,negative,227,183,120
B_RIDGE,final_training_fit,1,22,attention,textual,coefficient,0.019829875943851497,0.019829875943851497,positive,228,108,195
B_RIDGE,final_training_fit,1,219,second,textual,coefficient,0.019761260381442384,0.019761260381442384,positive,229,109,194
B_RIDGE,final_training_fit,1,235,social,textual,coefficient,0.019137053691448854,0.019137053691448854,positive,230,110,193
B_RIDGE,final_training_fit,1,201,present,textual,coefficient,0.018650177324639687,0.018650177324639687,positive,231,111,192
B_RIDGE,final_training_fit,1,143,lack,textual,coefficient,-0.018519251340029907,0.018519251340029907,negative,232,182,121
B_RIDGE,final_training_fit,1,275,turn,textual,coefficient,0.018465857030023142,0.018465857030023142,positive,233,112,191
B_RIDGE,final_training_fit,1,93,fact,textual,coefficient,-0.01784473195244835,0.01784473195244835,negative,234,181,122
B_RIDGE,final_training_fit,1,180,need,textual,coefficient,-0.01774223516089795,0.01774223516089795,negative,235,180,123
B_RIDGE,final_training_fit,1,174,mind,textual,coefficient,-0.0171842183119848,0.0171842183119848,negative,236,179,124
B_RIDGE,final_training_fit,1,162,make sure,textual,coefficient,0.015921995168374833,0.015921995168374833,positive,237,113,190
B_RIDGE,final_training_fit,1,53,diagnosed,textual,coefficient,0.01578835087538566,0.01578835087538566,positive,238,114,189
B_RIDGE,final_training_fit,1,252,taking,textual,coefficient,0.015310107874615514,0.015310107874615514,positive,239,115,188
B_RIDGE,final_training_fit,1,187,options,textual,coefficient,0.015210625690593534,0.015210625690593534,positive,240,116,187
B_RIDGE,final_training_fit,1,139,kid,textual,coefficient,-0.014525998627058105,0.014525998627058105,negative,241,178,125
B_RIDGE,final_training_fit,1,260,therapy,textual,coefficient,-0.014354599351794568,0.014354599351794568,negative,242,177,126
B_RIDGE,final_training_fit,1,167,maybe,textual,coefficient,0.013945081557935324,0.013945081557935324,positive,243,117,186
B_RIDGE,final_training_fit,1,278,um,textual,coefficient,-0.013495032964885733,0.013495032964885733,negative,244,176,127
B_RIDGE,final_training_fit,1,205,protein,textual,coefficient,-0.01344243398203338,0.01344243398203338,negative,245,175,128
B_RIDGE,final_training_fit,1,296,yeah,textual,coefficient,-0.013412857584725857,0.013412857584725857,negative,246,174,129
B_RIDGE,final_training_fit,1,83,especially,textual,coefficient,0.013066659735602521,0.013066659735602521,positive,247,118,185
B_RIDGE,final_training_fit,1,149,like,textual,coefficient,-0.01299464529975484,0.01299464529975484,negative,248,173,130
B_RIDGE,final_training_fit,1,280,understand,textual,coefficient,-0.012946754250578655,0.012946754250578655,negative,249,172,131
B_RIDGE,final_training_fit,1,181,neurotypical,textual,coefficient,0.012896801358880145,0.012896801358880145,positive,250,119,184
B_RIDGE,final_training_fit,1,119,high,textual,coefficient,0.012802146635948189,0.012802146635948189,positive,251,120,183
B_RIDGE,final_training_fit,1,154,long,textual,coefficient,0.012660313607661152,0.012660313607661152,positive,252,121,182
B_RIDGE,final_training_fit,1,87,exercise,textual,coefficient,-0.012251123885218217,0.012251123885218217,negative,253,171,132
B_RIDGE,final_training_fit,1,263,things like,textual,coefficient,0.011837825786912821,0.011837825786912821,positive,254,122,181
B_RIDGE,final_training_fit,1,279,unable,textual,coefficient,-0.011820194399656817,0.011820194399656817,negative,255,170,133
B_RIDGE,final_training_fit,1,220,seen,textual,coefficient,0.011439032429293844,0.011439032429293844,positive,256,123,180
B_RIDGE,final_training_fit,1,254,talking,textual,coefficient,-0.011004847422186095,0.011004847422186095,negative,257,169,134
B_RIDGE,final_training_fit,1,163,makes,textual,coefficient,0.010365859468260704,0.010365859468260704,positive,258,124,179
B_RIDGE,final_training_fit,1,283,using,textual,coefficient,-0.010355936568688577,0.010355936568688577,negative,259,168,135
B_RIDGE,final_training_fit,1,10,adhd just,textual,coefficient,0.00991928228659175,0.00991928228659175,positive,260,125,178
B_RIDGE,final_training_fit,1,18,affects,textual,coefficient,-0.009645902434947385,0.009645902434947385,negative,261,167,136
B_RIDGE,final_training_fit,1,55,diagnostic,textual,coefficient,-0.009526671552627075,0.009526671552627075,negative,262,166,137
B_RIDGE,final_training_fit,1,237,stimulant,textual,coefficient,0.008861214205619887,0.008861214205619887,positive,263,126,177
B_RIDGE,final_training_fit,1,157,lot,textual,coefficient,-0.008851946082392198,0.008851946082392198,negative,264,165,138
B_RIDGE,final_training_fit,1,268,treat,textual,coefficient,0.00856639614705612,0.00856639614705612,positive,265,127,176
B_RIDGE,final_training_fit,1,23,audhd,textual,coefficient,0.008527528315522215,0.008527528315522215,positive,266,128,175
B_RIDGE,final_training_fit,1,31,big,textual,coefficient,0.007779176531019503,0.007779176531019503,positive,267,129,174
B_RIDGE,final_training_fit,1,147,levels,textual,coefficient,-0.0077780656423212385,0.0077780656423212385,negative,268,164,139
B_RIDGE,final_training_fit,1,150,likely,textual,coefficient,-0.007417789328019538,0.007417789328019538,negative,269,163,140
B_RIDGE,final_training_fit,1,135,isn,textual,coefficient,-0.007290483945486784,0.007290483945486784,negative,270,162,141
B_RIDGE,final_training_fit,1,177,moving,textual,coefficient,0.006719047963648595,0.006719047963648595,positive,271,130,173
B_RIDGE,final_training_fit,1,64,distracted,textual,coefficient,0.006539611443708464,0.006539611443708464,positive,272,131,172
B_RIDGE,final_training_fit,1,209,really,textual,coefficient,-0.006392839096607388,0.006392839096607388,negative,273,161,142
B_RIDGE,final_training_fit,1,208,real,textual,coefficient,0.006249527869530631,0.006249527869530631,positive,274,132,171
B_RIDGE,final_training_fit,1,182,neurotypical person,textual,coefficient,0.006167072550723971,0.006167072550723971,positive,275,133,170
B_RIDGE,final_training_fit,1,81,end,textual,coefficient,-0.006001952753786402,0.006001952753786402,negative,276,160,143
B_RIDGE,final_training_fit,1,175,mood,textual,coefficient,0.005796652935664143,0.005796652935664143,positive,277,134,169
B_RIDGE,final_training_fit,1,27,behavior,textual,coefficient,0.005568372081106941,0.005568372081106941,positive,278,135,168
B_RIDGE,final_training_fit,1,115,hear,textual,coefficient,0.005273478097594434,0.005273478097594434,positive,279,136,167
B_RIDGE,final_training_fit,1,72,drugs,textual,coefficient,0.005254154658510435,0.005254154658510435,positive,280,137,166
B_RIDGE,final_training_fit,1,73,dysfunction,textual,coefficient,-0.0044248161842550615,0.0044248161842550615,negative,281,159,144
B_RIDGE,final_training_fit,1,298,इपर,textual,coefficient,-0.0043443831338515725,0.0043443831338515725,negative,282,158,145
B_RIDGE,final_training_fit,1,300,certainty_score,handcrafted_linguistic,coefficient,0.004234239884859006,0.004234239884859006,positive,283,138,165
B_RIDGE,final_training_fit,1,156,looking,textual,coefficient,-0.004159744561051619,0.004159744561051619,negative,284,157,146
B_RIDGE,final_training_fit,1,217,saying,textual,coefficient,-0.004043246313784431,0.004043246313784431,negative,285,156,147
B_RIDGE,final_training_fit,1,25,autistic,textual,coefficient,-0.003967617733699277,0.003967617733699277,negative,286,155,148
B_RIDGE,final_training_fit,1,38,certain,textual,coefficient,0.0039259348525881735,0.0039259348525881735,positive,287,139,164
B_RIDGE,final_training_fit,1,133,instead,textual,coefficient,-0.003508849254250882,0.003508849254250882,negative,288,154,149
B_RIDGE,final_training_fit,1,62,disorder,textual,coefficient,-0.003214969069528488,0.003214969069528488,negative,289,153,150
B_RIDGE,final_training_fit,1,164,making,textual,coefficient,-0.0031145896722274947,0.0031145896722274947,negative,290,152,151
B_RIDGE,final_training_fit,1,234,small,textual,coefficient,-0.0030278125179284097,0.0030278125179284097,negative,291,151,152
B_RIDGE,final_training_fit,1,48,control,textual,coefficient,0.0029047252739417464,0.0029047252739417464,positive,292,140,163
B_RIDGE,final_training_fit,1,30,better,textual,coefficient,0.0027574005418922578,0.0027574005418922578,positive,293,141,162
B_RIDGE,final_training_fit,1,213,relationships,textual,coefficient,0.0025068972236364224,0.0025068972236364224,positive,294,142,161
B_RIDGE,final_training_fit,1,59,different,textual,coefficient,-0.002426395062354193,0.002426395062354193,negative,295,150,153
B_RIDGE,final_training_fit,1,132,information,textual,coefficient,-0.0021557280218688375,0.0021557280218688375,negative,296,149,154
B_RIDGE,final_training_fit,1,99,follow,textual,coefficient,-0.0014393383928295762,0.0014393383928295762,negative,297,148,155
B_RIDGE,final_training_fit,1,92,explained,textual,coefficient,-0.0013726165151704132,0.0013726165151704132,negative,298,147,156
B_RIDGE,final_training_fit,1,267,times,textual,coefficient,-0.0008620326523759601,0.0008620326523759601,negative,299,146,157
B_RIDGE,final_training_fit,1,125,important,textual,coefficient,-0.0005933775356640385,0.0005933775356640385,negative,300,145,158
B_RIDGE,final_training_fit,1,117,helpful,textual,coefficient,0.00045887848829385985,0.00045887848829385985,positive,301,143,160
B_RIDGE,final_training_fit,1,185,oh,textual,coefficient,0.00021514266186000263,0.00021514266186000263,positive,302,144,159
B_RIDGE,final_training_fit,2,170,medication,textual,coefficient,0.28771847579712934,0.28771847579712934,positive,1,1,302
B_RIDGE,final_training_fit,2,277,uh,textual,coefficient,0.1887625658187247,0.1887625658187247,positive,2,2,301
B_RIDGE,final_training_fit,2,299,एक,textual,coefficient,0.18451541169361502,0.18451541169361502,positive,3,3,300
B_RIDGE,final_training_fit,2,82,energy,textual,coefficient,-0.1647719373820198,0.1647719373820198,negative,4,302,1
B_RIDGE,final_training_fit,2,107,good,textual,coefficient,0.16341182637326684,0.16341182637326684,positive,5,4,299
B_RIDGE,final_training_fit,2,266,time,textual,coefficient,0.16255708461333454,0.16255708461333454,positive,6,5,298
B_RIDGE,final_training_fit,2,95,feel,textual,coefficient,-0.1581457217831874,0.1581457217831874,negative,7,301,2
B_RIDGE,final_training_fit,2,70,dopamine,textual,coefficient,-0.15152674129992133,0.15152674129992133,negative,8,300,3
B_RIDGE,final_training_fit,2,194,people adhd,textual,coefficient,0.14434325497938336,0.14434325497938336,positive,9,6,297
B_RIDGE,final_training_fit,2,98,focus,textual,coefficient,0.1427641764918173,0.1427641764918173,positive,10,7,296
B_RIDGE,final_training_fit,2,4,add,textual,coefficient,-0.13639198944957162,0.13639198944957162,negative,11,299,4
B_RIDGE,final_training_fit,2,151,little,textual,coefficient,0.13582937941489404,0.13582937941489404,positive,12,8,295
B_RIDGE,final_training_fit,2,278,um,textual,coefficient,0.13479222971493232,0.13479222971493232,positive,13,9,294
B_RIDGE,final_training_fit,2,298,इपर,textual,coefficient,0.13224680523840843,0.13224680523840843,positive,14,10,293
B_RIDGE,final_training_fit,2,295,wrong,textual,coefficient,-0.13192591515085875,0.13192591515085875,negative,15,298,5
B_RIDGE,final_training_fit,2,300,certainty_score,handcrafted_linguistic,coefficient,-0.13111821726508846,0.13111821726508846,negative,16,297,6
B_RIDGE,final_training_fit,2,3,actually,textual,coefficient,0.1275225521086613,0.1275225521086613,positive,17,11,292
B_RIDGE,final_training_fit,2,239,stop,textual,coefficient,-0.1266282480387495,0.1266282480387495,negative,18,296,7
B_RIDGE,final_training_fit,2,242,struggle,textual,coefficient,-0.12430701488383637,0.12430701488383637,negative,19,295,8
B_RIDGE,final_training_fit,2,237,stimulant,textual,coefficient,0.12118419926910413,0.12118419926910413,positive,20,12,291
B_RIDGE,final_training_fit,2,26,bad,textual,coefficient,-0.11864607753820947,0.11864607753820947,negative,21,294,9
B_RIDGE,final_training_fit,2,136,issues,textual,coefficient,0.11623812574364374,0.11623812574364374,positive,22,13,290
B_RIDGE,final_training_fit,2,123,hyperactivity,textual,coefficient,0.11465057137324286,0.11465057137324286,positive,23,14,289
B_RIDGE,final_training_fit,2,24,autism,textual,coefficient,-0.1134417779515835,0.1134417779515835,negative,24,293,10
B_RIDGE,final_training_fit,2,71,dr,textual,coefficient,0.10909507096128758,0.10909507096128758,positive,25,15,288
B_RIDGE,final_training_fit,2,262,things,textual,coefficient,-0.10802739803277747,0.10802739803277747,negative,26,292,11
B_RIDGE,final_training_fit,2,13,adhd sep,textual,coefficient,-0.10659933010898182,0.10659933010898182,negative,27,291,12
B_RIDGE,final_training_fit,2,60,differently,textual,coefficient,0.10511633265945963,0.10511633265945963,positive,28,16,287
B_RIDGE,final_training_fit,2,220,seen,textual,coefficient,0.10177303495216135,0.10177303495216135,positive,29,17,286
B_RIDGE,final_training_fit,2,293,works,textual,coefficient,-0.09861050698032627,0.09861050698032627,negative,30,290,13
B_RIDGE,final_training_fit,2,100,food,textual,coefficient,0.09712069902669142,0.09712069902669142,positive,31,18,285
B_RIDGE,final_training_fit,2,261,thing,textual,coefficient,-0.09660519919682574,0.09660519919682574,negative,32,289,14
B_RIDGE,final_training_fit,2,146,let,textual,coefficient,0.09544656374213922,0.09544656374213922,positive,33,19,284
B_RIDGE,final_training_fit,2,191,pay,textual,coefficient,-0.09464617030245077,0.09464617030245077,negative,34,288,15
B_RIDGE,final_training_fit,2,118,helps,textual,coefficient,-0.09376693679521514,0.09376693679521514,negative,35,287,16
B_RIDGE,final_training_fit,2,289,way,textual,coefficient,0.09341115244133799,0.09341115244133799,positive,36,20,283
B_RIDGE,final_training_fit,2,152,little bit,textual,coefficient,0.09253999749045178,0.09253999749045178,positive,37,21,282
B_RIDGE,final_training_fit,2,160,low,textual,coefficient,-0.09241315343509766,0.09241315343509766,negative,38,286,17
B_RIDGE,final_training_fit,2,33,body,textual,coefficient,-0.09173330223236807,0.09173330223236807,negative,39,285,18
B_RIDGE,final_training_fit,2,279,unable,textual,coefficient,0.08958504105191417,0.08958504105191417,positive,40,22,281
B_RIDGE,final_training_fit,2,185,oh,textual,coefficient,0.08823863240525304,0.08823863240525304,positive,41,23,280
B_RIDGE,final_training_fit,2,214,remember,textual,coefficient,0.08737192629935285,0.08737192629935285,positive,42,24,279
B_RIDGE,final_training_fit,2,65,doctor,textual,coefficient,0.08658866715318739,0.08658866715318739,positive,43,25,278
B_RIDGE,final_training_fit,2,250,symptoms,textual,coefficient,0.08454414454993196,0.08454414454993196,positive,44,26,277
B_RIDGE,final_training_fit,2,139,kid,textual,coefficient,0.08429122391094487,0.08429122391094487,positive,45,27,276
B_RIDGE,final_training_fit,2,171,medications,textual,coefficient,0.08356034301031373,0.08356034301031373,positive,46,28,275
B_RIDGE,final_training_fit,2,257,tell,textual,coefficient,0.0833996583412838,0.0833996583412838,positive,47,29,274
B_RIDGE,final_training_fit,2,148,life,textual,coefficient,-0.0832472781466387,0.0832472781466387,negative,48,284,19
B_RIDGE,final_training_fit,2,69,don,textual,coefficient,0.08306732131349955,0.08306732131349955,positive,49,30,273
B_RIDGE,final_training_fit,2,270,treating,textual,coefficient,-0.08303522823778181,0.08303522823778181,negative,50,283,20
B_RIDGE,final_training_fit,2,164,making,textual,coefficient,0.08207122083857446,0.08207122083857446,positive,51,31,272
B_RIDGE,final_training_fit,2,259,term,textual,coefficient,-0.0819104221413482,0.0819104221413482,negative,52,282,21
B_RIDGE,final_training_fit,2,162,make sure,textual,coefficient,0.08136757047302673,0.08136757047302673,positive,53,32,271
B_RIDGE,final_training_fit,2,36,called,textual,coefficient,-0.07886575335529074,0.07886575335529074,negative,54,281,22
B_RIDGE,final_training_fit,2,37,care,textual,coefficient,0.07873300282943249,0.07873300282943249,positive,55,33,270
B_RIDGE,final_training_fit,2,99,follow,textual,coefficient,0.07814320286439491,0.07814320286439491,positive,56,34,269
B_RIDGE,final_training_fit,2,192,pay attention,textual,coefficient,-0.07628383745518999,0.07628383745518999,negative,57,280,23
B_RIDGE,final_training_fit,2,116,help,textual,coefficient,-0.07625336153645107,0.07625336153645107,negative,58,279,24
B_RIDGE,final_training_fit,2,143,lack,textual,coefficient,0.07616762066654151,0.07616762066654151,positive,59,35,268
B_RIDGE,final_training_fit,2,133,instead,textual,coefficient,0.07603858588599757,0.07603858588599757,positive,60,36,267
B_RIDGE,final_training_fit,2,142,know,textual,coefficient,-0.0760181434882009,0.0760181434882009,negative,61,278,25
B_RIDGE,final_training_fit,2,56,did,textual,coefficient,-0.07559532998046292,0.07559532998046292,negative,62,277,26
B_RIDGE,final_training_fit,2,218,school,textual,coefficient,-0.07525818569314434,0.07525818569314434,negative,63,276,27
B_RIDGE,final_training_fit,2,181,neurotypical,textual,coefficient,-0.07490067904609475,0.07490067904609475,negative,64,275,28
B_RIDGE,final_training_fit,2,287,wait,textual,coefficient,0.07481520449530255,0.07481520449530255,positive,65,37,266
B_RIDGE,final_training_fit,2,204,problems,textual,coefficient,-0.07455833409042521,0.07455833409042521,negative,66,274,29
B_RIDGE,final_training_fit,2,286,video,textual,coefficient,0.07313621938468468,0.07313621938468468,positive,67,38,265
B_RIDGE,final_training_fit,2,42,college,textual,coefficient,-0.07209482081966384,0.07209482081966384,negative,68,273,30
B_RIDGE,final_training_fit,2,18,affects,textual,coefficient,0.07163569316359496,0.07163569316359496,positive,69,39,264
B_RIDGE,final_training_fit,2,254,talking,textual,coefficient,0.07135615950308938,0.07135615950308938,positive,70,40,263
B_RIDGE,final_training_fit,2,193,people,textual,coefficient,0.07106903535011451,0.07106903535011451,positive,71,41,262
B_RIDGE,final_training_fit,2,93,fact,textual,coefficient,0.07095257066729185,0.07095257066729185,positive,72,42,261
B_RIDGE,final_training_fit,2,92,explained,textual,coefficient,0.07030606949323485,0.07030606949323485,positive,73,43,260
B_RIDGE,final_training_fit,2,291,women,textual,coefficient,0.06939120664307771,0.06939120664307771,positive,74,44,259
B_RIDGE,final_training_fit,2,58,difference,textual,coefficient,-0.06913647545939032,0.06913647545939032,negative,75,272,31
B_RIDGE,final_training_fit,2,205,protein,textual,coefficient,-0.0688882695351896,0.0688882695351896,negative,76,271,32
B_RIDGE,final_training_fit,2,236,start,textual,coefficient,0.06829591590725312,0.06829591590725312,positive,77,45,258
B_RIDGE,final_training_fit,2,251,symptoms adhd,textual,coefficient,0.06829132943000861,0.06829132943000861,positive,78,46,257
B_RIDGE,final_training_fit,2,15,adhd women,textual,coefficient,0.06734413722070745,0.06734413722070745,positive,79,47,256
B_RIDGE,final_training_fit,2,294,world,textual,coefficient,-0.06730113556524692,0.06730113556524692,negative,80,270,33
B_RIDGE,final_training_fit,2,29,best,textual,coefficient,-0.06728201458193994,0.06728201458193994,negative,81,269,34
B_RIDGE,final_training_fit,2,149,like,textual,coefficient,0.06722734836744175,0.06722734836744175,positive,82,48,255
B_RIDGE,final_training_fit,2,77,eating,textual,coefficient,0.067030860450196,0.067030860450196,positive,83,49,254
B_RIDGE,final_training_fit,2,240,strategies,textual,coefficient,0.06505049110859817,0.06505049110859817,positive,84,50,253
B_RIDGE,final_training_fit,2,249,sure,textual,coefficient,0.06504387160533005,0.06504387160533005,positive,85,51,252
B_RIDGE,final_training_fit,2,301,hedge_score,handcrafted_linguistic,coefficient,0.06503281070120327,0.06503281070120327,positive,86,52,251
B_RIDGE,final_training_fit,2,158,lots,textual,coefficient,-0.06471774010583582,0.06471774010583582,negative,87,268,35
B_RIDGE,final_training_fit,2,155,look,textual,coefficient,0.06460188616714375,0.06460188616714375,positive,88,53,250
B_RIDGE,final_training_fit,2,88,experience,textual,coefficient,-0.0644804916174917,0.0644804916174917,negative,89,267,36
B_RIDGE,final_training_fit,2,231,signs adhd,textual,coefficient,-0.0643312415217315,0.0643312415217315,negative,90,266,37
B_RIDGE,final_training_fit,2,134,intense,textual,coefficient,0.06364676200838117,0.06364676200838117,positive,91,54,249
B_RIDGE,final_training_fit,2,23,audhd,textual,coefficient,-0.06337464771840134,0.06337464771840134,negative,92,265,38
B_RIDGE,final_training_fit,2,186,okay,textual,coefficient,0.06309218771242994,0.06309218771242994,positive,93,55,248
B_RIDGE,final_training_fit,2,268,treat,textual,coefficient,-0.06262439769094315,0.06262439769094315,negative,94,264,39
B_RIDGE,final_training_fit,2,147,levels,textual,coefficient,-0.0625772199444154,0.0625772199444154,negative,95,263,40
B_RIDGE,final_training_fit,2,101,foods,textual,coefficient,0.06235415822364126,0.06235415822364126,positive,96,56,247
B_RIDGE,final_training_fit,2,32,bit,textual,coefficient,0.06203336748294949,0.06203336748294949,positive,97,57,246
B_RIDGE,final_training_fit,2,169,means,textual,coefficient,0.06192612000622557,0.06192612000622557,positive,98,58,245
B_RIDGE,final_training_fit,2,79,emotional,textual,coefficient,-0.06191476410299808,0.06191476410299808,negative,99,262,41
B_RIDGE,final_training_fit,2,206,psychiatrist,textual,coefficient,-0.05973040769374966,0.05973040769374966,negative,100,261,42
B_RIDGE,final_training_fit,2,7,adhd autism,textual,coefficient,-0.05967628002705291,0.05967628002705291,negative,101,260,43
B_RIDGE,final_training_fit,2,94,family,textual,coefficient,-0.059127305605632625,0.059127305605632625,negative,102,259,44
B_RIDGE,final_training_fit,2,63,disorders,textual,coefficient,-0.05877508853225546,0.05877508853225546,negative,103,258,45
B_RIDGE,final_training_fit,2,288,want,textual,coefficient,0.05837749470376156,0.05837749470376156,positive,104,59,244
B_RIDGE,final_training_fit,2,105,getting,textual,coefficient,0.05801960747494643,0.05801960747494643,positive,105,60,243
B_RIDGE,final_training_fit,2,126,improve,textual,coefficient,0.05772195300673519,0.05772195300673519,positive,106,61,242
B_RIDGE,final_training_fit,2,129,inattention,textual,coefficient,0.057537837004433594,0.057537837004433594,positive,107,62,241
B_RIDGE,final_training_fit,2,19,answer,textual,coefficient,-0.057511262669304924,0.057511262669304924,negative,108,257,46
B_RIDGE,final_training_fit,2,280,understand,textual,coefficient,0.05733473829801015,0.05733473829801015,positive,109,63,240
B_RIDGE,final_training_fit,2,253,talk,textual,coefficient,0.05695599586522914,0.05695599586522914,positive,110,64,239
B_RIDGE,final_training_fit,2,199,poor,textual,coefficient,-0.05626280676403021,0.05626280676403021,negative,111,256,47
B_RIDGE,final_training_fit,2,271,treatment,textual,coefficient,0.055725234296298866,0.055725234296298866,positive,112,65,238
B_RIDGE,final_training_fit,2,182,neurotypical person,textual,coefficient,-0.05530017991991056,0.05530017991991056,negative,113,255,48
B_RIDGE,final_training_fit,2,222,sense,textual,coefficient,-0.05499523347609128,0.05499523347609128,negative,114,254,49
B_RIDGE,final_training_fit,2,103,friend,textual,coefficient,-0.05411521701421607,0.05411521701421607,negative,115,253,50
B_RIDGE,final_training_fit,2,201,present,textual,coefficient,0.0538734135117473,0.0538734135117473,positive,116,66,237
B_RIDGE,final_training_fit,2,195,person,textual,coefficient,-0.05359031732652295,0.05359031732652295,negative,117,252,51
B_RIDGE,final_training_fit,2,27,behavior,textual,coefficient,0.05353443506432588,0.05353443506432588,positive,118,67,236
B_RIDGE,final_training_fit,2,221,self,textual,coefficient,0.052993448716657135,0.052993448716657135,positive,119,68,235
B_RIDGE,final_training_fit,2,125,important,textual,coefficient,-0.05267115003534075,0.05267115003534075,negative,120,251,52
B_RIDGE,final_training_fit,2,97,feeling,textual,coefficient,0.05266835368393538,0.05266835368393538,positive,121,69,234
B_RIDGE,final_training_fit,2,127,impulsive,textual,coefficient,0.05244798911116726,0.05244798911116726,positive,122,70,233
B_RIDGE,final_training_fit,2,281,understanding,textual,coefficient,-0.05203568523876507,0.05203568523876507,negative,123,250,53
B_RIDGE,final_training_fit,2,283,using,textual,coefficient,0.050843234980658444,0.050843234980658444,positive,124,71,232
B_RIDGE,final_training_fit,2,59,different,textual,coefficient,0.050601539999846776,0.050601539999846776,positive,125,72,231
B_RIDGE,final_training_fit,2,50,day,textual,coefficient,-0.05004789039873374,0.05004789039873374,negative,126,249,54
B_RIDGE,final_training_fit,2,219,second,textual,coefficient,-0.0497340461158432,0.0497340461158432,negative,127,248,55
B_RIDGE,final_training_fit,2,55,diagnostic,textual,coefficient,0.0497047992123104,0.0497047992123104,positive,128,73,230
B_RIDGE,final_training_fit,2,114,health,textual,coefficient,-0.04969480124671027,0.04969480124671027,negative,129,247,56
B_RIDGE,final_training_fit,2,225,sensory,textual,coefficient,0.04967879229249615,0.04967879229249615,positive,130,74,229
B_RIDGE,final_training_fit,2,223,sensitive,textual,coefficient,-0.049556507136998246,0.049556507136998246,negative,131,246,57
B_RIDGE,final_training_fit,2,172,meds,textual,coefficient,-0.049509469531846394,0.049509469531846394,negative,132,245,58
B_RIDGE,final_training_fit,2,137,just,textual,coefficient,0.04929298446062559,0.04929298446062559,positive,133,75,228
B_RIDGE,final_training_fit,2,91,explain,textual,coefficient,-0.0492570846152197,0.0492570846152197,negative,134,244,59
B_RIDGE,final_training_fit,2,84,everybody,textual,coefficient,-0.04873811447808616,0.04873811447808616,negative,135,243,60
B_RIDGE,final_training_fit,2,173,mental,textual,coefficient,0.04853343978145509,0.04853343978145509,positive,136,76,227
B_RIDGE,final_training_fit,2,96,feel like,textual,coefficient,-0.048210677302111406,0.048210677302111406,negative,137,242,61
B_RIDGE,final_training_fit,2,52,depression,textual,coefficient,0.04807598892724517,0.04807598892724517,positive,138,77,226
B_RIDGE,final_training_fit,2,112,harder,textual,coefficient,-0.04756976637284385,0.04756976637284385,negative,139,241,62
B_RIDGE,final_training_fit,2,66,does,textual,coefficient,-0.0475661646572286,0.0475661646572286,negative,140,240,63
B_RIDGE,final_training_fit,2,230,signs,textual,coefficient,-0.04736347806815655,0.04736347806815655,negative,141,239,64
B_RIDGE,final_training_fit,2,180,need,textual,coefficient,0.04639285551472526,0.04639285551472526,positive,142,78,225
B_RIDGE,final_training_fit,2,80,emotions,textual,coefficient,0.04555913196840888,0.04555913196840888,positive,143,79,224
B_RIDGE,final_training_fit,2,17,adults,textual,coefficient,-0.04473646849688967,0.04473646849688967,negative,144,238,65
B_RIDGE,final_training_fit,2,290,ways,textual,coefficient,-0.04389495550965723,0.04389495550965723,negative,145,237,66
B_RIDGE,final_training_fit,2,232,sit,textual,coefficient,0.04365919557500841,0.04365919557500841,positive,146,80,223
B_RIDGE,final_training_fit,2,227,sep adhd,textual,coefficient,-0.04356877339614845,0.04356877339614845,negative,147,236,67
B_RIDGE,final_training_fit,2,102,forget,textual,coefficient,-0.043140633609105465,0.043140633609105465,negative,148,235,68
B_RIDGE,final_training_fit,2,51,deficit,textual,coefficient,0.043096207797746686,0.043096207797746686,positive,149,81,222
B_RIDGE,final_training_fit,2,119,high,textual,coefficient,-0.04306861679145944,0.04306861679145944,negative,150,234,69
B_RIDGE,final_training_fit,2,108,got,textual,coefficient,-0.04306027481727311,0.04306027481727311,negative,151,233,70
B_RIDGE,final_training_fit,2,228,shorts,textual,coefficient,-0.042129251671048105,0.042129251671048105,negative,152,232,71
B_RIDGE,final_training_fit,2,154,long,textual,coefficient,-0.04093259037640313,0.04093259037640313,negative,153,231,72
B_RIDGE,final_training_fit,2,43,come,textual,coefficient,-0.04058552600114246,0.04058552600114246,negative,154,230,73
B_RIDGE,final_training_fit,2,41,children,textual,coefficient,0.04054789723409084,0.04054789723409084,positive,155,82,221
B_RIDGE,final_training_fit,2,163,makes,textual,coefficient,-0.04048805718670794,0.04048805718670794,negative,156,229,74
B_RIDGE,final_training_fit,2,174,mind,textual,coefficient,0.040472660007918396,0.040472660007918396,positive,157,83,220
B_RIDGE,final_training_fit,2,144,late,textual,coefficient,-0.04045080243828565,0.04045080243828565,negative,158,228,75
B_RIDGE,final_training_fit,2,159,love,textual,coefficient,-0.040173245693302016,0.040173245693302016,negative,159,227,76
B_RIDGE,final_training_fit,2,260,therapy,textual,coefficient,0.03958532609435382,0.03958532609435382,positive,160,84,219
B_RIDGE,final_training_fit,2,67,doesn,textual,coefficient,-0.03942708671851922,0.03942708671851922,negative,161,226,77
B_RIDGE,final_training_fit,2,184,number,textual,coefficient,-0.03935503067385932,0.03935503067385932,negative,162,225,78
B_RIDGE,final_training_fit,2,202,probably,textual,coefficient,0.03929451745983754,0.03929451745983754,positive,163,85,218
B_RIDGE,final_training_fit,2,263,things like,textual,coefficient,0.03917403221781645,0.03917403221781645,positive,164,86,217
B_RIDGE,final_training_fit,2,190,patients,textual,coefficient,0.0390365786462432,0.0390365786462432,positive,165,87,216
B_RIDGE,final_training_fit,2,73,dysfunction,textual,coefficient,0.03855170038507878,0.03855170038507878,positive,166,88,215
B_RIDGE,final_training_fit,2,247,sugar,textual,coefficient,-0.03847581489632746,0.03847581489632746,negative,167,224,79
B_RIDGE,final_training_fit,2,217,saying,textual,coefficient,-0.038292861305049164,0.038292861305049164,negative,168,223,80
B_RIDGE,final_training_fit,2,226,sep,textual,coefficient,-0.03819915457201356,0.03819915457201356,negative,169,222,81
B_RIDGE,final_training_fit,2,207,quickly,textual,coefficient,-0.038157171811683,0.038157171811683,negative,170,221,82
B_RIDGE,final_training_fit,2,273,try,textual,coefficient,0.03773442720244476,0.03773442720244476,positive,171,89,214
B_RIDGE,final_training_fit,2,229,sign,textual,coefficient,-0.03758594555550261,0.03758594555550261,negative,172,220,83
B_RIDGE,final_training_fit,2,238,stimulants,textual,coefficient,0.03752914562798838,0.03752914562798838,positive,173,90,213
B_RIDGE,final_training_fit,2,39,challenges,textual,coefficient,-0.0374476667691664,0.0374476667691664,negative,174,219,84
B_RIDGE,final_training_fit,2,292,work,textual,coefficient,-0.03737668412776089,0.03737668412776089,negative,175,218,85
B_RIDGE,final_training_fit,2,109,great,textual,coefficient,-0.0369022185700688,0.0369022185700688,negative,176,217,86
B_RIDGE,final_training_fit,2,76,eat,textual,coefficient,0.03646595857803615,0.03646595857803615,positive,177,91,212
B_RIDGE,final_training_fit,2,275,turn,textual,coefficient,0.03544257767136965,0.03544257767136965,positive,178,92,211
B_RIDGE,final_training_fit,2,145,lead,textual,coefficient,0.03515719177500759,0.03515719177500759,positive,179,93,210
B_RIDGE,final_training_fit,2,224,sensitivity,textual,coefficient,0.03513447708913292,0.03513447708913292,positive,180,94,209
B_RIDGE,final_training_fit,2,110,happens,textual,coefficient,0.034782931662429954,0.034782931662429954,positive,181,95,208
B_RIDGE,final_training_fit,2,245,study,textual,coefficient,-0.03466097208829754,0.03466097208829754,negative,182,216,87
B_RIDGE,final_training_fit,2,53,diagnosed,textual,coefficient,0.03448387844579533,0.03448387844579533,positive,183,96,207
B_RIDGE,final_training_fit,2,272,trouble,textual,coefficient,-0.03447418097906395,0.03447418097906395,negative,184,215,88
B_RIDGE,final_training_fit,2,168,mean,textual,coefficient,0.034395537021417906,0.034395537021417906,positive,185,97,206
B_RIDGE,final_training_fit,2,246,stuff,textual,coefficient,0.03435221147316747,0.03435221147316747,positive,186,98,205
B_RIDGE,final_training_fit,2,38,certain,textual,coefficient,-0.0343475068177555,0.0343475068177555,negative,187,214,89
B_RIDGE,final_training_fit,2,175,mood,textual,coefficient,-0.03418397083541635,0.03418397083541635,negative,188,213,90
B_RIDGE,final_training_fit,2,115,hear,textual,coefficient,0.03415124792008786,0.03415124792008786,positive,189,99,204
B_RIDGE,final_training_fit,2,248,support,textual,coefficient,0.03395422306546087,0.03395422306546087,positive,190,100,203
B_RIDGE,final_training_fit,2,49,criteria,textual,coefficient,0.033360608600896735,0.033360608600896735,positive,191,101,202
B_RIDGE,final_training_fit,2,267,times,textual,coefficient,0.03310519949933131,0.03310519949933131,positive,192,102,201
B_RIDGE,final_training_fit,2,25,autistic,textual,coefficient,-0.03296437732202577,0.03296437732202577,negative,193,212,91
B_RIDGE,final_training_fit,2,61,difficulty,textual,coefficient,-0.032860077529310854,0.032860077529310854,negative,194,211,92
B_RIDGE,final_training_fit,2,87,exercise,textual,coefficient,-0.03277299794275592,0.03277299794275592,negative,195,210,93
B_RIDGE,final_training_fit,2,210,recommend,textual,coefficient,-0.032697325422747496,0.032697325422747496,negative,196,209,94
B_RIDGE,final_training_fit,2,132,information,textual,coefficient,-0.03192992629237848,0.03192992629237848,negative,197,208,95
B_RIDGE,final_training_fit,2,141,kind,textual,coefficient,0.03163937931080458,0.03163937931080458,positive,198,103,200
B_RIDGE,final_training_fit,2,197,physical,textual,coefficient,-0.03127570890580496,0.03127570890580496,negative,199,207,96
B_RIDGE,final_training_fit,2,57,diet,textual,coefficient,-0.031136208114069985,0.031136208114069985,negative,200,206,97
B_RIDGE,final_training_fit,2,75,easily,textual,coefficient,0.030963031441906708,0.030963031441906708,positive,201,104,199
B_RIDGE,final_training_fit,2,20,answer sep,textual,coefficient,-0.030934717548304312,0.030934717548304312,negative,202,205,98
B_RIDGE,final_training_fit,2,131,increase,textual,coefficient,0.030626321824605715,0.030626321824605715,positive,203,105,198
B_RIDGE,final_training_fit,2,74,early,textual,coefficient,-0.030158454074753885,0.030158454074753885,negative,204,204,99
B_RIDGE,final_training_fit,2,183,non,textual,coefficient,0.02995105421300454,0.02995105421300454,positive,205,106,197
B_RIDGE,final_training_fit,2,213,relationships,textual,coefficient,-0.029242077971892856,0.029242077971892856,negative,206,203,100
B_RIDGE,final_training_fit,2,90,experts answer,textual,coefficient,-0.02846740846309548,0.02846740846309548,negative,207,202,101
B_RIDGE,final_training_fit,2,40,child,textual,coefficient,0.02782594535969291,0.02782594535969291,positive,208,107,196
B_RIDGE,final_training_fit,2,86,executive,textual,coefficient,0.027642997618225296,0.027642997618225296,positive,209,108,195
B_RIDGE,final_training_fit,2,212,rejection,textual,coefficient,-0.02758814531859221,0.02758814531859221,negative,210,201,102
B_RIDGE,final_training_fit,2,161,make,textual,coefficient,0.027495342589113653,0.027495342589113653,positive,211,109,194
B_RIDGE,final_training_fit,2,30,better,textual,coefficient,-0.026931371536260445,0.026931371536260445,negative,212,200,103
B_RIDGE,final_training_fit,2,209,really,textual,coefficient,0.02671211940164251,0.02671211940164251,positive,213,110,193
B_RIDGE,final_training_fit,2,28,behaviors,textual,coefficient,0.026655782961527954,0.026655782961527954,positive,214,111,192
B_RIDGE,final_training_fit,2,14,adhd symptoms,textual,coefficient,0.026620908303120822,0.026620908303120822,positive,215,112,191
B_RIDGE,final_training_fit,2,258,tend,textual,coefficient,0.02649767469646036,0.02649767469646036,positive,216,113,190
B_RIDGE,final_training_fit,2,285,ve,textual,coefficient,-0.02636674207185964,0.02636674207185964,negative,217,199,104
B_RIDGE,final_training_fit,2,274,trying,textual,coefficient,-0.026283291281057573,0.026283291281057573,negative,218,198,105
B_RIDGE,final_training_fit,2,111,hard,textual,coefficient,-0.02621848498015493,0.02621848498015493,negative,219,197,106
B_RIDGE,final_training_fit,2,54,diagnosis,textual,coefficient,0.02573943070747957,0.02573943070747957,positive,220,114,189
B_RIDGE,final_training_fit,2,62,disorder,textual,coefficient,-0.02568823077950143,0.02568823077950143,negative,221,196,107
B_RIDGE,final_training_fit,2,177,moving,textual,coefficient,0.025621074096201367,0.025621074096201367,positive,222,115,188
B_RIDGE,final_training_fit,2,6,adhd adhd,textual,coefficient,0.02562037869459782,0.02562037869459782,positive,223,116,187
B_RIDGE,final_training_fit,2,269,treated,textual,coefficient,0.02535235865361513,0.02535235865361513,positive,224,117,186
B_RIDGE,final_training_fit,2,188,overwhelmed,textual,coefficient,-0.025039704203984256,0.025039704203984256,negative,225,195,108
B_RIDGE,final_training_fit,2,150,likely,textual,coefficient,0.02477816512808132,0.02477816512808132,positive,226,118,185
B_RIDGE,final_training_fit,2,34,brain,textual,coefficient,0.024643040139452205,0.024643040139452205,positive,227,119,184
B_RIDGE,final_training_fit,2,265,thinking,textual,coefficient,0.024414640682265308,0.024414640682265308,positive,228,120,183
B_RIDGE,final_training_fit,2,5,adhd,textual,coefficient,-0.024216516895002618,0.024216516895002618,negative,229,194,109
B_RIDGE,final_training_fit,2,22,attention,textual,coefficient,-0.024091993925644397,0.024091993925644397,negative,230,193,110
B_RIDGE,final_training_fit,2,31,big,textual,coefficient,-0.02300290620899638,0.02300290620899638,negative,231,192,111
B_RIDGE,final_training_fit,2,187,options,textual,coefficient,0.022539904486362655,0.022539904486362655,positive,232,121,182
B_RIDGE,final_training_fit,2,297,years,textual,coefficient,-0.021603184090802068,0.021603184090802068,negative,233,191,112
B_RIDGE,final_training_fit,2,113,having,textual,coefficient,0.02098186800276264,0.02098186800276264,positive,234,122,181
B_RIDGE,final_training_fit,2,235,social,textual,coefficient,-0.020296516637628388,0.020296516637628388,negative,235,190,113
B_RIDGE,final_training_fit,2,252,taking,textual,coefficient,-0.019944771934047503,0.019944771934047503,negative,236,189,114
B_RIDGE,final_training_fit,2,264,think,textual,coefficient,0.019909566042237332,0.019909566042237332,positive,237,123,180
B_RIDGE,final_training_fit,2,21,anxiety,textual,coefficient,-0.019832465502679968,0.019832465502679968,negative,238,188,115
B_RIDGE,final_training_fit,2,167,maybe,textual,coefficient,-0.019821265066927392,0.019821265066927392,negative,239,187,116
B_RIDGE,final_training_fit,2,35,brains,textual,coefficient,0.018385696488830927,0.018385696488830927,positive,240,124,179
B_RIDGE,final_training_fit,2,83,especially,textual,coefficient,0.018341690934085397,0.018341690934085397,positive,241,125,178
B_RIDGE,final_training_fit,2,117,helpful,textual,coefficient,-0.016678247761304398,0.016678247761304398,negative,242,186,117
B_RIDGE,final_training_fit,2,166,management,textual,coefficient,-0.01657737702052918,0.01657737702052918,negative,243,185,118
B_RIDGE,final_training_fit,2,85,example,textual,coefficient,0.01643033899291501,0.01643033899291501,positive,244,126,177
B_RIDGE,final_training_fit,2,211,regulation,textual,coefficient,0.01633775066797081,0.01633775066797081,positive,245,127,176
B_RIDGE,final_training_fit,2,78,effects,textual,coefficient,0.015202950842445032,0.015202950842445032,positive,246,128,175
B_RIDGE,final_training_fit,2,122,hyperactive,textual,coefficient,0.015033715038082061,0.015033715038082061,positive,247,129,174
B_RIDGE,final_training_fit,2,179,natural,textual,coefficient,-0.014966038531481428,0.014966038531481428,negative,248,184,119
B_RIDGE,final_training_fit,2,81,end,textual,coefficient,-0.014640009442984943,0.014640009442984943,negative,249,183,120
B_RIDGE,final_training_fit,2,203,problem,textual,coefficient,-0.014528950276064018,0.014528950276064018,negative,250,182,121
B_RIDGE,final_training_fit,2,140,kids,textual,coefficient,-0.014512489857625965,0.014512489857625965,negative,251,181,122
B_RIDGE,final_training_fit,2,46,condition,textual,coefficient,0.014124065762389408,0.014124065762389408,positive,252,130,173
B_RIDGE,final_training_fit,2,241,structure,textual,coefficient,0.013571586899084718,0.013571586899084718,positive,253,131,172
B_RIDGE,final_training_fit,2,45,common,textual,coefficient,-0.01329840872543525,0.01329840872543525,negative,254,180,123
B_RIDGE,final_training_fit,2,189,parents,textual,coefficient,0.012705734463828186,0.012705734463828186,positive,255,132,171
B_RIDGE,final_training_fit,2,44,comes,textual,coefficient,0.012622853783176527,0.012622853783176527,positive,256,133,170
B_RIDGE,final_training_fit,2,64,distracted,textual,coefficient,0.01246548835237447,0.01246548835237447,positive,257,134,169
B_RIDGE,final_training_fit,2,1,able,textual,coefficient,0.012179638743424611,0.012179638743424611,positive,258,135,168
B_RIDGE,final_training_fit,2,153,ll,textual,coefficient,0.012177995891206881,0.012177995891206881,positive,259,136,167
B_RIDGE,final_training_fit,2,106,going,textual,coefficient,-0.011975945927050528,0.011975945927050528,negative,260,179,124
B_RIDGE,final_training_fit,2,244,struggling,textual,coefficient,-0.011611512486113553,0.011611512486113553,negative,261,178,125
B_RIDGE,final_training_fit,2,255,task,textual,coefficient,0.011558758867206953,0.011558758867206953,positive,262,137,166
B_RIDGE,final_training_fit,2,296,yeah,textual,coefficient,0.011440763886322036,0.011440763886322036,positive,263,138,165
B_RIDGE,final_training_fit,2,135,isn,textual,coefficient,-0.010711439151894243,0.010711439151894243,negative,264,177,126
B_RIDGE,final_training_fit,2,0,10,textual,coefficient,-0.01011734294176307,0.01011734294176307,negative,265,176,127
B_RIDGE,final_training_fit,2,176,motivation,textual,coefficient,0.009718331360922363,0.009718331360922363,positive,266,139,164
B_RIDGE,final_training_fit,2,234,small,textual,coefficient,0.009659095156470595,0.009659095156470595,positive,267,140,163
B_RIDGE,final_training_fit,2,10,adhd just,textual,coefficient,0.009594258929385783,0.009594258929385783,positive,268,141,162
B_RIDGE,final_training_fit,2,243,struggles,textual,coefficient,-0.009283040850819288,0.009283040850819288,negative,269,175,128
B_RIDGE,final_training_fit,2,47,constantly,textual,coefficient,-0.009148599961393096,0.009148599961393096,negative,270,174,129
B_RIDGE,final_training_fit,2,8,adhd brain,textual,coefficient,0.008874405875373767,0.008874405875373767,positive,271,142,161
B_RIDGE,final_training_fit,2,284,usually,textual,coefficient,0.008802653872904942,0.008802653872904942,positive,272,143,160
B_RIDGE,final_training_fit,2,11,adhd medication,textual,coefficient,0.008459767683880699,0.008459767683880699,positive,273,144,159
B_RIDGE,final_training_fit,2,165,manage,textual,coefficient,-0.007381129996945564,0.007381129996945564,negative,274,173,130
B_RIDGE,final_training_fit,2,282,use,textual,coefficient,-0.007353310207993352,0.007353310207993352,negative,275,172,131
B_RIDGE,final_training_fit,2,2,activity,textual,coefficient,0.007107916236328315,0.007107916236328315,positive,276,145,158
B_RIDGE,final_training_fit,2,178,music,textual,coefficient,0.007092992244810644,0.007092992244810644,positive,277,146,157
B_RIDGE,final_training_fit,2,72,drugs,textual,coefficient,-0.006659974063800791,0.006659974063800791,negative,278,171,132
B_RIDGE,final_training_fit,2,48,control,textual,coefficient,0.006612445224274452,0.006612445224274452,positive,279,147,156
B_RIDGE,final_training_fit,2,128,impulsivity,textual,coefficient,-0.006128902751001557,0.006128902751001557,negative,280,170,133
B_RIDGE,final_training_fit,2,130,inattentive,textual,coefficient,-0.006112127718739486,0.006112127718739486,negative,281,169,134
B_RIDGE,final_training_fit,2,138,key,textual,coefficient,-0.005952339147737367,0.005952339147737367,negative,282,168,135
B_RIDGE,final_training_fit,2,215,right,textual,coefficient,0.005719660255641761,0.005719660255641761,positive,283,148,155
B_RIDGE,final_training_fit,2,233,sleep,textual,coefficient,0.0052487782097535,0.0052487782097535,positive,284,149,154
B_RIDGE,final_training_fit,2,121,home,textual,coefficient,-0.004918115022454352,0.004918115022454352,negative,285,167,136
B_RIDGE,final_training_fit,2,120,highly,textual,coefficient,-0.004671737334073335,0.004671737334073335,negative,286,166,137
B_RIDGE,final_training_fit,2,12,adhd real,textual,coefficient,0.004342095959645295,0.004342095959645295,positive,287,150,153
B_RIDGE,final_training_fit,2,157,lot,textual,coefficient,-0.004336274919634166,0.004336274919634166,negative,288,165,138
B_RIDGE,final_training_fit,2,216,say,textual,coefficient,-0.004287137637304452,0.004287137637304452,negative,289,164,139
B_RIDGE,final_training_fit,2,104,function,textual,coefficient,-0.004082433147498624,0.004082433147498624,negative,290,163,140
B_RIDGE,final_training_fit,2,276,type,textual,coefficient,-0.003976853294382677,0.003976853294382677,negative,291,162,141
B_RIDGE,final_training_fit,2,89,experts,textual,coefficient,-0.003920020125450468,0.003920020125450468,negative,292,161,142
B_RIDGE,final_training_fit,2,200,potential,textual,coefficient,-0.0032682660023800997,0.0032682660023800997,negative,293,160,143
B_RIDGE,final_training_fit,2,68,doing,textual,coefficient,-0.003137130775726611,0.003137130775726611,negative,294,159,144
B_RIDGE,final_training_fit,2,156,looking,textual,coefficient,0.0030790839661851118,0.0030790839661851118,positive,295,151,152
B_RIDGE,final_training_fit,2,9,adhd diagnosis,textual,coefficient,-0.0026174715090254565,0.0026174715090254565,negative,296,158,145
B_RIDGE,final_training_fit,2,124,impact,textual,coefficient,-0.001976777920056292,0.001976777920056292,negative,297,157,146
B_RIDGE,final_training_fit,2,196,phone,textual,coefficient,0.0013204564311337919,0.0013204564311337919,positive,298,152,151
B_RIDGE,final_training_fit,2,256,tasks,textual,coefficient,-0.0007652764188152486,0.0007652764188152486,negative,299,156,147
B_RIDGE,final_training_fit,2,16,adult,textual,coefficient,0.00022553969111960883,0.00022553969111960883,positive,300,153,150
B_RIDGE,final_training_fit,2,198,point,textual,coefficient,-1.1923040321219109e-05,1.1923040321219109e-05,negative,301,155,148
B_RIDGE,final_training_fit,2,208,real,textual,coefficient,-9.86856357356326e-06,9.86856357356326e-06,negative,302,154,149
B_RIDGE,final_training_fit,3,160,low,textual,coefficient,0.24158609434195805,0.24158609434195805,positive,1,1,302
B_RIDGE,final_training_fit,3,153,ll,textual,coefficient,0.17778723912737077,0.17778723912737077,positive,2,2,301
B_RIDGE,final_training_fit,3,57,diet,textual,coefficient,0.17366818572462508,0.17366818572462508,positive,3,3,300
B_RIDGE,final_training_fit,3,195,person,textual,coefficient,0.17226683292824896,0.17226683292824896,positive,4,4,299
B_RIDGE,final_training_fit,3,247,sugar,textual,coefficient,0.15882649298482618,0.15882649298482618,positive,5,5,298
B_RIDGE,final_training_fit,3,125,important,textual,coefficient,0.15802254950024794,0.15802254950024794,positive,6,6,297
B_RIDGE,final_training_fit,3,212,rejection,textual,coefficient,0.15314141325022876,0.15314141325022876,positive,7,7,296
B_RIDGE,final_training_fit,3,245,study,textual,coefficient,0.1506074357386269,0.1506074357386269,positive,8,8,295
B_RIDGE,final_training_fit,3,261,thing,textual,coefficient,0.1453338479976818,0.1453338479976818,positive,9,9,294
B_RIDGE,final_training_fit,3,268,treat,textual,coefficient,0.14192659387502793,0.14192659387502793,positive,10,10,293
B_RIDGE,final_training_fit,3,147,levels,textual,coefficient,0.14140818233518257,0.14140818233518257,positive,11,11,292
B_RIDGE,final_training_fit,3,170,medication,textual,coefficient,-0.14065185462613314,0.14065185462613314,negative,12,302,1
B_RIDGE,final_training_fit,3,230,signs,textual,coefficient,-0.1393626404990026,0.1393626404990026,negative,13,301,2
B_RIDGE,final_training_fit,3,282,use,textual,coefficient,0.13836245774433772,0.13836245774433772,positive,14,12,291
B_RIDGE,final_training_fit,3,36,called,textual,coefficient,0.12387852356894034,0.12387852356894034,positive,15,13,290
B_RIDGE,final_training_fit,3,70,dopamine,textual,coefficient,0.12380270858034799,0.12380270858034799,positive,16,14,289
B_RIDGE,final_training_fit,3,181,neurotypical,textual,coefficient,0.12104725214800133,0.12104725214800133,positive,17,15,288
B_RIDGE,final_training_fit,3,276,type,textual,coefficient,-0.11778115345197596,0.11778115345197596,negative,18,300,3
B_RIDGE,final_training_fit,3,21,anxiety,textual,coefficient,-0.1175443839794699,0.1175443839794699,negative,19,299,4
B_RIDGE,final_training_fit,3,69,don,textual,coefficient,-0.11720580253550314,0.11720580253550314,negative,20,298,5
B_RIDGE,final_training_fit,3,286,video,textual,coefficient,-0.11572857337429683,0.11572857337429683,negative,21,297,6
B_RIDGE,final_training_fit,3,239,stop,textual,coefficient,-0.1129794834327086,0.1129794834327086,negative,22,296,7
B_RIDGE,final_training_fit,3,50,day,textual,coefficient,0.10862298561920225,0.10862298561920225,positive,23,16,287
B_RIDGE,final_training_fit,3,299,एक,textual,coefficient,-0.1083718545718889,0.1083718545718889,negative,24,295,8
B_RIDGE,final_training_fit,3,293,works,textual,coefficient,0.10579084466995313,0.10579084466995313,positive,25,17,286
B_RIDGE,final_training_fit,3,78,effects,textual,coefficient,0.1056185839427126,0.1056185839427126,positive,26,18,285
B_RIDGE,final_training_fit,3,203,problem,textual,coefficient,0.1039886886371269,0.1039886886371269,positive,27,19,284
B_RIDGE,final_training_fit,3,102,forget,textual,coefficient,0.10372341927116269,0.10372341927116269,positive,28,20,283
B_RIDGE,final_training_fit,3,82,energy,textual,coefficient,-0.10237128720116939,0.10237128720116939,negative,29,294,9
B_RIDGE,final_training_fit,3,101,foods,textual,coefficient,0.10226174027470276,0.10226174027470276,positive,30,21,282
B_RIDGE,final_training_fit,3,272,trouble,textual,coefficient,-0.10125325010545037,0.10125325010545037,negative,31,293,10
B_RIDGE,final_training_fit,3,154,long,textual,coefficient,0.09831854684272619,0.09831854684272619,positive,32,22,281
B_RIDGE,final_training_fit,3,87,exercise,textual,coefficient,-0.09791911001204921,0.09791911001204921,negative,33,292,11
B_RIDGE,final_training_fit,3,259,term,textual,coefficient,0.09755942265615775,0.09755942265615775,positive,34,23,280
B_RIDGE,final_training_fit,3,176,motivation,textual,coefficient,-0.095302545025694,0.095302545025694,negative,35,291,12
B_RIDGE,final_training_fit,3,258,tend,textual,coefficient,0.09507222561810752,0.09507222561810752,positive,36,24,279
B_RIDGE,final_training_fit,3,301,hedge_score,handcrafted_linguistic,coefficient,-0.0944310045375021,0.0944310045375021,negative,37,290,13
B_RIDGE,final_training_fit,3,197,physical,textual,coefficient,-0.0936854319644435,0.0936854319644435,negative,38,289,14
B_RIDGE,final_training_fit,3,7,adhd autism,textual,coefficient,-0.0933158821967992,0.0933158821967992,negative,39,288,15
B_RIDGE,final_training_fit,3,110,happens,textual,coefficient,0.09287318011453476,0.09287318011453476,positive,40,25,278
B_RIDGE,final_training_fit,3,175,mood,textual,coefficient,0.09052156154468435,0.09052156154468435,positive,41,26,277
B_RIDGE,final_training_fit,3,5,adhd,textual,coefficient,-0.0904074702202022,0.0904074702202022,negative,42,287,16
B_RIDGE,final_training_fit,3,111,hard,textual,coefficient,0.08996800958255698,0.08996800958255698,positive,43,27,276
B_RIDGE,final_training_fit,3,278,um,textual,coefficient,-0.0897371230483397,0.0897371230483397,negative,44,286,17
B_RIDGE,final_training_fit,3,213,relationships,textual,coefficient,0.08874777956841198,0.08874777956841198,positive,45,28,275
B_RIDGE,final_training_fit,3,182,neurotypical person,textual,coefficient,0.08870758875901476,0.08870758875901476,positive,46,29,274
B_RIDGE,final_training_fit,3,224,sensitivity,textual,coefficient,0.0880108061278455,0.0880108061278455,positive,47,30,273
B_RIDGE,final_training_fit,3,219,second,textual,coefficient,0.08579591574652802,0.08579591574652802,positive,48,31,272
B_RIDGE,final_training_fit,3,298,इपर,textual,coefficient,-0.08518304979711808,0.08518304979711808,negative,49,285,18
B_RIDGE,final_training_fit,3,178,music,textual,coefficient,-0.08503371693080038,0.08503371693080038,negative,50,284,19
B_RIDGE,final_training_fit,3,291,women,textual,coefficient,0.08463856547418681,0.08463856547418681,positive,51,32,271
B_RIDGE,final_training_fit,3,202,probably,textual,coefficient,0.08380473688125989,0.08380473688125989,positive,52,33,270
B_RIDGE,final_training_fit,3,285,ve,textual,coefficient,-0.0837057015920516,0.0837057015920516,negative,53,283,20
B_RIDGE,final_training_fit,3,105,getting,textual,coefficient,-0.08180012551810542,0.08180012551810542,negative,54,282,21
B_RIDGE,final_training_fit,3,120,highly,textual,coefficient,-0.08123517129968866,0.08123517129968866,negative,55,281,22
B_RIDGE,final_training_fit,3,117,helpful,textual,coefficient,0.08122358478200818,0.08122358478200818,positive,56,34,269
B_RIDGE,final_training_fit,3,206,psychiatrist,textual,coefficient,-0.08048820133178372,0.08048820133178372,negative,57,280,23
B_RIDGE,final_training_fit,3,15,adhd women,textual,coefficient,0.07934128023796513,0.07934128023796513,positive,58,35,268
B_RIDGE,final_training_fit,3,295,wrong,textual,coefficient,-0.0786948117050579,0.0786948117050579,negative,59,279,24
B_RIDGE,final_training_fit,3,85,example,textual,coefficient,0.07865710089379913,0.07865710089379913,positive,60,36,267
B_RIDGE,final_training_fit,3,198,point,textual,coefficient,0.07771971503732308,0.07771971503732308,positive,61,37,266
B_RIDGE,final_training_fit,3,68,doing,textual,coefficient,-0.07750525469091622,0.07750525469091622,negative,62,278,25
B_RIDGE,final_training_fit,3,62,disorder,textual,coefficient,0.07728261157629983,0.07728261157629983,positive,63,38,265
B_RIDGE,final_training_fit,3,100,food,textual,coefficient,0.07627807132532304,0.07627807132532304,positive,64,39,264
B_RIDGE,final_training_fit,3,67,doesn,textual,coefficient,0.07558048640467718,0.07558048640467718,positive,65,40,263
B_RIDGE,final_training_fit,3,139,kid,textual,coefficient,-0.07526733166149373,0.07526733166149373,negative,66,277,26
B_RIDGE,final_training_fit,3,277,uh,textual,coefficient,0.07271181649806405,0.07271181649806405,positive,67,41,262
B_RIDGE,final_training_fit,3,273,try,textual,coefficient,-0.07216628791034749,0.07216628791034749,negative,68,276,27
B_RIDGE,final_training_fit,3,17,adults,textual,coefficient,-0.07181686712242373,0.07181686712242373,negative,69,275,28
B_RIDGE,final_training_fit,3,296,yeah,textual,coefficient,-0.07117607226773638,0.07117607226773638,negative,70,274,29
B_RIDGE,final_training_fit,3,106,going,textual,coefficient,-0.07071691631492712,0.07071691631492712,negative,71,273,30
B_RIDGE,final_training_fit,3,116,help,textual,coefficient,0.06886434639096997,0.06886434639096997,positive,72,42,261
B_RIDGE,final_training_fit,3,59,different,textual,coefficient,-0.06800843555874715,0.06800843555874715,negative,73,272,31
B_RIDGE,final_training_fit,3,32,bit,textual,coefficient,0.06770497468038895,0.06770497468038895,positive,74,43,260
B_RIDGE,final_training_fit,3,144,late,textual,coefficient,0.06697918440610223,0.06697918440610223,positive,75,44,259
B_RIDGE,final_training_fit,3,49,criteria,textual,coefficient,-0.06684456584662632,0.06684456584662632,negative,76,271,32
B_RIDGE,final_training_fit,3,192,pay attention,textual,coefficient,-0.06636905567743545,0.06636905567743545,negative,77,270,33
B_RIDGE,final_training_fit,3,294,world,textual,coefficient,0.06528761252599853,0.06528761252599853,positive,78,45,258
B_RIDGE,final_training_fit,3,47,constantly,textual,coefficient,0.06295890366016713,0.06295890366016713,positive,79,46,257
B_RIDGE,final_training_fit,3,199,poor,textual,coefficient,-0.06262496463484561,0.06262496463484561,negative,80,269,34
B_RIDGE,final_training_fit,3,137,just,textual,coefficient,0.06254505942254425,0.06254505942254425,positive,81,47,256
B_RIDGE,final_training_fit,3,22,attention,textual,coefficient,-0.062186137147887795,0.062186137147887795,negative,82,268,35
B_RIDGE,final_training_fit,3,48,control,textual,coefficient,0.06206777964338536,0.06206777964338536,positive,83,48,255
B_RIDGE,final_training_fit,3,72,drugs,textual,coefficient,0.06085311424635842,0.06085311424635842,positive,84,49,254
B_RIDGE,final_training_fit,3,3,actually,textual,coefficient,-0.06076270235150799,0.06076270235150799,negative,85,267,36
B_RIDGE,final_training_fit,3,30,better,textual,coefficient,0.06041385317781595,0.06041385317781595,positive,86,50,253
B_RIDGE,final_training_fit,3,237,stimulant,textual,coefficient,-0.05975367714816253,0.05975367714816253,negative,87,266,37
B_RIDGE,final_training_fit,3,45,common,textual,coefficient,-0.059306052501345775,0.059306052501345775,negative,88,265,38
B_RIDGE,final_training_fit,3,250,symptoms,textual,coefficient,-0.05917404558253977,0.05917404558253977,negative,89,264,39
B_RIDGE,final_training_fit,3,73,dysfunction,textual,coefficient,-0.05850506813475321,0.05850506813475321,negative,90,263,40
B_RIDGE,final_training_fit,3,196,phone,textual,coefficient,-0.057957682028958936,0.057957682028958936,negative,91,262,41
B_RIDGE,final_training_fit,3,231,signs adhd,textual,coefficient,-0.05752225055850072,0.05752225055850072,negative,92,261,42
B_RIDGE,final_training_fit,3,6,adhd adhd,textual,coefficient,-0.05527723581855154,0.05527723581855154,negative,93,260,43
B_RIDGE,final_training_fit,3,23,audhd,textual,coefficient,0.0550253527338159,0.0550253527338159,positive,94,51,252
B_RIDGE,final_training_fit,3,269,treated,textual,coefficient,-0.05488843509231858,0.05488843509231858,negative,95,259,44
B_RIDGE,final_training_fit,3,179,natural,textual,coefficient,0.05454475159315956,0.05454475159315956,positive,96,52,251
B_RIDGE,final_training_fit,3,52,depression,textual,coefficient,0.054064350789475885,0.054064350789475885,positive,97,53,250
B_RIDGE,final_training_fit,3,56,did,textual,coefficient,0.05382641079541327,0.05382641079541327,positive,98,54,249
B_RIDGE,final_training_fit,3,143,lack,textual,coefficient,-0.05370505125237606,0.05370505125237606,negative,99,258,45
B_RIDGE,final_training_fit,3,24,autism,textual,coefficient,-0.05357929726543385,0.05357929726543385,negative,100,257,46
B_RIDGE,final_training_fit,3,256,tasks,textual,coefficient,-0.053320492514071484,0.053320492514071484,negative,101,256,47
B_RIDGE,final_training_fit,3,158,lots,textual,coefficient,0.05329021148698801,0.05329021148698801,positive,102,55,248
B_RIDGE,final_training_fit,3,88,experience,textual,coefficient,0.05238871627502791,0.05238871627502791,positive,103,56,247
B_RIDGE,final_training_fit,3,200,potential,textual,coefficient,-0.05223150210424507,0.05223150210424507,negative,104,255,48
B_RIDGE,final_training_fit,3,54,diagnosis,textual,coefficient,-0.052213801566829136,0.052213801566829136,negative,105,254,49
B_RIDGE,final_training_fit,3,220,seen,textual,coefficient,-0.05212778366140509,0.05212778366140509,negative,106,253,50
B_RIDGE,final_training_fit,3,43,come,textual,coefficient,0.051891548271490284,0.051891548271490284,positive,107,57,246
B_RIDGE,final_training_fit,3,127,impulsive,textual,coefficient,-0.05183471094320914,0.05183471094320914,negative,108,252,51
B_RIDGE,final_training_fit,3,11,adhd medication,textual,coefficient,-0.051541717325416396,0.051541717325416396,negative,109,251,52
B_RIDGE,final_training_fit,3,292,work,textual,coefficient,0.05142975347334993,0.05142975347334993,positive,110,58,245
B_RIDGE,final_training_fit,3,263,things like,textual,coefficient,-0.05130453495230638,0.05130453495230638,negative,111,250,53
B_RIDGE,final_training_fit,3,188,overwhelmed,textual,coefficient,0.05100896785619499,0.05100896785619499,positive,112,59,244
B_RIDGE,final_training_fit,3,157,lot,textual,coefficient,-0.05018875459691744,0.05018875459691744,negative,113,249,54
B_RIDGE,final_training_fit,3,83,especially,textual,coefficient,-0.04964632466468873,0.04964632466468873,negative,114,248,55
B_RIDGE,final_training_fit,3,129,inattention,textual,coefficient,-0.04929979005768665,0.04929979005768665,negative,115,247,56
B_RIDGE,final_training_fit,3,60,differently,textual,coefficient,-0.049069882227259415,0.049069882227259415,negative,116,246,57
B_RIDGE,final_training_fit,3,236,start,textual,coefficient,-0.048098331009163754,0.048098331009163754,negative,117,245,58
B_RIDGE,final_training_fit,3,257,tell,textual,coefficient,0.04769468659025628,0.04769468659025628,positive,118,60,243
B_RIDGE,final_training_fit,3,133,instead,textual,coefficient,-0.046883379127792425,0.046883379127792425,negative,119,244,59
B_RIDGE,final_training_fit,3,98,focus,textual,coefficient,-0.04627397500196498,0.04627397500196498,negative,120,243,60
B_RIDGE,final_training_fit,3,171,medications,textual,coefficient,-0.0462513459180527,0.0462513459180527,negative,121,242,61
B_RIDGE,final_training_fit,3,128,impulsivity,textual,coefficient,-0.04593507639331951,0.04593507639331951,negative,122,241,62
B_RIDGE,final_training_fit,3,266,time,textual,coefficient,-0.04543751030829845,0.04543751030829845,negative,123,240,63
B_RIDGE,final_training_fit,3,58,difference,textual,coefficient,0.04535910118414106,0.04535910118414106,positive,124,61,242
B_RIDGE,final_training_fit,3,34,brain,textual,coefficient,0.04529043550855048,0.04529043550855048,positive,125,62,241
B_RIDGE,final_training_fit,3,191,pay,textual,coefficient,-0.045276988162385574,0.045276988162385574,negative,126,239,64
B_RIDGE,final_training_fit,3,63,disorders,textual,coefficient,0.04520006924080256,0.04520006924080256,positive,127,63,240
B_RIDGE,final_training_fit,3,280,understand,textual,coefficient,-0.04419803186170705,0.04419803186170705,negative,128,238,65
B_RIDGE,final_training_fit,3,61,difficulty,textual,coefficient,-0.043292582461869525,0.043292582461869525,negative,129,237,66
B_RIDGE,final_training_fit,3,279,unable,textual,coefficient,-0.043240134000913005,0.043240134000913005,negative,130,236,67
B_RIDGE,final_training_fit,3,118,helps,textual,coefficient,0.042971080908134465,0.042971080908134465,positive,131,64,239
B_RIDGE,final_training_fit,3,204,problems,textual,coefficient,-0.042941211614160486,0.042941211614160486,negative,132,235,68
B_RIDGE,final_training_fit,3,46,condition,textual,coefficient,-0.042771934063617865,0.042771934063617865,negative,133,234,69
B_RIDGE,final_training_fit,3,124,impact,textual,coefficient,-0.042563627963528,0.042563627963528,negative,134,233,70
B_RIDGE,final_training_fit,3,79,emotional,textual,coefficient,-0.04213721583389576,0.04213721583389576,negative,135,232,71
B_RIDGE,final_training_fit,3,300,certainty_score,handcrafted_linguistic,coefficient,-0.04093508503797095,0.04093508503797095,negative,136,231,72
B_RIDGE,final_training_fit,3,41,children,textual,coefficient,-0.040661100338958804,0.040661100338958804,negative,137,230,73
B_RIDGE,final_training_fit,3,207,quickly,textual,coefficient,-0.040622327461429526,0.040622327461429526,negative,138,229,74
B_RIDGE,final_training_fit,3,96,feel like,textual,coefficient,0.040000530137689005,0.040000530137689005,positive,139,65,238
B_RIDGE,final_training_fit,3,246,stuff,textual,coefficient,0.038870471538328566,0.038870471538328566,positive,140,66,237
B_RIDGE,final_training_fit,3,104,function,textual,coefficient,-0.038815813705360976,0.038815813705360976,negative,141,228,75
B_RIDGE,final_training_fit,3,205,protein,textual,coefficient,0.03809825680979337,0.03809825680979337,positive,142,67,236
B_RIDGE,final_training_fit,3,289,way,textual,coefficient,-0.037454714885385265,0.037454714885385265,negative,143,227,76
B_RIDGE,final_training_fit,3,64,distracted,textual,coefficient,0.036540458124835966,0.036540458124835966,positive,144,68,235
B_RIDGE,final_training_fit,3,53,diagnosed,textual,coefficient,0.03574128002535072,0.03574128002535072,positive,145,69,234
B_RIDGE,final_training_fit,3,262,things,textual,coefficient,-0.03549419314269818,0.03549419314269818,negative,146,226,77
B_RIDGE,final_training_fit,3,33,body,textual,coefficient,0.035168573732054224,0.035168573732054224,positive,147,70,233
B_RIDGE,final_training_fit,3,193,people,textual,coefficient,-0.03498317096772884,0.03498317096772884,negative,148,225,78
B_RIDGE,final_training_fit,3,149,like,textual,coefficient,-0.03493873237274293,0.03493873237274293,negative,149,224,79
B_RIDGE,final_training_fit,3,186,okay,textual,coefficient,0.034186698183759495,0.034186698183759495,positive,150,71,232
B_RIDGE,final_training_fit,3,271,treatment,textual,coefficient,-0.0340240762409147,0.0340240762409147,negative,151,223,80
B_RIDGE,final_training_fit,3,180,need,textual,coefficient,0.03350498933818372,0.03350498933818372,positive,152,72,231
B_RIDGE,final_training_fit,3,174,mind,textual,coefficient,0.033503100815030024,0.033503100815030024,positive,153,73,230
B_RIDGE,final_training_fit,3,14,adhd symptoms,textual,coefficient,-0.03317475492543527,0.03317475492543527,negative,154,222,81
B_RIDGE,final_training_fit,3,27,behavior,textual,coefficient,-0.03253375018537362,0.03253375018537362,negative,155,221,82
B_RIDGE,final_training_fit,3,183,non,textual,coefficient,-0.032490103284948994,0.032490103284948994,negative,156,220,83
B_RIDGE,final_training_fit,3,132,information,textual,coefficient,0.03239891041694367,0.03239891041694367,positive,157,74,229
B_RIDGE,final_training_fit,3,215,right,textual,coefficient,-0.03237528581035539,0.03237528581035539,negative,158,219,84
B_RIDGE,final_training_fit,3,232,sit,textual,coefficient,-0.03235987636584285,0.03235987636584285,negative,159,218,85
B_RIDGE,final_training_fit,3,99,follow,textual,coefficient,-0.03235506968156572,0.03235506968156572,negative,160,217,86
B_RIDGE,final_training_fit,3,126,improve,textual,coefficient,-0.03225992358479062,0.03225992358479062,negative,161,216,87
B_RIDGE,final_training_fit,3,240,strategies,textual,coefficient,0.03192791255789522,0.03192791255789522,positive,162,75,228
B_RIDGE,final_training_fit,3,8,adhd brain,textual,coefficient,-0.03128888761636876,0.03128888761636876,negative,163,215,88
B_RIDGE,final_training_fit,3,267,times,textual,coefficient,-0.031210997551055743,0.031210997551055743,negative,164,214,89
B_RIDGE,final_training_fit,3,163,makes,textual,coefficient,0.03104878192127766,0.03104878192127766,positive,165,76,227
B_RIDGE,final_training_fit,3,173,mental,textual,coefficient,-0.030959159389917095,0.030959159389917095,negative,166,213,90
B_RIDGE,final_training_fit,3,81,end,textual,coefficient,-0.030788324861712124,0.030788324861712124,negative,167,212,91
B_RIDGE,final_training_fit,3,130,inattentive,textual,coefficient,0.03074940844867896,0.03074940844867896,positive,168,77,226
B_RIDGE,final_training_fit,3,42,college,textual,coefficient,0.030121900566551372,0.030121900566551372,positive,169,78,225
B_RIDGE,final_training_fit,3,51,deficit,textual,coefficient,0.03000242490631298,0.03000242490631298,positive,170,79,224
B_RIDGE,final_training_fit,3,77,eating,textual,coefficient,-0.029825760465535162,0.029825760465535162,negative,171,211,92
B_RIDGE,final_training_fit,3,172,meds,textual,coefficient,0.0296792430211497,0.0296792430211497,positive,172,80,223
B_RIDGE,final_training_fit,3,10,adhd just,textual,coefficient,0.029584302699220622,0.029584302699220622,positive,173,81,222
B_RIDGE,final_training_fit,3,214,remember,textual,coefficient,0.029543105659769017,0.029543105659769017,positive,174,82,221
B_RIDGE,final_training_fit,3,65,doctor,textual,coefficient,0.02907585353235573,0.02907585353235573,positive,175,83,220
B_RIDGE,final_training_fit,3,264,think,textual,coefficient,-0.02887832043775289,0.02887832043775289,negative,176,210,93
B_RIDGE,final_training_fit,3,177,moving,textual,coefficient,0.028824934599743432,0.028824934599743432,positive,177,84,219
B_RIDGE,final_training_fit,3,25,autistic,textual,coefficient,-0.02836118092714176,0.02836118092714176,negative,178,209,94
B_RIDGE,final_training_fit,3,184,number,textual,coefficient,0.028205272464500986,0.028205272464500986,positive,179,85,218
B_RIDGE,final_training_fit,3,9,adhd diagnosis,textual,coefficient,-0.027586106379856628,0.027586106379856628,negative,180,208,95
B_RIDGE,final_training_fit,3,252,taking,textual,coefficient,0.027075442124680747,0.027075442124680747,positive,181,86,217
B_RIDGE,final_training_fit,3,225,sensory,textual,coefficient,-0.026908429501960703,0.026908429501960703,negative,182,207,96
B_RIDGE,final_training_fit,3,28,behaviors,textual,coefficient,-0.02689391470711969,0.02689391470711969,negative,183,206,97
B_RIDGE,final_training_fit,3,254,talking,textual,coefficient,-0.026820828463359314,0.026820828463359314,negative,184,205,98
B_RIDGE,final_training_fit,3,201,present,textual,coefficient,-0.026751150313342253,0.026751150313342253,negative,185,204,99
B_RIDGE,final_training_fit,3,16,adult,textual,coefficient,-0.026097133077614996,0.026097133077614996,negative,186,203,100
B_RIDGE,final_training_fit,3,229,sign,textual,coefficient,-0.025812564183794535,0.025812564183794535,negative,187,202,101
B_RIDGE,final_training_fit,3,135,isn,textual,coefficient,-0.025658697111522275,0.025658697111522275,negative,188,201,102
B_RIDGE,final_training_fit,3,290,ways,textual,coefficient,0.02564217001876639,0.02564217001876639,positive,189,87,216
B_RIDGE,final_training_fit,3,95,feel,textual,coefficient,-0.024842329491303702,0.024842329491303702,negative,190,200,103
B_RIDGE,final_training_fit,3,39,challenges,textual,coefficient,0.024652356235587425,0.024652356235587425,positive,191,88,215
B_RIDGE,final_training_fit,3,75,easily,textual,coefficient,-0.024340045461330204,0.024340045461330204,negative,192,199,104
B_RIDGE,final_training_fit,3,109,great,textual,coefficient,-0.024165522167674373,0.024165522167674373,negative,193,198,105
B_RIDGE,final_training_fit,3,12,adhd real,textual,coefficient,0.024083699032245772,0.024083699032245772,positive,194,89,214
B_RIDGE,final_training_fit,3,4,add,textual,coefficient,-0.023924458204950063,0.023924458204950063,negative,195,197,106
B_RIDGE,final_training_fit,3,208,real,textual,coefficient,0.023058310766878858,0.023058310766878858,positive,196,90,213
B_RIDGE,final_training_fit,3,274,trying,textual,coefficient,0.02267648095114328,0.02267648095114328,positive,197,91,212
B_RIDGE,final_training_fit,3,71,dr,textual,coefficient,-0.022561915656931532,0.022561915656931532,negative,198,196,107
B_RIDGE,final_training_fit,3,243,struggles,textual,coefficient,0.02215371114854815,0.02215371114854815,positive,199,92,211
B_RIDGE,final_training_fit,3,142,know,textual,coefficient,-0.02191818237514871,0.02191818237514871,negative,200,195,108
B_RIDGE,final_training_fit,3,164,making,textual,coefficient,-0.021915771922579187,0.021915771922579187,negative,201,194,109
B_RIDGE,final_training_fit,3,169,means,textual,coefficient,-0.02166185921102068,0.02166185921102068,negative,202,193,110
B_RIDGE,final_training_fit,3,166,management,textual,coefficient,-0.021590540759248107,0.021590540759248107,negative,203,192,111
B_RIDGE,final_training_fit,3,92,explained,textual,coefficient,-0.02141966962455766,0.02141966962455766,negative,204,191,112
B_RIDGE,final_training_fit,3,93,fact,textual,coefficient,-0.021213921926953087,0.021213921926953087,negative,205,190,113
B_RIDGE,final_training_fit,3,185,oh,textual,coefficient,-0.021150413343272906,0.021150413343272906,negative,206,189,114
B_RIDGE,final_training_fit,3,260,therapy,textual,coefficient,-0.021045013387002556,0.021045013387002556,negative,207,188,115
B_RIDGE,final_training_fit,3,115,hear,textual,coefficient,-0.02096252311179641,0.02096252311179641,negative,208,187,116
B_RIDGE,final_training_fit,3,94,family,textual,coefficient,0.020772057193415135,0.020772057193415135,positive,209,93,210
B_RIDGE,final_training_fit,3,283,using,textual,coefficient,0.020766490547555007,0.020766490547555007,positive,210,94,209
B_RIDGE,final_training_fit,3,162,make sure,textual,coefficient,-0.019595659809683728,0.019595659809683728,negative,211,186,117
B_RIDGE,final_training_fit,3,233,sleep,textual,coefficient,0.019209613440417585,0.019209613440417585,positive,212,95,208
B_RIDGE,final_training_fit,3,19,answer,textual,coefficient,0.0191114321833683,0.0191114321833683,positive,213,96,207
B_RIDGE,final_training_fit,3,91,explain,textual,coefficient,0.019057521668348277,0.019057521668348277,positive,214,97,206
B_RIDGE,final_training_fit,3,86,executive,textual,coefficient,-0.019052241751984392,0.019052241751984392,negative,215,185,118
B_RIDGE,final_training_fit,3,131,increase,textual,coefficient,-0.018611950972361003,0.018611950972361003,negative,216,184,119
B_RIDGE,final_training_fit,3,122,hyperactive,textual,coefficient,0.01856667463674732,0.01856667463674732,positive,217,98,205
B_RIDGE,final_training_fit,3,103,friend,textual,coefficient,-0.018432637337451926,0.018432637337451926,negative,218,183,120
B_RIDGE,final_training_fit,3,97,feeling,textual,coefficient,-0.018376049853769807,0.018376049853769807,negative,219,182,121
B_RIDGE,final_training_fit,3,40,child,textual,coefficient,-0.0183567837822005,0.0183567837822005,negative,220,181,122
B_RIDGE,final_training_fit,3,275,turn,textual,coefficient,-0.018003228923492338,0.018003228923492338,negative,221,180,123
B_RIDGE,final_training_fit,3,18,affects,textual,coefficient,-0.017849227296193863,0.017849227296193863,negative,222,179,124
B_RIDGE,final_training_fit,3,223,sensitive,textual,coefficient,0.01773320214928111,0.01773320214928111,positive,223,99,204
B_RIDGE,final_training_fit,3,108,got,textual,coefficient,-0.017691863946810563,0.017691863946810563,negative,224,178,125
B_RIDGE,final_training_fit,3,217,saying,textual,coefficient,0.017457488538221065,0.017457488538221065,positive,225,100,203
B_RIDGE,final_training_fit,3,113,having,textual,coefficient,-0.016838395557866207,0.016838395557866207,negative,226,177,126
B_RIDGE,final_training_fit,3,114,health,textual,coefficient,0.016547247699094846,0.016547247699094846,positive,227,101,202
B_RIDGE,final_training_fit,3,159,love,textual,coefficient,0.016524067794290716,0.016524067794290716,positive,228,102,201
B_RIDGE,final_training_fit,3,119,high,textual,coefficient,0.016504869525976722,0.016504869525976722,positive,229,103,200
B_RIDGE,final_training_fit,3,37,care,textual,coefficient,-0.016484531431398067,0.016484531431398067,negative,230,176,127
B_RIDGE,final_training_fit,3,121,home,textual,coefficient,-0.016233179837126615,0.016233179837126615,negative,231,175,128
B_RIDGE,final_training_fit,3,165,manage,textual,coefficient,-0.015969099593055786,0.015969099593055786,negative,232,174,129
B_RIDGE,final_training_fit,3,66,does,textual,coefficient,0.015859179053305104,0.015859179053305104,positive,233,104,199
B_RIDGE,final_training_fit,3,288,want,textual,coefficient,-0.01463499033928347,0.01463499033928347,negative,234,173,130
B_RIDGE,final_training_fit,3,253,talk,textual,coefficient,-0.014061282011672976,0.014061282011672976,negative,235,172,131
B_RIDGE,final_training_fit,3,221,self,textual,coefficient,-0.01394911864729598,0.01394911864729598,negative,236,171,132
B_RIDGE,final_training_fit,3,210,recommend,textual,coefficient,-0.013664452989574152,0.013664452989574152,negative,237,170,133
B_RIDGE,final_training_fit,3,168,mean,textual,coefficient,-0.013662323261314153,0.013662323261314153,negative,238,169,134
B_RIDGE,final_training_fit,3,209,really,textual,coefficient,-0.013477192063644419,0.013477192063644419,negative,239,168,135
B_RIDGE,final_training_fit,3,140,kids,textual,coefficient,-0.013309199778070534,0.013309199778070534,negative,240,167,136
B_RIDGE,final_training_fit,3,134,intense,textual,coefficient,0.01319879306491814,0.01319879306491814,positive,241,105,198
B_RIDGE,final_training_fit,3,211,regulation,textual,coefficient,-0.012854876567905476,0.012854876567905476,negative,242,166,137
B_RIDGE,final_training_fit,3,161,make,textual,coefficient,0.012431409175319277,0.012431409175319277,positive,243,106,197
B_RIDGE,final_training_fit,3,138,key,textual,coefficient,0.012424448274568598,0.012424448274568598,positive,244,107,196
B_RIDGE,final_training_fit,3,145,lead,textual,coefficient,0.012371578872295964,0.012371578872295964,positive,245,108,195
B_RIDGE,final_training_fit,3,248,support,textual,coefficient,-0.012161567884124487,0.012161567884124487,negative,246,165,138
B_RIDGE,final_training_fit,3,150,likely,textual,coefficient,0.01159003103010232,0.01159003103010232,positive,247,109,194
B_RIDGE,final_training_fit,3,141,kind,textual,coefficient,-0.011566715256890221,0.011566715256890221,negative,248,164,139
B_RIDGE,final_training_fit,3,123,hyperactivity,textual,coefficient,-0.011529268795687301,0.011529268795687301,negative,249,163,140
B_RIDGE,final_training_fit,3,38,certain,textual,coefficient,0.010902820896722742,0.010902820896722742,positive,250,110,193
B_RIDGE,final_training_fit,3,235,social,textual,coefficient,0.010636602792211857,0.010636602792211857,positive,251,111,192
B_RIDGE,final_training_fit,3,156,looking,textual,coefficient,-0.010501202398113498,0.010501202398113498,negative,252,162,141
B_RIDGE,final_training_fit,3,146,let,textual,coefficient,0.010369997676643991,0.010369997676643991,positive,253,112,191
B_RIDGE,final_training_fit,3,55,diagnostic,textual,coefficient,-0.01008240226646993,0.01008240226646993,negative,254,161,142
B_RIDGE,final_training_fit,3,194,people adhd,textual,coefficient,-0.00987916093082785,0.00987916093082785,negative,255,160,143
B_RIDGE,final_training_fit,3,287,wait,textual,coefficient,0.00977621468967189,0.00977621468967189,positive,256,113,190
B_RIDGE,final_training_fit,3,1,able,textual,coefficient,0.009571329257382551,0.009571329257382551,positive,257,114,189
B_RIDGE,final_training_fit,3,284,usually,textual,coefficient,0.009018101151027068,0.009018101151027068,positive,258,115,188
B_RIDGE,final_training_fit,3,190,patients,textual,coefficient,-0.008783842268565852,0.008783842268565852,negative,259,159,144
B_RIDGE,final_training_fit,3,74,early,textual,coefficient,0.008556326719932644,0.008556326719932644,positive,260,116,187
B_RIDGE,final_training_fit,3,155,look,textual,coefficient,-0.00846632896082837,0.00846632896082837,negative,261,158,145
B_RIDGE,final_training_fit,3,242,struggle,textual,coefficient,-0.00819267189608325,0.00819267189608325,negative,262,157,146
B_RIDGE,final_training_fit,3,234,small,textual,coefficient,-0.00816109443521018,0.00816109443521018,negative,263,156,147
B_RIDGE,final_training_fit,3,136,issues,textual,coefficient,0.007943803430727685,0.007943803430727685,positive,264,117,186
B_RIDGE,final_training_fit,3,80,emotions,textual,coefficient,-0.007840045635045688,0.007840045635045688,negative,265,155,148
B_RIDGE,final_training_fit,3,90,experts answer,textual,coefficient,0.0072601813062616915,0.0072601813062616915,positive,266,118,185
B_RIDGE,final_training_fit,3,112,harder,textual,coefficient,-0.006762328582239066,0.006762328582239066,negative,267,154,149
B_RIDGE,final_training_fit,3,13,adhd sep,textual,coefficient,0.006727981509932722,0.006727981509932722,positive,268,119,184
B_RIDGE,final_training_fit,3,107,good,textual,coefficient,-0.006404985927843462,0.006404985927843462,negative,269,153,150
B_RIDGE,final_training_fit,3,29,best,textual,coefficient,-0.0063166775830562,0.0063166775830562,negative,270,152,151
B_RIDGE,final_training_fit,3,44,comes,textual,coefficient,-0.0062629902423905716,0.0062629902423905716,negative,271,151,152
B_RIDGE,final_training_fit,3,151,little,textual,coefficient,-0.00612207436948656,0.00612207436948656,negative,272,150,153
B_RIDGE,final_training_fit,3,84,everybody,textual,coefficient,-0.005972898597605408,0.005972898597605408,negative,273,149,154
B_RIDGE,final_training_fit,3,148,life,textual,coefficient,-0.005210098061536281,0.005210098061536281,negative,274,148,155
B_RIDGE,final_training_fit,3,216,say,textual,coefficient,-0.004887640336194483,0.004887640336194483,negative,275,147,156
B_RIDGE,final_training_fit,3,189,parents,textual,coefficient,-0.00463472758554658,0.00463472758554658,negative,276,146,157
B_RIDGE,final_training_fit,3,241,structure,textual,coefficient,-0.004175656590013035,0.004175656590013035,negative,277,145,158
B_RIDGE,final_training_fit,3,2,activity,textual,coefficient,-0.003916462711305692,0.003916462711305692,negative,278,144,159
B_RIDGE,final_training_fit,3,26,bad,textual,coefficient,-0.003818395236837491,0.003818395236837491,negative,279,143,160
B_RIDGE,final_training_fit,3,76,eat,textual,coefficient,-0.0037731816776001015,0.0037731816776001015,negative,280,142,161
B_RIDGE,final_training_fit,3,251,symptoms adhd,textual,coefficient,-0.003700421387070067,0.003700421387070067,negative,281,141,162
B_RIDGE,final_training_fit,3,228,shorts,textual,coefficient,0.003663399626177168,0.003663399626177168,positive,282,120,183
B_RIDGE,final_training_fit,3,238,stimulants,textual,coefficient,0.00326111914381551,0.00326111914381551,positive,283,121,182
B_RIDGE,final_training_fit,3,0,10,textual,coefficient,0.0031294263950442866,0.0031294263950442866,positive,284,122,181
B_RIDGE,final_training_fit,3,20,answer sep,textual,coefficient,0.0030263649980643874,0.0030263649980643874,positive,285,123,180
B_RIDGE,final_training_fit,3,218,school,textual,coefficient,-0.002655582701256696,0.002655582701256696,negative,286,140,163
B_RIDGE,final_training_fit,3,222,sense,textual,coefficient,-0.002423298427559562,0.002423298427559562,negative,287,139,164
B_RIDGE,final_training_fit,3,265,thinking,textual,coefficient,-0.0024110066041046208,0.0024110066041046208,negative,288,138,165
B_RIDGE,final_training_fit,3,297,years,textual,coefficient,-0.0020053963751368456,0.0020053963751368456,negative,289,137,166
B_RIDGE,final_training_fit,3,89,experts,textual,coefficient,-0.0019275248847304815,0.0019275248847304815,negative,290,136,167
B_RIDGE,final_training_fit,3,281,understanding,textual,coefficient,0.0018624798559281315,0.0018624798559281315,positive,291,124,179
B_RIDGE,final_training_fit,3,270,treating,textual,coefficient,0.0018135899766311926,0.0018135899766311926,positive,292,125,178
B_RIDGE,final_training_fit,3,226,sep,textual,coefficient,0.0017781104572267429,0.0017781104572267429,positive,293,126,177
B_RIDGE,final_training_fit,3,255,task,textual,coefficient,0.0016852462191985723,0.0016852462191985723,positive,294,127,176
B_RIDGE,final_training_fit,3,249,sure,textual,coefficient,0.0013895261234344015,0.0013895261234344015,positive,295,128,175
B_RIDGE,final_training_fit,3,35,brains,textual,coefficient,0.0013798995756176913,0.0013798995756176913,positive,296,129,174
B_RIDGE,final_training_fit,3,152,little bit,textual,coefficient,-0.0012950467697499227,0.0012950467697499227,negative,297,135,168
B_RIDGE,final_training_fit,3,244,struggling,textual,coefficient,-0.0006952396241868902,0.0006952396241868902,negative,298,134,169
B_RIDGE,final_training_fit,3,31,big,textual,coefficient,-0.0002888117530739169,0.0002888117530739169,negative,299,133,170
B_RIDGE,final_training_fit,3,187,options,textual,coefficient,-0.00025135225370055345,0.00025135225370055345,negative,300,132,171
B_RIDGE,final_training_fit,3,227,sep adhd,textual,coefficient,-0.00017987716119420604,0.00017987716119420604,negative,301,131,172
B_RIDGE,final_training_fit,3,167,maybe,textual,coefficient,-0.00015108545892409393,0.00015108545892409393,negative,302,130,173
B_RIDGE,final_training_fit,4,82,energy,textual,coefficient,0.3041927226547765,0.3041927226547765,positive,1,1,302
B_RIDGE,final_training_fit,4,295,wrong,textual,coefficient,0.2824475463333762,0.2824475463333762,positive,2,2,301
B_RIDGE,final_training_fit,4,239,stop,textual,coefficient,0.2815606096286182,0.2815606096286182,positive,3,3,300
B_RIDGE,final_training_fit,4,69,don,textual,coefficient,0.2393026707121744,0.2393026707121744,positive,4,4,299
B_RIDGE,final_training_fit,4,285,ve,textual,coefficient,0.232707789455478,0.232707789455478,positive,5,5,298
B_RIDGE,final_training_fit,4,170,medication,textual,coefficient,-0.2220228545783626,0.2220228545783626,negative,6,302,1
B_RIDGE,final_training_fit,4,191,pay,textual,coefficient,0.20455955420816982,0.20455955420816982,positive,7,6,297
B_RIDGE,final_training_fit,4,95,feel,textual,coefficient,0.20301869206396286,0.20301869206396286,positive,8,7,296
B_RIDGE,final_training_fit,4,4,add,textual,coefficient,0.2015912003473024,0.2015912003473024,positive,9,8,295
B_RIDGE,final_training_fit,4,26,bad,textual,coefficient,0.19747639860650912,0.19747639860650912,positive,10,9,294
B_RIDGE,final_training_fit,4,262,things,textual,coefficient,0.19071086487347647,0.19071086487347647,positive,11,10,293
B_RIDGE,final_training_fit,4,197,physical,textual,coefficient,0.18745846470196575,0.18745846470196575,positive,12,11,292
B_RIDGE,final_training_fit,4,250,symptoms,textual,coefficient,-0.18541028272742377,0.18541028272742377,negative,13,301,2
B_RIDGE,final_training_fit,4,98,focus,textual,coefficient,-0.1847791326092193,0.1847791326092193,negative,14,300,3
B_RIDGE,final_training_fit,4,192,pay attention,textual,coefficient,0.18321181873151865,0.18321181873151865,positive,15,12,291
B_RIDGE,final_training_fit,4,206,psychiatrist,textual,coefficient,0.18175066110215546,0.18175066110215546,positive,16,13,290
B_RIDGE,final_training_fit,4,70,dopamine,textual,coefficient,0.17591974671784835,0.17591974671784835,positive,17,14,289
B_RIDGE,final_training_fit,4,300,certainty_score,handcrafted_linguistic,coefficient,0.16781861933262815,0.16781861933262815,positive,18,15,288
B_RIDGE,final_training_fit,4,277,uh,textual,coefficient,-0.16724013657086967,0.16724013657086967,negative,19,299,4
B_RIDGE,final_training_fit,4,276,type,textual,coefficient,0.16009264325003275,0.16009264325003275,positive,20,16,287
B_RIDGE,final_training_fit,4,242,struggle,textual,coefficient,0.15455797638529362,0.15455797638529362,positive,21,17,286
B_RIDGE,final_training_fit,4,13,adhd sep,textual,coefficient,0.145802706377092,0.145802706377092,positive,22,18,285
B_RIDGE,final_training_fit,4,137,just,textual,coefficient,-0.14409675881614542,0.14409675881614542,negative,23,298,5
B_RIDGE,final_training_fit,4,176,motivation,textual,coefficient,0.14357680622607563,0.14357680622607563,positive,24,19,284
B_RIDGE,final_training_fit,4,54,diagnosis,textual,coefficient,-0.14308992311435298,0.14308992311435298,negative,25,297,6
B_RIDGE,final_training_fit,4,87,exercise,textual,coefficient,0.14293731708280988,0.14293731708280988,positive,26,20,283
B_RIDGE,final_training_fit,4,103,friend,textual,coefficient,0.14214891971174126,0.14214891971174126,positive,27,21,282
B_RIDGE,final_training_fit,4,33,body,textual,coefficient,0.13881325767450667,0.13881325767450667,positive,28,22,281
B_RIDGE,final_training_fit,4,223,sensitive,textual,coefficient,0.13511251265042157,0.13511251265042157,positive,29,23,280
B_RIDGE,final_training_fit,4,34,brain,textual,coefficient,0.12062020240852081,0.12062020240852081,positive,30,24,279
B_RIDGE,final_training_fit,4,120,highly,textual,coefficient,0.1154920578336325,0.1154920578336325,positive,31,25,278
B_RIDGE,final_training_fit,4,249,sure,textual,coefficient,-0.11240904255844497,0.11240904255844497,negative,32,296,7
B_RIDGE,final_training_fit,4,109,great,textual,coefficient,0.11236539662017297,0.11236539662017297,positive,33,26,277
B_RIDGE,final_training_fit,4,125,important,textual,coefficient,-0.10475749293712686,0.10475749293712686,negative,34,295,8
B_RIDGE,final_training_fit,4,141,kind,textual,coefficient,-0.10411492646774209,0.10411492646774209,negative,35,294,9
B_RIDGE,final_training_fit,4,270,treating,textual,coefficient,0.10286803373383885,0.10286803373383885,positive,36,27,276
B_RIDGE,final_training_fit,4,84,everybody,textual,coefficient,0.10228190973050041,0.10228190973050041,positive,37,28,275
B_RIDGE,final_training_fit,4,200,potential,textual,coefficient,0.10061448733139358,0.10061448733139358,positive,38,29,274
B_RIDGE,final_training_fit,4,222,sense,textual,coefficient,0.09998413877384386,0.09998413877384386,positive,39,30,273
B_RIDGE,final_training_fit,4,286,video,textual,coefficient,0.09804098795208094,0.09804098795208094,positive,40,31,272
B_RIDGE,final_training_fit,4,5,adhd,textual,coefficient,-0.0972770654268941,0.0972770654268941,negative,41,293,10
B_RIDGE,final_training_fit,4,14,adhd symptoms,textual,coefficient,-0.09604231122442536,0.09604231122442536,negative,42,292,11
B_RIDGE,final_training_fit,4,245,study,textual,coefficient,-0.09516804792632672,0.09516804792632672,negative,43,291,12
B_RIDGE,final_training_fit,4,247,sugar,textual,coefficient,-0.0947604195581213,0.0947604195581213,negative,44,290,13
B_RIDGE,final_training_fit,4,111,hard,textual,coefficient,-0.0931348109584669,0.0931348109584669,negative,45,289,14
B_RIDGE,final_training_fit,4,65,doctor,textual,coefficient,-0.09078254429081713,0.09078254429081713,negative,46,288,15
B_RIDGE,final_training_fit,4,195,person,textual,coefficient,-0.09006411439226472,0.09006411439226472,negative,47,287,16
B_RIDGE,final_training_fit,4,108,got,textual,coefficient,0.08959253998831238,0.08959253998831238,positive,48,32,271
B_RIDGE,final_training_fit,4,233,sleep,textual,coefficient,-0.08959178178745011,0.08959178178745011,negative,49,286,17
B_RIDGE,final_training_fit,4,257,tell,textual,coefficient,-0.08955842067221818,0.08955842067221818,negative,50,285,18
B_RIDGE,final_training_fit,4,218,school,textual,coefficient,-0.08906603191356449,0.08906603191356449,negative,51,284,19
B_RIDGE,final_training_fit,4,251,symptoms adhd,textual,coefficient,-0.08808201217733826,0.08808201217733826,negative,52,283,20
B_RIDGE,final_training_fit,4,297,years,textual,coefficient,0.08792099422030782,0.08792099422030782,positive,53,33,270
B_RIDGE,final_training_fit,4,268,treat,textual,coefficient,-0.0878689593835362,0.0878689593835362,negative,54,282,21
B_RIDGE,final_training_fit,4,151,little,textual,coefficient,-0.0878673198786332,0.0878673198786332,negative,55,281,22
B_RIDGE,final_training_fit,4,45,common,textual,coefficient,-0.0872612953826702,0.0872612953826702,negative,56,280,23
B_RIDGE,final_training_fit,4,7,adhd autism,textual,coefficient,0.08656005668805969,0.08656005668805969,positive,57,34,269
B_RIDGE,final_training_fit,4,231,signs adhd,textual,coefficient,0.08649348373876913,0.08649348373876913,positive,58,35,268
B_RIDGE,final_training_fit,4,261,thing,textual,coefficient,0.08645857976688975,0.08645857976688975,positive,59,36,267
B_RIDGE,final_training_fit,4,273,try,textual,coefficient,0.08643693614622193,0.08643693614622193,positive,60,37,266
B_RIDGE,final_training_fit,4,116,help,textual,coefficient,0.0861847332177865,0.0861847332177865,positive,61,38,265
B_RIDGE,final_training_fit,4,53,diagnosed,textual,coefficient,-0.08601235223139213,0.08601235223139213,negative,62,279,24
B_RIDGE,final_training_fit,4,288,want,textual,coefficient,0.08592511046222687,0.08592511046222687,positive,63,39,264
B_RIDGE,final_training_fit,4,171,medications,textual,coefficient,-0.08584866576430758,0.08584866576430758,negative,64,278,25
B_RIDGE,final_training_fit,4,0,10,textual,coefficient,0.08402889458239855,0.08402889458239855,positive,65,40,263
B_RIDGE,final_training_fit,4,12,adhd real,textual,coefficient,-0.0839838602552645,0.0839838602552645,negative,66,277,26
B_RIDGE,final_training_fit,4,272,trouble,textual,coefficient,0.08362242144510768,0.08362242144510768,positive,67,41,262
B_RIDGE,final_training_fit,4,215,right,textual,coefficient,0.0830334559474909,0.0830334559474909,positive,68,42,261
B_RIDGE,final_training_fit,4,100,food,textual,coefficient,-0.08292393474243054,0.08292393474243054,negative,69,276,27
B_RIDGE,final_training_fit,4,11,adhd medication,textual,coefficient,-0.08222249545104623,0.08222249545104623,negative,70,275,28
B_RIDGE,final_training_fit,4,136,issues,textual,coefficient,-0.0816339774864583,0.0816339774864583,negative,71,274,29
B_RIDGE,final_training_fit,4,202,probably,textual,coefficient,-0.08092334224044669,0.08092334224044669,negative,72,273,30
B_RIDGE,final_training_fit,4,86,executive,textual,coefficient,-0.0806361702386797,0.0806361702386797,negative,73,272,31
B_RIDGE,final_training_fit,4,153,ll,textual,coefficient,-0.08046385416326382,0.08046385416326382,negative,74,271,32
B_RIDGE,final_training_fit,4,101,foods,textual,coefficient,-0.08015990406685555,0.08015990406685555,negative,75,270,33
B_RIDGE,final_training_fit,4,155,look,textual,coefficient,-0.07991010945876006,0.07991010945876006,negative,76,269,34
B_RIDGE,final_training_fit,4,122,hyperactive,textual,coefficient,-0.07897524845290173,0.07897524845290173,negative,77,268,35
B_RIDGE,final_training_fit,4,161,make,textual,coefficient,-0.07890334960638654,0.07890334960638654,negative,78,267,36
B_RIDGE,final_training_fit,4,88,experience,textual,coefficient,-0.07863274388439659,0.07863274388439659,negative,79,266,37
B_RIDGE,final_training_fit,4,78,effects,textual,coefficient,-0.0785435818246805,0.0785435818246805,negative,80,265,38
B_RIDGE,final_training_fit,4,8,adhd brain,textual,coefficient,0.07824288647765092,0.07824288647765092,positive,81,43,260
B_RIDGE,final_training_fit,4,162,make sure,textual,coefficient,-0.07769338511223482,0.07769338511223482,negative,82,264,39
B_RIDGE,final_training_fit,4,110,happens,textual,coefficient,-0.07726180735616334,0.07726180735616334,negative,83,263,40
B_RIDGE,final_training_fit,4,32,bit,textual,coefficient,-0.07584032941373746,0.07584032941373746,negative,84,262,41
B_RIDGE,final_training_fit,4,271,treatment,textual,coefficient,-0.07564974276242564,0.07564974276242564,negative,85,261,42
B_RIDGE,final_training_fit,4,210,recommend,textual,coefficient,0.07526947212633829,0.07526947212633829,positive,86,44,259
B_RIDGE,final_training_fit,4,256,tasks,textual,coefficient,-0.07460771162317191,0.07460771162317191,negative,87,260,43
B_RIDGE,final_training_fit,4,47,constantly,textual,coefficient,-0.07420249092083793,0.07420249092083793,negative,88,259,44
B_RIDGE,final_training_fit,4,259,term,textual,coefficient,-0.07412840660937828,0.07412840660937828,negative,89,258,45
B_RIDGE,final_training_fit,4,107,good,textual,coefficient,-0.07379843304814208,0.07379843304814208,negative,90,257,46
B_RIDGE,final_training_fit,4,296,yeah,textual,coefficient,0.07315013801826549,0.07315013801826549,positive,91,45,258
B_RIDGE,final_training_fit,4,113,having,textual,coefficient,-0.07285040664684114,0.07285040664684114,negative,92,256,47
B_RIDGE,final_training_fit,4,67,doesn,textual,coefficient,0.07210400865453884,0.07210400865453884,positive,93,46,257
B_RIDGE,final_training_fit,4,48,control,textual,coefficient,-0.07158684335334514,0.07158684335334514,negative,94,255,48
B_RIDGE,final_training_fit,4,130,inattentive,textual,coefficient,-0.0713437173719752,0.0713437173719752,negative,95,254,49
B_RIDGE,final_training_fit,4,147,levels,textual,coefficient,-0.07105187736855367,0.07105187736855367,negative,96,253,50
B_RIDGE,final_training_fit,4,237,stimulant,textual,coefficient,-0.07029296587893338,0.07029296587893338,negative,97,252,51
B_RIDGE,final_training_fit,4,80,emotions,textual,coefficient,-0.07021144021866194,0.07021144021866194,negative,98,251,52
B_RIDGE,final_training_fit,4,154,long,textual,coefficient,-0.07004479312636407,0.07004479312636407,negative,99,250,53
B_RIDGE,final_training_fit,4,85,example,textual,coefficient,-0.06965651488276355,0.06965651488276355,negative,100,249,54
B_RIDGE,final_training_fit,4,123,hyperactivity,textual,coefficient,-0.06945940699345632,0.06945940699345632,negative,101,248,55
B_RIDGE,final_training_fit,4,266,time,textual,coefficient,-0.06903671207112978,0.06903671207112978,negative,102,247,56
B_RIDGE,final_training_fit,4,49,criteria,textual,coefficient,-0.06894570079595658,0.06894570079595658,negative,103,246,57
B_RIDGE,final_training_fit,4,258,tend,textual,coefficient,-0.0686587604559305,0.0686587604559305,negative,104,245,58
B_RIDGE,final_training_fit,4,183,non,textual,coefficient,-0.06797534389673719,0.06797534389673719,negative,105,244,59
B_RIDGE,final_training_fit,4,79,emotional,textual,coefficient,0.06775273559953478,0.06775273559953478,positive,106,47,256
B_RIDGE,final_training_fit,4,301,hedge_score,handcrafted_linguistic,coefficient,-0.06744385107686651,0.06744385107686651,negative,107,243,60
B_RIDGE,final_training_fit,4,185,oh,textual,coefficient,-0.06730221345881053,0.06730221345881053,negative,108,242,61
B_RIDGE,final_training_fit,4,248,support,textual,coefficient,-0.06715803521183294,0.06715803521183294,negative,109,241,62
B_RIDGE,final_training_fit,4,127,impulsive,textual,coefficient,-0.06704492366721836,0.06704492366721836,negative,110,240,63
B_RIDGE,final_training_fit,4,22,attention,textual,coefficient,0.06644423575603232,0.06644423575603232,positive,111,48,255
B_RIDGE,final_training_fit,4,291,women,textual,coefficient,-0.06621881821195838,0.06621881821195838,negative,112,239,64
B_RIDGE,final_training_fit,4,282,use,textual,coefficient,-0.06588373454895408,0.06588373454895408,negative,113,238,65
B_RIDGE,final_training_fit,4,16,adult,textual,coefficient,-0.065562632707963,0.065562632707963,negative,114,237,66
B_RIDGE,final_training_fit,4,25,autistic,textual,coefficient,0.06529395869813215,0.06529395869813215,positive,115,49,254
B_RIDGE,final_training_fit,4,117,helpful,textual,coefficient,-0.06500480414227185,0.06500480414227185,negative,116,236,67
B_RIDGE,final_training_fit,4,240,strategies,textual,coefficient,-0.06443848697695853,0.06443848697695853,negative,117,235,68
B_RIDGE,final_training_fit,4,157,lot,textual,coefficient,0.06337624072160641,0.06337624072160641,positive,118,50,253
B_RIDGE,final_training_fit,4,199,poor,textual,coefficient,0.06330851603397031,0.06330851603397031,positive,119,51,252
B_RIDGE,final_training_fit,4,9,adhd diagnosis,textual,coefficient,-0.06277412734202785,0.06277412734202785,negative,120,234,69
B_RIDGE,final_training_fit,4,63,disorders,textual,coefficient,-0.0627015416769414,0.0627015416769414,negative,121,233,70
B_RIDGE,final_training_fit,4,128,impulsivity,textual,coefficient,-0.06266408258524749,0.06266408258524749,negative,122,232,71
B_RIDGE,final_training_fit,4,180,need,textual,coefficient,-0.06215638075418862,0.06215638075418862,negative,123,231,72
B_RIDGE,final_training_fit,4,175,mood,textual,coefficient,-0.062134477960483464,0.062134477960483464,negative,124,230,73
B_RIDGE,final_training_fit,4,213,relationships,textual,coefficient,-0.06201187617998931,0.06201187617998931,negative,125,229,74
B_RIDGE,final_training_fit,4,283,using,textual,coefficient,-0.06125268664890589,0.06125268664890589,negative,126,228,75
B_RIDGE,final_training_fit,4,177,moving,textual,coefficient,-0.06116491102421252,0.06116491102421252,negative,127,227,76
B_RIDGE,final_training_fit,4,106,going,textual,coefficient,0.061123780694435165,0.061123780694435165,positive,128,52,251
B_RIDGE,final_training_fit,4,220,seen,textual,coefficient,-0.06108512588133959,0.06108512588133959,negative,129,226,77
B_RIDGE,final_training_fit,4,160,low,textual,coefficient,-0.060803065104207875,0.060803065104207875,negative,130,225,78
B_RIDGE,final_training_fit,4,236,start,textual,coefficient,-0.06073222673495406,0.06073222673495406,negative,131,224,79
B_RIDGE,final_training_fit,4,146,let,textual,coefficient,-0.0597708829090038,0.0597708829090038,negative,132,223,80
B_RIDGE,final_training_fit,4,72,drugs,textual,coefficient,-0.05944721435496668,0.05944721435496668,negative,133,222,81
B_RIDGE,final_training_fit,4,181,neurotypical,textual,coefficient,-0.0590418864100324,0.0590418864100324,negative,134,221,82
B_RIDGE,final_training_fit,4,189,parents,textual,coefficient,-0.05741248853566881,0.05741248853566881,negative,135,220,83
B_RIDGE,final_training_fit,4,164,making,textual,coefficient,-0.05704084458098221,0.05704084458098221,negative,136,219,84
B_RIDGE,final_training_fit,4,174,mind,textual,coefficient,-0.05679134014876965,0.05679134014876965,negative,137,218,85
B_RIDGE,final_training_fit,4,91,explain,textual,coefficient,0.056664060400983034,0.056664060400983034,positive,138,53,250
B_RIDGE,final_training_fit,4,152,little bit,textual,coefficient,-0.056201063191432594,0.056201063191432594,negative,139,217,86
B_RIDGE,final_training_fit,4,225,sensory,textual,coefficient,-0.0558617006500274,0.0558617006500274,negative,140,216,87
B_RIDGE,final_training_fit,4,219,second,textual,coefficient,-0.055824473223567074,0.055824473223567074,negative,141,215,88
B_RIDGE,final_training_fit,4,64,distracted,textual,coefficient,-0.055545360078509944,0.055545360078509944,negative,142,214,89
B_RIDGE,final_training_fit,4,287,wait,textual,coefficient,-0.055451585930740545,0.055451585930740545,negative,143,213,90
B_RIDGE,final_training_fit,4,43,come,textual,coefficient,-0.05524687813832373,0.05524687813832373,negative,144,212,91
B_RIDGE,final_training_fit,4,96,feel like,textual,coefficient,-0.05521885383634641,0.05521885383634641,negative,145,211,92
B_RIDGE,final_training_fit,4,211,regulation,textual,coefficient,-0.05491185176878923,0.05491185176878923,negative,146,210,93
B_RIDGE,final_training_fit,4,6,adhd adhd,textual,coefficient,0.054409693741715136,0.054409693741715136,positive,147,54,249
B_RIDGE,final_training_fit,4,173,mental,textual,coefficient,-0.05394739509381361,0.05394739509381361,negative,148,209,94
B_RIDGE,final_training_fit,4,19,answer,textual,coefficient,-0.05364800129112732,0.05364800129112732,negative,149,208,95
B_RIDGE,final_training_fit,4,299,एक,textual,coefficient,-0.05308954444108428,0.05308954444108428,negative,150,207,96
B_RIDGE,final_training_fit,4,246,stuff,textual,coefficient,-0.05289434042008322,0.05289434042008322,negative,151,206,97
B_RIDGE,final_training_fit,4,131,increase,textual,coefficient,0.05289325521387082,0.05289325521387082,positive,152,55,248
B_RIDGE,final_training_fit,4,68,doing,textual,coefficient,0.05265769097084515,0.05265769097084515,positive,153,56,247
B_RIDGE,final_training_fit,4,144,late,textual,coefficient,-0.052476941032251534,0.052476941032251534,negative,154,205,98
B_RIDGE,final_training_fit,4,198,point,textual,coefficient,-0.05235074831117664,0.05235074831117664,negative,155,204,99
B_RIDGE,final_training_fit,4,35,brains,textual,coefficient,-0.05226161748872539,0.05226161748872539,negative,156,203,100
B_RIDGE,final_training_fit,4,188,overwhelmed,textual,coefficient,-0.05213687081655442,0.05213687081655442,negative,157,202,101
B_RIDGE,final_training_fit,4,40,child,textual,coefficient,0.051920199071796236,0.051920199071796236,positive,158,57,246
B_RIDGE,final_training_fit,4,138,key,textual,coefficient,-0.05172444695271948,0.05172444695271948,negative,159,201,102
B_RIDGE,final_training_fit,4,81,end,textual,coefficient,0.051431050144208325,0.051431050144208325,positive,160,58,245
B_RIDGE,final_training_fit,4,190,patients,textual,coefficient,0.05030758442928967,0.05030758442928967,positive,161,59,244
B_RIDGE,final_training_fit,4,121,home,textual,coefficient,0.050191054509887464,0.050191054509887464,positive,162,60,243
B_RIDGE,final_training_fit,4,75,easily,textual,coefficient,-0.05015715710832597,0.05015715710832597,negative,163,200,103
B_RIDGE,final_training_fit,4,212,rejection,textual,coefficient,-0.050137394105272,0.050137394105272,negative,164,199,104
B_RIDGE,final_training_fit,4,114,health,textual,coefficient,-0.04971898041989724,0.04971898041989724,negative,165,198,105
B_RIDGE,final_training_fit,4,140,kids,textual,coefficient,-0.04961983337249377,0.04961983337249377,negative,166,197,106
B_RIDGE,final_training_fit,4,15,adhd women,textual,coefficient,-0.04947812415581824,0.04947812415581824,negative,167,196,107
B_RIDGE,final_training_fit,4,159,love,textual,coefficient,0.0494683699035104,0.0494683699035104,positive,168,61,242
B_RIDGE,final_training_fit,4,244,struggling,textual,coefficient,-0.049105767797860675,0.049105767797860675,negative,169,195,108
B_RIDGE,final_training_fit,4,10,adhd just,textual,coefficient,-0.049098264457203875,0.049098264457203875,negative,170,194,109
B_RIDGE,final_training_fit,4,281,understanding,textual,coefficient,-0.048614568536489475,0.048614568536489475,negative,171,193,110
B_RIDGE,final_training_fit,4,62,disorder,textual,coefficient,-0.04838098049159038,0.04838098049159038,negative,172,192,111
B_RIDGE,final_training_fit,4,232,sit,textual,coefficient,0.04835471807638787,0.04835471807638787,positive,173,62,241
B_RIDGE,final_training_fit,4,124,impact,textual,coefficient,-0.04808929740162174,0.04808929740162174,negative,174,191,112
B_RIDGE,final_training_fit,4,92,explained,textual,coefficient,-0.047512468876631,0.047512468876631,negative,175,190,113
B_RIDGE,final_training_fit,4,2,activity,textual,coefficient,-0.04735649580037805,0.04735649580037805,negative,176,189,114
B_RIDGE,final_training_fit,4,46,condition,textual,coefficient,-0.04718324184470585,0.04718324184470585,negative,177,188,115
B_RIDGE,final_training_fit,4,274,trying,textual,coefficient,-0.04632769596182093,0.04632769596182093,negative,178,187,116
B_RIDGE,final_training_fit,4,39,challenges,textual,coefficient,-0.04586990316397825,0.04586990316397825,negative,179,186,117
B_RIDGE,final_training_fit,4,201,present,textual,coefficient,-0.045772561954758303,0.045772561954758303,negative,180,185,118
B_RIDGE,final_training_fit,4,112,harder,textual,coefficient,-0.04548745092395273,0.04548745092395273,negative,181,184,119
B_RIDGE,final_training_fit,4,179,natural,textual,coefficient,0.04504266904693487,0.04504266904693487,positive,182,63,240
B_RIDGE,final_training_fit,4,134,intense,textual,coefficient,-0.04477944272916316,0.04477944272916316,negative,183,183,120
B_RIDGE,final_training_fit,4,204,problems,textual,coefficient,-0.04446334277435162,0.04446334277435162,negative,184,182,121
B_RIDGE,final_training_fit,4,99,follow,textual,coefficient,-0.04434854833330652,0.04434854833330652,negative,185,181,122
B_RIDGE,final_training_fit,4,205,protein,textual,coefficient,0.04422827408491924,0.04422827408491924,positive,186,64,239
B_RIDGE,final_training_fit,4,18,affects,textual,coefficient,-0.044140262415619864,0.044140262415619864,negative,187,180,123
B_RIDGE,final_training_fit,4,135,isn,textual,coefficient,0.04366332849960734,0.04366332849960734,positive,188,65,238
B_RIDGE,final_training_fit,4,104,function,textual,coefficient,-0.04309149704486105,0.04309149704486105,negative,189,179,124
B_RIDGE,final_training_fit,4,241,structure,textual,coefficient,-0.04287164612190686,0.04287164612190686,negative,190,178,125
B_RIDGE,final_training_fit,4,298,इपर,textual,coefficient,-0.04272167595245644,0.04272167595245644,negative,191,177,126
B_RIDGE,final_training_fit,4,165,manage,textual,coefficient,-0.041983882262015104,0.041983882262015104,negative,192,176,127
B_RIDGE,final_training_fit,4,227,sep adhd,textual,coefficient,-0.041903388409864,0.041903388409864,negative,193,175,128
B_RIDGE,final_training_fit,4,294,world,textual,coefficient,0.04113099326157231,0.04113099326157231,positive,194,66,237
B_RIDGE,final_training_fit,4,28,behaviors,textual,coefficient,-0.04105922829808163,0.04105922829808163,negative,195,174,129
B_RIDGE,final_training_fit,4,264,think,textual,coefficient,0.04034178835662133,0.04034178835662133,positive,196,67,236
B_RIDGE,final_training_fit,4,158,lots,textual,coefficient,-0.03991097969205195,0.03991097969205195,negative,197,173,130
B_RIDGE,final_training_fit,4,168,mean,textual,coefficient,0.03965015716274511,0.03965015716274511,positive,198,68,235
B_RIDGE,final_training_fit,4,224,sensitivity,textual,coefficient,-0.03962020205534462,0.03962020205534462,negative,199,172,131
B_RIDGE,final_training_fit,4,182,neurotypical person,textual,coefficient,-0.0395729476569121,0.0395729476569121,negative,200,171,132
B_RIDGE,final_training_fit,4,292,work,textual,coefficient,-0.0394047769053828,0.0394047769053828,negative,201,170,133
B_RIDGE,final_training_fit,4,289,way,textual,coefficient,0.03938781069658192,0.03938781069658192,positive,202,69,234
B_RIDGE,final_training_fit,4,169,means,textual,coefficient,0.03933975002325931,0.03933975002325931,positive,203,70,233
B_RIDGE,final_training_fit,4,214,remember,textual,coefficient,-0.039302737195519896,0.039302737195519896,negative,204,169,134
B_RIDGE,final_training_fit,4,194,people adhd,textual,coefficient,-0.03882021532358509,0.03882021532358509,negative,205,168,135
B_RIDGE,final_training_fit,4,184,number,textual,coefficient,0.0384997647039063,0.0384997647039063,positive,206,71,232
B_RIDGE,final_training_fit,4,186,okay,textual,coefficient,-0.0383582656233996,0.0383582656233996,negative,207,167,136
B_RIDGE,final_training_fit,4,193,people,textual,coefficient,0.0380731000170596,0.0380731000170596,positive,208,72,231
B_RIDGE,final_training_fit,4,142,know,textual,coefficient,0.038068280682278306,0.038068280682278306,positive,209,73,230
B_RIDGE,final_training_fit,4,187,options,textual,coefficient,-0.03749838609180865,0.03749838609180865,negative,210,166,137
B_RIDGE,final_training_fit,4,284,usually,textual,coefficient,0.03711988592556554,0.03711988592556554,positive,211,74,229
B_RIDGE,final_training_fit,4,102,forget,textual,coefficient,-0.03628024373444285,0.03628024373444285,negative,212,165,138
B_RIDGE,final_training_fit,4,30,better,textual,coefficient,-0.03624352399621668,0.03624352399621668,negative,213,164,139
B_RIDGE,final_training_fit,4,275,turn,textual,coefficient,-0.0359045073385436,0.0359045073385436,negative,214,163,140
B_RIDGE,final_training_fit,4,243,struggles,textual,coefficient,-0.035862908230509936,0.035862908230509936,negative,215,162,141
B_RIDGE,final_training_fit,4,279,unable,textual,coefficient,-0.03452347975357987,0.03452347975357987,negative,216,161,142
B_RIDGE,final_training_fit,4,50,day,textual,coefficient,-0.034291882329451,0.034291882329451,negative,217,160,143
B_RIDGE,final_training_fit,4,89,experts,textual,coefficient,-0.034248405798291255,0.034248405798291255,negative,218,159,144
B_RIDGE,final_training_fit,4,41,children,textual,coefficient,0.033906383566442,0.033906383566442,positive,219,75,228
B_RIDGE,final_training_fit,4,57,diet,textual,coefficient,-0.03367832444779071,0.03367832444779071,negative,220,158,145
B_RIDGE,final_training_fit,4,254,talking,textual,coefficient,-0.033529437597293314,0.033529437597293314,negative,221,157,146
B_RIDGE,final_training_fit,4,20,answer sep,textual,coefficient,-0.03262179777857792,0.03262179777857792,negative,222,156,147
B_RIDGE,final_training_fit,4,129,inattention,textual,coefficient,-0.03232932777305167,0.03232932777305167,negative,223,155,148
B_RIDGE,final_training_fit,4,166,management,textual,coefficient,-0.032289702044442946,0.032289702044442946,negative,224,154,149
B_RIDGE,final_training_fit,4,93,fact,textual,coefficient,-0.031893210254555895,0.031893210254555895,negative,225,153,150
B_RIDGE,final_training_fit,4,278,um,textual,coefficient,-0.031564201779789795,0.031564201779789795,negative,226,152,151
B_RIDGE,final_training_fit,4,90,experts answer,textual,coefficient,-0.03099981106135576,0.03099981106135576,negative,227,151,152
B_RIDGE,final_training_fit,4,207,quickly,textual,coefficient,-0.03084158020969409,0.03084158020969409,negative,228,150,153
B_RIDGE,final_training_fit,4,56,did,textual,coefficient,-0.030662595921092595,0.030662595921092595,negative,229,149,154
B_RIDGE,final_training_fit,4,216,say,textual,coefficient,0.030541176107055444,0.030541176107055444,positive,230,76,227
B_RIDGE,final_training_fit,4,17,adults,textual,coefficient,0.030135585073914086,0.030135585073914086,positive,231,77,226
B_RIDGE,final_training_fit,4,55,diagnostic,textual,coefficient,-0.030095879436594836,0.030095879436594836,negative,232,148,155
B_RIDGE,final_training_fit,4,208,real,textual,coefficient,-0.029298775037387287,0.029298775037387287,negative,233,147,156
B_RIDGE,final_training_fit,4,66,does,textual,coefficient,-0.02928482872612634,0.02928482872612634,negative,234,146,157
B_RIDGE,final_training_fit,4,203,problem,textual,coefficient,-0.029181840574151265,0.029181840574151265,negative,235,145,158
B_RIDGE,final_training_fit,4,150,likely,textual,coefficient,-0.028949203608812143,0.028949203608812143,negative,236,144,159
B_RIDGE,final_training_fit,4,71,dr,textual,coefficient,-0.028164593683475615,0.028164593683475615,negative,237,143,160
B_RIDGE,final_training_fit,4,196,phone,textual,coefficient,0.027105742816889468,0.027105742816889468,positive,238,78,225
B_RIDGE,final_training_fit,4,27,behavior,textual,coefficient,-0.026567017424408042,0.026567017424408042,negative,239,142,161
B_RIDGE,final_training_fit,4,105,getting,textual,coefficient,-0.02610341377082598,0.02610341377082598,negative,240,141,162
B_RIDGE,final_training_fit,4,133,instead,textual,coefficient,-0.02564680737443782,0.02564680737443782,negative,241,140,163
B_RIDGE,final_training_fit,4,172,meds,textual,coefficient,-0.02501130888999746,0.02501130888999746,negative,242,139,164
B_RIDGE,final_training_fit,4,217,saying,textual,coefficient,0.024879388555213395,0.024879388555213395,positive,243,79,224
B_RIDGE,final_training_fit,4,73,dysfunction,textual,coefficient,0.024375847201201138,0.024375847201201138,positive,244,80,223
B_RIDGE,final_training_fit,4,44,comes,textual,coefficient,0.02428477767345381,0.02428477767345381,positive,245,81,222
B_RIDGE,final_training_fit,4,24,autism,textual,coefficient,0.024069231318123174,0.024069231318123174,positive,246,82,221
B_RIDGE,final_training_fit,4,1,able,textual,coefficient,0.022629740140145974,0.022629740140145974,positive,247,83,220
B_RIDGE,final_training_fit,4,252,taking,textual,coefficient,-0.022441928428847336,0.022441928428847336,negative,248,138,165
B_RIDGE,final_training_fit,4,293,works,textual,coefficient,0.02227781550835028,0.02227781550835028,positive,249,84,219
B_RIDGE,final_training_fit,4,118,helps,textual,coefficient,0.02199282071231678,0.02199282071231678,positive,250,85,218
B_RIDGE,final_training_fit,4,229,sign,textual,coefficient,0.021531622453951276,0.021531622453951276,positive,251,86,217
B_RIDGE,final_training_fit,4,51,deficit,textual,coefficient,-0.021471426497852178,0.021471426497852178,negative,252,137,166
B_RIDGE,final_training_fit,4,178,music,textual,coefficient,0.02138073475042163,0.02138073475042163,positive,253,87,216
B_RIDGE,final_training_fit,4,61,difficulty,textual,coefficient,-0.020121321479451625,0.020121321479451625,negative,254,136,167
B_RIDGE,final_training_fit,4,59,different,textual,coefficient,0.019832881750195017,0.019832881750195017,positive,255,88,215
B_RIDGE,final_training_fit,4,38,certain,textual,coefficient,0.01951762512477706,0.01951762512477706,positive,256,89,214
B_RIDGE,final_training_fit,4,149,like,textual,coefficient,-0.01929217743030355,0.01929217743030355,negative,257,135,168
B_RIDGE,final_training_fit,4,115,hear,textual,coefficient,-0.01846243731438918,0.01846243731438918,negative,258,134,169
B_RIDGE,final_training_fit,4,83,especially,textual,coefficient,0.018238255047822716,0.018238255047822716,positive,259,90,213
B_RIDGE,final_training_fit,4,37,care,textual,coefficient,-0.01761670451445761,0.01761670451445761,negative,260,133,170
B_RIDGE,final_training_fit,4,126,improve,textual,coefficient,0.016968236770119258,0.016968236770119258,positive,261,91,212
B_RIDGE,final_training_fit,4,226,sep,textual,coefficient,0.016234287017208162,0.016234287017208162,positive,262,92,211
B_RIDGE,final_training_fit,4,58,difference,textual,coefficient,-0.016124454903546796,0.016124454903546796,negative,263,132,171
B_RIDGE,final_training_fit,4,31,big,textual,coefficient,0.015513977389664842,0.015513977389664842,positive,264,93,210
B_RIDGE,final_training_fit,4,221,self,textual,coefficient,0.01430826121703214,0.01430826121703214,positive,265,94,209
B_RIDGE,final_training_fit,4,36,called,textual,coefficient,-0.014199995665724455,0.014199995665724455,negative,266,131,172
B_RIDGE,final_training_fit,4,119,high,textual,coefficient,0.013761752345888587,0.013761752345888587,positive,267,95,208
B_RIDGE,final_training_fit,4,94,family,textual,coefficient,0.013434480552019666,0.013434480552019666,positive,268,96,207
B_RIDGE,final_training_fit,4,238,stimulants,textual,coefficient,-0.012370689198089048,0.012370689198089048,negative,269,130,173
B_RIDGE,final_training_fit,4,156,looking,textual,coefficient,0.011583059481863804,0.011583059481863804,positive,270,97,206
B_RIDGE,final_training_fit,4,60,differently,textual,coefficient,-0.010762989674426985,0.010762989674426985,negative,271,129,174
B_RIDGE,final_training_fit,4,148,life,textual,coefficient,0.010714758616913157,0.010714758616913157,positive,272,98,205
B_RIDGE,final_training_fit,4,3,actually,textual,coefficient,-0.010160117358809964,0.010160117358809964,negative,273,128,175
B_RIDGE,final_training_fit,4,235,social,textual,coefficient,-0.009476260291545364,0.009476260291545364,negative,274,127,176
B_RIDGE,final_training_fit,4,145,lead,textual,coefficient,-0.00930145000179546,0.00930145000179546,negative,275,126,177
B_RIDGE,final_training_fit,4,42,college,textual,coefficient,-0.009286999114981563,0.009286999114981563,negative,276,125,178
B_RIDGE,final_training_fit,4,255,task,textual,coefficient,0.009155155185402043,0.009155155185402043,positive,277,99,204
B_RIDGE,final_training_fit,4,97,feeling,textual,coefficient,0.007349443002160489,0.007349443002160489,positive,278,100,203
B_RIDGE,final_training_fit,4,290,ways,textual,coefficient,-0.006957539222698879,0.006957539222698879,negative,279,124,179
B_RIDGE,final_training_fit,4,209,really,textual,coefficient,-0.006840824850823077,0.006840824850823077,negative,280,123,180
B_RIDGE,final_training_fit,4,253,talk,textual,coefficient,0.006596937729976469,0.006596937729976469,positive,281,101,202
B_RIDGE,final_training_fit,4,167,maybe,textual,coefficient,0.006028201383206643,0.006028201383206643,positive,282,102,201
B_RIDGE,final_training_fit,4,21,anxiety,textual,coefficient,-0.005694275452789244,0.005694275452789244,negative,283,122,181
B_RIDGE,final_training_fit,4,139,kid,textual,coefficient,0.00550153006983285,0.00550153006983285,positive,284,103,200
B_RIDGE,final_training_fit,4,52,depression,textual,coefficient,0.005416355884682761,0.005416355884682761,positive,285,104,199
B_RIDGE,final_training_fit,4,269,treated,textual,coefficient,0.00477408896775905,0.00477408896775905,positive,286,105,198
B_RIDGE,final_training_fit,4,260,therapy,textual,coefficient,-0.004188315125114799,0.004188315125114799,negative,287,121,182
B_RIDGE,final_training_fit,4,143,lack,textual,coefficient,-0.003942095947769303,0.003942095947769303,negative,288,120,183
B_RIDGE,final_training_fit,4,29,best,textual,coefficient,-0.0039005055025312547,0.0039005055025312547,negative,289,119,184
B_RIDGE,final_training_fit,4,76,eat,textual,coefficient,0.003394762309536642,0.003394762309536642,positive,290,106,197
B_RIDGE,final_training_fit,4,77,eating,textual,coefficient,0.002950756928862314,0.002950756928862314,positive,291,107,196
B_RIDGE,final_training_fit,4,265,thinking,textual,coefficient,0.0027049856670253425,0.0027049856670253425,positive,292,108,195
B_RIDGE,final_training_fit,4,132,information,textual,coefficient,0.0016862674579688915,0.0016862674579688915,positive,293,109,194
B_RIDGE,final_training_fit,4,234,small,textual,coefficient,0.0015301470267795852,0.0015301470267795852,positive,294,110,193
B_RIDGE,final_training_fit,4,74,early,textual,coefficient,-0.0013520957701131685,0.0013520957701131685,negative,295,118,185
B_RIDGE,final_training_fit,4,228,shorts,textual,coefficient,-0.0012230984126187256,0.0012230984126187256,negative,296,117,186
B_RIDGE,final_training_fit,4,267,times,textual,coefficient,-0.0010325508308857945,0.0010325508308857945,negative,297,116,187
B_RIDGE,final_training_fit,4,163,makes,textual,coefficient,-0.0009258738979252161,0.0009258738979252161,negative,298,115,188
B_RIDGE,final_training_fit,4,263,things like,textual,coefficient,0.0002910368253675022,0.0002910368253675022,positive,299,111,192
B_RIDGE,final_training_fit,4,280,understand,textual,coefficient,-0.0001908190583969243,0.0001908190583969243,negative,300,114,189
B_RIDGE,final_training_fit,4,23,audhd,textual,coefficient,-0.00018078962381190878,0.00018078962381190878,negative,301,113,190
B_RIDGE,final_training_fit,4,230,signs,textual,coefficient,-0.0001650139740784539,0.0001650139740784539,negative,302,112,191
