condition,fold,class_label,feature_index,feature,feature_group,weight_type,weight,absolute_weight,direction,absolute_rank,positive_rank,negative_rank
C_LOGISTIC_REGRESSION,1,1,71,don,textual,coefficient,-2.188257251016927,2.188257251016927,negative,1,306,1
C_LOGISTIC_REGRESSION,1,1,47,common,textual,coefficient,2.10002547675706,2.10002547675706,positive,2,1,306
C_LOGISTIC_REGRESSION,1,1,31,best,textual,coefficient,1.914230590517586,1.914230590517586,positive,3,2,305
C_LOGISTIC_REGRESSION,1,1,218,school,textual,coefficient,1.8517983197405479,1.8517983197405479,positive,4,3,304
C_LOGISTIC_REGRESSION,1,1,131,impulsivity,textual,coefficient,1.7282084260625876,1.7282084260625876,positive,5,4,303
C_LOGISTIC_REGRESSION,1,1,5,adhd,textual,coefficient,1.6350335836681547,1.6350335836681547,positive,6,5,302
C_LOGISTIC_REGRESSION,1,1,145,know,textual,coefficient,1.6273476753251412,1.6273476753251412,positive,7,6,301
C_LOGISTIC_REGRESSION,1,1,144,kind,textual,coefficient,1.600845180988407,1.600845180988407,positive,8,7,300
C_LOGISTIC_REGRESSION,1,1,224,sensitivity,textual,coefficient,-1.5186055364542286,1.5186055364542286,negative,9,305,2
C_LOGISTIC_REGRESSION,1,1,21,answer,textual,coefficient,1.482260039026219,1.482260039026219,positive,10,8,299
C_LOGISTIC_REGRESSION,1,1,37,brain,textual,coefficient,-1.4756166145427652,1.4756166145427652,negative,11,304,3
C_LOGISTIC_REGRESSION,1,1,26,autism,textual,coefficient,1.4741278992898565,1.4741278992898565,positive,12,9,298
C_LOGISTIC_REGRESSION,1,1,204,problems,textual,coefficient,1.463123384808442,1.463123384808442,positive,13,10,297
C_LOGISTIC_REGRESSION,1,1,150,life,textual,coefficient,1.437419209557277,1.437419209557277,positive,14,11,296
C_LOGISTIC_REGRESSION,1,1,261,thing,textual,coefficient,-1.4211656556000756,1.4211656556000756,negative,15,303,4
C_LOGISTIC_REGRESSION,1,1,43,child,textual,coefficient,-1.4151306887619421,1.4151306887619421,negative,16,302,5
C_LOGISTIC_REGRESSION,1,1,304,views,engagement_or_format,coefficient,1.4106482747878057,1.4106482747878057,positive,17,12,295
C_LOGISTIC_REGRESSION,1,1,23,anxiety,textual,coefficient,1.3921291839220387,1.3921291839220387,positive,18,13,294
C_LOGISTIC_REGRESSION,1,1,110,good,textual,coefficient,-1.3832471093149505,1.3832471093149505,negative,19,301,6
C_LOGISTIC_REGRESSION,1,1,256,tasks,textual,coefficient,1.3740619939032006,1.3740619939032006,positive,20,14,293
C_LOGISTIC_REGRESSION,1,1,128,impact,textual,coefficient,1.364135016645495,1.364135016645495,positive,21,15,292
C_LOGISTIC_REGRESSION,1,1,107,function,textual,coefficient,1.3443365674821006,1.3443365674821006,positive,22,16,291
C_LOGISTIC_REGRESSION,1,1,233,sleep,textual,coefficient,1.3206435855978498,1.3206435855978498,positive,23,17,290
C_LOGISTIC_REGRESSION,1,1,15,adhd symptoms,textual,coefficient,1.3117046629041558,1.3117046629041558,positive,24,18,289
C_LOGISTIC_REGRESSION,1,1,55,depression,textual,coefficient,-1.305294665020112,1.305294665020112,negative,25,300,7
C_LOGISTIC_REGRESSION,1,1,287,video,textual,coefficient,-1.2894295679553496,1.2894295679553496,negative,26,299,8
C_LOGISTIC_REGRESSION,1,1,85,executive,textual,coefficient,1.2706846587675331,1.2706846587675331,positive,27,19,288
C_LOGISTIC_REGRESSION,1,1,57,diagnosis,textual,coefficient,1.2490576193308485,1.2490576193308485,positive,28,20,287
C_LOGISTIC_REGRESSION,1,1,97,feel like,textual,coefficient,1.242353590086051,1.242353590086051,positive,29,21,286
C_LOGISTIC_REGRESSION,1,1,277,uh,textual,coefficient,-1.237295474418926,1.237295474418926,negative,30,298,9
C_LOGISTIC_REGRESSION,1,1,285,ve,textual,coefficient,-1.2210862217441154,1.2210862217441154,negative,31,297,10
C_LOGISTIC_REGRESSION,1,1,12,adhd medication,textual,coefficient,1.2149298936511226,1.2149298936511226,positive,32,22,285
C_LOGISTIC_REGRESSION,1,1,230,signs,textual,coefficient,1.2057480098621345,1.2057480098621345,positive,33,23,284
C_LOGISTIC_REGRESSION,1,1,207,quickly,textual,coefficient,1.194072725760157,1.194072725760157,positive,34,24,283
C_LOGISTIC_REGRESSION,1,1,59,diet,textual,coefficient,-1.1922802925168543,1.1922802925168543,negative,35,296,11
C_LOGISTIC_REGRESSION,1,1,115,harder,textual,coefficient,1.1834146250078554,1.1834146250078554,positive,36,25,282
C_LOGISTIC_REGRESSION,1,1,117,health,textual,coefficient,1.1720131510673908,1.1720131510673908,positive,37,26,281
C_LOGISTIC_REGRESSION,1,1,166,manage,textual,coefficient,1.1669612721916034,1.1669612721916034,positive,38,27,280
C_LOGISTIC_REGRESSION,1,1,213,remember,textual,coefficient,-1.1316982810625253,1.1316982810625253,negative,39,295,12
C_LOGISTIC_REGRESSION,1,1,281,understanding,textual,coefficient,1.110895995196046,1.110895995196046,positive,40,28,279
C_LOGISTIC_REGRESSION,1,1,212,relationships,textual,coefficient,-1.1084384543859118,1.1084384543859118,negative,41,294,13
C_LOGISTIC_REGRESSION,1,1,170,means,textual,coefficient,-1.098611457159779,1.098611457159779,negative,42,293,14
C_LOGISTIC_REGRESSION,1,1,172,medications,textual,coefficient,1.0935383469288862,1.0935383469288862,positive,43,29,278
C_LOGISTIC_REGRESSION,1,1,82,especially,textual,coefficient,1.0736403822125848,1.0736403822125848,positive,44,30,277
C_LOGISTIC_REGRESSION,1,1,72,dopamine,textual,coefficient,-1.070221826096145,1.070221826096145,negative,45,292,15
C_LOGISTIC_REGRESSION,1,1,103,food,textual,coefficient,-1.0665380923961176,1.0665380923961176,negative,46,291,16
C_LOGISTIC_REGRESSION,1,1,137,intense,textual,coefficient,-1.0601281816836856,1.0601281816836856,negative,47,290,17
C_LOGISTIC_REGRESSION,1,1,11,adhd like,textual,coefficient,1.0578113706761965,1.0578113706761965,positive,48,31,276
C_LOGISTIC_REGRESSION,1,1,162,low,textual,coefficient,-1.0539235825184343,1.0539235825184343,negative,49,289,18
C_LOGISTIC_REGRESSION,1,1,134,increase,textual,coefficient,-1.0512127759800551,1.0512127759800551,negative,50,288,19
C_LOGISTIC_REGRESSION,1,1,153,like adhd,textual,coefficient,1.048415957773891,1.048415957773891,positive,51,32,275
C_LOGISTIC_REGRESSION,1,1,13,adhd real,textual,coefficient,1.0313045008143005,1.0313045008143005,positive,52,33,274
C_LOGISTIC_REGRESSION,1,1,292,women,textual,coefficient,-1.0244278181013202,1.0244278181013202,negative,53,287,20
C_LOGISTIC_REGRESSION,1,1,239,stop,textual,coefficient,-1.0142294530366056,1.0142294530366056,negative,54,286,21
C_LOGISTIC_REGRESSION,1,1,273,trouble,textual,coefficient,1.0106138835254086,1.0106138835254086,positive,55,34,273
C_LOGISTIC_REGRESSION,1,1,303,comments,engagement_or_format,coefficient,-1.007164302676461,1.007164302676461,negative,56,285,22
C_LOGISTIC_REGRESSION,1,1,248,support,textual,coefficient,1.0062930830518357,1.0062930830518357,positive,57,35,272
C_LOGISTIC_REGRESSION,1,1,34,bit,textual,coefficient,-0.983358329952285,0.983358329952285,negative,58,284,23
C_LOGISTIC_REGRESSION,1,1,136,instead,textual,coefficient,0.9829512301495398,0.9829512301495398,positive,59,36,271
C_LOGISTIC_REGRESSION,1,1,198,physical,textual,coefficient,-0.9819494715579543,0.9819494715579543,negative,60,283,24
C_LOGISTIC_REGRESSION,1,1,179,music,textual,coefficient,0.9803550136725687,0.9803550136725687,positive,61,37,270
C_LOGISTIC_REGRESSION,1,1,160,lot,textual,coefficient,0.978502985541408,0.978502985541408,positive,62,38,269
C_LOGISTIC_REGRESSION,1,1,119,help,textual,coefficient,-0.9706662943376648,0.9706662943376648,negative,63,282,25
C_LOGISTIC_REGRESSION,1,1,203,problem,textual,coefficient,-0.9515072790122704,0.9515072790122704,negative,64,281,26
C_LOGISTIC_REGRESSION,1,1,274,try,textual,coefficient,-0.9511270755653637,0.9511270755653637,negative,65,280,27
C_LOGISTIC_REGRESSION,1,1,147,late,textual,coefficient,0.9484351927527833,0.9484351927527833,positive,66,39,268
C_LOGISTIC_REGRESSION,1,1,302,likes,engagement_or_format,coefficient,-0.9458208836645314,0.9458208836645314,negative,67,279,28
C_LOGISTIC_REGRESSION,1,1,221,self,textual,coefficient,-0.9259642020138289,0.9259642020138289,negative,68,278,29
C_LOGISTIC_REGRESSION,1,1,289,want,textual,coefficient,-0.9140129272103968,0.9140129272103968,negative,69,277,30
C_LOGISTIC_REGRESSION,1,1,9,adhd diagnosis,textual,coefficient,0.9122201755209393,0.9122201755209393,positive,70,40,267
C_LOGISTIC_REGRESSION,1,1,45,come,textual,coefficient,0.9122171227231145,0.9122171227231145,positive,71,41,266
C_LOGISTIC_REGRESSION,1,1,290,way,textual,coefficient,-0.9076018398050477,0.9076018398050477,negative,72,276,31
C_LOGISTIC_REGRESSION,1,1,195,people adhd,textual,coefficient,-0.9025761865190118,0.9025761865190118,negative,73,275,32
C_LOGISTIC_REGRESSION,1,1,16,adhd women,textual,coefficient,-0.8983497980467422,0.8983497980467422,negative,74,274,33
C_LOGISTIC_REGRESSION,1,1,140,job,textual,coefficient,0.8883999367768445,0.8883999367768445,positive,75,42,265
C_LOGISTIC_REGRESSION,1,1,295,world,textual,coefficient,-0.8836248670962671,0.8836248670962671,negative,76,273,34
C_LOGISTIC_REGRESSION,1,1,78,effects,textual,coefficient,0.8770460232325342,0.8770460232325342,positive,77,43,264
C_LOGISTIC_REGRESSION,1,1,236,start,textual,coefficient,0.8765122902110405,0.8765122902110405,positive,78,44,263
C_LOGISTIC_REGRESSION,1,1,133,inattentive,textual,coefficient,-0.8719829019356599,0.8719829019356599,negative,79,272,35
C_LOGISTIC_REGRESSION,1,1,205,protein,textual,coefficient,0.8681693639220718,0.8681693639220718,positive,80,45,262
C_LOGISTIC_REGRESSION,1,1,211,rejection,textual,coefficient,-0.8390791685073522,0.8390791685073522,negative,81,271,36
C_LOGISTIC_REGRESSION,1,1,187,okay,textual,coefficient,-0.8355566941389141,0.8355566941389141,negative,82,270,37
C_LOGISTIC_REGRESSION,1,1,167,management,textual,coefficient,0.8278797269033883,0.8278797269033883,positive,83,46,261
C_LOGISTIC_REGRESSION,1,1,191,patients,textual,coefficient,-0.8275554361757961,0.8275554361757961,negative,84,269,38
C_LOGISTIC_REGRESSION,1,1,257,tell,textual,coefficient,-0.8096293980008452,0.8096293980008452,negative,85,268,39
C_LOGISTIC_REGRESSION,1,1,95,fast,textual,coefficient,-0.8086909070952928,0.8086909070952928,negative,86,267,40
C_LOGISTIC_REGRESSION,1,1,124,home,textual,coefficient,-0.8078615215687731,0.8078615215687731,negative,87,266,41
C_LOGISTIC_REGRESSION,1,1,86,executive function,textual,coefficient,0.7992077442871603,0.7992077442871603,positive,88,47,260
C_LOGISTIC_REGRESSION,1,1,38,brains,textual,coefficient,0.7853971168838051,0.7853971168838051,positive,89,48,259
C_LOGISTIC_REGRESSION,1,1,120,helps,textual,coefficient,0.7658892986020973,0.7658892986020973,positive,90,49,258
C_LOGISTIC_REGRESSION,1,1,234,social,textual,coefficient,0.7577854040630854,0.7577854040630854,positive,91,50,257
C_LOGISTIC_REGRESSION,1,1,0,10,textual,coefficient,-0.7521584626042321,0.7521584626042321,negative,92,265,42
C_LOGISTIC_REGRESSION,1,1,88,experience,textual,coefficient,0.7375837972256679,0.7375837972256679,positive,93,51,256
C_LOGISTIC_REGRESSION,1,1,36,body,textual,coefficient,-0.7372739966076157,0.7372739966076157,negative,94,264,43
C_LOGISTIC_REGRESSION,1,1,297,years,textual,coefficient,-0.7319882758964013,0.7319882758964013,negative,95,263,44
C_LOGISTIC_REGRESSION,1,1,139,issues,textual,coefficient,-0.7055654243041426,0.7055654243041426,negative,96,262,45
C_LOGISTIC_REGRESSION,1,1,68,does,textual,coefficient,0.7026326430254858,0.7026326430254858,positive,97,52,255
C_LOGISTIC_REGRESSION,1,1,18,adults,textual,coefficient,0.6903593368440809,0.6903593368440809,positive,98,53,254
C_LOGISTIC_REGRESSION,1,1,269,treated,textual,coefficient,0.6820464565800666,0.6820464565800666,positive,99,54,253
C_LOGISTIC_REGRESSION,1,1,299,एक,textual,coefficient,-0.6820151852121239,0.6820151852121239,negative,100,261,46
C_LOGISTIC_REGRESSION,1,1,268,treat,textual,coefficient,-0.6808538494483514,0.6808538494483514,negative,101,260,47
C_LOGISTIC_REGRESSION,1,1,63,difficulty,textual,coefficient,0.6688441153387888,0.6688441153387888,positive,102,55,252
C_LOGISTIC_REGRESSION,1,1,282,use,textual,coefficient,-0.6648079756795683,0.6648079756795683,negative,103,259,48
C_LOGISTIC_REGRESSION,1,1,2,activity,textual,coefficient,0.6641314095938844,0.6641314095938844,positive,104,56,251
C_LOGISTIC_REGRESSION,1,1,109,going,textual,coefficient,0.6596206350091137,0.6596206350091137,positive,105,57,250
C_LOGISTIC_REGRESSION,1,1,259,term,textual,coefficient,0.6560826601791753,0.6560826601791753,positive,106,58,249
C_LOGISTIC_REGRESSION,1,1,157,long,textual,coefficient,-0.6513725325354238,0.6513725325354238,negative,107,258,49
C_LOGISTIC_REGRESSION,1,1,263,things like,textual,coefficient,0.6471639384459008,0.6471639384459008,positive,108,59,248
C_LOGISTIC_REGRESSION,1,1,44,children,textual,coefficient,-0.6455265058432332,0.6455265058432332,negative,109,257,50
C_LOGISTIC_REGRESSION,1,1,227,sep adhd,textual,coefficient,0.6350604812793199,0.6350604812793199,positive,110,60,247
C_LOGISTIC_REGRESSION,1,1,74,drugs,textual,coefficient,0.6307322469418783,0.6307322469418783,positive,111,61,246
C_LOGISTIC_REGRESSION,1,1,7,adhd autism,textual,coefficient,0.6236860649183577,0.6236860649183577,positive,112,62,245
C_LOGISTIC_REGRESSION,1,1,22,answer sep,textual,coefficient,0.6112205484380946,0.6112205484380946,positive,113,63,244
C_LOGISTIC_REGRESSION,1,1,208,real,textual,coefficient,0.6054634015572466,0.6054634015572466,positive,114,64,243
C_LOGISTIC_REGRESSION,1,1,260,therapy,textual,coefficient,-0.6052505417722349,0.6052505417722349,negative,115,256,51
C_LOGISTIC_REGRESSION,1,1,81,end,textual,coefficient,0.6010288041350204,0.6010288041350204,positive,116,65,242
C_LOGISTIC_REGRESSION,1,1,108,getting,textual,coefficient,0.6000709757960934,0.6000709757960934,positive,117,66,241
C_LOGISTIC_REGRESSION,1,1,48,condition,textual,coefficient,0.5967722009783052,0.5967722009783052,positive,118,67,240
C_LOGISTIC_REGRESSION,1,1,155,little bit,textual,coefficient,-0.5941633358477477,0.5941633358477477,negative,119,255,52
C_LOGISTIC_REGRESSION,1,1,35,blindness,textual,coefficient,-0.5899923786163953,0.5899923786163953,negative,120,253,53
C_LOGISTIC_REGRESSION,1,1,267,time blindness,textual,coefficient,-0.5899923786163953,0.5899923786163953,negative,120,253,53
C_LOGISTIC_REGRESSION,1,1,143,kids,textual,coefficient,0.581692877942222,0.581692877942222,positive,122,68,239
C_LOGISTIC_REGRESSION,1,1,60,difference,textual,coefficient,0.5813914924465073,0.5813914924465073,positive,123,69,238
C_LOGISTIC_REGRESSION,1,1,276,turn,textual,coefficient,0.5796272790107451,0.5796272790107451,positive,124,70,237
C_LOGISTIC_REGRESSION,1,1,70,doing,textual,coefficient,0.5714462684996976,0.5714462684996976,positive,125,71,236
C_LOGISTIC_REGRESSION,1,1,152,like,textual,coefficient,0.5700311149069253,0.5700311149069253,positive,126,72,235
C_LOGISTIC_REGRESSION,1,1,229,sign,textual,coefficient,0.5663890081409562,0.5663890081409562,positive,127,73,234
C_LOGISTIC_REGRESSION,1,1,173,meds,textual,coefficient,0.5663802508165167,0.5663802508165167,positive,128,74,233
C_LOGISTIC_REGRESSION,1,1,19,affects,textual,coefficient,-0.5627768475868342,0.5627768475868342,negative,129,252,55
C_LOGISTIC_REGRESSION,1,1,199,playing,textual,coefficient,-0.5550555893220838,0.5550555893220838,negative,130,251,56
C_LOGISTIC_REGRESSION,1,1,14,adhd sep,textual,coefficient,-0.5529173226028974,0.5529173226028974,negative,131,250,57
C_LOGISTIC_REGRESSION,1,1,90,experts answer,textual,coefficient,0.5502162085498258,0.5502162085498258,positive,132,75,232
C_LOGISTIC_REGRESSION,1,1,174,mental,textual,coefficient,0.5487614461871684,0.5487614461871684,positive,133,76,231
C_LOGISTIC_REGRESSION,1,1,69,doesn,textual,coefficient,-0.54704274865339,0.54704274865339,negative,134,249,58
C_LOGISTIC_REGRESSION,1,1,298,इपर,textual,coefficient,-0.5451093080601059,0.5451093080601059,negative,135,248,59
C_LOGISTIC_REGRESSION,1,1,6,adhd adhd,textual,coefficient,-0.5422992413335446,0.5422992413335446,negative,136,247,60
C_LOGISTIC_REGRESSION,1,1,237,stimulant,textual,coefficient,-0.5418619784436174,0.5418619784436174,negative,137,246,61
C_LOGISTIC_REGRESSION,1,1,40,care,textual,coefficient,-0.5418266841717424,0.5418266841717424,negative,138,245,62
C_LOGISTIC_REGRESSION,1,1,64,disorder,textual,coefficient,-0.5310696660571428,0.5310696660571428,negative,139,244,63
C_LOGISTIC_REGRESSION,1,1,206,psychiatrist,textual,coefficient,-0.5200955675764264,0.5200955675764264,negative,140,243,64
C_LOGISTIC_REGRESSION,1,1,105,friend,textual,coefficient,-0.5189921791753337,0.5189921791753337,negative,141,242,65
C_LOGISTIC_REGRESSION,1,1,231,signs adhd,textual,coefficient,-0.5110612592412094,0.5110612592412094,negative,142,241,66
C_LOGISTIC_REGRESSION,1,1,185,ocd,textual,coefficient,0.5108153827926983,0.5108153827926983,positive,143,77,230
C_LOGISTIC_REGRESSION,1,1,1,able,textual,coefficient,-0.5079887607260102,0.5079887607260102,negative,144,240,67
C_LOGISTIC_REGRESSION,1,1,3,actually,textual,coefficient,-0.507375370981231,0.507375370981231,negative,145,239,68
C_LOGISTIC_REGRESSION,1,1,51,create,textual,coefficient,0.506936856216302,0.506936856216302,positive,146,78,229
C_LOGISTIC_REGRESSION,1,1,99,feelings,textual,coefficient,0.5039018245346065,0.5039018245346065,positive,147,79,228
C_LOGISTIC_REGRESSION,1,1,84,example,textual,coefficient,-0.5038320713794897,0.5038320713794897,negative,148,238,69
C_LOGISTIC_REGRESSION,1,1,52,criteria,textual,coefficient,0.4984575683040659,0.4984575683040659,positive,149,80,227
C_LOGISTIC_REGRESSION,1,1,28,bad,textual,coefficient,-0.4929753879393852,0.4929753879393852,negative,150,237,70
C_LOGISTIC_REGRESSION,1,1,184,number,textual,coefficient,0.48940304171452914,0.48940304171452914,positive,151,81,226
C_LOGISTIC_REGRESSION,1,1,156,ll,textual,coefficient,-0.48639442658739956,0.48639442658739956,negative,152,236,71
C_LOGISTIC_REGRESSION,1,1,264,think,textual,coefficient,0.4852309464513554,0.4852309464513554,positive,153,82,225
C_LOGISTIC_REGRESSION,1,1,181,neurotypical,textual,coefficient,0.48513330940680155,0.48513330940680155,positive,154,83,224
C_LOGISTIC_REGRESSION,1,1,118,hear,textual,coefficient,-0.48253815221595237,0.48253815221595237,negative,155,235,72
C_LOGISTIC_REGRESSION,1,1,296,yeah,textual,coefficient,0.4783762604427362,0.4783762604427362,positive,156,84,223
C_LOGISTIC_REGRESSION,1,1,127,hyperactivity,textual,coefficient,-0.47556706319638065,0.47556706319638065,negative,157,234,73
C_LOGISTIC_REGRESSION,1,1,241,stress,textual,coefficient,-0.4721919786682469,0.4721919786682469,negative,158,233,74
C_LOGISTIC_REGRESSION,1,1,228,short,textual,coefficient,-0.4699699005939836,0.4699699005939836,negative,159,232,75
C_LOGISTIC_REGRESSION,1,1,87,exercise,textual,coefficient,0.4673777678392709,0.4673777678392709,positive,160,85,222
C_LOGISTIC_REGRESSION,1,1,89,experts,textual,coefficient,0.4592719514649816,0.4592719514649816,positive,161,86,221
C_LOGISTIC_REGRESSION,1,1,217,saying,textual,coefficient,0.45136060111274257,0.45136060111274257,positive,162,87,220
C_LOGISTIC_REGRESSION,1,1,30,behaviors,textual,coefficient,0.4484160127168514,0.4484160127168514,positive,163,88,219
C_LOGISTIC_REGRESSION,1,1,220,seen,textual,coefficient,0.4472965210618692,0.4472965210618692,positive,164,89,218
C_LOGISTIC_REGRESSION,1,1,8,adhd brain,textual,coefficient,-0.44051718880010377,0.44051718880010377,negative,165,231,76
C_LOGISTIC_REGRESSION,1,1,113,happens,textual,coefficient,-0.4344404224975545,0.4344404224975545,negative,166,230,77
C_LOGISTIC_REGRESSION,1,1,141,just,textual,coefficient,0.43441937846208845,0.43441937846208845,positive,167,90,217
C_LOGISTIC_REGRESSION,1,1,238,stimulants,textual,coefficient,-0.43313403507720266,0.43313403507720266,negative,168,229,78
C_LOGISTIC_REGRESSION,1,1,272,treatment,textual,coefficient,0.4250056060758473,0.4250056060758473,positive,169,91,216
C_LOGISTIC_REGRESSION,1,1,189,overwhelmed,textual,coefficient,0.4233799411249534,0.4233799411249534,positive,170,92,215
C_LOGISTIC_REGRESSION,1,1,222,sense,textual,coefficient,0.4204016589698015,0.4204016589698015,positive,171,93,214
C_LOGISTIC_REGRESSION,1,1,62,differently,textual,coefficient,-0.42034534198016643,0.42034534198016643,negative,172,228,79
C_LOGISTIC_REGRESSION,1,1,180,need,textual,coefficient,-0.4166450272041462,0.4166450272041462,negative,173,227,80
C_LOGISTIC_REGRESSION,1,1,171,medication,textual,coefficient,0.41335891607752606,0.41335891607752606,positive,174,94,213
C_LOGISTIC_REGRESSION,1,1,210,regulation,textual,coefficient,0.41262597513366533,0.41262597513366533,positive,175,95,212
C_LOGISTIC_REGRESSION,1,1,247,sugar,textual,coefficient,0.41171942632442776,0.41171942632442776,positive,176,96,211
C_LOGISTIC_REGRESSION,1,1,243,struggle,textual,coefficient,0.4110519096683836,0.4110519096683836,positive,177,97,210
C_LOGISTIC_REGRESSION,1,1,242,structure,textual,coefficient,0.41023972746264126,0.41023972746264126,positive,178,98,209
C_LOGISTIC_REGRESSION,1,1,79,emotional,textual,coefficient,0.40864179266081063,0.40864179266081063,positive,179,99,208
C_LOGISTIC_REGRESSION,1,1,154,little,textual,coefficient,-0.40191678001015585,0.40191678001015585,negative,180,226,81
C_LOGISTIC_REGRESSION,1,1,121,high,textual,coefficient,0.40185706404005445,0.40185706404005445,positive,181,100,207
C_LOGISTIC_REGRESSION,1,1,33,big,textual,coefficient,-0.39380520519447537,0.39380520519447537,negative,182,225,82
C_LOGISTIC_REGRESSION,1,1,271,treating adhd,textual,coefficient,-0.3932649742208239,0.3932649742208239,negative,183,224,83
C_LOGISTIC_REGRESSION,1,1,161,love,textual,coefficient,-0.3932638046965524,0.3932638046965524,negative,184,223,84
C_LOGISTIC_REGRESSION,1,1,192,pay,textual,coefficient,-0.38780977106692494,0.38780977106692494,negative,185,222,85
C_LOGISTIC_REGRESSION,1,1,76,easily,textual,coefficient,0.38721048757187876,0.38721048757187876,positive,186,101,206
C_LOGISTIC_REGRESSION,1,1,73,dr,textual,coefficient,-0.3847042607164324,0.3847042607164324,negative,187,221,86
C_LOGISTIC_REGRESSION,1,1,232,sit,textual,coefficient,-0.3831367063887939,0.3831367063887939,negative,188,220,87
C_LOGISTIC_REGRESSION,1,1,56,diagnosed,textual,coefficient,-0.3821895279377006,0.3821895279377006,negative,189,219,88
C_LOGISTIC_REGRESSION,1,1,182,neurotypical person,textual,coefficient,0.381880776962159,0.381880776962159,positive,190,102,205
C_LOGISTIC_REGRESSION,1,1,223,sensitive,textual,coefficient,-0.3808067176333704,0.3808067176333704,negative,191,218,89
C_LOGISTIC_REGRESSION,1,1,291,ways,textual,coefficient,0.37636207017198464,0.37636207017198464,positive,192,103,204
C_LOGISTIC_REGRESSION,1,1,29,behavior,textual,coefficient,-0.37469895513571505,0.37469895513571505,negative,193,217,90
C_LOGISTIC_REGRESSION,1,1,100,feels,textual,coefficient,-0.37103770768986094,0.37103770768986094,negative,194,216,91
C_LOGISTIC_REGRESSION,1,1,39,called,textual,coefficient,-0.3630964880877811,0.3630964880877811,negative,195,215,92
C_LOGISTIC_REGRESSION,1,1,148,lead,textual,coefficient,-0.36291263800564305,0.36291263800564305,negative,196,214,93
C_LOGISTIC_REGRESSION,1,1,41,certain,textual,coefficient,0.3581273999212021,0.3581273999212021,positive,197,104,203
C_LOGISTIC_REGRESSION,1,1,92,explained,textual,coefficient,-0.35545085400870186,0.35545085400870186,negative,198,213,94
C_LOGISTIC_REGRESSION,1,1,175,mind,textual,coefficient,-0.3421579266489412,0.3421579266489412,negative,199,212,95
C_LOGISTIC_REGRESSION,1,1,125,hyper,textual,coefficient,-0.3413959430828851,0.3413959430828851,negative,200,211,96
C_LOGISTIC_REGRESSION,1,1,253,talk,textual,coefficient,-0.33899040766310756,0.33899040766310756,negative,201,210,97
C_LOGISTIC_REGRESSION,1,1,250,symptoms,textual,coefficient,0.33407650177161435,0.33407650177161435,positive,202,105,202
C_LOGISTIC_REGRESSION,1,1,280,understand,textual,coefficient,0.33356278398515976,0.33356278398515976,positive,203,106,201
C_LOGISTIC_REGRESSION,1,1,270,treating,textual,coefficient,-0.3323655545167728,0.3323655545167728,negative,204,209,98
C_LOGISTIC_REGRESSION,1,1,77,eating,textual,coefficient,0.330958338020581,0.330958338020581,positive,205,107,200
C_LOGISTIC_REGRESSION,1,1,305,duration_sec,engagement_or_format,coefficient,-0.33032875474216844,0.33032875474216844,negative,206,208,99
C_LOGISTIC_REGRESSION,1,1,163,make,textual,coefficient,-0.32859724605472557,0.32859724605472557,negative,207,207,100
C_LOGISTIC_REGRESSION,1,1,46,comes,textual,coefficient,-0.32811349981345106,0.32811349981345106,negative,208,206,101
C_LOGISTIC_REGRESSION,1,1,25,audhd,textual,coefficient,0.3201364561095917,0.3201364561095917,positive,209,108,199
C_LOGISTIC_REGRESSION,1,1,111,got,textual,coefficient,-0.32006131032703866,0.32006131032703866,negative,210,205,102
C_LOGISTIC_REGRESSION,1,1,130,impulsive,textual,coefficient,0.3191411942491408,0.3191411942491408,positive,211,109,198
C_LOGISTIC_REGRESSION,1,1,301,hedge_score,handcrafted_linguistic,coefficient,0.3148030266103958,0.3148030266103958,positive,212,110,197
C_LOGISTIC_REGRESSION,1,1,93,fact,textual,coefficient,-0.306842870447692,0.306842870447692,negative,213,204,103
C_LOGISTIC_REGRESSION,1,1,188,options,textual,coefficient,-0.30013845300649067,0.30013845300649067,negative,214,203,104
C_LOGISTIC_REGRESSION,1,1,66,distracted,textual,coefficient,0.2989656935577391,0.2989656935577391,positive,215,111,196
C_LOGISTIC_REGRESSION,1,1,169,mean,textual,coefficient,-0.29812701169142364,0.29812701169142364,negative,216,202,105
C_LOGISTIC_REGRESSION,1,1,254,talking,textual,coefficient,-0.2969768004252035,0.2969768004252035,negative,217,201,106
C_LOGISTIC_REGRESSION,1,1,17,adult,textual,coefficient,0.29679522573784234,0.29679522573784234,positive,218,112,195
C_LOGISTIC_REGRESSION,1,1,58,did,textual,coefficient,0.2953088007325139,0.2953088007325139,positive,219,113,194
C_LOGISTIC_REGRESSION,1,1,106,friends,textual,coefficient,-0.29384653374532366,0.29384653374532366,negative,220,200,107
C_LOGISTIC_REGRESSION,1,1,255,task,textual,coefficient,-0.29324699266664067,0.29324699266664067,negative,221,199,108
C_LOGISTIC_REGRESSION,1,1,278,um,textual,coefficient,-0.29232974345996826,0.29232974345996826,negative,222,198,109
C_LOGISTIC_REGRESSION,1,1,27,autistic,textual,coefficient,-0.28872816710045873,0.28872816710045873,negative,223,197,110
C_LOGISTIC_REGRESSION,1,1,293,won,textual,coefficient,-0.28742800423068643,0.28742800423068643,negative,224,196,111
C_LOGISTIC_REGRESSION,1,1,142,kid,textual,coefficient,-0.28015995513539077,0.28015995513539077,negative,225,195,112
C_LOGISTIC_REGRESSION,1,1,197,phone,textual,coefficient,0.2619356400724722,0.2619356400724722,positive,226,114,193
C_LOGISTIC_REGRESSION,1,1,225,sensory,textual,coefficient,0.25635854718631895,0.25635854718631895,positive,227,115,192
C_LOGISTIC_REGRESSION,1,1,262,things,textual,coefficient,-0.255555935864707,0.255555935864707,negative,228,194,113
C_LOGISTIC_REGRESSION,1,1,209,really,textual,coefficient,0.25392104960158046,0.25392104960158046,positive,229,116,191
C_LOGISTIC_REGRESSION,1,1,266,time,textual,coefficient,-0.253676491897721,0.253676491897721,negative,230,193,114
C_LOGISTIC_REGRESSION,1,1,186,oh,textual,coefficient,0.25296704662388086,0.25296704662388086,positive,231,117,190
C_LOGISTIC_REGRESSION,1,1,126,hyperactive,textual,coefficient,-0.24973876683682147,0.24973876683682147,negative,232,192,115
C_LOGISTIC_REGRESSION,1,1,214,research,textual,coefficient,-0.23799315252605585,0.23799315252605585,negative,233,191,116
C_LOGISTIC_REGRESSION,1,1,190,parents,textual,coefficient,0.23455609187923956,0.23455609187923956,positive,234,118,189
C_LOGISTIC_REGRESSION,1,1,288,wait,textual,coefficient,-0.2340679882558442,0.2340679882558442,negative,235,190,117
C_LOGISTIC_REGRESSION,1,1,168,maybe,textual,coefficient,0.23376413529593745,0.23376413529593745,positive,236,119,188
C_LOGISTIC_REGRESSION,1,1,258,tend,textual,coefficient,-0.233747393800803,0.233747393800803,negative,237,189,118
C_LOGISTIC_REGRESSION,1,1,54,deficit,textual,coefficient,-0.2248899465457254,0.2248899465457254,negative,238,188,119
C_LOGISTIC_REGRESSION,1,1,249,sure,textual,coefficient,-0.22452461042365396,0.22452461042365396,negative,239,187,120
C_LOGISTIC_REGRESSION,1,1,240,strategies,textual,coefficient,-0.22414189462628428,0.22414189462628428,negative,240,186,121
C_LOGISTIC_REGRESSION,1,1,61,different,textual,coefficient,-0.22188743531292848,0.22188743531292848,negative,241,185,122
C_LOGISTIC_REGRESSION,1,1,151,light,textual,coefficient,0.2198410262672137,0.2198410262672137,positive,242,120,187
C_LOGISTIC_REGRESSION,1,1,65,disorders,textual,coefficient,-0.21948979748335312,0.21948979748335312,negative,243,184,123
C_LOGISTIC_REGRESSION,1,1,32,better,textual,coefficient,0.2176409486976784,0.2176409486976784,positive,244,121,186
C_LOGISTIC_REGRESSION,1,1,202,probably,textual,coefficient,-0.20868567574348887,0.20868567574348887,negative,245,183,124
C_LOGISTIC_REGRESSION,1,1,279,unable,textual,coefficient,0.19972016928442451,0.19972016928442451,positive,246,122,185
C_LOGISTIC_REGRESSION,1,1,104,forget,textual,coefficient,-0.19869926903020058,0.19869926903020058,negative,247,182,125
C_LOGISTIC_REGRESSION,1,1,112,great,textual,coefficient,-0.1986406189027355,0.1986406189027355,negative,248,181,126
C_LOGISTIC_REGRESSION,1,1,158,look,textual,coefficient,-0.19428112253488908,0.19428112253488908,negative,249,180,127
C_LOGISTIC_REGRESSION,1,1,42,challenges,textual,coefficient,0.18926091252796223,0.18926091252796223,positive,250,123,184
C_LOGISTIC_REGRESSION,1,1,53,day,textual,coefficient,0.18643419263207794,0.18643419263207794,positive,251,124,183
C_LOGISTIC_REGRESSION,1,1,123,highly,textual,coefficient,-0.18383552329458663,0.18383552329458663,negative,252,179,128
C_LOGISTIC_REGRESSION,1,1,138,isn,textual,coefficient,-0.17960430472202177,0.17960430472202177,negative,253,178,129
C_LOGISTIC_REGRESSION,1,1,20,anger,textual,coefficient,0.17374776113198312,0.17374776113198312,positive,254,125,182
C_LOGISTIC_REGRESSION,1,1,294,work,textual,coefficient,0.1717550471363372,0.1717550471363372,positive,255,126,181
C_LOGISTIC_REGRESSION,1,1,265,thinking,textual,coefficient,0.17044284882976984,0.17044284882976984,positive,256,127,180
C_LOGISTIC_REGRESSION,1,1,244,struggles,textual,coefficient,0.16843785903909733,0.16843785903909733,positive,257,128,179
C_LOGISTIC_REGRESSION,1,1,50,control,textual,coefficient,0.16271713094090245,0.16271713094090245,positive,258,129,178
C_LOGISTIC_REGRESSION,1,1,132,inattention,textual,coefficient,0.15938852732083128,0.15938852732083128,positive,259,130,177
C_LOGISTIC_REGRESSION,1,1,219,second,textual,coefficient,-0.1582101240373448,0.1582101240373448,negative,260,177,130
C_LOGISTIC_REGRESSION,1,1,67,doctor,textual,coefficient,-0.1527811857254437,0.1527811857254437,negative,261,176,131
C_LOGISTIC_REGRESSION,1,1,177,motivation,textual,coefficient,0.1501727788773494,0.1501727788773494,positive,262,131,176
C_LOGISTIC_REGRESSION,1,1,245,struggling,textual,coefficient,0.14690698125302742,0.14690698125302742,positive,263,132,175
C_LOGISTIC_REGRESSION,1,1,284,usually,textual,coefficient,-0.14299399504743726,0.14299399504743726,negative,264,175,132
C_LOGISTIC_REGRESSION,1,1,183,non,textual,coefficient,0.13393855352608303,0.13393855352608303,positive,265,133,174
C_LOGISTIC_REGRESSION,1,1,275,trying,textual,coefficient,0.13284499104114977,0.13284499104114977,positive,266,134,173
C_LOGISTIC_REGRESSION,1,1,75,early,textual,coefficient,0.1275467842535274,0.1275467842535274,positive,267,135,172
C_LOGISTIC_REGRESSION,1,1,200,poor,textual,coefficient,0.12213115171728924,0.12213115171728924,positive,268,136,171
C_LOGISTIC_REGRESSION,1,1,149,let,textual,coefficient,-0.12179615928024154,0.12179615928024154,negative,269,174,133
C_LOGISTIC_REGRESSION,1,1,286,ve got,textual,coefficient,0.1137371028513693,0.1137371028513693,positive,270,137,170
C_LOGISTIC_REGRESSION,1,1,194,people,textual,coefficient,0.11039532775187515,0.11039532775187515,positive,271,138,169
C_LOGISTIC_REGRESSION,1,1,101,focus,textual,coefficient,0.10880624629984999,0.10880624629984999,positive,272,139,168
C_LOGISTIC_REGRESSION,1,1,129,important,textual,coefficient,0.10465040338310327,0.10465040338310327,positive,273,140,167
C_LOGISTIC_REGRESSION,1,1,178,moving,textual,coefficient,-0.09985809124564826,0.09985809124564826,negative,274,173,134
C_LOGISTIC_REGRESSION,1,1,159,looking,textual,coefficient,0.09839737245847575,0.09839737245847575,positive,275,141,166
C_LOGISTIC_REGRESSION,1,1,201,present,textual,coefficient,-0.09795773328342697,0.09795773328342697,negative,276,172,135
C_LOGISTIC_REGRESSION,1,1,164,make sure,textual,coefficient,-0.09472051749201826,0.09472051749201826,negative,277,171,136
C_LOGISTIC_REGRESSION,1,1,98,feeling,textual,coefficient,-0.0916703276722188,0.0916703276722188,negative,278,170,137
C_LOGISTIC_REGRESSION,1,1,102,follow,textual,coefficient,-0.090533627008669,0.090533627008669,negative,279,169,138
C_LOGISTIC_REGRESSION,1,1,122,higher,textual,coefficient,0.08583123015708836,0.08583123015708836,positive,280,142,165
C_LOGISTIC_REGRESSION,1,1,80,emotions,textual,coefficient,-0.08544367808047171,0.08544367808047171,negative,281,168,139
C_LOGISTIC_REGRESSION,1,1,226,sep,textual,coefficient,-0.08520856113765475,0.08520856113765475,negative,282,167,140
C_LOGISTIC_REGRESSION,1,1,96,feel,textual,coefficient,0.08468886281450022,0.08468886281450022,positive,283,143,164
C_LOGISTIC_REGRESSION,1,1,91,explain,textual,coefficient,-0.08430251450833201,0.08430251450833201,negative,284,166,141
C_LOGISTIC_REGRESSION,1,1,10,adhd just,textual,coefficient,0.07919630797417491,0.07919630797417491,positive,285,144,163
C_LOGISTIC_REGRESSION,1,1,216,say,textual,coefficient,0.07273708579634759,0.07273708579634759,positive,286,145,162
C_LOGISTIC_REGRESSION,1,1,114,hard,textual,coefficient,-0.06680606841519202,0.06680606841519202,negative,287,165,142
C_LOGISTIC_REGRESSION,1,1,49,constantly,textual,coefficient,-0.06374323704422312,0.06374323704422312,negative,288,164,143
C_LOGISTIC_REGRESSION,1,1,83,everybody,textual,coefficient,-0.06351382960269338,0.06351382960269338,negative,289,163,144
C_LOGISTIC_REGRESSION,1,1,246,study,textual,coefficient,-0.06282750539142481,0.06282750539142481,negative,290,162,145
C_LOGISTIC_REGRESSION,1,1,235,sort,textual,coefficient,-0.05740352335053852,0.05740352335053852,negative,291,161,146
C_LOGISTIC_REGRESSION,1,1,24,attention,textual,coefficient,0.05310699859440901,0.05310699859440901,positive,292,146,161
C_LOGISTIC_REGRESSION,1,1,193,pay attention,textual,coefficient,0.05091554085018269,0.05091554085018269,positive,293,147,160
C_LOGISTIC_REGRESSION,1,1,283,using,textual,coefficient,0.028956643133293523,0.028956643133293523,positive,294,148,159
C_LOGISTIC_REGRESSION,1,1,300,certainty_score,handcrafted_linguistic,coefficient,-0.028586597006730313,0.028586597006730313,negative,295,160,147
C_LOGISTIC_REGRESSION,1,1,251,symptoms adhd,textual,coefficient,0.027745627667154358,0.027745627667154358,positive,296,149,158
C_LOGISTIC_REGRESSION,1,1,4,add,textual,coefficient,-0.026405681800777573,0.026405681800777573,negative,297,159,148
C_LOGISTIC_REGRESSION,1,1,176,minutes,textual,coefficient,-0.025361749349523854,0.025361749349523854,negative,298,158,149
C_LOGISTIC_REGRESSION,1,1,146,lack,textual,coefficient,-0.02444067177033414,0.02444067177033414,negative,299,157,150
C_LOGISTIC_REGRESSION,1,1,215,right,textual,coefficient,-0.024314491013157823,0.024314491013157823,negative,300,156,151
C_LOGISTIC_REGRESSION,1,1,135,information,textual,coefficient,-0.016307604471088182,0.016307604471088182,negative,301,155,152
C_LOGISTIC_REGRESSION,1,1,252,taking,textual,coefficient,-0.010104163698567791,0.010104163698567791,negative,302,154,153
C_LOGISTIC_REGRESSION,1,1,196,person,textual,coefficient,0.007237833152498212,0.007237833152498212,positive,303,150,157
C_LOGISTIC_REGRESSION,1,1,94,family,textual,coefficient,-0.0017605066213838274,0.0017605066213838274,negative,304,153,154
C_LOGISTIC_REGRESSION,1,1,165,making,textual,coefficient,0.0015987297426955467,0.0015987297426955467,positive,305,151,156
C_LOGISTIC_REGRESSION,1,1,116,having,textual,coefficient,-0.001067592146679045,0.001067592146679045,negative,306,152,155
C_LOGISTIC_REGRESSION,1,2,101,focus,textual,coefficient,2.277990941014008,2.277990941014008,positive,1,1,306
C_LOGISTIC_REGRESSION,1,2,171,medication,textual,coefficient,2.231055935244422,2.231055935244422,positive,2,2,305
C_LOGISTIC_REGRESSION,1,2,266,time,textual,coefficient,1.980531096039357,1.980531096039357,positive,3,3,304
C_LOGISTIC_REGRESSION,1,2,96,feel,textual,coefficient,-1.9654540656616242,1.9654540656616242,negative,4,306,1
C_LOGISTIC_REGRESSION,1,2,110,good,textual,coefficient,1.930325740287769,1.930325740287769,positive,5,4,303
C_LOGISTIC_REGRESSION,1,2,290,way,textual,coefficient,1.899529836577413,1.899529836577413,positive,6,5,302
C_LOGISTIC_REGRESSION,1,2,262,things,textual,coefficient,-1.821761467220412,1.821761467220412,negative,7,305,2
C_LOGISTIC_REGRESSION,1,2,150,life,textual,coefficient,-1.6805215917058907,1.6805215917058907,negative,8,304,3
C_LOGISTIC_REGRESSION,1,2,277,uh,textual,coefficient,1.6647387820863624,1.6647387820863624,positive,9,6,301
C_LOGISTIC_REGRESSION,1,2,299,एक,textual,coefficient,1.5814715621251596,1.5814715621251596,positive,10,7,300
C_LOGISTIC_REGRESSION,1,2,120,helps,textual,coefficient,-1.5354850585897002,1.5354850585897002,negative,11,303,4
C_LOGISTIC_REGRESSION,1,2,28,bad,textual,coefficient,-1.467786138169835,1.467786138169835,negative,12,302,5
C_LOGISTIC_REGRESSION,1,2,195,people adhd,textual,coefficient,1.4677312699604335,1.4677312699604335,positive,13,8,299
C_LOGISTIC_REGRESSION,1,2,117,health,textual,coefficient,-1.4672431547670723,1.4672431547670723,negative,14,301,6
C_LOGISTIC_REGRESSION,1,2,289,want,textual,coefficient,1.4451529079117438,1.4451529079117438,positive,15,9,298
C_LOGISTIC_REGRESSION,1,2,139,issues,textual,coefficient,1.4416797824746401,1.4416797824746401,positive,16,10,297
C_LOGISTIC_REGRESSION,1,2,220,seen,textual,coefficient,1.4250127232181105,1.4250127232181105,positive,17,11,296
C_LOGISTIC_REGRESSION,1,2,243,struggle,textual,coefficient,-1.4209430543770416,1.4209430543770416,negative,18,300,7
C_LOGISTIC_REGRESSION,1,2,147,late,textual,coefficient,-1.4204482748007954,1.4204482748007954,negative,19,299,8
C_LOGISTIC_REGRESSION,1,2,103,food,textual,coefficient,1.4140270668086417,1.4140270668086417,positive,20,12,295
C_LOGISTIC_REGRESSION,1,2,287,video,textual,coefficient,1.407802020971923,1.407802020971923,positive,21,13,294
C_LOGISTIC_REGRESSION,1,2,4,add,textual,coefficient,-1.3396089814189036,1.3396089814189036,negative,22,298,9
C_LOGISTIC_REGRESSION,1,2,221,self,textual,coefficient,1.3264570257044097,1.3264570257044097,positive,23,14,293
C_LOGISTIC_REGRESSION,1,2,145,know,textual,coefficient,-1.3240883182771452,1.3240883182771452,negative,24,297,10
C_LOGISTIC_REGRESSION,1,2,142,kid,textual,coefficient,1.315737639045413,1.315737639045413,positive,25,15,292
C_LOGISTIC_REGRESSION,1,2,71,don,textual,coefficient,1.307575020017297,1.307575020017297,positive,26,16,291
C_LOGISTIC_REGRESSION,1,2,146,lack,textual,coefficient,1.2846641383619262,1.2846641383619262,positive,27,17,290
C_LOGISTIC_REGRESSION,1,2,237,stimulant,textual,coefficient,1.2643493310188332,1.2643493310188332,positive,28,18,289
C_LOGISTIC_REGRESSION,1,2,62,differently,textual,coefficient,1.2562847520065317,1.2562847520065317,positive,29,19,288
C_LOGISTIC_REGRESSION,1,2,137,intense,textual,coefficient,1.2516150072635706,1.2516150072635706,positive,30,20,287
C_LOGISTIC_REGRESSION,1,2,162,low,textual,coefficient,-1.2274857026733255,1.2274857026733255,negative,31,296,11
C_LOGISTIC_REGRESSION,1,2,268,treat,textual,coefficient,-1.2172688084857204,1.2172688084857204,negative,32,295,12
C_LOGISTIC_REGRESSION,1,2,160,lot,textual,coefficient,-1.2041779478996693,1.2041779478996693,negative,33,294,13
C_LOGISTIC_REGRESSION,1,2,177,motivation,textual,coefficient,1.2008095473621885,1.2008095473621885,positive,34,21,286
C_LOGISTIC_REGRESSION,1,2,31,best,textual,coefficient,-1.1908981381505759,1.1908981381505759,negative,35,293,14
C_LOGISTIC_REGRESSION,1,2,259,term,textual,coefficient,-1.1825414423299005,1.1825414423299005,negative,36,292,15
C_LOGISTIC_REGRESSION,1,2,108,getting,textual,coefficient,1.1788780792976783,1.1788780792976783,positive,37,22,285
C_LOGISTIC_REGRESSION,1,2,298,इपर,textual,coefficient,1.1694719796266044,1.1694719796266044,positive,38,23,284
C_LOGISTIC_REGRESSION,1,2,238,stimulants,textual,coefficient,1.1681401587089981,1.1681401587089981,positive,39,24,283
C_LOGISTIC_REGRESSION,1,2,218,school,textual,coefficient,-1.1619241501170663,1.1619241501170663,negative,40,291,16
C_LOGISTIC_REGRESSION,1,2,88,experience,textual,coefficient,-1.1552703465323773,1.1552703465323773,negative,41,290,17
C_LOGISTIC_REGRESSION,1,2,19,affects,textual,coefficient,1.1510428003319912,1.1510428003319912,positive,42,25,282
C_LOGISTIC_REGRESSION,1,2,72,dopamine,textual,coefficient,-1.1434064584567754,1.1434064584567754,negative,43,289,18
C_LOGISTIC_REGRESSION,1,2,36,body,textual,coefficient,-1.1403907808637725,1.1403907808637725,negative,44,288,19
C_LOGISTIC_REGRESSION,1,2,154,little,textual,coefficient,1.1403446588975439,1.1403446588975439,positive,45,26,281
C_LOGISTIC_REGRESSION,1,2,39,called,textual,coefficient,-1.135968045614826,1.135968045614826,negative,46,287,20
C_LOGISTIC_REGRESSION,1,2,26,autism,textual,coefficient,-1.1123944990637396,1.1123944990637396,negative,47,286,21
C_LOGISTIC_REGRESSION,1,2,205,protein,textual,coefficient,-1.0812236230167132,1.0812236230167132,negative,48,285,22
C_LOGISTIC_REGRESSION,1,2,281,understanding,textual,coefficient,-1.073137896834981,1.073137896834981,negative,49,284,23
C_LOGISTIC_REGRESSION,1,2,170,means,textual,coefficient,1.0706164495988275,1.0706164495988275,positive,50,27,280
C_LOGISTIC_REGRESSION,1,2,258,tend,textual,coefficient,-1.070015714289556,1.070015714289556,negative,51,283,24
C_LOGISTIC_REGRESSION,1,2,97,feel like,textual,coefficient,-1.0565230214034813,1.0565230214034813,negative,52,282,25
C_LOGISTIC_REGRESSION,1,2,3,actually,textual,coefficient,1.0437502053228136,1.0437502053228136,positive,53,28,279
C_LOGISTIC_REGRESSION,1,2,223,sensitive,textual,coefficient,-1.0381053829675106,1.0381053829675106,negative,54,281,26
C_LOGISTIC_REGRESSION,1,2,119,help,textual,coefficient,-1.023491873336749,1.023491873336749,negative,55,280,27
C_LOGISTIC_REGRESSION,1,2,217,saying,textual,coefficient,-1.0037717333284584,1.0037717333284584,negative,56,279,28
C_LOGISTIC_REGRESSION,1,2,270,treating,textual,coefficient,-1.0034227346436393,1.0034227346436393,negative,57,278,29
C_LOGISTIC_REGRESSION,1,2,92,explained,textual,coefficient,0.9967839109873811,0.9967839109873811,positive,58,29,278
C_LOGISTIC_REGRESSION,1,2,73,dr,textual,coefficient,0.9958200980108108,0.9958200980108108,positive,59,30,277
C_LOGISTIC_REGRESSION,1,2,169,mean,textual,coefficient,0.982775258635453,0.982775258635453,positive,60,31,276
C_LOGISTIC_REGRESSION,1,2,257,tell,textual,coefficient,0.9804828690319507,0.9804828690319507,positive,61,32,275
C_LOGISTIC_REGRESSION,1,2,261,thing,textual,coefficient,-0.9791032275247955,0.9791032275247955,negative,62,277,30
C_LOGISTIC_REGRESSION,1,2,231,signs adhd,textual,coefficient,-0.9778246817488282,0.9778246817488282,negative,63,276,31
C_LOGISTIC_REGRESSION,1,2,42,challenges,textual,coefficient,-0.9729180770084348,0.9729180770084348,negative,64,275,32
C_LOGISTIC_REGRESSION,1,2,304,views,engagement_or_format,coefficient,0.9695562913159944,0.9695562913159944,positive,65,33,274
C_LOGISTIC_REGRESSION,1,2,134,increase,textual,coefficient,0.9665178375334915,0.9665178375334915,positive,66,34,273
C_LOGISTIC_REGRESSION,1,2,58,did,textual,coefficient,-0.9578379978713375,0.9578379978713375,negative,67,274,33
C_LOGISTIC_REGRESSION,1,2,14,adhd sep,textual,coefficient,-0.9386909060440143,0.9386909060440143,negative,68,273,34
C_LOGISTIC_REGRESSION,1,2,40,care,textual,coefficient,0.9375145498070926,0.9375145498070926,positive,69,35,272
C_LOGISTIC_REGRESSION,1,2,155,little bit,textual,coefficient,0.9355189363963815,0.9355189363963815,positive,70,36,271
C_LOGISTIC_REGRESSION,1,2,116,having,textual,coefficient,0.9202419396635783,0.9202419396635783,positive,71,37,270
C_LOGISTIC_REGRESSION,1,2,93,fact,textual,coefficient,0.9187829709525954,0.9187829709525954,positive,72,38,269
C_LOGISTIC_REGRESSION,1,2,157,long,textual,coefficient,-0.9132108646582472,0.9132108646582472,negative,73,272,35
C_LOGISTIC_REGRESSION,1,2,230,signs,textual,coefficient,-0.9121644634822007,0.9121644634822007,negative,74,271,36
C_LOGISTIC_REGRESSION,1,2,127,hyperactivity,textual,coefficient,0.9071256670086981,0.9071256670086981,positive,75,39,268
C_LOGISTIC_REGRESSION,1,2,21,answer,textual,coefficient,-0.9015347145657857,0.9015347145657857,negative,76,270,37
C_LOGISTIC_REGRESSION,1,2,129,important,textual,coefficient,-0.8804550993272912,0.8804550993272912,negative,77,269,38
C_LOGISTIC_REGRESSION,1,2,165,making,textual,coefficient,0.8468362961358672,0.8468362961358672,positive,78,40,267
C_LOGISTIC_REGRESSION,1,2,255,task,textual,coefficient,0.8451042658194354,0.8451042658194354,positive,79,41,266
C_LOGISTIC_REGRESSION,1,2,8,adhd brain,textual,coefficient,0.8445248596476141,0.8445248596476141,positive,80,42,265
C_LOGISTIC_REGRESSION,1,2,181,neurotypical,textual,coefficient,-0.8321667301081344,0.8321667301081344,negative,81,268,39
C_LOGISTIC_REGRESSION,1,2,60,difference,textual,coefficient,-0.8113289447638342,0.8113289447638342,negative,82,267,40
C_LOGISTIC_REGRESSION,1,2,233,sleep,textual,coefficient,-0.806966862156678,0.806966862156678,negative,83,266,41
C_LOGISTIC_REGRESSION,1,2,279,unable,textual,coefficient,0.7996757394436267,0.7996757394436267,positive,84,43,264
C_LOGISTIC_REGRESSION,1,2,29,behavior,textual,coefficient,0.7927311778116914,0.7927311778116914,positive,85,44,263
C_LOGISTIC_REGRESSION,1,2,65,disorders,textual,coefficient,-0.7852062383142083,0.7852062383142083,negative,86,265,42
C_LOGISTIC_REGRESSION,1,2,20,anger,textual,coefficient,-0.7849742986488646,0.7849742986488646,negative,87,264,43
C_LOGISTIC_REGRESSION,1,2,251,symptoms adhd,textual,coefficient,0.7807220010828531,0.7807220010828531,positive,88,45,262
C_LOGISTIC_REGRESSION,1,2,164,make sure,textual,coefficient,0.7793715291471899,0.7793715291471899,positive,89,46,261
C_LOGISTIC_REGRESSION,1,2,284,usually,textual,coefficient,0.7749852576345425,0.7749852576345425,positive,90,47,260
C_LOGISTIC_REGRESSION,1,2,102,follow,textual,coefficient,0.7720729591514895,0.7720729591514895,positive,91,48,259
C_LOGISTIC_REGRESSION,1,2,55,depression,textual,coefficient,0.7695304366238662,0.7695304366238662,positive,92,49,258
C_LOGISTIC_REGRESSION,1,2,61,different,textual,coefficient,0.7663408943675057,0.7663408943675057,positive,93,50,257
C_LOGISTIC_REGRESSION,1,2,149,let,textual,coefficient,0.7563163158854662,0.7563163158854662,positive,94,51,256
C_LOGISTIC_REGRESSION,1,2,201,present,textual,coefficient,0.7530497389962345,0.7530497389962345,positive,95,52,255
C_LOGISTIC_REGRESSION,1,2,291,ways,textual,coefficient,-0.7457642772272118,0.7457642772272118,negative,96,263,44
C_LOGISTIC_REGRESSION,1,2,78,effects,textual,coefficient,-0.7444900539253073,0.7444900539253073,negative,97,262,45
C_LOGISTIC_REGRESSION,1,2,47,common,textual,coefficient,-0.7338574542527371,0.7338574542527371,negative,98,261,46
C_LOGISTIC_REGRESSION,1,2,118,hear,textual,coefficient,0.7225458474376961,0.7225458474376961,positive,99,53,254
C_LOGISTIC_REGRESSION,1,2,173,meds,textual,coefficient,-0.7181675704478349,0.7181675704478349,negative,100,260,47
C_LOGISTIC_REGRESSION,1,2,105,friend,textual,coefficient,-0.7152124725637692,0.7152124725637692,negative,101,259,48
C_LOGISTIC_REGRESSION,1,2,271,treating adhd,textual,coefficient,-0.7138588859993507,0.7138588859993507,negative,102,258,49
C_LOGISTIC_REGRESSION,1,2,25,audhd,textual,coefficient,-0.7120513181834699,0.7120513181834699,negative,103,257,50
C_LOGISTIC_REGRESSION,1,2,204,problems,textual,coefficient,-0.7046904748421733,0.7046904748421733,negative,104,256,51
C_LOGISTIC_REGRESSION,1,2,222,sense,textual,coefficient,-0.7037146648824054,0.7037146648824054,negative,105,255,52
C_LOGISTIC_REGRESSION,1,2,239,stop,textual,coefficient,-0.7030874077245154,0.7030874077245154,negative,106,254,53
C_LOGISTIC_REGRESSION,1,2,283,using,textual,coefficient,0.6910157058376418,0.6910157058376418,positive,107,54,253
C_LOGISTIC_REGRESSION,1,2,212,relationships,textual,coefficient,-0.6894532863016486,0.6894532863016486,negative,108,253,54
C_LOGISTIC_REGRESSION,1,2,109,going,textual,coefficient,-0.68637082913127,0.68637082913127,negative,109,252,55
C_LOGISTIC_REGRESSION,1,2,250,symptoms,textual,coefficient,0.6823290296879092,0.6823290296879092,positive,110,55,252
C_LOGISTIC_REGRESSION,1,2,91,explain,textual,coefficient,-0.6794698257054986,0.6794698257054986,negative,111,251,56
C_LOGISTIC_REGRESSION,1,2,94,family,textual,coefficient,-0.677710610718501,0.677710610718501,negative,112,250,57
C_LOGISTIC_REGRESSION,1,2,35,blindness,textual,coefficient,0.6726300061820244,0.6726300061820244,positive,113,56,250
C_LOGISTIC_REGRESSION,1,2,267,time blindness,textual,coefficient,0.6726300061820244,0.6726300061820244,positive,113,56,250
C_LOGISTIC_REGRESSION,1,2,274,try,textual,coefficient,0.6723363181221033,0.6723363181221033,positive,115,58,249
C_LOGISTIC_REGRESSION,1,2,185,ocd,textual,coefficient,-0.6688149414674748,0.6688149414674748,negative,116,249,58
C_LOGISTIC_REGRESSION,1,2,295,world,textual,coefficient,-0.6635003779600043,0.6635003779600043,negative,117,248,59
C_LOGISTIC_REGRESSION,1,2,79,emotional,textual,coefficient,-0.6623380372578453,0.6623380372578453,negative,118,247,60
C_LOGISTIC_REGRESSION,1,2,68,does,textual,coefficient,-0.65912712866373,0.65912712866373,negative,119,246,61
C_LOGISTIC_REGRESSION,1,2,224,sensitivity,textual,coefficient,0.6488193343047086,0.6488193343047086,positive,120,59,248
C_LOGISTIC_REGRESSION,1,2,98,feeling,textual,coefficient,0.6458286624932174,0.6458286624932174,positive,121,60,247
C_LOGISTIC_REGRESSION,1,2,84,example,textual,coefficient,-0.6448636712447725,0.6448636712447725,negative,122,245,62
C_LOGISTIC_REGRESSION,1,2,151,light,textual,coefficient,0.6354899438112865,0.6354899438112865,positive,123,61,246
C_LOGISTIC_REGRESSION,1,2,45,come,textual,coefficient,-0.6292619744874344,0.6292619744874344,negative,124,244,63
C_LOGISTIC_REGRESSION,1,2,121,high,textual,coefficient,-0.6242552761914876,0.6242552761914876,negative,125,243,64
C_LOGISTIC_REGRESSION,1,2,192,pay,textual,coefficient,-0.6236426378920289,0.6236426378920289,negative,126,242,65
C_LOGISTIC_REGRESSION,1,2,136,instead,textual,coefficient,-0.6167702135856513,0.6167702135856513,negative,127,241,66
C_LOGISTIC_REGRESSION,1,2,210,regulation,textual,coefficient,0.6098993702269799,0.6098993702269799,positive,128,62,245
C_LOGISTIC_REGRESSION,1,2,187,okay,textual,coefficient,0.6084113512870245,0.6084113512870245,positive,129,63,244
C_LOGISTIC_REGRESSION,1,2,67,doctor,textual,coefficient,0.6045638122116952,0.6045638122116952,positive,130,64,243
C_LOGISTIC_REGRESSION,1,2,166,manage,textual,coefficient,-0.6039248354450897,0.6039248354450897,negative,131,240,67
C_LOGISTIC_REGRESSION,1,2,203,problem,textual,coefficient,-0.6033581893076558,0.6033581893076558,negative,132,239,68
C_LOGISTIC_REGRESSION,1,2,168,maybe,textual,coefficient,-0.5995202975693364,0.5995202975693364,negative,133,238,69
C_LOGISTIC_REGRESSION,1,2,293,won,textual,coefficient,-0.595505250696689,0.595505250696689,negative,134,237,70
C_LOGISTIC_REGRESSION,1,2,114,hard,textual,coefficient,-0.5807226556242503,0.5807226556242503,negative,135,236,71
C_LOGISTIC_REGRESSION,1,2,99,feelings,textual,coefficient,0.5787517986720663,0.5787517986720663,positive,136,65,242
C_LOGISTIC_REGRESSION,1,2,115,harder,textual,coefficient,-0.5769383835073031,0.5769383835073031,negative,137,235,72
C_LOGISTIC_REGRESSION,1,2,95,fast,textual,coefficient,0.5748840846617098,0.5748840846617098,positive,138,66,241
C_LOGISTIC_REGRESSION,1,2,193,pay attention,textual,coefficient,-0.5748448017190261,0.5748448017190261,negative,139,234,73
C_LOGISTIC_REGRESSION,1,2,135,information,textual,coefficient,-0.5723716985465107,0.5723716985465107,negative,140,233,74
C_LOGISTIC_REGRESSION,1,2,76,easily,textual,coefficient,0.5685501317912401,0.5685501317912401,positive,141,67,240
C_LOGISTIC_REGRESSION,1,2,128,impact,textual,coefficient,-0.5542208075057288,0.5542208075057288,negative,142,232,75
C_LOGISTIC_REGRESSION,1,2,130,impulsive,textual,coefficient,0.5500498420961798,0.5500498420961798,positive,143,68,239
C_LOGISTIC_REGRESSION,1,2,249,sure,textual,coefficient,0.5492283292740844,0.5492283292740844,positive,144,69,238
C_LOGISTIC_REGRESSION,1,2,104,forget,textual,coefficient,-0.5465867024261581,0.5465867024261581,negative,145,231,76
C_LOGISTIC_REGRESSION,1,2,254,talking,textual,coefficient,0.5421498940816888,0.5421498940816888,positive,146,70,237
C_LOGISTIC_REGRESSION,1,2,180,need,textual,coefficient,0.5399364811170639,0.5399364811170639,positive,147,71,236
C_LOGISTIC_REGRESSION,1,2,44,children,textual,coefficient,0.5381784027705215,0.5381784027705215,positive,148,72,235
C_LOGISTIC_REGRESSION,1,2,234,social,textual,coefficient,-0.5344343852300948,0.5344343852300948,negative,149,230,77
C_LOGISTIC_REGRESSION,1,2,74,drugs,textual,coefficient,-0.529580055127777,0.529580055127777,negative,150,229,78
C_LOGISTIC_REGRESSION,1,2,144,kind,textual,coefficient,-0.5288060249457015,0.5288060249457015,negative,151,228,79
C_LOGISTIC_REGRESSION,1,2,83,everybody,textual,coefficient,-0.5275650556296685,0.5275650556296685,negative,152,227,80
C_LOGISTIC_REGRESSION,1,2,85,executive,textual,coefficient,-0.5274815133305892,0.5274815133305892,negative,153,226,81
C_LOGISTIC_REGRESSION,1,2,132,inattention,textual,coefficient,0.5274351452540855,0.5274351452540855,positive,154,73,234
C_LOGISTIC_REGRESSION,1,2,213,remember,textual,coefficient,0.5256228250060827,0.5256228250060827,positive,155,74,233
C_LOGISTIC_REGRESSION,1,2,182,neurotypical person,textual,coefficient,-0.5254821417600745,0.5254821417600745,negative,156,225,82
C_LOGISTIC_REGRESSION,1,2,106,friends,textual,coefficient,-0.5219487292422115,0.5219487292422115,negative,157,224,83
C_LOGISTIC_REGRESSION,1,2,184,number,textual,coefficient,-0.5186138860298731,0.5186138860298731,negative,158,223,84
C_LOGISTIC_REGRESSION,1,2,253,talk,textual,coefficient,0.5154355082219773,0.5154355082219773,positive,159,75,232
C_LOGISTIC_REGRESSION,1,2,229,sign,textual,coefficient,-0.5122478864923071,0.5122478864923071,negative,160,222,85
C_LOGISTIC_REGRESSION,1,2,153,like adhd,textual,coefficient,-0.5114989121844113,0.5114989121844113,negative,161,221,86
C_LOGISTIC_REGRESSION,1,2,167,management,textual,coefficient,-0.5055402097540753,0.5055402097540753,negative,162,220,87
C_LOGISTIC_REGRESSION,1,2,12,adhd medication,textual,coefficient,-0.5043717359659542,0.5043717359659542,negative,163,219,88
C_LOGISTIC_REGRESSION,1,2,113,happens,textual,coefficient,0.501836727156651,0.501836727156651,positive,164,76,231
C_LOGISTIC_REGRESSION,1,2,186,oh,textual,coefficient,0.4998841686525973,0.4998841686525973,positive,165,77,230
C_LOGISTIC_REGRESSION,1,2,46,comes,textual,coefficient,0.4994687902285836,0.4994687902285836,positive,166,78,229
C_LOGISTIC_REGRESSION,1,2,70,doing,textual,coefficient,-0.4942371263937255,0.4942371263937255,negative,167,218,89
C_LOGISTIC_REGRESSION,1,2,80,emotions,textual,coefficient,0.4931374064495446,0.4931374064495446,positive,168,79,228
C_LOGISTIC_REGRESSION,1,2,303,comments,engagement_or_format,coefficient,-0.4871608499023641,0.4871608499023641,negative,169,217,90
C_LOGISTIC_REGRESSION,1,2,215,right,textual,coefficient,0.4820169953117515,0.4820169953117515,positive,170,80,227
C_LOGISTIC_REGRESSION,1,2,34,bit,textual,coefficient,0.4774298309463525,0.4774298309463525,positive,171,81,226
C_LOGISTIC_REGRESSION,1,2,152,like,textual,coefficient,-0.4744717265255989,0.4744717265255989,negative,172,216,91
C_LOGISTIC_REGRESSION,1,2,123,highly,textual,coefficient,0.46531676678362116,0.46531676678362116,positive,173,82,225
C_LOGISTIC_REGRESSION,1,2,278,um,textual,coefficient,0.44929006472081046,0.44929006472081046,positive,174,83,224
C_LOGISTIC_REGRESSION,1,2,188,options,textual,coefficient,0.441713472945166,0.441713472945166,positive,175,84,223
C_LOGISTIC_REGRESSION,1,2,245,struggling,textual,coefficient,-0.4414903012832335,0.4414903012832335,negative,176,215,92
C_LOGISTIC_REGRESSION,1,2,161,love,textual,coefficient,-0.43905028323765727,0.43905028323765727,negative,177,214,93
C_LOGISTIC_REGRESSION,1,2,126,hyperactive,textual,coefficient,-0.43795599878283614,0.43795599878283614,negative,178,213,94
C_LOGISTIC_REGRESSION,1,2,232,sit,textual,coefficient,0.43624935671396536,0.43624935671396536,positive,179,85,222
C_LOGISTIC_REGRESSION,1,2,256,tasks,textual,coefficient,-0.43512706396112233,0.43512706396112233,negative,180,212,95
C_LOGISTIC_REGRESSION,1,2,269,treated,textual,coefficient,0.4274507703495816,0.4274507703495816,positive,181,86,221
C_LOGISTIC_REGRESSION,1,2,200,poor,textual,coefficient,-0.4252035064930008,0.4252035064930008,negative,182,211,96
C_LOGISTIC_REGRESSION,1,2,225,sensory,textual,coefficient,0.4251330969976088,0.4251330969976088,positive,183,87,220
C_LOGISTIC_REGRESSION,1,2,158,look,textual,coefficient,0.4250059347844056,0.4250059347844056,positive,184,88,219
C_LOGISTIC_REGRESSION,1,2,81,end,textual,coefficient,-0.4132133760186084,0.4132133760186084,negative,185,210,97
C_LOGISTIC_REGRESSION,1,2,16,adhd women,textual,coefficient,0.41018612376481123,0.41018612376481123,positive,186,89,218
C_LOGISTIC_REGRESSION,1,2,41,certain,textual,coefficient,-0.4045096259412355,0.4045096259412355,negative,187,209,98
C_LOGISTIC_REGRESSION,1,2,30,behaviors,textual,coefficient,0.40384974975910864,0.40384974975910864,positive,188,90,217
C_LOGISTIC_REGRESSION,1,2,209,really,textual,coefficient,0.40325701560196003,0.40325701560196003,positive,189,91,216
C_LOGISTIC_REGRESSION,1,2,302,likes,engagement_or_format,coefficient,-0.3994352707008594,0.3994352707008594,negative,190,208,99
C_LOGISTIC_REGRESSION,1,2,241,stress,textual,coefficient,-0.39412655826655785,0.39412655826655785,negative,191,207,100
C_LOGISTIC_REGRESSION,1,2,247,sugar,textual,coefficient,0.38103169730994646,0.38103169730994646,positive,192,92,215
C_LOGISTIC_REGRESSION,1,2,22,answer sep,textual,coefficient,-0.38069759067945935,0.38069759067945935,negative,193,206,101
C_LOGISTIC_REGRESSION,1,2,140,job,textual,coefficient,0.37561797911648714,0.37561797911648714,positive,194,93,214
C_LOGISTIC_REGRESSION,1,2,53,day,textual,coefficient,-0.37461541248077573,0.37461541248077573,negative,195,205,102
C_LOGISTIC_REGRESSION,1,2,33,big,textual,coefficient,-0.3706958378215337,0.3706958378215337,negative,196,204,103
C_LOGISTIC_REGRESSION,1,2,246,study,textual,coefficient,-0.3604608575873591,0.3604608575873591,negative,197,203,104
C_LOGISTIC_REGRESSION,1,2,219,second,textual,coefficient,-0.3551110571035424,0.3551110571035424,negative,198,202,105
C_LOGISTIC_REGRESSION,1,2,207,quickly,textual,coefficient,-0.3531852204014677,0.3531852204014677,negative,199,201,106
C_LOGISTIC_REGRESSION,1,2,122,higher,textual,coefficient,-0.3517989811109342,0.3517989811109342,negative,200,200,107
C_LOGISTIC_REGRESSION,1,2,216,say,textual,coefficient,-0.35176638666354076,0.35176638666354076,negative,201,199,108
C_LOGISTIC_REGRESSION,1,2,90,experts answer,textual,coefficient,-0.3505805372600507,0.3505805372600507,negative,202,198,109
C_LOGISTIC_REGRESSION,1,2,174,mental,textual,coefficient,0.34929348929759124,0.34929348929759124,positive,203,94,213
C_LOGISTIC_REGRESSION,1,2,77,eating,textual,coefficient,0.3491138667654466,0.3491138667654466,positive,204,95,212
C_LOGISTIC_REGRESSION,1,2,63,difficulty,textual,coefficient,-0.3471683727907923,0.3471683727907923,negative,205,197,110
C_LOGISTIC_REGRESSION,1,2,305,duration_sec,engagement_or_format,coefficient,0.34618867660256303,0.34618867660256303,positive,206,96,211
C_LOGISTIC_REGRESSION,1,2,43,child,textual,coefficient,-0.34585839303560056,0.34585839303560056,negative,207,196,111
C_LOGISTIC_REGRESSION,1,2,172,medications,textual,coefficient,-0.3394544903360887,0.3394544903360887,negative,208,195,112
C_LOGISTIC_REGRESSION,1,2,206,psychiatrist,textual,coefficient,-0.3387700993508416,0.3387700993508416,negative,209,194,113
C_LOGISTIC_REGRESSION,1,2,296,yeah,textual,coefficient,0.3387562223206232,0.3387562223206232,positive,210,97,210
C_LOGISTIC_REGRESSION,1,2,189,overwhelmed,textual,coefficient,-0.3383335579604607,0.3383335579604607,negative,211,193,114
C_LOGISTIC_REGRESSION,1,2,138,isn,textual,coefficient,-0.33728302171986985,0.33728302171986985,negative,212,192,115
C_LOGISTIC_REGRESSION,1,2,292,women,textual,coefficient,0.33458010686190554,0.33458010686190554,positive,213,98,209
C_LOGISTIC_REGRESSION,1,2,211,rejection,textual,coefficient,-0.33349630257654017,0.33349630257654017,negative,214,191,116
C_LOGISTIC_REGRESSION,1,2,235,sort,textual,coefficient,-0.3314926212525389,0.3314926212525389,negative,215,190,117
C_LOGISTIC_REGRESSION,1,2,159,looking,textual,coefficient,0.32251166966965994,0.32251166966965994,positive,216,99,208
C_LOGISTIC_REGRESSION,1,2,196,person,textual,coefficient,-0.3215285463390243,0.3215285463390243,negative,217,189,118
C_LOGISTIC_REGRESSION,1,2,300,certainty_score,handcrafted_linguistic,coefficient,-0.31974379512150236,0.31974379512150236,negative,218,188,119
C_LOGISTIC_REGRESSION,1,2,176,minutes,textual,coefficient,-0.3168358488969517,0.3168358488969517,negative,219,187,120
C_LOGISTIC_REGRESSION,1,2,32,better,textual,coefficient,-0.3138661781111946,0.3138661781111946,negative,220,186,121
C_LOGISTIC_REGRESSION,1,2,125,hyper,textual,coefficient,-0.3117097368415315,0.3117097368415315,negative,221,185,122
C_LOGISTIC_REGRESSION,1,2,49,constantly,textual,coefficient,-0.310370377517706,0.310370377517706,negative,222,184,123
C_LOGISTIC_REGRESSION,1,2,51,create,textual,coefficient,-0.30922243290657453,0.30922243290657453,negative,223,183,124
C_LOGISTIC_REGRESSION,1,2,248,support,textual,coefficient,0.3009217609037478,0.3009217609037478,positive,224,100,207
C_LOGISTIC_REGRESSION,1,2,86,executive function,textual,coefficient,0.28389545610396216,0.28389545610396216,positive,225,101,206
C_LOGISTIC_REGRESSION,1,2,13,adhd real,textual,coefficient,0.27962171612529785,0.27962171612529785,positive,226,102,205
C_LOGISTIC_REGRESSION,1,2,52,criteria,textual,coefficient,0.27470109003521126,0.27470109003521126,positive,227,103,204
C_LOGISTIC_REGRESSION,1,2,1,able,textual,coefficient,-0.264479384309309,0.264479384309309,negative,228,182,125
C_LOGISTIC_REGRESSION,1,2,82,especially,textual,coefficient,-0.2623264106323179,0.2623264106323179,negative,229,181,126
C_LOGISTIC_REGRESSION,1,2,301,hedge_score,handcrafted_linguistic,coefficient,0.2620502459125153,0.2620502459125153,positive,230,104,203
C_LOGISTIC_REGRESSION,1,2,131,impulsivity,textual,coefficient,-0.25554432245221675,0.25554432245221675,negative,231,180,127
C_LOGISTIC_REGRESSION,1,2,0,10,textual,coefficient,0.2510383131858619,0.2510383131858619,positive,232,105,202
C_LOGISTIC_REGRESSION,1,2,38,brains,textual,coefficient,0.24894233753051018,0.24894233753051018,positive,233,106,201
C_LOGISTIC_REGRESSION,1,2,64,disorder,textual,coefficient,-0.2393086698924109,0.2393086698924109,negative,234,179,128
C_LOGISTIC_REGRESSION,1,2,133,inattentive,textual,coefficient,-0.23273627545753167,0.23273627545753167,negative,235,178,129
C_LOGISTIC_REGRESSION,1,2,198,physical,textual,coefficient,-0.2311797771789193,0.2311797771789193,negative,236,177,130
C_LOGISTIC_REGRESSION,1,2,228,short,textual,coefficient,0.23102284445314394,0.23102284445314394,positive,237,107,200
C_LOGISTIC_REGRESSION,1,2,18,adults,textual,coefficient,-0.22825506253589797,0.22825506253589797,negative,238,176,131
C_LOGISTIC_REGRESSION,1,2,57,diagnosis,textual,coefficient,0.22799372982760518,0.22799372982760518,positive,239,108,199
C_LOGISTIC_REGRESSION,1,2,69,doesn,textual,coefficient,-0.22797548531810166,0.22797548531810166,negative,240,175,132
C_LOGISTIC_REGRESSION,1,2,285,ve,textual,coefficient,-0.225741232328281,0.225741232328281,negative,241,174,133
C_LOGISTIC_REGRESSION,1,2,7,adhd autism,textual,coefficient,-0.2257154411320499,0.2257154411320499,negative,242,173,134
C_LOGISTIC_REGRESSION,1,2,17,adult,textual,coefficient,0.22512939938159016,0.22512939938159016,positive,243,109,198
C_LOGISTIC_REGRESSION,1,2,112,great,textual,coefficient,-0.21724824149382665,0.21724824149382665,negative,244,172,135
C_LOGISTIC_REGRESSION,1,2,191,patients,textual,coefficient,0.21625267443602225,0.21625267443602225,positive,245,110,197
C_LOGISTIC_REGRESSION,1,2,199,playing,textual,coefficient,-0.21172333428921994,0.21172333428921994,negative,246,171,136
C_LOGISTIC_REGRESSION,1,2,23,anxiety,textual,coefficient,-0.2099478831412735,0.2099478831412735,negative,247,170,137
C_LOGISTIC_REGRESSION,1,2,50,control,textual,coefficient,-0.20437640692639897,0.20437640692639897,negative,248,169,138
C_LOGISTIC_REGRESSION,1,2,111,got,textual,coefficient,-0.2036813524350836,0.2036813524350836,negative,249,168,139
C_LOGISTIC_REGRESSION,1,2,75,early,textual,coefficient,-0.20254689621449715,0.20254689621449715,negative,250,167,140
C_LOGISTIC_REGRESSION,1,2,48,condition,textual,coefficient,0.19926566185615924,0.19926566185615924,positive,251,111,196
C_LOGISTIC_REGRESSION,1,2,240,strategies,textual,coefficient,-0.19832342027584654,0.19832342027584654,negative,252,166,141
C_LOGISTIC_REGRESSION,1,2,10,adhd just,textual,coefficient,-0.19698439351288946,0.19698439351288946,negative,253,165,142
C_LOGISTIC_REGRESSION,1,2,148,lead,textual,coefficient,0.19468967378332963,0.19468967378332963,positive,254,112,195
C_LOGISTIC_REGRESSION,1,2,194,people,textual,coefficient,-0.19144678123820302,0.19144678123820302,negative,255,164,143
C_LOGISTIC_REGRESSION,1,2,163,make,textual,coefficient,0.18721896033706212,0.18721896033706212,positive,256,113,194
C_LOGISTIC_REGRESSION,1,2,273,trouble,textual,coefficient,-0.18458278023477942,0.18458278023477942,negative,257,163,144
C_LOGISTIC_REGRESSION,1,2,179,music,textual,coefficient,0.17878560849769562,0.17878560849769562,positive,258,114,193
C_LOGISTIC_REGRESSION,1,2,2,activity,textual,coefficient,0.17745372538437743,0.17745372538437743,positive,259,115,192
C_LOGISTIC_REGRESSION,1,2,236,start,textual,coefficient,-0.17581755253077222,0.17581755253077222,negative,260,162,145
C_LOGISTIC_REGRESSION,1,2,124,home,textual,coefficient,0.17537873472146207,0.17537873472146207,positive,261,116,191
C_LOGISTIC_REGRESSION,1,2,260,therapy,textual,coefficient,0.17486289201644123,0.17486289201644123,positive,262,117,190
C_LOGISTIC_REGRESSION,1,2,264,think,textual,coefficient,0.16653515541722289,0.16653515541722289,positive,263,118,189
C_LOGISTIC_REGRESSION,1,2,252,taking,textual,coefficient,-0.16319422254447324,0.16319422254447324,negative,264,161,146
C_LOGISTIC_REGRESSION,1,2,24,attention,textual,coefficient,-0.16281045461541524,0.16281045461541524,negative,265,160,147
C_LOGISTIC_REGRESSION,1,2,208,real,textual,coefficient,-0.15938280994084683,0.15938280994084683,negative,266,159,148
C_LOGISTIC_REGRESSION,1,2,100,feels,textual,coefficient,0.152030232831771,0.152030232831771,positive,267,119,188
C_LOGISTIC_REGRESSION,1,2,175,mind,textual,coefficient,0.14904340179127207,0.14904340179127207,positive,268,120,187
C_LOGISTIC_REGRESSION,1,2,15,adhd symptoms,textual,coefficient,-0.14561615806640554,0.14561615806640554,negative,269,158,149
C_LOGISTIC_REGRESSION,1,2,178,moving,textual,coefficient,-0.14328578568144687,0.14328578568144687,negative,270,157,150
C_LOGISTIC_REGRESSION,1,2,214,research,textual,coefficient,0.14133501115669847,0.14133501115669847,positive,271,121,186
C_LOGISTIC_REGRESSION,1,2,11,adhd like,textual,coefficient,-0.13217024394372276,0.13217024394372276,negative,272,156,151
C_LOGISTIC_REGRESSION,1,2,54,deficit,textual,coefficient,-0.12767195734590153,0.12767195734590153,negative,273,155,152
C_LOGISTIC_REGRESSION,1,2,87,exercise,textual,coefficient,-0.11925651742457409,0.11925651742457409,negative,274,154,153
C_LOGISTIC_REGRESSION,1,2,275,trying,textual,coefficient,-0.11810716104270332,0.11810716104270332,negative,275,153,154
C_LOGISTIC_REGRESSION,1,2,297,years,textual,coefficient,-0.11619762261410342,0.11619762261410342,negative,276,152,155
C_LOGISTIC_REGRESSION,1,2,183,non,textual,coefficient,0.11063980673804275,0.11063980673804275,positive,277,122,185
C_LOGISTIC_REGRESSION,1,2,197,phone,textual,coefficient,0.11040776252514754,0.11040776252514754,positive,278,123,184
C_LOGISTIC_REGRESSION,1,2,280,understand,textual,coefficient,-0.10313751867577747,0.10313751867577747,negative,279,151,156
C_LOGISTIC_REGRESSION,1,2,5,adhd,textual,coefficient,-0.09187484921091586,0.09187484921091586,negative,280,150,157
C_LOGISTIC_REGRESSION,1,2,202,probably,textual,coefficient,-0.08713601039323804,0.08713601039323804,negative,281,149,158
C_LOGISTIC_REGRESSION,1,2,66,distracted,textual,coefficient,-0.08504850942753249,0.08504850942753249,negative,282,148,159
C_LOGISTIC_REGRESSION,1,2,244,struggles,textual,coefficient,0.08208369918727054,0.08208369918727054,positive,283,124,183
C_LOGISTIC_REGRESSION,1,2,56,diagnosed,textual,coefficient,-0.08198818869032604,0.08198818869032604,negative,284,147,160
C_LOGISTIC_REGRESSION,1,2,226,sep,textual,coefficient,-0.08185331141057733,0.08185331141057733,negative,285,146,161
C_LOGISTIC_REGRESSION,1,2,286,ve got,textual,coefficient,0.07986665136656237,0.07986665136656237,positive,286,125,182
C_LOGISTIC_REGRESSION,1,2,141,just,textual,coefficient,-0.06920043808907936,0.06920043808907936,negative,287,145,162
C_LOGISTIC_REGRESSION,1,2,276,turn,textual,coefficient,-0.0653571497710003,0.0653571497710003,negative,288,144,163
C_LOGISTIC_REGRESSION,1,2,227,sep adhd,textual,coefficient,-0.06065470701067578,0.06065470701067578,negative,289,143,164
C_LOGISTIC_REGRESSION,1,2,265,thinking,textual,coefficient,0.06061062815499908,0.06061062815499908,positive,290,126,181
C_LOGISTIC_REGRESSION,1,2,282,use,textual,coefficient,-0.05987149995410153,0.05987149995410153,negative,291,142,165
C_LOGISTIC_REGRESSION,1,2,37,brain,textual,coefficient,0.05762018168984694,0.05762018168984694,positive,292,127,180
C_LOGISTIC_REGRESSION,1,2,156,ll,textual,coefficient,-0.05201569395317556,0.05201569395317556,negative,293,141,166
C_LOGISTIC_REGRESSION,1,2,288,wait,textual,coefficient,0.04829017050681962,0.04829017050681962,positive,294,128,179
C_LOGISTIC_REGRESSION,1,2,263,things like,textual,coefficient,0.03693632139859061,0.03693632139859061,positive,295,129,178
C_LOGISTIC_REGRESSION,1,2,9,adhd diagnosis,textual,coefficient,-0.028474658950037077,0.028474658950037077,negative,296,140,167
C_LOGISTIC_REGRESSION,1,2,89,experts,textual,coefficient,-0.023649636105259466,0.023649636105259466,negative,297,139,168
C_LOGISTIC_REGRESSION,1,2,143,kids,textual,coefficient,-0.018322714387338717,0.018322714387338717,negative,298,138,169
C_LOGISTIC_REGRESSION,1,2,6,adhd adhd,textual,coefficient,-0.016929883809359194,0.016929883809359194,negative,299,137,170
C_LOGISTIC_REGRESSION,1,2,272,treatment,textual,coefficient,-0.01559391515488001,0.01559391515488001,negative,300,136,171
C_LOGISTIC_REGRESSION,1,2,190,parents,textual,coefficient,-0.013204300955695542,0.013204300955695542,negative,301,135,172
C_LOGISTIC_REGRESSION,1,2,294,work,textual,coefficient,0.011964671383300646,0.011964671383300646,positive,302,130,177
C_LOGISTIC_REGRESSION,1,2,59,diet,textual,coefficient,0.008370548094103302,0.008370548094103302,positive,303,131,176
C_LOGISTIC_REGRESSION,1,2,107,function,textual,coefficient,-0.007742300151948971,0.007742300151948971,negative,304,134,173
C_LOGISTIC_REGRESSION,1,2,27,autistic,textual,coefficient,-0.005267202387732772,0.005267202387732772,negative,305,133,174
C_LOGISTIC_REGRESSION,1,2,242,structure,textual,coefficient,-0.0024859769880993697,0.0024859769880993697,negative,306,132,175
C_LOGISTIC_REGRESSION,1,3,268,treat,textual,coefficient,2.503654459449606,2.503654459449606,positive,1,1,306
C_LOGISTIC_REGRESSION,1,3,162,low,textual,coefficient,2.4859987225886306,2.4859987225886306,positive,2,2,305
C_LOGISTIC_REGRESSION,1,3,258,tend,textual,coefficient,2.056907059195537,2.056907059195537,positive,3,3,304
C_LOGISTIC_REGRESSION,1,3,212,relationships,textual,coefficient,2.0260653565853755,2.0260653565853755,positive,4,4,303
C_LOGISTIC_REGRESSION,1,3,157,long,textual,coefficient,1.8997797208961633,1.8997797208961633,positive,5,5,302
C_LOGISTIC_REGRESSION,1,3,108,getting,textual,coefficient,-1.7162756928349339,1.7162756928349339,negative,6,306,1
C_LOGISTIC_REGRESSION,1,3,129,important,textual,coefficient,1.6972096803002303,1.6972096803002303,positive,7,6,301
C_LOGISTIC_REGRESSION,1,3,84,example,textual,coefficient,1.677869771567752,1.677869771567752,positive,8,7,300
C_LOGISTIC_REGRESSION,1,3,133,inattentive,textual,coefficient,1.5933724794431559,1.5933724794431559,positive,9,8,299
C_LOGISTIC_REGRESSION,1,3,23,anxiety,textual,coefficient,-1.5178805832924056,1.5178805832924056,negative,10,305,2
C_LOGISTIC_REGRESSION,1,3,39,called,textual,coefficient,1.486830932664711,1.486830932664711,positive,11,9,298
C_LOGISTIC_REGRESSION,1,3,146,lack,textual,coefficient,-1.4676426040044808,1.4676426040044808,negative,12,304,3
C_LOGISTIC_REGRESSION,1,3,156,ll,textual,coefficient,1.46532028681315,1.46532028681315,positive,13,10,297
C_LOGISTIC_REGRESSION,1,3,292,women,textual,coefficient,1.424007604624314,1.424007604624314,positive,14,11,296
C_LOGISTIC_REGRESSION,1,3,53,day,textual,coefficient,1.404835761340958,1.404835761340958,positive,15,12,295
C_LOGISTIC_REGRESSION,1,3,211,rejection,textual,coefficient,1.4006340954754646,1.4006340954754646,positive,16,13,294
C_LOGISTIC_REGRESSION,1,3,282,use,textual,coefficient,1.4002432516020418,1.4002432516020418,positive,17,14,293
C_LOGISTIC_REGRESSION,1,3,220,seen,textual,coefficient,-1.3912569677506377,1.3912569677506377,negative,18,303,4
C_LOGISTIC_REGRESSION,1,3,114,hard,textual,coefficient,1.3712877443888478,1.3712877443888478,positive,19,15,292
C_LOGISTIC_REGRESSION,1,3,261,thing,textual,coefficient,1.369929841396254,1.369929841396254,positive,20,16,291
C_LOGISTIC_REGRESSION,1,3,196,person,textual,coefficient,1.337797688986016,1.337797688986016,positive,21,17,290
C_LOGISTIC_REGRESSION,1,3,65,disorders,textual,coefficient,1.3205328624978439,1.3205328624978439,positive,22,18,289
C_LOGISTIC_REGRESSION,1,3,259,term,textual,coefficient,1.2828766351096592,1.2828766351096592,positive,23,19,288
C_LOGISTIC_REGRESSION,1,3,7,adhd autism,textual,coefficient,-1.2754687254472759,1.2754687254472759,negative,24,302,5
C_LOGISTIC_REGRESSION,1,3,171,medication,textual,coefficient,-1.249541206198553,1.249541206198553,negative,25,301,6
C_LOGISTIC_REGRESSION,1,3,287,video,textual,coefficient,-1.2453955430408137,1.2453955430408137,negative,26,300,7
C_LOGISTIC_REGRESSION,1,3,241,stress,textual,coefficient,-1.2283613043779769,1.2283613043779769,negative,27,299,8
C_LOGISTIC_REGRESSION,1,3,224,sensitivity,textual,coefficient,1.2278181442820846,1.2278181442820846,positive,28,20,287
C_LOGISTIC_REGRESSION,1,3,206,psychiatrist,textual,coefficient,-1.2202081583635678,1.2202081583635678,negative,29,298,9
C_LOGISTIC_REGRESSION,1,3,123,highly,textual,coefficient,-1.2003297113235512,1.2003297113235512,negative,30,297,10
C_LOGISTIC_REGRESSION,1,3,295,world,textual,coefficient,1.198363039340768,1.198363039340768,positive,31,21,286
C_LOGISTIC_REGRESSION,1,3,302,likes,engagement_or_format,coefficient,1.1967758106340571,1.1967758106340571,positive,32,22,285
C_LOGISTIC_REGRESSION,1,3,286,ve got,textual,coefficient,-1.196111569446102,1.196111569446102,negative,33,296,11
C_LOGISTIC_REGRESSION,1,3,203,problem,textual,coefficient,1.1655892984135758,1.1655892984135758,positive,34,23,284
C_LOGISTIC_REGRESSION,1,3,179,music,textual,coefficient,-1.1613252423413805,1.1613252423413805,negative,35,295,12
C_LOGISTIC_REGRESSION,1,3,34,bit,textual,coefficient,1.1165330675671776,1.1165330675671776,positive,36,24,283
C_LOGISTIC_REGRESSION,1,3,104,forget,textual,coefficient,1.110180031715487,1.110180031715487,positive,37,25,282
C_LOGISTIC_REGRESSION,1,3,49,constantly,textual,coefficient,1.1072550000928243,1.1072550000928243,positive,38,26,281
C_LOGISTIC_REGRESSION,1,3,126,hyperactive,textual,coefficient,1.1023381316191014,1.1023381316191014,positive,39,27,280
C_LOGISTIC_REGRESSION,1,3,266,time,textual,coefficient,-1.0954402450678837,1.0954402450678837,negative,40,294,13
C_LOGISTIC_REGRESSION,1,3,131,impulsivity,textual,coefficient,-1.088457676622946,1.088457676622946,negative,41,293,14
C_LOGISTIC_REGRESSION,1,3,219,second,textual,coefficient,1.080362100136211,1.080362100136211,positive,42,28,279
C_LOGISTIC_REGRESSION,1,3,5,adhd,textual,coefficient,-1.0774930113641052,1.0774930113641052,negative,43,292,15
C_LOGISTIC_REGRESSION,1,3,239,stop,textual,coefficient,-1.0664773199210893,1.0664773199210893,negative,44,291,16
C_LOGISTIC_REGRESSION,1,3,16,adhd women,textual,coefficient,1.0556063102654982,1.0556063102654982,positive,45,29,278
C_LOGISTIC_REGRESSION,1,3,59,diet,textual,coefficient,1.046733084556609,1.046733084556609,positive,46,30,277
C_LOGISTIC_REGRESSION,1,3,199,playing,textual,coefficient,1.0459185846625862,1.0459185846625862,positive,47,31,276
C_LOGISTIC_REGRESSION,1,3,180,need,textual,coefficient,1.0390626450321867,1.0390626450321867,positive,48,32,275
C_LOGISTIC_REGRESSION,1,3,88,experience,textual,coefficient,1.034597225024798,1.034597225024798,positive,49,33,274
C_LOGISTIC_REGRESSION,1,3,56,diagnosed,textual,coefficient,1.0339788239145802,1.0339788239145802,positive,50,34,273
C_LOGISTIC_REGRESSION,1,3,269,treated,textual,coefficient,-1.0330150298512493,1.0330150298512493,negative,51,290,17
C_LOGISTIC_REGRESSION,1,3,82,especially,textual,coefficient,-1.025172252408966,1.025172252408966,negative,52,289,18
C_LOGISTIC_REGRESSION,1,3,101,focus,textual,coefficient,-1.0238181652026594,1.0238181652026594,negative,53,288,19
C_LOGISTIC_REGRESSION,1,3,198,physical,textual,coefficient,-1.005434080539435,1.005434080539435,negative,54,287,20
C_LOGISTIC_REGRESSION,1,3,163,make,textual,coefficient,1.0048545529605188,1.0048545529605188,positive,55,35,272
C_LOGISTIC_REGRESSION,1,3,107,function,textual,coefficient,-1.001303184779767,1.001303184779767,negative,56,286,21
C_LOGISTIC_REGRESSION,1,3,95,fast,textual,coefficient,0.9949156674215235,0.9949156674215235,positive,57,36,271
C_LOGISTIC_REGRESSION,1,3,161,love,textual,coefficient,0.9783857227351265,0.9783857227351265,positive,58,37,270
C_LOGISTIC_REGRESSION,1,3,202,probably,textual,coefficient,0.971647425515835,0.971647425515835,positive,59,38,269
C_LOGISTIC_REGRESSION,1,3,42,challenges,textual,coefficient,0.969307332591469,0.969307332591469,positive,60,39,268
C_LOGISTIC_REGRESSION,1,3,262,things,textual,coefficient,0.9659072814762769,0.9659072814762769,positive,61,40,267
C_LOGISTIC_REGRESSION,1,3,64,disorder,textual,coefficient,0.9129777248381739,0.9129777248381739,positive,62,41,266
C_LOGISTIC_REGRESSION,1,3,61,different,textual,coefficient,-0.9094399376988473,0.9094399376988473,negative,63,285,22
C_LOGISTIC_REGRESSION,1,3,135,information,textual,coefficient,0.8834629342534737,0.8834629342534737,positive,64,42,265
C_LOGISTIC_REGRESSION,1,3,246,study,textual,coefficient,0.8787876507118675,0.8787876507118675,positive,65,43,264
C_LOGISTIC_REGRESSION,1,3,134,increase,textual,coefficient,0.8597297643489753,0.8597297643489753,positive,66,44,263
C_LOGISTIC_REGRESSION,1,3,213,remember,textual,coefficient,0.8502290311921917,0.8502290311921917,positive,67,45,262
C_LOGISTIC_REGRESSION,1,3,204,problems,textual,coefficient,-0.8494966401919487,0.8494966401919487,negative,68,284,23
C_LOGISTIC_REGRESSION,1,3,230,signs,textual,coefficient,-0.8489806064854393,0.8489806064854393,negative,69,283,24
C_LOGISTIC_REGRESSION,1,3,86,executive function,textual,coefficient,-0.8459882547064087,0.8459882547064087,negative,70,282,25
C_LOGISTIC_REGRESSION,1,3,141,just,textual,coefficient,0.841890293855457,0.841890293855457,positive,71,46,261
C_LOGISTIC_REGRESSION,1,3,36,body,textual,coefficient,0.8371438386816527,0.8371438386816527,positive,72,47,260
C_LOGISTIC_REGRESSION,1,3,99,feelings,textual,coefficient,-0.8347354561171982,0.8347354561171982,negative,73,281,26
C_LOGISTIC_REGRESSION,1,3,299,एक,textual,coefficient,-0.8317407673468475,0.8317407673468475,negative,74,280,27
C_LOGISTIC_REGRESSION,1,3,243,struggle,textual,coefficient,-0.8266800592333821,0.8266800592333821,negative,75,279,28
C_LOGISTIC_REGRESSION,1,3,51,create,textual,coefficient,-0.8141270244969164,0.8141270244969164,negative,76,278,29
C_LOGISTIC_REGRESSION,1,3,296,yeah,textual,coefficient,-0.8001407413184317,0.8001407413184317,negative,77,277,30
C_LOGISTIC_REGRESSION,1,3,142,kid,textual,coefficient,-0.7984215164769315,0.7984215164769315,negative,78,276,31
C_LOGISTIC_REGRESSION,1,3,37,brain,textual,coefficient,0.7968271083653433,0.7968271083653433,positive,79,48,259
C_LOGISTIC_REGRESSION,1,3,279,unable,textual,coefficient,-0.7867988003991369,0.7867988003991369,negative,80,275,32
C_LOGISTIC_REGRESSION,1,3,119,help,textual,coefficient,0.7713270280061514,0.7713270280061514,positive,81,49,258
C_LOGISTIC_REGRESSION,1,3,31,best,textual,coefficient,-0.7712909727048534,0.7712909727048534,negative,82,274,33
C_LOGISTIC_REGRESSION,1,3,207,quickly,textual,coefficient,-0.7607395983512673,0.7607395983512673,negative,83,273,34
C_LOGISTIC_REGRESSION,1,3,290,way,textual,coefficient,-0.760512266732039,0.760512266732039,negative,84,272,35
C_LOGISTIC_REGRESSION,1,3,47,common,textual,coefficient,-0.7538258541886987,0.7538258541886987,negative,85,271,36
C_LOGISTIC_REGRESSION,1,3,177,motivation,textual,coefficient,-0.7430057277472644,0.7430057277472644,negative,86,270,37
C_LOGISTIC_REGRESSION,1,3,83,everybody,textual,coefficient,-0.7411520449812464,0.7411520449812464,negative,87,269,38
C_LOGISTIC_REGRESSION,1,3,304,views,engagement_or_format,coefficient,-0.7409624723954057,0.7409624723954057,negative,88,268,39
C_LOGISTIC_REGRESSION,1,3,87,exercise,textual,coefficient,-0.7350892530867296,0.7350892530867296,negative,89,267,40
C_LOGISTIC_REGRESSION,1,3,197,phone,textual,coefficient,-0.7282060582224739,0.7282060582224739,negative,90,266,41
C_LOGISTIC_REGRESSION,1,3,181,neurotypical,textual,coefficient,0.7230041344431761,0.7230041344431761,positive,91,50,257
C_LOGISTIC_REGRESSION,1,3,140,job,textual,coefficient,-0.7215574758016208,0.7215574758016208,negative,92,265,42
C_LOGISTIC_REGRESSION,1,3,147,late,textual,coefficient,0.7206928855370678,0.7206928855370678,positive,93,51,256
C_LOGISTIC_REGRESSION,1,3,288,wait,textual,coefficient,0.7128790293358532,0.7128790293358532,positive,94,52,255
C_LOGISTIC_REGRESSION,1,3,15,adhd symptoms,textual,coefficient,-0.7095567652160717,0.7095567652160717,negative,95,264,43
C_LOGISTIC_REGRESSION,1,3,77,eating,textual,coefficient,-0.7020958909302506,0.7020958909302506,negative,96,263,44
C_LOGISTIC_REGRESSION,1,3,277,uh,textual,coefficient,0.696312741750892,0.696312741750892,positive,97,53,254
C_LOGISTIC_REGRESSION,1,3,273,trouble,textual,coefficient,-0.6942955376946682,0.6942955376946682,negative,98,262,45
C_LOGISTIC_REGRESSION,1,3,215,right,textual,coefficient,-0.6849928516688721,0.6849928516688721,negative,99,261,46
C_LOGISTIC_REGRESSION,1,3,240,strategies,textual,coefficient,0.6800554723832724,0.6800554723832724,positive,100,54,253
C_LOGISTIC_REGRESSION,1,3,11,adhd like,textual,coefficient,-0.6752522166325573,0.6752522166325573,negative,101,260,47
C_LOGISTIC_REGRESSION,1,3,255,task,textual,coefficient,0.6727735878850891,0.6727735878850891,positive,102,55,252
C_LOGISTIC_REGRESSION,1,3,184,number,textual,coefficient,-0.6718602599149534,0.6718602599149534,negative,103,259,48
C_LOGISTIC_REGRESSION,1,3,58,did,textual,coefficient,0.6700631152936718,0.6700631152936718,positive,104,56,251
C_LOGISTIC_REGRESSION,1,3,178,moving,textual,coefficient,0.6690382102326703,0.6690382102326703,positive,105,57,250
C_LOGISTIC_REGRESSION,1,3,174,mental,textual,coefficient,-0.6614329300076837,0.6614329300076837,negative,106,258,49
C_LOGISTIC_REGRESSION,1,3,62,differently,textual,coefficient,-0.651433373412032,0.651433373412032,negative,107,257,50
C_LOGISTIC_REGRESSION,1,3,274,try,textual,coefficient,-0.6508148898061257,0.6508148898061257,negative,108,256,51
C_LOGISTIC_REGRESSION,1,3,94,family,textual,coefficient,0.6407267741206027,0.6407267741206027,positive,109,58,249
C_LOGISTIC_REGRESSION,1,3,117,health,textual,coefficient,0.6403404309496217,0.6403404309496217,positive,110,59,248
C_LOGISTIC_REGRESSION,1,3,25,audhd,textual,coefficient,0.6395965934498841,0.6395965934498841,positive,111,60,247
C_LOGISTIC_REGRESSION,1,3,210,regulation,textual,coefficient,-0.6205660082215984,0.6205660082215984,negative,112,255,52
C_LOGISTIC_REGRESSION,1,3,275,trying,textual,coefficient,0.619091524163718,0.619091524163718,positive,113,61,246
C_LOGISTIC_REGRESSION,1,3,200,poor,textual,coefficient,-0.616607548038572,0.616607548038572,negative,114,254,53
C_LOGISTIC_REGRESSION,1,3,3,actually,textual,coefficient,-0.6060077378898091,0.6060077378898091,negative,115,253,54
C_LOGISTIC_REGRESSION,1,3,32,better,textual,coefficient,0.6015347222315313,0.6015347222315313,positive,116,62,245
C_LOGISTIC_REGRESSION,1,3,70,doing,textual,coefficient,-0.6013128771437973,0.6013128771437973,negative,117,252,55
C_LOGISTIC_REGRESSION,1,3,297,years,textual,coefficient,0.5912101235293493,0.5912101235293493,positive,118,63,244
C_LOGISTIC_REGRESSION,1,3,175,mind,textual,coefficient,0.5900705789808584,0.5900705789808584,positive,119,64,243
C_LOGISTIC_REGRESSION,1,3,187,okay,textual,coefficient,0.5881601264817219,0.5881601264817219,positive,120,65,242
C_LOGISTIC_REGRESSION,1,3,158,look,textual,coefficient,0.5866768547589427,0.5866768547589427,positive,121,66,241
C_LOGISTIC_REGRESSION,1,3,52,criteria,textual,coefficient,-0.5853598237398434,0.5853598237398434,negative,122,251,56
C_LOGISTIC_REGRESSION,1,3,298,इपर,textual,coefficient,-0.584985264742628,0.584985264742628,negative,123,250,57
C_LOGISTIC_REGRESSION,1,3,50,control,textual,coefficient,0.5849836626885143,0.5849836626885143,positive,124,67,240
C_LOGISTIC_REGRESSION,1,3,165,making,textual,coefficient,-0.5790206662144857,0.5790206662144857,negative,125,249,58
C_LOGISTIC_REGRESSION,1,3,151,light,textual,coefficient,-0.5751899152303563,0.5751899152303563,negative,126,248,59
C_LOGISTIC_REGRESSION,1,3,96,feel,textual,coefficient,0.5618275839106126,0.5618275839106126,positive,127,68,239
C_LOGISTIC_REGRESSION,1,3,150,life,textual,coefficient,0.5617130526022904,0.5617130526022904,positive,128,69,238
C_LOGISTIC_REGRESSION,1,3,264,think,textual,coefficient,-0.5423521779839018,0.5423521779839018,negative,129,247,60
C_LOGISTIC_REGRESSION,1,3,128,impact,textual,coefficient,-0.5251590800428045,0.5251590800428045,negative,130,246,61
C_LOGISTIC_REGRESSION,1,3,48,condition,textual,coefficient,-0.5222472618657479,0.5222472618657479,negative,131,245,62
C_LOGISTIC_REGRESSION,1,3,291,ways,textual,coefficient,0.5028088373315819,0.5028088373315819,positive,132,70,237
C_LOGISTIC_REGRESSION,1,3,143,kids,textual,coefficient,-0.5013249618146728,0.5013249618146728,negative,133,244,63
C_LOGISTIC_REGRESSION,1,3,26,autism,textual,coefficient,-0.4969788962053239,0.4969788962053239,negative,134,243,64
C_LOGISTIC_REGRESSION,1,3,98,feeling,textual,coefficient,-0.49269531128877203,0.49269531128877203,negative,135,242,65
C_LOGISTIC_REGRESSION,1,3,9,adhd diagnosis,textual,coefficient,-0.49198877496009585,0.49198877496009585,negative,136,241,66
C_LOGISTIC_REGRESSION,1,3,76,easily,textual,coefficient,-0.48758999789555274,0.48758999789555274,negative,137,240,67
C_LOGISTIC_REGRESSION,1,3,43,child,textual,coefficient,0.48297649416718197,0.48297649416718197,positive,138,71,236
C_LOGISTIC_REGRESSION,1,3,248,support,textual,coefficient,-0.477464112597233,0.477464112597233,negative,139,239,68
C_LOGISTIC_REGRESSION,1,3,33,big,textual,coefficient,0.47688175275458156,0.47688175275458156,positive,140,72,235
C_LOGISTIC_REGRESSION,1,3,130,impulsive,textual,coefficient,-0.4731875533453373,0.4731875533453373,negative,141,238,69
C_LOGISTIC_REGRESSION,1,3,79,emotional,textual,coefficient,-0.4728566191362703,0.4728566191362703,negative,142,237,70
C_LOGISTIC_REGRESSION,1,3,113,happens,textual,coefficient,0.47203248730492653,0.47203248730492653,positive,143,73,234
C_LOGISTIC_REGRESSION,1,3,245,struggling,textual,coefficient,0.470943750458387,0.470943750458387,positive,144,74,233
C_LOGISTIC_REGRESSION,1,3,29,behavior,textual,coefficient,-0.4661867501337242,0.4661867501337242,negative,145,236,71
C_LOGISTIC_REGRESSION,1,3,247,sugar,textual,coefficient,-0.46245662175361557,0.46245662175361557,negative,146,235,72
C_LOGISTIC_REGRESSION,1,3,30,behaviors,textual,coefficient,-0.45870083174561194,0.45870083174561194,negative,147,234,73
C_LOGISTIC_REGRESSION,1,3,235,sort,textual,coefficient,0.4582171990642915,0.4582171990642915,positive,148,75,232
C_LOGISTIC_REGRESSION,1,3,46,comes,textual,coefficient,-0.45766753475898486,0.45766753475898486,negative,149,233,74
C_LOGISTIC_REGRESSION,1,3,85,executive,textual,coefficient,-0.45659206984758677,0.45659206984758677,negative,150,232,75
C_LOGISTIC_REGRESSION,1,3,227,sep adhd,textual,coefficient,-0.4519445412306447,0.4519445412306447,negative,151,231,76
C_LOGISTIC_REGRESSION,1,3,189,overwhelmed,textual,coefficient,0.4509384969318466,0.4509384969318466,positive,152,76,231
C_LOGISTIC_REGRESSION,1,3,38,brains,textual,coefficient,-0.44594651959838405,0.44594651959838405,negative,153,230,77
C_LOGISTIC_REGRESSION,1,3,13,adhd real,textual,coefficient,-0.44264835379153905,0.44264835379153905,negative,154,229,78
C_LOGISTIC_REGRESSION,1,3,1,able,textual,coefficient,0.44023841919435786,0.44023841919435786,positive,155,77,230
C_LOGISTIC_REGRESSION,1,3,249,sure,textual,coefficient,0.4376153153870383,0.4376153153870383,positive,156,78,229
C_LOGISTIC_REGRESSION,1,3,294,work,textual,coefficient,0.43753392040639183,0.43753392040639183,positive,157,79,228
C_LOGISTIC_REGRESSION,1,3,186,oh,textual,coefficient,-0.43674490013954925,0.43674490013954925,negative,158,228,79
C_LOGISTIC_REGRESSION,1,3,132,inattention,textual,coefficient,-0.43484224654752157,0.43484224654752157,negative,159,227,80
C_LOGISTIC_REGRESSION,1,3,24,attention,textual,coefficient,-0.4340498254964091,0.4340498254964091,negative,160,226,81
C_LOGISTIC_REGRESSION,1,3,116,having,textual,coefficient,-0.43354199436536844,0.43354199436536844,negative,161,225,82
C_LOGISTIC_REGRESSION,1,3,122,higher,textual,coefficient,-0.4311145448264232,0.4311145448264232,negative,162,224,83
C_LOGISTIC_REGRESSION,1,3,252,taking,textual,coefficient,0.42494238639407345,0.42494238639407345,positive,163,80,227
C_LOGISTIC_REGRESSION,1,3,283,using,textual,coefficient,-0.4190017424123372,0.4190017424123372,negative,164,223,84
C_LOGISTIC_REGRESSION,1,3,81,end,textual,coefficient,-0.41666473843632706,0.41666473843632706,negative,165,222,85
C_LOGISTIC_REGRESSION,1,3,10,adhd just,textual,coefficient,0.41435655406010896,0.41435655406010896,positive,166,81,226
C_LOGISTIC_REGRESSION,1,3,236,start,textual,coefficient,-0.4099443579297305,0.4099443579297305,negative,167,221,86
C_LOGISTIC_REGRESSION,1,3,223,sensitive,textual,coefficient,0.40636288780538604,0.40636288780538604,positive,168,82,225
C_LOGISTIC_REGRESSION,1,3,136,instead,textual,coefficient,-0.40423606737548434,0.40423606737548434,negative,169,220,87
C_LOGISTIC_REGRESSION,1,3,182,neurotypical person,textual,coefficient,0.40302192481468896,0.40302192481468896,positive,170,83,224
C_LOGISTIC_REGRESSION,1,3,109,going,textual,coefficient,-0.40301117284562377,0.40301117284562377,negative,171,219,88
C_LOGISTIC_REGRESSION,1,3,12,adhd medication,textual,coefficient,-0.40139167244862656,0.40139167244862656,negative,172,218,89
C_LOGISTIC_REGRESSION,1,3,257,tell,textual,coefficient,0.40135109151136866,0.40135109151136866,positive,173,84,223
C_LOGISTIC_REGRESSION,1,3,238,stimulants,textual,coefficient,-0.4006836847768141,0.4006836847768141,negative,174,217,90
C_LOGISTIC_REGRESSION,1,3,92,explained,textual,coefficient,-0.39780409394538574,0.39780409394538574,negative,175,216,91
C_LOGISTIC_REGRESSION,1,3,300,certainty_score,handcrafted_linguistic,coefficient,-0.39758800191879645,0.39758800191879645,negative,176,215,92
C_LOGISTIC_REGRESSION,1,3,278,um,textual,coefficient,-0.3953461492602881,0.3953461492602881,negative,177,214,93
C_LOGISTIC_REGRESSION,1,3,100,feels,textual,coefficient,-0.39001905738847636,0.39001905738847636,negative,178,213,94
C_LOGISTIC_REGRESSION,1,3,144,kind,textual,coefficient,-0.3878436921506399,0.3878436921506399,negative,179,212,95
C_LOGISTIC_REGRESSION,1,3,256,tasks,textual,coefficient,-0.3852097804309443,0.3852097804309443,negative,180,211,96
C_LOGISTIC_REGRESSION,1,3,228,short,textual,coefficient,0.385154095330498,0.385154095330498,positive,181,85,222
C_LOGISTIC_REGRESSION,1,3,112,great,textual,coefficient,-0.37874555165972845,0.37874555165972845,negative,182,210,97
C_LOGISTIC_REGRESSION,1,3,280,understand,textual,coefficient,-0.37687057177050315,0.37687057177050315,negative,183,209,98
C_LOGISTIC_REGRESSION,1,3,73,dr,textual,coefficient,-0.37537495832328194,0.37537495832328194,negative,184,208,99
C_LOGISTIC_REGRESSION,1,3,2,activity,textual,coefficient,-0.3641121828273816,0.3641121828273816,negative,185,207,100
C_LOGISTIC_REGRESSION,1,3,28,bad,textual,coefficient,0.36296863046246175,0.36296863046246175,positive,186,86,221
C_LOGISTIC_REGRESSION,1,3,102,follow,textual,coefficient,-0.357944075291539,0.357944075291539,negative,187,206,101
C_LOGISTIC_REGRESSION,1,3,54,deficit,textual,coefficient,0.35736085431207454,0.35736085431207454,positive,188,87,220
C_LOGISTIC_REGRESSION,1,3,20,anger,textual,coefficient,0.3569118509941729,0.3569118509941729,positive,189,88,219
C_LOGISTIC_REGRESSION,1,3,14,adhd sep,textual,coefficient,0.3520412989582912,0.3520412989582912,positive,190,89,218
C_LOGISTIC_REGRESSION,1,3,97,feel like,textual,coefficient,0.35051856020930544,0.35051856020930544,positive,191,90,217
C_LOGISTIC_REGRESSION,1,3,194,people,textual,coefficient,-0.34860776926669845,0.34860776926669845,negative,192,205,102
C_LOGISTIC_REGRESSION,1,3,145,know,textual,coefficient,-0.3404363475204627,0.3404363475204627,negative,193,204,103
C_LOGISTIC_REGRESSION,1,3,195,people adhd,textual,coefficient,-0.33949964168004493,0.33949964168004493,negative,194,203,104
C_LOGISTIC_REGRESSION,1,3,173,meds,textual,coefficient,0.3372468346304708,0.3372468346304708,positive,195,91,216
C_LOGISTIC_REGRESSION,1,3,201,present,textual,coefficient,-0.3355641253572068,0.3355641253572068,negative,196,202,105
C_LOGISTIC_REGRESSION,1,3,271,treating adhd,textual,coefficient,0.33054001063548705,0.33054001063548705,positive,197,92,215
C_LOGISTIC_REGRESSION,1,3,4,add,textual,coefficient,-0.33051949189809515,0.33051949189809515,negative,198,201,106
C_LOGISTIC_REGRESSION,1,3,232,sit,textual,coefficient,-0.3290459947398358,0.3290459947398358,negative,199,200,107
C_LOGISTIC_REGRESSION,1,3,19,affects,textual,coefficient,-0.328896124576222,0.328896124576222,negative,200,199,108
C_LOGISTIC_REGRESSION,1,3,164,make sure,textual,coefficient,-0.32086938664391107,0.32086938664391107,negative,201,198,109
C_LOGISTIC_REGRESSION,1,3,74,drugs,textual,coefficient,0.31764933709361115,0.31764933709361115,positive,202,93,214
C_LOGISTIC_REGRESSION,1,3,263,things like,textual,coefficient,-0.31102462540643083,0.31102462540643083,negative,203,197,110
C_LOGISTIC_REGRESSION,1,3,293,won,textual,coefficient,0.3109305804607252,0.3109305804607252,positive,204,94,213
C_LOGISTIC_REGRESSION,1,3,303,comments,engagement_or_format,coefficient,-0.30821972528764496,0.30821972528764496,negative,205,196,111
C_LOGISTIC_REGRESSION,1,3,193,pay attention,textual,coefficient,-0.30699672532799066,0.30699672532799066,negative,206,195,112
C_LOGISTIC_REGRESSION,1,3,103,food,textual,coefficient,0.3010180350478072,0.3010180350478072,positive,207,95,212
C_LOGISTIC_REGRESSION,1,3,110,good,textual,coefficient,0.2982240522345703,0.2982240522345703,positive,208,96,211
C_LOGISTIC_REGRESSION,1,3,6,adhd adhd,textual,coefficient,-0.2957698618086421,0.2957698618086421,negative,209,194,113
C_LOGISTIC_REGRESSION,1,3,172,medications,textual,coefficient,-0.2924753760064142,0.2924753760064142,negative,210,193,114
C_LOGISTIC_REGRESSION,1,3,111,got,textual,coefficient,-0.29219093868933077,0.29219093868933077,negative,211,192,115
C_LOGISTIC_REGRESSION,1,3,17,adult,textual,coefficient,-0.29211840729779026,0.29211840729779026,negative,212,191,116
C_LOGISTIC_REGRESSION,1,3,57,diagnosis,textual,coefficient,-0.28634887114932833,0.28634887114932833,negative,213,190,117
C_LOGISTIC_REGRESSION,1,3,35,blindness,textual,coefficient,0.28363759614739825,0.28363759614739825,positive,214,97,209
C_LOGISTIC_REGRESSION,1,3,267,time blindness,textual,coefficient,0.28363759614739825,0.28363759614739825,positive,214,97,209
C_LOGISTIC_REGRESSION,1,3,276,turn,textual,coefficient,-0.28276549542689305,0.28276549542689305,negative,216,189,118
C_LOGISTIC_REGRESSION,1,3,169,mean,textual,coefficient,0.28029600753931905,0.28029600753931905,positive,217,99,208
C_LOGISTIC_REGRESSION,1,3,251,symptoms adhd,textual,coefficient,-0.2751941139510376,0.2751941139510376,negative,218,188,119
C_LOGISTIC_REGRESSION,1,3,160,lot,textual,coefficient,-0.27172350492625397,0.27172350492625397,negative,219,187,120
C_LOGISTIC_REGRESSION,1,3,222,sense,textual,coefficient,-0.27073968568035184,0.27073968568035184,negative,220,186,121
C_LOGISTIC_REGRESSION,1,3,153,like adhd,textual,coefficient,-0.2680553000549966,0.2680553000549966,negative,221,185,122
C_LOGISTIC_REGRESSION,1,3,89,experts,textual,coefficient,-0.26557318291782195,0.26557318291782195,negative,222,184,123
C_LOGISTIC_REGRESSION,1,3,216,say,textual,coefficient,0.2634431789328489,0.2634431789328489,positive,223,100,207
C_LOGISTIC_REGRESSION,1,3,285,ve,textual,coefficient,-0.25846064118200657,0.25846064118200657,negative,224,183,124
C_LOGISTIC_REGRESSION,1,3,185,ocd,textual,coefficient,0.2569980361432264,0.2569980361432264,positive,225,101,206
C_LOGISTIC_REGRESSION,1,3,118,hear,textual,coefficient,-0.2536242184510797,0.2536242184510797,negative,226,182,125
C_LOGISTIC_REGRESSION,1,3,253,talk,textual,coefficient,-0.25348380736656934,0.25348380736656934,negative,227,181,126
C_LOGISTIC_REGRESSION,1,3,120,helps,textual,coefficient,0.2450922762258736,0.2450922762258736,positive,228,102,205
C_LOGISTIC_REGRESSION,1,3,217,saying,textual,coefficient,0.24293189338925894,0.24293189338925894,positive,229,103,204
C_LOGISTIC_REGRESSION,1,3,18,adults,textual,coefficient,-0.24160459197418413,0.24160459197418413,negative,230,180,127
C_LOGISTIC_REGRESSION,1,3,68,does,textual,coefficient,0.2406682190625284,0.2406682190625284,positive,231,104,203
C_LOGISTIC_REGRESSION,1,3,265,thinking,textual,coefficient,-0.2340488679387757,0.2340488679387757,negative,232,179,128
C_LOGISTIC_REGRESSION,1,3,8,adhd brain,textual,coefficient,0.22997271045876055,0.22997271045876055,positive,233,105,202
C_LOGISTIC_REGRESSION,1,3,209,really,textual,coefficient,-0.22581223921665763,0.22581223921665763,negative,234,178,129
C_LOGISTIC_REGRESSION,1,3,148,lead,textual,coefficient,0.22333591001185116,0.22333591001185116,positive,235,106,201
C_LOGISTIC_REGRESSION,1,3,281,understanding,textual,coefficient,0.2193122430640846,0.2193122430640846,positive,236,107,200
C_LOGISTIC_REGRESSION,1,3,218,school,textual,coefficient,-0.21904821493298782,0.21904821493298782,negative,237,177,130
C_LOGISTIC_REGRESSION,1,3,225,sensory,textual,coefficient,-0.21747825878940738,0.21747825878940738,negative,238,176,131
C_LOGISTIC_REGRESSION,1,3,44,children,textual,coefficient,0.21334638763113598,0.21334638763113598,positive,239,108,199
C_LOGISTIC_REGRESSION,1,3,21,answer,textual,coefficient,-0.2126069542151821,0.2126069542151821,negative,240,175,132
C_LOGISTIC_REGRESSION,1,3,137,intense,textual,coefficient,0.209706065156082,0.209706065156082,positive,241,109,198
C_LOGISTIC_REGRESSION,1,3,231,signs adhd,textual,coefficient,0.20046822535840084,0.20046822535840084,positive,242,110,197
C_LOGISTIC_REGRESSION,1,3,40,care,textual,coefficient,-0.1974824441814781,0.1974824441814781,negative,243,174,133
C_LOGISTIC_REGRESSION,1,3,301,hedge_score,handcrafted_linguistic,coefficient,-0.19525522007099455,0.19525522007099455,negative,244,173,134
C_LOGISTIC_REGRESSION,1,3,170,means,textual,coefficient,-0.19386753187301162,0.19386753187301162,negative,245,172,135
C_LOGISTIC_REGRESSION,1,3,27,autistic,textual,coefficient,-0.18871809050892127,0.18871809050892127,negative,246,171,136
C_LOGISTIC_REGRESSION,1,3,72,dopamine,textual,coefficient,0.18105057624680876,0.18105057624680876,positive,247,111,196
C_LOGISTIC_REGRESSION,1,3,106,friends,textual,coefficient,-0.1810176412194519,0.1810176412194519,negative,248,170,137
C_LOGISTIC_REGRESSION,1,3,237,stimulant,textual,coefficient,-0.17875891164448074,0.17875891164448074,negative,249,169,138
C_LOGISTIC_REGRESSION,1,3,125,hyper,textual,coefficient,0.17461228755348654,0.17461228755348654,positive,250,112,195
C_LOGISTIC_REGRESSION,1,3,260,therapy,textual,coefficient,0.17451871573444858,0.17451871573444858,positive,251,113,194
C_LOGISTIC_REGRESSION,1,3,166,manage,textual,coefficient,-0.16722496194284311,0.16722496194284311,negative,252,168,139
C_LOGISTIC_REGRESSION,1,3,66,distracted,textual,coefficient,0.14878049319040348,0.14878049319040348,positive,253,114,193
C_LOGISTIC_REGRESSION,1,3,168,maybe,textual,coefficient,0.14717223443301058,0.14717223443301058,positive,254,115,192
C_LOGISTIC_REGRESSION,1,3,190,parents,textual,coefficient,0.14486711462332763,0.14486711462332763,positive,255,116,191
C_LOGISTIC_REGRESSION,1,3,234,social,textual,coefficient,0.14143689518401528,0.14143689518401528,positive,256,117,190
C_LOGISTIC_REGRESSION,1,3,233,sleep,textual,coefficient,0.13933907710162372,0.13933907710162372,positive,257,118,189
C_LOGISTIC_REGRESSION,1,3,250,symptoms,textual,coefficient,-0.1388157072773266,0.1388157072773266,negative,258,167,140
C_LOGISTIC_REGRESSION,1,3,55,depression,textual,coefficient,0.13816530406682048,0.13816530406682048,positive,259,119,188
C_LOGISTIC_REGRESSION,1,3,115,harder,textual,coefficient,-0.13552149158071528,0.13552149158071528,negative,260,166,141
C_LOGISTIC_REGRESSION,1,3,60,difference,textual,coefficient,0.1312508268601239,0.1312508268601239,positive,261,120,187
C_LOGISTIC_REGRESSION,1,3,67,doctor,textual,coefficient,0.1311572161406819,0.1311572161406819,positive,262,121,186
C_LOGISTIC_REGRESSION,1,3,91,explain,textual,coefficient,0.13114448679228707,0.13114448679228707,positive,263,122,185
C_LOGISTIC_REGRESSION,1,3,229,sign,textual,coefficient,-0.13000577059070764,0.13000577059070764,negative,264,165,142
C_LOGISTIC_REGRESSION,1,3,93,fact,textual,coefficient,-0.12975412333149824,0.12975412333149824,negative,265,164,143
C_LOGISTIC_REGRESSION,1,3,41,certain,textual,coefficient,-0.1294741625666521,0.1294741625666521,negative,266,163,144
C_LOGISTIC_REGRESSION,1,3,71,don,textual,coefficient,-0.1264185021149643,0.1264185021149643,negative,267,162,145
C_LOGISTIC_REGRESSION,1,3,272,treatment,textual,coefficient,0.11858189911545365,0.11858189911545365,positive,268,123,184
C_LOGISTIC_REGRESSION,1,3,138,isn,textual,coefficient,0.11229170269370956,0.11229170269370956,positive,269,124,183
C_LOGISTIC_REGRESSION,1,3,124,home,textual,coefficient,0.10882598780746329,0.10882598780746329,positive,270,125,182
C_LOGISTIC_REGRESSION,1,3,254,talking,textual,coefficient,-0.10805049028176486,0.10805049028176486,negative,271,161,146
C_LOGISTIC_REGRESSION,1,3,78,effects,textual,coefficient,0.10399269288934439,0.10399269288934439,positive,272,126,181
C_LOGISTIC_REGRESSION,1,3,242,structure,textual,coefficient,-0.10101498268854261,0.10101498268854261,negative,273,160,147
C_LOGISTIC_REGRESSION,1,3,208,real,textual,coefficient,-0.10013711121481118,0.10013711121481118,negative,274,159,148
C_LOGISTIC_REGRESSION,1,3,205,protein,textual,coefficient,-0.09929418771611086,0.09929418771611086,negative,275,158,149
C_LOGISTIC_REGRESSION,1,3,155,little bit,textual,coefficient,0.09579827905225088,0.09579827905225088,positive,276,127,180
C_LOGISTIC_REGRESSION,1,3,45,come,textual,coefficient,0.09511399271111592,0.09511399271111592,positive,277,128,179
C_LOGISTIC_REGRESSION,1,3,284,usually,textual,coefficient,-0.09326748404509305,0.09326748404509305,negative,278,157,150
C_LOGISTIC_REGRESSION,1,3,0,10,textual,coefficient,-0.09235454682580058,0.09235454682580058,negative,279,156,151
C_LOGISTIC_REGRESSION,1,3,244,struggles,textual,coefficient,-0.08729273799037537,0.08729273799037537,negative,280,155,152
C_LOGISTIC_REGRESSION,1,3,152,like,textual,coefficient,-0.08635956035459791,0.08635956035459791,negative,281,154,153
C_LOGISTIC_REGRESSION,1,3,22,answer sep,textual,coefficient,-0.07846837618160424,0.07846837618160424,negative,282,153,154
C_LOGISTIC_REGRESSION,1,3,63,difficulty,textual,coefficient,-0.07666340848317386,0.07666340848317386,negative,283,152,155
C_LOGISTIC_REGRESSION,1,3,289,want,textual,coefficient,0.06884656217347704,0.06884656217347704,positive,284,129,178
C_LOGISTIC_REGRESSION,1,3,191,patients,textual,coefficient,0.06487724677529799,0.06487724677529799,positive,285,130,177
C_LOGISTIC_REGRESSION,1,3,214,research,textual,coefficient,-0.06426484138882131,0.06426484138882131,negative,286,151,156
C_LOGISTIC_REGRESSION,1,3,75,early,textual,coefficient,-0.06257986893216641,0.06257986893216641,negative,287,150,157
C_LOGISTIC_REGRESSION,1,3,105,friend,textual,coefficient,0.05809450011936743,0.05809450011936743,positive,288,131,176
C_LOGISTIC_REGRESSION,1,3,159,looking,textual,coefficient,-0.05361005216364226,0.05361005216364226,negative,289,149,158
C_LOGISTIC_REGRESSION,1,3,167,management,textual,coefficient,0.05198932845137989,0.05198932845137989,positive,290,132,175
C_LOGISTIC_REGRESSION,1,3,90,experts answer,textual,coefficient,-0.049692299839176064,0.049692299839176064,negative,291,148,159
C_LOGISTIC_REGRESSION,1,3,188,options,textual,coefficient,-0.046257292525107255,0.046257292525107255,negative,292,147,160
C_LOGISTIC_REGRESSION,1,3,226,sep,textual,coefficient,-0.030178680669136967,0.030178680669136967,negative,293,146,161
C_LOGISTIC_REGRESSION,1,3,270,treating,textual,coefficient,0.02431716606280096,0.02431716606280096,positive,294,133,174
C_LOGISTIC_REGRESSION,1,3,154,little,textual,coefficient,-0.024248993716759717,0.024248993716759717,negative,295,145,162
C_LOGISTIC_REGRESSION,1,3,69,doesn,textual,coefficient,0.024160496120063726,0.024160496120063726,positive,296,134,173
C_LOGISTIC_REGRESSION,1,3,139,issues,textual,coefficient,-0.023908761246018585,0.023908761246018585,negative,297,144,163
C_LOGISTIC_REGRESSION,1,3,121,high,textual,coefficient,0.020205609427849214,0.020205609427849214,positive,298,135,172
C_LOGISTIC_REGRESSION,1,3,80,emotions,textual,coefficient,0.018257532875681638,0.018257532875681638,positive,299,136,171
C_LOGISTIC_REGRESSION,1,3,149,let,textual,coefficient,0.014954278554498057,0.014954278554498057,positive,300,137,170
C_LOGISTIC_REGRESSION,1,3,221,self,textual,coefficient,-0.013193870157809613,0.013193870157809613,negative,301,143,164
C_LOGISTIC_REGRESSION,1,3,183,non,textual,coefficient,0.011687010613271142,0.011687010613271142,positive,302,138,169
C_LOGISTIC_REGRESSION,1,3,176,minutes,textual,coefficient,0.009324964106918817,0.009324964106918817,positive,303,139,168
C_LOGISTIC_REGRESSION,1,3,127,hyperactivity,textual,coefficient,0.004120715818519953,0.004120715818519953,positive,304,140,167
C_LOGISTIC_REGRESSION,1,3,305,duration_sec,engagement_or_format,coefficient,-0.0023559904089417473,0.0023559904089417473,negative,305,142,165
C_LOGISTIC_REGRESSION,1,3,192,pay,textual,coefficient,-0.0020198842227465924,0.0020198842227465924,negative,306,141,166
C_LOGISTIC_REGRESSION,1,4,239,stop,textual,coefficient,2.7837941806822113,2.7837941806822113,positive,1,1,306
C_LOGISTIC_REGRESSION,1,4,198,physical,textual,coefficient,2.218563329276311,2.218563329276311,positive,2,2,305
C_LOGISTIC_REGRESSION,1,4,241,stress,textual,coefficient,2.0946798413127823,2.0946798413127823,positive,3,3,304
C_LOGISTIC_REGRESSION,1,4,206,psychiatrist,textual,coefficient,2.079073825290834,2.079073825290834,positive,4,4,303
C_LOGISTIC_REGRESSION,1,4,72,dopamine,textual,coefficient,2.0325777083061083,2.0325777083061083,positive,5,5,302
C_LOGISTIC_REGRESSION,1,4,243,struggle,textual,coefficient,1.8365712039420454,1.8365712039420454,positive,6,6,301
C_LOGISTIC_REGRESSION,1,4,303,comments,engagement_or_format,coefficient,1.8025448778664737,1.8025448778664737,positive,7,7,300
C_LOGISTIC_REGRESSION,1,4,285,ve,textual,coefficient,1.7052880952544016,1.7052880952544016,positive,8,8,299
C_LOGISTIC_REGRESSION,1,4,4,add,textual,coefficient,1.6965341551177795,1.6965341551177795,positive,9,9,298
C_LOGISTIC_REGRESSION,1,4,304,views,engagement_or_format,coefficient,-1.6392420937083876,1.6392420937083876,negative,10,306,1
C_LOGISTIC_REGRESSION,1,4,28,bad,textual,coefficient,1.5977928956467613,1.5977928956467613,positive,11,10,297
C_LOGISTIC_REGRESSION,1,4,171,medication,textual,coefficient,-1.394873645123392,1.394873645123392,negative,12,305,2
C_LOGISTIC_REGRESSION,1,4,101,focus,textual,coefficient,-1.3629790221111975,1.3629790221111975,negative,13,304,3
C_LOGISTIC_REGRESSION,1,4,83,everybody,textual,coefficient,1.3322309302136068,1.3322309302136068,positive,14,11,296
C_LOGISTIC_REGRESSION,1,4,96,feel,textual,coefficient,1.318937618936512,1.318937618936512,positive,15,12,295
C_LOGISTIC_REGRESSION,1,4,270,treating,textual,coefficient,1.3114711230976095,1.3114711230976095,positive,16,13,294
C_LOGISTIC_REGRESSION,1,4,231,signs adhd,textual,coefficient,1.288417715631638,1.288417715631638,positive,17,14,293
C_LOGISTIC_REGRESSION,1,4,43,child,textual,coefficient,1.27801258763036,1.27801258763036,positive,18,15,292
C_LOGISTIC_REGRESSION,1,4,255,task,textual,coefficient,-1.224630861037882,1.224630861037882,negative,19,303,4
C_LOGISTIC_REGRESSION,1,4,119,help,textual,coefficient,1.2228311396682627,1.2228311396682627,positive,20,16,291
C_LOGISTIC_REGRESSION,1,4,53,day,textual,coefficient,-1.2166545414922576,1.2166545414922576,negative,21,302,5
C_LOGISTIC_REGRESSION,1,4,141,just,textual,coefficient,-1.2071092342284673,1.2071092342284673,negative,22,301,6
C_LOGISTIC_REGRESSION,1,4,57,diagnosis,textual,coefficient,-1.1907024780091287,1.1907024780091287,negative,23,300,7
C_LOGISTIC_REGRESSION,1,4,105,friend,textual,coefficient,1.1761101516197336,1.1761101516197336,positive,24,17,290
C_LOGISTIC_REGRESSION,1,4,180,need,textual,coefficient,-1.162354098945097,1.162354098945097,negative,25,299,8
C_LOGISTIC_REGRESSION,1,4,14,adhd sep,textual,coefficient,1.1395669296886204,1.1395669296886204,positive,26,18,289
C_LOGISTIC_REGRESSION,1,4,287,video,textual,coefficient,1.1270230900242422,1.1270230900242422,positive,27,19,288
C_LOGISTIC_REGRESSION,1,4,277,uh,textual,coefficient,-1.123756049418332,1.123756049418332,negative,28,298,9
C_LOGISTIC_REGRESSION,1,4,262,things,textual,coefficient,1.111410121608846,1.111410121608846,positive,29,20,287
C_LOGISTIC_REGRESSION,1,4,36,body,textual,coefficient,1.0405209387897325,1.0405209387897325,positive,30,21,286
C_LOGISTIC_REGRESSION,1,4,261,thing,textual,coefficient,1.0303390417286187,1.0303390417286187,positive,31,22,285
C_LOGISTIC_REGRESSION,1,4,196,person,textual,coefficient,-1.023506975799483,1.023506975799483,negative,32,297,10
C_LOGISTIC_REGRESSION,1,4,192,pay,textual,coefficient,1.013472293181699,1.013472293181699,positive,33,23,284
C_LOGISTIC_REGRESSION,1,4,223,sensitive,textual,coefficient,1.0125492127954927,1.0125492127954927,positive,34,24,283
C_LOGISTIC_REGRESSION,1,4,71,don,textual,coefficient,1.0071007331145958,1.0071007331145958,positive,35,25,282
C_LOGISTIC_REGRESSION,1,4,286,ve got,textual,coefficient,1.0025078152281734,1.0025078152281734,positive,36,26,281
C_LOGISTIC_REGRESSION,1,4,106,friends,textual,coefficient,0.9968129042069865,0.9968129042069865,positive,37,27,280
C_LOGISTIC_REGRESSION,1,4,169,mean,textual,coefficient,-0.964944254483349,0.964944254483349,negative,38,296,11
C_LOGISTIC_REGRESSION,1,4,274,try,textual,coefficient,0.9296056472493901,0.9296056472493901,positive,39,28,279
C_LOGISTIC_REGRESSION,1,4,156,ll,textual,coefficient,-0.926910166272573,0.926910166272573,negative,40,295,12
C_LOGISTIC_REGRESSION,1,4,129,important,textual,coefficient,-0.9214049843560395,0.9214049843560395,negative,41,294,13
C_LOGISTIC_REGRESSION,1,4,200,poor,textual,coefficient,0.9196799028142837,0.9196799028142837,positive,42,29,278
C_LOGISTIC_REGRESSION,1,4,123,highly,textual,coefficient,0.9188484678345161,0.9188484678345161,positive,43,30,277
C_LOGISTIC_REGRESSION,1,4,250,symptoms,textual,coefficient,-0.8775898241821966,0.8775898241821966,negative,44,293,14
C_LOGISTIC_REGRESSION,1,4,7,adhd autism,textual,coefficient,0.877498101660967,0.877498101660967,positive,45,31,276
C_LOGISTIC_REGRESSION,1,4,13,adhd real,textual,coefficient,-0.8682778631480602,0.8682778631480602,negative,46,292,15
C_LOGISTIC_REGRESSION,1,4,163,make,textual,coefficient,-0.863476267242856,0.863476267242856,negative,47,291,16
C_LOGISTIC_REGRESSION,1,4,6,adhd adhd,textual,coefficient,0.8549989869515442,0.8549989869515442,positive,48,32,275
C_LOGISTIC_REGRESSION,1,4,110,good,textual,coefficient,-0.8453026832073851,0.8453026832073851,negative,49,290,17
C_LOGISTIC_REGRESSION,1,4,193,pay attention,textual,coefficient,0.8309259861968342,0.8309259861968342,positive,50,33,274
C_LOGISTIC_REGRESSION,1,4,248,support,textual,coefficient,-0.8297507313583533,0.8297507313583533,negative,51,289,18
C_LOGISTIC_REGRESSION,1,4,158,look,textual,coefficient,-0.8174016670084573,0.8174016670084573,negative,52,288,19
C_LOGISTIC_REGRESSION,1,4,111,got,textual,coefficient,0.815933601451454,0.815933601451454,positive,53,34,273
C_LOGISTIC_REGRESSION,1,4,112,great,textual,coefficient,0.7946344120562912,0.7946344120562912,positive,54,35,272
C_LOGISTIC_REGRESSION,1,4,271,treating adhd,textual,coefficient,0.7765838495846874,0.7765838495846874,positive,55,36,271
C_LOGISTIC_REGRESSION,1,4,134,increase,textual,coefficient,-0.7750348259024097,0.7750348259024097,negative,56,287,20
C_LOGISTIC_REGRESSION,1,4,249,sure,textual,coefficient,-0.7623190342374685,0.7623190342374685,negative,57,286,21
C_LOGISTIC_REGRESSION,1,4,95,fast,textual,coefficient,-0.7611088449879395,0.7611088449879395,negative,58,285,22
C_LOGISTIC_REGRESSION,1,4,259,term,textual,coefficient,-0.756417852958938,0.756417852958938,negative,59,284,23
C_LOGISTIC_REGRESSION,1,4,258,tend,textual,coefficient,-0.7531439511051854,0.7531439511051854,negative,60,283,24
C_LOGISTIC_REGRESSION,1,4,69,doesn,textual,coefficient,0.7508577378514273,0.7508577378514273,positive,61,37,270
C_LOGISTIC_REGRESSION,1,4,300,certainty_score,handcrafted_linguistic,coefficient,0.7459183940470322,0.7459183940470322,positive,62,38,269
C_LOGISTIC_REGRESSION,1,4,292,women,textual,coefficient,-0.7341598933848978,0.7341598933848978,negative,63,282,25
C_LOGISTIC_REGRESSION,1,4,49,constantly,textual,coefficient,-0.7331413855308939,0.7331413855308939,negative,64,281,26
C_LOGISTIC_REGRESSION,1,4,79,emotional,textual,coefficient,0.7265528637333062,0.7265528637333062,positive,65,39,268
C_LOGISTIC_REGRESSION,1,4,114,hard,textual,coefficient,-0.7237590203494054,0.7237590203494054,negative,66,280,27
C_LOGISTIC_REGRESSION,1,4,154,little,textual,coefficient,-0.7141788851706261,0.7141788851706261,negative,67,279,28
C_LOGISTIC_REGRESSION,1,4,139,issues,textual,coefficient,-0.7122055969244793,0.7122055969244793,negative,68,278,29
C_LOGISTIC_REGRESSION,1,4,184,number,textual,coefficient,0.7010711042302967,0.7010711042302967,positive,69,40,267
C_LOGISTIC_REGRESSION,1,4,122,higher,textual,coefficient,0.6970822957802705,0.6970822957802705,positive,70,41,266
C_LOGISTIC_REGRESSION,1,4,144,kind,textual,coefficient,-0.6841954638920661,0.6841954638920661,negative,71,277,30
C_LOGISTIC_REGRESSION,1,4,202,probably,textual,coefficient,-0.6758257393791091,0.6758257393791091,negative,72,276,31
C_LOGISTIC_REGRESSION,1,4,282,use,textual,coefficient,-0.6755637759683706,0.6755637759683706,negative,73,275,32
C_LOGISTIC_REGRESSION,1,4,233,sleep,textual,coefficient,-0.6530158005427937,0.6530158005427937,negative,74,274,33
C_LOGISTIC_REGRESSION,1,4,149,let,textual,coefficient,-0.6494744351597254,0.6494744351597254,negative,75,273,34
C_LOGISTIC_REGRESSION,1,4,103,food,textual,coefficient,-0.6485070094603324,0.6485070094603324,negative,76,272,35
C_LOGISTIC_REGRESSION,1,4,8,adhd brain,textual,coefficient,-0.6339803813062693,0.6339803813062693,negative,77,271,36
C_LOGISTIC_REGRESSION,1,4,275,trying,textual,coefficient,-0.6338293541621627,0.6338293541621627,negative,78,270,37
C_LOGISTIC_REGRESSION,1,4,91,explain,textual,coefficient,0.6326278534215437,0.6326278534215437,positive,79,42,265
C_LOGISTIC_REGRESSION,1,4,266,time,textual,coefficient,-0.6314143590737517,0.6314143590737517,negative,80,269,38
C_LOGISTIC_REGRESSION,1,4,294,work,textual,coefficient,-0.62125363892603,0.62125363892603,negative,81,268,39
C_LOGISTIC_REGRESSION,1,4,37,brain,textual,coefficient,0.6211693244875743,0.6211693244875743,positive,82,43,264
C_LOGISTIC_REGRESSION,1,4,88,experience,textual,coefficient,-0.6169106757180883,0.6169106757180883,negative,83,267,40
C_LOGISTIC_REGRESSION,1,4,51,create,textual,coefficient,0.6164126011871899,0.6164126011871899,positive,84,44,263
C_LOGISTIC_REGRESSION,1,4,47,common,textual,coefficient,-0.6123421683156217,0.6123421683156217,negative,85,266,41
C_LOGISTIC_REGRESSION,1,4,34,bit,textual,coefficient,-0.610604568561242,0.610604568561242,negative,86,265,42
C_LOGISTIC_REGRESSION,1,4,100,feels,textual,coefficient,0.6090265322465651,0.6090265322465651,positive,87,45,262
C_LOGISTIC_REGRESSION,1,4,177,motivation,textual,coefficient,-0.6079765984922746,0.6079765984922746,negative,88,264,43
C_LOGISTIC_REGRESSION,1,4,268,treat,textual,coefficient,-0.6055318015155375,0.6055318015155375,negative,89,263,44
C_LOGISTIC_REGRESSION,1,4,289,want,textual,coefficient,-0.5999865428748236,0.5999865428748236,negative,90,262,45
C_LOGISTIC_REGRESSION,1,4,0,10,textual,coefficient,0.5934746962441709,0.5934746962441709,positive,91,46,261
C_LOGISTIC_REGRESSION,1,4,38,brains,textual,coefficient,-0.5883929348159307,0.5883929348159307,negative,92,261,46
C_LOGISTIC_REGRESSION,1,4,67,doctor,textual,coefficient,-0.5829398426269313,0.5829398426269313,negative,93,260,47
C_LOGISTIC_REGRESSION,1,4,257,tell,textual,coefficient,-0.5722045625424761,0.5722045625424761,negative,94,259,48
C_LOGISTIC_REGRESSION,1,4,293,won,textual,coefficient,0.57200267446665,0.57200267446665,positive,95,47,260
C_LOGISTIC_REGRESSION,1,4,56,diagnosed,textual,coefficient,-0.5698011072865533,0.5698011072865533,negative,96,258,49
C_LOGISTIC_REGRESSION,1,4,16,adhd women,textual,coefficient,-0.5674426359835664,0.5674426359835664,negative,97,257,50
C_LOGISTIC_REGRESSION,1,4,219,second,textual,coefficient,-0.5670409189953244,0.5670409189953244,negative,98,256,51
C_LOGISTIC_REGRESSION,1,4,230,signs,textual,coefficient,0.5553970601055093,0.5553970601055093,positive,99,48,259
C_LOGISTIC_REGRESSION,1,4,222,sense,textual,coefficient,0.5540526915929564,0.5540526915929564,positive,100,49,258
C_LOGISTIC_REGRESSION,1,4,256,tasks,textual,coefficient,-0.553725149511133,0.553725149511133,negative,101,255,52
C_LOGISTIC_REGRESSION,1,4,191,patients,textual,coefficient,0.5464255149644742,0.5464255149644742,positive,102,50,257
C_LOGISTIC_REGRESSION,1,4,24,attention,textual,coefficient,0.5437532815174139,0.5437532815174139,positive,103,51,256
C_LOGISTIC_REGRESSION,1,4,237,stimulant,textual,coefficient,-0.5437284409307357,0.5437284409307357,negative,104,254,53
C_LOGISTIC_REGRESSION,1,4,50,control,textual,coefficient,-0.5433243867030182,0.5433243867030182,negative,105,253,54
C_LOGISTIC_REGRESSION,1,4,140,job,textual,coefficient,-0.5424604400917109,0.5424604400917109,negative,106,252,55
C_LOGISTIC_REGRESSION,1,4,113,happens,textual,coefficient,-0.5394287919640237,0.5394287919640237,negative,107,251,56
C_LOGISTIC_REGRESSION,1,4,284,usually,textual,coefficient,-0.5387237785420119,0.5387237785420119,negative,108,250,57
C_LOGISTIC_REGRESSION,1,4,97,feel like,textual,coefficient,-0.5363491288918741,0.5363491288918741,negative,109,249,58
C_LOGISTIC_REGRESSION,1,4,189,overwhelmed,textual,coefficient,-0.5359848800963397,0.5359848800963397,negative,110,248,59
C_LOGISTIC_REGRESSION,1,4,251,symptoms adhd,textual,coefficient,-0.5332735147989711,0.5332735147989711,negative,111,247,60
C_LOGISTIC_REGRESSION,1,4,84,example,textual,coefficient,-0.5291740289434888,0.5291740289434888,negative,112,246,61
C_LOGISTIC_REGRESSION,1,4,272,treatment,textual,coefficient,-0.5279935900364212,0.5279935900364212,negative,113,245,62
C_LOGISTIC_REGRESSION,1,4,288,wait,textual,coefficient,-0.5271012115868284,0.5271012115868284,negative,114,244,63
C_LOGISTIC_REGRESSION,1,4,120,helps,textual,coefficient,0.5245034837617304,0.5245034837617304,positive,115,52,255
C_LOGISTIC_REGRESSION,1,4,70,doing,textual,coefficient,0.524103735037827,0.524103735037827,positive,116,53,254
C_LOGISTIC_REGRESSION,1,4,124,home,textual,coefficient,0.523656799039848,0.523656799039848,positive,117,54,253
C_LOGISTIC_REGRESSION,1,4,32,better,textual,coefficient,-0.5053094928180168,0.5053094928180168,negative,118,243,64
C_LOGISTIC_REGRESSION,1,4,160,lot,textual,coefficient,0.49739846728451836,0.49739846728451836,positive,119,55,252
C_LOGISTIC_REGRESSION,1,4,133,inattentive,textual,coefficient,-0.4886533020499639,0.4886533020499639,negative,120,242,65
C_LOGISTIC_REGRESSION,1,4,116,having,textual,coefficient,-0.485632353151531,0.485632353151531,negative,121,241,66
C_LOGISTIC_REGRESSION,1,4,27,autistic,textual,coefficient,0.4827134599971136,0.4827134599971136,positive,122,56,251
C_LOGISTIC_REGRESSION,1,4,93,fact,textual,coefficient,-0.48218597717340483,0.48218597717340483,negative,123,240,67
C_LOGISTIC_REGRESSION,1,4,220,seen,textual,coefficient,-0.48105227652934146,0.48105227652934146,negative,124,239,68
C_LOGISTIC_REGRESSION,1,4,125,hyper,textual,coefficient,0.4784933923709305,0.4784933923709305,positive,125,57,250
C_LOGISTIC_REGRESSION,1,4,2,activity,textual,coefficient,-0.47747295215087937,0.47747295215087937,negative,126,238,69
C_LOGISTIC_REGRESSION,1,4,115,harder,textual,coefficient,-0.4709547499198356,0.4709547499198356,negative,127,237,70
C_LOGISTIC_REGRESSION,1,4,218,school,textual,coefficient,-0.47082595469049626,0.47082595469049626,negative,128,236,71
C_LOGISTIC_REGRESSION,1,4,76,easily,textual,coefficient,-0.4681706214675662,0.4681706214675662,negative,129,235,72
C_LOGISTIC_REGRESSION,1,4,5,adhd,textual,coefficient,-0.4656657230931342,0.4656657230931342,negative,130,234,73
C_LOGISTIC_REGRESSION,1,4,225,sensory,textual,coefficient,-0.4640133853945194,0.4640133853945194,negative,131,233,74
C_LOGISTIC_REGRESSION,1,4,172,medications,textual,coefficient,-0.46160848058638415,0.46160848058638415,negative,132,232,75
C_LOGISTIC_REGRESSION,1,4,15,adhd symptoms,textual,coefficient,-0.45653173962167654,0.45653173962167654,negative,133,231,76
C_LOGISTIC_REGRESSION,1,4,246,study,textual,coefficient,-0.4554992877330827,0.4554992877330827,negative,134,230,77
C_LOGISTIC_REGRESSION,1,4,155,little bit,textual,coefficient,-0.4371538796008833,0.4371538796008833,negative,135,229,78
C_LOGISTIC_REGRESSION,1,4,127,hyperactivity,textual,coefficient,-0.4356793196308353,0.4356793196308353,negative,136,228,79
C_LOGISTIC_REGRESSION,1,4,209,really,textual,coefficient,-0.43136582598688206,0.43136582598688206,negative,137,227,80
C_LOGISTIC_REGRESSION,1,4,109,going,textual,coefficient,0.42976136696778167,0.42976136696778167,positive,138,58,249
C_LOGISTIC_REGRESSION,1,4,194,people,textual,coefficient,0.42965922275302787,0.42965922275302787,positive,139,59,248
C_LOGISTIC_REGRESSION,1,4,80,emotions,textual,coefficient,-0.4259512612447551,0.4259512612447551,negative,140,226,81
C_LOGISTIC_REGRESSION,1,4,178,moving,textual,coefficient,-0.4258943333055775,0.4258943333055775,negative,141,225,82
C_LOGISTIC_REGRESSION,1,4,74,drugs,textual,coefficient,-0.4188015289077124,0.4188015289077124,negative,142,224,83
C_LOGISTIC_REGRESSION,1,4,126,hyperactive,textual,coefficient,-0.41464336599944407,0.41464336599944407,negative,143,223,84
C_LOGISTIC_REGRESSION,1,4,138,isn,textual,coefficient,0.40459562374818153,0.40459562374818153,positive,144,60,247
C_LOGISTIC_REGRESSION,1,4,210,regulation,textual,coefficient,-0.4019593371390469,0.4019593371390469,negative,145,222,85
C_LOGISTIC_REGRESSION,1,4,137,intense,textual,coefficient,-0.4011928907359678,0.4011928907359678,negative,146,221,86
C_LOGISTIC_REGRESSION,1,4,55,depression,textual,coefficient,0.39759892432942706,0.39759892432942706,positive,147,61,246
C_LOGISTIC_REGRESSION,1,4,175,mind,textual,coefficient,-0.3969560541231898,0.3969560541231898,negative,148,220,87
C_LOGISTIC_REGRESSION,1,4,130,impulsive,textual,coefficient,-0.39600348299998095,0.39600348299998095,negative,149,219,88
C_LOGISTIC_REGRESSION,1,4,166,manage,textual,coefficient,-0.3958114748036724,0.3958114748036724,negative,150,218,89
C_LOGISTIC_REGRESSION,1,4,30,behaviors,textual,coefficient,-0.3935649307303466,0.3935649307303466,negative,151,217,90
C_LOGISTIC_REGRESSION,1,4,9,adhd diagnosis,textual,coefficient,-0.3917567416108059,0.3917567416108059,negative,152,216,91
C_LOGISTIC_REGRESSION,1,4,203,problem,textual,coefficient,0.3892761699063495,0.3892761699063495,positive,153,62,245
C_LOGISTIC_REGRESSION,1,4,221,self,textual,coefficient,-0.3872989535327706,0.3872989535327706,negative,154,215,92
C_LOGISTIC_REGRESSION,1,4,87,exercise,textual,coefficient,0.3869680026720323,0.3869680026720323,positive,155,63,244
C_LOGISTIC_REGRESSION,1,4,131,impulsivity,textual,coefficient,-0.38420642698742485,0.38420642698742485,negative,156,214,93
C_LOGISTIC_REGRESSION,1,4,301,hedge_score,handcrafted_linguistic,coefficient,-0.381598052451914,0.381598052451914,negative,157,213,94
C_LOGISTIC_REGRESSION,1,4,45,come,textual,coefficient,-0.3780691409467958,0.3780691409467958,negative,158,212,95
C_LOGISTIC_REGRESSION,1,4,181,neurotypical,textual,coefficient,-0.37597071374184365,0.37597071374184365,negative,159,211,96
C_LOGISTIC_REGRESSION,1,4,167,management,textual,coefficient,-0.37432884560069185,0.37432884560069185,negative,160,210,97
C_LOGISTIC_REGRESSION,1,4,263,things like,textual,coefficient,-0.3730756344380605,0.3730756344380605,negative,161,209,98
C_LOGISTIC_REGRESSION,1,4,21,answer,textual,coefficient,-0.36811837024525,0.36811837024525,negative,162,208,99
C_LOGISTIC_REGRESSION,1,4,159,looking,textual,coefficient,-0.36729898996449306,0.36729898996449306,negative,163,207,100
C_LOGISTIC_REGRESSION,1,4,35,blindness,textual,coefficient,-0.3662752237130262,0.3662752237130262,negative,164,205,101
C_LOGISTIC_REGRESSION,1,4,267,time blindness,textual,coefficient,-0.3662752237130262,0.3662752237130262,negative,164,205,101
C_LOGISTIC_REGRESSION,1,4,190,parents,textual,coefficient,-0.3662189055468717,0.3662189055468717,negative,166,204,103
C_LOGISTIC_REGRESSION,1,4,61,different,textual,coefficient,0.3649864786442687,0.3649864786442687,positive,167,64,243
C_LOGISTIC_REGRESSION,1,4,104,forget,textual,coefficient,-0.364894060259126,0.364894060259126,negative,168,203,104
C_LOGISTIC_REGRESSION,1,4,234,social,textual,coefficient,-0.36478791401700605,0.36478791401700605,negative,169,202,105
C_LOGISTIC_REGRESSION,1,4,164,make sure,textual,coefficient,-0.363781625011262,0.363781625011262,negative,170,201,106
C_LOGISTIC_REGRESSION,1,4,66,distracted,textual,coefficient,-0.36269767732061065,0.36269767732061065,negative,171,200,107
C_LOGISTIC_REGRESSION,1,4,187,okay,textual,coefficient,-0.3610147836298312,0.3610147836298312,negative,172,199,108
C_LOGISTIC_REGRESSION,1,4,224,sensitivity,textual,coefficient,-0.358031942132567,0.358031942132567,negative,173,198,109
C_LOGISTIC_REGRESSION,1,4,197,phone,textual,coefficient,0.35586265562485286,0.35586265562485286,positive,174,65,242
C_LOGISTIC_REGRESSION,1,4,295,world,textual,coefficient,0.3487622057155048,0.3487622057155048,positive,175,66,241
C_LOGISTIC_REGRESSION,1,4,208,real,textual,coefficient,-0.3459434804015884,0.3459434804015884,negative,176,197,110
C_LOGISTIC_REGRESSION,1,4,117,health,textual,coefficient,-0.3451104272499438,0.3451104272499438,negative,177,196,111
C_LOGISTIC_REGRESSION,1,4,23,anxiety,textual,coefficient,0.33569928251163944,0.33569928251163944,positive,178,67,240
C_LOGISTIC_REGRESSION,1,4,107,function,textual,coefficient,-0.3352910825503897,0.3352910825503897,negative,179,195,112
C_LOGISTIC_REGRESSION,1,4,157,long,textual,coefficient,-0.33519632370249447,0.33519632370249447,negative,180,194,113
C_LOGISTIC_REGRESSION,1,4,238,stimulants,textual,coefficient,-0.33432243885498014,0.33432243885498014,negative,181,193,114
C_LOGISTIC_REGRESSION,1,4,176,minutes,textual,coefficient,0.33287263413955764,0.33287263413955764,positive,182,68,239
C_LOGISTIC_REGRESSION,1,4,1,able,textual,coefficient,0.3322297258409613,0.3322297258409613,positive,183,69,238
C_LOGISTIC_REGRESSION,1,4,247,sugar,textual,coefficient,-0.33029450188075704,0.33029450188075704,negative,184,192,115
C_LOGISTIC_REGRESSION,1,4,102,follow,textual,coefficient,-0.3235952568512821,0.3235952568512821,negative,185,191,116
C_LOGISTIC_REGRESSION,1,4,201,present,textual,coefficient,-0.31952788035560015,0.31952788035560015,negative,186,190,117
C_LOGISTIC_REGRESSION,1,4,150,life,textual,coefficient,-0.31861067045367597,0.31861067045367597,negative,187,189,118
C_LOGISTIC_REGRESSION,1,4,186,oh,textual,coefficient,-0.31610631513692866,0.31610631513692866,negative,188,188,119
C_LOGISTIC_REGRESSION,1,4,65,disorders,textual,coefficient,-0.31583682670028057,0.31583682670028057,negative,189,187,120
C_LOGISTIC_REGRESSION,1,4,205,protein,textual,coefficient,0.31234844681075097,0.31234844681075097,positive,190,70,237
C_LOGISTIC_REGRESSION,1,4,217,saying,textual,coefficient,0.3094792388264565,0.3094792388264565,positive,191,71,236
C_LOGISTIC_REGRESSION,1,4,12,adhd medication,textual,coefficient,-0.3091664852365382,0.3091664852365382,negative,192,186,121
C_LOGISTIC_REGRESSION,1,4,242,structure,textual,coefficient,-0.3067387677859993,0.3067387677859993,negative,193,185,122
C_LOGISTIC_REGRESSION,1,4,283,using,textual,coefficient,-0.300970606558598,0.300970606558598,negative,194,184,123
C_LOGISTIC_REGRESSION,1,4,10,adhd just,textual,coefficient,-0.2965684685213949,0.2965684685213949,negative,195,183,124
C_LOGISTIC_REGRESSION,1,4,135,information,textual,coefficient,-0.29478363123587514,0.29478363123587514,negative,196,182,125
C_LOGISTIC_REGRESSION,1,4,236,start,textual,coefficient,-0.2907503797505378,0.2907503797505378,negative,197,181,126
C_LOGISTIC_REGRESSION,1,4,33,big,textual,coefficient,0.2876192902614293,0.2876192902614293,positive,198,72,235
C_LOGISTIC_REGRESSION,1,4,85,executive,textual,coefficient,-0.28661107558935706,0.28661107558935706,negative,199,180,127
C_LOGISTIC_REGRESSION,1,4,46,comes,textual,coefficient,0.28631224434385394,0.28631224434385394,positive,200,73,234
C_LOGISTIC_REGRESSION,1,4,128,impact,textual,coefficient,-0.28475512909696044,0.28475512909696044,negative,201,179,128
C_LOGISTIC_REGRESSION,1,4,68,does,textual,coefficient,-0.2841737334242845,0.2841737334242845,negative,202,178,129
C_LOGISTIC_REGRESSION,1,4,151,light,textual,coefficient,-0.2801410548481446,0.2801410548481446,negative,203,177,130
C_LOGISTIC_REGRESSION,1,4,199,playing,textual,coefficient,-0.27913966105128224,0.27913966105128224,negative,204,176,131
C_LOGISTIC_REGRESSION,1,4,232,sit,textual,coefficient,0.2759333444146639,0.2759333444146639,positive,205,74,233
C_LOGISTIC_REGRESSION,1,4,48,condition,textual,coefficient,-0.27379060096871677,0.27379060096871677,negative,206,175,132
C_LOGISTIC_REGRESSION,1,4,165,making,textual,coefficient,-0.2694143596640749,0.2694143596640749,negative,207,174,133
C_LOGISTIC_REGRESSION,1,4,153,like adhd,textual,coefficient,-0.26886174553448083,0.26886174553448083,negative,208,173,134
C_LOGISTIC_REGRESSION,1,4,182,neurotypical person,textual,coefficient,-0.2594205600167752,0.2594205600167752,negative,209,172,135
C_LOGISTIC_REGRESSION,1,4,19,affects,textual,coefficient,-0.259369828168937,0.259369828168937,negative,210,171,136
C_LOGISTIC_REGRESSION,1,4,240,strategies,textual,coefficient,-0.2575901574811428,0.2575901574811428,negative,211,170,137
C_LOGISTIC_REGRESSION,1,4,281,understanding,textual,coefficient,-0.25707034142514484,0.25707034142514484,negative,212,169,138
C_LOGISTIC_REGRESSION,1,4,297,years,textual,coefficient,0.25697577498115376,0.25697577498115376,positive,213,75,232
C_LOGISTIC_REGRESSION,1,4,183,non,textual,coefficient,-0.25626537087739687,0.25626537087739687,negative,214,168,139
C_LOGISTIC_REGRESSION,1,4,260,therapy,textual,coefficient,0.25586893402134464,0.25586893402134464,positive,215,76,231
C_LOGISTIC_REGRESSION,1,4,20,anger,textual,coefficient,0.2543146865227077,0.2543146865227077,positive,216,77,230
C_LOGISTIC_REGRESSION,1,4,132,inattention,textual,coefficient,-0.2519814260273939,0.2519814260273939,negative,217,167,140
C_LOGISTIC_REGRESSION,1,4,252,taking,textual,coefficient,-0.2516440001510309,0.2516440001510309,negative,218,166,141
C_LOGISTIC_REGRESSION,1,4,11,adhd like,textual,coefficient,-0.25038891009991665,0.25038891009991665,negative,219,165,142
C_LOGISTIC_REGRESSION,1,4,147,late,textual,coefficient,-0.24867980348905716,0.24867980348905716,negative,220,164,143
C_LOGISTIC_REGRESSION,1,4,99,feelings,textual,coefficient,-0.24791816708947476,0.24791816708947476,negative,221,163,144
C_LOGISTIC_REGRESSION,1,4,25,audhd,textual,coefficient,-0.24768173137600785,0.24768173137600785,negative,222,162,145
C_LOGISTIC_REGRESSION,1,4,63,difficulty,textual,coefficient,-0.2450123340648236,0.2450123340648236,negative,223,161,146
C_LOGISTIC_REGRESSION,1,4,213,remember,textual,coefficient,-0.24415357513574662,0.24415357513574662,negative,224,160,147
C_LOGISTIC_REGRESSION,1,4,92,explained,textual,coefficient,-0.24352896303329408,0.24352896303329408,negative,225,159,148
C_LOGISTIC_REGRESSION,1,4,278,um,textual,coefficient,0.23838582799944547,0.23838582799944547,positive,226,78,229
C_LOGISTIC_REGRESSION,1,4,142,kid,textual,coefficient,-0.23715616743309287,0.23715616743309287,negative,227,158,149
C_LOGISTIC_REGRESSION,1,4,86,executive function,textual,coefficient,-0.23711494568471359,0.23711494568471359,negative,228,157,150
C_LOGISTIC_REGRESSION,1,4,174,mental,textual,coefficient,-0.2366220054770759,0.2366220054770759,negative,229,156,151
C_LOGISTIC_REGRESSION,1,4,78,effects,textual,coefficient,-0.23654866219657175,0.23654866219657175,negative,230,155,152
C_LOGISTIC_REGRESSION,1,4,73,dr,textual,coefficient,-0.2357408789710953,0.2357408789710953,negative,231,154,153
C_LOGISTIC_REGRESSION,1,4,276,turn,textual,coefficient,-0.23150463381285316,0.23150463381285316,negative,232,153,154
C_LOGISTIC_REGRESSION,1,4,290,way,textual,coefficient,-0.23141573004032553,0.23141573004032553,negative,233,152,155
C_LOGISTIC_REGRESSION,1,4,17,adult,textual,coefficient,-0.22980621782164282,0.22980621782164282,negative,234,151,156
C_LOGISTIC_REGRESSION,1,4,81,end,textual,coefficient,0.22884931031991496,0.22884931031991496,positive,235,79,228
C_LOGISTIC_REGRESSION,1,4,212,relationships,textual,coefficient,-0.22817361589782467,0.22817361589782467,negative,236,150,157
C_LOGISTIC_REGRESSION,1,4,211,rejection,textual,coefficient,-0.22805862439157187,0.22805862439157187,negative,237,149,158
C_LOGISTIC_REGRESSION,1,4,215,right,textual,coefficient,0.2272903473702793,0.2272903473702793,positive,238,80,227
C_LOGISTIC_REGRESSION,1,4,195,people adhd,textual,coefficient,-0.22565544176137614,0.22565544176137614,negative,239,148,159
C_LOGISTIC_REGRESSION,1,4,170,means,textual,coefficient,0.22186253943396378,0.22186253943396378,positive,240,81,226
C_LOGISTIC_REGRESSION,1,4,18,adults,textual,coefficient,-0.2204996823339985,0.2204996823339985,negative,241,147,160
C_LOGISTIC_REGRESSION,1,4,168,maybe,textual,coefficient,0.21858392784038833,0.21858392784038833,positive,242,82,225
C_LOGISTIC_REGRESSION,1,4,82,especially,textual,coefficient,0.21385828082870256,0.21385828082870256,positive,243,83,224
C_LOGISTIC_REGRESSION,1,4,279,unable,textual,coefficient,-0.21259710832891512,0.21259710832891512,negative,244,146,161
C_LOGISTIC_REGRESSION,1,4,146,lack,textual,coefficient,0.20741913741288798,0.20741913741288798,positive,245,84,223
C_LOGISTIC_REGRESSION,1,4,162,low,textual,coefficient,-0.20458943739687224,0.20458943739687224,negative,246,145,162
C_LOGISTIC_REGRESSION,1,4,121,high,textual,coefficient,0.20219260272358325,0.20219260272358325,positive,247,85,222
C_LOGISTIC_REGRESSION,1,4,40,care,textual,coefficient,-0.19820542145387277,0.19820542145387277,negative,248,144,163
C_LOGISTIC_REGRESSION,1,4,226,sep,textual,coefficient,0.19724055321736916,0.19724055321736916,positive,249,86,221
C_LOGISTIC_REGRESSION,1,4,52,criteria,textual,coefficient,-0.18779883459943453,0.18779883459943453,negative,250,143,164
C_LOGISTIC_REGRESSION,1,4,42,challenges,textual,coefficient,-0.18565016811099727,0.18565016811099727,negative,251,142,165
C_LOGISTIC_REGRESSION,1,4,173,meds,textual,coefficient,-0.18545951499915114,0.18545951499915114,negative,252,141,166
C_LOGISTIC_REGRESSION,1,4,62,differently,textual,coefficient,-0.1845060366143321,0.1845060366143321,negative,253,140,167
C_LOGISTIC_REGRESSION,1,4,245,struggling,textual,coefficient,-0.17636043042818036,0.17636043042818036,negative,254,139,168
C_LOGISTIC_REGRESSION,1,4,41,certain,textual,coefficient,0.1758563885866856,0.1758563885866856,positive,255,87,220
C_LOGISTIC_REGRESSION,1,4,89,experts,textual,coefficient,-0.17004913244189948,0.17004913244189948,negative,256,138,169
C_LOGISTIC_REGRESSION,1,4,244,struggles,textual,coefficient,-0.16322882023599253,0.16322882023599253,negative,257,137,170
C_LOGISTIC_REGRESSION,1,4,214,research,textual,coefficient,0.16092298275817854,0.16092298275817854,positive,258,88,219
C_LOGISTIC_REGRESSION,1,4,22,answer sep,textual,coefficient,-0.15205458157702972,0.15205458157702972,negative,259,136,171
C_LOGISTIC_REGRESSION,1,4,90,experts answer,textual,coefficient,-0.14994337145059944,0.14994337145059944,negative,260,135,172
C_LOGISTIC_REGRESSION,1,4,302,likes,engagement_or_format,coefficient,0.1484803437313334,0.1484803437313334,positive,261,89,218
C_LOGISTIC_REGRESSION,1,4,280,understand,textual,coefficient,0.1464453064611204,0.1464453064611204,positive,262,90,217
C_LOGISTIC_REGRESSION,1,4,228,short,textual,coefficient,-0.14620703918965922,0.14620703918965922,negative,263,134,173
C_LOGISTIC_REGRESSION,1,4,161,love,textual,coefficient,-0.14607163480091734,0.14607163480091734,negative,264,133,174
C_LOGISTIC_REGRESSION,1,4,64,disorder,textual,coefficient,-0.1425993888886193,0.1425993888886193,negative,265,132,175
C_LOGISTIC_REGRESSION,1,4,75,early,textual,coefficient,0.13757998089313617,0.13757998089313617,positive,266,91,216
C_LOGISTIC_REGRESSION,1,4,59,diet,textual,coefficient,0.1371766598661404,0.1371766598661404,positive,267,92,215
C_LOGISTIC_REGRESSION,1,4,254,talking,textual,coefficient,-0.13712260337472043,0.13712260337472043,negative,268,131,176
C_LOGISTIC_REGRESSION,1,4,26,autism,textual,coefficient,0.13524549597920746,0.13524549597920746,positive,269,93,214
C_LOGISTIC_REGRESSION,1,4,291,ways,textual,coefficient,-0.13340663027635466,0.13340663027635466,negative,270,130,177
C_LOGISTIC_REGRESSION,1,4,273,trouble,textual,coefficient,-0.13173556559595961,0.13173556559595961,negative,271,129,178
C_LOGISTIC_REGRESSION,1,4,227,sep adhd,textual,coefficient,-0.12246123303799891,0.12246123303799891,negative,272,128,179
C_LOGISTIC_REGRESSION,1,4,264,think,textual,coefficient,-0.1094139238846764,0.1094139238846764,negative,273,127,180
C_LOGISTIC_REGRESSION,1,4,44,children,textual,coefficient,-0.10599828455842217,0.10599828455842217,negative,274,126,181
C_LOGISTIC_REGRESSION,1,4,185,ocd,textual,coefficient,-0.09899847746845107,0.09899847746845107,negative,275,125,182
C_LOGISTIC_REGRESSION,1,4,60,difference,textual,coefficient,0.09868662545720402,0.09868662545720402,positive,276,94,213
C_LOGISTIC_REGRESSION,1,4,188,options,textual,coefficient,-0.09531772741356832,0.09531772741356832,negative,277,124,183
C_LOGISTIC_REGRESSION,1,4,204,problems,textual,coefficient,0.09106373022568116,0.09106373022568116,positive,278,95,212
C_LOGISTIC_REGRESSION,1,4,207,quickly,textual,coefficient,-0.08014790700742257,0.08014790700742257,negative,279,123,184
C_LOGISTIC_REGRESSION,1,4,253,talk,textual,coefficient,0.07703870680770117,0.07703870680770117,positive,280,96,211
C_LOGISTIC_REGRESSION,1,4,269,treated,textual,coefficient,-0.07648219707839879,0.07648219707839879,negative,281,122,185
C_LOGISTIC_REGRESSION,1,4,229,sign,textual,coefficient,0.07586464894205765,0.07586464894205765,positive,282,97,210
C_LOGISTIC_REGRESSION,1,4,3,actually,textual,coefficient,0.06963290354822575,0.06963290354822575,positive,283,98,209
C_LOGISTIC_REGRESSION,1,4,235,sort,textual,coefficient,-0.06932105446121388,0.06932105446121388,negative,284,121,186
C_LOGISTIC_REGRESSION,1,4,299,एक,textual,coefficient,-0.06771560956618929,0.06771560956618929,negative,285,120,187
C_LOGISTIC_REGRESSION,1,4,108,getting,textual,coefficient,-0.06267336225883655,0.06267336225883655,negative,286,119,188
C_LOGISTIC_REGRESSION,1,4,143,kids,textual,coefficient,-0.06204520174021193,0.06204520174021193,negative,287,118,189
C_LOGISTIC_REGRESSION,1,4,98,feeling,textual,coefficient,-0.061463023532227046,0.061463023532227046,negative,288,117,190
C_LOGISTIC_REGRESSION,1,4,148,lead,textual,coefficient,-0.055112945789537446,0.055112945789537446,negative,289,116,191
C_LOGISTIC_REGRESSION,1,4,29,behavior,textual,coefficient,0.048154527457748494,0.048154527457748494,positive,290,99,208
C_LOGISTIC_REGRESSION,1,4,31,best,textual,coefficient,0.047958520337841336,0.047958520337841336,positive,291,100,207
C_LOGISTIC_REGRESSION,1,4,298,इपर,textual,coefficient,-0.03937740682387209,0.03937740682387209,negative,292,115,192
C_LOGISTIC_REGRESSION,1,4,94,family,textual,coefficient,0.03874434321928171,0.03874434321928171,positive,293,101,206
C_LOGISTIC_REGRESSION,1,4,136,instead,textual,coefficient,0.03805505081159688,0.03805505081159688,positive,294,102,205
C_LOGISTIC_REGRESSION,1,4,145,know,textual,coefficient,0.03717699047246495,0.03717699047246495,positive,295,103,204
C_LOGISTIC_REGRESSION,1,4,77,eating,textual,coefficient,0.022023686144223027,0.022023686144223027,positive,296,104,203
C_LOGISTIC_REGRESSION,1,4,296,yeah,textual,coefficient,-0.016991741444926566,0.016991741444926566,negative,297,114,193
C_LOGISTIC_REGRESSION,1,4,216,say,textual,coefficient,0.015586121934344421,0.015586121934344421,positive,298,105,202
C_LOGISTIC_REGRESSION,1,4,118,hear,textual,coefficient,0.01361652322933634,0.01361652322933634,positive,299,106,201
C_LOGISTIC_REGRESSION,1,4,305,duration_sec,engagement_or_format,coefficient,-0.013503931451454346,0.013503931451454346,negative,300,113,194
C_LOGISTIC_REGRESSION,1,4,39,called,textual,coefficient,0.012233601037895251,0.012233601037895251,positive,301,107,200
C_LOGISTIC_REGRESSION,1,4,152,like,textual,coefficient,-0.009199828026729534,0.009199828026729534,negative,302,112,195
C_LOGISTIC_REGRESSION,1,4,58,did,textual,coefficient,-0.007533918154847053,0.007533918154847053,negative,303,111,196
C_LOGISTIC_REGRESSION,1,4,54,deficit,textual,coefficient,-0.00479895042044853,0.00479895042044853,negative,304,110,197
C_LOGISTIC_REGRESSION,1,4,265,thinking,textual,coefficient,0.0029953909540069317,0.0029953909540069317,positive,305,108,199
C_LOGISTIC_REGRESSION,1,4,179,music,textual,coefficient,0.0021846201711165714,0.0021846201711165714,positive,306,109,198
C_LOGISTIC_REGRESSION,2,1,60,diet,textual,coefficient,-2.1115796472851267,2.1115796472851267,negative,1,306,1
C_LOGISTIC_REGRESSION,2,1,57,diagnosis,textual,coefficient,2.014987091295322,2.014987091295322,positive,2,1,306
C_LOGISTIC_REGRESSION,2,1,24,autism,textual,coefficient,1.9419757335070615,1.9419757335070615,positive,3,2,305
C_LOGISTIC_REGRESSION,2,1,286,ve,textual,coefficient,-1.852972181367351,1.852972181367351,negative,4,305,2
C_LOGISTIC_REGRESSION,2,1,12,adhd medication,textual,coefficient,1.7799380418786424,1.7799380418786424,positive,5,3,304
C_LOGISTIC_REGRESSION,2,1,46,common,textual,coefficient,1.7078445664999604,1.7078445664999604,positive,6,4,303
C_LOGISTIC_REGRESSION,2,1,261,thing,textual,coefficient,-1.6960146696772986,1.6960146696772986,negative,7,304,3
C_LOGISTIC_REGRESSION,2,1,31,best,textual,coefficient,1.6288605533361085,1.6288605533361085,positive,8,5,302
C_LOGISTIC_REGRESSION,2,1,130,impulsivity,textual,coefficient,1.627944175829811,1.627944175829811,positive,9,6,301
C_LOGISTIC_REGRESSION,2,1,150,life,textual,coefficient,1.6155168115604768,1.6155168115604768,positive,10,7,300
C_LOGISTIC_REGRESSION,2,1,36,brain,textual,coefficient,-1.5737236093804574,1.5737236093804574,negative,11,303,4
C_LOGISTIC_REGRESSION,2,1,91,experience,textual,coefficient,1.5620274551274569,1.5620274551274569,positive,12,8,299
C_LOGISTIC_REGRESSION,2,1,109,girls,textual,coefficient,1.5505882346512927,1.5505882346512927,positive,13,9,298
C_LOGISTIC_REGRESSION,2,1,6,adhd,textual,coefficient,1.5185320929472272,1.5185320929472272,positive,14,10,297
C_LOGISTIC_REGRESSION,2,1,21,answer,textual,coefficient,1.50057287171072,1.50057287171072,positive,15,11,296
C_LOGISTIC_REGRESSION,2,1,72,don,textual,coefficient,-1.4703990639841125,1.4703990639841125,negative,16,302,5
C_LOGISTIC_REGRESSION,2,1,146,know,textual,coefficient,1.4232299448796022,1.4232299448796022,positive,17,12,295
C_LOGISTIC_REGRESSION,2,1,99,focus,textual,coefficient,1.4215592293813661,1.4215592293813661,positive,18,13,294
C_LOGISTIC_REGRESSION,2,1,200,problems,textual,coefficient,1.4066454918505689,1.4066454918505689,positive,19,14,293
C_LOGISTIC_REGRESSION,2,1,15,adhd symptoms,textual,coefficient,1.404547804707939,1.404547804707939,positive,20,15,292
C_LOGISTIC_REGRESSION,2,1,23,attention,textual,coefficient,1.3681040707802896,1.3681040707802896,positive,21,16,291
C_LOGISTIC_REGRESSION,2,1,133,increase,textual,coefficient,-1.3631330942675317,1.3631330942675317,negative,22,301,6
C_LOGISTIC_REGRESSION,2,1,114,hard,textual,coefficient,1.3574790194540454,1.3574790194540454,positive,23,17,290
C_LOGISTIC_REGRESSION,2,1,289,want,textual,coefficient,-1.3478830178290147,1.3478830178290147,negative,24,300,7
C_LOGISTIC_REGRESSION,2,1,159,lot,textual,coefficient,-1.3173771632552496,1.3173771632552496,negative,25,299,8
C_LOGISTIC_REGRESSION,2,1,222,sensitivity,textual,coefficient,-1.3134879620981614,1.3134879620981614,negative,26,298,9
C_LOGISTIC_REGRESSION,2,1,284,use,textual,coefficient,-1.2860843815635634,1.2860843815635634,negative,27,297,10
C_LOGISTIC_REGRESSION,2,1,290,way,textual,coefficient,-1.282866333613185,1.282866333613185,negative,28,296,11
C_LOGISTIC_REGRESSION,2,1,259,test,textual,coefficient,-1.2815688245080974,1.2815688245080974,negative,29,295,12
C_LOGISTIC_REGRESSION,2,1,54,depression,textual,coefficient,-1.2777334751471765,1.2777334751471765,negative,30,294,13
C_LOGISTIC_REGRESSION,2,1,107,function,textual,coefficient,1.277325682493865,1.277325682493865,positive,31,18,289
C_LOGISTIC_REGRESSION,2,1,10,adhd diagnosis,textual,coefficient,1.2289425196017383,1.2289425196017383,positive,32,19,288
C_LOGISTIC_REGRESSION,2,1,69,does,textual,coefficient,1.1998505910758341,1.1998505910758341,positive,33,20,287
C_LOGISTIC_REGRESSION,2,1,169,mean,textual,coefficient,-1.1989876894829952,1.1989876894829952,negative,34,293,14
C_LOGISTIC_REGRESSION,2,1,219,self,textual,coefficient,-1.1954636234663505,1.1954636234663505,negative,35,292,15
C_LOGISTIC_REGRESSION,2,1,28,behavior,textual,coefficient,-1.1927962135151615,1.1927962135151615,negative,36,291,16
C_LOGISTIC_REGRESSION,2,1,255,tasks,textual,coefficient,1.1861931466573528,1.1861931466573528,positive,37,21,286
C_LOGISTIC_REGRESSION,2,1,22,anxiety,textual,coefficient,1.176041028874807,1.176041028874807,positive,38,22,285
C_LOGISTIC_REGRESSION,2,1,283,understanding,textual,coefficient,1.1670453252009836,1.1670453252009836,positive,39,23,284
C_LOGISTIC_REGRESSION,2,1,179,music,textual,coefficient,1.1636154075734138,1.1636154075734138,positive,40,24,283
C_LOGISTIC_REGRESSION,2,1,155,ll,textual,coefficient,-1.160831206370502,1.160831206370502,negative,41,290,17
C_LOGISTIC_REGRESSION,2,1,9,adhd brain,textual,coefficient,-1.1600416778949514,1.1600416778949514,negative,42,289,18
C_LOGISTIC_REGRESSION,2,1,51,criteria,textual,coefficient,1.1562771319370846,1.1562771319370846,positive,43,25,282
C_LOGISTIC_REGRESSION,2,1,207,regulation,textual,coefficient,1.1290505496305119,1.1290505496305119,positive,44,26,281
C_LOGISTIC_REGRESSION,2,1,202,psychologist,textual,coefficient,1.118704558982557,1.118704558982557,positive,45,27,280
C_LOGISTIC_REGRESSION,2,1,111,good,textual,coefficient,-1.092180008608099,1.092180008608099,negative,46,288,19
C_LOGISTIC_REGRESSION,2,1,108,getting,textual,coefficient,1.0810555633090688,1.0810555633090688,positive,47,28,279
C_LOGISTIC_REGRESSION,2,1,127,impact,textual,coefficient,1.07648515882799,1.07648515882799,positive,48,29,278
C_LOGISTIC_REGRESSION,2,1,302,likes,engagement_or_format,coefficient,-1.0473191928758308,1.0473191928758308,negative,49,287,20
C_LOGISTIC_REGRESSION,2,1,102,food,textual,coefficient,-1.0452179179975698,1.0452179179975698,negative,50,286,21
C_LOGISTIC_REGRESSION,2,1,256,tell,textual,coefficient,-1.0415692522285482,1.0415692522285482,negative,51,285,22
C_LOGISTIC_REGRESSION,2,1,211,remember,textual,coefficient,-1.0351022328416213,1.0351022328416213,negative,52,284,23
C_LOGISTIC_REGRESSION,2,1,225,sep adhd,textual,coefficient,1.0207910470734243,1.0207910470734243,positive,53,30,277
C_LOGISTIC_REGRESSION,2,1,8,adhd autism,textual,coefficient,1.0170729941137928,1.0170729941137928,positive,54,31,276
C_LOGISTIC_REGRESSION,2,1,275,trying,textual,coefficient,1.0107432032225216,1.0107432032225216,positive,55,32,275
C_LOGISTIC_REGRESSION,2,1,80,effects,textual,coefficient,-1.0073864407258881,1.0073864407258881,negative,56,283,24
C_LOGISTIC_REGRESSION,2,1,103,foods,textual,coefficient,-1.0043790931860042,1.0043790931860042,negative,57,282,25
C_LOGISTIC_REGRESSION,2,1,199,problem,textual,coefficient,-0.9862598403952897,0.9862598403952897,negative,58,281,26
C_LOGISTIC_REGRESSION,2,1,16,adhd women,textual,coefficient,-0.9654868284392731,0.9654868284392731,negative,59,280,27
C_LOGISTIC_REGRESSION,2,1,180,natural,textual,coefficient,-0.9612571990066383,0.9612571990066383,negative,60,279,28
C_LOGISTIC_REGRESSION,2,1,190,parents,textual,coefficient,0.9574477841335993,0.9574477841335993,positive,61,33,274
C_LOGISTIC_REGRESSION,2,1,215,school,textual,coefficient,0.9489491355232231,0.9489491355232231,positive,62,34,273
C_LOGISTIC_REGRESSION,2,1,229,signs,textual,coefficient,0.9430410347501269,0.9430410347501269,positive,63,35,272
C_LOGISTIC_REGRESSION,2,1,296,yeah,textual,coefficient,0.9261962331862983,0.9261962331862983,positive,64,36,271
C_LOGISTIC_REGRESSION,2,1,116,having,textual,coefficient,0.9213485617216209,0.9213485617216209,positive,65,37,270
C_LOGISTIC_REGRESSION,2,1,42,child,textual,coefficient,-0.9158166297494504,0.9158166297494504,negative,66,278,29
C_LOGISTIC_REGRESSION,2,1,122,high,textual,coefficient,-0.9101240211674247,0.9101240211674247,negative,67,277,30
C_LOGISTIC_REGRESSION,2,1,121,helps,textual,coefficient,0.9044649303347201,0.9044649303347201,positive,68,38,269
C_LOGISTIC_REGRESSION,2,1,55,diagnosed,textual,coefficient,-0.8869327201615347,0.8869327201615347,negative,69,276,31
C_LOGISTIC_REGRESSION,2,1,3,activity,textual,coefficient,0.8805445946642548,0.8805445946642548,positive,70,39,268
C_LOGISTIC_REGRESSION,2,1,210,relationships,textual,coefficient,-0.8552381048482284,0.8552381048482284,negative,71,275,32
C_LOGISTIC_REGRESSION,2,1,14,adhd sep,textual,coefficient,-0.850109873743466,0.850109873743466,negative,72,274,33
C_LOGISTIC_REGRESSION,2,1,297,years,textual,coefficient,-0.8451603515340694,0.8451603515340694,negative,73,273,34
C_LOGISTIC_REGRESSION,2,1,193,people adhd,textual,coefficient,-0.8447339778517894,0.8447339778517894,negative,74,272,35
C_LOGISTIC_REGRESSION,2,1,237,stimulant,textual,coefficient,-0.8269832449602583,0.8269832449602583,negative,75,271,36
C_LOGISTIC_REGRESSION,2,1,170,means,textual,coefficient,-0.8213066739332577,0.8213066739332577,negative,76,270,37
C_LOGISTIC_REGRESSION,2,1,96,feel like,textual,coefficient,0.8172790140941023,0.8172790140941023,positive,77,40,267
C_LOGISTIC_REGRESSION,2,1,191,patients,textual,coefficient,-0.8135659068678288,0.8135659068678288,negative,78,269,38
C_LOGISTIC_REGRESSION,2,1,203,quickly,textual,coefficient,0.8130619645834644,0.8130619645834644,positive,79,41,266
C_LOGISTIC_REGRESSION,2,1,124,home,textual,coefficient,-0.792050258723701,0.792050258723701,negative,80,268,39
C_LOGISTIC_REGRESSION,2,1,145,kind,textual,coefficient,0.7914799074386587,0.7914799074386587,positive,81,42,265
C_LOGISTIC_REGRESSION,2,1,137,iron,textual,coefficient,-0.7859686575564369,0.7859686575564369,negative,82,267,40
C_LOGISTIC_REGRESSION,2,1,204,real,textual,coefficient,0.7858982797256719,0.7858982797256719,positive,83,43,264
C_LOGISTIC_REGRESSION,2,1,273,trouble,textual,coefficient,0.77921548165957,0.77921548165957,positive,84,44,263
C_LOGISTIC_REGRESSION,2,1,18,adults,textual,coefficient,0.7766361868711114,0.7766361868711114,positive,85,45,262
C_LOGISTIC_REGRESSION,2,1,115,harder,textual,coefficient,0.7758539876415009,0.7758539876415009,positive,86,46,261
C_LOGISTIC_REGRESSION,2,1,140,job,textual,coefficient,0.7749812136972516,0.7749812136972516,positive,87,47,260
C_LOGISTIC_REGRESSION,2,1,13,adhd real,textual,coefficient,0.7726287947750932,0.7726287947750932,positive,88,48,259
C_LOGISTIC_REGRESSION,2,1,196,physical,textual,coefficient,-0.7656017045742669,0.7656017045742669,negative,89,266,41
C_LOGISTIC_REGRESSION,2,1,279,uh,textual,coefficient,-0.7629191743407451,0.7629191743407451,negative,90,265,42
C_LOGISTIC_REGRESSION,2,1,61,difference,textual,coefficient,0.7616294673240168,0.7616294673240168,positive,91,49,258
C_LOGISTIC_REGRESSION,2,1,75,dr,textual,coefficient,-0.7604572838076955,0.7604572838076955,negative,92,264,43
C_LOGISTIC_REGRESSION,2,1,201,protein,textual,coefficient,0.7408902687623113,0.7408902687623113,positive,93,50,257
C_LOGISTIC_REGRESSION,2,1,276,turn,textual,coefficient,0.730607028808077,0.730607028808077,positive,94,51,256
C_LOGISTIC_REGRESSION,2,1,227,short,textual,coefficient,-0.7276493918066261,0.7276493918066261,negative,95,263,44
C_LOGISTIC_REGRESSION,2,1,163,low,textual,coefficient,-0.7202275087360597,0.7202275087360597,negative,96,262,45
C_LOGISTIC_REGRESSION,2,1,70,doesn,textual,coefficient,-0.7201266583140439,0.7201266583140439,negative,97,261,46
C_LOGISTIC_REGRESSION,2,1,187,oh,textual,coefficient,-0.7097985003033233,0.7097985003033233,negative,98,260,47
C_LOGISTIC_REGRESSION,2,1,35,body,textual,coefficient,-0.7072659840128543,0.7072659840128543,negative,99,259,48
C_LOGISTIC_REGRESSION,2,1,119,help,textual,coefficient,-0.7051588589282801,0.7051588589282801,negative,100,258,49
C_LOGISTIC_REGRESSION,2,1,208,rejection,textual,coefficient,-0.7022069162438938,0.7022069162438938,negative,101,257,50
C_LOGISTIC_REGRESSION,2,1,48,condition,textual,coefficient,0.6992763166904049,0.6992763166904049,positive,102,52,255
C_LOGISTIC_REGRESSION,2,1,144,kids,textual,coefficient,0.6976917971355696,0.6976917971355696,positive,103,53,254
C_LOGISTIC_REGRESSION,2,1,252,talk,textual,coefficient,-0.6929451752481647,0.6929451752481647,negative,104,256,51
C_LOGISTIC_REGRESSION,2,1,147,late,textual,coefficient,0.6884483393822372,0.6884483393822372,positive,105,54,253
C_LOGISTIC_REGRESSION,2,1,258,term,textual,coefficient,0.6855571273170457,0.6855571273170457,positive,106,55,252
C_LOGISTIC_REGRESSION,2,1,141,just,textual,coefficient,0.6752671872659609,0.6752671872659609,positive,107,56,251
C_LOGISTIC_REGRESSION,2,1,30,behaviors,textual,coefficient,0.6742130474070015,0.6742130474070015,positive,108,57,250
C_LOGISTIC_REGRESSION,2,1,249,symptoms,textual,coefficient,0.6722824955356931,0.6722824955356931,positive,109,58,249
C_LOGISTIC_REGRESSION,2,1,66,disorders,textual,coefficient,0.6695400919929654,0.6695400919929654,positive,110,59,248
C_LOGISTIC_REGRESSION,2,1,186,number,textual,coefficient,-0.6691157411733464,0.6691157411733464,negative,111,255,52
C_LOGISTIC_REGRESSION,2,1,288,wait,textual,coefficient,-0.6674761743242342,0.6674761743242342,negative,112,254,53
C_LOGISTIC_REGRESSION,2,1,194,person,textual,coefficient,0.6652993212182243,0.6652993212182243,positive,113,60,247
C_LOGISTIC_REGRESSION,2,1,304,views,engagement_or_format,coefficient,0.6628564496594295,0.6628564496594295,positive,114,61,246
C_LOGISTIC_REGRESSION,2,1,113,happens,textual,coefficient,-0.6613140645888664,0.6613140645888664,negative,115,253,54
C_LOGISTIC_REGRESSION,2,1,139,issues,textual,coefficient,-0.6574237794715464,0.6574237794715464,negative,116,252,55
C_LOGISTIC_REGRESSION,2,1,32,better,textual,coefficient,0.6535803129312515,0.6535803129312515,positive,117,62,245
C_LOGISTIC_REGRESSION,2,1,68,doctor,textual,coefficient,-0.6505072242235195,0.6505072242235195,negative,118,251,56
C_LOGISTIC_REGRESSION,2,1,287,video,textual,coefficient,-0.65003391608375,0.65003391608375,negative,119,250,57
C_LOGISTIC_REGRESSION,2,1,285,usually,textual,coefficient,-0.6425079943625102,0.6425079943625102,negative,120,249,58
C_LOGISTIC_REGRESSION,2,1,218,seen,textual,coefficient,0.6416305585471817,0.6416305585471817,positive,121,63,244
C_LOGISTIC_REGRESSION,2,1,136,intense,textual,coefficient,-0.6390448545071363,0.6390448545071363,negative,122,248,59
C_LOGISTIC_REGRESSION,2,1,88,executive,textual,coefficient,0.6292241433186543,0.6292241433186543,positive,123,64,243
C_LOGISTIC_REGRESSION,2,1,34,bit,textual,coefficient,-0.6205199431105785,0.6205199431105785,negative,124,247,60
C_LOGISTIC_REGRESSION,2,1,176,mood,textual,coefficient,-0.6117038880499996,0.6117038880499996,negative,125,246,61
C_LOGISTIC_REGRESSION,2,1,5,add,textual,coefficient,0.6107864141724134,0.6107864141724134,positive,126,65,242
C_LOGISTIC_REGRESSION,2,1,274,try,textual,coefficient,-0.6081315395427191,0.6081315395427191,negative,127,245,62
C_LOGISTIC_REGRESSION,2,1,20,affects,textual,coefficient,-0.6031556098699924,0.6031556098699924,negative,128,244,63
C_LOGISTIC_REGRESSION,2,1,17,adult,textual,coefficient,0.6022206430488409,0.6022206430488409,positive,129,66,241
C_LOGISTIC_REGRESSION,2,1,29,behavioral,textual,coefficient,0.5949510659335187,0.5949510659335187,positive,130,67,240
C_LOGISTIC_REGRESSION,2,1,87,example,textual,coefficient,-0.5862935850748094,0.5862935850748094,negative,131,243,64
C_LOGISTIC_REGRESSION,2,1,74,dopamine,textual,coefficient,-0.5861012901918397,0.5861012901918397,negative,132,242,65
C_LOGISTIC_REGRESSION,2,1,262,things,textual,coefficient,0.5737351215780084,0.5737351215780084,positive,133,68,239
C_LOGISTIC_REGRESSION,2,1,266,time,textual,coefficient,-0.5704474758821622,0.5704474758821622,negative,134,241,66
C_LOGISTIC_REGRESSION,2,1,188,okay,textual,coefficient,-0.5655692116837112,0.5655692116837112,negative,135,240,67
C_LOGISTIC_REGRESSION,2,1,244,study,textual,coefficient,-0.559637975750797,0.559637975750797,negative,136,239,68
C_LOGISTIC_REGRESSION,2,1,53,deficit,textual,coefficient,-0.5559714957588489,0.5559714957588489,negative,137,238,69
C_LOGISTIC_REGRESSION,2,1,253,talking,textual,coefficient,-0.5493976926610898,0.5493976926610898,negative,138,237,70
C_LOGISTIC_REGRESSION,2,1,216,second,textual,coefficient,0.5420272063625482,0.5420272063625482,positive,139,69,238
C_LOGISTIC_REGRESSION,2,1,235,somebody,textual,coefficient,-0.5299701618135996,0.5299701618135996,negative,140,236,71
C_LOGISTIC_REGRESSION,2,1,161,lots,textual,coefficient,0.5249080944123605,0.5249080944123605,positive,141,70,237
C_LOGISTIC_REGRESSION,2,1,223,sensory,textual,coefficient,0.5238850888413944,0.5238850888413944,positive,142,71,236
C_LOGISTIC_REGRESSION,2,1,195,phone,textual,coefficient,0.5172748180410535,0.5172748180410535,positive,143,72,235
C_LOGISTIC_REGRESSION,2,1,173,meds,textual,coefficient,0.517092307173412,0.517092307173412,positive,144,73,234
C_LOGISTIC_REGRESSION,2,1,106,friends,textual,coefficient,-0.5132662783597777,0.5132662783597777,negative,145,235,72
C_LOGISTIC_REGRESSION,2,1,189,overwhelmed,textual,coefficient,0.5119843749596503,0.5119843749596503,positive,146,74,233
C_LOGISTIC_REGRESSION,2,1,214,saying,textual,coefficient,0.510512741201954,0.510512741201954,positive,147,75,232
C_LOGISTIC_REGRESSION,2,1,129,impulsive,textual,coefficient,0.5079496773245953,0.5079496773245953,positive,148,76,231
C_LOGISTIC_REGRESSION,2,1,19,affect,textual,coefficient,0.5071862547734347,0.5071862547734347,positive,149,77,230
C_LOGISTIC_REGRESSION,2,1,168,management,textual,coefficient,0.507093520270965,0.507093520270965,positive,150,78,229
C_LOGISTIC_REGRESSION,2,1,45,comes,textual,coefficient,-0.5058622231769757,0.5058622231769757,negative,151,234,73
C_LOGISTIC_REGRESSION,2,1,7,adhd adhd,textual,coefficient,-0.5000558927657519,0.5000558927657519,negative,152,233,74
C_LOGISTIC_REGRESSION,2,1,142,keeping,textual,coefficient,-0.4987307070596038,0.4987307070596038,negative,153,232,75
C_LOGISTIC_REGRESSION,2,1,292,women,textual,coefficient,-0.4922401375671772,0.4922401375671772,negative,154,231,76
C_LOGISTIC_REGRESSION,2,1,177,motivation,textual,coefficient,-0.48851847890997796,0.48851847890997796,negative,155,230,77
C_LOGISTIC_REGRESSION,2,1,128,important,textual,coefficient,-0.48749154423228513,0.48749154423228513,negative,156,229,78
C_LOGISTIC_REGRESSION,2,1,269,treat,textual,coefficient,-0.4793326683560978,0.4793326683560978,negative,157,228,79
C_LOGISTIC_REGRESSION,2,1,39,cause,textual,coefficient,-0.4748547900782648,0.4748547900782648,negative,158,227,80
C_LOGISTIC_REGRESSION,2,1,52,day,textual,coefficient,0.4742782500100615,0.4742782500100615,positive,159,79,228
C_LOGISTIC_REGRESSION,2,1,254,task,textual,coefficient,-0.47384863210961947,0.47384863210961947,negative,160,226,81
C_LOGISTIC_REGRESSION,2,1,257,tend,textual,coefficient,-0.4672360758530343,0.4672360758530343,negative,161,225,82
C_LOGISTIC_REGRESSION,2,1,212,right,textual,coefficient,-0.46467521080826213,0.46467521080826213,negative,162,224,83
C_LOGISTIC_REGRESSION,2,1,153,little,textual,coefficient,-0.4502636305456664,0.4502636305456664,negative,163,223,84
C_LOGISTIC_REGRESSION,2,1,234,social,textual,coefficient,0.44940741411844204,0.44940741411844204,positive,164,80,227
C_LOGISTIC_REGRESSION,2,1,77,easily,textual,coefficient,0.4493330623665371,0.4493330623665371,positive,165,81,226
C_LOGISTIC_REGRESSION,2,1,44,come,textual,coefficient,0.4488902184515131,0.4488902184515131,positive,166,82,225
C_LOGISTIC_REGRESSION,2,1,172,medications,textual,coefficient,0.4452264264317358,0.4452264264317358,positive,167,83,224
C_LOGISTIC_REGRESSION,2,1,112,got,textual,coefficient,0.4439693396534993,0.4439693396534993,positive,168,84,223
C_LOGISTIC_REGRESSION,2,1,209,rejection sensitivity,textual,coefficient,-0.43747303886338734,0.43747303886338734,negative,169,222,85
C_LOGISTIC_REGRESSION,2,1,49,constantly,textual,coefficient,-0.43695780742818713,0.43695780742818713,negative,170,221,86
C_LOGISTIC_REGRESSION,2,1,181,need,textual,coefficient,-0.4319146281718913,0.4319146281718913,negative,171,220,87
C_LOGISTIC_REGRESSION,2,1,183,neurotypical,textual,coefficient,0.43097710928725835,0.43097710928725835,positive,172,85,222
C_LOGISTIC_REGRESSION,2,1,166,makes,textual,coefficient,0.4122299985798071,0.4122299985798071,positive,173,86,221
C_LOGISTIC_REGRESSION,2,1,43,children,textual,coefficient,-0.4090480951841499,0.4090480951841499,negative,174,219,88
C_LOGISTIC_REGRESSION,2,1,73,don know,textual,coefficient,-0.4073793451139329,0.4073793451139329,negative,175,218,89
C_LOGISTIC_REGRESSION,2,1,117,health,textual,coefficient,0.40011787143021593,0.40011787143021593,positive,176,87,220
C_LOGISTIC_REGRESSION,2,1,37,brains,textual,coefficient,0.3985720832681767,0.3985720832681767,positive,177,88,219
C_LOGISTIC_REGRESSION,2,1,236,start,textual,coefficient,0.38978215469689864,0.38978215469689864,positive,178,89,218
C_LOGISTIC_REGRESSION,2,1,185,non,textual,coefficient,0.3890591856093714,0.3890591856093714,positive,179,90,217
C_LOGISTIC_REGRESSION,2,1,59,did,textual,coefficient,0.38889054447865096,0.38889054447865096,positive,180,91,216
C_LOGISTIC_REGRESSION,2,1,213,say,textual,coefficient,0.38864388011198103,0.38864388011198103,positive,181,92,215
C_LOGISTIC_REGRESSION,2,1,268,traits,textual,coefficient,-0.36957576185399715,0.36957576185399715,negative,182,217,90
C_LOGISTIC_REGRESSION,2,1,143,key,textual,coefficient,0.3677299372582557,0.3677299372582557,positive,183,93,214
C_LOGISTIC_REGRESSION,2,1,41,check,textual,coefficient,0.36598326381508034,0.36598326381508034,positive,184,94,213
C_LOGISTIC_REGRESSION,2,1,157,long term,textual,coefficient,0.36528384301607136,0.36528384301607136,positive,185,95,212
C_LOGISTIC_REGRESSION,2,1,81,emotional,textual,coefficient,0.35974509136089555,0.35974509136089555,positive,186,96,211
C_LOGISTIC_REGRESSION,2,1,0,10,textual,coefficient,-0.3589427281375214,0.3589427281375214,negative,187,216,91
C_LOGISTIC_REGRESSION,2,1,263,things like,textual,coefficient,0.3571708005217979,0.3571708005217979,positive,188,97,210
C_LOGISTIC_REGRESSION,2,1,134,information,textual,coefficient,-0.34379553914813354,0.34379553914813354,negative,189,215,92
C_LOGISTIC_REGRESSION,2,1,221,sensitive,textual,coefficient,-0.3437104842333522,0.3437104842333522,negative,190,214,93
C_LOGISTIC_REGRESSION,2,1,154,little bit,textual,coefficient,-0.3429536457794512,0.3429536457794512,negative,191,213,94
C_LOGISTIC_REGRESSION,2,1,152,likely,textual,coefficient,0.3341124512007632,0.3341124512007632,positive,192,98,209
C_LOGISTIC_REGRESSION,2,1,63,differently,textual,coefficient,-0.332928085172205,0.332928085172205,negative,193,212,95
C_LOGISTIC_REGRESSION,2,1,120,helpful,textual,coefficient,0.3307945948145692,0.3307945948145692,positive,194,99,208
C_LOGISTIC_REGRESSION,2,1,86,everybody,textual,coefficient,-0.3299695024696369,0.3299695024696369,negative,195,211,96
C_LOGISTIC_REGRESSION,2,1,82,emotions,textual,coefficient,0.32934636204718204,0.32934636204718204,positive,196,100,207
C_LOGISTIC_REGRESSION,2,1,260,therapy,textual,coefficient,-0.3249260946875676,0.3249260946875676,negative,197,210,97
C_LOGISTIC_REGRESSION,2,1,90,exercise,textual,coefficient,0.3218119347645646,0.3218119347645646,positive,198,101,206
C_LOGISTIC_REGRESSION,2,1,104,forget,textual,coefficient,0.3209705696583907,0.3209705696583907,positive,199,102,205
C_LOGISTIC_REGRESSION,2,1,2,activities,textual,coefficient,0.3183736277225917,0.3183736277225917,positive,200,103,204
C_LOGISTIC_REGRESSION,2,1,110,going,textual,coefficient,0.31559452205867033,0.31559452205867033,positive,201,104,203
C_LOGISTIC_REGRESSION,2,1,156,long,textual,coefficient,0.3131146658174491,0.3131146658174491,positive,202,105,202
C_LOGISTIC_REGRESSION,2,1,56,diagnosed adhd,textual,coefficient,0.3046824202013429,0.3046824202013429,positive,203,106,201
C_LOGISTIC_REGRESSION,2,1,95,feel,textual,coefficient,-0.30079593313026703,0.30079593313026703,negative,204,209,98
C_LOGISTIC_REGRESSION,2,1,280,um,textual,coefficient,-0.296915463734097,0.296915463734097,negative,205,208,99
C_LOGISTIC_REGRESSION,2,1,26,bad,textual,coefficient,-0.29497607971822315,0.29497607971822315,negative,206,207,100
C_LOGISTIC_REGRESSION,2,1,50,control,textual,coefficient,0.2949408746865599,0.2949408746865599,positive,207,107,200
C_LOGISTIC_REGRESSION,2,1,232,sleep,textual,coefficient,-0.2918092936356218,0.2918092936356218,negative,208,206,101
C_LOGISTIC_REGRESSION,2,1,27,based,textual,coefficient,0.2905246455463207,0.2905246455463207,positive,209,108,199
C_LOGISTIC_REGRESSION,2,1,184,neurotypical person,textual,coefficient,0.28503749283749674,0.28503749283749674,positive,210,109,198
C_LOGISTIC_REGRESSION,2,1,47,complete,textual,coefficient,0.2805542017389108,0.2805542017389108,positive,211,110,197
C_LOGISTIC_REGRESSION,2,1,224,sep,textual,coefficient,0.26033654309033133,0.26033654309033133,positive,212,111,196
C_LOGISTIC_REGRESSION,2,1,182,needs,textual,coefficient,-0.2566487692845213,0.2566487692845213,negative,213,205,102
C_LOGISTIC_REGRESSION,2,1,301,hedge_score,handcrafted_linguistic,coefficient,0.2535166135519825,0.2535166135519825,positive,214,112,195
C_LOGISTIC_REGRESSION,2,1,165,make sure,textual,coefficient,0.2522796238496054,0.2522796238496054,positive,215,113,194
C_LOGISTIC_REGRESSION,2,1,162,love,textual,coefficient,0.24677607773882348,0.24677607773882348,positive,216,114,193
C_LOGISTIC_REGRESSION,2,1,38,care,textual,coefficient,-0.245071794549333,0.245071794549333,negative,217,204,103
C_LOGISTIC_REGRESSION,2,1,303,comments,engagement_or_format,coefficient,-0.24199954663610582,0.24199954663610582,negative,218,203,104
C_LOGISTIC_REGRESSION,2,1,78,eating,textual,coefficient,-0.24160793092201763,0.24160793092201763,negative,219,202,105
C_LOGISTIC_REGRESSION,2,1,230,signs adhd,textual,coefficient,-0.2408760603696182,0.2408760603696182,negative,220,201,106
C_LOGISTIC_REGRESSION,2,1,125,hyperactive,textual,coefficient,-0.23999220604312138,0.23999220604312138,negative,221,200,107
C_LOGISTIC_REGRESSION,2,1,282,understand,textual,coefficient,-0.23741537158040826,0.23741537158040826,negative,222,199,108
C_LOGISTIC_REGRESSION,2,1,25,autistic,textual,coefficient,-0.23689188424758004,0.23689188424758004,negative,223,198,109
C_LOGISTIC_REGRESSION,2,1,228,shown,textual,coefficient,-0.23660598572913524,0.23660598572913524,negative,224,197,110
C_LOGISTIC_REGRESSION,2,1,217,seconds,textual,coefficient,0.23128876046781618,0.23128876046781618,positive,225,115,192
C_LOGISTIC_REGRESSION,2,1,192,people,textual,coefficient,0.23100433540284881,0.23100433540284881,positive,226,116,191
C_LOGISTIC_REGRESSION,2,1,138,isn,textual,coefficient,-0.22436915574031,0.22436915574031,negative,227,196,111
C_LOGISTIC_REGRESSION,2,1,93,explained,textual,coefficient,-0.2156822744801536,0.2156822744801536,negative,228,195,112
C_LOGISTIC_REGRESSION,2,1,11,adhd just,textual,coefficient,0.21284746714207853,0.21284746714207853,positive,229,117,190
C_LOGISTIC_REGRESSION,2,1,62,different,textual,coefficient,-0.21106468450155913,0.21106468450155913,negative,230,194,113
C_LOGISTIC_REGRESSION,2,1,226,seven,textual,coefficient,-0.20710808308199136,0.20710808308199136,negative,231,193,114
C_LOGISTIC_REGRESSION,2,1,83,end,textual,coefficient,0.20149291189372628,0.20149291189372628,positive,232,118,189
C_LOGISTIC_REGRESSION,2,1,97,feeling,textual,coefficient,-0.20072327712695603,0.20072327712695603,negative,233,192,115
C_LOGISTIC_REGRESSION,2,1,238,stimulants,textual,coefficient,0.20013804518615586,0.20013804518615586,positive,234,119,188
C_LOGISTIC_REGRESSION,2,1,277,type,textual,coefficient,-0.19598055992176275,0.19598055992176275,negative,235,191,116
C_LOGISTIC_REGRESSION,2,1,65,disorder,textual,coefficient,-0.1925618454796612,0.1925618454796612,negative,236,190,117
C_LOGISTIC_REGRESSION,2,1,265,thinking,textual,coefficient,0.19112819290428879,0.19112819290428879,positive,237,120,187
C_LOGISTIC_REGRESSION,2,1,171,medication,textual,coefficient,0.1905749520129996,0.1905749520129996,positive,238,121,186
C_LOGISTIC_REGRESSION,2,1,295,world,textual,coefficient,-0.1900324113922198,0.1900324113922198,negative,239,189,118
C_LOGISTIC_REGRESSION,2,1,76,dysfunction,textual,coefficient,-0.18527844911475982,0.18527844911475982,negative,240,188,119
C_LOGISTIC_REGRESSION,2,1,293,work,textual,coefficient,0.18269823912290456,0.18269823912290456,positive,241,122,185
C_LOGISTIC_REGRESSION,2,1,278,types,textual,coefficient,-0.18075040436463524,0.18075040436463524,negative,242,187,120
C_LOGISTIC_REGRESSION,2,1,126,hyperactivity,textual,coefficient,-0.17882510838415427,0.17882510838415427,negative,243,186,121
C_LOGISTIC_REGRESSION,2,1,167,making,textual,coefficient,0.17834381074723896,0.17834381074723896,positive,244,123,184
C_LOGISTIC_REGRESSION,2,1,175,mind,textual,coefficient,-0.17702835732129382,0.17702835732129382,negative,245,185,122
C_LOGISTIC_REGRESSION,2,1,148,lead,textual,coefficient,-0.17685762122477106,0.17685762122477106,negative,246,184,123
C_LOGISTIC_REGRESSION,2,1,67,distracted,textual,coefficient,-0.17451807014143625,0.17451807014143625,negative,247,183,124
C_LOGISTIC_REGRESSION,2,1,247,support,textual,coefficient,0.1710673658512384,0.1710673658512384,positive,248,124,183
C_LOGISTIC_REGRESSION,2,1,178,moving,textual,coefficient,-0.17057542426157388,0.17057542426157388,negative,249,182,125
C_LOGISTIC_REGRESSION,2,1,298,इपर,textual,coefficient,-0.16604407322034975,0.16604407322034975,negative,250,180,126
C_LOGISTIC_REGRESSION,2,1,299,एक,textual,coefficient,-0.16604407322034975,0.16604407322034975,negative,250,180,126
C_LOGISTIC_REGRESSION,2,1,291,ways,textual,coefficient,0.16107151786623838,0.16107151786623838,positive,252,125,182
C_LOGISTIC_REGRESSION,2,1,4,actually,textual,coefficient,-0.16102461146217198,0.16102461146217198,negative,253,179,128
C_LOGISTIC_REGRESSION,2,1,267,times,textual,coefficient,0.152507394292144,0.152507394292144,positive,254,126,181
C_LOGISTIC_REGRESSION,2,1,118,hear,textual,coefficient,0.14190141890947502,0.14190141890947502,positive,255,127,180
C_LOGISTIC_REGRESSION,2,1,92,explain,textual,coefficient,0.13951148670577937,0.13951148670577937,positive,256,128,179
C_LOGISTIC_REGRESSION,2,1,151,like,textual,coefficient,-0.12947504152126355,0.12947504152126355,negative,257,178,129
C_LOGISTIC_REGRESSION,2,1,294,works,textual,coefficient,-0.1259341209929938,0.1259341209929938,negative,258,177,130
C_LOGISTIC_REGRESSION,2,1,94,fact,textual,coefficient,0.12437405293783986,0.12437405293783986,positive,259,129,178
C_LOGISTIC_REGRESSION,2,1,242,struggles,textual,coefficient,-0.12426523680427022,0.12426523680427022,negative,260,176,131
C_LOGISTIC_REGRESSION,2,1,33,big,textual,coefficient,-0.12305352540492501,0.12305352540492501,negative,261,175,132
C_LOGISTIC_REGRESSION,2,1,231,sit,textual,coefficient,-0.11347982749530071,0.11347982749530071,negative,262,174,133
C_LOGISTIC_REGRESSION,2,1,160,lot people,textual,coefficient,0.11325103730957424,0.11325103730957424,positive,263,130,177
C_LOGISTIC_REGRESSION,2,1,270,treating,textual,coefficient,0.11240759384265381,0.11240759384265381,positive,264,131,176
C_LOGISTIC_REGRESSION,2,1,300,certainty_score,handcrafted_linguistic,coefficient,0.11090944308373121,0.11090944308373121,positive,265,132,175
C_LOGISTIC_REGRESSION,2,1,305,duration_sec,engagement_or_format,coefficient,-0.11082027894418817,0.11082027894418817,negative,266,173,134
C_LOGISTIC_REGRESSION,2,1,198,probably,textual,coefficient,-0.10801642739861973,0.10801642739861973,negative,267,172,135
C_LOGISTIC_REGRESSION,2,1,123,highly,textual,coefficient,-0.10335794006477995,0.10335794006477995,negative,268,171,136
C_LOGISTIC_REGRESSION,2,1,101,follow,textual,coefficient,-0.10268610442000518,0.10268610442000518,negative,269,170,137
C_LOGISTIC_REGRESSION,2,1,250,symptoms adhd,textual,coefficient,-0.10176224576917604,0.10176224576917604,negative,270,169,138
C_LOGISTIC_REGRESSION,2,1,58,diagnostic,textual,coefficient,-0.09969903692346607,0.09969903692346607,negative,271,168,139
C_LOGISTIC_REGRESSION,2,1,71,doing,textual,coefficient,0.09718799318895333,0.09718799318895333,positive,272,133,174
C_LOGISTIC_REGRESSION,2,1,240,strategies,textual,coefficient,0.09709682451980423,0.09709682451980423,positive,273,134,173
C_LOGISTIC_REGRESSION,2,1,85,especially,textual,coefficient,0.09514158182787498,0.09514158182787498,positive,274,135,172
C_LOGISTIC_REGRESSION,2,1,84,energy,textual,coefficient,0.0907692524237221,0.0907692524237221,positive,275,136,171
C_LOGISTIC_REGRESSION,2,1,89,executive dysfunction,textual,coefficient,0.08740832214372263,0.08740832214372263,positive,276,137,170
C_LOGISTIC_REGRESSION,2,1,105,friend,textual,coefficient,-0.08621553707055014,0.08621553707055014,negative,277,167,140
C_LOGISTIC_REGRESSION,2,1,158,look,textual,coefficient,0.08007528155162068,0.08007528155162068,positive,278,138,169
C_LOGISTIC_REGRESSION,2,1,241,struggle,textual,coefficient,0.07699081017300613,0.07699081017300613,positive,279,139,168
C_LOGISTIC_REGRESSION,2,1,281,unable,textual,coefficient,-0.07278619485404211,0.07278619485404211,negative,280,166,141
C_LOGISTIC_REGRESSION,2,1,251,taking,textual,coefficient,0.06824525043295751,0.06824525043295751,positive,281,140,167
C_LOGISTIC_REGRESSION,2,1,1,able,textual,coefficient,0.06499497917452988,0.06499497917452988,positive,282,141,166
C_LOGISTIC_REGRESSION,2,1,243,struggling,textual,coefficient,-0.06389419224953793,0.06389419224953793,negative,283,165,142
C_LOGISTIC_REGRESSION,2,1,132,include,textual,coefficient,0.06241224431133936,0.06241224431133936,positive,284,142,165
C_LOGISTIC_REGRESSION,2,1,40,challenges,textual,coefficient,0.06184795976327369,0.06184795976327369,positive,285,143,164
C_LOGISTIC_REGRESSION,2,1,245,sugar,textual,coefficient,0.05250472094322404,0.05250472094322404,positive,286,144,163
C_LOGISTIC_REGRESSION,2,1,98,feelings,textual,coefficient,0.04258465860089115,0.04258465860089115,positive,287,145,162
C_LOGISTIC_REGRESSION,2,1,100,focusing,textual,coefficient,-0.03979108547716911,0.03979108547716911,negative,288,164,143
C_LOGISTIC_REGRESSION,2,1,248,sure,textual,coefficient,0.039419223730824564,0.039419223730824564,positive,289,146,161
C_LOGISTIC_REGRESSION,2,1,272,treatment,textual,coefficient,0.03868544576214784,0.03868544576214784,positive,290,147,160
C_LOGISTIC_REGRESSION,2,1,131,inattentive,textual,coefficient,-0.032871499328658266,0.032871499328658266,negative,291,163,144
C_LOGISTIC_REGRESSION,2,1,220,sense,textual,coefficient,-0.03230243053827609,0.03230243053827609,negative,292,162,145
C_LOGISTIC_REGRESSION,2,1,205,really,textual,coefficient,0.0320279465604841,0.0320279465604841,positive,293,148,159
C_LOGISTIC_REGRESSION,2,1,206,recommend,textual,coefficient,-0.025700873876687843,0.025700873876687843,negative,294,161,146
C_LOGISTIC_REGRESSION,2,1,239,stop,textual,coefficient,-0.02309176474723196,0.02309176474723196,negative,295,160,147
C_LOGISTIC_REGRESSION,2,1,135,instead,textual,coefficient,-0.021283102364505632,0.021283102364505632,negative,296,159,148
C_LOGISTIC_REGRESSION,2,1,79,effective,textual,coefficient,-0.020201591510777266,0.020201591510777266,negative,297,158,149
C_LOGISTIC_REGRESSION,2,1,174,mental,textual,coefficient,0.019650402790182066,0.019650402790182066,positive,298,149,158
C_LOGISTIC_REGRESSION,2,1,197,present,textual,coefficient,-0.017213488739417134,0.017213488739417134,negative,299,157,150
C_LOGISTIC_REGRESSION,2,1,164,make,textual,coefficient,0.01633568378030947,0.01633568378030947,positive,300,150,157
C_LOGISTIC_REGRESSION,2,1,246,supplements,textual,coefficient,0.01252075283724756,0.01252075283724756,positive,301,151,156
C_LOGISTIC_REGRESSION,2,1,64,difficulty,textual,coefficient,-0.005702032859964767,0.005702032859964767,negative,302,156,151
C_LOGISTIC_REGRESSION,2,1,264,think,textual,coefficient,0.004469879512036437,0.004469879512036437,positive,303,152,155
C_LOGISTIC_REGRESSION,2,1,271,treating adhd,textual,coefficient,-0.002810781122145509,0.002810781122145509,negative,304,155,152
C_LOGISTIC_REGRESSION,2,1,149,let,textual,coefficient,0.001410844927879862,0.001410844927879862,positive,305,153,154
C_LOGISTIC_REGRESSION,2,1,233,small,textual,coefficient,-0.0009747751571118991,0.0009747751571118991,negative,306,154,153
C_LOGISTIC_REGRESSION,2,2,171,medication,textual,coefficient,2.8878876601807457,2.8878876601807457,positive,1,1,306
C_LOGISTIC_REGRESSION,2,2,262,things,textual,coefficient,-2.204297431168787,2.204297431168787,negative,2,306,1
C_LOGISTIC_REGRESSION,2,2,137,iron,textual,coefficient,2.1151305827909326,2.1151305827909326,positive,3,2,305
C_LOGISTIC_REGRESSION,2,2,237,stimulant,textual,coefficient,2.1063182784965067,2.1063182784965067,positive,4,3,304
C_LOGISTIC_REGRESSION,2,2,266,time,textual,coefficient,1.9252532294240512,1.9252532294240512,positive,5,4,303
C_LOGISTIC_REGRESSION,2,2,5,add,textual,coefficient,-1.8812747507021326,1.8812747507021326,negative,6,305,2
C_LOGISTIC_REGRESSION,2,2,95,feel,textual,coefficient,-1.7487370669549531,1.7487370669549531,negative,7,304,3
C_LOGISTIC_REGRESSION,2,2,84,energy,textual,coefficient,-1.6732704479425102,1.6732704479425102,negative,8,303,4
C_LOGISTIC_REGRESSION,2,2,111,good,textual,coefficient,1.57267273567898,1.57267273567898,positive,9,5,302
C_LOGISTIC_REGRESSION,2,2,187,oh,textual,coefficient,1.5716912393297373,1.5716912393297373,positive,10,6,301
C_LOGISTIC_REGRESSION,2,2,280,um,textual,coefficient,1.4929474838910461,1.4929474838910461,positive,11,7,300
C_LOGISTIC_REGRESSION,2,2,35,body,textual,coefficient,-1.385048195766212,1.385048195766212,negative,12,302,5
C_LOGISTIC_REGRESSION,2,2,294,works,textual,coefficient,-1.3805701012201037,1.3805701012201037,negative,13,301,6
C_LOGISTIC_REGRESSION,2,2,156,long,textual,coefficient,-1.3721841918510598,1.3721841918510598,negative,14,300,7
C_LOGISTIC_REGRESSION,2,2,274,try,textual,coefficient,1.3607698084922943,1.3607698084922943,positive,15,8,299
C_LOGISTIC_REGRESSION,2,2,26,bad,textual,coefficient,-1.313734848956386,1.313734848956386,negative,16,299,8
C_LOGISTIC_REGRESSION,2,2,241,struggle,textual,coefficient,-1.2820184742457408,1.2820184742457408,negative,17,298,9
C_LOGISTIC_REGRESSION,2,2,31,best,textual,coefficient,-1.2798659960587508,1.2798659960587508,negative,18,297,10
C_LOGISTIC_REGRESSION,2,2,153,little,textual,coefficient,1.2269304833123649,1.2269304833123649,positive,19,9,298
C_LOGISTIC_REGRESSION,2,2,109,girls,textual,coefficient,-1.205324038312934,1.205324038312934,negative,20,296,11
C_LOGISTIC_REGRESSION,2,2,146,know,textual,coefficient,-1.1911123164665263,1.1911123164665263,negative,21,295,12
C_LOGISTIC_REGRESSION,2,2,221,sensitive,textual,coefficient,-1.1850426917806802,1.1850426917806802,negative,22,294,13
C_LOGISTIC_REGRESSION,2,2,99,focus,textual,coefficient,1.172110894758202,1.172110894758202,positive,23,10,297
C_LOGISTIC_REGRESSION,2,2,24,autism,textual,coefficient,-1.1692354896979384,1.1692354896979384,negative,24,293,14
C_LOGISTIC_REGRESSION,2,2,182,needs,textual,coefficient,1.1681972238253497,1.1681972238253497,positive,25,11,296
C_LOGISTIC_REGRESSION,2,2,104,forget,textual,coefficient,-1.1527031389749849,1.1527031389749849,negative,26,292,15
C_LOGISTIC_REGRESSION,2,2,69,does,textual,coefficient,-1.1497028899107964,1.1497028899107964,negative,27,291,16
C_LOGISTIC_REGRESSION,2,2,215,school,textual,coefficient,-1.1302780827897283,1.1302780827897283,negative,28,290,17
C_LOGISTIC_REGRESSION,2,2,28,behavior,textual,coefficient,1.12531558791598,1.12531558791598,positive,29,12,295
C_LOGISTIC_REGRESSION,2,2,101,follow,textual,coefficient,1.1016464729023232,1.1016464729023232,positive,30,13,294
C_LOGISTIC_REGRESSION,2,2,170,means,textual,coefficient,1.094315776043561,1.094315776043561,positive,31,14,293
C_LOGISTIC_REGRESSION,2,2,238,stimulants,textual,coefficient,-1.0927917911877816,1.0927917911877816,negative,32,289,18
C_LOGISTIC_REGRESSION,2,2,235,somebody,textual,coefficient,1.09059577004522,1.09059577004522,positive,33,15,292
C_LOGISTIC_REGRESSION,2,2,139,issues,textual,coefficient,1.0854781578747128,1.0854781578747128,positive,34,16,291
C_LOGISTIC_REGRESSION,2,2,20,affects,textual,coefficient,1.083490218350794,1.083490218350794,positive,35,17,290
C_LOGISTIC_REGRESSION,2,2,191,patients,textual,coefficient,1.0810044524289577,1.0810044524289577,positive,36,18,289
C_LOGISTIC_REGRESSION,2,2,147,late,textual,coefficient,-1.0733239408701352,1.0733239408701352,negative,37,288,19
C_LOGISTIC_REGRESSION,2,2,281,unable,textual,coefficient,1.0672684377744148,1.0672684377744148,positive,38,19,288
C_LOGISTIC_REGRESSION,2,2,6,adhd,textual,coefficient,-1.0667314574526707,1.0667314574526707,negative,39,287,20
C_LOGISTIC_REGRESSION,2,2,256,tell,textual,coefficient,1.0623354258992683,1.0623354258992683,positive,40,20,287
C_LOGISTIC_REGRESSION,2,2,302,likes,engagement_or_format,coefficient,-1.0455352531668567,1.0455352531668567,negative,41,286,21
C_LOGISTIC_REGRESSION,2,2,194,person,textual,coefficient,-1.0419736684581993,1.0419736684581993,negative,42,285,22
C_LOGISTIC_REGRESSION,2,2,216,second,textual,coefficient,-1.040919942301406,1.040919942301406,negative,43,284,23
C_LOGISTIC_REGRESSION,2,2,258,term,textual,coefficient,-1.0406565683256324,1.0406565683256324,negative,44,283,24
C_LOGISTIC_REGRESSION,2,2,117,health,textual,coefficient,-1.0386999408729554,1.0386999408729554,negative,45,282,25
C_LOGISTIC_REGRESSION,2,2,39,cause,textual,coefficient,1.0382351148301032,1.0382351148301032,positive,46,21,286
C_LOGISTIC_REGRESSION,2,2,239,stop,textual,coefficient,-1.0251152702103619,1.0251152702103619,negative,47,281,26
C_LOGISTIC_REGRESSION,2,2,283,understanding,textual,coefficient,-1.0244817853340145,1.0244817853340145,negative,48,280,27
C_LOGISTIC_REGRESSION,2,2,135,instead,textual,coefficient,1.021975464579291,1.021975464579291,positive,49,22,285
C_LOGISTIC_REGRESSION,2,2,119,help,textual,coefficient,-1.0200236591062688,1.0200236591062688,negative,50,279,28
C_LOGISTIC_REGRESSION,2,2,68,doctor,textual,coefficient,1.0198595678547446,1.0198595678547446,positive,51,23,284
C_LOGISTIC_REGRESSION,2,2,18,adults,textual,coefficient,-1.0122470466711881,1.0122470466711881,negative,52,278,29
C_LOGISTIC_REGRESSION,2,2,92,explain,textual,coefficient,-1.0115802156957074,1.0115802156957074,negative,53,277,30
C_LOGISTIC_REGRESSION,2,2,165,make sure,textual,coefficient,1.0077485733189169,1.0077485733189169,positive,54,24,283
C_LOGISTIC_REGRESSION,2,2,121,helps,textual,coefficient,-0.9969947509065881,0.9969947509065881,negative,55,276,31
C_LOGISTIC_REGRESSION,2,2,96,feel like,textual,coefficient,-0.9702461513831918,0.9702461513831918,negative,56,275,32
C_LOGISTIC_REGRESSION,2,2,150,life,textual,coefficient,-0.959835348228799,0.959835348228799,negative,57,274,33
C_LOGISTIC_REGRESSION,2,2,93,explained,textual,coefficient,0.954725669366647,0.954725669366647,positive,58,25,282
C_LOGISTIC_REGRESSION,2,2,287,video,textual,coefficient,0.9490918491484557,0.9490918491484557,positive,59,26,281
C_LOGISTIC_REGRESSION,2,2,290,way,textual,coefficient,0.9450744247451107,0.9450744247451107,positive,60,27,280
C_LOGISTIC_REGRESSION,2,2,78,eating,textual,coefficient,0.9341851625151496,0.9341851625151496,positive,61,28,279
C_LOGISTIC_REGRESSION,2,2,75,dr,textual,coefficient,0.9274630227773687,0.9274630227773687,positive,62,29,278
C_LOGISTIC_REGRESSION,2,2,37,brains,textual,coefficient,0.9231909448805808,0.9231909448805808,positive,63,30,277
C_LOGISTIC_REGRESSION,2,2,103,foods,textual,coefficient,0.9149466257772289,0.9149466257772289,positive,64,31,276
C_LOGISTIC_REGRESSION,2,2,14,adhd sep,textual,coefficient,-0.9109319334100273,0.9109319334100273,negative,65,273,34
C_LOGISTIC_REGRESSION,2,2,250,symptoms adhd,textual,coefficient,0.9108742405479747,0.9108742405479747,positive,66,32,275
C_LOGISTIC_REGRESSION,2,2,259,test,textual,coefficient,0.8868534216546584,0.8868534216546584,positive,67,33,274
C_LOGISTIC_REGRESSION,2,2,21,answer,textual,coefficient,-0.8799469212590886,0.8799469212590886,negative,68,272,35
C_LOGISTIC_REGRESSION,2,2,248,sure,textual,coefficient,0.8793035688102432,0.8793035688102432,positive,69,34,273
C_LOGISTIC_REGRESSION,2,2,226,seven,textual,coefficient,-0.8758777594978765,0.8758777594978765,negative,70,271,36
C_LOGISTIC_REGRESSION,2,2,81,emotional,textual,coefficient,-0.8757491951056885,0.8757491951056885,negative,71,270,37
C_LOGISTIC_REGRESSION,2,2,133,increase,textual,coefficient,0.8656933665002884,0.8656933665002884,positive,72,35,272
C_LOGISTIC_REGRESSION,2,2,193,people adhd,textual,coefficient,0.860726608208246,0.860726608208246,positive,73,36,271
C_LOGISTIC_REGRESSION,2,2,261,thing,textual,coefficient,-0.8515772719269334,0.8515772719269334,negative,74,269,38
C_LOGISTIC_REGRESSION,2,2,304,views,engagement_or_format,coefficient,0.8322950185576962,0.8322950185576962,positive,75,37,270
C_LOGISTIC_REGRESSION,2,2,155,ll,textual,coefficient,0.8264159813600751,0.8264159813600751,positive,76,38,269
C_LOGISTIC_REGRESSION,2,2,63,differently,textual,coefficient,0.8241856524291424,0.8241856524291424,positive,77,39,268
C_LOGISTIC_REGRESSION,2,2,183,neurotypical,textual,coefficient,-0.8221323064631818,0.8221323064631818,negative,78,268,39
C_LOGISTIC_REGRESSION,2,2,134,information,textual,coefficient,-0.8179110905467544,0.8179110905467544,negative,79,267,40
C_LOGISTIC_REGRESSION,2,2,181,need,textual,coefficient,0.8171171102113777,0.8171171102113777,positive,80,40,267
C_LOGISTIC_REGRESSION,2,2,300,certainty_score,handcrafted_linguistic,coefficient,-0.805929740239543,0.805929740239543,negative,81,266,41
C_LOGISTIC_REGRESSION,2,2,298,इपर,textual,coefficient,0.8040986900049177,0.8040986900049177,positive,82,41,265
C_LOGISTIC_REGRESSION,2,2,299,एक,textual,coefficient,0.8040986900049177,0.8040986900049177,positive,82,41,265
C_LOGISTIC_REGRESSION,2,2,98,feelings,textual,coefficient,0.8036445768699616,0.8036445768699616,positive,84,43,264
C_LOGISTIC_REGRESSION,2,2,112,got,textual,coefficient,-0.8016347692795007,0.8016347692795007,negative,85,265,42
C_LOGISTIC_REGRESSION,2,2,94,fact,textual,coefficient,0.7970159831704312,0.7970159831704312,positive,86,44,263
C_LOGISTIC_REGRESSION,2,2,88,executive,textual,coefficient,0.7938403215862828,0.7938403215862828,positive,87,45,262
C_LOGISTIC_REGRESSION,2,2,282,understand,textual,coefficient,0.7925920662616974,0.7925920662616974,positive,88,46,261
C_LOGISTIC_REGRESSION,2,2,61,difference,textual,coefficient,-0.7913157751673816,0.7913157751673816,negative,89,264,43
C_LOGISTIC_REGRESSION,2,2,57,diagnosis,textual,coefficient,0.7883796550773619,0.7883796550773619,positive,90,47,260
C_LOGISTIC_REGRESSION,2,2,59,did,textual,coefficient,-0.7854139758929684,0.7854139758929684,negative,91,263,44
C_LOGISTIC_REGRESSION,2,2,115,harder,textual,coefficient,-0.7827413719292605,0.7827413719292605,negative,92,262,45
C_LOGISTIC_REGRESSION,2,2,118,hear,textual,coefficient,0.7771274500593195,0.7771274500593195,positive,93,48,259
C_LOGISTIC_REGRESSION,2,2,275,trying,textual,coefficient,-0.7765539191997874,0.7765539191997874,negative,94,261,46
C_LOGISTIC_REGRESSION,2,2,240,strategies,textual,coefficient,0.7700080654957489,0.7700080654957489,positive,95,49,258
C_LOGISTIC_REGRESSION,2,2,65,disorder,textual,coefficient,-0.7680751088728758,0.7680751088728758,negative,96,260,47
C_LOGISTIC_REGRESSION,2,2,277,type,textual,coefficient,0.76394843780927,0.76394843780927,positive,97,50,257
C_LOGISTIC_REGRESSION,2,2,219,self,textual,coefficient,0.7637149171098512,0.7637149171098512,positive,98,51,256
C_LOGISTIC_REGRESSION,2,2,38,care,textual,coefficient,0.7583939698541619,0.7583939698541619,positive,99,52,255
C_LOGISTIC_REGRESSION,2,2,154,little bit,textual,coefficient,0.7449038634534008,0.7449038634534008,positive,100,53,254
C_LOGISTIC_REGRESSION,2,2,161,lots,textual,coefficient,-0.7442828222843301,0.7442828222843301,negative,101,259,48
C_LOGISTIC_REGRESSION,2,2,157,long term,textual,coefficient,-0.7260583893316289,0.7260583893316289,negative,102,258,49
C_LOGISTIC_REGRESSION,2,2,270,treating,textual,coefficient,-0.7202033475653674,0.7202033475653674,negative,103,257,50
C_LOGISTIC_REGRESSION,2,2,253,talking,textual,coefficient,0.7137365343954234,0.7137365343954234,positive,104,54,253
C_LOGISTIC_REGRESSION,2,2,273,trouble,textual,coefficient,-0.7063944518645008,0.7063944518645008,negative,105,256,51
C_LOGISTIC_REGRESSION,2,2,62,different,textual,coefficient,0.6997343323037643,0.6997343323037643,positive,106,55,252
C_LOGISTIC_REGRESSION,2,2,305,duration_sec,engagement_or_format,coefficient,0.6911576591055342,0.6911576591055342,positive,107,56,251
C_LOGISTIC_REGRESSION,2,2,106,friends,textual,coefficient,-0.6812797835697413,0.6812797835697413,negative,108,255,52
C_LOGISTIC_REGRESSION,2,2,58,diagnostic,textual,coefficient,0.6771517453381921,0.6771517453381921,positive,109,57,250
C_LOGISTIC_REGRESSION,2,2,163,low,textual,coefficient,-0.6719489561362239,0.6719489561362239,negative,110,254,53
C_LOGISTIC_REGRESSION,2,2,86,everybody,textual,coefficient,-0.6587222916997232,0.6587222916997232,negative,111,253,54
C_LOGISTIC_REGRESSION,2,2,113,happens,textual,coefficient,0.6555334557601762,0.6555334557601762,positive,112,58,249
C_LOGISTIC_REGRESSION,2,2,223,sensory,textual,coefficient,0.6540744912873219,0.6540744912873219,positive,113,59,248
C_LOGISTIC_REGRESSION,2,2,230,signs adhd,textual,coefficient,-0.64956371088624,0.64956371088624,negative,114,252,55
C_LOGISTIC_REGRESSION,2,2,201,protein,textual,coefficient,-0.6407681792892047,0.6407681792892047,negative,115,251,56
C_LOGISTIC_REGRESSION,2,2,296,yeah,textual,coefficient,0.6376405094600398,0.6376405094600398,positive,116,60,247
C_LOGISTIC_REGRESSION,2,2,44,come,textual,coefficient,-0.6358052214387996,0.6358052214387996,negative,117,250,57
C_LOGISTIC_REGRESSION,2,2,198,probably,textual,coefficient,0.6313388098725828,0.6313388098725828,positive,118,61,246
C_LOGISTIC_REGRESSION,2,2,169,mean,textual,coefficient,0.6156183628546301,0.6156183628546301,positive,119,62,245
C_LOGISTIC_REGRESSION,2,2,72,don,textual,coefficient,0.6079011984344797,0.6079011984344797,positive,120,63,244
C_LOGISTIC_REGRESSION,2,2,41,check,textual,coefficient,-0.6036137147137733,0.6036137147137733,negative,121,249,58
C_LOGISTIC_REGRESSION,2,2,142,keeping,textual,coefficient,0.5948946953566399,0.5948946953566399,positive,122,64,243
C_LOGISTIC_REGRESSION,2,2,105,friend,textual,coefficient,-0.5937924570167975,0.5937924570167975,negative,123,248,59
C_LOGISTIC_REGRESSION,2,2,255,tasks,textual,coefficient,-0.589194724340653,0.589194724340653,negative,124,247,60
C_LOGISTIC_REGRESSION,2,2,74,dopamine,textual,coefficient,-0.5857523822614739,0.5857523822614739,negative,125,246,61
C_LOGISTIC_REGRESSION,2,2,295,world,textual,coefficient,-0.582319638125761,0.582319638125761,negative,126,245,62
C_LOGISTIC_REGRESSION,2,2,291,ways,textual,coefficient,-0.5770228864173338,0.5770228864173338,negative,127,244,63
C_LOGISTIC_REGRESSION,2,2,89,executive dysfunction,textual,coefficient,0.573405837909736,0.573405837909736,positive,128,65,242
C_LOGISTIC_REGRESSION,2,2,166,makes,textual,coefficient,-0.5728165988745365,0.5728165988745365,negative,129,243,64
C_LOGISTIC_REGRESSION,2,2,231,sit,textual,coefficient,0.5677913710053732,0.5677913710053732,positive,130,66,241
C_LOGISTIC_REGRESSION,2,2,278,types,textual,coefficient,0.5652909479482098,0.5652909479482098,positive,131,67,240
C_LOGISTIC_REGRESSION,2,2,269,treat,textual,coefficient,-0.5621909629774938,0.5621909629774938,negative,132,242,65
C_LOGISTIC_REGRESSION,2,2,4,actually,textual,coefficient,0.5609252201203314,0.5609252201203314,positive,133,68,239
C_LOGISTIC_REGRESSION,2,2,130,impulsivity,textual,coefficient,-0.5564275324898679,0.5564275324898679,negative,134,241,66
C_LOGISTIC_REGRESSION,2,2,234,social,textual,coefficient,-0.5541830480148076,0.5541830480148076,negative,135,240,67
C_LOGISTIC_REGRESSION,2,2,66,disorders,textual,coefficient,-0.5505214594942004,0.5505214594942004,negative,136,239,68
C_LOGISTIC_REGRESSION,2,2,136,intense,textual,coefficient,0.549099310378903,0.549099310378903,positive,137,69,238
C_LOGISTIC_REGRESSION,2,2,244,study,textual,coefficient,-0.5462073998298113,0.5462073998298113,negative,138,238,69
C_LOGISTIC_REGRESSION,2,2,172,medications,textual,coefficient,0.545700099413847,0.545700099413847,positive,139,70,237
C_LOGISTIC_REGRESSION,2,2,188,okay,textual,coefficient,0.5419090800247809,0.5419090800247809,positive,140,71,236
C_LOGISTIC_REGRESSION,2,2,143,key,textual,coefficient,-0.5385856220490818,0.5385856220490818,negative,141,237,70
C_LOGISTIC_REGRESSION,2,2,214,saying,textual,coefficient,-0.537893436297372,0.537893436297372,negative,142,236,71
C_LOGISTIC_REGRESSION,2,2,260,therapy,textual,coefficient,0.5361907451047807,0.5361907451047807,positive,143,72,235
C_LOGISTIC_REGRESSION,2,2,203,quickly,textual,coefficient,-0.5340994179214112,0.5340994179214112,negative,144,235,72
C_LOGISTIC_REGRESSION,2,2,16,adhd women,textual,coefficient,0.531925933725306,0.531925933725306,positive,145,73,234
C_LOGISTIC_REGRESSION,2,2,271,treating adhd,textual,coefficient,-0.5301276878395595,0.5301276878395595,negative,146,234,73
C_LOGISTIC_REGRESSION,2,2,184,neurotypical person,textual,coefficient,-0.5299354910877149,0.5299354910877149,negative,147,233,74
C_LOGISTIC_REGRESSION,2,2,55,diagnosed,textual,coefficient,0.5229919913443782,0.5229919913443782,positive,148,74,233
C_LOGISTIC_REGRESSION,2,2,202,psychologist,textual,coefficient,-0.522972831306756,0.522972831306756,negative,149,232,75
C_LOGISTIC_REGRESSION,2,2,97,feeling,textual,coefficient,0.5224280983325421,0.5224280983325421,positive,150,75,232
C_LOGISTIC_REGRESSION,2,2,76,dysfunction,textual,coefficient,0.5182827356484223,0.5182827356484223,positive,151,76,231
C_LOGISTIC_REGRESSION,2,2,91,experience,textual,coefficient,-0.5148169499934616,0.5148169499934616,negative,152,231,76
C_LOGISTIC_REGRESSION,2,2,268,traits,textual,coefficient,0.5100642978893801,0.5100642978893801,positive,153,77,230
C_LOGISTIC_REGRESSION,2,2,288,wait,textual,coefficient,0.504930367363262,0.504930367363262,positive,154,78,229
C_LOGISTIC_REGRESSION,2,2,252,talk,textual,coefficient,0.5039130003673803,0.5039130003673803,positive,155,79,228
C_LOGISTIC_REGRESSION,2,2,23,attention,textual,coefficient,-0.5024331574985338,0.5024331574985338,negative,156,230,77
C_LOGISTIC_REGRESSION,2,2,167,making,textual,coefficient,0.49812820916136774,0.49812820916136774,positive,157,80,227
C_LOGISTIC_REGRESSION,2,2,197,present,textual,coefficient,0.4977801048306026,0.4977801048306026,positive,158,81,226
C_LOGISTIC_REGRESSION,2,2,225,sep adhd,textual,coefficient,-0.4962755764754306,0.4962755764754306,negative,159,229,78
C_LOGISTIC_REGRESSION,2,2,114,hard,textual,coefficient,-0.49197193518640997,0.49197193518640997,negative,160,228,79
C_LOGISTIC_REGRESSION,2,2,227,short,textual,coefficient,0.48845264642621417,0.48845264642621417,positive,161,82,225
C_LOGISTIC_REGRESSION,2,2,211,remember,textual,coefficient,0.48592964293532237,0.48592964293532237,positive,162,83,224
C_LOGISTIC_REGRESSION,2,2,263,things like,textual,coefficient,0.4849159042653898,0.4849159042653898,positive,163,84,223
C_LOGISTIC_REGRESSION,2,2,297,years,textual,coefficient,-0.4747835855461134,0.4747835855461134,negative,164,227,80
C_LOGISTIC_REGRESSION,2,2,148,lead,textual,coefficient,0.4654115190815344,0.4654115190815344,positive,165,85,222
C_LOGISTIC_REGRESSION,2,2,236,start,textual,coefficient,0.45516015717643293,0.45516015717643293,positive,166,86,221
C_LOGISTIC_REGRESSION,2,2,189,overwhelmed,textual,coefficient,-0.45288897137592476,0.45288897137592476,negative,167,226,81
C_LOGISTIC_REGRESSION,2,2,220,sense,textual,coefficient,-0.45131232843975344,0.45131232843975344,negative,168,225,82
C_LOGISTIC_REGRESSION,2,2,152,likely,textual,coefficient,0.4475907562392399,0.4475907562392399,positive,169,87,220
C_LOGISTIC_REGRESSION,2,2,149,let,textual,coefficient,0.4470026064065116,0.4470026064065116,positive,170,88,219
C_LOGISTIC_REGRESSION,2,2,77,easily,textual,coefficient,0.4456915014717743,0.4456915014717743,positive,171,89,218
C_LOGISTIC_REGRESSION,2,2,129,impulsive,textual,coefficient,0.4453224823733719,0.4453224823733719,positive,172,90,217
C_LOGISTIC_REGRESSION,2,2,173,meds,textual,coefficient,-0.43982635467623127,0.43982635467623127,negative,173,224,83
C_LOGISTIC_REGRESSION,2,2,36,brain,textual,coefficient,-0.437637043718215,0.437637043718215,negative,174,223,84
C_LOGISTIC_REGRESSION,2,2,224,sep,textual,coefficient,-0.436992807695966,0.436992807695966,negative,175,222,85
C_LOGISTIC_REGRESSION,2,2,50,control,textual,coefficient,0.4362689704961322,0.4362689704961322,positive,176,91,216
C_LOGISTIC_REGRESSION,2,2,164,make,textual,coefficient,0.4341780255077709,0.4341780255077709,positive,177,92,215
C_LOGISTIC_REGRESSION,2,2,29,behavioral,textual,coefficient,0.4282624126537821,0.4282624126537821,positive,178,93,214
C_LOGISTIC_REGRESSION,2,2,208,rejection,textual,coefficient,-0.4221665893392743,0.4221665893392743,negative,179,221,86
C_LOGISTIC_REGRESSION,2,2,293,work,textual,coefficient,-0.41694804106403416,0.41694804106403416,negative,180,220,87
C_LOGISTIC_REGRESSION,2,2,141,just,textual,coefficient,-0.41624758667811024,0.41624758667811024,negative,181,219,88
C_LOGISTIC_REGRESSION,2,2,204,real,textual,coefficient,-0.4091220527349793,0.4091220527349793,negative,182,218,89
C_LOGISTIC_REGRESSION,2,2,292,women,textual,coefficient,0.4083065539128109,0.4083065539128109,positive,183,94,213
C_LOGISTIC_REGRESSION,2,2,9,adhd brain,textual,coefficient,-0.40810430644475376,0.40810430644475376,negative,184,217,90
C_LOGISTIC_REGRESSION,2,2,218,seen,textual,coefficient,0.40678581600190383,0.40678581600190383,positive,185,95,212
C_LOGISTIC_REGRESSION,2,2,267,times,textual,coefficient,0.39913641127243565,0.39913641127243565,positive,186,96,211
C_LOGISTIC_REGRESSION,2,2,140,job,textual,coefficient,0.3933091012286455,0.3933091012286455,positive,187,97,210
C_LOGISTIC_REGRESSION,2,2,301,hedge_score,handcrafted_linguistic,coefficient,0.39302180201639797,0.39302180201639797,positive,188,98,209
C_LOGISTIC_REGRESSION,2,2,264,think,textual,coefficient,0.3891283727792263,0.3891283727792263,positive,189,99,208
C_LOGISTIC_REGRESSION,2,2,289,want,textual,coefficient,0.38867993515861077,0.38867993515861077,positive,190,100,207
C_LOGISTIC_REGRESSION,2,2,40,challenges,textual,coefficient,-0.38568050995302156,0.38568050995302156,negative,191,216,91
C_LOGISTIC_REGRESSION,2,2,102,food,textual,coefficient,0.38218619127066306,0.38218619127066306,positive,192,101,206
C_LOGISTIC_REGRESSION,2,2,209,rejection sensitivity,textual,coefficient,-0.3747622438970942,0.3747622438970942,negative,193,215,92
C_LOGISTIC_REGRESSION,2,2,0,10,textual,coefficient,-0.3727170515493104,0.3727170515493104,negative,194,214,93
C_LOGISTIC_REGRESSION,2,2,222,sensitivity,textual,coefficient,0.36944366792924505,0.36944366792924505,positive,195,102,205
C_LOGISTIC_REGRESSION,2,2,128,important,textual,coefficient,-0.3643323595799696,0.3643323595799696,negative,196,213,94
C_LOGISTIC_REGRESSION,2,2,199,problem,textual,coefficient,-0.362490821999715,0.362490821999715,negative,197,212,95
C_LOGISTIC_REGRESSION,2,2,45,comes,textual,coefficient,0.3598877032850673,0.3598877032850673,positive,198,103,204
C_LOGISTIC_REGRESSION,2,2,212,right,textual,coefficient,-0.3577019799567488,0.3577019799567488,negative,199,211,96
C_LOGISTIC_REGRESSION,2,2,213,say,textual,coefficient,-0.3566144193860207,0.3566144193860207,negative,200,210,97
C_LOGISTIC_REGRESSION,2,2,108,getting,textual,coefficient,0.3544793383378134,0.3544793383378134,positive,201,104,203
C_LOGISTIC_REGRESSION,2,2,200,problems,textual,coefficient,-0.35296677277620825,0.35296677277620825,negative,202,209,98
C_LOGISTIC_REGRESSION,2,2,158,look,textual,coefficient,-0.3478773425689558,0.3478773425689558,negative,203,208,99
C_LOGISTIC_REGRESSION,2,2,217,seconds,textual,coefficient,-0.34748532817149247,0.34748532817149247,negative,204,207,100
C_LOGISTIC_REGRESSION,2,2,251,taking,textual,coefficient,-0.3464308921149306,0.3464308921149306,negative,205,206,101
C_LOGISTIC_REGRESSION,2,2,190,parents,textual,coefficient,0.3461058841749703,0.3461058841749703,positive,206,105,202
C_LOGISTIC_REGRESSION,2,2,178,moving,textual,coefficient,-0.34255266089887626,0.34255266089887626,negative,207,205,102
C_LOGISTIC_REGRESSION,2,2,34,bit,textual,coefficient,0.3421601516045275,0.3421601516045275,positive,208,106,201
C_LOGISTIC_REGRESSION,2,2,15,adhd symptoms,textual,coefficient,-0.33458676882440497,0.33458676882440497,negative,209,204,103
C_LOGISTIC_REGRESSION,2,2,206,recommend,textual,coefficient,-0.3323697513569935,0.3323697513569935,negative,210,203,104
C_LOGISTIC_REGRESSION,2,2,54,depression,textual,coefficient,-0.3319853912928071,0.3319853912928071,negative,211,202,105
C_LOGISTIC_REGRESSION,2,2,12,adhd medication,textual,coefficient,-0.326877849381094,0.326877849381094,negative,212,201,106
C_LOGISTIC_REGRESSION,2,2,8,adhd autism,textual,coefficient,-0.32498537958857265,0.32498537958857265,negative,213,200,107
C_LOGISTIC_REGRESSION,2,2,233,small,textual,coefficient,0.324633288600672,0.324633288600672,positive,214,107,200
C_LOGISTIC_REGRESSION,2,2,64,difficulty,textual,coefficient,-0.32375353969706294,0.32375353969706294,negative,215,199,108
C_LOGISTIC_REGRESSION,2,2,145,kind,textual,coefficient,0.3202392050645496,0.3202392050645496,positive,216,108,199
C_LOGISTIC_REGRESSION,2,2,247,support,textual,coefficient,0.31565755147852587,0.31565755147852587,positive,217,109,198
C_LOGISTIC_REGRESSION,2,2,120,helpful,textual,coefficient,-0.3056310794569606,0.3056310794569606,negative,218,198,109
C_LOGISTIC_REGRESSION,2,2,107,function,textual,coefficient,0.3040408626542111,0.3040408626542111,positive,219,110,197
C_LOGISTIC_REGRESSION,2,2,82,emotions,textual,coefficient,0.30063672550950316,0.30063672550950316,positive,220,111,196
C_LOGISTIC_REGRESSION,2,2,32,better,textual,coefficient,-0.30039999926771294,0.30039999926771294,negative,221,197,110
C_LOGISTIC_REGRESSION,2,2,33,big,textual,coefficient,0.29909237002883887,0.29909237002883887,positive,222,112,195
C_LOGISTIC_REGRESSION,2,2,27,based,textual,coefficient,-0.29221773098807463,0.29221773098807463,negative,223,196,111
C_LOGISTIC_REGRESSION,2,2,7,adhd adhd,textual,coefficient,0.2879018654694015,0.2879018654694015,positive,224,113,194
C_LOGISTIC_REGRESSION,2,2,43,children,textual,coefficient,0.2843499202687506,0.2843499202687506,positive,225,114,193
C_LOGISTIC_REGRESSION,2,2,160,lot people,textual,coefficient,-0.2837591809545137,0.2837591809545137,negative,226,195,112
C_LOGISTIC_REGRESSION,2,2,175,mind,textual,coefficient,-0.26685987072823003,0.26685987072823003,negative,227,194,113
C_LOGISTIC_REGRESSION,2,2,85,especially,textual,coefficient,0.26278632379819494,0.26278632379819494,positive,228,115,192
C_LOGISTIC_REGRESSION,2,2,249,symptoms,textual,coefficient,0.260478609728323,0.260478609728323,positive,229,116,191
C_LOGISTIC_REGRESSION,2,2,53,deficit,textual,coefficient,0.2576247679235359,0.2576247679235359,positive,230,117,190
C_LOGISTIC_REGRESSION,2,2,242,struggles,textual,coefficient,-0.25690398014889093,0.25690398014889093,negative,231,193,114
C_LOGISTIC_REGRESSION,2,2,151,like,textual,coefficient,-0.2558592927042738,0.2558592927042738,negative,232,192,115
C_LOGISTIC_REGRESSION,2,2,79,effective,textual,coefficient,0.2558178222004332,0.2558178222004332,positive,233,118,189
C_LOGISTIC_REGRESSION,2,2,30,behaviors,textual,coefficient,0.25394502783906653,0.25394502783906653,positive,234,119,188
C_LOGISTIC_REGRESSION,2,2,144,kids,textual,coefficient,-0.2533819421267012,0.2533819421267012,negative,235,191,116
C_LOGISTIC_REGRESSION,2,2,51,criteria,textual,coefficient,0.25055769597659505,0.25055769597659505,positive,236,120,187
C_LOGISTIC_REGRESSION,2,2,87,example,textual,coefficient,0.21972086681130815,0.21972086681130815,positive,237,121,186
C_LOGISTIC_REGRESSION,2,2,67,distracted,textual,coefficient,0.2160651602802749,0.2160651602802749,positive,238,122,185
C_LOGISTIC_REGRESSION,2,2,10,adhd diagnosis,textual,coefficient,0.21190976020171484,0.21190976020171484,positive,239,123,184
C_LOGISTIC_REGRESSION,2,2,73,don know,textual,coefficient,-0.2114513603709321,0.2114513603709321,negative,240,190,117
C_LOGISTIC_REGRESSION,2,2,276,turn,textual,coefficient,0.20928779907185785,0.20928779907185785,positive,241,124,183
C_LOGISTIC_REGRESSION,2,2,80,effects,textual,coefficient,0.20848957539527785,0.20848957539527785,positive,242,125,182
C_LOGISTIC_REGRESSION,2,2,52,day,textual,coefficient,-0.20647018343750978,0.20647018343750978,negative,243,189,118
C_LOGISTIC_REGRESSION,2,2,303,comments,engagement_or_format,coefficient,0.2051630822564849,0.2051630822564849,positive,244,126,181
C_LOGISTIC_REGRESSION,2,2,48,condition,textual,coefficient,0.20145890593167579,0.20145890593167579,positive,245,127,180
C_LOGISTIC_REGRESSION,2,2,196,physical,textual,coefficient,0.19856667149524018,0.19856667149524018,positive,246,128,179
C_LOGISTIC_REGRESSION,2,2,205,really,textual,coefficient,-0.19809661198209036,0.19809661198209036,negative,247,188,119
C_LOGISTIC_REGRESSION,2,2,11,adhd just,textual,coefficient,0.1976076787246128,0.1976076787246128,positive,248,129,178
C_LOGISTIC_REGRESSION,2,2,110,going,textual,coefficient,-0.19409060521433805,0.19409060521433805,negative,249,187,120
C_LOGISTIC_REGRESSION,2,2,126,hyperactivity,textual,coefficient,0.19402442998473113,0.19402442998473113,positive,250,130,177
C_LOGISTIC_REGRESSION,2,2,17,adult,textual,coefficient,-0.1851342401568268,0.1851342401568268,negative,251,186,121
C_LOGISTIC_REGRESSION,2,2,22,anxiety,textual,coefficient,-0.18440268426754072,0.18440268426754072,negative,252,185,122
C_LOGISTIC_REGRESSION,2,2,246,supplements,textual,coefficient,-0.18099441196707863,0.18099441196707863,negative,253,184,123
C_LOGISTIC_REGRESSION,2,2,124,home,textual,coefficient,0.18083111982245983,0.18083111982245983,positive,254,131,176
C_LOGISTIC_REGRESSION,2,2,131,inattentive,textual,coefficient,-0.17164620519625373,0.17164620519625373,negative,255,183,124
C_LOGISTIC_REGRESSION,2,2,284,use,textual,coefficient,0.16673402342234023,0.16673402342234023,positive,256,132,175
C_LOGISTIC_REGRESSION,2,2,265,thinking,textual,coefficient,0.16077010765542404,0.16077010765542404,positive,257,133,174
C_LOGISTIC_REGRESSION,2,2,229,signs,textual,coefficient,-0.158252113585358,0.158252113585358,negative,258,182,125
C_LOGISTIC_REGRESSION,2,2,56,diagnosed adhd,textual,coefficient,0.15817030486265451,0.15817030486265451,positive,259,134,173
C_LOGISTIC_REGRESSION,2,2,132,include,textual,coefficient,-0.15524994642265255,0.15524994642265255,negative,260,181,126
C_LOGISTIC_REGRESSION,2,2,185,non,textual,coefficient,0.15099241072881114,0.15099241072881114,positive,261,135,172
C_LOGISTIC_REGRESSION,2,2,42,child,textual,coefficient,0.14968260564147495,0.14968260564147495,positive,262,136,171
C_LOGISTIC_REGRESSION,2,2,49,constantly,textual,coefficient,-0.14636637474954126,0.14636637474954126,negative,263,180,127
C_LOGISTIC_REGRESSION,2,2,19,affect,textual,coefficient,0.12939584655914843,0.12939584655914843,positive,264,137,170
C_LOGISTIC_REGRESSION,2,2,138,isn,textual,coefficient,-0.12921688103415566,0.12921688103415566,negative,265,179,128
C_LOGISTIC_REGRESSION,2,2,243,struggling,textual,coefficient,0.12900764488810465,0.12900764488810465,positive,266,138,169
C_LOGISTIC_REGRESSION,2,2,60,diet,textual,coefficient,0.12689325954345684,0.12689325954345684,positive,267,139,168
C_LOGISTIC_REGRESSION,2,2,180,natural,textual,coefficient,0.12534140183130452,0.12534140183130452,positive,268,140,167
C_LOGISTIC_REGRESSION,2,2,186,number,textual,coefficient,0.12089519145232841,0.12089519145232841,positive,269,141,166
C_LOGISTIC_REGRESSION,2,2,13,adhd real,textual,coefficient,0.11554017185674886,0.11554017185674886,positive,270,142,165
C_LOGISTIC_REGRESSION,2,2,168,management,textual,coefficient,-0.11544930848628188,0.11544930848628188,negative,271,178,129
C_LOGISTIC_REGRESSION,2,2,47,complete,textual,coefficient,-0.112169812564051,0.112169812564051,negative,272,177,130
C_LOGISTIC_REGRESSION,2,2,116,having,textual,coefficient,0.11069244269822227,0.11069244269822227,positive,273,143,164
C_LOGISTIC_REGRESSION,2,2,83,end,textual,coefficient,-0.10965015597640616,0.10965015597640616,negative,274,176,131
C_LOGISTIC_REGRESSION,2,2,257,tend,textual,coefficient,0.10869895263291156,0.10869895263291156,positive,275,144,163
C_LOGISTIC_REGRESSION,2,2,210,relationships,textual,coefficient,-0.10620345916428302,0.10620345916428302,negative,276,175,132
C_LOGISTIC_REGRESSION,2,2,3,activity,textual,coefficient,-0.1050173460482697,0.1050173460482697,negative,277,174,133
C_LOGISTIC_REGRESSION,2,2,195,phone,textual,coefficient,-0.1035475671252173,0.1035475671252173,negative,278,173,134
C_LOGISTIC_REGRESSION,2,2,192,people,textual,coefficient,-0.09389395299349833,0.09389395299349833,negative,279,172,135
C_LOGISTIC_REGRESSION,2,2,162,love,textual,coefficient,-0.09343466071135996,0.09343466071135996,negative,280,171,136
C_LOGISTIC_REGRESSION,2,2,122,high,textual,coefficient,-0.07426711138515958,0.07426711138515958,negative,281,170,137
C_LOGISTIC_REGRESSION,2,2,159,lot,textual,coefficient,-0.06929335962873481,0.06929335962873481,negative,282,169,138
C_LOGISTIC_REGRESSION,2,2,179,music,textual,coefficient,0.06571321544253804,0.06571321544253804,positive,283,145,162
C_LOGISTIC_REGRESSION,2,2,127,impact,textual,coefficient,-0.06564515700773284,0.06564515700773284,negative,284,168,139
C_LOGISTIC_REGRESSION,2,2,123,highly,textual,coefficient,-0.06009796654106643,0.06009796654106643,negative,285,167,140
C_LOGISTIC_REGRESSION,2,2,176,mood,textual,coefficient,-0.059730304658394205,0.059730304658394205,negative,286,166,141
C_LOGISTIC_REGRESSION,2,2,279,uh,textual,coefficient,0.05136415398695669,0.05136415398695669,positive,287,146,161
C_LOGISTIC_REGRESSION,2,2,286,ve,textual,coefficient,0.04875699656736178,0.04875699656736178,positive,288,147,160
C_LOGISTIC_REGRESSION,2,2,174,mental,textual,coefficient,-0.039629618038104664,0.039629618038104664,negative,289,165,142
C_LOGISTIC_REGRESSION,2,2,245,sugar,textual,coefficient,-0.03399442904193595,0.03399442904193595,negative,290,164,143
C_LOGISTIC_REGRESSION,2,2,1,able,textual,coefficient,-0.028608126428985695,0.028608126428985695,negative,291,163,144
C_LOGISTIC_REGRESSION,2,2,71,doing,textual,coefficient,0.028114751661034377,0.028114751661034377,positive,292,148,159
C_LOGISTIC_REGRESSION,2,2,177,motivation,textual,coefficient,-0.021675490876536932,0.021675490876536932,negative,293,162,145
C_LOGISTIC_REGRESSION,2,2,232,sleep,textual,coefficient,0.01867678133192383,0.01867678133192383,positive,294,149,158
C_LOGISTIC_REGRESSION,2,2,285,usually,textual,coefficient,-0.015280543281598847,0.015280543281598847,negative,295,161,146
C_LOGISTIC_REGRESSION,2,2,90,exercise,textual,coefficient,-0.01119897173288371,0.01119897173288371,negative,296,160,147
C_LOGISTIC_REGRESSION,2,2,70,doesn,textual,coefficient,-0.01051031002674263,0.01051031002674263,negative,297,159,148
C_LOGISTIC_REGRESSION,2,2,125,hyperactive,textual,coefficient,0.008478992292795421,0.008478992292795421,positive,298,150,157
C_LOGISTIC_REGRESSION,2,2,228,shown,textual,coefficient,0.008104842196612855,0.008104842196612855,positive,299,151,156
C_LOGISTIC_REGRESSION,2,2,207,regulation,textual,coefficient,-0.007476832324513456,0.007476832324513456,negative,300,158,149
C_LOGISTIC_REGRESSION,2,2,254,task,textual,coefficient,-0.0070585337495089225,0.0070585337495089225,negative,301,157,150
C_LOGISTIC_REGRESSION,2,2,272,treatment,textual,coefficient,-0.006529553945324136,0.006529553945324136,negative,302,156,151
C_LOGISTIC_REGRESSION,2,2,25,autistic,textual,coefficient,-0.003200493654277782,0.003200493654277782,negative,303,155,152
C_LOGISTIC_REGRESSION,2,2,46,common,textual,coefficient,0.003001996472006369,0.003001996472006369,positive,304,152,155
C_LOGISTIC_REGRESSION,2,2,2,activities,textual,coefficient,-0.0023229546021215925,0.0023229546021215925,negative,305,154,153
C_LOGISTIC_REGRESSION,2,2,100,focusing,textual,coefficient,0.0008165156532229957,0.0008165156532229957,positive,306,153,154
C_LOGISTIC_REGRESSION,2,3,60,diet,textual,coefficient,2.2174575053755543,2.2174575053755543,positive,1,1,306
C_LOGISTIC_REGRESSION,2,3,57,diagnosis,textual,coefficient,-1.9006951098348348,1.9006951098348348,negative,2,306,1
C_LOGISTIC_REGRESSION,2,3,155,ll,textual,coefficient,1.889184734377195,1.889184734377195,positive,3,2,305
C_LOGISTIC_REGRESSION,2,3,128,important,textual,coefficient,1.8719688024480303,1.8719688024480303,positive,4,3,304
C_LOGISTIC_REGRESSION,2,3,244,study,textual,coefficient,1.7361718192626379,1.7361718192626379,positive,5,4,303
C_LOGISTIC_REGRESSION,2,3,196,physical,textual,coefficient,-1.6400178252024162,1.6400178252024162,negative,6,305,2
C_LOGISTIC_REGRESSION,2,3,279,uh,textual,coefficient,1.637810526464526,1.637810526464526,positive,7,5,302
C_LOGISTIC_REGRESSION,2,3,269,treat,textual,coefficient,1.6111273391937535,1.6111273391937535,positive,8,6,301
C_LOGISTIC_REGRESSION,2,3,156,long,textual,coefficient,1.5844894132424314,1.5844894132424314,positive,9,7,300
C_LOGISTIC_REGRESSION,2,3,208,rejection,textual,coefficient,1.5812481093759154,1.5812481093759154,positive,10,8,299
C_LOGISTIC_REGRESSION,2,3,261,thing,textual,coefficient,1.5740713195623404,1.5740713195623404,positive,11,9,298
C_LOGISTIC_REGRESSION,2,3,8,adhd autism,textual,coefficient,-1.5727939760503855,1.5727939760503855,negative,12,304,3
C_LOGISTIC_REGRESSION,2,3,163,low,textual,coefficient,1.5465599659280016,1.5465599659280016,positive,13,10,297
C_LOGISTIC_REGRESSION,2,3,65,disorder,textual,coefficient,1.535079876899326,1.535079876899326,positive,14,11,296
C_LOGISTIC_REGRESSION,2,3,80,effects,textual,coefficient,1.5265876162500651,1.5265876162500651,positive,15,12,295
C_LOGISTIC_REGRESSION,2,3,210,relationships,textual,coefficient,1.5232824115176113,1.5232824115176113,positive,16,13,294
C_LOGISTIC_REGRESSION,2,3,90,exercise,textual,coefficient,-1.5034120946491625,1.5034120946491625,negative,17,303,4
C_LOGISTIC_REGRESSION,2,3,54,depression,textual,coefficient,1.4460511183028555,1.4460511183028555,positive,18,14,293
C_LOGISTIC_REGRESSION,2,3,108,getting,textual,coefficient,-1.4392426788017005,1.4392426788017005,negative,19,302,5
C_LOGISTIC_REGRESSION,2,3,171,medication,textual,coefficient,-1.3448009544774298,1.3448009544774298,negative,20,301,6
C_LOGISTIC_REGRESSION,2,3,102,food,textual,coefficient,1.3409982530526015,1.3409982530526015,positive,21,15,292
C_LOGISTIC_REGRESSION,2,3,222,sensitivity,textual,coefficient,1.332413989781346,1.332413989781346,positive,22,16,291
C_LOGISTIC_REGRESSION,2,3,302,likes,engagement_or_format,coefficient,1.3243041839174252,1.3243041839174252,positive,23,17,290
C_LOGISTIC_REGRESSION,2,3,70,doesn,textual,coefficient,1.3123799485149936,1.3123799485149936,positive,24,18,289
C_LOGISTIC_REGRESSION,2,3,284,use,textual,coefficient,1.3033423417191312,1.3033423417191312,positive,25,19,288
C_LOGISTIC_REGRESSION,2,3,177,motivation,textual,coefficient,-1.2391987363276618,1.2391987363276618,negative,26,300,7
C_LOGISTIC_REGRESSION,2,3,49,constantly,textual,coefficient,1.2274230594357942,1.2274230594357942,positive,27,20,287
C_LOGISTIC_REGRESSION,2,3,123,highly,textual,coefficient,-1.1885507650102172,1.1885507650102172,negative,28,299,8
C_LOGISTIC_REGRESSION,2,3,176,mood,textual,coefficient,1.1845970667960166,1.1845970667960166,positive,29,21,286
C_LOGISTIC_REGRESSION,2,3,294,works,textual,coefficient,1.1798601493884413,1.1798601493884413,positive,30,22,285
C_LOGISTIC_REGRESSION,2,3,104,forget,textual,coefficient,1.1739755011347957,1.1739755011347957,positive,31,23,284
C_LOGISTIC_REGRESSION,2,3,273,trouble,textual,coefficient,-1.1524750246980453,1.1524750246980453,negative,32,298,9
C_LOGISTIC_REGRESSION,2,3,287,video,textual,coefficient,-1.1395252422780462,1.1395252422780462,negative,33,297,10
C_LOGISTIC_REGRESSION,2,3,16,adhd women,textual,coefficient,1.13762660752794,1.13762660752794,positive,34,24,283
C_LOGISTIC_REGRESSION,2,3,257,tend,textual,coefficient,1.1295752143105144,1.1295752143105144,positive,35,25,282
C_LOGISTIC_REGRESSION,2,3,277,type,textual,coefficient,-1.1229495072544406,1.1229495072544406,negative,36,296,11
C_LOGISTIC_REGRESSION,2,3,22,anxiety,textual,coefficient,-1.1083283362796605,1.1083283362796605,negative,37,295,12
C_LOGISTIC_REGRESSION,2,3,239,stop,textual,coefficient,-1.0807982799672524,1.0807982799672524,negative,38,294,13
C_LOGISTIC_REGRESSION,2,3,134,information,textual,coefficient,1.0802184433628124,1.0802184433628124,positive,39,26,281
C_LOGISTIC_REGRESSION,2,3,99,focus,textual,coefficient,-1.0762899096509382,1.0762899096509382,negative,40,293,14
C_LOGISTIC_REGRESSION,2,3,178,moving,textual,coefficient,1.0724329647147657,1.0724329647147657,positive,41,27,280
C_LOGISTIC_REGRESSION,2,3,179,music,textual,coefficient,-1.055257073453041,1.055257073453041,negative,42,292,15
C_LOGISTIC_REGRESSION,2,3,34,bit,textual,coefficient,1.0501658062506898,1.0501658062506898,positive,43,28,279
C_LOGISTIC_REGRESSION,2,3,158,look,textual,coefficient,1.042241164493195,1.042241164493195,positive,44,29,278
C_LOGISTIC_REGRESSION,2,3,209,rejection sensitivity,textual,coefficient,1.0401881899999028,1.0401881899999028,positive,45,30,277
C_LOGISTIC_REGRESSION,2,3,192,people,textual,coefficient,-1.0377809610105468,1.0377809610105468,negative,46,291,16
C_LOGISTIC_REGRESSION,2,3,304,views,engagement_or_format,coefficient,-1.0348059627822908,1.0348059627822908,negative,47,290,17
C_LOGISTIC_REGRESSION,2,3,183,neurotypical,textual,coefficient,1.0270246004015862,1.0270246004015862,positive,48,31,276
C_LOGISTIC_REGRESSION,2,3,137,iron,textual,coefficient,-1.0062954563603572,1.0062954563603572,negative,49,289,18
C_LOGISTIC_REGRESSION,2,3,199,problem,textual,coefficient,1.0045624678081735,1.0045624678081735,positive,50,32,275
C_LOGISTIC_REGRESSION,2,3,87,example,textual,coefficient,0.9959140390451693,0.9959140390451693,positive,51,33,274
C_LOGISTIC_REGRESSION,2,3,263,things like,textual,coefficient,-0.9722904284180028,0.9722904284180028,negative,52,288,19
C_LOGISTIC_REGRESSION,2,3,10,adhd diagnosis,textual,coefficient,-0.9555800555387635,0.9555800555387635,negative,53,287,20
C_LOGISTIC_REGRESSION,2,3,215,school,textual,coefficient,0.9538469507876183,0.9538469507876183,positive,54,34,273
C_LOGISTIC_REGRESSION,2,3,55,diagnosed,textual,coefficient,0.9532059121101105,0.9532059121101105,positive,55,35,272
C_LOGISTIC_REGRESSION,2,3,292,women,textual,coefficient,0.9486091798663215,0.9486091798663215,positive,56,36,271
C_LOGISTIC_REGRESSION,2,3,107,function,textual,coefficient,-0.9467745265218339,0.9467745265218339,negative,57,286,21
C_LOGISTIC_REGRESSION,2,3,122,high,textual,coefficient,0.9458269162027378,0.9458269162027378,positive,58,37,270
C_LOGISTIC_REGRESSION,2,3,96,feel like,textual,coefficient,0.9399115951484938,0.9399115951484938,positive,59,38,269
C_LOGISTIC_REGRESSION,2,3,147,late,textual,coefficient,0.9282204822250517,0.9282204822250517,positive,60,39,268
C_LOGISTIC_REGRESSION,2,3,246,supplements,textual,coefficient,0.9264419250504077,0.9264419250504077,positive,61,40,267
C_LOGISTIC_REGRESSION,2,3,24,autism,textual,coefficient,-0.9184778870973435,0.9184778870973435,negative,62,285,22
C_LOGISTIC_REGRESSION,2,3,190,parents,textual,coefficient,-0.9126828297280332,0.9126828297280332,negative,63,284,23
C_LOGISTIC_REGRESSION,2,3,4,actually,textual,coefficient,-0.9122767742242913,0.9122767742242913,negative,64,283,24
C_LOGISTIC_REGRESSION,2,3,216,second,textual,coefficient,0.911714631883601,0.911714631883601,positive,65,41,266
C_LOGISTIC_REGRESSION,2,3,84,energy,textual,coefficient,-0.9116181678867616,0.9116181678867616,negative,66,282,25
C_LOGISTIC_REGRESSION,2,3,266,time,textual,coefficient,-0.9089377179889642,0.9089377179889642,negative,67,281,26
C_LOGISTIC_REGRESSION,2,3,131,inattentive,textual,coefficient,0.9080043273533945,0.9080043273533945,positive,68,42,265
C_LOGISTIC_REGRESSION,2,3,12,adhd medication,textual,coefficient,-0.9051292636520044,0.9051292636520044,negative,69,280,27
C_LOGISTIC_REGRESSION,2,3,51,criteria,textual,coefficient,-0.8987623848429479,0.8987623848429479,negative,70,279,28
C_LOGISTIC_REGRESSION,2,3,117,health,textual,coefficient,0.8949525281853669,0.8949525281853669,positive,71,43,264
C_LOGISTIC_REGRESSION,2,3,78,eating,textual,coefficient,-0.8938303136813003,0.8938303136813003,negative,72,278,29
C_LOGISTIC_REGRESSION,2,3,125,hyperactive,textual,coefficient,0.8918588805118762,0.8918588805118762,positive,73,44,263
C_LOGISTIC_REGRESSION,2,3,110,going,textual,coefficient,-0.8779503886570166,0.8779503886570166,negative,74,277,30
C_LOGISTIC_REGRESSION,2,3,195,phone,textual,coefficient,-0.8769798458224181,0.8769798458224181,negative,75,276,31
C_LOGISTIC_REGRESSION,2,3,170,means,textual,coefficient,-0.863176884183268,0.863176884183268,negative,76,275,32
C_LOGISTIC_REGRESSION,2,3,245,sugar,textual,coefficient,0.8628105331302521,0.8628105331302521,positive,77,45,262
C_LOGISTIC_REGRESSION,2,3,251,taking,textual,coefficient,0.859573591040826,0.859573591040826,positive,78,46,261
C_LOGISTIC_REGRESSION,2,3,256,tell,textual,coefficient,0.8516013374772838,0.8516013374772838,positive,79,47,260
C_LOGISTIC_REGRESSION,2,3,53,deficit,textual,coefficient,0.8377483728122149,0.8377483728122149,positive,80,48,259
C_LOGISTIC_REGRESSION,2,3,204,real,textual,coefficient,0.8372514624066357,0.8372514624066357,positive,81,49,258
C_LOGISTIC_REGRESSION,2,3,46,common,textual,coefficient,-0.8354117600664196,0.8354117600664196,negative,82,274,33
C_LOGISTIC_REGRESSION,2,3,238,stimulants,textual,coefficient,0.8132580407355153,0.8132580407355153,positive,83,50,257
C_LOGISTIC_REGRESSION,2,3,76,dysfunction,textual,coefficient,-0.801895966341075,0.801895966341075,negative,84,273,34
C_LOGISTIC_REGRESSION,2,3,175,mind,textual,coefficient,0.7944486446202562,0.7944486446202562,positive,85,51,256
C_LOGISTIC_REGRESSION,2,3,296,yeah,textual,coefficient,-0.7840552396418023,0.7840552396418023,negative,86,272,35
C_LOGISTIC_REGRESSION,2,3,242,struggles,textual,coefficient,0.7837587531435719,0.7837587531435719,positive,87,52,255
C_LOGISTIC_REGRESSION,2,3,118,hear,textual,coefficient,-0.7709912267420231,0.7709912267420231,negative,88,271,36
C_LOGISTIC_REGRESSION,2,3,103,foods,textual,coefficient,0.767168641269264,0.767168641269264,positive,89,53,254
C_LOGISTIC_REGRESSION,2,3,258,term,textual,coefficient,0.7598346352099482,0.7598346352099482,positive,90,54,253
C_LOGISTIC_REGRESSION,2,3,165,make sure,textual,coefficient,-0.7438641233646127,0.7438641233646127,negative,91,270,37
C_LOGISTIC_REGRESSION,2,3,267,times,textual,coefficient,-0.7421615993058129,0.7421615993058129,negative,92,269,38
C_LOGISTIC_REGRESSION,2,3,141,just,textual,coefficient,0.7400709654203157,0.7400709654203157,positive,93,55,252
C_LOGISTIC_REGRESSION,2,3,83,end,textual,coefficient,-0.7303815649493045,0.7303815649493045,negative,94,268,39
C_LOGISTIC_REGRESSION,2,3,232,sleep,textual,coefficient,0.730284169645742,0.730284169645742,positive,95,56,251
C_LOGISTIC_REGRESSION,2,3,29,behavioral,textual,coefficient,-0.7279849517625046,0.7279849517625046,negative,96,267,40
C_LOGISTIC_REGRESSION,2,3,200,problems,textual,coefficient,-0.7264463642890475,0.7264463642890475,negative,97,266,41
C_LOGISTIC_REGRESSION,2,3,40,challenges,textual,coefficient,0.7223495746093577,0.7223495746093577,positive,98,57,250
C_LOGISTIC_REGRESSION,2,3,288,wait,textual,coefficient,0.7201564829997823,0.7201564829997823,positive,99,58,249
C_LOGISTIC_REGRESSION,2,3,188,okay,textual,coefficient,0.713787978115976,0.713787978115976,positive,100,59,248
C_LOGISTIC_REGRESSION,2,3,184,neurotypical person,textual,coefficient,0.712022039744198,0.712022039744198,positive,101,60,247
C_LOGISTIC_REGRESSION,2,3,126,hyperactivity,textual,coefficient,0.7108743902158016,0.7108743902158016,positive,102,61,246
C_LOGISTIC_REGRESSION,2,3,228,shown,textual,coefficient,0.7103082111167076,0.7103082111167076,positive,103,62,245
C_LOGISTIC_REGRESSION,2,3,274,try,textual,coefficient,-0.7086194629062107,0.7086194629062107,negative,104,265,42
C_LOGISTIC_REGRESSION,2,3,281,unable,textual,coefficient,-0.7072648356873643,0.7072648356873643,negative,105,264,43
C_LOGISTIC_REGRESSION,2,3,229,signs,textual,coefficient,-0.6951573484460376,0.6951573484460376,negative,106,263,44
C_LOGISTIC_REGRESSION,2,3,211,remember,textual,coefficient,0.6893727127376676,0.6893727127376676,positive,107,63,244
C_LOGISTIC_REGRESSION,2,3,37,brains,textual,coefficient,-0.6889428534501694,0.6889428534501694,negative,108,262,45
C_LOGISTIC_REGRESSION,2,3,44,come,textual,coefficient,0.6791185178824143,0.6791185178824143,positive,109,64,243
C_LOGISTIC_REGRESSION,2,3,130,impulsivity,textual,coefficient,-0.6726913831679486,0.6726913831679486,negative,110,261,46
C_LOGISTIC_REGRESSION,2,3,146,know,textual,coefficient,-0.6685511160883396,0.6685511160883396,negative,111,260,47
C_LOGISTIC_REGRESSION,2,3,276,turn,textual,coefficient,-0.6678520022178692,0.6678520022178692,negative,112,259,48
C_LOGISTIC_REGRESSION,2,3,113,happens,textual,coefficient,0.6649206015524544,0.6649206015524544,positive,113,65,242
C_LOGISTIC_REGRESSION,2,3,218,seen,textual,coefficient,-0.659221913034854,0.659221913034854,negative,114,258,49
C_LOGISTIC_REGRESSION,2,3,132,include,textual,coefficient,0.6560348076514433,0.6560348076514433,positive,115,66,241
C_LOGISTIC_REGRESSION,2,3,194,person,textual,coefficient,0.6555343513301406,0.6555343513301406,positive,116,67,240
C_LOGISTIC_REGRESSION,2,3,231,sit,textual,coefficient,-0.6436511343602612,0.6436511343602612,negative,117,257,50
C_LOGISTIC_REGRESSION,2,3,280,um,textual,coefficient,-0.6433872091105801,0.6433872091105801,negative,118,256,51
C_LOGISTIC_REGRESSION,2,3,48,condition,textual,coefficient,-0.639078139469709,0.639078139469709,negative,119,255,52
C_LOGISTIC_REGRESSION,2,3,161,lots,textual,coefficient,0.6360418017340378,0.6360418017340378,positive,120,68,239
C_LOGISTIC_REGRESSION,2,3,85,especially,textual,coefficient,-0.6314850815289832,0.6314850815289832,negative,121,254,53
C_LOGISTIC_REGRESSION,2,3,259,test,textual,coefficient,-0.6207078706875254,0.6207078706875254,negative,122,253,54
C_LOGISTIC_REGRESSION,2,3,72,don,textual,coefficient,-0.6188049926889322,0.6188049926889322,negative,123,252,55
C_LOGISTIC_REGRESSION,2,3,150,life,textual,coefficient,-0.6113546519118805,0.6113546519118805,negative,124,251,56
C_LOGISTIC_REGRESSION,2,3,120,helpful,textual,coefficient,0.6087329807238376,0.6087329807238376,positive,125,69,238
C_LOGISTIC_REGRESSION,2,3,71,doing,textual,coefficient,-0.6048499573984203,0.6048499573984203,negative,126,250,57
C_LOGISTIC_REGRESSION,2,3,95,feel,textual,coefficient,0.5979081718559383,0.5979081718559383,positive,127,70,237
C_LOGISTIC_REGRESSION,2,3,260,therapy,textual,coefficient,-0.595791287866977,0.595791287866977,negative,128,249,58
C_LOGISTIC_REGRESSION,2,3,94,fact,textual,coefficient,-0.5929335435900249,0.5929335435900249,negative,129,248,59
C_LOGISTIC_REGRESSION,2,3,43,children,textual,coefficient,-0.5912886588863654,0.5912886588863654,negative,130,247,60
C_LOGISTIC_REGRESSION,2,3,157,long term,textual,coefficient,0.575170548470204,0.575170548470204,positive,131,71,236
C_LOGISTIC_REGRESSION,2,3,152,likely,textual,coefficient,-0.5722874421207959,0.5722874421207959,negative,132,246,61
C_LOGISTIC_REGRESSION,2,3,127,impact,textual,coefficient,-0.5719997399186975,0.5719997399186975,negative,133,245,62
C_LOGISTIC_REGRESSION,2,3,173,meds,textual,coefficient,0.570588389404746,0.570588389404746,positive,134,72,235
C_LOGISTIC_REGRESSION,2,3,30,behaviors,textual,coefficient,-0.568875628964666,0.568875628964666,negative,135,244,63
C_LOGISTIC_REGRESSION,2,3,62,different,textual,coefficient,-0.5671189628464439,0.5671189628464439,negative,136,243,64
C_LOGISTIC_REGRESSION,2,3,189,overwhelmed,textual,coefficient,0.5639524447950491,0.5639524447950491,positive,137,73,234
C_LOGISTIC_REGRESSION,2,3,135,instead,textual,coefficient,-0.5633540656992367,0.5633540656992367,negative,138,242,65
C_LOGISTIC_REGRESSION,2,3,64,difficulty,textual,coefficient,0.5581390254343516,0.5581390254343516,positive,139,74,233
C_LOGISTIC_REGRESSION,2,3,105,friend,textual,coefficient,-0.5580878740189388,0.5580878740189388,negative,140,241,66
C_LOGISTIC_REGRESSION,2,3,33,big,textual,coefficient,-0.5575306017740619,0.5575306017740619,negative,141,240,67
C_LOGISTIC_REGRESSION,2,3,15,adhd symptoms,textual,coefficient,-0.5565840008069545,0.5565840008069545,negative,142,239,68
C_LOGISTIC_REGRESSION,2,3,25,autistic,textual,coefficient,-0.5560261605370368,0.5560261605370368,negative,143,238,69
C_LOGISTIC_REGRESSION,2,3,68,doctor,textual,coefficient,0.5449865822239771,0.5449865822239771,positive,144,75,232
C_LOGISTIC_REGRESSION,2,3,143,key,textual,coefficient,0.5376645824373859,0.5376645824373859,positive,145,76,231
C_LOGISTIC_REGRESSION,2,3,164,make,textual,coefficient,-0.5330947294498612,0.5330947294498612,negative,146,237,70
C_LOGISTIC_REGRESSION,2,3,172,medications,textual,coefficient,-0.5264243386163887,0.5264243386163887,negative,147,236,71
C_LOGISTIC_REGRESSION,2,3,88,executive,textual,coefficient,-0.5244119128693838,0.5244119128693838,negative,148,235,72
C_LOGISTIC_REGRESSION,2,3,119,help,textual,coefficient,0.5217375905872814,0.5217375905872814,positive,149,77,230
C_LOGISTIC_REGRESSION,2,3,140,job,textual,coefficient,-0.5204975859415595,0.5204975859415595,negative,150,234,73
C_LOGISTIC_REGRESSION,2,3,166,makes,textual,coefficient,0.5195968090730834,0.5195968090730834,positive,151,78,229
C_LOGISTIC_REGRESSION,2,3,136,intense,textual,coefficient,0.5187703042954624,0.5187703042954624,positive,152,79,228
C_LOGISTIC_REGRESSION,2,3,101,follow,textual,coefficient,-0.5111290862485869,0.5111290862485869,negative,153,233,74
C_LOGISTIC_REGRESSION,2,3,169,mean,textual,coefficient,-0.5061425954617708,0.5061425954617708,negative,154,232,75
C_LOGISTIC_REGRESSION,2,3,233,small,textual,coefficient,-0.5044335729501314,0.5044335729501314,negative,155,231,76
C_LOGISTIC_REGRESSION,2,3,32,better,textual,coefficient,0.5012820126178962,0.5012820126178962,positive,156,80,227
C_LOGISTIC_REGRESSION,2,3,227,short,textual,coefficient,0.49875644129700225,0.49875644129700225,positive,157,81,226
C_LOGISTIC_REGRESSION,2,3,36,brain,textual,coefficient,0.49624265201135714,0.49624265201135714,positive,158,82,225
C_LOGISTIC_REGRESSION,2,3,180,natural,textual,coefficient,0.495302013935656,0.495302013935656,positive,159,83,224
C_LOGISTIC_REGRESSION,2,3,63,differently,textual,coefficient,-0.4947245842339048,0.4947245842339048,negative,160,230,77
C_LOGISTIC_REGRESSION,2,3,66,disorders,textual,coefficient,0.49211110792292007,0.49211110792292007,positive,161,84,223
C_LOGISTIC_REGRESSION,2,3,223,sensory,textual,coefficient,-0.4911304793405077,0.4911304793405077,negative,162,229,78
C_LOGISTIC_REGRESSION,2,3,298,इपर,textual,coefficient,-0.48206319287017046,0.48206319287017046,negative,163,227,79
C_LOGISTIC_REGRESSION,2,3,299,एक,textual,coefficient,-0.48206319287017046,0.48206319287017046,negative,163,227,79
C_LOGISTIC_REGRESSION,2,3,286,ve,textual,coefficient,-0.476404774650665,0.476404774650665,negative,165,226,81
C_LOGISTIC_REGRESSION,2,3,272,treatment,textual,coefficient,0.4754590178621045,0.4754590178621045,positive,166,85,222
C_LOGISTIC_REGRESSION,2,3,207,regulation,textual,coefficient,-0.4721598310969712,0.4721598310969712,negative,167,225,82
C_LOGISTIC_REGRESSION,2,3,142,keeping,textual,coefficient,-0.47182257381145043,0.47182257381145043,negative,168,224,83
C_LOGISTIC_REGRESSION,2,3,18,adults,textual,coefficient,-0.46166331063916227,0.46166331063916227,negative,169,223,84
C_LOGISTIC_REGRESSION,2,3,121,helps,textual,coefficient,0.46138986964252837,0.46138986964252837,positive,170,86,221
C_LOGISTIC_REGRESSION,2,3,205,really,textual,coefficient,-0.45944512536820764,0.45944512536820764,negative,171,222,85
C_LOGISTIC_REGRESSION,2,3,202,psychologist,textual,coefficient,-0.4543914830636869,0.4543914830636869,negative,172,221,86
C_LOGISTIC_REGRESSION,2,3,116,having,textual,coefficient,-0.4445772024441083,0.4445772024441083,negative,173,220,87
C_LOGISTIC_REGRESSION,2,3,270,treating,textual,coefficient,0.4394374009731055,0.4394374009731055,positive,174,87,220
C_LOGISTIC_REGRESSION,2,3,67,distracted,textual,coefficient,0.4380445254975862,0.4380445254975862,positive,175,88,219
C_LOGISTIC_REGRESSION,2,3,31,best,textual,coefficient,-0.43458163126260485,0.43458163126260485,negative,176,219,88
C_LOGISTIC_REGRESSION,2,3,112,got,textual,coefficient,-0.4343966803533677,0.4343966803533677,negative,177,218,89
C_LOGISTIC_REGRESSION,2,3,138,isn,textual,coefficient,0.432046149099048,0.432046149099048,positive,178,89,218
C_LOGISTIC_REGRESSION,2,3,240,strategies,textual,coefficient,-0.4262115983839963,0.4262115983839963,negative,179,217,90
C_LOGISTIC_REGRESSION,2,3,187,oh,textual,coefficient,-0.4245519921328276,0.4245519921328276,negative,180,216,91
C_LOGISTIC_REGRESSION,2,3,115,harder,textual,coefficient,0.42448208053557285,0.42448208053557285,positive,181,90,217
C_LOGISTIC_REGRESSION,2,3,91,experience,textual,coefficient,-0.42096898017672785,0.42096898017672785,negative,182,215,92
C_LOGISTIC_REGRESSION,2,3,73,don know,textual,coefficient,-0.4182382781288724,0.4182382781288724,negative,183,214,93
C_LOGISTIC_REGRESSION,2,3,7,adhd adhd,textual,coefficient,-0.41776145529194736,0.41776145529194736,negative,184,213,94
C_LOGISTIC_REGRESSION,2,3,77,easily,textual,coefficient,-0.4081903779904406,0.4081903779904406,negative,185,212,95
C_LOGISTIC_REGRESSION,2,3,97,feeling,textual,coefficient,-0.3842640129027775,0.3842640129027775,negative,186,211,96
C_LOGISTIC_REGRESSION,2,3,282,understand,textual,coefficient,-0.38136230411066563,0.38136230411066563,negative,187,210,97
C_LOGISTIC_REGRESSION,2,3,290,way,textual,coefficient,-0.3804203686797412,0.3804203686797412,negative,188,209,98
C_LOGISTIC_REGRESSION,2,3,225,sep adhd,textual,coefficient,-0.3772559128423256,0.3772559128423256,negative,189,208,99
C_LOGISTIC_REGRESSION,2,3,234,social,textual,coefficient,0.37471707696387846,0.37471707696387846,positive,190,91,216
C_LOGISTIC_REGRESSION,2,3,243,struggling,textual,coefficient,0.36866899926383007,0.36866899926383007,positive,191,92,215
C_LOGISTIC_REGRESSION,2,3,6,adhd,textual,coefficient,-0.36613242946432245,0.36613242946432245,negative,192,207,100
C_LOGISTIC_REGRESSION,2,3,291,ways,textual,coefficient,0.36228623960608974,0.36228623960608974,positive,193,93,214
C_LOGISTIC_REGRESSION,2,3,236,start,textual,coefficient,-0.3590483627116936,0.3590483627116936,negative,194,206,101
C_LOGISTIC_REGRESSION,2,3,182,needs,textual,coefficient,-0.34640692370991716,0.34640692370991716,negative,195,205,102
C_LOGISTIC_REGRESSION,2,3,81,emotional,textual,coefficient,-0.34330006060298773,0.34330006060298773,negative,196,204,103
C_LOGISTIC_REGRESSION,2,3,74,dopamine,textual,coefficient,0.3429607811706667,0.3429607811706667,positive,197,94,213
C_LOGISTIC_REGRESSION,2,3,193,people adhd,textual,coefficient,0.3397694028408034,0.3397694028408034,positive,198,95,212
C_LOGISTIC_REGRESSION,2,3,198,probably,textual,coefficient,0.3364955115481479,0.3364955115481479,positive,199,96,211
C_LOGISTIC_REGRESSION,2,3,262,things,textual,coefficient,-0.3357693215666764,0.3357693215666764,negative,200,203,104
C_LOGISTIC_REGRESSION,2,3,301,hedge_score,handcrafted_linguistic,coefficient,-0.3334467590028058,0.3334467590028058,negative,201,202,105
C_LOGISTIC_REGRESSION,2,3,9,adhd brain,textual,coefficient,0.3322609331973792,0.3322609331973792,positive,202,97,210
C_LOGISTIC_REGRESSION,2,3,58,diagnostic,textual,coefficient,-0.33148203283493716,0.33148203283493716,negative,203,201,106
C_LOGISTIC_REGRESSION,2,3,275,trying,textual,coefficient,0.3302485955215225,0.3302485955215225,positive,204,98,209
C_LOGISTIC_REGRESSION,2,3,139,issues,textual,coefficient,0.3285689696251034,0.3285689696251034,positive,205,99,208
C_LOGISTIC_REGRESSION,2,3,185,non,textual,coefficient,-0.326871798059666,0.326871798059666,negative,206,200,107
C_LOGISTIC_REGRESSION,2,3,14,adhd sep,textual,coefficient,0.3237651190116789,0.3237651190116789,positive,207,100,207
C_LOGISTIC_REGRESSION,2,3,69,does,textual,coefficient,0.30713633448961086,0.30713633448961086,positive,208,101,206
C_LOGISTIC_REGRESSION,2,3,237,stimulant,textual,coefficient,-0.30671204127662277,0.30671204127662277,negative,209,199,108
C_LOGISTIC_REGRESSION,2,3,109,girls,textual,coefficient,-0.30605649835959087,0.30605649835959087,negative,210,198,109
C_LOGISTIC_REGRESSION,2,3,297,years,textual,coefficient,0.30466128795156955,0.30466128795156955,positive,211,102,205
C_LOGISTIC_REGRESSION,2,3,145,kind,textual,coefficient,-0.3031128301575774,0.3031128301575774,negative,212,197,110
C_LOGISTIC_REGRESSION,2,3,230,signs adhd,textual,coefficient,0.30260315880939265,0.30260315880939265,positive,213,103,204
C_LOGISTIC_REGRESSION,2,3,144,kids,textual,coefficient,-0.29737534101083524,0.29737534101083524,negative,214,196,111
C_LOGISTIC_REGRESSION,2,3,226,seven,textual,coefficient,-0.2972073508861073,0.2972073508861073,negative,215,195,112
C_LOGISTIC_REGRESSION,2,3,249,symptoms,textual,coefficient,0.29571443530833036,0.29571443530833036,positive,216,104,203
C_LOGISTIC_REGRESSION,2,3,283,understanding,textual,coefficient,0.29447052403652096,0.29447052403652096,positive,217,105,202
C_LOGISTIC_REGRESSION,2,3,129,impulsive,textual,coefficient,-0.2911399557641118,0.2911399557641118,negative,218,194,113
C_LOGISTIC_REGRESSION,2,3,191,patients,textual,coefficient,0.2899354332597401,0.2899354332597401,positive,219,106,201
C_LOGISTIC_REGRESSION,2,3,100,focusing,textual,coefficient,-0.2793736618539315,0.2793736618539315,negative,220,193,114
C_LOGISTIC_REGRESSION,2,3,3,activity,textual,coefficient,-0.27748218550232573,0.27748218550232573,negative,221,192,115
C_LOGISTIC_REGRESSION,2,3,241,struggle,textual,coefficient,0.27411341279359547,0.27411341279359547,positive,222,107,200
C_LOGISTIC_REGRESSION,2,3,39,cause,textual,coefficient,-0.27173986045904347,0.27173986045904347,negative,223,191,116
C_LOGISTIC_REGRESSION,2,3,2,activities,textual,coefficient,-0.2706949840564673,0.2706949840564673,negative,224,190,117
C_LOGISTIC_REGRESSION,2,3,174,mental,textual,coefficient,0.26771408660456875,0.26771408660456875,positive,225,108,199
C_LOGISTIC_REGRESSION,2,3,271,treating adhd,textual,coefficient,0.2646509944841063,0.2646509944841063,positive,226,109,198
C_LOGISTIC_REGRESSION,2,3,52,day,textual,coefficient,0.26353923768265425,0.26353923768265425,positive,227,110,197
C_LOGISTIC_REGRESSION,2,3,92,explain,textual,coefficient,0.24993044786892613,0.24993044786892613,positive,228,111,196
C_LOGISTIC_REGRESSION,2,3,98,feelings,textual,coefficient,-0.24937683905810337,0.24937683905810337,negative,229,189,118
C_LOGISTIC_REGRESSION,2,3,295,world,textual,coefficient,0.24912266025506805,0.24912266025506805,positive,230,112,195
C_LOGISTIC_REGRESSION,2,3,250,symptoms adhd,textual,coefficient,-0.2479101899522897,0.2479101899522897,negative,231,188,119
C_LOGISTIC_REGRESSION,2,3,5,add,textual,coefficient,0.24377093201468528,0.24377093201468528,positive,232,113,194
C_LOGISTIC_REGRESSION,2,3,148,lead,textual,coefficient,-0.23641115494351322,0.23641115494351322,negative,233,187,120
C_LOGISTIC_REGRESSION,2,3,265,thinking,textual,coefficient,0.2342511471576233,0.2342511471576233,positive,234,114,193
C_LOGISTIC_REGRESSION,2,3,41,check,textual,coefficient,0.2307107053084902,0.2307107053084902,positive,235,115,192
C_LOGISTIC_REGRESSION,2,3,56,diagnosed adhd,textual,coefficient,-0.22751753337025943,0.22751753337025943,negative,236,186,121
C_LOGISTIC_REGRESSION,2,3,93,explained,textual,coefficient,-0.221451566247647,0.221451566247647,negative,237,185,122
C_LOGISTIC_REGRESSION,2,3,254,task,textual,coefficient,0.21996510906597339,0.21996510906597339,positive,238,116,191
C_LOGISTIC_REGRESSION,2,3,305,duration_sec,engagement_or_format,coefficient,-0.21841206346521844,0.21841206346521844,negative,239,184,123
C_LOGISTIC_REGRESSION,2,3,89,executive dysfunction,textual,coefficient,-0.2136975612377515,0.2136975612377515,negative,240,183,124
C_LOGISTIC_REGRESSION,2,3,27,based,textual,coefficient,0.21318264576909854,0.21318264576909854,positive,241,117,190
C_LOGISTIC_REGRESSION,2,3,159,lot,textual,coefficient,0.21288393075386955,0.21288393075386955,positive,242,118,189
C_LOGISTIC_REGRESSION,2,3,197,present,textual,coefficient,-0.20728354748069616,0.20728354748069616,negative,243,182,125
C_LOGISTIC_REGRESSION,2,3,75,dr,textual,coefficient,-0.20587130693635733,0.20587130693635733,negative,244,181,126
C_LOGISTIC_REGRESSION,2,3,124,home,textual,coefficient,-0.20554341546210186,0.20554341546210186,negative,245,180,127
C_LOGISTIC_REGRESSION,2,3,42,child,textual,coefficient,-0.19929818857055343,0.19929818857055343,negative,246,179,128
C_LOGISTIC_REGRESSION,2,3,268,traits,textual,coefficient,0.19840975545377262,0.19840975545377262,positive,247,119,188
C_LOGISTIC_REGRESSION,2,3,0,10,textual,coefficient,-0.19632979735907582,0.19632979735907582,negative,248,178,129
C_LOGISTIC_REGRESSION,2,3,300,certainty_score,handcrafted_linguistic,coefficient,0.1905123950255598,0.1905123950255598,positive,249,120,187
C_LOGISTIC_REGRESSION,2,3,151,like,textual,coefficient,0.18938928918552206,0.18938928918552206,positive,250,121,186
C_LOGISTIC_REGRESSION,2,3,47,complete,textual,coefficient,0.18899503194012646,0.18899503194012646,positive,251,122,185
C_LOGISTIC_REGRESSION,2,3,160,lot people,textual,coefficient,0.18743675276602254,0.18743675276602254,positive,252,123,184
C_LOGISTIC_REGRESSION,2,3,82,emotions,textual,coefficient,0.18634605253788153,0.18634605253788153,positive,253,124,183
C_LOGISTIC_REGRESSION,2,3,154,little bit,textual,coefficient,0.18569404019037478,0.18569404019037478,positive,254,125,182
C_LOGISTIC_REGRESSION,2,3,167,making,textual,coefficient,-0.18336185980784495,0.18336185980784495,negative,255,177,130
C_LOGISTIC_REGRESSION,2,3,19,affect,textual,coefficient,-0.18158582915855703,0.18158582915855703,negative,256,176,131
C_LOGISTIC_REGRESSION,2,3,206,recommend,textual,coefficient,-0.17715098088541584,0.17715098088541584,negative,257,175,132
C_LOGISTIC_REGRESSION,2,3,59,did,textual,coefficient,0.17682335967239637,0.17682335967239637,positive,258,126,181
C_LOGISTIC_REGRESSION,2,3,220,sense,textual,coefficient,-0.17376336818276034,0.17376336818276034,negative,259,174,133
C_LOGISTIC_REGRESSION,2,3,20,affects,textual,coefficient,-0.16771461621601153,0.16771461621601153,negative,260,173,134
C_LOGISTIC_REGRESSION,2,3,13,adhd real,textual,coefficient,-0.1616521938111913,0.1616521938111913,negative,261,172,135
C_LOGISTIC_REGRESSION,2,3,221,sensitive,textual,coefficient,0.16056929526819222,0.16056929526819222,positive,262,127,180
C_LOGISTIC_REGRESSION,2,3,217,seconds,textual,coefficient,0.15968007722152872,0.15968007722152872,positive,263,128,179
C_LOGISTIC_REGRESSION,2,3,252,talk,textual,coefficient,0.15507990603231095,0.15507990603231095,positive,264,129,178
C_LOGISTIC_REGRESSION,2,3,23,attention,textual,coefficient,0.1532320173176636,0.1532320173176636,positive,265,130,177
C_LOGISTIC_REGRESSION,2,3,133,increase,textual,coefficient,-0.14851066311604802,0.14851066311604802,negative,266,171,136
C_LOGISTIC_REGRESSION,2,3,111,good,textual,coefficient,0.12966585625136381,0.12966585625136381,positive,267,131,176
C_LOGISTIC_REGRESSION,2,3,86,everybody,textual,coefficient,-0.12827970196157956,0.12827970196157956,negative,268,170,137
C_LOGISTIC_REGRESSION,2,3,203,quickly,textual,coefficient,-0.12470025567280905,0.12470025567280905,negative,269,169,138
C_LOGISTIC_REGRESSION,2,3,17,adult,textual,coefficient,-0.12430566384186266,0.12430566384186266,negative,270,168,139
C_LOGISTIC_REGRESSION,2,3,106,friends,textual,coefficient,-0.12067854969468332,0.12067854969468332,negative,271,167,140
C_LOGISTIC_REGRESSION,2,3,26,bad,textual,coefficient,0.1186178071504778,0.1186178071504778,positive,272,132,175
C_LOGISTIC_REGRESSION,2,3,35,body,textual,coefficient,0.10516742861129709,0.10516742861129709,positive,273,133,174
C_LOGISTIC_REGRESSION,2,3,61,difference,textual,coefficient,-0.10362376806280288,0.10362376806280288,negative,274,166,141
C_LOGISTIC_REGRESSION,2,3,248,sure,textual,coefficient,-0.09820217078014318,0.09820217078014318,negative,275,165,142
C_LOGISTIC_REGRESSION,2,3,212,right,textual,coefficient,0.09672461491536953,0.09672461491536953,positive,276,134,173
C_LOGISTIC_REGRESSION,2,3,114,hard,textual,coefficient,-0.09405783449551963,0.09405783449551963,negative,277,164,143
C_LOGISTIC_REGRESSION,2,3,1,able,textual,coefficient,0.09154938321407183,0.09154938321407183,positive,278,135,172
C_LOGISTIC_REGRESSION,2,3,11,adhd just,textual,coefficient,-0.08224332908725886,0.08224332908725886,negative,279,163,144
C_LOGISTIC_REGRESSION,2,3,186,number,textual,coefficient,-0.08098446276865119,0.08098446276865119,negative,280,162,145
C_LOGISTIC_REGRESSION,2,3,303,comments,engagement_or_format,coefficient,-0.07845646469904194,0.07845646469904194,negative,281,161,146
C_LOGISTIC_REGRESSION,2,3,149,let,textual,coefficient,0.0698392083270454,0.0698392083270454,positive,282,136,171
C_LOGISTIC_REGRESSION,2,3,153,little,textual,coefficient,-0.06815716406808221,0.06815716406808221,negative,283,160,147
C_LOGISTIC_REGRESSION,2,3,38,care,textual,coefficient,0.0641332341995676,0.0641332341995676,positive,284,137,170
C_LOGISTIC_REGRESSION,2,3,50,control,textual,coefficient,0.06075919380529419,0.06075919380529419,positive,285,138,169
C_LOGISTIC_REGRESSION,2,3,264,think,textual,coefficient,-0.05850081445877712,0.05850081445877712,negative,286,159,148
C_LOGISTIC_REGRESSION,2,3,278,types,textual,coefficient,0.05583457947476881,0.05583457947476881,positive,287,139,168
C_LOGISTIC_REGRESSION,2,3,219,self,textual,coefficient,-0.05335487542066082,0.05335487542066082,negative,288,158,149
C_LOGISTIC_REGRESSION,2,3,235,somebody,textual,coefficient,-0.047770801688970785,0.047770801688970785,negative,289,157,150
C_LOGISTIC_REGRESSION,2,3,224,sep,textual,coefficient,-0.04250537524529346,0.04250537524529346,negative,290,156,151
C_LOGISTIC_REGRESSION,2,3,285,usually,textual,coefficient,-0.042057359959237026,0.042057359959237026,negative,291,155,152
C_LOGISTIC_REGRESSION,2,3,293,work,textual,coefficient,0.03575230735195397,0.03575230735195397,positive,292,140,167
C_LOGISTIC_REGRESSION,2,3,79,effective,textual,coefficient,-0.03574599324352415,0.03574599324352415,negative,293,154,153
C_LOGISTIC_REGRESSION,2,3,213,say,textual,coefficient,0.03396985074661243,0.03396985074661243,positive,294,141,166
C_LOGISTIC_REGRESSION,2,3,28,behavior,textual,coefficient,-0.030743108003398262,0.030743108003398262,negative,295,153,154
C_LOGISTIC_REGRESSION,2,3,45,comes,textual,coefficient,0.03009224673024584,0.03009224673024584,positive,296,142,165
C_LOGISTIC_REGRESSION,2,3,201,protein,textual,coefficient,-0.028946765832554826,0.028946765832554826,negative,297,152,155
C_LOGISTIC_REGRESSION,2,3,162,love,textual,coefficient,-0.02886846652654814,0.02886846652654814,negative,298,151,156
C_LOGISTIC_REGRESSION,2,3,214,saying,textual,coefficient,-0.02433863884332627,0.02433863884332627,negative,299,150,157
C_LOGISTIC_REGRESSION,2,3,289,want,textual,coefficient,-0.02165115900024259,0.02165115900024259,negative,300,149,158
C_LOGISTIC_REGRESSION,2,3,247,support,textual,coefficient,-0.017432541471508252,0.017432541471508252,negative,301,148,159
C_LOGISTIC_REGRESSION,2,3,253,talking,textual,coefficient,0.014731699588587973,0.014731699588587973,positive,302,143,164
C_LOGISTIC_REGRESSION,2,3,181,need,textual,coefficient,0.010285707202805238,0.010285707202805238,positive,303,144,163
C_LOGISTIC_REGRESSION,2,3,168,management,textual,coefficient,-0.006797065991575575,0.006797065991575575,negative,304,147,160
C_LOGISTIC_REGRESSION,2,3,255,tasks,textual,coefficient,-0.002594416060528292,0.002594416060528292,negative,305,146,161
C_LOGISTIC_REGRESSION,2,3,21,answer,textual,coefficient,0.001017631684741531,0.001017631684741531,positive,306,145,162
C_LOGISTIC_REGRESSION,2,4,84,energy,textual,coefficient,2.494119363405546,2.494119363405546,positive,1,1,306
C_LOGISTIC_REGRESSION,2,4,286,ve,textual,coefficient,2.2806199594506498,2.2806199594506498,positive,2,2,305
C_LOGISTIC_REGRESSION,2,4,196,physical,textual,coefficient,2.207052858281444,2.207052858281444,positive,3,3,304
C_LOGISTIC_REGRESSION,2,4,239,stop,textual,coefficient,2.1290053149248496,2.1290053149248496,positive,4,4,303
C_LOGISTIC_REGRESSION,2,4,35,body,textual,coefficient,1.9871467511677638,1.9871467511677638,positive,5,5,302
C_LOGISTIC_REGRESSION,2,4,262,things,textual,coefficient,1.9663316311574548,1.9663316311574548,positive,6,6,301
C_LOGISTIC_REGRESSION,2,4,177,motivation,textual,coefficient,1.7493927061141727,1.7493927061141727,positive,7,7,300
C_LOGISTIC_REGRESSION,2,4,171,medication,textual,coefficient,-1.733661657716316,1.733661657716316,negative,8,306,1
C_LOGISTIC_REGRESSION,2,4,155,ll,textual,coefficient,-1.5547695093667668,1.5547695093667668,negative,9,305,2
C_LOGISTIC_REGRESSION,2,4,99,focus,textual,coefficient,-1.5173802144886297,1.5173802144886297,negative,10,304,3
C_LOGISTIC_REGRESSION,2,4,36,brain,textual,coefficient,1.5151180010873138,1.5151180010873138,positive,11,8,299
C_LOGISTIC_REGRESSION,2,4,26,bad,textual,coefficient,1.4900931215241302,1.4900931215241302,positive,12,9,298
C_LOGISTIC_REGRESSION,2,4,72,don,textual,coefficient,1.4813028582385634,1.4813028582385634,positive,13,10,297
C_LOGISTIC_REGRESSION,2,4,95,feel,textual,coefficient,1.45162482822928,1.45162482822928,positive,14,11,296
C_LOGISTIC_REGRESSION,2,4,14,adhd sep,textual,coefficient,1.437276688141813,1.437276688141813,positive,15,12,295
C_LOGISTIC_REGRESSION,2,4,226,seven,textual,coefficient,1.380193193465968,1.380193193465968,positive,16,13,294
C_LOGISTIC_REGRESSION,2,4,221,sensitive,textual,coefficient,1.368183880745838,1.368183880745838,positive,17,14,293
C_LOGISTIC_REGRESSION,2,4,123,highly,textual,coefficient,1.3520066716160628,1.3520066716160628,positive,18,15,292
C_LOGISTIC_REGRESSION,2,4,106,friends,textual,coefficient,1.3152246116242037,1.3152246116242037,positive,19,16,291
C_LOGISTIC_REGRESSION,2,4,105,friend,textual,coefficient,1.2380958681062817,1.2380958681062817,positive,20,17,290
C_LOGISTIC_REGRESSION,2,4,9,adhd brain,textual,coefficient,1.2358850511423296,1.2358850511423296,positive,21,18,289
C_LOGISTIC_REGRESSION,2,4,249,symptoms,textual,coefficient,-1.2284755405723462,1.2284755405723462,negative,22,303,4
C_LOGISTIC_REGRESSION,2,4,204,real,textual,coefficient,-1.2140276893973259,1.2140276893973259,negative,23,302,5
C_LOGISTIC_REGRESSION,2,4,119,help,textual,coefficient,1.2034449274472623,1.2034449274472623,positive,24,19,288
C_LOGISTIC_REGRESSION,2,4,90,exercise,textual,coefficient,1.1927991316174835,1.1927991316174835,positive,25,20,287
C_LOGISTIC_REGRESSION,2,4,159,lot,textual,coefficient,1.173786592130117,1.173786592130117,positive,26,21,286
C_LOGISTIC_REGRESSION,2,4,86,everybody,textual,coefficient,1.1169714961309425,1.1169714961309425,positive,27,22,285
C_LOGISTIC_REGRESSION,2,4,169,mean,textual,coefficient,1.0895119220901355,1.0895119220901355,positive,28,23,284
C_LOGISTIC_REGRESSION,2,4,273,trouble,textual,coefficient,1.0796539949029758,1.0796539949029758,positive,29,24,283
C_LOGISTIC_REGRESSION,2,4,73,don know,textual,coefficient,1.037068983613736,1.037068983613736,positive,30,25,282
C_LOGISTIC_REGRESSION,2,4,5,add,textual,coefficient,1.026717404515034,1.026717404515034,positive,31,26,281
C_LOGISTIC_REGRESSION,2,4,128,important,textual,coefficient,-1.0201448986357755,1.0201448986357755,negative,32,301,6
C_LOGISTIC_REGRESSION,2,4,23,attention,textual,coefficient,-1.018902930599425,1.018902930599425,negative,33,300,7
C_LOGISTIC_REGRESSION,2,4,259,test,textual,coefficient,1.0154232735409627,1.0154232735409627,positive,34,27,280
C_LOGISTIC_REGRESSION,2,4,297,years,textual,coefficient,1.015282649128613,1.015282649128613,positive,35,28,279
C_LOGISTIC_REGRESSION,2,4,141,just,textual,coefficient,-0.9990905660081666,0.9990905660081666,negative,36,299,8
C_LOGISTIC_REGRESSION,2,4,289,want,textual,coefficient,0.9808542416706492,0.9808542416706492,positive,37,29,278
C_LOGISTIC_REGRESSION,2,4,261,thing,textual,coefficient,0.9735206220418896,0.9735206220418896,positive,38,30,277
C_LOGISTIC_REGRESSION,2,4,237,stimulant,textual,coefficient,-0.9726229922596208,0.9726229922596208,negative,39,298,9
C_LOGISTIC_REGRESSION,2,4,42,child,textual,coefficient,0.9654322126785294,0.9654322126785294,positive,40,31,276
C_LOGISTIC_REGRESSION,2,4,241,struggle,textual,coefficient,0.930914251279143,0.930914251279143,positive,41,32,275
C_LOGISTIC_REGRESSION,2,4,0,10,textual,coefficient,0.92798957704591,0.92798957704591,positive,42,33,274
C_LOGISTIC_REGRESSION,2,4,279,uh,textual,coefficient,-0.9262555061107394,0.9262555061107394,negative,43,297,10
C_LOGISTIC_REGRESSION,2,4,68,doctor,textual,coefficient,-0.9143389258552002,0.9143389258552002,negative,44,296,11
C_LOGISTIC_REGRESSION,2,4,57,diagnosis,textual,coefficient,-0.9026716365378433,0.9026716365378433,negative,45,295,12
C_LOGISTIC_REGRESSION,2,4,192,people,textual,coefficient,0.9006705786011959,0.9006705786011959,positive,46,34,273
C_LOGISTIC_REGRESSION,2,4,88,executive,textual,coefficient,-0.8986525520355537,0.8986525520355537,negative,47,294,13
C_LOGISTIC_REGRESSION,2,4,245,sugar,textual,coefficient,-0.8813208250315384,0.8813208250315384,negative,48,293,14
C_LOGISTIC_REGRESSION,2,4,8,adhd autism,textual,coefficient,0.8807063615251643,0.8807063615251643,positive,49,35,272
C_LOGISTIC_REGRESSION,2,4,46,common,textual,coefficient,-0.8754348029055458,0.8754348029055458,negative,50,292,15
C_LOGISTIC_REGRESSION,2,4,256,tell,textual,coefficient,-0.8723675111480053,0.8723675111480053,negative,51,291,16
C_LOGISTIC_REGRESSION,2,4,292,women,textual,coefficient,-0.8646755962119561,0.8646755962119561,negative,52,290,17
C_LOGISTIC_REGRESSION,2,4,198,probably,textual,coefficient,-0.8598178940221092,0.8598178940221092,negative,53,289,18
C_LOGISTIC_REGRESSION,2,4,81,emotional,textual,coefficient,0.8593041643477798,0.8593041643477798,positive,54,36,271
C_LOGISTIC_REGRESSION,2,4,32,better,textual,coefficient,-0.8544623262814353,0.8544623262814353,negative,55,288,19
C_LOGISTIC_REGRESSION,2,4,287,video,textual,coefficient,0.8404673092133427,0.8404673092133427,positive,56,37,270
C_LOGISTIC_REGRESSION,2,4,74,dopamine,textual,coefficient,0.8288928912826464,0.8288928912826464,positive,57,38,269
C_LOGISTIC_REGRESSION,2,4,248,sure,textual,coefficient,-0.8205206217609242,0.8205206217609242,negative,58,287,20
C_LOGISTIC_REGRESSION,2,4,124,home,textual,coefficient,0.8167625543633421,0.8167625543633421,positive,59,39,268
C_LOGISTIC_REGRESSION,2,4,82,emotions,textual,coefficient,-0.816329140094566,0.816329140094566,negative,60,286,21
C_LOGISTIC_REGRESSION,2,4,145,kind,textual,coefficient,-0.8086062823456319,0.8086062823456319,negative,61,285,22
C_LOGISTIC_REGRESSION,2,4,25,autistic,textual,coefficient,0.7961185384388935,0.7961185384388935,positive,62,40,267
C_LOGISTIC_REGRESSION,2,4,112,got,textual,coefficient,0.7920621099793695,0.7920621099793695,positive,63,41,266
C_LOGISTIC_REGRESSION,2,4,50,control,textual,coefficient,-0.7919690389879871,0.7919690389879871,negative,64,284,23
C_LOGISTIC_REGRESSION,2,4,96,feel like,textual,coefficient,-0.7869444578594066,0.7869444578594066,negative,65,283,24
C_LOGISTIC_REGRESSION,2,4,296,yeah,textual,coefficient,-0.7797815030045352,0.7797815030045352,negative,66,282,25
C_LOGISTIC_REGRESSION,2,4,158,look,textual,coefficient,-0.7744391034758609,0.7744391034758609,negative,67,281,26
C_LOGISTIC_REGRESSION,2,4,215,school,textual,coefficient,-0.772518003521109,0.772518003521109,negative,68,280,27
C_LOGISTIC_REGRESSION,2,4,34,bit,textual,coefficient,-0.771806014744635,0.771806014744635,negative,69,279,28
C_LOGISTIC_REGRESSION,2,4,114,hard,textual,coefficient,-0.7714492497721134,0.7714492497721134,negative,70,278,29
C_LOGISTIC_REGRESSION,2,4,257,tend,textual,coefficient,-0.7710380910903906,0.7710380910903906,negative,71,277,30
C_LOGISTIC_REGRESSION,2,4,302,likes,engagement_or_format,coefficient,0.7685502621252595,0.7685502621252595,positive,72,42,265
C_LOGISTIC_REGRESSION,2,4,246,supplements,textual,coefficient,-0.7579682659205739,0.7579682659205739,negative,73,276,31
C_LOGISTIC_REGRESSION,2,4,139,issues,textual,coefficient,-0.7566233480282671,0.7566233480282671,negative,74,275,32
C_LOGISTIC_REGRESSION,2,4,110,going,textual,coefficient,0.7564464718126822,0.7564464718126822,positive,75,43,264
C_LOGISTIC_REGRESSION,2,4,80,effects,textual,coefficient,-0.7276907509194543,0.7276907509194543,negative,76,274,33
C_LOGISTIC_REGRESSION,2,4,13,adhd real,textual,coefficient,-0.7265167728206509,0.7265167728206509,negative,77,273,34
C_LOGISTIC_REGRESSION,2,4,126,hyperactivity,textual,coefficient,-0.7260737118163778,0.7260737118163778,negative,78,272,35
C_LOGISTIC_REGRESSION,2,4,212,right,textual,coefficient,0.7256525758496405,0.7256525758496405,positive,79,44,263
C_LOGISTIC_REGRESSION,2,4,290,way,textual,coefficient,0.7182122775478144,0.7182122775478144,positive,80,45,262
C_LOGISTIC_REGRESSION,2,4,43,children,textual,coefficient,0.7159868338017648,0.7159868338017648,positive,81,46,261
C_LOGISTIC_REGRESSION,2,4,153,little,textual,coefficient,-0.7085096886986155,0.7085096886986155,negative,82,271,36
C_LOGISTIC_REGRESSION,2,4,16,adhd women,textual,coefficient,-0.7040657128139687,0.7040657128139687,negative,83,270,37
C_LOGISTIC_REGRESSION,2,4,131,inattentive,textual,coefficient,-0.7034866228284817,0.7034866228284817,negative,84,269,38
C_LOGISTIC_REGRESSION,2,4,285,usually,textual,coefficient,0.6998458976033461,0.6998458976033461,positive,85,47,260
C_LOGISTIC_REGRESSION,2,4,18,adults,textual,coefficient,0.6972741704392379,0.6972741704392379,positive,86,48,259
C_LOGISTIC_REGRESSION,2,4,188,okay,textual,coefficient,-0.690127846457045,0.690127846457045,negative,87,268,39
C_LOGISTIC_REGRESSION,2,4,223,sensory,textual,coefficient,-0.686829100788209,0.686829100788209,negative,88,267,40
C_LOGISTIC_REGRESSION,2,4,102,food,textual,coefficient,-0.6779665263256958,0.6779665263256958,negative,89,266,41
C_LOGISTIC_REGRESSION,2,4,103,foods,textual,coefficient,-0.6777361738604902,0.6777361738604902,negative,90,265,42
C_LOGISTIC_REGRESSION,2,4,129,impulsive,textual,coefficient,-0.6621322039338562,0.6621322039338562,negative,91,264,43
C_LOGISTIC_REGRESSION,2,4,125,hyperactive,textual,coefficient,-0.6603456667615493,0.6603456667615493,negative,92,263,44
C_LOGISTIC_REGRESSION,2,4,113,happens,textual,coefficient,-0.6591399927237653,0.6591399927237653,negative,93,262,45
C_LOGISTIC_REGRESSION,2,4,220,sense,textual,coefficient,0.6573781271607888,0.6573781271607888,positive,94,49,258
C_LOGISTIC_REGRESSION,2,4,207,regulation,textual,coefficient,-0.6494138862090277,0.6494138862090277,negative,95,261,46
C_LOGISTIC_REGRESSION,2,4,173,meds,textual,coefficient,-0.6478543419019257,0.6478543419019257,negative,96,260,47
C_LOGISTIC_REGRESSION,2,4,140,job,textual,coefficient,-0.6477927289843356,0.6477927289843356,negative,97,259,48
C_LOGISTIC_REGRESSION,2,4,133,increase,textual,coefficient,0.6459503908832892,0.6459503908832892,positive,98,50,257
C_LOGISTIC_REGRESSION,2,4,49,constantly,textual,coefficient,-0.6440988772580613,0.6440988772580613,negative,99,258,49
C_LOGISTIC_REGRESSION,2,4,83,end,textual,coefficient,0.6385388090319843,0.6385388090319843,positive,100,51,256
C_LOGISTIC_REGRESSION,2,4,183,neurotypical,textual,coefficient,-0.6358694032256621,0.6358694032256621,negative,101,257,50
C_LOGISTIC_REGRESSION,2,4,107,function,textual,coefficient,-0.6345920186262409,0.6345920186262409,negative,102,256,51
C_LOGISTIC_REGRESSION,2,4,120,helpful,textual,coefficient,-0.6338964960814486,0.6338964960814486,negative,103,255,52
C_LOGISTIC_REGRESSION,2,4,37,brains,textual,coefficient,-0.6328201746985902,0.6328201746985902,negative,104,254,53
C_LOGISTIC_REGRESSION,2,4,244,study,textual,coefficient,-0.6303264436820311,0.6303264436820311,negative,105,253,54
C_LOGISTIC_REGRESSION,2,4,7,adhd adhd,textual,coefficient,0.6299154825882959,0.6299154825882959,positive,106,52,255
C_LOGISTIC_REGRESSION,2,4,87,example,textual,coefficient,-0.6293413207816695,0.6293413207816695,negative,107,252,55
C_LOGISTIC_REGRESSION,2,4,186,number,textual,coefficient,0.6292050124896713,0.6292050124896713,positive,108,53,254
C_LOGISTIC_REGRESSION,2,4,91,experience,textual,coefficient,-0.6262415249572674,0.6262415249572674,negative,109,251,56
C_LOGISTIC_REGRESSION,2,4,205,really,textual,coefficient,0.6255137907898132,0.6255137907898132,positive,110,54,253
C_LOGISTIC_REGRESSION,2,4,189,overwhelmed,textual,coefficient,-0.6230478483787744,0.6230478483787744,negative,111,250,57
C_LOGISTIC_REGRESSION,2,4,92,explain,textual,coefficient,0.6221382811210023,0.6221382811210023,positive,112,55,252
C_LOGISTIC_REGRESSION,2,4,21,answer,textual,coefficient,-0.6216435821363718,0.6216435821363718,negative,113,249,58
C_LOGISTIC_REGRESSION,2,4,66,disorders,textual,coefficient,-0.6111297404216863,0.6111297404216863,negative,114,248,59
C_LOGISTIC_REGRESSION,2,4,111,good,textual,coefficient,-0.6101585833222495,0.6101585833222495,negative,115,247,60
C_LOGISTIC_REGRESSION,2,4,98,feelings,textual,coefficient,-0.5968523964127485,0.5968523964127485,negative,116,246,61
C_LOGISTIC_REGRESSION,2,4,255,tasks,textual,coefficient,-0.5944040062561737,0.5944040062561737,negative,117,245,62
C_LOGISTIC_REGRESSION,2,4,170,means,textual,coefficient,0.5901677820729645,0.5901677820729645,positive,118,56,251
C_LOGISTIC_REGRESSION,2,4,55,diagnosed,textual,coefficient,-0.589265183292953,0.589265183292953,negative,119,244,63
C_LOGISTIC_REGRESSION,2,4,230,signs adhd,textual,coefficient,0.5878366124464663,0.5878366124464663,positive,120,57,250
C_LOGISTIC_REGRESSION,2,4,154,little bit,textual,coefficient,-0.587644257864326,0.587644257864326,negative,121,243,64
C_LOGISTIC_REGRESSION,2,4,116,having,textual,coefficient,-0.5874638019757313,0.5874638019757313,negative,122,242,65
C_LOGISTIC_REGRESSION,2,4,265,thinking,textual,coefficient,-0.5861494477173345,0.5861494477173345,negative,123,241,66
C_LOGISTIC_REGRESSION,2,4,70,doesn,textual,coefficient,-0.5817429801742039,0.5817429801742039,negative,124,240,67
C_LOGISTIC_REGRESSION,2,4,251,taking,textual,coefficient,-0.5813879493588517,0.5813879493588517,negative,125,239,68
C_LOGISTIC_REGRESSION,2,4,38,care,textual,coefficient,-0.5774554095043978,0.5774554095043978,negative,126,238,69
C_LOGISTIC_REGRESSION,2,4,65,disorder,textual,coefficient,-0.5744429225467943,0.5744429225467943,negative,127,237,70
C_LOGISTIC_REGRESSION,2,4,269,treat,textual,coefficient,-0.5696037078601597,0.5696037078601597,negative,128,236,71
C_LOGISTIC_REGRESSION,2,4,182,needs,textual,coefficient,-0.5651415308309087,0.5651415308309087,negative,129,235,72
C_LOGISTIC_REGRESSION,2,4,275,trying,textual,coefficient,-0.5644378795442558,0.5644378795442558,negative,130,234,73
C_LOGISTIC_REGRESSION,2,4,132,include,textual,coefficient,-0.5631971055401287,0.5631971055401287,negative,131,233,74
C_LOGISTIC_REGRESSION,2,4,210,relationships,textual,coefficient,-0.5618408475050981,0.5618408475050981,negative,132,232,75
C_LOGISTIC_REGRESSION,2,4,250,symptoms adhd,textual,coefficient,-0.5612018048265079,0.5612018048265079,negative,133,231,76
C_LOGISTIC_REGRESSION,2,4,178,moving,textual,coefficient,-0.5593048795543138,0.5593048795543138,negative,134,230,77
C_LOGISTIC_REGRESSION,2,4,288,wait,textual,coefficient,-0.5576106760388112,0.5576106760388112,negative,135,229,78
C_LOGISTIC_REGRESSION,2,4,191,patients,textual,coefficient,-0.5573739788208684,0.5573739788208684,negative,136,228,79
C_LOGISTIC_REGRESSION,2,4,277,type,textual,coefficient,0.5549816293669354,0.5549816293669354,positive,137,58,249
C_LOGISTIC_REGRESSION,2,4,280,um,textual,coefficient,-0.5526448110463692,0.5526448110463692,negative,138,227,80
C_LOGISTIC_REGRESSION,2,4,12,adhd medication,textual,coefficient,-0.5479309288455464,0.5479309288455464,negative,139,226,81
C_LOGISTIC_REGRESSION,2,4,147,late,textual,coefficient,-0.5433448807371555,0.5433448807371555,negative,140,225,82
C_LOGISTIC_REGRESSION,2,4,53,deficit,textual,coefficient,-0.5394016449769024,0.5394016449769024,negative,141,224,83
C_LOGISTIC_REGRESSION,2,4,206,recommend,textual,coefficient,0.5352216061190987,0.5352216061190987,positive,142,59,248
C_LOGISTIC_REGRESSION,2,4,52,day,textual,coefficient,-0.531347304255205,0.531347304255205,negative,143,223,84
C_LOGISTIC_REGRESSION,2,4,156,long,textual,coefficient,-0.5254198872088224,0.5254198872088224,negative,144,222,85
C_LOGISTIC_REGRESSION,2,4,295,world,textual,coefficient,0.5232293892629112,0.5232293892629112,positive,145,60,247
C_LOGISTIC_REGRESSION,2,4,149,let,textual,coefficient,-0.5182526596614373,0.5182526596614373,negative,146,221,86
C_LOGISTIC_REGRESSION,2,4,93,explained,textual,coefficient,-0.5175918286388485,0.5175918286388485,negative,147,220,87
C_LOGISTIC_REGRESSION,2,4,165,make sure,textual,coefficient,-0.5161640738039098,0.5161640738039098,negative,148,219,88
C_LOGISTIC_REGRESSION,2,4,15,adhd symptoms,textual,coefficient,-0.5133770350765845,0.5133770350765845,negative,149,218,89
C_LOGISTIC_REGRESSION,2,4,176,mood,textual,coefficient,-0.5131628740876235,0.5131628740876235,negative,150,217,90
C_LOGISTIC_REGRESSION,2,4,235,somebody,textual,coefficient,-0.5128548065426503,0.5128548065426503,negative,151,216,91
C_LOGISTIC_REGRESSION,2,4,4,actually,textual,coefficient,0.5123761655661335,0.5123761655661335,positive,152,61,246
C_LOGISTIC_REGRESSION,2,4,51,criteria,textual,coefficient,-0.5080724430707318,0.5080724430707318,negative,153,215,92
C_LOGISTIC_REGRESSION,2,4,272,treatment,textual,coefficient,-0.5076149096789286,0.5076149096789286,negative,154,214,93
C_LOGISTIC_REGRESSION,2,4,300,certainty_score,handcrafted_linguistic,coefficient,0.5045079021302548,0.5045079021302548,positive,155,62,245
C_LOGISTIC_REGRESSION,2,4,3,activity,textual,coefficient,-0.4980450631136601,0.4980450631136601,negative,156,213,94
C_LOGISTIC_REGRESSION,2,4,167,making,textual,coefficient,-0.4931101601007619,0.4931101601007619,negative,157,212,95
C_LOGISTIC_REGRESSION,2,4,44,come,textual,coefficient,-0.4922035148951282,0.4922035148951282,negative,158,211,96
C_LOGISTIC_REGRESSION,2,4,101,follow,textual,coefficient,-0.48783128223372907,0.48783128223372907,negative,159,210,97
C_LOGISTIC_REGRESSION,2,4,77,easily,textual,coefficient,-0.48683418584787125,0.48683418584787125,negative,160,209,98
C_LOGISTIC_REGRESSION,2,4,236,start,textual,coefficient,-0.4858939491616386,0.4858939491616386,negative,161,208,99
C_LOGISTIC_REGRESSION,2,4,10,adhd diagnosis,textual,coefficient,-0.4852722242646889,0.4852722242646889,negative,162,207,100
C_LOGISTIC_REGRESSION,2,4,219,self,textual,coefficient,0.4851035817771635,0.4851035817771635,positive,163,63,244
C_LOGISTIC_REGRESSION,2,4,228,shown,textual,coefficient,-0.4818070675841851,0.4818070675841851,negative,164,206,101
C_LOGISTIC_REGRESSION,2,4,67,distracted,textual,coefficient,-0.47959161563642516,0.47959161563642516,negative,165,205,102
C_LOGISTIC_REGRESSION,2,4,71,doing,textual,coefficient,0.4795472125484338,0.4795472125484338,positive,166,64,243
C_LOGISTIC_REGRESSION,2,4,247,support,textual,coefficient,-0.46929237585825606,0.46929237585825606,negative,167,204,103
C_LOGISTIC_REGRESSION,2,4,76,dysfunction,textual,coefficient,0.46889167980741214,0.46889167980741214,positive,168,65,242
C_LOGISTIC_REGRESSION,2,4,184,neurotypical person,textual,coefficient,-0.46712404149397857,0.46712404149397857,negative,169,203,104
C_LOGISTIC_REGRESSION,2,4,172,medications,textual,coefficient,-0.46450218722919345,0.46450218722919345,negative,170,202,105
C_LOGISTIC_REGRESSION,2,4,195,phone,textual,coefficient,0.46325259490658444,0.46325259490658444,positive,171,66,241
C_LOGISTIC_REGRESSION,2,4,304,views,engagement_or_format,coefficient,-0.46034550543483493,0.46034550543483493,negative,172,201,106
C_LOGISTIC_REGRESSION,2,4,232,sleep,textual,coefficient,-0.45715165734204266,0.45715165734204266,negative,173,200,107
C_LOGISTIC_REGRESSION,2,4,208,rejection,textual,coefficient,-0.45687460379274525,0.45687460379274525,negative,174,199,108
C_LOGISTIC_REGRESSION,2,4,19,affect,textual,coefficient,-0.45499627217402666,0.45499627217402666,negative,175,198,109
C_LOGISTIC_REGRESSION,2,4,89,executive dysfunction,textual,coefficient,-0.4471165988157073,0.4471165988157073,negative,176,197,110
C_LOGISTIC_REGRESSION,2,4,266,time,textual,coefficient,-0.4458680355529225,0.4458680355529225,negative,177,196,111
C_LOGISTIC_REGRESSION,2,4,240,strategies,textual,coefficient,-0.4408932916315575,0.4408932916315575,negative,178,195,112
C_LOGISTIC_REGRESSION,2,4,278,types,textual,coefficient,-0.4403751230583433,0.4403751230583433,negative,179,194,113
C_LOGISTIC_REGRESSION,2,4,127,impact,textual,coefficient,-0.43884026190155856,0.43884026190155856,negative,180,193,114
C_LOGISTIC_REGRESSION,2,4,187,oh,textual,coefficient,-0.4373407468935842,0.4373407468935842,negative,181,192,115
C_LOGISTIC_REGRESSION,2,4,135,instead,textual,coefficient,-0.4373382965155516,0.4373382965155516,negative,182,191,116
C_LOGISTIC_REGRESSION,2,4,283,understanding,textual,coefficient,-0.4370340639034868,0.4370340639034868,negative,183,190,117
C_LOGISTIC_REGRESSION,2,4,146,know,textual,coefficient,0.4364334876752629,0.4364334876752629,positive,184,67,240
C_LOGISTIC_REGRESSION,2,4,243,struggling,textual,coefficient,-0.433782451902397,0.433782451902397,negative,185,189,118
C_LOGISTIC_REGRESSION,2,4,136,intense,textual,coefficient,-0.42882476016723114,0.42882476016723114,negative,186,188,119
C_LOGISTIC_REGRESSION,2,4,115,harder,textual,coefficient,-0.41759469624781387,0.41759469624781387,negative,187,187,120
C_LOGISTIC_REGRESSION,2,4,161,lots,textual,coefficient,-0.41666707386206703,0.41666707386206703,negative,188,186,121
C_LOGISTIC_REGRESSION,2,4,216,second,textual,coefficient,-0.4128218959447419,0.4128218959447419,negative,189,185,122
C_LOGISTIC_REGRESSION,2,4,258,term,textual,coefficient,-0.4047351942013589,0.4047351942013589,negative,190,184,123
C_LOGISTIC_REGRESSION,2,4,242,struggles,textual,coefficient,-0.4025895361904109,0.4025895361904109,negative,191,183,124
C_LOGISTIC_REGRESSION,2,4,130,impulsivity,textual,coefficient,-0.3988252601719978,0.3988252601719978,negative,192,182,125
C_LOGISTIC_REGRESSION,2,4,40,challenges,textual,coefficient,-0.3985170244196085,0.3985170244196085,negative,193,181,126
C_LOGISTIC_REGRESSION,2,4,181,need,textual,coefficient,-0.39548818924229323,0.39548818924229323,negative,194,180,127
C_LOGISTIC_REGRESSION,2,4,190,parents,textual,coefficient,-0.39087083858053967,0.39087083858053967,negative,195,179,128
C_LOGISTIC_REGRESSION,2,4,218,seen,textual,coefficient,-0.3891944615142312,0.3891944615142312,negative,196,178,129
C_LOGISTIC_REGRESSION,2,4,222,sensitivity,textual,coefficient,-0.38836969561243,0.38836969561243,negative,197,177,130
C_LOGISTIC_REGRESSION,2,4,168,management,textual,coefficient,-0.3848471457931063,0.3848471457931063,negative,198,176,131
C_LOGISTIC_REGRESSION,2,4,260,therapy,textual,coefficient,0.3845266374497645,0.3845266374497645,positive,199,68,239
C_LOGISTIC_REGRESSION,2,4,33,big,textual,coefficient,0.3814917571501468,0.3814917571501468,positive,200,69,238
C_LOGISTIC_REGRESSION,2,4,142,keeping,textual,coefficient,0.3756585855144148,0.3756585855144148,positive,201,70,237
C_LOGISTIC_REGRESSION,2,4,121,helps,textual,coefficient,-0.3688600490706595,0.3688600490706595,negative,202,175,132
C_LOGISTIC_REGRESSION,2,4,143,key,textual,coefficient,-0.36680889764655916,0.36680889764655916,negative,203,174,133
C_LOGISTIC_REGRESSION,2,4,305,duration_sec,engagement_or_format,coefficient,-0.3619253166961296,0.3619253166961296,negative,204,173,134
C_LOGISTIC_REGRESSION,2,4,30,behaviors,textual,coefficient,-0.3592824462814031,0.3592824462814031,negative,205,172,135
C_LOGISTIC_REGRESSION,2,4,166,makes,textual,coefficient,-0.3590102087783566,0.3590102087783566,negative,206,171,136
C_LOGISTIC_REGRESSION,2,4,47,complete,textual,coefficient,-0.35737942111498583,0.35737942111498583,negative,207,170,137
C_LOGISTIC_REGRESSION,2,4,69,does,textual,coefficient,-0.3572840356546434,0.3572840356546434,negative,208,169,138
C_LOGISTIC_REGRESSION,2,4,193,people adhd,textual,coefficient,-0.35576203319726035,0.35576203319726035,negative,209,168,139
C_LOGISTIC_REGRESSION,2,4,175,mind,textual,coefficient,-0.3505604165707345,0.3505604165707345,negative,210,167,140
C_LOGISTIC_REGRESSION,2,4,199,problem,textual,coefficient,0.3441881945868317,0.3441881945868317,positive,211,71,236
C_LOGISTIC_REGRESSION,2,4,104,forget,textual,coefficient,-0.3422429318182039,0.3422429318182039,negative,212,166,141
C_LOGISTIC_REGRESSION,2,4,180,natural,textual,coefficient,0.34061378323967795,0.34061378323967795,positive,213,72,235
C_LOGISTIC_REGRESSION,2,4,268,traits,textual,coefficient,-0.3388982914891564,0.3388982914891564,negative,214,165,142
C_LOGISTIC_REGRESSION,2,4,264,think,textual,coefficient,-0.3350974378324854,0.3350974378324854,negative,215,164,143
C_LOGISTIC_REGRESSION,2,4,94,fact,textual,coefficient,-0.3284564925182469,0.3284564925182469,negative,216,163,144
C_LOGISTIC_REGRESSION,2,4,11,adhd just,textual,coefficient,-0.3282118167794324,0.3282118167794324,negative,217,162,145
C_LOGISTIC_REGRESSION,2,4,200,problems,textual,coefficient,-0.3272323547853142,0.3272323547853142,negative,218,161,146
C_LOGISTIC_REGRESSION,2,4,294,works,textual,coefficient,0.3266440728246573,0.3266440728246573,positive,219,73,234
C_LOGISTIC_REGRESSION,2,4,137,iron,textual,coefficient,-0.32286646887413556,0.32286646887413556,negative,220,160,147
C_LOGISTIC_REGRESSION,2,4,100,focusing,textual,coefficient,0.3183482316778763,0.3183482316778763,positive,221,74,233
C_LOGISTIC_REGRESSION,2,4,301,hedge_score,handcrafted_linguistic,coefficient,-0.3130916565655796,0.3130916565655796,negative,222,159,148
C_LOGISTIC_REGRESSION,2,4,20,affects,textual,coefficient,-0.31261999226479126,0.31261999226479126,negative,223,158,149
C_LOGISTIC_REGRESSION,2,4,29,behavioral,textual,coefficient,-0.2952285268247966,0.2952285268247966,negative,224,157,150
C_LOGISTIC_REGRESSION,2,4,17,adult,textual,coefficient,-0.2927807390501506,0.2927807390501506,negative,225,156,151
C_LOGISTIC_REGRESSION,2,4,39,cause,textual,coefficient,-0.29164046429279256,0.29164046429279256,negative,226,155,152
C_LOGISTIC_REGRESSION,2,4,281,unable,textual,coefficient,-0.28721740723300676,0.28721740723300676,negative,227,154,153
C_LOGISTIC_REGRESSION,2,4,194,person,textual,coefficient,-0.27886000409016587,0.27886000409016587,negative,228,153,154
C_LOGISTIC_REGRESSION,2,4,85,especially,textual,coefficient,0.2735571759029121,0.2735571759029121,positive,229,75,232
C_LOGISTIC_REGRESSION,2,4,197,present,textual,coefficient,-0.2732830686104879,0.2732830686104879,negative,230,152,155
C_LOGISTIC_REGRESSION,2,4,276,turn,textual,coefficient,-0.27204282566206456,0.27204282566206456,negative,231,151,156
C_LOGISTIC_REGRESSION,2,4,234,social,textual,coefficient,-0.26994144306751333,0.26994144306751333,negative,232,150,157
C_LOGISTIC_REGRESSION,2,4,271,treating adhd,textual,coefficient,0.2682874744775987,0.2682874744775987,positive,233,76,231
C_LOGISTIC_REGRESSION,2,4,48,condition,textual,coefficient,-0.26165708315237335,0.26165708315237335,negative,234,149,158
C_LOGISTIC_REGRESSION,2,4,254,task,textual,coefficient,0.2609420567931552,0.2609420567931552,positive,235,77,230
C_LOGISTIC_REGRESSION,2,4,227,short,textual,coefficient,-0.2595596959165896,0.2595596959165896,negative,236,148,159
C_LOGISTIC_REGRESSION,2,4,117,health,textual,coefficient,-0.25637045874262804,0.25637045874262804,negative,237,147,160
C_LOGISTIC_REGRESSION,2,4,174,mental,textual,coefficient,-0.24773487135664646,0.24773487135664646,negative,238,146,161
C_LOGISTIC_REGRESSION,2,4,58,diagnostic,textual,coefficient,-0.2459706755797892,0.2459706755797892,negative,239,145,162
C_LOGISTIC_REGRESSION,2,4,56,diagnosed adhd,textual,coefficient,-0.23533519169373865,0.23533519169373865,negative,240,144,163
C_LOGISTIC_REGRESSION,2,4,60,diet,textual,coefficient,-0.23277111763388425,0.23277111763388425,negative,241,143,164
C_LOGISTIC_REGRESSION,2,4,64,difficulty,textual,coefficient,-0.22868345287732442,0.22868345287732442,negative,242,142,165
C_LOGISTIC_REGRESSION,2,4,209,rejection sensitivity,textual,coefficient,-0.2279529072394237,0.2279529072394237,negative,243,141,166
C_LOGISTIC_REGRESSION,2,4,59,did,textual,coefficient,0.2197000717419204,0.2197000717419204,positive,244,78,229
C_LOGISTIC_REGRESSION,2,4,224,sep,textual,coefficient,0.21916163985092654,0.21916163985092654,positive,245,79,228
C_LOGISTIC_REGRESSION,2,4,157,long term,textual,coefficient,-0.2143960021546482,0.2143960021546482,negative,246,140,167
C_LOGISTIC_REGRESSION,2,4,185,non,textual,coefficient,-0.21317979827851688,0.21317979827851688,negative,247,139,168
C_LOGISTIC_REGRESSION,2,4,27,based,textual,coefficient,-0.21148956032734434,0.21148956032734434,negative,248,138,169
C_LOGISTIC_REGRESSION,2,4,152,likely,textual,coefficient,-0.20941576531920802,0.20941576531920802,negative,249,137,170
C_LOGISTIC_REGRESSION,2,4,78,eating,textual,coefficient,0.20125308208816908,0.20125308208816908,positive,250,80,227
C_LOGISTIC_REGRESSION,2,4,79,effective,textual,coefficient,-0.19987023744613142,0.19987023744613142,negative,251,136,171
C_LOGISTIC_REGRESSION,2,4,293,work,textual,coefficient,0.19849749458917487,0.19849749458917487,positive,252,81,226
C_LOGISTIC_REGRESSION,2,4,151,like,textual,coefficient,0.19594504504001556,0.19594504504001556,positive,253,82,225
C_LOGISTIC_REGRESSION,2,4,267,times,textual,coefficient,0.19051779374123418,0.19051779374123418,positive,254,83,224
C_LOGISTIC_REGRESSION,2,4,231,sit,textual,coefficient,0.18933959085018887,0.18933959085018887,positive,255,84,223
C_LOGISTIC_REGRESSION,2,4,284,use,textual,coefficient,-0.18399198357791152,0.18399198357791152,negative,256,135,172
C_LOGISTIC_REGRESSION,2,4,233,small,textual,coefficient,0.18077505950657097,0.18077505950657097,positive,257,85,222
C_LOGISTIC_REGRESSION,2,4,253,talking,textual,coefficient,-0.1790705413229208,0.1790705413229208,negative,258,134,173
C_LOGISTIC_REGRESSION,2,4,179,music,textual,coefficient,-0.174071549562905,0.174071549562905,negative,259,133,174
C_LOGISTIC_REGRESSION,2,4,282,understand,textual,coefficient,-0.17381439057062248,0.17381439057062248,negative,260,132,175
C_LOGISTIC_REGRESSION,2,4,270,treating,textual,coefficient,0.1683583527496067,0.1683583527496067,positive,261,86,221
C_LOGISTIC_REGRESSION,2,4,54,depression,textual,coefficient,0.16366774813712803,0.16366774813712803,positive,262,87,220
C_LOGISTIC_REGRESSION,2,4,298,इपर,textual,coefficient,-0.15599142391439513,0.15599142391439513,negative,263,130,176
C_LOGISTIC_REGRESSION,2,4,299,एक,textual,coefficient,-0.15599142391439513,0.15599142391439513,negative,263,130,176
C_LOGISTIC_REGRESSION,2,4,163,low,textual,coefficient,-0.15438350105571666,0.15438350105571666,negative,265,129,178
C_LOGISTIC_REGRESSION,2,4,203,quickly,textual,coefficient,-0.15426229098924293,0.15426229098924293,negative,266,128,179
C_LOGISTIC_REGRESSION,2,4,118,hear,textual,coefficient,-0.14803764222676927,0.14803764222676927,negative,267,127,180
C_LOGISTIC_REGRESSION,2,4,225,sep adhd,textual,coefficient,-0.14725955775566943,0.14725955775566943,negative,268,126,181
C_LOGISTIC_REGRESSION,2,4,144,kids,textual,coefficient,-0.14693451399803423,0.14693451399803423,negative,269,125,182
C_LOGISTIC_REGRESSION,2,4,24,autism,textual,coefficient,0.14573764328821703,0.14573764328821703,positive,270,88,219
C_LOGISTIC_REGRESSION,2,4,202,psychologist,textual,coefficient,-0.14134024461211797,0.14134024461211797,negative,271,124,183
C_LOGISTIC_REGRESSION,2,4,211,remember,textual,coefficient,-0.14020012283136798,0.14020012283136798,negative,272,123,184
C_LOGISTIC_REGRESSION,2,4,61,difference,textual,coefficient,0.13331007590616642,0.13331007590616642,positive,273,89,218
C_LOGISTIC_REGRESSION,2,4,263,things like,textual,coefficient,0.13020372363081525,0.13020372363081525,positive,274,90,217
C_LOGISTIC_REGRESSION,2,4,1,able,textual,coefficient,-0.12793623595961617,0.12793623595961617,negative,275,122,185
C_LOGISTIC_REGRESSION,2,4,162,love,textual,coefficient,-0.12447295050091528,0.12447295050091528,negative,276,121,186
C_LOGISTIC_REGRESSION,2,4,22,anxiety,textual,coefficient,0.11668999167239567,0.11668999167239567,positive,277,91,216
C_LOGISTIC_REGRESSION,2,4,45,comes,textual,coefficient,0.11588227316166295,0.11588227316166295,positive,278,92,215
C_LOGISTIC_REGRESSION,2,4,303,comments,engagement_or_format,coefficient,0.11529292907866431,0.11529292907866431,positive,279,93,214
C_LOGISTIC_REGRESSION,2,4,28,behavior,textual,coefficient,0.09822373360257831,0.09822373360257831,positive,280,94,213
C_LOGISTIC_REGRESSION,2,4,229,signs,textual,coefficient,-0.08963157271873166,0.08963157271873166,negative,281,120,187
C_LOGISTIC_REGRESSION,2,4,6,adhd,textual,coefficient,-0.0856682060302354,0.0856682060302354,negative,282,119,188
C_LOGISTIC_REGRESSION,2,4,31,best,textual,coefficient,0.08558707398524938,0.08558707398524938,positive,283,95,212
C_LOGISTIC_REGRESSION,2,4,164,make,textual,coefficient,0.08258102016177803,0.08258102016177803,positive,284,96,211
C_LOGISTIC_REGRESSION,2,4,134,information,textual,coefficient,0.0814881863320734,0.0814881863320734,positive,285,97,210
C_LOGISTIC_REGRESSION,2,4,238,stimulants,textual,coefficient,0.07939570526611137,0.07939570526611137,positive,286,98,209
C_LOGISTIC_REGRESSION,2,4,138,isn,textual,coefficient,-0.07846011232458219,0.07846011232458219,negative,287,118,189
C_LOGISTIC_REGRESSION,2,4,62,different,textual,coefficient,0.07844931504423913,0.07844931504423913,positive,288,99,208
C_LOGISTIC_REGRESSION,2,4,201,protein,textual,coefficient,-0.07117532364055129,0.07117532364055129,negative,289,117,190
C_LOGISTIC_REGRESSION,2,4,213,say,textual,coefficient,-0.06599931147257358,0.06599931147257358,negative,290,116,191
C_LOGISTIC_REGRESSION,2,4,97,feeling,textual,coefficient,0.0625591916971929,0.0625591916971929,positive,291,100,207
C_LOGISTIC_REGRESSION,2,4,291,ways,textual,coefficient,0.05366512894500465,0.05366512894500465,positive,292,101,206
C_LOGISTIC_REGRESSION,2,4,148,lead,textual,coefficient,-0.05214274291324973,0.05214274291324973,negative,293,115,192
C_LOGISTIC_REGRESSION,2,4,214,saying,textual,coefficient,0.0517193339387444,0.0517193339387444,positive,294,102,205
C_LOGISTIC_REGRESSION,2,4,2,activities,textual,coefficient,-0.04535568906400413,0.04535568906400413,negative,295,114,193
C_LOGISTIC_REGRESSION,2,4,150,life,textual,coefficient,-0.04432681141979714,0.04432681141979714,negative,296,113,194
C_LOGISTIC_REGRESSION,2,4,274,try,textual,coefficient,-0.044018806043364084,0.044018806043364084,negative,297,112,195
C_LOGISTIC_REGRESSION,2,4,217,seconds,textual,coefficient,-0.043483509517852674,0.043483509517852674,negative,298,111,196
C_LOGISTIC_REGRESSION,2,4,109,girls,textual,coefficient,-0.03920769797876615,0.03920769797876615,negative,299,110,197
C_LOGISTIC_REGRESSION,2,4,75,dr,textual,coefficient,0.038865567966683036,0.038865567966683036,positive,300,103,204
C_LOGISTIC_REGRESSION,2,4,122,high,textual,coefficient,0.03856421634984517,0.03856421634984517,positive,301,104,203
C_LOGISTIC_REGRESSION,2,4,252,talk,textual,coefficient,0.03395226884847257,0.03395226884847257,positive,302,105,202
C_LOGISTIC_REGRESSION,2,4,160,lot people,textual,coefficient,-0.016928609121083266,0.016928609121083266,negative,303,109,198
C_LOGISTIC_REGRESSION,2,4,41,check,textual,coefficient,0.0069197455902027544,0.0069197455902027544,positive,304,106,201
C_LOGISTIC_REGRESSION,2,4,108,getting,textual,coefficient,0.003707777154815481,0.003707777154815481,positive,305,107,200
C_LOGISTIC_REGRESSION,2,4,63,differently,textual,coefficient,0.0034670169769693677,0.0034670169769693677,positive,306,108,199
C_LOGISTIC_REGRESSION,3,1,35,brain,textual,coefficient,-2.0952806039361755,2.0952806039361755,negative,1,306,1
C_LOGISTIC_REGRESSION,3,1,6,adhd,textual,coefficient,2.053850600750421,2.053850600750421,positive,2,1,306
C_LOGISTIC_REGRESSION,3,1,69,don,textual,coefficient,-2.0216084585190837,2.0216084585190837,negative,3,305,2
C_LOGISTIC_REGRESSION,3,1,53,depression,textual,coefficient,-1.925662917667051,1.925662917667051,negative,4,304,3
C_LOGISTIC_REGRESSION,3,1,291,want,textual,coefficient,-1.722845860923634,1.722845860923634,negative,5,303,4
C_LOGISTIC_REGRESSION,3,1,112,harder,textual,coefficient,1.6406337806780151,1.6406337806780151,positive,6,2,305
C_LOGISTIC_REGRESSION,3,1,258,tasks,textual,coefficient,1.6263820532190612,1.6263820532190612,positive,7,3,304
C_LOGISTIC_REGRESSION,3,1,26,autism,textual,coefficient,1.581812872573427,1.581812872573427,positive,8,4,303
C_LOGISTIC_REGRESSION,3,1,45,common,textual,coefficient,1.5100526916723749,1.5100526916723749,positive,9,5,302
C_LOGISTIC_REGRESSION,3,1,206,problems,textual,coefficient,1.5029566717499852,1.5029566717499852,positive,10,6,301
C_LOGISTIC_REGRESSION,3,1,71,dopamine,textual,coefficient,-1.437446971334853,1.437446971334853,negative,11,302,5
C_LOGISTIC_REGRESSION,3,1,13,adhd medication,textual,coefficient,1.3902204979456854,1.3902204979456854,positive,12,7,300
C_LOGISTIC_REGRESSION,3,1,221,school,textual,coefficient,1.3881404418976417,1.3881404418976417,positive,13,8,299
C_LOGISTIC_REGRESSION,3,1,104,getting,textual,coefficient,1.3847300688072248,1.3847300688072248,positive,14,9,298
C_LOGISTIC_REGRESSION,3,1,61,difficulty,textual,coefficient,1.3823579885483988,1.3823579885483988,positive,15,10,297
C_LOGISTIC_REGRESSION,3,1,73,drugs,textual,coefficient,1.378465384367484,1.378465384367484,positive,16,11,296
C_LOGISTIC_REGRESSION,3,1,304,views,engagement_or_format,coefficient,1.3771004785032677,1.3771004785032677,positive,17,12,295
C_LOGISTIC_REGRESSION,3,1,126,impulsive,textual,coefficient,1.3657876066176482,1.3657876066176482,positive,18,13,294
C_LOGISTIC_REGRESSION,3,1,103,function,textual,coefficient,1.3367427223911523,1.3367427223911523,positive,19,14,293
C_LOGISTIC_REGRESSION,3,1,106,good,textual,coefficient,-1.3366240391139947,1.3366240391139947,negative,20,301,6
C_LOGISTIC_REGRESSION,3,1,215,rejection,textual,coefficient,-1.333376317910312,1.333376317910312,negative,21,300,7
C_LOGISTIC_REGRESSION,3,1,41,child,textual,coefficient,-1.329685300260262,1.329685300260262,negative,22,299,8
C_LOGISTIC_REGRESSION,3,1,226,sensitivity,textual,coefficient,-1.2906196498150087,1.2906196498150087,negative,23,298,9
C_LOGISTIC_REGRESSION,3,1,243,strategies,textual,coefficient,-1.2895864208529078,1.2895864208529078,negative,24,297,10
C_LOGISTIC_REGRESSION,3,1,55,diagnosis,textual,coefficient,1.2735402708561832,1.2735402708561832,positive,25,15,292
C_LOGISTIC_REGRESSION,3,1,52,deficit,textual,coefficient,-1.2690837493123155,1.2690837493123155,negative,26,296,11
C_LOGISTIC_REGRESSION,3,1,178,music,textual,coefficient,1.2687514154292734,1.2687514154292734,positive,27,16,291
C_LOGISTIC_REGRESSION,3,1,58,diet,textual,coefficient,-1.2587689979142935,1.2587689979142935,negative,28,295,12
C_LOGISTIC_REGRESSION,3,1,100,foods,textual,coefficient,-1.2470086192000538,1.2470086192000538,negative,29,294,13
C_LOGISTIC_REGRESSION,3,1,79,emotional,textual,coefficient,1.2427737757591806,1.2427737757591806,positive,30,17,290
C_LOGISTIC_REGRESSION,3,1,261,term,textual,coefficient,1.222130181323705,1.222130181323705,positive,31,18,289
C_LOGISTIC_REGRESSION,3,1,8,adhd autism,textual,coefficient,1.2027129143826483,1.2027129143826483,positive,32,19,288
C_LOGISTIC_REGRESSION,3,1,130,increase,textual,coefficient,-1.1993206335928714,1.1993206335928714,negative,33,293,14
C_LOGISTIC_REGRESSION,3,1,283,understanding,textual,coefficient,1.1915245002240888,1.1915245002240888,positive,34,20,287
C_LOGISTIC_REGRESSION,3,1,127,impulsivity,textual,coefficient,1.178434398795436,1.178434398795436,positive,35,21,286
C_LOGISTIC_REGRESSION,3,1,66,does,textual,coefficient,1.1745698106006095,1.1745698106006095,positive,36,22,285
C_LOGISTIC_REGRESSION,3,1,151,like adhd,textual,coefficient,1.1732140565387652,1.1732140565387652,positive,37,23,284
C_LOGISTIC_REGRESSION,3,1,209,quickly,textual,coefficient,1.15696487266989,1.15696487266989,positive,38,24,283
C_LOGISTIC_REGRESSION,3,1,205,problem,textual,coefficient,-1.1535905874198649,1.1535905874198649,negative,39,292,15
C_LOGISTIC_REGRESSION,3,1,207,protein,textual,coefficient,1.1522677254248315,1.1522677254248315,positive,40,25,282
C_LOGISTIC_REGRESSION,3,1,228,sep adhd,textual,coefficient,1.140360647521557,1.140360647521557,positive,41,26,281
C_LOGISTIC_REGRESSION,3,1,17,adhd women,textual,coefficient,-1.137952440718895,1.137952440718895,negative,42,291,16
C_LOGISTIC_REGRESSION,3,1,54,diagnosed,textual,coefficient,-1.1349710847403744,1.1349710847403744,negative,43,290,17
C_LOGISTIC_REGRESSION,3,1,11,adhd diagnosis,textual,coefficient,1.1275452428375008,1.1275452428375008,positive,44,27,280
C_LOGISTIC_REGRESSION,3,1,217,right,textual,coefficient,-1.1017706096936823,1.1017706096936823,negative,45,289,18
C_LOGISTIC_REGRESSION,3,1,114,health,textual,coefficient,1.0814067885950058,1.0814067885950058,positive,46,28,279
C_LOGISTIC_REGRESSION,3,1,264,thing,textual,coefficient,-1.079286915001489,1.079286915001489,negative,47,288,19
C_LOGISTIC_REGRESSION,3,1,234,sleep,textual,coefficient,1.0779652262579644,1.0779652262579644,positive,48,29,278
C_LOGISTIC_REGRESSION,3,1,262,test,textual,coefficient,-1.0730338099508108,1.0730338099508108,negative,49,287,20
C_LOGISTIC_REGRESSION,3,1,34,body,textual,coefficient,-1.0688314293501469,1.0688314293501469,negative,50,286,21
C_LOGISTIC_REGRESSION,3,1,67,doesn,textual,coefficient,-1.0564225566417944,1.0564225566417944,negative,51,285,22
C_LOGISTIC_REGRESSION,3,1,238,start,textual,coefficient,1.052482018849138,1.052482018849138,positive,52,30,277
C_LOGISTIC_REGRESSION,3,1,21,answer,textual,coefficient,1.043542452586884,1.043542452586884,positive,53,31,276
C_LOGISTIC_REGRESSION,3,1,276,trying,textual,coefficient,1.0429794971358417,1.0429794971358417,positive,54,32,275
C_LOGISTIC_REGRESSION,3,1,292,way,textual,coefficient,-1.0419879877910934,1.0419879877910934,negative,55,284,23
C_LOGISTIC_REGRESSION,3,1,289,video,textual,coefficient,-1.0381102616864593,1.0381102616864593,negative,56,283,24
C_LOGISTIC_REGRESSION,3,1,231,signs,textual,coefficient,1.0295969298586647,1.0295969298586647,positive,57,33,274
C_LOGISTIC_REGRESSION,3,1,111,hard,textual,coefficient,1.0215786390180686,1.0215786390180686,positive,58,34,273
C_LOGISTIC_REGRESSION,3,1,270,times,textual,coefficient,-1.0214662244584372,1.0214662244584372,negative,59,282,25
C_LOGISTIC_REGRESSION,3,1,30,best,textual,coefficient,1.0079941458551753,1.0079941458551753,positive,60,35,272
C_LOGISTIC_REGRESSION,3,1,179,natural,textual,coefficient,-1.0019130871341346,1.0019130871341346,negative,61,281,26
C_LOGISTIC_REGRESSION,3,1,201,point,textual,coefficient,-0.996535677412273,0.996535677412273,negative,62,280,27
C_LOGISTIC_REGRESSION,3,1,86,executive,textual,coefficient,0.9964394963063979,0.9964394963063979,positive,63,36,271
C_LOGISTIC_REGRESSION,3,1,279,uh,textual,coefficient,-0.9776047416633129,0.9776047416633129,negative,64,279,28
C_LOGISTIC_REGRESSION,3,1,99,food,textual,coefficient,-0.972671995467019,0.972671995467019,negative,65,278,29
C_LOGISTIC_REGRESSION,3,1,303,comments,engagement_or_format,coefficient,-0.959562924525982,0.959562924525982,negative,66,277,30
C_LOGISTIC_REGRESSION,3,1,38,care,textual,coefficient,-0.9515397535106346,0.9515397535106346,negative,67,276,31
C_LOGISTIC_REGRESSION,3,1,84,everybody,textual,coefficient,-0.9318399249274409,0.9318399249274409,negative,68,275,32
C_LOGISTIC_REGRESSION,3,1,250,support,textual,coefficient,0.9302251692879697,0.9302251692879697,positive,69,37,270
C_LOGISTIC_REGRESSION,3,1,94,feel like,textual,coefficient,0.9213531501418637,0.9213531501418637,positive,70,38,269
C_LOGISTIC_REGRESSION,3,1,51,day,textual,coefficient,-0.9072358221110123,0.9072358221110123,negative,71,274,33
C_LOGISTIC_REGRESSION,3,1,72,dr,textual,coefficient,-0.9044824767860463,0.9044824767860463,negative,72,273,34
C_LOGISTIC_REGRESSION,3,1,23,anxiety,textual,coefficient,0.9022824510423146,0.9022824510423146,positive,73,39,268
C_LOGISTIC_REGRESSION,3,1,97,focus,textual,coefficient,0.9012585832351598,0.9012585832351598,positive,74,40,267
C_LOGISTIC_REGRESSION,3,1,145,learn,textual,coefficient,0.9006247195044974,0.9006247195044974,positive,75,41,266
C_LOGISTIC_REGRESSION,3,1,214,regulation,textual,coefficient,0.8913483794162559,0.8913483794162559,positive,76,42,265
C_LOGISTIC_REGRESSION,3,1,0,10,textual,coefficient,-0.8827910428545971,0.8827910428545971,negative,77,272,35
C_LOGISTIC_REGRESSION,3,1,176,motivation,textual,coefficient,-0.8668620365710774,0.8668620365710774,negative,78,271,36
C_LOGISTIC_REGRESSION,3,1,302,likes,engagement_or_format,coefficient,-0.8664946692741908,0.8664946692741908,negative,79,270,37
C_LOGISTIC_REGRESSION,3,1,211,really,textual,coefficient,0.8642632373741377,0.8642632373741377,positive,80,43,264
C_LOGISTIC_REGRESSION,3,1,169,means,textual,coefficient,-0.8498017268397837,0.8498017268397837,negative,81,269,38
C_LOGISTIC_REGRESSION,3,1,47,condition,textual,coefficient,0.8465755755102297,0.8465755755102297,positive,82,44,263
C_LOGISTIC_REGRESSION,3,1,75,easily,textual,coefficient,0.8462966579192062,0.8462966579192062,positive,83,45,262
C_LOGISTIC_REGRESSION,3,1,22,answer sep,textual,coefficient,0.846072986009288,0.846072986009288,positive,84,46,261
C_LOGISTIC_REGRESSION,3,1,50,criteria,textual,coefficient,0.8460017379163524,0.8460017379163524,positive,85,47,260
C_LOGISTIC_REGRESSION,3,1,154,ll,textual,coefficient,-0.8364523667214028,0.8364523667214028,negative,86,268,39
C_LOGISTIC_REGRESSION,3,1,110,happens,textual,coefficient,-0.8338745807242576,0.8338745807242576,negative,87,267,40
C_LOGISTIC_REGRESSION,3,1,213,reduce,textual,coefficient,-0.8199741179784404,0.8199741179784404,negative,88,266,41
C_LOGISTIC_REGRESSION,3,1,229,short,textual,coefficient,-0.81702338406143,0.81702338406143,negative,89,265,42
C_LOGISTIC_REGRESSION,3,1,136,just,textual,coefficient,0.8083041208000844,0.8083041208000844,positive,90,48,259
C_LOGISTIC_REGRESSION,3,1,296,world,textual,coefficient,-0.8068200402927098,0.8068200402927098,negative,91,264,43
C_LOGISTIC_REGRESSION,3,1,48,constantly,textual,coefficient,0.7988314242923708,0.7988314242923708,positive,92,49,258
C_LOGISTIC_REGRESSION,3,1,14,adhd real,textual,coefficient,0.7846605907420355,0.7846605907420355,positive,93,50,257
C_LOGISTIC_REGRESSION,3,1,144,lead,textual,coefficient,-0.7646423400957674,0.7646423400957674,negative,94,263,44
C_LOGISTIC_REGRESSION,3,1,123,hyperactivity,textual,coefficient,-0.7583638833352606,0.7583638833352606,negative,95,262,45
C_LOGISTIC_REGRESSION,3,1,254,taking,textual,coefficient,0.7497201646510325,0.7497201646510325,positive,96,51,256
C_LOGISTIC_REGRESSION,3,1,78,effects,textual,coefficient,-0.7480585105651442,0.7480585105651442,negative,97,261,46
C_LOGISTIC_REGRESSION,3,1,186,oh,textual,coefficient,-0.7432839487608698,0.7432839487608698,negative,98,260,47
C_LOGISTIC_REGRESSION,3,1,63,disorders,textual,coefficient,0.7405029446805881,0.7405029446805881,positive,99,52,255
C_LOGISTIC_REGRESSION,3,1,168,mean,textual,coefficient,-0.739420584175434,0.739420584175434,negative,100,259,48
C_LOGISTIC_REGRESSION,3,1,190,patients,textual,coefficient,-0.7392306172411522,0.7392306172411522,negative,101,258,49
C_LOGISTIC_REGRESSION,3,1,129,inattentive,textual,coefficient,0.7370119585301551,0.7370119585301551,positive,102,53,254
C_LOGISTIC_REGRESSION,3,1,153,little,textual,coefficient,-0.7284372839680225,0.7284372839680225,negative,103,257,50
C_LOGISTIC_REGRESSION,3,1,193,people,textual,coefficient,0.722292279254517,0.722292279254517,positive,104,54,253
C_LOGISTIC_REGRESSION,3,1,216,remember,textual,coefficient,-0.7220126266125999,0.7220126266125999,negative,105,256,51
C_LOGISTIC_REGRESSION,3,1,274,trouble,textual,coefficient,0.7153505276715313,0.7153505276715313,positive,106,55,252
C_LOGISTIC_REGRESSION,3,1,29,behaviors,textual,coefficient,0.714812795883367,0.714812795883367,positive,107,56,251
C_LOGISTIC_REGRESSION,3,1,143,late,textual,coefficient,0.711996951825625,0.711996951825625,positive,108,57,250
C_LOGISTIC_REGRESSION,3,1,59,difference,textual,coefficient,0.703541853784587,0.703541853784587,positive,109,58,249
C_LOGISTIC_REGRESSION,3,1,9,adhd brain,textual,coefficient,-0.7016875689018255,0.7016875689018255,negative,110,255,52
C_LOGISTIC_REGRESSION,3,1,88,experts,textual,coefficient,0.7007849604206355,0.7007849604206355,positive,111,59,247
C_LOGISTIC_REGRESSION,3,1,89,experts answer,textual,coefficient,0.7007849604206355,0.7007849604206355,positive,111,59,247
C_LOGISTIC_REGRESSION,3,1,39,cause,textual,coefficient,-0.6999240538653421,0.6999240538653421,negative,113,254,53
C_LOGISTIC_REGRESSION,3,1,187,okay,textual,coefficient,-0.6969796126882247,0.6969796126882247,negative,114,253,54
C_LOGISTIC_REGRESSION,3,1,197,physical,textual,coefficient,-0.6929169166900264,0.6929169166900264,negative,115,252,55
C_LOGISTIC_REGRESSION,3,1,259,tell,textual,coefficient,-0.6913956319299482,0.6913956319299482,negative,116,251,56
C_LOGISTIC_REGRESSION,3,1,139,kids,textual,coefficient,0.6884622791920348,0.6884622791920348,positive,117,61,246
C_LOGISTIC_REGRESSION,3,1,133,iron,textual,coefficient,-0.6710279794345845,0.6710279794345845,negative,118,250,57
C_LOGISTIC_REGRESSION,3,1,224,self,textual,coefficient,-0.6669142732528824,0.6669142732528824,negative,119,249,58
C_LOGISTIC_REGRESSION,3,1,85,example,textual,coefficient,-0.6626109138144506,0.6626109138144506,negative,120,248,59
C_LOGISTIC_REGRESSION,3,1,246,struggling,textual,coefficient,0.6595542244656039,0.6595542244656039,positive,121,62,245
C_LOGISTIC_REGRESSION,3,1,122,hyperactive,textual,coefficient,0.6595331262269306,0.6595331262269306,positive,122,63,244
C_LOGISTIC_REGRESSION,3,1,4,actually,textual,coefficient,-0.6586819966771701,0.6586819966771701,negative,123,247,60
C_LOGISTIC_REGRESSION,3,1,108,great,textual,coefficient,-0.6532451077294256,0.6532451077294256,negative,124,246,61
C_LOGISTIC_REGRESSION,3,1,286,usually,textual,coefficient,-0.6458199131565882,0.6458199131565882,negative,125,245,62
C_LOGISTIC_REGRESSION,3,1,294,women,textual,coefficient,-0.6457675629242814,0.6457675629242814,negative,126,244,63
C_LOGISTIC_REGRESSION,3,1,148,life,textual,coefficient,0.6365767401540142,0.6365767401540142,positive,127,64,243
C_LOGISTIC_REGRESSION,3,1,161,low,textual,coefficient,-0.6294403384363741,0.6294403384363741,negative,128,243,64
C_LOGISTIC_REGRESSION,3,1,230,shorts,textual,coefficient,0.6201129802588013,0.6201129802588013,positive,129,65,242
C_LOGISTIC_REGRESSION,3,1,116,help,textual,coefficient,-0.6157567084590038,0.6157567084590038,negative,130,242,65
C_LOGISTIC_REGRESSION,3,1,271,treat,textual,coefficient,-0.6010634863894545,0.6010634863894545,negative,131,241,66
C_LOGISTIC_REGRESSION,3,1,19,adult,textual,coefficient,0.600539491286499,0.600539491286499,positive,132,66,241
C_LOGISTIC_REGRESSION,3,1,173,mental,textual,coefficient,0.5964228125297111,0.5964228125297111,positive,133,67,240
C_LOGISTIC_REGRESSION,3,1,182,neurotypical,textual,coefficient,0.5746022471785959,0.5746022471785959,positive,134,68,239
C_LOGISTIC_REGRESSION,3,1,200,playing,textual,coefficient,-0.5702722143887111,0.5702722143887111,negative,135,240,67
C_LOGISTIC_REGRESSION,3,1,135,issues,textual,coefficient,-0.5685265606224783,0.5685265606224783,negative,136,239,68
C_LOGISTIC_REGRESSION,3,1,257,task,textual,coefficient,-0.567603672708275,0.567603672708275,negative,137,238,69
C_LOGISTIC_REGRESSION,3,1,278,type,textual,coefficient,-0.5616578175783633,0.5616578175783633,negative,138,237,70
C_LOGISTIC_REGRESSION,3,1,267,think,textual,coefficient,0.545203004229768,0.545203004229768,positive,139,69,238
C_LOGISTIC_REGRESSION,3,1,113,having,textual,coefficient,0.5335170384375956,0.5335170384375956,positive,140,70,237
C_LOGISTIC_REGRESSION,3,1,172,meds,textual,coefficient,0.5303985594911611,0.5303985594911611,positive,141,71,236
C_LOGISTIC_REGRESSION,3,1,189,parents,textual,coefficient,0.5287811375780346,0.5287811375780346,positive,142,72,235
C_LOGISTIC_REGRESSION,3,1,36,brains,textual,coefficient,0.5200826171428734,0.5200826171428734,positive,143,73,234
C_LOGISTIC_REGRESSION,3,1,62,disorder,textual,coefficient,-0.5198474119121541,0.5198474119121541,negative,144,236,71
C_LOGISTIC_REGRESSION,3,1,16,adhd symptoms,textual,coefficient,0.5138448444054226,0.5138448444054226,positive,145,74,233
C_LOGISTIC_REGRESSION,3,1,202,poor,textual,coefficient,0.5131670673785544,0.5131670673785544,positive,146,75,232
C_LOGISTIC_REGRESSION,3,1,184,non,textual,coefficient,0.5040500622077264,0.5040500622077264,positive,147,76,231
C_LOGISTIC_REGRESSION,3,1,192,pay attention,textual,coefficient,0.5034916990948659,0.5034916990948659,positive,148,77,230
C_LOGISTIC_REGRESSION,3,1,159,lot,textual,coefficient,0.5018192719508375,0.5018192719508375,positive,149,78,229
C_LOGISTIC_REGRESSION,3,1,170,medication,textual,coefficient,0.49485967367270384,0.49485967367270384,positive,150,79,228
C_LOGISTIC_REGRESSION,3,1,175,mood,textual,coefficient,-0.4928086869389207,0.4928086869389207,negative,151,235,72
C_LOGISTIC_REGRESSION,3,1,91,explained,textual,coefficient,0.49246781400771583,0.49246781400771583,positive,152,80,227
C_LOGISTIC_REGRESSION,3,1,24,aren,textual,coefficient,0.4910261517078059,0.4910261517078059,positive,153,81,226
C_LOGISTIC_REGRESSION,3,1,196,phone,textual,coefficient,0.4882085952746239,0.4882085952746239,positive,154,82,225
C_LOGISTIC_REGRESSION,3,1,76,eat,textual,coefficient,-0.4838694923294127,0.4838694923294127,negative,155,234,73
C_LOGISTIC_REGRESSION,3,1,277,turn,textual,coefficient,0.4827641816163357,0.4827641816163357,positive,156,83,224
C_LOGISTIC_REGRESSION,3,1,247,study,textual,coefficient,-0.4801407838100486,0.4801407838100486,negative,157,233,74
C_LOGISTIC_REGRESSION,3,1,251,sure,textual,coefficient,0.4782817111840739,0.4782817111840739,positive,158,84,223
C_LOGISTIC_REGRESSION,3,1,225,sense,textual,coefficient,0.4671319386195672,0.4671319386195672,positive,159,85,222
C_LOGISTIC_REGRESSION,3,1,252,symptoms,textual,coefficient,0.46549211373511235,0.46549211373511235,positive,160,86,221
C_LOGISTIC_REGRESSION,3,1,242,stop,textual,coefficient,0.46132905783245187,0.46132905783245187,positive,161,87,220
C_LOGISTIC_REGRESSION,3,1,93,feel,textual,coefficient,0.4611745484519517,0.4611745484519517,positive,162,88,219
C_LOGISTIC_REGRESSION,3,1,235,social,textual,coefficient,0.45992306647270587,0.45992306647270587,positive,163,89,218
C_LOGISTIC_REGRESSION,3,1,188,options,textual,coefficient,0.45256788983858104,0.45256788983858104,positive,164,90,217
C_LOGISTIC_REGRESSION,3,1,57,did,textual,coefficient,0.4490782753185456,0.4490782753185456,positive,165,91,216
C_LOGISTIC_REGRESSION,3,1,298,wrong,textual,coefficient,-0.4484984240539684,0.4484984240539684,negative,166,232,75
C_LOGISTIC_REGRESSION,3,1,157,look,textual,coefficient,0.4476878028091569,0.4476878028091569,positive,167,92,215
C_LOGISTIC_REGRESSION,3,1,219,say,textual,coefficient,-0.4454296419754671,0.4454296419754671,negative,168,231,76
C_LOGISTIC_REGRESSION,3,1,167,maybe,textual,coefficient,0.44093024966341615,0.44093024966341615,positive,169,93,214
C_LOGISTIC_REGRESSION,3,1,171,medications,textual,coefficient,0.43675078781904514,0.43675078781904514,positive,170,94,213
C_LOGISTIC_REGRESSION,3,1,134,isn,textual,coefficient,0.4357691330699167,0.4357691330699167,positive,171,95,212
C_LOGISTIC_REGRESSION,3,1,284,use,textual,coefficient,-0.4331882898533757,0.4331882898533757,negative,172,230,77
C_LOGISTIC_REGRESSION,3,1,25,attention,textual,coefficient,0.43262806762434214,0.43262806762434214,positive,173,96,211
C_LOGISTIC_REGRESSION,3,1,56,diagnostic,textual,coefficient,-0.4222721479474694,0.4222721479474694,negative,174,229,78
C_LOGISTIC_REGRESSION,3,1,260,tend,textual,coefficient,0.4176782958210345,0.4176782958210345,positive,175,97,210
C_LOGISTIC_REGRESSION,3,1,273,treatment,textual,coefficient,0.416930155635521,0.416930155635521,positive,176,98,209
C_LOGISTIC_REGRESSION,3,1,299,yeah,textual,coefficient,0.4145831322588429,0.4145831322588429,positive,177,99,208
C_LOGISTIC_REGRESSION,3,1,98,follow,textual,coefficient,-0.41291884179933436,0.41291884179933436,negative,178,228,79
C_LOGISTIC_REGRESSION,3,1,42,children,textual,coefficient,-0.4108201970402638,0.4108201970402638,negative,179,227,80
C_LOGISTIC_REGRESSION,3,1,3,activity,textual,coefficient,0.4046292071993925,0.4046292071993925,positive,180,100,207
C_LOGISTIC_REGRESSION,3,1,5,add,textual,coefficient,-0.40198956740634395,0.40198956740634395,negative,181,226,81
C_LOGISTIC_REGRESSION,3,1,40,challenges,textual,coefficient,0.39620696319778825,0.39620696319778825,positive,182,101,206
C_LOGISTIC_REGRESSION,3,1,183,neurotypical person,textual,coefficient,0.39578256994638034,0.39578256994638034,positive,183,102,205
C_LOGISTIC_REGRESSION,3,1,33,bit,textual,coefficient,-0.3953182395589011,0.3953182395589011,negative,184,225,82
C_LOGISTIC_REGRESSION,3,1,218,running,textual,coefficient,0.3779667976562342,0.3779667976562342,positive,185,103,204
C_LOGISTIC_REGRESSION,3,1,297,worse,textual,coefficient,-0.3708871437002,0.3708871437002,negative,186,224,83
C_LOGISTIC_REGRESSION,3,1,90,explain,textual,coefficient,-0.3708367394308162,0.3708367394308162,negative,187,223,84
C_LOGISTIC_REGRESSION,3,1,102,friends,textual,coefficient,-0.36984896403326256,0.36984896403326256,negative,188,222,85
C_LOGISTIC_REGRESSION,3,1,80,emotions,textual,coefficient,0.3689137593128131,0.3689137593128131,positive,189,104,203
C_LOGISTIC_REGRESSION,3,1,290,wait,textual,coefficient,-0.36733705943108164,0.36733705943108164,negative,190,221,86
C_LOGISTIC_REGRESSION,3,1,208,psychiatrist,textual,coefficient,-0.3673108163105079,0.3673108163105079,negative,191,220,87
C_LOGISTIC_REGRESSION,3,1,181,needs,textual,coefficient,-0.36607890752421185,0.36607890752421185,negative,192,219,88
C_LOGISTIC_REGRESSION,3,1,18,adhders,textual,coefficient,-0.36592307438790267,0.36592307438790267,negative,193,218,89
C_LOGISTIC_REGRESSION,3,1,241,stimulants,textual,coefficient,-0.363643565596317,0.363643565596317,negative,194,217,90
C_LOGISTIC_REGRESSION,3,1,137,key,textual,coefficient,0.3623657328356802,0.3623657328356802,positive,195,105,202
C_LOGISTIC_REGRESSION,3,1,272,treated,textual,coefficient,-0.36076847883040813,0.36076847883040813,negative,196,216,91
C_LOGISTIC_REGRESSION,3,1,232,signs adhd,textual,coefficient,-0.36012417577832145,0.36012417577832145,negative,197,215,92
C_LOGISTIC_REGRESSION,3,1,2,activities,textual,coefficient,0.349236846225222,0.349236846225222,positive,198,106,201
C_LOGISTIC_REGRESSION,3,1,20,adults,textual,coefficient,0.3433482375878603,0.3433482375878603,positive,199,107,200
C_LOGISTIC_REGRESSION,3,1,210,real,textual,coefficient,0.3354971513873973,0.3354971513873973,positive,200,108,199
C_LOGISTIC_REGRESSION,3,1,105,going,textual,coefficient,0.33428301851764164,0.33428301851764164,positive,201,109,198
C_LOGISTIC_REGRESSION,3,1,239,stay,textual,coefficient,-0.33369627789523615,0.33369627789523615,negative,202,214,93
C_LOGISTIC_REGRESSION,3,1,266,things like,textual,coefficient,-0.33340359026048466,0.33340359026048466,negative,203,213,94
C_LOGISTIC_REGRESSION,3,1,155,long,textual,coefficient,0.3324347964255519,0.3324347964255519,positive,204,110,197
C_LOGISTIC_REGRESSION,3,1,92,fact,textual,coefficient,0.32958155654214966,0.32958155654214966,positive,205,111,196
C_LOGISTIC_REGRESSION,3,1,287,ve,textual,coefficient,-0.31210932204276,0.31210932204276,negative,206,212,95
C_LOGISTIC_REGRESSION,3,1,118,high,textual,coefficient,0.3086865531113327,0.3086865531113327,positive,207,112,195
C_LOGISTIC_REGRESSION,3,1,281,unable,textual,coefficient,-0.30438384183858946,0.30438384183858946,negative,208,211,96
C_LOGISTIC_REGRESSION,3,1,174,minutes,textual,coefficient,-0.3019706965490082,0.3019706965490082,negative,209,210,97
C_LOGISTIC_REGRESSION,3,1,70,don know,textual,coefficient,-0.29355420616658867,0.29355420616658867,negative,210,209,98
C_LOGISTIC_REGRESSION,3,1,275,try,textual,coefficient,-0.29301635125787917,0.29301635125787917,negative,211,208,99
C_LOGISTIC_REGRESSION,3,1,152,likely,textual,coefficient,-0.29268280338068403,0.29268280338068403,negative,212,207,100
C_LOGISTIC_REGRESSION,3,1,43,come,textual,coefficient,0.28941800007490437,0.28941800007490437,positive,213,113,194
C_LOGISTIC_REGRESSION,3,1,248,stuff,textual,coefficient,-0.2835374581318173,0.2835374581318173,negative,214,206,101
C_LOGISTIC_REGRESSION,3,1,204,probably,textual,coefficient,-0.28142397665977686,0.28142397665977686,negative,215,205,102
C_LOGISTIC_REGRESSION,3,1,163,make sure,textual,coefficient,0.2768096457749857,0.2768096457749857,positive,216,114,193
C_LOGISTIC_REGRESSION,3,1,194,people adhd,textual,coefficient,-0.27608702950024816,0.27608702950024816,negative,217,204,103
C_LOGISTIC_REGRESSION,3,1,120,home,textual,coefficient,-0.2731983377906981,0.2731983377906981,negative,218,203,104
C_LOGISTIC_REGRESSION,3,1,185,number,textual,coefficient,0.27303703052349726,0.27303703052349726,positive,219,115,192
C_LOGISTIC_REGRESSION,3,1,165,making,textual,coefficient,-0.27210220100976473,0.27210220100976473,negative,220,202,105
C_LOGISTIC_REGRESSION,3,1,7,adhd adhd,textual,coefficient,-0.2700220682832756,0.2700220682832756,negative,221,201,106
C_LOGISTIC_REGRESSION,3,1,150,like,textual,coefficient,-0.2547435301551558,0.2547435301551558,negative,222,200,107
C_LOGISTIC_REGRESSION,3,1,220,saying,textual,coefficient,0.254667061291168,0.254667061291168,positive,223,116,191
C_LOGISTIC_REGRESSION,3,1,109,happen,textual,coefficient,0.2449269726144674,0.2449269726144674,positive,224,117,190
C_LOGISTIC_REGRESSION,3,1,166,manage,textual,coefficient,0.2376924700938813,0.2376924700938813,positive,225,118,189
C_LOGISTIC_REGRESSION,3,1,27,bad,textual,coefficient,-0.22833771722403054,0.22833771722403054,negative,226,199,108
C_LOGISTIC_REGRESSION,3,1,140,kind,textual,coefficient,0.22517864573931726,0.22517864573931726,positive,227,119,188
C_LOGISTIC_REGRESSION,3,1,268,thinking,textual,coefficient,0.2234990032875401,0.2234990032875401,positive,228,120,187
C_LOGISTIC_REGRESSION,3,1,95,feeling,textual,coefficient,-0.21741920091188213,0.21741920091188213,negative,229,198,109
C_LOGISTIC_REGRESSION,3,1,199,play,textual,coefficient,0.21559907736858622,0.21559907736858622,positive,230,121,186
C_LOGISTIC_REGRESSION,3,1,74,dysfunction,textual,coefficient,-0.21285196564175396,0.21285196564175396,negative,231,197,110
C_LOGISTIC_REGRESSION,3,1,233,sit,textual,coefficient,-0.20837426614299637,0.20837426614299637,negative,232,196,111
C_LOGISTIC_REGRESSION,3,1,49,control,textual,coefficient,0.207814138655489,0.207814138655489,positive,233,122,185
C_LOGISTIC_REGRESSION,3,1,282,understand,textual,coefficient,0.20753855413392888,0.20753855413392888,positive,234,123,184
C_LOGISTIC_REGRESSION,3,1,158,looking,textual,coefficient,0.19881142993661563,0.19881142993661563,positive,235,124,183
C_LOGISTIC_REGRESSION,3,1,44,comes,textual,coefficient,-0.19089480326345878,0.19089480326345878,negative,236,195,112
C_LOGISTIC_REGRESSION,3,1,82,energy,textual,coefficient,0.18981903545211554,0.18981903545211554,positive,237,125,182
C_LOGISTIC_REGRESSION,3,1,256,talking,textual,coefficient,-0.18865378911551536,0.18865378911551536,negative,238,194,113
C_LOGISTIC_REGRESSION,3,1,37,called,textual,coefficient,-0.1866350395221399,0.1866350395221399,negative,239,193,114
C_LOGISTIC_REGRESSION,3,1,295,work,textual,coefficient,0.18459363133899892,0.18459363133899892,positive,240,126,181
C_LOGISTIC_REGRESSION,3,1,32,big,textual,coefficient,-0.1837613590706369,0.1837613590706369,negative,241,192,115
C_LOGISTIC_REGRESSION,3,1,255,talk,textual,coefficient,-0.18036355308876045,0.18036355308876045,negative,242,191,116
C_LOGISTIC_REGRESSION,3,1,142,lack,textual,coefficient,-0.1797165491643298,0.1797165491643298,negative,243,190,117
C_LOGISTIC_REGRESSION,3,1,203,present,textual,coefficient,0.1786768664985005,0.1786768664985005,positive,244,127,180
C_LOGISTIC_REGRESSION,3,1,46,complete,textual,coefficient,0.17286711173386235,0.17286711173386235,positive,245,128,179
C_LOGISTIC_REGRESSION,3,1,124,impact,textual,coefficient,0.16901496779765607,0.16901496779765607,positive,246,129,178
C_LOGISTIC_REGRESSION,3,1,195,person,textual,coefficient,-0.1681220746149623,0.1681220746149623,negative,247,189,118
C_LOGISTIC_REGRESSION,3,1,101,forget,textual,coefficient,0.1680281886597683,0.1680281886597683,positive,248,130,177
C_LOGISTIC_REGRESSION,3,1,245,struggles,textual,coefficient,0.16464235678435776,0.16464235678435776,positive,249,131,176
C_LOGISTIC_REGRESSION,3,1,240,stimulant,textual,coefficient,0.16185249300587776,0.16185249300587776,positive,250,132,175
C_LOGISTIC_REGRESSION,3,1,244,struggle,textual,coefficient,0.16140156547586496,0.16140156547586496,positive,251,133,174
C_LOGISTIC_REGRESSION,3,1,1,able,textual,coefficient,-0.16112746260599442,0.16112746260599442,negative,252,188,119
C_LOGISTIC_REGRESSION,3,1,10,adhd brains,textual,coefficient,0.15074719053709257,0.15074719053709257,positive,253,134,173
C_LOGISTIC_REGRESSION,3,1,223,seen,textual,coefficient,0.1505662201524189,0.1505662201524189,positive,254,135,172
C_LOGISTIC_REGRESSION,3,1,77,eating,textual,coefficient,-0.14537982724570117,0.14537982724570117,negative,255,187,120
C_LOGISTIC_REGRESSION,3,1,300,certainty_score,handcrafted_linguistic,coefficient,0.14308538027253878,0.14308538027253878,positive,256,136,171
C_LOGISTIC_REGRESSION,3,1,301,hedge_score,handcrafted_linguistic,coefficient,0.13473137863804294,0.13473137863804294,positive,257,137,170
C_LOGISTIC_REGRESSION,3,1,121,hours,textual,coefficient,-0.12795830565326044,0.12795830565326044,negative,258,186,121
C_LOGISTIC_REGRESSION,3,1,12,adhd just,textual,coefficient,0.12765993404911347,0.12765993404911347,positive,259,138,169
C_LOGISTIC_REGRESSION,3,1,147,levels,textual,coefficient,-0.12438483595542317,0.12438483595542317,negative,260,185,122
C_LOGISTIC_REGRESSION,3,1,288,ve got,textual,coefficient,-0.1221423577680806,0.1221423577680806,negative,261,184,123
C_LOGISTIC_REGRESSION,3,1,96,feelings,textual,coefficient,0.12023986701224224,0.12023986701224224,positive,262,139,168
C_LOGISTIC_REGRESSION,3,1,131,information,textual,coefficient,0.11971685571460262,0.11971685571460262,positive,263,140,167
C_LOGISTIC_REGRESSION,3,1,81,end,textual,coefficient,-0.1192312172343333,0.1192312172343333,negative,264,183,124
C_LOGISTIC_REGRESSION,3,1,117,helps,textual,coefficient,-0.11559748853308749,0.11559748853308749,negative,265,182,125
C_LOGISTIC_REGRESSION,3,1,138,kid,textual,coefficient,-0.11485643177874791,0.11485643177874791,negative,266,181,126
C_LOGISTIC_REGRESSION,3,1,222,second,textual,coefficient,0.10606564235180964,0.10606564235180964,positive,267,141,166
C_LOGISTIC_REGRESSION,3,1,65,doctor,textual,coefficient,-0.09780966940654606,0.09780966940654606,negative,268,180,127
C_LOGISTIC_REGRESSION,3,1,149,light,textual,coefficient,0.08932542654899993,0.08932542654899993,positive,269,142,165
C_LOGISTIC_REGRESSION,3,1,237,sort,textual,coefficient,-0.08594896470225037,0.08594896470225037,negative,270,179,128
C_LOGISTIC_REGRESSION,3,1,285,using,textual,coefficient,-0.07993814641446678,0.07993814641446678,negative,271,178,129
C_LOGISTIC_REGRESSION,3,1,160,love,textual,coefficient,-0.07969555682431605,0.07969555682431605,negative,272,177,130
C_LOGISTIC_REGRESSION,3,1,265,things,textual,coefficient,-0.07486145611156196,0.07486145611156196,negative,273,176,131
C_LOGISTIC_REGRESSION,3,1,107,got,textual,coefficient,-0.07458709510735484,0.07458709510735484,negative,274,175,132
C_LOGISTIC_REGRESSION,3,1,305,duration_sec,engagement_or_format,coefficient,-0.07446846849222101,0.07446846849222101,negative,275,174,133
C_LOGISTIC_REGRESSION,3,1,119,higher,textual,coefficient,0.07370195408382045,0.07370195408382045,positive,276,143,164
C_LOGISTIC_REGRESSION,3,1,115,hear,textual,coefficient,0.0670099743117795,0.0670099743117795,positive,277,144,163
C_LOGISTIC_REGRESSION,3,1,60,different,textual,coefficient,-0.06565372223813844,0.06565372223813844,negative,278,173,134
C_LOGISTIC_REGRESSION,3,1,132,instead,textual,coefficient,-0.06097247521102173,0.06097247521102173,negative,279,172,135
C_LOGISTIC_REGRESSION,3,1,64,distracted,textual,coefficient,0.06056523512989342,0.06056523512989342,positive,280,145,162
C_LOGISTIC_REGRESSION,3,1,253,symptoms adhd,textual,coefficient,-0.05740402896310743,0.05740402896310743,negative,281,171,136
C_LOGISTIC_REGRESSION,3,1,191,pay,textual,coefficient,0.05518779343197855,0.05518779343197855,positive,282,146,161
C_LOGISTIC_REGRESSION,3,1,31,better,textual,coefficient,-0.051320051213929026,0.051320051213929026,negative,283,170,137
C_LOGISTIC_REGRESSION,3,1,156,long term,textual,coefficient,0.046914211438284115,0.046914211438284115,positive,284,147,160
C_LOGISTIC_REGRESSION,3,1,236,somebody,textual,coefficient,-0.043330583755968655,0.043330583755968655,negative,285,169,138
C_LOGISTIC_REGRESSION,3,1,87,experience,textual,coefficient,0.03763671380679791,0.03763671380679791,positive,286,148,159
C_LOGISTIC_REGRESSION,3,1,28,behavior,textual,coefficient,-0.036952963111861095,0.036952963111861095,negative,287,168,139
C_LOGISTIC_REGRESSION,3,1,162,make,textual,coefficient,0.03578498242417984,0.03578498242417984,positive,288,149,158
C_LOGISTIC_REGRESSION,3,1,212,recommend,textual,coefficient,0.03566499604928251,0.03566499604928251,positive,289,150,157
C_LOGISTIC_REGRESSION,3,1,164,makes,textual,coefficient,-0.03529030732271322,0.03529030732271322,negative,290,167,140
C_LOGISTIC_REGRESSION,3,1,198,place,textual,coefficient,-0.03523891437167882,0.03523891437167882,negative,291,166,141
C_LOGISTIC_REGRESSION,3,1,125,important,textual,coefficient,-0.0321639057643767,0.0321639057643767,negative,292,165,142
C_LOGISTIC_REGRESSION,3,1,280,um,textual,coefficient,0.03019950077622186,0.03019950077622186,positive,293,151,156
C_LOGISTIC_REGRESSION,3,1,180,need,textual,coefficient,-0.021585153403980848,0.021585153403980848,negative,294,164,143
C_LOGISTIC_REGRESSION,3,1,68,doing,textual,coefficient,0.021032203526697595,0.021032203526697595,positive,295,152,155
C_LOGISTIC_REGRESSION,3,1,141,know,textual,coefficient,-0.02095657548624241,0.02095657548624241,negative,296,163,144
C_LOGISTIC_REGRESSION,3,1,227,sep,textual,coefficient,-0.01944688621670164,0.01944688621670164,negative,297,162,145
C_LOGISTIC_REGRESSION,3,1,15,adhd sep,textual,coefficient,-0.01911203067550521,0.01911203067550521,negative,298,161,146
C_LOGISTIC_REGRESSION,3,1,249,sugar,textual,coefficient,-0.016219036469248126,0.016219036469248126,negative,299,160,147
C_LOGISTIC_REGRESSION,3,1,263,therapy,textual,coefficient,0.012952290806467781,0.012952290806467781,positive,300,153,154
C_LOGISTIC_REGRESSION,3,1,177,moving,textual,coefficient,-0.011229502495551028,0.011229502495551028,negative,301,159,148
C_LOGISTIC_REGRESSION,3,1,146,let,textual,coefficient,0.010109401558469329,0.010109401558469329,positive,302,154,153
C_LOGISTIC_REGRESSION,3,1,269,time,textual,coefficient,0.007391546894584567,0.007391546894584567,positive,303,155,152
C_LOGISTIC_REGRESSION,3,1,128,inattention,textual,coefficient,-0.005610649988000799,0.005610649988000799,negative,304,158,149
C_LOGISTIC_REGRESSION,3,1,83,especially,textual,coefficient,-0.0010750951890408883,0.0010750951890408883,negative,305,157,150
C_LOGISTIC_REGRESSION,3,1,293,ways,textual,coefficient,0.00017089057347118703,0.00017089057347118703,positive,306,156,151
C_LOGISTIC_REGRESSION,3,2,133,iron,textual,coefficient,2.356443625815574,2.356443625815574,positive,1,1,306
C_LOGISTIC_REGRESSION,3,2,93,feel,textual,coefficient,-2.2087283900912156,2.2087283900912156,negative,2,306,1
C_LOGISTIC_REGRESSION,3,2,194,people adhd,textual,coefficient,2.1182535329361127,2.1182535329361127,positive,3,2,305
C_LOGISTIC_REGRESSION,3,2,123,hyperactivity,textual,coefficient,1.9039092715879165,1.9039092715879165,positive,4,3,304
C_LOGISTIC_REGRESSION,3,2,97,focus,textual,coefficient,1.839914719176693,1.839914719176693,positive,5,4,303
C_LOGISTIC_REGRESSION,3,2,170,medication,textual,coefficient,1.6983085249652394,1.6983085249652394,positive,6,5,302
C_LOGISTIC_REGRESSION,3,2,135,issues,textual,coefficient,1.6329553390426033,1.6329553390426033,positive,7,6,301
C_LOGISTIC_REGRESSION,3,2,289,video,textual,coefficient,1.5599964059876472,1.5599964059876472,positive,8,7,300
C_LOGISTIC_REGRESSION,3,2,141,know,textual,coefficient,-1.5488350957470878,1.5488350957470878,negative,9,305,2
C_LOGISTIC_REGRESSION,3,2,298,wrong,textual,coefficient,-1.5409828004739696,1.5409828004739696,negative,10,304,3
C_LOGISTIC_REGRESSION,3,2,138,kid,textual,coefficient,1.5272138608545063,1.5272138608545063,positive,11,8,299
C_LOGISTIC_REGRESSION,3,2,223,seen,textual,coefficient,1.4936737875267319,1.4936737875267319,positive,12,9,298
C_LOGISTIC_REGRESSION,3,2,116,help,textual,coefficient,-1.4638188449119958,1.4638188449119958,negative,13,303,4
C_LOGISTIC_REGRESSION,3,2,132,instead,textual,coefficient,1.4296769781253926,1.4296769781253926,positive,14,10,297
C_LOGISTIC_REGRESSION,3,2,53,depression,textual,coefficient,1.407052059551661,1.407052059551661,positive,15,11,296
C_LOGISTIC_REGRESSION,3,2,82,energy,textual,coefficient,-1.3751053406607614,1.3751053406607614,negative,16,302,5
C_LOGISTIC_REGRESSION,3,2,38,care,textual,coefficient,1.3653854958089244,1.3653854958089244,positive,17,12,295
C_LOGISTIC_REGRESSION,3,2,186,oh,textual,coefficient,1.3188761601415422,1.3188761601415422,positive,18,13,294
C_LOGISTIC_REGRESSION,3,2,281,unable,textual,coefficient,1.3107643016597894,1.3107643016597894,positive,19,14,293
C_LOGISTIC_REGRESSION,3,2,265,things,textual,coefficient,-1.3044525791929609,1.3044525791929609,negative,20,301,6
C_LOGISTIC_REGRESSION,3,2,244,struggle,textual,coefficient,-1.2923975502000347,1.2923975502000347,negative,21,300,7
C_LOGISTIC_REGRESSION,3,2,242,stop,textual,coefficient,-1.2782561709733695,1.2782561709733695,negative,22,299,8
C_LOGISTIC_REGRESSION,3,2,221,school,textual,coefficient,-1.2593020810728894,1.2593020810728894,negative,23,298,9
C_LOGISTIC_REGRESSION,3,2,15,adhd sep,textual,coefficient,-1.2418535142038374,1.2418535142038374,negative,24,297,10
C_LOGISTIC_REGRESSION,3,2,72,dr,textual,coefficient,1.2367092206996544,1.2367092206996544,positive,25,15,292
C_LOGISTIC_REGRESSION,3,2,71,dopamine,textual,coefficient,-1.2188237847118306,1.2188237847118306,negative,26,296,11
C_LOGISTIC_REGRESSION,3,2,241,stimulants,textual,coefficient,1.20673023623314,1.20673023623314,positive,27,16,291
C_LOGISTIC_REGRESSION,3,2,27,bad,textual,coefficient,-1.1859553466496682,1.1859553466496682,negative,28,295,12
C_LOGISTIC_REGRESSION,3,2,157,look,textual,coefficient,1.1727958876839417,1.1727958876839417,positive,29,17,290
C_LOGISTIC_REGRESSION,3,2,57,did,textual,coefficient,-1.1512687421933865,1.1512687421933865,negative,30,294,13
C_LOGISTIC_REGRESSION,3,2,292,way,textual,coefficient,1.1314952569011931,1.1314952569011931,positive,31,18,289
C_LOGISTIC_REGRESSION,3,2,155,long,textual,coefficient,-1.1229551762867886,1.1229551762867886,negative,32,293,14
C_LOGISTIC_REGRESSION,3,2,73,drugs,textual,coefficient,-1.1096205887280728,1.1096205887280728,negative,33,292,15
C_LOGISTIC_REGRESSION,3,2,269,time,textual,coefficient,1.103654899672436,1.103654899672436,positive,34,19,288
C_LOGISTIC_REGRESSION,3,2,211,really,textual,coefficient,1.0922575447479694,1.0922575447479694,positive,35,20,287
C_LOGISTIC_REGRESSION,3,2,34,body,textual,coefficient,-1.0916843354062549,1.0916843354062549,negative,36,291,16
C_LOGISTIC_REGRESSION,3,2,236,somebody,textual,coefficient,1.0904042201693147,1.0904042201693147,positive,37,21,286
C_LOGISTIC_REGRESSION,3,2,4,actually,textual,coefficient,1.0827627178052892,1.0827627178052892,positive,38,22,285
C_LOGISTIC_REGRESSION,3,2,253,symptoms adhd,textual,coefficient,1.0586457455421754,1.0586457455421754,positive,39,23,284
C_LOGISTIC_REGRESSION,3,2,181,needs,textual,coefficient,1.0531805587101024,1.0531805587101024,positive,40,24,283
C_LOGISTIC_REGRESSION,3,2,143,late,textual,coefficient,-1.0531182652927522,1.0531182652927522,negative,41,290,17
C_LOGISTIC_REGRESSION,3,2,256,talking,textual,coefficient,1.0523519669914003,1.0523519669914003,positive,42,25,282
C_LOGISTIC_REGRESSION,3,2,283,understanding,textual,coefficient,-1.0494833144971785,1.0494833144971785,negative,43,289,18
C_LOGISTIC_REGRESSION,3,2,165,making,textual,coefficient,1.0421520113520595,1.0421520113520595,positive,44,26,281
C_LOGISTIC_REGRESSION,3,2,153,little,textual,coefficient,1.032100482008057,1.032100482008057,positive,45,27,280
C_LOGISTIC_REGRESSION,3,2,148,life,textual,coefficient,-1.0311038122170333,1.0311038122170333,negative,46,288,19
C_LOGISTIC_REGRESSION,3,2,26,autism,textual,coefficient,-1.0292285009509379,1.0292285009509379,negative,47,287,20
C_LOGISTIC_REGRESSION,3,2,106,good,textual,coefficient,1.027034740815331,1.027034740815331,positive,48,28,279
C_LOGISTIC_REGRESSION,3,2,290,wait,textual,coefficient,1.0241266645400076,1.0241266645400076,positive,49,29,278
C_LOGISTIC_REGRESSION,3,2,261,term,textual,coefficient,-1.021636501456192,1.021636501456192,negative,50,286,21
C_LOGISTIC_REGRESSION,3,2,142,lack,textual,coefficient,1.0131509182240253,1.0131509182240253,positive,51,30,277
C_LOGISTIC_REGRESSION,3,2,207,protein,textual,coefficient,-0.9859637253715521,0.9859637253715521,negative,52,285,22
C_LOGISTIC_REGRESSION,3,2,39,cause,textual,coefficient,0.9832861898333605,0.9832861898333605,positive,53,31,276
C_LOGISTIC_REGRESSION,3,2,206,problems,textual,coefficient,-0.9774114969892731,0.9774114969892731,negative,54,284,23
C_LOGISTIC_REGRESSION,3,2,287,ve,textual,coefficient,0.9742396112649196,0.9742396112649196,positive,55,32,275
C_LOGISTIC_REGRESSION,3,2,279,uh,textual,coefficient,0.96839758308418,0.96839758308418,positive,56,33,274
C_LOGISTIC_REGRESSION,3,2,114,health,textual,coefficient,-0.96667396994399,0.96667396994399,negative,57,283,24
C_LOGISTIC_REGRESSION,3,2,161,low,textual,coefficient,-0.9664510641519753,0.9664510641519753,negative,58,282,25
C_LOGISTIC_REGRESSION,3,2,271,treat,textual,coefficient,-0.9649058096969191,0.9649058096969191,negative,59,281,26
C_LOGISTIC_REGRESSION,3,2,69,don,textual,coefficient,0.9619798685725693,0.9619798685725693,positive,60,34,273
C_LOGISTIC_REGRESSION,3,2,291,want,textual,coefficient,0.9576908507748452,0.9576908507748452,positive,61,35,272
C_LOGISTIC_REGRESSION,3,2,87,experience,textual,coefficient,-0.9487254627689504,0.9487254627689504,negative,62,280,27
C_LOGISTIC_REGRESSION,3,2,275,try,textual,coefficient,0.945652072520777,0.945652072520777,positive,63,36,271
C_LOGISTIC_REGRESSION,3,2,30,best,textual,coefficient,-0.9292783391583854,0.9292783391583854,negative,64,279,28
C_LOGISTIC_REGRESSION,3,2,5,add,textual,coefficient,-0.9260180213039562,0.9260180213039562,negative,65,278,29
C_LOGISTIC_REGRESSION,3,2,100,foods,textual,coefficient,0.9190667859586766,0.9190667859586766,positive,66,37,270
C_LOGISTIC_REGRESSION,3,2,125,important,textual,coefficient,-0.9179749316619484,0.9179749316619484,negative,67,277,30
C_LOGISTIC_REGRESSION,3,2,98,follow,textual,coefficient,0.9076755416527382,0.9076755416527382,positive,68,38,269
C_LOGISTIC_REGRESSION,3,2,149,light,textual,coefficient,0.9042515794396215,0.9042515794396215,positive,69,39,268
C_LOGISTIC_REGRESSION,3,2,239,stay,textual,coefficient,0.883636178272852,0.883636178272852,positive,70,40,267
C_LOGISTIC_REGRESSION,3,2,37,called,textual,coefficient,-0.8825583692389657,0.8825583692389657,negative,71,276,31
C_LOGISTIC_REGRESSION,3,2,128,inattention,textual,coefficient,0.8666906281470945,0.8666906281470945,positive,72,41,266
C_LOGISTIC_REGRESSION,3,2,240,stimulant,textual,coefficient,0.8592442491814936,0.8592442491814936,positive,73,42,265
C_LOGISTIC_REGRESSION,3,2,191,pay,textual,coefficient,-0.8582596720357651,0.8582596720357651,negative,74,275,32
C_LOGISTIC_REGRESSION,3,2,77,eating,textual,coefficient,0.8529652501321985,0.8529652501321985,positive,75,43,264
C_LOGISTIC_REGRESSION,3,2,304,views,engagement_or_format,coefficient,0.8331127265336629,0.8331127265336629,positive,76,44,263
C_LOGISTIC_REGRESSION,3,2,109,happen,textual,coefficient,-0.833101619852683,0.833101619852683,negative,77,274,33
C_LOGISTIC_REGRESSION,3,2,274,trouble,textual,coefficient,-0.8312625041338991,0.8312625041338991,negative,78,273,34
C_LOGISTIC_REGRESSION,3,2,94,feel like,textual,coefficient,-0.8293988634444347,0.8293988634444347,negative,79,272,35
C_LOGISTIC_REGRESSION,3,2,222,second,textual,coefficient,-0.8280582720764947,0.8280582720764947,negative,80,271,36
C_LOGISTIC_REGRESSION,3,2,286,usually,textual,coefficient,-0.8274335836946366,0.8274335836946366,negative,81,270,37
C_LOGISTIC_REGRESSION,3,2,185,number,textual,coefficient,-0.8267028105682594,0.8267028105682594,negative,82,269,38
C_LOGISTIC_REGRESSION,3,2,150,like,textual,coefficient,0.823554992923036,0.823554992923036,positive,83,45,262
C_LOGISTIC_REGRESSION,3,2,130,increase,textual,coefficient,0.8083728961885092,0.8083728961885092,positive,84,46,261
C_LOGISTIC_REGRESSION,3,2,182,neurotypical,textual,coefficient,-0.8073396662754928,0.8073396662754928,negative,85,268,39
C_LOGISTIC_REGRESSION,3,2,229,short,textual,coefficient,0.8051286143807115,0.8051286143807115,positive,86,47,260
C_LOGISTIC_REGRESSION,3,2,21,answer,textual,coefficient,-0.8045639707619574,0.8045639707619574,negative,87,267,40
C_LOGISTIC_REGRESSION,3,2,51,day,textual,coefficient,-0.8008111553742241,0.8008111553742241,negative,88,266,41
C_LOGISTIC_REGRESSION,3,2,118,high,textual,coefficient,-0.7827907475972394,0.7827907475972394,negative,89,265,42
C_LOGISTIC_REGRESSION,3,2,192,pay attention,textual,coefficient,-0.7604548033936771,0.7604548033936771,negative,90,264,43
C_LOGISTIC_REGRESSION,3,2,90,explain,textual,coefficient,-0.7482678047724833,0.7482678047724833,negative,91,263,44
C_LOGISTIC_REGRESSION,3,2,225,sense,textual,coefficient,-0.7479776150268624,0.7479776150268624,negative,92,262,45
C_LOGISTIC_REGRESSION,3,2,228,sep adhd,textual,coefficient,-0.7386062608495385,0.7386062608495385,negative,93,261,46
C_LOGISTIC_REGRESSION,3,2,294,women,textual,coefficient,0.7355772249442408,0.7355772249442408,positive,94,48,259
C_LOGISTIC_REGRESSION,3,2,176,motivation,textual,coefficient,0.7171309286153479,0.7171309286153479,positive,95,49,258
C_LOGISTIC_REGRESSION,3,2,102,friends,textual,coefficient,-0.716995875168678,0.716995875168678,negative,96,260,47
C_LOGISTIC_REGRESSION,3,2,296,world,textual,coefficient,-0.71510178795891,0.71510178795891,negative,97,259,48
C_LOGISTIC_REGRESSION,3,2,174,minutes,textual,coefficient,-0.7128734120913435,0.7128734120913435,negative,98,258,49
C_LOGISTIC_REGRESSION,3,2,52,deficit,textual,coefficient,0.7119101050959615,0.7119101050959615,positive,99,50,257
C_LOGISTIC_REGRESSION,3,2,216,remember,textual,coefficient,0.710512732056435,0.710512732056435,positive,100,51,256
C_LOGISTIC_REGRESSION,3,2,108,great,textual,coefficient,-0.7090120823079603,0.7090120823079603,negative,101,257,50
C_LOGISTIC_REGRESSION,3,2,264,thing,textual,coefficient,-0.7063474397130677,0.7063474397130677,negative,102,256,51
C_LOGISTIC_REGRESSION,3,2,252,symptoms,textual,coefficient,0.7057132020897808,0.7057132020897808,positive,103,52,255
C_LOGISTIC_REGRESSION,3,2,187,okay,textual,coefficient,0.6985115575364353,0.6985115575364353,positive,104,53,254
C_LOGISTIC_REGRESSION,3,2,117,helps,textual,coefficient,-0.6976054783253677,0.6976054783253677,negative,105,255,52
C_LOGISTIC_REGRESSION,3,2,254,taking,textual,coefficient,-0.6971463006359135,0.6971463006359135,negative,106,254,53
C_LOGISTIC_REGRESSION,3,2,162,make,textual,coefficient,-0.6954827134535234,0.6954827134535234,negative,107,253,54
C_LOGISTIC_REGRESSION,3,2,302,likes,engagement_or_format,coefficient,-0.6949379708669091,0.6949379708669091,negative,108,252,55
C_LOGISTIC_REGRESSION,3,2,285,using,textual,coefficient,0.6912535964497186,0.6912535964497186,positive,109,54,253
C_LOGISTIC_REGRESSION,3,2,172,meds,textual,coefficient,-0.6886671309593603,0.6886671309593603,negative,110,251,56
C_LOGISTIC_REGRESSION,3,2,164,makes,textual,coefficient,-0.681101708632393,0.681101708632393,negative,111,250,57
C_LOGISTIC_REGRESSION,3,2,305,duration_sec,engagement_or_format,coefficient,0.6773924854011135,0.6773924854011135,positive,112,55,252
C_LOGISTIC_REGRESSION,3,2,25,attention,textual,coefficient,-0.6733540376622544,0.6733540376622544,negative,113,249,58
C_LOGISTIC_REGRESSION,3,2,220,saying,textual,coefficient,-0.6684919067762481,0.6684919067762481,negative,114,248,59
C_LOGISTIC_REGRESSION,3,2,278,type,textual,coefficient,0.6655117531690209,0.6655117531690209,positive,115,56,251
C_LOGISTIC_REGRESSION,3,2,59,difference,textual,coefficient,-0.6574429030359376,0.6574429030359376,negative,116,247,60
C_LOGISTIC_REGRESSION,3,2,121,hours,textual,coefficient,0.6513468819533994,0.6513468819533994,positive,117,57,250
C_LOGISTIC_REGRESSION,3,2,171,medications,textual,coefficient,0.6453603437308063,0.6453603437308063,positive,118,58,249
C_LOGISTIC_REGRESSION,3,2,208,psychiatrist,textual,coefficient,-0.6410226313961589,0.6410226313961589,negative,119,246,61
C_LOGISTIC_REGRESSION,3,2,272,treated,textual,coefficient,0.6397392094988364,0.6397392094988364,positive,120,59,248
C_LOGISTIC_REGRESSION,3,2,248,stuff,textual,coefficient,0.6341299785244737,0.6341299785244737,positive,121,60,247
C_LOGISTIC_REGRESSION,3,2,17,adhd women,textual,coefficient,0.6339366429334659,0.6339366429334659,positive,122,61,246
C_LOGISTIC_REGRESSION,3,2,156,long term,textual,coefficient,-0.6189931083855684,0.6189931083855684,negative,123,245,62
C_LOGISTIC_REGRESSION,3,2,151,like adhd,textual,coefficient,-0.6164068077956072,0.6164068077956072,negative,124,244,63
C_LOGISTIC_REGRESSION,3,2,35,brain,textual,coefficient,0.6155562509418564,0.6155562509418564,positive,125,62,245
C_LOGISTIC_REGRESSION,3,2,18,adhders,textual,coefficient,-0.6091507888347415,0.6091507888347415,negative,126,243,64
C_LOGISTIC_REGRESSION,3,2,101,forget,textual,coefficient,-0.6084036419898529,0.6084036419898529,negative,127,242,65
C_LOGISTIC_REGRESSION,3,2,58,diet,textual,coefficient,-0.6017738603777657,0.6017738603777657,negative,128,241,66
C_LOGISTIC_REGRESSION,3,2,195,person,textual,coefficient,-0.5957399710220104,0.5957399710220104,negative,129,240,67
C_LOGISTIC_REGRESSION,3,2,80,emotions,textual,coefficient,0.5912783266873666,0.5912783266873666,positive,130,63,244
C_LOGISTIC_REGRESSION,3,2,270,times,textual,coefficient,0.5910697789221439,0.5910697789221439,positive,131,64,243
C_LOGISTIC_REGRESSION,3,2,226,sensitivity,textual,coefficient,0.5903864992382795,0.5903864992382795,positive,132,65,242
C_LOGISTIC_REGRESSION,3,2,99,food,textual,coefficient,0.5889663424588202,0.5889663424588202,positive,133,66,241
C_LOGISTIC_REGRESSION,3,2,110,happens,textual,coefficient,0.5886033423719286,0.5886033423719286,positive,134,67,240
C_LOGISTIC_REGRESSION,3,2,213,reduce,textual,coefficient,-0.5836250719442839,0.5836250719442839,negative,135,239,68
C_LOGISTIC_REGRESSION,3,2,9,adhd brain,textual,coefficient,0.5787517077826181,0.5787517077826181,positive,136,68,239
C_LOGISTIC_REGRESSION,3,2,3,activity,textual,coefficient,0.5753443774312929,0.5753443774312929,positive,137,69,238
C_LOGISTIC_REGRESSION,3,2,209,quickly,textual,coefficient,-0.5722006278797005,0.5722006278797005,negative,138,238,69
C_LOGISTIC_REGRESSION,3,2,79,emotional,textual,coefficient,-0.5704971894397922,0.5704971894397922,negative,139,237,70
C_LOGISTIC_REGRESSION,3,2,7,adhd adhd,textual,coefficient,0.564498770659729,0.564498770659729,positive,140,70,237
C_LOGISTIC_REGRESSION,3,2,111,hard,textual,coefficient,-0.5635323763985337,0.5635323763985337,negative,141,236,71
C_LOGISTIC_REGRESSION,3,2,147,levels,textual,coefficient,-0.5599401314335045,0.5599401314335045,negative,142,235,72
C_LOGISTIC_REGRESSION,3,2,152,likely,textual,coefficient,0.5598278844736284,0.5598278844736284,positive,143,71,236
C_LOGISTIC_REGRESSION,3,2,66,does,textual,coefficient,-0.5596001269980299,0.5596001269980299,negative,144,234,73
C_LOGISTIC_REGRESSION,3,2,20,adults,textual,coefficient,-0.5476602347063384,0.5476602347063384,negative,145,233,74
C_LOGISTIC_REGRESSION,3,2,127,impulsivity,textual,coefficient,0.5408132153548555,0.5408132153548555,positive,146,72,235
C_LOGISTIC_REGRESSION,3,2,282,understand,textual,coefficient,0.5390088044121496,0.5390088044121496,positive,147,73,234
C_LOGISTIC_REGRESSION,3,2,41,child,textual,coefficient,0.5386487412718465,0.5386487412718465,positive,148,74,233
C_LOGISTIC_REGRESSION,3,2,243,strategies,textual,coefficient,0.5334663358353906,0.5334663358353906,positive,149,75,232
C_LOGISTIC_REGRESSION,3,2,56,diagnostic,textual,coefficient,0.5312123822870639,0.5312123822870639,positive,150,76,231
C_LOGISTIC_REGRESSION,3,2,230,shorts,textual,coefficient,-0.5278785881866748,0.5278785881866748,negative,151,232,75
C_LOGISTIC_REGRESSION,3,2,293,ways,textual,coefficient,-0.5254304876896368,0.5254304876896368,negative,152,231,76
C_LOGISTIC_REGRESSION,3,2,177,moving,textual,coefficient,0.5179213583723639,0.5179213583723639,positive,153,77,230
C_LOGISTIC_REGRESSION,3,2,63,disorders,textual,coefficient,-0.5110689572938077,0.5110689572938077,negative,154,230,77
C_LOGISTIC_REGRESSION,3,2,107,got,textual,coefficient,-0.5093063248358104,0.5093063248358104,negative,155,229,78
C_LOGISTIC_REGRESSION,3,2,95,feeling,textual,coefficient,0.5053362641860991,0.5053362641860991,positive,156,78,229
C_LOGISTIC_REGRESSION,3,2,266,things like,textual,coefficient,0.5043091638401414,0.5043091638401414,positive,157,79,228
C_LOGISTIC_REGRESSION,3,2,202,poor,textual,coefficient,-0.501580827691225,0.501580827691225,negative,158,228,79
C_LOGISTIC_REGRESSION,3,2,212,recommend,textual,coefficient,-0.5004384584461449,0.5004384584461449,negative,159,227,80
C_LOGISTIC_REGRESSION,3,2,183,neurotypical person,textual,coefficient,-0.4933021030584426,0.4933021030584426,negative,160,226,81
C_LOGISTIC_REGRESSION,3,2,112,harder,textual,coefficient,-0.4906192996667178,0.4906192996667178,negative,161,225,82
C_LOGISTIC_REGRESSION,3,2,276,trying,textual,coefficient,-0.48817267431458006,0.48817267431458006,negative,162,224,83
C_LOGISTIC_REGRESSION,3,2,104,getting,textual,coefficient,-0.48741714983594825,0.48741714983594825,negative,163,223,84
C_LOGISTIC_REGRESSION,3,2,168,mean,textual,coefficient,0.48680904455131124,0.48680904455131124,positive,164,80,227
C_LOGISTIC_REGRESSION,3,2,250,support,textual,coefficient,0.48498805264528133,0.48498805264528133,positive,165,81,226
C_LOGISTIC_REGRESSION,3,2,159,lot,textual,coefficient,-0.4846096561733129,0.4846096561733129,negative,166,222,85
C_LOGISTIC_REGRESSION,3,2,146,let,textual,coefficient,0.4792863629072906,0.4792863629072906,positive,167,82,225
C_LOGISTIC_REGRESSION,3,2,31,better,textual,coefficient,-0.4631190716780847,0.4631190716780847,negative,168,221,86
C_LOGISTIC_REGRESSION,3,2,11,adhd diagnosis,textual,coefficient,-0.45976411747092955,0.45976411747092955,negative,169,220,87
C_LOGISTIC_REGRESSION,3,2,238,start,textual,coefficient,0.45071091209211733,0.45071091209211733,positive,170,83,224
C_LOGISTIC_REGRESSION,3,2,1,able,textual,coefficient,-0.4469831451074468,0.4469831451074468,negative,171,219,88
C_LOGISTIC_REGRESSION,3,2,224,self,textual,coefficient,0.4399826329694472,0.4399826329694472,positive,172,84,223
C_LOGISTIC_REGRESSION,3,2,43,come,textual,coefficient,-0.4378509342123278,0.4378509342123278,negative,173,218,89
C_LOGISTIC_REGRESSION,3,2,32,big,textual,coefficient,-0.435820028976002,0.435820028976002,negative,174,217,90
C_LOGISTIC_REGRESSION,3,2,22,answer sep,textual,coefficient,-0.4348617128850884,0.4348617128850884,negative,175,216,91
C_LOGISTIC_REGRESSION,3,2,251,sure,textual,coefficient,-0.43343322374210164,0.43343322374210164,negative,176,215,92
C_LOGISTIC_REGRESSION,3,2,160,love,textual,coefficient,-0.42405476149721727,0.42405476149721727,negative,177,214,93
C_LOGISTIC_REGRESSION,3,2,85,example,textual,coefficient,-0.4202038849839938,0.4202038849839938,negative,178,213,94
C_LOGISTIC_REGRESSION,3,2,300,certainty_score,handcrafted_linguistic,coefficient,-0.4151220327830361,0.4151220327830361,negative,179,212,95
C_LOGISTIC_REGRESSION,3,2,214,regulation,textual,coefficient,-0.4141301922782471,0.4141301922782471,negative,180,211,96
C_LOGISTIC_REGRESSION,3,2,178,music,textual,coefficient,-0.41390819426722547,0.41390819426722547,negative,181,210,97
C_LOGISTIC_REGRESSION,3,2,301,hedge_score,handcrafted_linguistic,coefficient,0.4120103953776919,0.4120103953776919,positive,182,85,222
C_LOGISTIC_REGRESSION,3,2,96,feelings,textual,coefficient,0.401903297092554,0.401903297092554,positive,183,86,221
C_LOGISTIC_REGRESSION,3,2,247,study,textual,coefficient,-0.39996592761647504,0.39996592761647504,negative,184,209,98
C_LOGISTIC_REGRESSION,3,2,232,signs adhd,textual,coefficient,-0.3918036382356424,0.3918036382356424,negative,185,208,99
C_LOGISTIC_REGRESSION,3,2,88,experts,textual,coefficient,-0.39175137173798613,0.39175137173798613,negative,186,206,100
C_LOGISTIC_REGRESSION,3,2,89,experts answer,textual,coefficient,-0.39175137173798613,0.39175137173798613,negative,186,206,100
C_LOGISTIC_REGRESSION,3,2,67,doesn,textual,coefficient,-0.3901671814019374,0.3901671814019374,negative,188,205,102
C_LOGISTIC_REGRESSION,3,2,198,place,textual,coefficient,0.3862639220553704,0.3862639220553704,positive,189,87,220
C_LOGISTIC_REGRESSION,3,2,50,criteria,textual,coefficient,0.3842968394224206,0.3842968394224206,positive,190,88,219
C_LOGISTIC_REGRESSION,3,2,259,tell,textual,coefficient,0.3785938303907103,0.3785938303907103,positive,191,89,218
C_LOGISTIC_REGRESSION,3,2,129,inattentive,textual,coefficient,-0.37811849349717547,0.37811849349717547,negative,192,204,103
C_LOGISTIC_REGRESSION,3,2,65,doctor,textual,coefficient,0.373960386310266,0.373960386310266,positive,193,90,217
C_LOGISTIC_REGRESSION,3,2,61,difficulty,textual,coefficient,-0.3561031496382454,0.3561031496382454,negative,194,203,104
C_LOGISTIC_REGRESSION,3,2,84,everybody,textual,coefficient,-0.35285514389659867,0.35285514389659867,negative,195,202,105
C_LOGISTIC_REGRESSION,3,2,158,looking,textual,coefficient,-0.34150435257841233,0.34150435257841233,negative,196,201,106
C_LOGISTIC_REGRESSION,3,2,200,playing,textual,coefficient,-0.3372040077445806,0.3372040077445806,negative,197,200,107
C_LOGISTIC_REGRESSION,3,2,19,adult,textual,coefficient,-0.33520189942728196,0.33520189942728196,negative,198,199,108
C_LOGISTIC_REGRESSION,3,2,119,higher,textual,coefficient,-0.3339069173863297,0.3339069173863297,negative,199,198,109
C_LOGISTIC_REGRESSION,3,2,83,especially,textual,coefficient,0.33285122162353803,0.33285122162353803,positive,200,91,216
C_LOGISTIC_REGRESSION,3,2,189,parents,textual,coefficient,-0.3277264963129372,0.3277264963129372,negative,201,197,110
C_LOGISTIC_REGRESSION,3,2,188,options,textual,coefficient,-0.32585734471704125,0.32585734471704125,negative,202,196,111
C_LOGISTIC_REGRESSION,3,2,47,condition,textual,coefficient,-0.32406375322905095,0.32406375322905095,negative,203,195,112
C_LOGISTIC_REGRESSION,3,2,257,task,textual,coefficient,0.3237348610951845,0.3237348610951845,positive,204,92,215
C_LOGISTIC_REGRESSION,3,2,203,present,textual,coefficient,0.3219609893005522,0.3219609893005522,positive,205,93,214
C_LOGISTIC_REGRESSION,3,2,273,treatment,textual,coefficient,0.3216102491186078,0.3216102491186078,positive,206,94,213
C_LOGISTIC_REGRESSION,3,2,234,sleep,textual,coefficient,-0.32027130809025345,0.32027130809025345,negative,207,194,113
C_LOGISTIC_REGRESSION,3,2,122,hyperactive,textual,coefficient,0.31479112451047736,0.31479112451047736,positive,208,95,212
C_LOGISTIC_REGRESSION,3,2,210,real,textual,coefficient,-0.3135148413602884,0.3135148413602884,negative,209,193,114
C_LOGISTIC_REGRESSION,3,2,297,worse,textual,coefficient,0.31198704891646206,0.31198704891646206,positive,210,96,211
C_LOGISTIC_REGRESSION,3,2,284,use,textual,coefficient,-0.3094892477858177,0.3094892477858177,negative,211,192,115
C_LOGISTIC_REGRESSION,3,2,180,need,textual,coefficient,0.30605513542822027,0.30605513542822027,positive,212,97,210
C_LOGISTIC_REGRESSION,3,2,139,kids,textual,coefficient,-0.3053712131871166,0.3053712131871166,negative,213,191,116
C_LOGISTIC_REGRESSION,3,2,74,dysfunction,textual,coefficient,0.2938805257283463,0.2938805257283463,positive,214,98,209
C_LOGISTIC_REGRESSION,3,2,140,kind,textual,coefficient,-0.2909290781195964,0.2909290781195964,negative,215,190,117
C_LOGISTIC_REGRESSION,3,2,246,struggling,textual,coefficient,0.28964029740598246,0.28964029740598246,positive,216,99,208
C_LOGISTIC_REGRESSION,3,2,23,anxiety,textual,coefficient,-0.2828004822789894,0.2828004822789894,negative,217,189,118
C_LOGISTIC_REGRESSION,3,2,70,don know,textual,coefficient,-0.2795590688304965,0.2795590688304965,negative,218,188,119
C_LOGISTIC_REGRESSION,3,2,42,children,textual,coefficient,-0.27188163578282604,0.27188163578282604,negative,219,187,120
C_LOGISTIC_REGRESSION,3,2,0,10,textual,coefficient,-0.26900203510790477,0.26900203510790477,negative,220,186,121
C_LOGISTIC_REGRESSION,3,2,86,executive,textual,coefficient,0.266303858202912,0.266303858202912,positive,221,100,207
C_LOGISTIC_REGRESSION,3,2,68,doing,textual,coefficient,-0.2639298650364758,0.2639298650364758,negative,222,185,122
C_LOGISTIC_REGRESSION,3,2,249,sugar,textual,coefficient,-0.2626669758094845,0.2626669758094845,negative,223,184,123
C_LOGISTIC_REGRESSION,3,2,103,function,textual,coefficient,0.26233731371991137,0.26233731371991137,positive,224,101,206
C_LOGISTIC_REGRESSION,3,2,184,non,textual,coefficient,-0.2584963749234127,0.2584963749234127,negative,225,183,124
C_LOGISTIC_REGRESSION,3,2,235,social,textual,coefficient,-0.25271529520368424,0.25271529520368424,negative,226,182,125
C_LOGISTIC_REGRESSION,3,2,237,sort,textual,coefficient,-0.2525010715098664,0.2525010715098664,negative,227,181,126
C_LOGISTIC_REGRESSION,3,2,263,therapy,textual,coefficient,-0.2421209412330442,0.2421209412330442,negative,228,180,127
C_LOGISTIC_REGRESSION,3,2,255,talk,textual,coefficient,0.24049892868627495,0.24049892868627495,positive,229,102,205
C_LOGISTIC_REGRESSION,3,2,113,having,textual,coefficient,0.23195505464109292,0.23195505464109292,positive,230,103,204
C_LOGISTIC_REGRESSION,3,2,218,running,textual,coefficient,-0.22663265350277434,0.22663265350277434,negative,231,179,128
C_LOGISTIC_REGRESSION,3,2,262,test,textual,coefficient,0.22028854723703706,0.22028854723703706,positive,232,104,203
C_LOGISTIC_REGRESSION,3,2,81,end,textual,coefficient,-0.21778035893095002,0.21778035893095002,negative,233,178,129
C_LOGISTIC_REGRESSION,3,2,154,ll,textual,coefficient,-0.21329318055516797,0.21329318055516797,negative,234,177,130
C_LOGISTIC_REGRESSION,3,2,295,work,textual,coefficient,-0.21105633669319232,0.21105633669319232,negative,235,176,131
C_LOGISTIC_REGRESSION,3,2,48,constantly,textual,coefficient,-0.21027720707813974,0.21027720707813974,negative,236,175,132
C_LOGISTIC_REGRESSION,3,2,76,eat,textual,coefficient,0.20654840833667096,0.20654840833667096,positive,237,105,202
C_LOGISTIC_REGRESSION,3,2,44,comes,textual,coefficient,-0.2057336767626331,0.2057336767626331,negative,238,174,133
C_LOGISTIC_REGRESSION,3,2,120,home,textual,coefficient,-0.2041848758862273,0.2041848758862273,negative,239,173,134
C_LOGISTIC_REGRESSION,3,2,175,mood,textual,coefficient,-0.2038206098212325,0.2038206098212325,negative,240,172,135
C_LOGISTIC_REGRESSION,3,2,267,think,textual,coefficient,0.19717634846283552,0.19717634846283552,positive,241,106,201
C_LOGISTIC_REGRESSION,3,2,29,behaviors,textual,coefficient,-0.1954240611761,0.1954240611761,negative,242,171,136
C_LOGISTIC_REGRESSION,3,2,144,lead,textual,coefficient,0.19466666005340896,0.19466666005340896,positive,243,107,200
C_LOGISTIC_REGRESSION,3,2,40,challenges,textual,coefficient,-0.19140709489305896,0.19140709489305896,negative,244,170,137
C_LOGISTIC_REGRESSION,3,2,14,adhd real,textual,coefficient,-0.19135887687195552,0.19135887687195552,negative,245,169,138
C_LOGISTIC_REGRESSION,3,2,258,tasks,textual,coefficient,-0.18122871622777198,0.18122871622777198,negative,246,168,139
C_LOGISTIC_REGRESSION,3,2,233,sit,textual,coefficient,0.18007724542804873,0.18007724542804873,positive,247,108,199
C_LOGISTIC_REGRESSION,3,2,45,common,textual,coefficient,-0.17373685497346092,0.17373685497346092,negative,248,167,140
C_LOGISTIC_REGRESSION,3,2,124,impact,textual,coefficient,0.17190679133683276,0.17190679133683276,positive,249,109,198
C_LOGISTIC_REGRESSION,3,2,33,bit,textual,coefficient,0.16503507655260022,0.16503507655260022,positive,250,110,197
C_LOGISTIC_REGRESSION,3,2,49,control,textual,coefficient,-0.15859682803913228,0.15859682803913228,negative,251,166,141
C_LOGISTIC_REGRESSION,3,2,205,problem,textual,coefficient,0.15765074827812117,0.15765074827812117,positive,252,111,196
C_LOGISTIC_REGRESSION,3,2,78,effects,textual,coefficient,0.1572425829346039,0.1572425829346039,positive,253,112,195
C_LOGISTIC_REGRESSION,3,2,13,adhd medication,textual,coefficient,-0.1554180453639633,0.1554180453639633,negative,254,165,142
C_LOGISTIC_REGRESSION,3,2,16,adhd symptoms,textual,coefficient,-0.149350980655374,0.149350980655374,negative,255,164,143
C_LOGISTIC_REGRESSION,3,2,64,distracted,textual,coefficient,-0.14438972499432579,0.14438972499432579,negative,256,163,144
C_LOGISTIC_REGRESSION,3,2,231,signs,textual,coefficient,0.14325981803006643,0.14325981803006643,positive,257,113,194
C_LOGISTIC_REGRESSION,3,2,173,mental,textual,coefficient,-0.14318643943638631,0.14318643943638631,negative,258,162,145
C_LOGISTIC_REGRESSION,3,2,60,different,textual,coefficient,-0.13940567065698586,0.13940567065698586,negative,259,161,146
C_LOGISTIC_REGRESSION,3,2,227,sep,textual,coefficient,-0.13851382849434657,0.13851382849434657,negative,260,160,147
C_LOGISTIC_REGRESSION,3,2,167,maybe,textual,coefficient,-0.13749706974354067,0.13749706974354067,negative,261,159,148
C_LOGISTIC_REGRESSION,3,2,145,learn,textual,coefficient,-0.1364662860173622,0.1364662860173622,negative,262,158,149
C_LOGISTIC_REGRESSION,3,2,190,patients,textual,coefficient,0.13305405259542627,0.13305405259542627,positive,263,114,193
C_LOGISTIC_REGRESSION,3,2,299,yeah,textual,coefficient,-0.13203369313203817,0.13203369313203817,negative,264,157,150
C_LOGISTIC_REGRESSION,3,2,6,adhd,textual,coefficient,-0.12990282264982697,0.12990282264982697,negative,265,156,151
C_LOGISTIC_REGRESSION,3,2,245,struggles,textual,coefficient,-0.1260342908889702,0.1260342908889702,negative,266,155,152
C_LOGISTIC_REGRESSION,3,2,169,means,textual,coefficient,0.12412373167426446,0.12412373167426446,positive,267,115,192
C_LOGISTIC_REGRESSION,3,2,55,diagnosis,textual,coefficient,-0.12388726033401573,0.12388726033401573,negative,268,154,153
C_LOGISTIC_REGRESSION,3,2,137,key,textual,coefficient,-0.12145166056541906,0.12145166056541906,negative,269,153,154
C_LOGISTIC_REGRESSION,3,2,75,easily,textual,coefficient,0.11924789496621678,0.11924789496621678,positive,270,116,191
C_LOGISTIC_REGRESSION,3,2,277,turn,textual,coefficient,0.11768534836089543,0.11768534836089543,positive,271,117,190
C_LOGISTIC_REGRESSION,3,2,54,diagnosed,textual,coefficient,-0.11161493315109206,0.11161493315109206,negative,272,152,155
C_LOGISTIC_REGRESSION,3,2,12,adhd just,textual,coefficient,-0.10638558345233891,0.10638558345233891,negative,273,151,156
C_LOGISTIC_REGRESSION,3,2,217,right,textual,coefficient,0.10281218413634902,0.10281218413634902,positive,274,118,189
C_LOGISTIC_REGRESSION,3,2,280,um,textual,coefficient,-0.09853109917646252,0.09853109917646252,negative,275,150,157
C_LOGISTIC_REGRESSION,3,2,28,behavior,textual,coefficient,0.09751038021818301,0.09751038021818301,positive,276,119,188
C_LOGISTIC_REGRESSION,3,2,288,ve got,textual,coefficient,-0.09642883650688835,0.09642883650688835,negative,277,149,158
C_LOGISTIC_REGRESSION,3,2,179,natural,textual,coefficient,-0.09334886605921401,0.09334886605921401,negative,278,148,159
C_LOGISTIC_REGRESSION,3,2,115,hear,textual,coefficient,-0.08818782221176376,0.08818782221176376,negative,279,147,160
C_LOGISTIC_REGRESSION,3,2,126,impulsive,textual,coefficient,0.08683008672081277,0.08683008672081277,positive,280,120,187
C_LOGISTIC_REGRESSION,3,2,196,phone,textual,coefficient,-0.08493285225799609,0.08493285225799609,negative,281,146,161
C_LOGISTIC_REGRESSION,3,2,62,disorder,textual,coefficient,-0.08258228841569948,0.08258228841569948,negative,282,145,162
C_LOGISTIC_REGRESSION,3,2,131,information,textual,coefficient,0.07705774329316396,0.07705774329316396,positive,283,121,186
C_LOGISTIC_REGRESSION,3,2,204,probably,textual,coefficient,0.07353473829015716,0.07353473829015716,positive,284,122,185
C_LOGISTIC_REGRESSION,3,2,215,rejection,textual,coefficient,-0.06898116473569843,0.06898116473569843,negative,285,144,163
C_LOGISTIC_REGRESSION,3,2,201,point,textual,coefficient,-0.06806509275258536,0.06806509275258536,negative,286,143,164
C_LOGISTIC_REGRESSION,3,2,268,thinking,textual,coefficient,0.0677722309644252,0.0677722309644252,positive,287,123,184
C_LOGISTIC_REGRESSION,3,2,46,complete,textual,coefficient,0.06585134214528111,0.06585134214528111,positive,288,124,183
C_LOGISTIC_REGRESSION,3,2,92,fact,textual,coefficient,0.06344465685907266,0.06344465685907266,positive,289,125,182
C_LOGISTIC_REGRESSION,3,2,134,isn,textual,coefficient,-0.06242637900087774,0.06242637900087774,negative,290,142,165
C_LOGISTIC_REGRESSION,3,2,193,people,textual,coefficient,0.06032463845550616,0.06032463845550616,positive,291,126,181
C_LOGISTIC_REGRESSION,3,2,8,adhd autism,textual,coefficient,-0.052566659697820935,0.052566659697820935,negative,292,141,166
C_LOGISTIC_REGRESSION,3,2,105,going,textual,coefficient,-0.049710896501692595,0.049710896501692595,negative,293,140,167
C_LOGISTIC_REGRESSION,3,2,91,explained,textual,coefficient,0.04766568855392768,0.04766568855392768,positive,294,127,180
C_LOGISTIC_REGRESSION,3,2,219,say,textual,coefficient,-0.04289438089130541,0.04289438089130541,negative,295,139,168
C_LOGISTIC_REGRESSION,3,2,10,adhd brains,textual,coefficient,-0.03892072782762608,0.03892072782762608,negative,296,138,169
C_LOGISTIC_REGRESSION,3,2,303,comments,engagement_or_format,coefficient,-0.038298642361585894,0.038298642361585894,negative,297,137,170
C_LOGISTIC_REGRESSION,3,2,163,make sure,textual,coefficient,-0.03697301918666559,0.03697301918666559,negative,298,136,171
C_LOGISTIC_REGRESSION,3,2,166,manage,textual,coefficient,0.035261935378622454,0.035261935378622454,positive,299,128,179
C_LOGISTIC_REGRESSION,3,2,197,physical,textual,coefficient,-0.03131869824009798,0.03131869824009798,negative,300,135,172
C_LOGISTIC_REGRESSION,3,2,199,play,textual,coefficient,0.025657878492033805,0.025657878492033805,positive,301,129,178
C_LOGISTIC_REGRESSION,3,2,24,aren,textual,coefficient,0.025007007388384545,0.025007007388384545,positive,302,130,177
C_LOGISTIC_REGRESSION,3,2,260,tend,textual,coefficient,-0.024122826388722023,0.024122826388722023,negative,303,134,173
C_LOGISTIC_REGRESSION,3,2,2,activities,textual,coefficient,0.014933409674236807,0.014933409674236807,positive,304,131,176
C_LOGISTIC_REGRESSION,3,2,36,brains,textual,coefficient,0.013120678409217426,0.013120678409217426,positive,305,132,175
C_LOGISTIC_REGRESSION,3,2,136,just,textual,coefficient,-0.00016802229168506457,0.00016802229168506457,negative,306,133,174
C_LOGISTIC_REGRESSION,3,3,161,low,textual,coefficient,2.408002123866549,2.408002123866549,positive,1,1,306
C_LOGISTIC_REGRESSION,3,3,271,treat,textual,coefficient,2.148652100448943,2.148652100448943,positive,2,2,305
C_LOGISTIC_REGRESSION,3,3,264,thing,textual,coefficient,2.0839065892945645,2.0839065892945645,positive,3,3,304
C_LOGISTIC_REGRESSION,3,3,58,diet,textual,coefficient,1.950647647293771,1.950647647293771,positive,4,4,303
C_LOGISTIC_REGRESSION,3,3,287,ve,textual,coefficient,-1.8826388913659198,1.8826388913659198,negative,5,306,1
C_LOGISTIC_REGRESSION,3,3,125,important,textual,coefficient,1.8147793226759075,1.8147793226759075,positive,6,5,302
C_LOGISTIC_REGRESSION,3,3,54,diagnosed,textual,coefficient,1.7790432646974628,1.7790432646974628,positive,7,6,301
C_LOGISTIC_REGRESSION,3,3,51,day,textual,coefficient,1.7508916032064017,1.7508916032064017,positive,8,7,300
C_LOGISTIC_REGRESSION,3,3,242,stop,textual,coefficient,-1.725811553174547,1.725811553174547,negative,9,305,2
C_LOGISTIC_REGRESSION,3,3,205,problem,textual,coefficient,1.6921104132339417,1.6921104132339417,positive,10,8,299
C_LOGISTIC_REGRESSION,3,3,215,rejection,textual,coefficient,1.6663793103079667,1.6663793103079667,positive,11,9,298
C_LOGISTIC_REGRESSION,3,3,82,energy,textual,coefficient,-1.6164472374072838,1.6164472374072838,negative,12,304,3
C_LOGISTIC_REGRESSION,3,3,6,adhd,textual,coefficient,-1.5691714565045785,1.5691714565045785,negative,13,303,4
C_LOGISTIC_REGRESSION,3,3,85,example,textual,coefficient,1.5576979396493955,1.5576979396493955,positive,14,10,297
C_LOGISTIC_REGRESSION,3,3,71,dopamine,textual,coefficient,1.5247769715963873,1.5247769715963873,positive,15,11,296
C_LOGISTIC_REGRESSION,3,3,296,world,textual,coefficient,1.4642548989717359,1.4642548989717359,positive,16,12,295
C_LOGISTIC_REGRESSION,3,3,194,people adhd,textual,coefficient,-1.4516848649081873,1.4516848649081873,negative,17,302,5
C_LOGISTIC_REGRESSION,3,3,87,experience,textual,coefficient,1.4473719664254954,1.4473719664254954,positive,18,13,294
C_LOGISTIC_REGRESSION,3,3,247,study,textual,coefficient,1.434749450355768,1.434749450355768,positive,19,14,293
C_LOGISTIC_REGRESSION,3,3,201,point,textual,coefficient,1.3979644610846096,1.3979644610846096,positive,20,15,292
C_LOGISTIC_REGRESSION,3,3,147,levels,textual,coefficient,1.3581636767771066,1.3581636767771066,positive,21,16,291
C_LOGISTIC_REGRESSION,3,3,78,effects,textual,coefficient,1.3328649666723682,1.3328649666723682,positive,22,17,290
C_LOGISTIC_REGRESSION,3,3,278,type,textual,coefficient,-1.331533188435431,1.331533188435431,negative,23,301,6
C_LOGISTIC_REGRESSION,3,3,195,person,textual,coefficient,1.2667068481155968,1.2667068481155968,positive,24,18,289
C_LOGISTIC_REGRESSION,3,3,275,try,textual,coefficient,-1.2663712243349976,1.2663712243349976,negative,25,300,7
C_LOGISTIC_REGRESSION,3,3,222,second,textual,coefficient,1.265816751843873,1.265816751843873,positive,26,19,288
C_LOGISTIC_REGRESSION,3,3,155,long,textual,coefficient,1.2416388584788176,1.2416388584788176,positive,27,20,287
C_LOGISTIC_REGRESSION,3,3,157,look,textual,coefficient,-1.2204576172047088,1.2204576172047088,negative,28,299,8
C_LOGISTIC_REGRESSION,3,3,249,sugar,textual,coefficient,1.2162376760416875,1.2162376760416875,positive,29,21,286
C_LOGISTIC_REGRESSION,3,3,231,signs,textual,coefficient,-1.1978686317738338,1.1978686317738338,negative,30,298,9
C_LOGISTIC_REGRESSION,3,3,17,adhd women,textual,coefficient,1.1749743743924916,1.1749743743924916,positive,31,22,285
C_LOGISTIC_REGRESSION,3,3,127,impulsivity,textual,coefficient,-1.173522567602796,1.173522567602796,negative,32,297,10
C_LOGISTIC_REGRESSION,3,3,302,likes,engagement_or_format,coefficient,1.16959377209336,1.16959377209336,positive,33,23,284
C_LOGISTIC_REGRESSION,3,3,175,mood,textual,coefficient,1.1691397173426918,1.1691397173426918,positive,34,24,283
C_LOGISTIC_REGRESSION,3,3,200,playing,textual,coefficient,1.1672426013279016,1.1672426013279016,positive,35,25,282
C_LOGISTIC_REGRESSION,3,3,62,disorder,textual,coefficient,1.1669908367549204,1.1669908367549204,positive,36,26,281
C_LOGISTIC_REGRESSION,3,3,267,think,textual,coefficient,-1.1562020914985416,1.1562020914985416,negative,37,296,11
C_LOGISTIC_REGRESSION,3,3,138,kid,textual,coefficient,-1.1501106355418897,1.1501106355418897,negative,38,295,12
C_LOGISTIC_REGRESSION,3,3,97,focus,textual,coefficient,-1.1469823547072717,1.1469823547072717,negative,39,294,13
C_LOGISTIC_REGRESSION,3,3,133,iron,textual,coefficient,-1.1459553712241213,1.1459553712241213,negative,40,293,14
C_LOGISTIC_REGRESSION,3,3,154,ll,textual,coefficient,1.1441525284522651,1.1441525284522651,positive,41,27,280
C_LOGISTIC_REGRESSION,3,3,197,physical,textual,coefficient,-1.143904975653842,1.143904975653842,negative,42,292,15
C_LOGISTIC_REGRESSION,3,3,104,getting,textual,coefficient,-1.1317479816170433,1.1317479816170433,negative,43,291,16
C_LOGISTIC_REGRESSION,3,3,37,called,textual,coefficient,1.1190998891448594,1.1190998891448594,positive,44,28,279
C_LOGISTIC_REGRESSION,3,3,259,tell,textual,coefficient,1.1143657316955289,1.1143657316955289,positive,45,29,278
C_LOGISTIC_REGRESSION,3,3,284,use,textual,coefficient,1.0830515165835328,1.0830515165835328,positive,46,30,277
C_LOGISTIC_REGRESSION,3,3,289,video,textual,coefficient,-1.0736941020442181,1.0736941020442181,negative,47,290,17
C_LOGISTIC_REGRESSION,3,3,243,strategies,textual,coefficient,1.063204013684851,1.063204013684851,positive,48,31,276
C_LOGISTIC_REGRESSION,3,3,57,did,textual,coefficient,1.0606745709862038,1.0606745709862038,positive,49,32,275
C_LOGISTIC_REGRESSION,3,3,213,reduce,textual,coefficient,1.0279523497028722,1.0279523497028722,positive,50,33,274
C_LOGISTIC_REGRESSION,3,3,279,uh,textual,coefficient,1.027634941737554,1.027634941737554,positive,51,34,273
C_LOGISTIC_REGRESSION,3,3,100,foods,textual,coefficient,1.0170128691476177,1.0170128691476177,positive,52,35,272
C_LOGISTIC_REGRESSION,3,3,116,help,textual,coefficient,1.0139869612604182,1.0139869612604182,positive,53,36,271
C_LOGISTIC_REGRESSION,3,3,211,really,textual,coefficient,-1.01283033997578,1.01283033997578,negative,54,289,18
C_LOGISTIC_REGRESSION,3,3,176,motivation,textual,coefficient,-1.0090326537138887,1.0090326537138887,negative,55,288,19
C_LOGISTIC_REGRESSION,3,3,288,ve got,textual,coefficient,-0.9881952954660241,0.9881952954660241,negative,56,287,20
C_LOGISTIC_REGRESSION,3,3,103,function,textual,coefficient,-0.9874078823698105,0.9874078823698105,negative,57,286,21
C_LOGISTIC_REGRESSION,3,3,126,impulsive,textual,coefficient,-0.9868338539881085,0.9868338539881085,negative,58,285,22
C_LOGISTIC_REGRESSION,3,3,77,eating,textual,coefficient,-0.9676884987250677,0.9676884987250677,negative,59,284,23
C_LOGISTIC_REGRESSION,3,3,141,know,textual,coefficient,0.9654682395845184,0.9654682395845184,positive,60,37,270
C_LOGISTIC_REGRESSION,3,3,226,sensitivity,textual,coefficient,0.9544742866523241,0.9544742866523241,positive,61,38,269
C_LOGISTIC_REGRESSION,3,3,170,medication,textual,coefficient,-0.9520434619515089,0.9520434619515089,negative,62,283,24
C_LOGISTIC_REGRESSION,3,3,69,don,textual,coefficient,-0.9367755875191653,0.9367755875191653,negative,63,282,25
C_LOGISTIC_REGRESSION,3,3,185,number,textual,coefficient,-0.9285259696909703,0.9285259696909703,negative,64,281,26
C_LOGISTIC_REGRESSION,3,3,109,happen,textual,coefficient,0.927523180647819,0.927523180647819,positive,65,39,268
C_LOGISTIC_REGRESSION,3,3,142,lack,textual,coefficient,-0.9017544325945892,0.9017544325945892,negative,66,280,27
C_LOGISTIC_REGRESSION,3,3,144,lead,textual,coefficient,0.8998821403024461,0.8998821403024461,positive,67,40,267
C_LOGISTIC_REGRESSION,3,3,178,music,textual,coefficient,-0.897222017920089,0.897222017920089,negative,68,279,28
C_LOGISTIC_REGRESSION,3,3,106,good,textual,coefficient,0.8956719488487439,0.8956719488487439,positive,69,41,266
C_LOGISTIC_REGRESSION,3,3,99,food,textual,coefficient,0.8934916707592334,0.8934916707592334,positive,70,42,265
C_LOGISTIC_REGRESSION,3,3,208,psychiatrist,textual,coefficient,-0.8820716836502478,0.8820716836502478,negative,71,278,29
C_LOGISTIC_REGRESSION,3,3,8,adhd autism,textual,coefficient,-0.8778648635846344,0.8778648635846344,negative,72,277,30
C_LOGISTIC_REGRESSION,3,3,240,stimulant,textual,coefficient,-0.8737179915733859,0.8737179915733859,negative,73,276,31
C_LOGISTIC_REGRESSION,3,3,182,neurotypical,textual,coefficient,0.8714859654241632,0.8714859654241632,positive,74,43,264
C_LOGISTIC_REGRESSION,3,3,23,anxiety,textual,coefficient,-0.8588418896012968,0.8588418896012968,negative,75,275,32
C_LOGISTIC_REGRESSION,3,3,225,sense,textual,coefficient,-0.8539497871500349,0.8539497871500349,negative,76,274,33
C_LOGISTIC_REGRESSION,3,3,241,stimulants,textual,coefficient,-0.8321338638658049,0.8321338638658049,negative,77,273,34
C_LOGISTIC_REGRESSION,3,3,112,harder,textual,coefficient,-0.8312267441279978,0.8312267441279978,negative,78,272,35
C_LOGISTIC_REGRESSION,3,3,31,better,textual,coefficient,0.8208824714859695,0.8208824714859695,positive,79,44,263
C_LOGISTIC_REGRESSION,3,3,274,trouble,textual,coefficient,-0.8194681544616104,0.8194681544616104,negative,80,271,36
C_LOGISTIC_REGRESSION,3,3,193,people,textual,coefficient,-0.8191853459242909,0.8191853459242909,negative,81,270,37
C_LOGISTIC_REGRESSION,3,3,269,time,textual,coefficient,-0.8123791488101568,0.8123791488101568,negative,82,269,38
C_LOGISTIC_REGRESSION,3,3,110,happens,textual,coefficient,0.8114485004180577,0.8114485004180577,positive,83,45,262
C_LOGISTIC_REGRESSION,3,3,162,make,textual,coefficient,0.8105500292177947,0.8105500292177947,positive,84,46,261
C_LOGISTIC_REGRESSION,3,3,156,long term,textual,coefficient,0.8057682179685863,0.8057682179685863,positive,85,47,260
C_LOGISTIC_REGRESSION,3,3,45,common,textual,coefficient,-0.798080040636246,0.798080040636246,negative,86,268,39
C_LOGISTIC_REGRESSION,3,3,204,probably,textual,coefficient,0.7823298070855911,0.7823298070855911,positive,87,48,259
C_LOGISTIC_REGRESSION,3,3,238,start,textual,coefficient,-0.7722646251293617,0.7722646251293617,negative,88,267,40
C_LOGISTIC_REGRESSION,3,3,171,medications,textual,coefficient,-0.7672829814926994,0.7672829814926994,negative,89,266,41
C_LOGISTIC_REGRESSION,3,3,7,adhd adhd,textual,coefficient,-0.7627037601646147,0.7627037601646147,negative,90,265,42
C_LOGISTIC_REGRESSION,3,3,52,deficit,textual,coefficient,0.761903666698613,0.761903666698613,positive,91,49,258
C_LOGISTIC_REGRESSION,3,3,159,lot,textual,coefficient,-0.7601857078674982,0.7601857078674982,negative,92,264,43
C_LOGISTIC_REGRESSION,3,3,294,women,textual,coefficient,0.7469260689895381,0.7469260689895381,positive,93,50,257
C_LOGISTIC_REGRESSION,3,3,41,child,textual,coefficient,0.7312038619975259,0.7312038619975259,positive,94,51,256
C_LOGISTIC_REGRESSION,3,3,94,feel like,textual,coefficient,0.7194252407615904,0.7194252407615904,positive,95,52,255
C_LOGISTIC_REGRESSION,3,3,150,like,textual,coefficient,-0.7150186460732575,0.7150186460732575,negative,96,263,44
C_LOGISTIC_REGRESSION,3,3,105,going,textual,coefficient,-0.7082196706200622,0.7082196706200622,negative,97,262,45
C_LOGISTIC_REGRESSION,3,3,250,support,textual,coefficient,-0.7065335577927598,0.7065335577927598,negative,98,261,46
C_LOGISTIC_REGRESSION,3,3,286,usually,textual,coefficient,0.6995984875524195,0.6995984875524195,positive,99,53,254
C_LOGISTIC_REGRESSION,3,3,122,hyperactive,textual,coefficient,-0.6819754944859171,0.6819754944859171,negative,100,260,47
C_LOGISTIC_REGRESSION,3,3,143,late,textual,coefficient,0.6753002381660469,0.6753002381660469,positive,101,54,253
C_LOGISTIC_REGRESSION,3,3,196,phone,textual,coefficient,-0.6751400902177213,0.6751400902177213,negative,102,259,48
C_LOGISTIC_REGRESSION,3,3,33,bit,textual,coefficient,0.6688622269244636,0.6688622269244636,positive,103,55,252
C_LOGISTIC_REGRESSION,3,3,304,views,engagement_or_format,coefficient,-0.6585890004368262,0.6585890004368262,negative,104,258,49
C_LOGISTIC_REGRESSION,3,3,134,isn,textual,coefficient,-0.6569793276047948,0.6569793276047948,negative,105,257,50
C_LOGISTIC_REGRESSION,3,3,61,difficulty,textual,coefficient,-0.6485889205198899,0.6485889205198899,negative,106,256,51
C_LOGISTIC_REGRESSION,3,3,128,inattention,textual,coefficient,-0.6437295205711002,0.6437295205711002,negative,107,255,52
C_LOGISTIC_REGRESSION,3,3,202,poor,textual,coefficient,-0.6422308730603155,0.6422308730603155,negative,108,254,53
C_LOGISTIC_REGRESSION,3,3,246,struggling,textual,coefficient,-0.6393994972411629,0.6393994972411629,negative,109,253,54
C_LOGISTIC_REGRESSION,3,3,164,makes,textual,coefficient,0.6378179852633986,0.6378179852633986,positive,110,56,251
C_LOGISTIC_REGRESSION,3,3,219,say,textual,coefficient,0.6337675538634179,0.6337675538634179,positive,111,57,250
C_LOGISTIC_REGRESSION,3,3,35,brain,textual,coefficient,0.6293619525998423,0.6293619525998423,positive,112,58,249
C_LOGISTIC_REGRESSION,3,3,80,emotions,textual,coefficient,-0.6260742273930843,0.6260742273930843,negative,113,252,55
C_LOGISTIC_REGRESSION,3,3,101,forget,textual,coefficient,0.6230038473169478,0.6230038473169478,positive,114,59,248
C_LOGISTIC_REGRESSION,3,3,261,term,textual,coefficient,0.6228710618048984,0.6228710618048984,positive,115,60,247
C_LOGISTIC_REGRESSION,3,3,67,doesn,textual,coefficient,0.6203551417816614,0.6203551417816614,positive,116,61,246
C_LOGISTIC_REGRESSION,3,3,24,aren,textual,coefficient,-0.6184234966857034,0.6184234966857034,negative,117,251,56
C_LOGISTIC_REGRESSION,3,3,223,seen,textual,coefficient,-0.6092286776268371,0.6092286776268371,negative,118,250,57
C_LOGISTIC_REGRESSION,3,3,27,bad,textual,coefficient,-0.6086536738442235,0.6086536738442235,negative,119,249,58
C_LOGISTIC_REGRESSION,3,3,132,instead,textual,coefficient,-0.6059605843019664,0.6059605843019664,negative,120,248,59
C_LOGISTIC_REGRESSION,3,3,49,control,textual,coefficient,0.5942398477939679,0.5942398477939679,positive,121,62,245
C_LOGISTIC_REGRESSION,3,3,13,adhd medication,textual,coefficient,-0.592992778027462,0.592992778027462,negative,122,247,60
C_LOGISTIC_REGRESSION,3,3,299,yeah,textual,coefficient,-0.5926365309607603,0.5926365309607603,negative,123,246,61
C_LOGISTIC_REGRESSION,3,3,84,everybody,textual,coefficient,0.5836671345185894,0.5836671345185894,positive,124,63,244
C_LOGISTIC_REGRESSION,3,3,179,natural,textual,coefficient,0.5813608203106438,0.5813608203106438,positive,125,64,243
C_LOGISTIC_REGRESSION,3,3,10,adhd brains,textual,coefficient,0.5784066545371225,0.5784066545371225,positive,126,65,242
C_LOGISTIC_REGRESSION,3,3,3,activity,textual,coefficient,-0.5747405145411156,0.5747405145411156,negative,127,245,62
C_LOGISTIC_REGRESSION,3,3,50,criteria,textual,coefficient,-0.5719330139120908,0.5719330139120908,negative,128,244,63
C_LOGISTIC_REGRESSION,3,3,221,school,textual,coefficient,0.5685549780705569,0.5685549780705569,positive,129,66,241
C_LOGISTIC_REGRESSION,3,3,149,light,textual,coefficient,-0.5623406051927462,0.5623406051927462,negative,130,243,64
C_LOGISTIC_REGRESSION,3,3,174,minutes,textual,coefficient,0.5556956728114384,0.5556956728114384,positive,131,67,240
C_LOGISTIC_REGRESSION,3,3,282,understand,textual,coefficient,-0.5517181268895015,0.5517181268895015,negative,132,242,65
C_LOGISTIC_REGRESSION,3,3,75,easily,textual,coefficient,-0.5476306692689324,0.5476306692689324,negative,133,241,66
C_LOGISTIC_REGRESSION,3,3,265,things,textual,coefficient,-0.5467145048513173,0.5467145048513173,negative,134,240,67
C_LOGISTIC_REGRESSION,3,3,172,meds,textual,coefficient,0.5453722234313236,0.5453722234313236,positive,135,68,239
C_LOGISTIC_REGRESSION,3,3,86,executive,textual,coefficient,-0.5444124966903788,0.5444124966903788,negative,136,239,68
C_LOGISTIC_REGRESSION,3,3,74,dysfunction,textual,coefficient,-0.5342148068438032,0.5342148068438032,negative,137,238,69
C_LOGISTIC_REGRESSION,3,3,123,hyperactivity,textual,coefficient,-0.5300641360514733,0.5300641360514733,negative,138,237,70
C_LOGISTIC_REGRESSION,3,3,117,helps,textual,coefficient,0.5261663882898403,0.5261663882898403,positive,139,69,238
C_LOGISTIC_REGRESSION,3,3,140,kind,textual,coefficient,0.5247488481690008,0.5247488481690008,positive,140,70,237
C_LOGISTIC_REGRESSION,3,3,183,neurotypical person,textual,coefficient,0.523133182103525,0.523133182103525,positive,141,71,236
C_LOGISTIC_REGRESSION,3,3,90,explain,textual,coefficient,0.5205236878916788,0.5205236878916788,positive,142,72,235
C_LOGISTIC_REGRESSION,3,3,34,body,textual,coefficient,0.5183690444964674,0.5183690444964674,positive,143,73,234
C_LOGISTIC_REGRESSION,3,3,268,thinking,textual,coefficient,-0.5165175845576239,0.5165175845576239,negative,144,236,71
C_LOGISTIC_REGRESSION,3,3,83,especially,textual,coefficient,-0.5139931444356002,0.5139931444356002,negative,145,235,72
C_LOGISTIC_REGRESSION,3,3,68,doing,textual,coefficient,-0.5110609786458338,0.5110609786458338,negative,146,234,73
C_LOGISTIC_REGRESSION,3,3,258,tasks,textual,coefficient,-0.5074464775046635,0.5074464775046635,negative,147,233,74
C_LOGISTIC_REGRESSION,3,3,93,feel,textual,coefficient,0.5071851362101267,0.5071851362101267,positive,148,74,233
C_LOGISTIC_REGRESSION,3,3,251,sure,textual,coefficient,0.5067359009182383,0.5067359009182383,positive,149,75,232
C_LOGISTIC_REGRESSION,3,3,64,distracted,textual,coefficient,0.4923283602711847,0.4923283602711847,positive,150,76,231
C_LOGISTIC_REGRESSION,3,3,43,come,textual,coefficient,0.4893034464835689,0.4893034464835689,positive,151,77,230
C_LOGISTIC_REGRESSION,3,3,272,treated,textual,coefficient,-0.48044285969497663,0.48044285969497663,negative,152,232,75
C_LOGISTIC_REGRESSION,3,3,298,wrong,textual,coefficient,-0.47616975751057644,0.47616975751057644,negative,153,231,76
C_LOGISTIC_REGRESSION,3,3,297,worse,textual,coefficient,0.4720165061928128,0.4720165061928128,positive,154,78,229
C_LOGISTIC_REGRESSION,3,3,12,adhd just,textual,coefficient,0.45318941632916887,0.45318941632916887,positive,155,79,228
C_LOGISTIC_REGRESSION,3,3,145,learn,textual,coefficient,-0.44958182370201083,0.44958182370201083,negative,156,230,77
C_LOGISTIC_REGRESSION,3,3,136,just,textual,coefficient,0.4494853386450632,0.4494853386450632,positive,157,80,227
C_LOGISTIC_REGRESSION,3,3,256,talking,textual,coefficient,-0.4422835414478282,0.4422835414478282,negative,158,229,78
C_LOGISTIC_REGRESSION,3,3,192,pay attention,textual,coefficient,-0.44192019099005064,0.44192019099005064,negative,159,228,79
C_LOGISTIC_REGRESSION,3,3,206,problems,textual,coefficient,-0.43408091938050314,0.43408091938050314,negative,160,227,80
C_LOGISTIC_REGRESSION,3,3,65,doctor,textual,coefficient,0.43115727058038905,0.43115727058038905,positive,161,81,226
C_LOGISTIC_REGRESSION,3,3,4,actually,textual,coefficient,-0.4216083125222885,0.4216083125222885,negative,162,226,81
C_LOGISTIC_REGRESSION,3,3,209,quickly,textual,coefficient,-0.41826361425542,0.41826361425542,negative,163,225,82
C_LOGISTIC_REGRESSION,3,3,9,adhd brain,textual,coefficient,-0.4104162250818938,0.4104162250818938,negative,164,224,83
C_LOGISTIC_REGRESSION,3,3,92,fact,textual,coefficient,-0.40037336678159763,0.40037336678159763,negative,165,223,84
C_LOGISTIC_REGRESSION,3,3,5,add,textual,coefficient,0.39744362362556435,0.39744362362556435,positive,166,82,225
C_LOGISTIC_REGRESSION,3,3,281,unable,textual,coefficient,-0.3892923582516787,0.3892923582516787,negative,167,222,85
C_LOGISTIC_REGRESSION,3,3,165,making,textual,coefficient,-0.3871258026816316,0.3871258026816316,negative,168,221,86
C_LOGISTIC_REGRESSION,3,3,114,health,textual,coefficient,0.3858559984635495,0.3858559984635495,positive,169,83,224
C_LOGISTIC_REGRESSION,3,3,263,therapy,textual,coefficient,0.38342523032374587,0.38342523032374587,positive,170,84,223
C_LOGISTIC_REGRESSION,3,3,111,hard,textual,coefficient,0.38281107398344116,0.38281107398344116,positive,171,85,222
C_LOGISTIC_REGRESSION,3,3,60,different,textual,coefficient,0.3822526944426948,0.3822526944426948,positive,172,86,221
C_LOGISTIC_REGRESSION,3,3,230,shorts,textual,coefficient,0.38098468004412883,0.38098468004412883,positive,173,87,220
C_LOGISTIC_REGRESSION,3,3,38,care,textual,coefficient,-0.3781986989503632,0.3781986989503632,negative,174,220,87
C_LOGISTIC_REGRESSION,3,3,118,high,textual,coefficient,0.3760334965473783,0.3760334965473783,positive,175,88,219
C_LOGISTIC_REGRESSION,3,3,236,somebody,textual,coefficient,-0.3710574906448406,0.3710574906448406,negative,176,219,88
C_LOGISTIC_REGRESSION,3,3,295,work,textual,coefficient,0.36877923185981387,0.36877923185981387,positive,177,89,218
C_LOGISTIC_REGRESSION,3,3,53,depression,textual,coefficient,0.3684117195057504,0.3684117195057504,positive,178,90,217
C_LOGISTIC_REGRESSION,3,3,119,higher,textual,coefficient,-0.3581757452022485,0.3581757452022485,negative,179,218,89
C_LOGISTIC_REGRESSION,3,3,199,play,textual,coefficient,-0.35637417794003345,0.35637417794003345,negative,180,217,90
C_LOGISTIC_REGRESSION,3,3,59,difference,textual,coefficient,0.35598026625204093,0.35598026625204093,positive,181,91,216
C_LOGISTIC_REGRESSION,3,3,131,information,textual,coefficient,-0.35592356655697843,0.35592356655697843,negative,182,216,91
C_LOGISTIC_REGRESSION,3,3,280,um,textual,coefficient,-0.34951827775305105,0.34951827775305105,negative,183,215,92
C_LOGISTIC_REGRESSION,3,3,237,sort,textual,coefficient,0.34559509257976173,0.34559509257976173,positive,184,92,215
C_LOGISTIC_REGRESSION,3,3,245,struggles,textual,coefficient,0.33742465139177164,0.33742465139177164,positive,185,93,214
C_LOGISTIC_REGRESSION,3,3,239,stay,textual,coefficient,-0.33274057395814655,0.33274057395814655,negative,186,214,93
C_LOGISTIC_REGRESSION,3,3,16,adhd symptoms,textual,coefficient,0.3311368760321521,0.3311368760321521,positive,187,94,213
C_LOGISTIC_REGRESSION,3,3,266,things like,textual,coefficient,-0.3285393905427693,0.3285393905427693,negative,188,213,94
C_LOGISTIC_REGRESSION,3,3,139,kids,textual,coefficient,-0.3245070211424539,0.3245070211424539,negative,189,212,95
C_LOGISTIC_REGRESSION,3,3,30,best,textual,coefficient,-0.32235884292994516,0.32235884292994516,negative,190,211,96
C_LOGISTIC_REGRESSION,3,3,66,does,textual,coefficient,-0.3199657545100333,0.3199657545100333,negative,191,210,97
C_LOGISTIC_REGRESSION,3,3,244,struggle,textual,coefficient,0.3178231373384269,0.3178231373384269,positive,192,95,212
C_LOGISTIC_REGRESSION,3,3,301,hedge_score,handcrafted_linguistic,coefficient,-0.31758599237912427,0.31758599237912427,negative,193,209,98
C_LOGISTIC_REGRESSION,3,3,81,end,textual,coefficient,-0.31114058303097153,0.31114058303097153,negative,194,208,99
C_LOGISTIC_REGRESSION,3,3,2,activities,textual,coefficient,-0.3087713858203748,0.3087713858203748,negative,195,207,100
C_LOGISTIC_REGRESSION,3,3,255,talk,textual,coefficient,0.30829442955476416,0.30829442955476416,positive,196,96,211
C_LOGISTIC_REGRESSION,3,3,20,adults,textual,coefficient,-0.3059113333284908,0.3059113333284908,negative,197,206,101
C_LOGISTIC_REGRESSION,3,3,28,behavior,textual,coefficient,0.29734174451787526,0.29734174451787526,positive,198,97,210
C_LOGISTIC_REGRESSION,3,3,187,okay,textual,coefficient,0.29475534282425514,0.29475534282425514,positive,199,98,209
C_LOGISTIC_REGRESSION,3,3,29,behaviors,textual,coefficient,-0.28826121149442707,0.28826121149442707,negative,200,205,102
C_LOGISTIC_REGRESSION,3,3,168,mean,textual,coefficient,-0.2856513663400278,0.2856513663400278,negative,201,204,103
C_LOGISTIC_REGRESSION,3,3,95,feeling,textual,coefficient,-0.2781226939157565,0.2781226939157565,negative,202,203,104
C_LOGISTIC_REGRESSION,3,3,146,let,textual,coefficient,0.2774465496882406,0.2774465496882406,positive,203,99,208
C_LOGISTIC_REGRESSION,3,3,291,want,textual,coefficient,-0.27517423408686376,0.27517423408686376,negative,204,202,105
C_LOGISTIC_REGRESSION,3,3,15,adhd sep,textual,coefficient,-0.2740836815992361,0.2740836815992361,negative,205,201,106
C_LOGISTIC_REGRESSION,3,3,0,10,textual,coefficient,-0.26813985064221746,0.26813985064221746,negative,206,200,107
C_LOGISTIC_REGRESSION,3,3,290,wait,textual,coefficient,-0.26380019293503815,0.26380019293503815,negative,207,199,108
C_LOGISTIC_REGRESSION,3,3,189,parents,textual,coefficient,0.2525900937527895,0.2525900937527895,positive,208,100,207
C_LOGISTIC_REGRESSION,3,3,160,love,textual,coefficient,-0.24626490454327354,0.24626490454327354,negative,209,198,109
C_LOGISTIC_REGRESSION,3,3,229,short,textual,coefficient,0.23935850280559465,0.23935850280559465,positive,210,101,206
C_LOGISTIC_REGRESSION,3,3,257,task,textual,coefficient,0.23427219430378643,0.23427219430378643,positive,211,102,205
C_LOGISTIC_REGRESSION,3,3,228,sep adhd,textual,coefficient,-0.2339932192102593,0.2339932192102593,negative,212,197,110
C_LOGISTIC_REGRESSION,3,3,137,key,textual,coefficient,0.22340402543074342,0.22340402543074342,positive,213,103,204
C_LOGISTIC_REGRESSION,3,3,232,signs adhd,textual,coefficient,-0.21757531460247287,0.21757531460247287,negative,214,196,111
C_LOGISTIC_REGRESSION,3,3,22,answer sep,textual,coefficient,-0.21091944486887665,0.21091944486887665,negative,215,195,112
C_LOGISTIC_REGRESSION,3,3,32,big,textual,coefficient,0.21074125426485407,0.21074125426485407,positive,216,104,203
C_LOGISTIC_REGRESSION,3,3,181,needs,textual,coefficient,-0.2061752946838208,0.2061752946838208,negative,217,194,113
C_LOGISTIC_REGRESSION,3,3,180,need,textual,coefficient,0.2045375823677677,0.2045375823677677,positive,218,105,202
C_LOGISTIC_REGRESSION,3,3,235,social,textual,coefficient,0.200801516362251,0.200801516362251,positive,219,106,201
C_LOGISTIC_REGRESSION,3,3,56,diagnostic,textual,coefficient,0.200293924971804,0.200293924971804,positive,220,107,200
C_LOGISTIC_REGRESSION,3,3,121,hours,textual,coefficient,0.1974897574570077,0.1974897574570077,positive,221,108,199
C_LOGISTIC_REGRESSION,3,3,73,drugs,textual,coefficient,0.19591978606420354,0.19591978606420354,positive,222,109,198
C_LOGISTIC_REGRESSION,3,3,186,oh,textual,coefficient,-0.19542756041563197,0.19542756041563197,negative,223,193,114
C_LOGISTIC_REGRESSION,3,3,76,eat,textual,coefficient,0.19315599265573535,0.19315599265573535,positive,224,110,197
C_LOGISTIC_REGRESSION,3,3,212,recommend,textual,coefficient,-0.19155013645332353,0.19155013645332353,negative,225,192,115
C_LOGISTIC_REGRESSION,3,3,47,condition,textual,coefficient,-0.1826297870035565,0.1826297870035565,negative,226,191,116
C_LOGISTIC_REGRESSION,3,3,120,home,textual,coefficient,0.18211955795992488,0.18211955795992488,positive,227,111,196
C_LOGISTIC_REGRESSION,3,3,153,little,textual,coefficient,0.18028877174139407,0.18028877174139407,positive,228,112,195
C_LOGISTIC_REGRESSION,3,3,218,running,textual,coefficient,0.17972730929267988,0.17972730929267988,positive,229,113,194
C_LOGISTIC_REGRESSION,3,3,108,great,textual,coefficient,-0.179722620505522,0.179722620505522,negative,230,190,117
C_LOGISTIC_REGRESSION,3,3,129,inattentive,textual,coefficient,0.179612104539154,0.179612104539154,positive,231,114,193
C_LOGISTIC_REGRESSION,3,3,262,test,textual,coefficient,-0.1781228939042585,0.1781228939042585,negative,232,189,118
C_LOGISTIC_REGRESSION,3,3,151,like adhd,textual,coefficient,-0.17527533689006583,0.17527533689006583,negative,233,188,119
C_LOGISTIC_REGRESSION,3,3,21,answer,textual,coefficient,0.16667340997155744,0.16667340997155744,positive,234,115,192
C_LOGISTIC_REGRESSION,3,3,98,follow,textual,coefficient,-0.16638546904664755,0.16638546904664755,negative,235,187,120
C_LOGISTIC_REGRESSION,3,3,14,adhd real,textual,coefficient,0.16583715941803978,0.16583715941803978,positive,236,116,191
C_LOGISTIC_REGRESSION,3,3,107,got,textual,coefficient,-0.16352145575105745,0.16352145575105745,negative,237,186,121
C_LOGISTIC_REGRESSION,3,3,216,remember,textual,coefficient,0.16112083498534582,0.16112083498534582,positive,238,117,190
C_LOGISTIC_REGRESSION,3,3,217,right,textual,coefficient,-0.15979952833147187,0.15979952833147187,negative,239,185,122
C_LOGISTIC_REGRESSION,3,3,18,adhders,textual,coefficient,-0.15860447554469426,0.15860447554469426,negative,240,184,123
C_LOGISTIC_REGRESSION,3,3,203,present,textual,coefficient,-0.14592170156685108,0.14592170156685108,negative,241,183,124
C_LOGISTIC_REGRESSION,3,3,277,turn,textual,coefficient,-0.1415246733198181,0.1415246733198181,negative,242,182,125
C_LOGISTIC_REGRESSION,3,3,135,issues,textual,coefficient,-0.14114504591168747,0.14114504591168747,negative,243,181,126
C_LOGISTIC_REGRESSION,3,3,260,tend,textual,coefficient,0.1404222559402183,0.1404222559402183,positive,244,118,189
C_LOGISTIC_REGRESSION,3,3,177,moving,textual,coefficient,-0.13637804121588443,0.13637804121588443,negative,245,180,127
C_LOGISTIC_REGRESSION,3,3,113,having,textual,coefficient,-0.13522080192098387,0.13522080192098387,negative,246,179,128
C_LOGISTIC_REGRESSION,3,3,79,emotional,textual,coefficient,-0.13217113847597495,0.13217113847597495,negative,247,178,129
C_LOGISTIC_REGRESSION,3,3,283,understanding,textual,coefficient,0.1311254490733214,0.1311254490733214,positive,248,119,188
C_LOGISTIC_REGRESSION,3,3,124,impact,textual,coefficient,-0.1307586396722312,0.1307586396722312,negative,249,177,130
C_LOGISTIC_REGRESSION,3,3,207,protein,textual,coefficient,-0.12942643652310395,0.12942643652310395,negative,250,176,131
C_LOGISTIC_REGRESSION,3,3,285,using,textual,coefficient,-0.12712261010881054,0.12712261010881054,negative,251,175,132
C_LOGISTIC_REGRESSION,3,3,1,able,textual,coefficient,0.1247397486114693,0.1247397486114693,positive,252,120,187
C_LOGISTIC_REGRESSION,3,3,303,comments,engagement_or_format,coefficient,-0.12296387905689941,0.12296387905689941,negative,253,174,133
C_LOGISTIC_REGRESSION,3,3,70,don know,textual,coefficient,0.1218058709430081,0.1218058709430081,positive,254,121,186
C_LOGISTIC_REGRESSION,3,3,91,explained,textual,coefficient,-0.11919554576795274,0.11919554576795274,negative,255,173,134
C_LOGISTIC_REGRESSION,3,3,253,symptoms adhd,textual,coefficient,-0.11903920050916837,0.11903920050916837,negative,256,172,135
C_LOGISTIC_REGRESSION,3,3,88,experts,textual,coefficient,-0.11833971165991247,0.11833971165991247,negative,257,170,136
C_LOGISTIC_REGRESSION,3,3,89,experts answer,textual,coefficient,-0.11833971165991247,0.11833971165991247,negative,257,170,136
C_LOGISTIC_REGRESSION,3,3,102,friends,textual,coefficient,0.10127966162156513,0.10127966162156513,positive,259,122,185
C_LOGISTIC_REGRESSION,3,3,55,diagnosis,textual,coefficient,0.10088562514963002,0.10088562514963002,positive,260,123,184
C_LOGISTIC_REGRESSION,3,3,25,attention,textual,coefficient,-0.0925344916995596,0.0925344916995596,negative,261,169,138
C_LOGISTIC_REGRESSION,3,3,220,saying,textual,coefficient,-0.09081009839803436,0.09081009839803436,negative,262,168,139
C_LOGISTIC_REGRESSION,3,3,305,duration_sec,engagement_or_format,coefficient,-0.08978487698081067,0.08978487698081067,negative,263,167,140
C_LOGISTIC_REGRESSION,3,3,173,mental,textual,coefficient,-0.08918642267349318,0.08918642267349318,negative,264,166,141
C_LOGISTIC_REGRESSION,3,3,39,cause,textual,coefficient,-0.08897177199822048,0.08897177199822048,negative,265,165,142
C_LOGISTIC_REGRESSION,3,3,19,adult,textual,coefficient,0.08841298510212514,0.08841298510212514,positive,266,124,183
C_LOGISTIC_REGRESSION,3,3,152,likely,textual,coefficient,-0.08261300539922893,0.08261300539922893,negative,267,164,143
C_LOGISTIC_REGRESSION,3,3,273,treatment,textual,coefficient,-0.08141966912551049,0.08141966912551049,negative,268,163,144
C_LOGISTIC_REGRESSION,3,3,210,real,textual,coefficient,0.07836275884789422,0.07836275884789422,positive,269,125,182
C_LOGISTIC_REGRESSION,3,3,26,autism,textual,coefficient,0.07625043450953009,0.07625043450953009,positive,270,126,181
C_LOGISTIC_REGRESSION,3,3,72,dr,textual,coefficient,0.07217655936195683,0.07217655936195683,positive,271,127,180
C_LOGISTIC_REGRESSION,3,3,44,comes,textual,coefficient,0.06933187873442155,0.06933187873442155,positive,272,128,179
C_LOGISTIC_REGRESSION,3,3,48,constantly,textual,coefficient,0.0691215554511421,0.0691215554511421,positive,273,129,178
C_LOGISTIC_REGRESSION,3,3,36,brains,textual,coefficient,0.0681144157636344,0.0681144157636344,positive,274,130,177
C_LOGISTIC_REGRESSION,3,3,40,challenges,textual,coefficient,0.06699965925016259,0.06699965925016259,positive,275,131,176
C_LOGISTIC_REGRESSION,3,3,167,maybe,textual,coefficient,-0.06681473262751664,0.06681473262751664,negative,276,162,145
C_LOGISTIC_REGRESSION,3,3,96,feelings,textual,coefficient,-0.06636265710971084,0.06636265710971084,negative,277,161,146
C_LOGISTIC_REGRESSION,3,3,276,trying,textual,coefficient,-0.05870951411017692,0.05870951411017692,negative,278,160,147
C_LOGISTIC_REGRESSION,3,3,252,symptoms,textual,coefficient,0.05541409865958916,0.05541409865958916,positive,279,132,175
C_LOGISTIC_REGRESSION,3,3,163,make sure,textual,coefficient,0.049530506442635916,0.049530506442635916,positive,280,133,174
C_LOGISTIC_REGRESSION,3,3,42,children,textual,coefficient,-0.049204079598378234,0.049204079598378234,negative,281,159,148
C_LOGISTIC_REGRESSION,3,3,130,increase,textual,coefficient,-0.04641946627214217,0.04641946627214217,negative,282,158,149
C_LOGISTIC_REGRESSION,3,3,115,hear,textual,coefficient,-0.04596996196464276,0.04596996196464276,negative,283,157,150
C_LOGISTIC_REGRESSION,3,3,227,sep,textual,coefficient,0.042378525926222904,0.042378525926222904,positive,284,134,173
C_LOGISTIC_REGRESSION,3,3,198,place,textual,coefficient,0.041394311577364146,0.041394311577364146,positive,285,135,172
C_LOGISTIC_REGRESSION,3,3,148,life,textual,coefficient,0.04102107990430951,0.04102107990430951,positive,286,136,171
C_LOGISTIC_REGRESSION,3,3,169,means,textual,coefficient,0.03850713559482364,0.03850713559482364,positive,287,137,170
C_LOGISTIC_REGRESSION,3,3,270,times,textual,coefficient,0.03676404174628268,0.03676404174628268,positive,288,138,169
C_LOGISTIC_REGRESSION,3,3,292,way,textual,coefficient,-0.036722479422082274,0.036722479422082274,negative,289,156,151
C_LOGISTIC_REGRESSION,3,3,46,complete,textual,coefficient,0.036317206801841515,0.036317206801841515,positive,290,139,168
C_LOGISTIC_REGRESSION,3,3,63,disorders,textual,coefficient,-0.034424656643601136,0.034424656643601136,negative,291,155,152
C_LOGISTIC_REGRESSION,3,3,233,sit,textual,coefficient,0.03070595253318503,0.03070595253318503,positive,292,140,167
C_LOGISTIC_REGRESSION,3,3,300,certainty_score,handcrafted_linguistic,coefficient,0.023132391552515754,0.023132391552515754,positive,293,141,166
C_LOGISTIC_REGRESSION,3,3,214,regulation,textual,coefficient,0.021633677587381328,0.021633677587381328,positive,294,142,165
C_LOGISTIC_REGRESSION,3,3,191,pay,textual,coefficient,0.01929432875171353,0.01929432875171353,positive,295,143,164
C_LOGISTIC_REGRESSION,3,3,190,patients,textual,coefficient,-0.017135148314462906,0.017135148314462906,negative,296,154,153
C_LOGISTIC_REGRESSION,3,3,254,taking,textual,coefficient,0.016625578337638777,0.016625578337638777,positive,297,144,163
C_LOGISTIC_REGRESSION,3,3,158,looking,textual,coefficient,0.01643497557744096,0.01643497557744096,positive,298,145,162
C_LOGISTIC_REGRESSION,3,3,184,non,textual,coefficient,-0.016265491317853497,0.016265491317853497,negative,299,153,154
C_LOGISTIC_REGRESSION,3,3,234,sleep,textual,coefficient,0.013475200660633138,0.013475200660633138,positive,300,146,161
C_LOGISTIC_REGRESSION,3,3,224,self,textual,coefficient,-0.011085640606292932,0.011085640606292932,negative,301,152,155
C_LOGISTIC_REGRESSION,3,3,166,manage,textual,coefficient,-0.009727355446319452,0.009727355446319452,negative,302,151,156
C_LOGISTIC_REGRESSION,3,3,188,options,textual,coefficient,-0.008573809131845394,0.008573809131845394,negative,303,150,157
C_LOGISTIC_REGRESSION,3,3,11,adhd diagnosis,textual,coefficient,-0.004868661941772001,0.004868661941772001,negative,304,149,158
C_LOGISTIC_REGRESSION,3,3,293,ways,textual,coefficient,-0.0014679367780570081,0.0014679367780570081,negative,305,148,159
C_LOGISTIC_REGRESSION,3,3,248,stuff,textual,coefficient,-0.000957660135464611,0.000957660135464611,negative,306,147,160
C_LOGISTIC_REGRESSION,3,4,82,energy,textual,coefficient,2.8017335426159313,2.8017335426159313,positive,1,1,306
C_LOGISTIC_REGRESSION,3,4,242,stop,textual,coefficient,2.5427386663154583,2.5427386663154583,positive,2,2,305
C_LOGISTIC_REGRESSION,3,4,298,wrong,textual,coefficient,2.4656509820385173,2.4656509820385173,positive,3,3,304
C_LOGISTIC_REGRESSION,3,4,27,bad,textual,coefficient,2.0229467377179207,2.0229467377179207,positive,4,4,303
C_LOGISTIC_REGRESSION,3,4,69,don,textual,coefficient,1.9964041774656807,1.9964041774656807,positive,5,5,302
C_LOGISTIC_REGRESSION,3,4,265,things,textual,coefficient,1.9260285401558421,1.9260285401558421,positive,6,6,301
C_LOGISTIC_REGRESSION,3,4,208,psychiatrist,textual,coefficient,1.890405131356911,1.890405131356911,positive,7,7,300
C_LOGISTIC_REGRESSION,3,4,197,physical,textual,coefficient,1.8681405905839619,1.8681405905839619,positive,8,8,299
C_LOGISTIC_REGRESSION,3,4,34,body,textual,coefficient,1.6421467202599318,1.6421467202599318,positive,9,9,298
C_LOGISTIC_REGRESSION,3,4,97,focus,textual,coefficient,-1.594190947704586,1.594190947704586,negative,10,306,1
C_LOGISTIC_REGRESSION,3,4,304,views,engagement_or_format,coefficient,-1.5516242046000956,1.5516242046000956,negative,11,305,2
C_LOGISTIC_REGRESSION,3,4,108,great,textual,coefficient,1.54197981054291,1.54197981054291,positive,12,10,297
C_LOGISTIC_REGRESSION,3,4,15,adhd sep,textual,coefficient,1.53504922647858,1.53504922647858,positive,13,11,296
C_LOGISTIC_REGRESSION,3,4,185,number,textual,coefficient,1.4821917497357358,1.4821917497357358,positive,14,12,295
C_LOGISTIC_REGRESSION,3,4,0,10,textual,coefficient,1.4199329286047204,1.4199329286047204,positive,15,13,294
C_LOGISTIC_REGRESSION,3,4,136,just,textual,coefficient,-1.257621437153464,1.257621437153464,negative,16,304,3
C_LOGISTIC_REGRESSION,3,4,55,diagnosis,textual,coefficient,-1.2505386356717993,1.2505386356717993,negative,17,303,4
C_LOGISTIC_REGRESSION,3,4,170,medication,textual,coefficient,-1.2411247366864364,1.2411247366864364,negative,18,302,5
C_LOGISTIC_REGRESSION,3,4,93,feel,textual,coefficient,1.2403687054291346,1.2403687054291346,positive,19,14,293
C_LOGISTIC_REGRESSION,3,4,278,type,textual,coefficient,1.2276792528447744,1.2276792528447744,positive,20,15,292
C_LOGISTIC_REGRESSION,3,4,252,symptoms,textual,coefficient,-1.2266194144844822,1.2266194144844822,negative,21,301,6
C_LOGISTIC_REGRESSION,3,4,287,ve,textual,coefficient,1.2205086021437608,1.2205086021437608,positive,22,16,291
C_LOGISTIC_REGRESSION,3,4,288,ve got,textual,coefficient,1.206766489740996,1.206766489740996,positive,23,17,290
C_LOGISTIC_REGRESSION,3,4,176,motivation,textual,coefficient,1.1587637616696198,1.1587637616696198,positive,24,18,289
C_LOGISTIC_REGRESSION,3,4,217,right,textual,coefficient,1.158757953888804,1.158757953888804,positive,25,19,288
C_LOGISTIC_REGRESSION,3,4,225,sense,textual,coefficient,1.1347954635573319,1.1347954635573319,positive,26,20,287
C_LOGISTIC_REGRESSION,3,4,18,adhders,textual,coefficient,1.1336783387673377,1.1336783387673377,positive,27,21,286
C_LOGISTIC_REGRESSION,3,4,71,dopamine,textual,coefficient,1.1314937844502941,1.1314937844502941,positive,28,22,285
C_LOGISTIC_REGRESSION,3,4,303,comments,engagement_or_format,coefficient,1.1208254459444653,1.1208254459444653,positive,29,23,284
C_LOGISTIC_REGRESSION,3,4,116,help,textual,coefficient,1.0655885921105839,1.0655885921105839,positive,30,24,283
C_LOGISTIC_REGRESSION,3,4,291,want,textual,coefficient,1.040329244235649,1.040329244235649,positive,31,25,282
C_LOGISTIC_REGRESSION,3,4,223,seen,textual,coefficient,-1.0350113300523094,1.0350113300523094,negative,32,300,7
C_LOGISTIC_REGRESSION,3,4,262,test,textual,coefficient,1.0308681566180293,1.0308681566180293,positive,33,26,281
C_LOGISTIC_REGRESSION,3,4,279,uh,textual,coefficient,-1.0184277831584265,1.0184277831584265,negative,34,299,8
C_LOGISTIC_REGRESSION,3,4,102,friends,textual,coefficient,0.985565177580375,0.985565177580375,positive,35,27,280
C_LOGISTIC_REGRESSION,3,4,232,signs adhd,textual,coefficient,0.9695031286164353,0.9695031286164353,positive,36,28,279
C_LOGISTIC_REGRESSION,3,4,211,really,textual,coefficient,-0.9436904421463296,0.9436904421463296,negative,37,298,9
C_LOGISTIC_REGRESSION,3,4,258,tasks,textual,coefficient,-0.9377068594866292,0.9377068594866292,negative,38,297,10
C_LOGISTIC_REGRESSION,3,4,249,sugar,textual,coefficient,-0.9373516637629579,0.9373516637629579,negative,39,296,11
C_LOGISTIC_REGRESSION,3,4,274,trouble,textual,coefficient,0.9353801309239799,0.9353801309239799,positive,40,29,278
C_LOGISTIC_REGRESSION,3,4,5,add,textual,coefficient,0.9305639650847365,0.9305639650847365,positive,41,30,277
C_LOGISTIC_REGRESSION,3,4,135,issues,textual,coefficient,-0.9232837325084411,0.9232837325084411,negative,42,295,12
C_LOGISTIC_REGRESSION,3,4,253,symptoms adhd,textual,coefficient,-0.8822025160698991,0.8822025160698991,negative,43,294,13
C_LOGISTIC_REGRESSION,3,4,125,important,textual,coefficient,-0.8646404852495846,0.8646404852495846,negative,44,293,14
C_LOGISTIC_REGRESSION,3,4,35,brain,textual,coefficient,0.8503624003944699,0.8503624003944699,positive,45,31,276
C_LOGISTIC_REGRESSION,3,4,111,hard,textual,coefficient,-0.8408573366029753,0.8408573366029753,negative,46,292,15
C_LOGISTIC_REGRESSION,3,4,294,women,textual,coefficient,-0.8367357310094958,0.8367357310094958,negative,47,291,16
C_LOGISTIC_REGRESSION,3,4,67,doesn,textual,coefficient,0.8262345962620686,0.8262345962620686,positive,48,32,275
C_LOGISTIC_REGRESSION,3,4,261,term,textual,coefficient,-0.8233647416724093,0.8233647416724093,negative,49,290,17
C_LOGISTIC_REGRESSION,3,4,244,struggle,textual,coefficient,0.8131728473857411,0.8131728473857411,positive,50,33,274
C_LOGISTIC_REGRESSION,3,4,161,low,textual,coefficient,-0.8121107212782005,0.8121107212782005,negative,51,289,18
C_LOGISTIC_REGRESSION,3,4,94,feel like,textual,coefficient,-0.8113795274590203,0.8113795274590203,negative,52,288,19
C_LOGISTIC_REGRESSION,3,4,259,tell,textual,coefficient,-0.8015639301562898,0.8015639301562898,negative,53,287,20
C_LOGISTIC_REGRESSION,3,4,191,pay,textual,coefficient,0.7837775498520747,0.7837775498520747,positive,54,34,273
C_LOGISTIC_REGRESSION,3,4,286,usually,textual,coefficient,0.7736550092988054,0.7736550092988054,positive,55,35,272
C_LOGISTIC_REGRESSION,3,4,234,sleep,textual,coefficient,-0.7711691188283456,0.7711691188283456,negative,56,286,21
C_LOGISTIC_REGRESSION,3,4,146,let,textual,coefficient,-0.766842314154001,0.766842314154001,negative,57,285,22
C_LOGISTIC_REGRESSION,3,4,132,instead,textual,coefficient,-0.7627439186124031,0.7627439186124031,negative,58,284,23
C_LOGISTIC_REGRESSION,3,4,14,adhd real,textual,coefficient,-0.7591388732881222,0.7591388732881222,negative,59,283,24
C_LOGISTIC_REGRESSION,3,4,68,doing,textual,coefficient,0.7539586401556115,0.7539586401556115,positive,60,36,271
C_LOGISTIC_REGRESSION,3,4,160,love,textual,coefficient,0.7500152228648092,0.7500152228648092,positive,61,37,270
C_LOGISTIC_REGRESSION,3,4,107,got,textual,coefficient,0.7474148756942199,0.7474148756942199,positive,62,38,269
C_LOGISTIC_REGRESSION,3,4,159,lot,textual,coefficient,0.7429760920899726,0.7429760920899726,positive,63,39,268
C_LOGISTIC_REGRESSION,3,4,78,effects,textual,coefficient,-0.742049039041829,0.742049039041829,negative,64,282,25
C_LOGISTIC_REGRESSION,3,4,42,children,textual,coefficient,0.7319059124214676,0.7319059124214676,positive,65,40,267
C_LOGISTIC_REGRESSION,3,4,238,start,textual,coefficient,-0.73092830581189,0.73092830581189,negative,66,281,26
C_LOGISTIC_REGRESSION,3,4,121,hours,textual,coefficient,-0.720878333757146,0.720878333757146,negative,67,280,27
C_LOGISTIC_REGRESSION,3,4,86,executive,textual,coefficient,-0.7183308578189296,0.7183308578189296,negative,68,279,28
C_LOGISTIC_REGRESSION,3,4,250,support,textual,coefficient,-0.7086796641404906,0.7086796641404906,negative,69,278,29
C_LOGISTIC_REGRESSION,3,4,65,doctor,textual,coefficient,-0.7073079874841092,0.7073079874841092,negative,70,277,30
C_LOGISTIC_REGRESSION,3,4,84,everybody,textual,coefficient,0.7010279343054511,0.7010279343054511,positive,71,41,266
C_LOGISTIC_REGRESSION,3,4,192,pay attention,textual,coefficient,0.6988832952888638,0.6988832952888638,positive,72,42,265
C_LOGISTIC_REGRESSION,3,4,221,school,textual,coefficient,-0.6973933388953072,0.6973933388953072,negative,73,276,31
C_LOGISTIC_REGRESSION,3,4,205,problem,textual,coefficient,-0.6961705740921994,0.6961705740921994,negative,74,275,32
C_LOGISTIC_REGRESSION,3,4,16,adhd symptoms,textual,coefficient,-0.6956307397822011,0.6956307397822011,negative,75,274,33
C_LOGISTIC_REGRESSION,3,4,10,adhd brains,textual,coefficient,-0.690233117246591,0.690233117246591,negative,76,273,34
C_LOGISTIC_REGRESSION,3,4,100,foods,textual,coefficient,-0.6890710359062394,0.6890710359062394,negative,77,272,35
C_LOGISTIC_REGRESSION,3,4,169,means,textual,coefficient,0.6871708595706962,0.6871708595706962,positive,78,43,264
C_LOGISTIC_REGRESSION,3,4,236,somebody,textual,coefficient,-0.6760161457685039,0.6760161457685039,negative,79,271,36
C_LOGISTIC_REGRESSION,3,4,147,levels,textual,coefficient,-0.6738387093881814,0.6738387093881814,negative,80,270,37
C_LOGISTIC_REGRESSION,3,4,17,adhd women,textual,coefficient,-0.6709585766070619,0.6709585766070619,negative,81,269,38
C_LOGISTIC_REGRESSION,3,4,11,adhd diagnosis,textual,coefficient,-0.6629124634247969,0.6629124634247969,negative,82,268,39
C_LOGISTIC_REGRESSION,3,4,50,criteria,textual,coefficient,-0.6583655634266837,0.6583655634266837,negative,83,267,40
C_LOGISTIC_REGRESSION,3,4,48,constantly,textual,coefficient,-0.6576757726653732,0.6576757726653732,negative,84,266,41
C_LOGISTIC_REGRESSION,3,4,273,treatment,textual,coefficient,-0.6571207356286176,0.6571207356286176,negative,85,265,42
C_LOGISTIC_REGRESSION,3,4,212,recommend,textual,coefficient,0.6563235988501878,0.6563235988501878,positive,86,44,263
C_LOGISTIC_REGRESSION,3,4,81,end,textual,coefficient,0.648152159196255,0.648152159196255,positive,87,45,262
C_LOGISTIC_REGRESSION,3,4,49,control,textual,coefficient,-0.6434571584103264,0.6434571584103264,negative,88,264,43
C_LOGISTIC_REGRESSION,3,4,13,adhd medication,textual,coefficient,-0.6418096745542594,0.6418096745542594,negative,89,263,44
C_LOGISTIC_REGRESSION,3,4,182,neurotypical,textual,coefficient,-0.6387485463272673,0.6387485463272673,negative,90,262,45
C_LOGISTIC_REGRESSION,3,4,202,poor,textual,coefficient,0.6306446333729832,0.6306446333729832,positive,91,46,261
C_LOGISTIC_REGRESSION,3,4,113,having,textual,coefficient,-0.6302512911577045,0.6302512911577045,negative,92,261,46
C_LOGISTIC_REGRESSION,3,4,26,autism,textual,coefficient,-0.628834806132021,0.628834806132021,negative,93,260,47
C_LOGISTIC_REGRESSION,3,4,190,patients,textual,coefficient,0.6233117129601914,0.6233117129601914,positive,94,47,260
C_LOGISTIC_REGRESSION,3,4,119,higher,textual,coefficient,0.6183807085047577,0.6183807085047577,positive,95,48,259
C_LOGISTIC_REGRESSION,3,4,281,unable,textual,coefficient,-0.6170881015695157,0.6170881015695157,negative,96,259,48
C_LOGISTIC_REGRESSION,3,4,123,hyperactivity,textual,coefficient,-0.6154812522011811,0.6154812522011811,negative,97,258,49
C_LOGISTIC_REGRESSION,3,4,275,try,textual,coefficient,0.6137355030720959,0.6137355030720959,positive,98,49,258
C_LOGISTIC_REGRESSION,3,4,103,function,textual,coefficient,-0.611672153741251,0.611672153741251,negative,99,257,50
C_LOGISTIC_REGRESSION,3,4,141,know,textual,coefficient,0.604323431648816,0.604323431648816,positive,100,50,257
C_LOGISTIC_REGRESSION,3,4,36,brains,textual,coefficient,-0.6013177113157254,0.6013177113157254,negative,101,256,51
C_LOGISTIC_REGRESSION,3,4,90,explain,textual,coefficient,0.5985808563116195,0.5985808563116195,positive,102,51,256
C_LOGISTIC_REGRESSION,3,4,106,good,textual,coefficient,-0.5860826505500788,0.5860826505500788,negative,103,255,52
C_LOGISTIC_REGRESSION,3,4,271,treat,textual,coefficient,-0.5826828043625727,0.5826828043625727,negative,104,254,53
C_LOGISTIC_REGRESSION,3,4,204,probably,textual,coefficient,-0.5744405687159733,0.5744405687159733,negative,105,253,54
C_LOGISTIC_REGRESSION,3,4,110,happens,textual,coefficient,-0.5661772620657278,0.5661772620657278,negative,106,252,55
C_LOGISTIC_REGRESSION,3,4,62,disorder,textual,coefficient,-0.5645611364270616,0.5645611364270616,negative,107,251,56
C_LOGISTIC_REGRESSION,3,4,247,study,textual,coefficient,-0.5546427389292448,0.5546427389292448,negative,108,250,57
C_LOGISTIC_REGRESSION,3,4,289,video,textual,coefficient,0.5518079577430307,0.5518079577430307,positive,109,52,255
C_LOGISTIC_REGRESSION,3,4,251,sure,textual,coefficient,-0.5515843883602113,0.5515843883602113,negative,110,249,58
C_LOGISTIC_REGRESSION,3,4,127,impulsivity,textual,coefficient,-0.5457250465474955,0.5457250465474955,negative,111,248,59
C_LOGISTIC_REGRESSION,3,4,222,second,textual,coefficient,-0.5438241221191865,0.5438241221191865,negative,112,247,60
C_LOGISTIC_REGRESSION,3,4,79,emotional,textual,coefficient,-0.5401054478434131,0.5401054478434131,negative,113,246,61
C_LOGISTIC_REGRESSION,3,4,133,iron,textual,coefficient,-0.5394602751568672,0.5394602751568672,negative,114,245,62
C_LOGISTIC_REGRESSION,3,4,129,inattentive,textual,coefficient,-0.5385055695721316,0.5385055695721316,negative,115,244,63
C_LOGISTIC_REGRESSION,3,4,168,mean,textual,coefficient,0.5382629059641503,0.5382629059641503,positive,116,53,254
C_LOGISTIC_REGRESSION,3,4,45,common,textual,coefficient,-0.5382357960626684,0.5382357960626684,negative,117,243,64
C_LOGISTIC_REGRESSION,3,4,87,experience,textual,coefficient,-0.5362832174633428,0.5362832174633428,negative,118,242,65
C_LOGISTIC_REGRESSION,3,4,260,tend,textual,coefficient,-0.5339777253725319,0.5339777253725319,negative,119,241,66
C_LOGISTIC_REGRESSION,3,4,9,adhd brain,textual,coefficient,0.5333520862011008,0.5333520862011008,positive,120,54,253
C_LOGISTIC_REGRESSION,3,4,54,diagnosed,textual,coefficient,-0.5324572468059977,0.5324572468059977,negative,121,240,67
C_LOGISTIC_REGRESSION,3,4,293,ways,textual,coefficient,0.5267275338942221,0.5267275338942221,positive,122,55,252
C_LOGISTIC_REGRESSION,3,4,179,natural,textual,coefficient,0.5139011328827043,0.5139011328827043,positive,123,56,251
C_LOGISTIC_REGRESSION,3,4,305,duration_sec,engagement_or_format,coefficient,-0.5131391399280795,0.5131391399280795,negative,124,239,68
C_LOGISTIC_REGRESSION,3,4,20,adults,textual,coefficient,0.5102233304469681,0.5102233304469681,positive,125,57,250
C_LOGISTIC_REGRESSION,3,4,99,food,textual,coefficient,-0.5097860177510336,0.5097860177510336,negative,126,238,69
C_LOGISTIC_REGRESSION,3,4,220,saying,textual,coefficient,0.504634943883113,0.504634943883113,positive,127,58,249
C_LOGISTIC_REGRESSION,3,4,195,person,textual,coefficient,-0.502844802478623,0.502844802478623,negative,128,237,70
C_LOGISTIC_REGRESSION,3,4,114,health,textual,coefficient,-0.500588817114567,0.500588817114567,negative,129,236,71
C_LOGISTIC_REGRESSION,3,4,214,regulation,textual,coefficient,-0.4988518647253908,0.4988518647253908,negative,130,235,72
C_LOGISTIC_REGRESSION,3,4,276,trying,textual,coefficient,-0.49609730871108304,0.49609730871108304,negative,131,234,73
C_LOGISTIC_REGRESSION,3,4,180,need,textual,coefficient,-0.4890075643920059,0.4890075643920059,negative,132,233,74
C_LOGISTIC_REGRESSION,3,4,285,using,textual,coefficient,-0.48419283992644,0.48419283992644,negative,133,232,75
C_LOGISTIC_REGRESSION,3,4,153,little,textual,coefficient,-0.48395196978142907,0.48395196978142907,negative,134,231,76
C_LOGISTIC_REGRESSION,3,4,1,able,textual,coefficient,0.4833708591019717,0.4833708591019717,positive,135,59,248
C_LOGISTIC_REGRESSION,3,4,181,needs,textual,coefficient,-0.4809263565020716,0.4809263565020716,negative,136,230,77
C_LOGISTIC_REGRESSION,3,4,85,example,textual,coefficient,-0.47488314085094996,0.47488314085094996,negative,137,229,78
C_LOGISTIC_REGRESSION,3,4,12,adhd just,textual,coefficient,-0.4744637669259434,0.4744637669259434,negative,138,228,79
C_LOGISTIC_REGRESSION,3,4,230,shorts,textual,coefficient,-0.47321907211625847,0.47321907211625847,negative,139,227,80
C_LOGISTIC_REGRESSION,3,4,175,mood,textual,coefficient,-0.4725104205825386,0.4725104205825386,negative,140,226,81
C_LOGISTIC_REGRESSION,3,4,7,adhd adhd,textual,coefficient,0.46822705778816426,0.46822705778816426,positive,141,60,247
C_LOGISTIC_REGRESSION,3,4,126,impulsive,textual,coefficient,-0.46578383935035317,0.46578383935035317,negative,142,225,82
C_LOGISTIC_REGRESSION,3,4,73,drugs,textual,coefficient,-0.46476458170361884,0.46476458170361884,negative,143,224,83
C_LOGISTIC_REGRESSION,3,4,137,key,textual,coefficient,-0.4643180977010045,0.4643180977010045,negative,144,223,84
C_LOGISTIC_REGRESSION,3,4,174,minutes,textual,coefficient,0.4591484358289134,0.4591484358289134,positive,145,61,246
C_LOGISTIC_REGRESSION,3,4,140,kind,textual,coefficient,-0.45899841578872236,0.45899841578872236,negative,146,222,85
C_LOGISTIC_REGRESSION,3,4,277,turn,textual,coefficient,-0.4589248566574135,0.4589248566574135,negative,147,221,86
C_LOGISTIC_REGRESSION,3,4,96,feelings,textual,coefficient,-0.4557805069950864,0.4557805069950864,negative,148,220,87
C_LOGISTIC_REGRESSION,3,4,189,parents,textual,coefficient,-0.4536447350178882,0.4536447350178882,negative,149,219,88
C_LOGISTIC_REGRESSION,3,4,74,dysfunction,textual,coefficient,0.4531862467572098,0.4531862467572098,positive,150,62,245
C_LOGISTIC_REGRESSION,3,4,70,don know,textual,coefficient,0.45130740405407715,0.45130740405407715,positive,151,63,244
C_LOGISTIC_REGRESSION,3,4,155,long,textual,coefficient,-0.4511184786175832,0.4511184786175832,negative,152,218,89
C_LOGISTIC_REGRESSION,3,4,33,bit,textual,coefficient,-0.43857906391816426,0.43857906391816426,negative,153,217,90
C_LOGISTIC_REGRESSION,3,4,130,increase,textual,coefficient,0.437367203676504,0.437367203676504,positive,154,64,243
C_LOGISTIC_REGRESSION,3,4,149,light,textual,coefficient,-0.4312364007958753,0.4312364007958753,negative,155,216,91
C_LOGISTIC_REGRESSION,3,4,183,neurotypical person,textual,coefficient,-0.42561364899146353,0.42561364899146353,negative,156,215,92
C_LOGISTIC_REGRESSION,3,4,105,going,textual,coefficient,0.42364754860411297,0.42364754860411297,positive,157,65,242
C_LOGISTIC_REGRESSION,3,4,256,talking,textual,coefficient,-0.4214146364280557,0.4214146364280557,negative,158,214,93
C_LOGISTIC_REGRESSION,3,4,91,explained,textual,coefficient,-0.42093795679369056,0.42093795679369056,negative,159,213,94
C_LOGISTIC_REGRESSION,3,4,75,easily,textual,coefficient,-0.41791388361648807,0.41791388361648807,negative,160,212,95
C_LOGISTIC_REGRESSION,3,4,280,um,textual,coefficient,0.4178498761532905,0.4178498761532905,positive,161,66,241
C_LOGISTIC_REGRESSION,3,4,267,think,textual,coefficient,0.41382273880593434,0.41382273880593434,positive,162,67,240
C_LOGISTIC_REGRESSION,3,4,297,worse,textual,coefficient,-0.4131164114090751,0.4131164114090751,negative,163,211,96
C_LOGISTIC_REGRESSION,3,4,32,big,textual,coefficient,0.40884013378178435,0.40884013378178435,positive,164,68,239
C_LOGISTIC_REGRESSION,3,4,64,distracted,textual,coefficient,-0.40850387040675123,0.40850387040675123,negative,165,210,97
C_LOGISTIC_REGRESSION,3,4,235,social,textual,coefficient,-0.40800928763127214,0.40800928763127214,negative,166,209,98
C_LOGISTIC_REGRESSION,3,4,21,answer,textual,coefficient,-0.4056518917964883,0.4056518917964883,negative,167,208,99
C_LOGISTIC_REGRESSION,3,4,3,activity,textual,coefficient,-0.4052330700895689,0.4052330700895689,negative,168,207,100
C_LOGISTIC_REGRESSION,3,4,72,dr,textual,coefficient,-0.40440330327556623,0.40440330327556623,negative,169,206,101
C_LOGISTIC_REGRESSION,3,4,59,difference,textual,coefficient,-0.4020792170006908,0.4020792170006908,negative,170,205,102
C_LOGISTIC_REGRESSION,3,4,157,look,textual,coefficient,-0.4000260732883898,0.4000260732883898,negative,171,204,103
C_LOGISTIC_REGRESSION,3,4,270,times,textual,coefficient,0.393632403790014,0.393632403790014,positive,172,69,238
C_LOGISTIC_REGRESSION,3,4,290,wait,textual,coefficient,-0.3929894121738873,0.3929894121738873,negative,173,203,104
C_LOGISTIC_REGRESSION,3,4,198,place,textual,coefficient,-0.39241931926105583,0.39241931926105583,negative,174,202,105
C_LOGISTIC_REGRESSION,3,4,302,likes,engagement_or_format,coefficient,0.39183886804774765,0.39183886804774765,positive,175,70,237
C_LOGISTIC_REGRESSION,3,4,194,people adhd,textual,coefficient,-0.39048163852767587,0.39048163852767587,negative,176,201,106
C_LOGISTIC_REGRESSION,3,4,172,meds,textual,coefficient,-0.3871036519631255,0.3871036519631255,negative,177,200,107
C_LOGISTIC_REGRESSION,3,4,165,making,textual,coefficient,-0.3829240076606643,0.3829240076606643,negative,178,199,108
C_LOGISTIC_REGRESSION,3,4,151,like adhd,textual,coefficient,-0.3815319118530935,0.3815319118530935,negative,179,198,109
C_LOGISTIC_REGRESSION,3,4,186,oh,textual,coefficient,-0.3801646509650385,0.3801646509650385,negative,180,197,110
C_LOGISTIC_REGRESSION,3,4,61,difficulty,textual,coefficient,-0.37766591839026287,0.37766591839026287,negative,181,196,111
C_LOGISTIC_REGRESSION,3,4,245,struggles,textual,coefficient,-0.3760327172871582,0.3760327172871582,negative,182,195,112
C_LOGISTIC_REGRESSION,3,4,213,reduce,textual,coefficient,0.3756468402198528,0.3756468402198528,positive,183,71,236
C_LOGISTIC_REGRESSION,3,4,177,moving,textual,coefficient,-0.3703138146609279,0.3703138146609279,negative,184,194,113
C_LOGISTIC_REGRESSION,3,4,255,talk,textual,coefficient,-0.3684298051522788,0.3684298051522788,negative,185,193,114
C_LOGISTIC_REGRESSION,3,4,173,mental,textual,coefficient,-0.36404995041983146,0.36404995041983146,negative,186,192,115
C_LOGISTIC_REGRESSION,3,4,57,did,textual,coefficient,-0.3584841041113651,0.3584841041113651,negative,187,191,116
C_LOGISTIC_REGRESSION,3,4,28,behavior,textual,coefficient,-0.35789916162419705,0.35789916162419705,negative,188,190,117
C_LOGISTIC_REGRESSION,3,4,6,adhd,textual,coefficient,-0.3547763215960135,0.3547763215960135,negative,189,189,118
C_LOGISTIC_REGRESSION,3,4,203,present,textual,coefficient,-0.3547161542322012,0.3547161542322012,negative,190,188,119
C_LOGISTIC_REGRESSION,3,4,19,adult,textual,coefficient,-0.35375057696134266,0.35375057696134266,negative,191,187,120
C_LOGISTIC_REGRESSION,3,4,148,life,textual,coefficient,0.35350599215871015,0.35350599215871015,positive,192,72,235
C_LOGISTIC_REGRESSION,3,4,248,stuff,textual,coefficient,-0.34963486025719337,0.34963486025719337,negative,193,186,121
C_LOGISTIC_REGRESSION,3,4,295,work,textual,coefficient,-0.3423165265056202,0.3423165265056202,negative,194,185,122
C_LOGISTIC_REGRESSION,3,4,43,come,textual,coefficient,-0.3408705123461443,0.3408705123461443,negative,195,184,123
C_LOGISTIC_REGRESSION,3,4,284,use,textual,coefficient,-0.3403739789443404,0.3403739789443404,negative,196,183,124
C_LOGISTIC_REGRESSION,3,4,47,condition,textual,coefficient,-0.33988203527762384,0.33988203527762384,negative,197,182,125
C_LOGISTIC_REGRESSION,3,4,109,happen,textual,coefficient,-0.3393485334096045,0.3393485334096045,negative,198,181,126
C_LOGISTIC_REGRESSION,3,4,143,late,textual,coefficient,-0.33417892469892124,0.33417892469892124,negative,199,180,127
C_LOGISTIC_REGRESSION,3,4,80,emotions,textual,coefficient,-0.33411785860709536,0.33411785860709536,negative,200,179,128
C_LOGISTIC_REGRESSION,3,4,201,point,textual,coefficient,-0.3333636909197491,0.3333636909197491,negative,201,178,129
C_LOGISTIC_REGRESSION,3,4,25,attention,textual,coefficient,0.3332604617374709,0.3332604617374709,positive,202,73,234
C_LOGISTIC_REGRESSION,3,4,218,running,textual,coefficient,-0.3310614534461394,0.3310614534461394,negative,203,177,130
C_LOGISTIC_REGRESSION,3,4,144,lead,textual,coefficient,-0.3299064602600867,0.3299064602600867,negative,204,176,131
C_LOGISTIC_REGRESSION,3,4,98,follow,textual,coefficient,-0.3283712308067566,0.3283712308067566,negative,205,175,132
C_LOGISTIC_REGRESSION,3,4,44,comes,textual,coefficient,0.32729660129167,0.32729660129167,positive,206,74,233
C_LOGISTIC_REGRESSION,3,4,112,harder,textual,coefficient,-0.3187877368833006,0.3187877368833006,negative,207,174,133
C_LOGISTIC_REGRESSION,3,4,171,medications,textual,coefficient,-0.31482815005715314,0.31482815005715314,negative,208,173,134
C_LOGISTIC_REGRESSION,3,4,145,learn,textual,coefficient,-0.31457660978512114,0.31457660978512114,negative,209,172,135
C_LOGISTIC_REGRESSION,3,4,299,yeah,textual,coefficient,0.3100870918339556,0.3100870918339556,positive,210,75,232
C_LOGISTIC_REGRESSION,3,4,246,struggling,textual,coefficient,-0.3097950246304242,0.3097950246304242,negative,211,171,136
C_LOGISTIC_REGRESSION,3,4,56,diagnostic,textual,coefficient,-0.30923415931140225,0.30923415931140225,negative,212,170,137
C_LOGISTIC_REGRESSION,3,4,243,strategies,textual,coefficient,-0.3070839286673338,0.3070839286673338,negative,213,169,138
C_LOGISTIC_REGRESSION,3,4,31,better,textual,coefficient,-0.3064433485939554,0.3064433485939554,negative,214,168,139
C_LOGISTIC_REGRESSION,3,4,269,time,textual,coefficient,-0.2986672977568659,0.2986672977568659,negative,215,167,140
C_LOGISTIC_REGRESSION,3,4,264,thing,textual,coefficient,-0.2982722345800149,0.2982722345800149,negative,216,166,141
C_LOGISTIC_REGRESSION,3,4,187,okay,textual,coefficient,-0.2962872876724658,0.2962872876724658,negative,217,165,142
C_LOGISTIC_REGRESSION,3,4,120,home,textual,coefficient,0.29526365571699953,0.29526365571699953,positive,218,76,231
C_LOGISTIC_REGRESSION,3,4,66,does,textual,coefficient,-0.29500392909254936,0.29500392909254936,negative,219,164,143
C_LOGISTIC_REGRESSION,3,4,122,hyperactive,textual,coefficient,-0.2923487562514912,0.2923487562514912,negative,220,163,144
C_LOGISTIC_REGRESSION,3,4,163,make sure,textual,coefficient,-0.2893671330309559,0.2893671330309559,negative,221,162,145
C_LOGISTIC_REGRESSION,3,4,117,helps,textual,coefficient,0.28703657856861575,0.28703657856861575,positive,222,77,230
C_LOGISTIC_REGRESSION,3,4,134,isn,textual,coefficient,0.283636573535756,0.283636573535756,positive,223,78,229
C_LOGISTIC_REGRESSION,3,4,46,complete,textual,coefficient,-0.27503566068098506,0.27503566068098506,negative,224,161,146
C_LOGISTIC_REGRESSION,3,4,283,understanding,textual,coefficient,-0.27316663480023723,0.27316663480023723,negative,225,160,147
C_LOGISTIC_REGRESSION,3,4,8,adhd autism,textual,coefficient,-0.2722813911001934,0.2722813911001934,negative,226,159,148
C_LOGISTIC_REGRESSION,3,4,196,phone,textual,coefficient,0.27186434720109404,0.27186434720109404,positive,227,79,228
C_LOGISTIC_REGRESSION,3,4,40,challenges,textual,coefficient,-0.2717995275548923,0.2717995275548923,negative,228,158,149
C_LOGISTIC_REGRESSION,3,4,215,rejection,textual,coefficient,-0.2640218276619571,0.2640218276619571,negative,229,157,150
C_LOGISTIC_REGRESSION,3,4,166,manage,textual,coefficient,-0.26322705002618535,0.26322705002618535,negative,230,156,151
C_LOGISTIC_REGRESSION,3,4,138,kid,textual,coefficient,-0.2622467935338678,0.2622467935338678,negative,231,155,152
C_LOGISTIC_REGRESSION,3,4,77,eating,textual,coefficient,0.26010307583856773,0.26010307583856773,positive,232,80,227
C_LOGISTIC_REGRESSION,3,4,200,playing,textual,coefficient,-0.2597663791946134,0.2597663791946134,negative,233,154,153
C_LOGISTIC_REGRESSION,3,4,226,sensitivity,textual,coefficient,-0.2542411360755934,0.2542411360755934,negative,234,153,154
C_LOGISTIC_REGRESSION,3,4,300,certainty_score,handcrafted_linguistic,coefficient,0.24890426095797832,0.24890426095797832,positive,235,81,226
C_LOGISTIC_REGRESSION,3,4,30,best,textual,coefficient,0.24364303623315348,0.24364303623315348,positive,236,82,225
C_LOGISTIC_REGRESSION,3,4,23,anxiety,textual,coefficient,0.2393599208379708,0.2393599208379708,positive,237,83,224
C_LOGISTIC_REGRESSION,3,4,224,self,textual,coefficient,0.2380172808897292,0.2380172808897292,positive,238,84,223
C_LOGISTIC_REGRESSION,3,4,167,maybe,textual,coefficient,-0.23661844729235895,0.23661844729235895,negative,239,152,155
C_LOGISTIC_REGRESSION,3,4,104,getting,textual,coefficient,0.23443506264576328,0.23443506264576328,positive,240,85,222
C_LOGISTIC_REGRESSION,3,4,156,long term,textual,coefficient,-0.23368932102129988,0.23368932102129988,negative,241,151,156
C_LOGISTIC_REGRESSION,3,4,29,behaviors,textual,coefficient,-0.23112752321284027,0.23112752321284027,negative,242,150,157
C_LOGISTIC_REGRESSION,3,4,184,non,textual,coefficient,-0.2292881959664604,0.2292881959664604,negative,243,149,158
C_LOGISTIC_REGRESSION,3,4,301,hedge_score,handcrafted_linguistic,coefficient,-0.22915578163660996,0.22915578163660996,negative,244,148,159
C_LOGISTIC_REGRESSION,3,4,229,short,textual,coefficient,-0.2274637331248754,0.2274637331248754,negative,245,147,160
C_LOGISTIC_REGRESSION,3,4,268,thinking,textual,coefficient,0.22524635030565796,0.22524635030565796,positive,246,86,221
C_LOGISTIC_REGRESSION,3,4,128,inattention,textual,coefficient,-0.2173504575879933,0.2173504575879933,negative,247,146,161
C_LOGISTIC_REGRESSION,3,4,239,stay,textual,coefficient,-0.21719932641946613,0.21719932641946613,negative,248,145,162
C_LOGISTIC_REGRESSION,3,4,124,impact,textual,coefficient,-0.21016311946225738,0.21016311946225738,negative,249,144,163
C_LOGISTIC_REGRESSION,3,4,52,deficit,textual,coefficient,-0.2047300224822603,0.2047300224822603,negative,250,143,164
C_LOGISTIC_REGRESSION,3,4,272,treated,textual,coefficient,0.20147212902654665,0.20147212902654665,positive,251,87,220
C_LOGISTIC_REGRESSION,3,4,22,answer sep,textual,coefficient,-0.20029182825532293,0.20029182825532293,negative,252,142,165
C_LOGISTIC_REGRESSION,3,4,63,disorders,textual,coefficient,-0.19500933074317997,0.19500933074317997,negative,253,141,166
C_LOGISTIC_REGRESSION,3,4,282,understand,textual,coefficient,-0.19482923165657695,0.19482923165657695,negative,254,140,167
C_LOGISTIC_REGRESSION,3,4,39,cause,textual,coefficient,-0.19439036396979822,0.19439036396979822,negative,255,139,168
C_LOGISTIC_REGRESSION,3,4,88,experts,textual,coefficient,-0.19069387702273707,0.19069387702273707,negative,256,137,169
C_LOGISTIC_REGRESSION,3,4,89,experts answer,textual,coefficient,-0.19069387702273707,0.19069387702273707,negative,256,137,169
C_LOGISTIC_REGRESSION,3,4,152,likely,textual,coefficient,-0.18453207569371588,0.18453207569371588,negative,258,136,171
C_LOGISTIC_REGRESSION,3,4,101,forget,textual,coefficient,-0.1826283939868628,0.1826283939868628,negative,259,135,172
C_LOGISTIC_REGRESSION,3,4,83,especially,textual,coefficient,0.1822170180011036,0.1822170180011036,positive,260,88,219
C_LOGISTIC_REGRESSION,3,4,60,different,textual,coefficient,-0.1771933015475706,0.1771933015475706,negative,261,134,173
C_LOGISTIC_REGRESSION,3,4,228,sep adhd,textual,coefficient,-0.16776116746175776,0.16776116746175776,negative,262,133,174
C_LOGISTIC_REGRESSION,3,4,209,quickly,textual,coefficient,-0.16650063053477304,0.16650063053477304,negative,263,132,175
C_LOGISTIC_REGRESSION,3,4,131,information,textual,coefficient,0.15914896754921218,0.15914896754921218,positive,264,89,218
C_LOGISTIC_REGRESSION,3,4,266,things like,textual,coefficient,0.15763381696311501,0.15763381696311501,positive,265,90,217
C_LOGISTIC_REGRESSION,3,4,263,therapy,textual,coefficient,-0.1542565798971694,0.1542565798971694,negative,266,131,176
C_LOGISTIC_REGRESSION,3,4,162,make,textual,coefficient,-0.15085229818845178,0.15085229818845178,negative,267,130,177
C_LOGISTIC_REGRESSION,3,4,53,depression,textual,coefficient,0.15019913860963224,0.15019913860963224,positive,268,91,216
C_LOGISTIC_REGRESSION,3,4,216,remember,textual,coefficient,-0.14962094042917934,0.14962094042917934,negative,269,129,178
C_LOGISTIC_REGRESSION,3,4,240,stimulant,textual,coefficient,-0.1473787506139856,0.1473787506139856,negative,270,128,179
C_LOGISTIC_REGRESSION,3,4,150,like,textual,coefficient,0.1462071833053743,0.1462071833053743,positive,271,92,215
C_LOGISTIC_REGRESSION,3,4,219,say,textual,coefficient,-0.14544353099664462,0.14544353099664462,negative,272,127,180
C_LOGISTIC_REGRESSION,3,4,158,looking,textual,coefficient,0.12625794706435603,0.12625794706435603,positive,273,93,214
C_LOGISTIC_REGRESSION,3,4,188,options,textual,coefficient,-0.11813673598969415,0.11813673598969415,negative,274,126,181
C_LOGISTIC_REGRESSION,3,4,227,sep,textual,coefficient,0.11558218878482558,0.11558218878482558,positive,275,94,213
C_LOGISTIC_REGRESSION,3,4,199,play,textual,coefficient,0.11511722207941327,0.11511722207941327,positive,276,95,212
C_LOGISTIC_REGRESSION,3,4,24,aren,textual,coefficient,0.10239033758951349,0.10239033758951349,positive,277,96,211
C_LOGISTIC_REGRESSION,3,4,210,real,textual,coefficient,-0.10034506887500329,0.10034506887500329,negative,278,125,182
C_LOGISTIC_REGRESSION,3,4,118,high,textual,coefficient,0.09807069793852978,0.09807069793852978,positive,279,97,210
C_LOGISTIC_REGRESSION,3,4,154,ll,textual,coefficient,-0.0944069811756956,0.0944069811756956,negative,280,124,183
C_LOGISTIC_REGRESSION,3,4,206,problems,textual,coefficient,-0.09146425538020811,0.09146425538020811,negative,281,123,184
C_LOGISTIC_REGRESSION,3,4,58,diet,textual,coefficient,-0.09010478900171125,0.09010478900171125,negative,282,122,185
C_LOGISTIC_REGRESSION,3,4,76,eat,textual,coefficient,0.08416509133700721,0.08416509133700721,positive,283,98,209
C_LOGISTIC_REGRESSION,3,4,164,makes,textual,coefficient,0.0785740306917063,0.0785740306917063,positive,284,99,208
C_LOGISTIC_REGRESSION,3,4,254,taking,textual,coefficient,-0.06919944235275635,0.06919944235275635,negative,285,121,186
C_LOGISTIC_REGRESSION,3,4,142,lack,textual,coefficient,0.06832006353489149,0.06832006353489149,positive,286,100,207
C_LOGISTIC_REGRESSION,3,4,115,hear,textual,coefficient,0.06714780986462664,0.06714780986462664,positive,287,101,206
C_LOGISTIC_REGRESSION,3,4,41,child,textual,coefficient,0.05983269699089064,0.05983269699089064,positive,288,102,205
C_LOGISTIC_REGRESSION,3,4,139,kids,textual,coefficient,-0.05858404486246336,0.05858404486246336,negative,289,120,187
C_LOGISTIC_REGRESSION,3,4,296,world,textual,coefficient,0.05766692927988325,0.05766692927988325,positive,290,103,204
C_LOGISTIC_REGRESSION,3,4,2,activities,textual,coefficient,-0.055398870079084374,0.055398870079084374,negative,291,119,188
C_LOGISTIC_REGRESSION,3,4,292,way,textual,coefficient,-0.05278478968801704,0.05278478968801704,negative,292,118,189
C_LOGISTIC_REGRESSION,3,4,37,called,textual,coefficient,-0.04990648038375191,0.04990648038375191,negative,293,117,190
C_LOGISTIC_REGRESSION,3,4,51,day,textual,coefficient,-0.04284462572116693,0.04284462572116693,negative,294,116,191
C_LOGISTIC_REGRESSION,3,4,178,music,textual,coefficient,0.04237879675803816,0.04237879675803816,positive,295,104,203
C_LOGISTIC_REGRESSION,3,4,207,protein,textual,coefficient,-0.036877563530174774,0.036877563530174774,negative,296,115,192
C_LOGISTIC_REGRESSION,3,4,193,people,textual,coefficient,0.03656842821426657,0.03656842821426657,positive,297,105,202
C_LOGISTIC_REGRESSION,3,4,38,care,textual,coefficient,-0.03564704334792923,0.03564704334792923,negative,298,114,193
C_LOGISTIC_REGRESSION,3,4,231,signs,textual,coefficient,0.025011883885104204,0.025011883885104204,positive,299,106,201
C_LOGISTIC_REGRESSION,3,4,241,stimulants,textual,coefficient,-0.010952806771016892,0.010952806771016892,negative,300,113,194
C_LOGISTIC_REGRESSION,3,4,95,feeling,textual,coefficient,-0.009794369358461969,0.009794369358461969,negative,301,112,195
C_LOGISTIC_REGRESSION,3,4,257,task,textual,coefficient,0.009596617309303548,0.009596617309303548,positive,302,107,200
C_LOGISTIC_REGRESSION,3,4,92,fact,textual,coefficient,0.007347153380376386,0.007347153380376386,positive,303,108,199
C_LOGISTIC_REGRESSION,3,4,237,sort,textual,coefficient,-0.0071450563676455515,0.0071450563676455515,negative,304,111,196
C_LOGISTIC_REGRESSION,3,4,4,actually,textual,coefficient,-0.002472408605831633,0.002472408605831633,negative,305,110,197
C_LOGISTIC_REGRESSION,3,4,233,sit,textual,coefficient,-0.00240893181823805,0.00240893181823805,negative,306,109,198
C_LOGISTIC_REGRESSION,4,1,214,school,textual,coefficient,2.013624959053942,2.013624959053942,positive,1,1,306
C_LOGISTIC_REGRESSION,4,1,48,common,textual,coefficient,1.935278392858817,1.935278392858817,positive,2,2,305
C_LOGISTIC_REGRESSION,4,1,59,diet,textual,coefficient,-1.837642101830063,1.837642101830063,negative,3,306,1
C_LOGISTIC_REGRESSION,4,1,36,brain,textual,coefficient,-1.816227003215728,1.816227003215728,negative,4,305,2
C_LOGISTIC_REGRESSION,4,1,257,thing,textual,coefficient,-1.7755380883063836,1.7755380883063836,negative,5,304,3
C_LOGISTIC_REGRESSION,4,1,128,impulsivity,textual,coefficient,1.7078622113698354,1.7078622113698354,positive,6,3,304
C_LOGISTIC_REGRESSION,4,1,23,autism,textual,coefficient,1.6353010593223247,1.6353010593223247,positive,7,4,303
C_LOGISTIC_REGRESSION,4,1,226,signs,textual,coefficient,1.5719339891214308,1.5719339891214308,positive,8,5,302
C_LOGISTIC_REGRESSION,4,1,112,harder,textual,coefficient,1.5043733361774412,1.5043733361774412,positive,9,6,301
C_LOGISTIC_REGRESSION,4,1,20,anxiety,textual,coefficient,1.5015972935386774,1.5015972935386774,positive,10,7,300
C_LOGISTIC_REGRESSION,4,1,200,problem,textual,coefficient,-1.4512930347301365,1.4512930347301365,negative,11,303,4
C_LOGISTIC_REGRESSION,4,1,98,focus,textual,coefficient,1.444404712589473,1.444404712589473,positive,12,8,299
C_LOGISTIC_REGRESSION,4,1,19,answer,textual,coefficient,1.4376738339832136,1.4376738339832136,positive,13,9,298
C_LOGISTIC_REGRESSION,4,1,201,problems,textual,coefficient,1.4349653982389174,1.4349653982389174,positive,14,10,297
C_LOGISTIC_REGRESSION,4,1,265,trauma,textual,coefficient,1.4169124017363603,1.4169124017363603,positive,15,11,296
C_LOGISTIC_REGRESSION,4,1,71,don,textual,coefficient,-1.4147524857564489,1.4147524857564489,negative,16,302,5
C_LOGISTIC_REGRESSION,4,1,11,adhd like,textual,coefficient,1.405590836867611,1.405590836867611,positive,17,12,295
C_LOGISTIC_REGRESSION,4,1,253,tasks,textual,coefficient,1.394733561367851,1.394733561367851,positive,18,13,294
C_LOGISTIC_REGRESSION,4,1,288,want,textual,coefficient,-1.3895519204586233,1.3895519204586233,negative,19,301,6
C_LOGISTIC_REGRESSION,4,1,299,एड,textual,coefficient,1.3631534835428352,1.3631534835428352,positive,20,14,293
C_LOGISTIC_REGRESSION,4,1,146,life,textual,coefficient,1.3447530061009494,1.3447530061009494,positive,21,15,292
C_LOGISTIC_REGRESSION,4,1,141,kind,textual,coefficient,1.2946710068712994,1.2946710068712994,positive,22,16,291
C_LOGISTIC_REGRESSION,4,1,229,sleep,textual,coefficient,1.2696760779908935,1.2696760779908935,positive,23,17,290
C_LOGISTIC_REGRESSION,4,1,207,regulation,textual,coefficient,1.258501895193936,1.258501895193936,positive,24,18,289
C_LOGISTIC_REGRESSION,4,1,152,ll,textual,coefficient,-1.2545727200632673,1.2545727200632673,negative,25,300,7
C_LOGISTIC_REGRESSION,4,1,124,impact,textual,coefficient,1.2410082607442587,1.2410082607442587,positive,26,19,288
C_LOGISTIC_REGRESSION,4,1,107,good,textual,coefficient,-1.2339439135446544,1.2339439135446544,negative,27,299,8
C_LOGISTIC_REGRESSION,4,1,117,helps,textual,coefficient,1.2313510953316509,1.2313510953316509,positive,28,20,287
C_LOGISTIC_REGRESSION,4,1,304,views,engagement_or_format,coefficient,1.2184358427471895,1.2184358427471895,positive,29,21,286
C_LOGISTIC_REGRESSION,4,1,148,like,textual,coefficient,1.201367503043991,1.201367503043991,positive,30,22,285
C_LOGISTIC_REGRESSION,4,1,142,know,textual,coefficient,1.1975518749884646,1.1975518749884646,positive,31,23,284
C_LOGISTIC_REGRESSION,4,1,5,adhd,textual,coefficient,1.1861492026987277,1.1861492026987277,positive,32,24,283
C_LOGISTIC_REGRESSION,4,1,101,foods,textual,coefficient,-1.1761219060571346,1.1761219060571346,negative,33,298,9
C_LOGISTIC_REGRESSION,4,1,45,college,textual,coefficient,1.1632230528837049,1.1632230528837049,positive,34,25,282
C_LOGISTIC_REGRESSION,4,1,55,depression,textual,coefficient,-1.1580306094440351,1.1580306094440351,negative,35,297,10
C_LOGISTIC_REGRESSION,4,1,8,adhd brain,textual,coefficient,-1.142148277176316,1.142148277176316,negative,36,296,11
C_LOGISTIC_REGRESSION,4,1,176,music,textual,coefficient,1.1337003366295877,1.1337003366295877,positive,37,26,281
C_LOGISTIC_REGRESSION,4,1,103,function,textual,coefficient,1.129752634677307,1.129752634677307,positive,38,27,280
C_LOGISTIC_REGRESSION,4,1,131,increase,textual,coefficient,-1.1292245960956644,1.1292245960956644,negative,39,295,12
C_LOGISTIC_REGRESSION,4,1,177,natural,textual,coefficient,-1.1274859186201767,1.1274859186201767,negative,40,294,13
C_LOGISTIC_REGRESSION,4,1,35,body,textual,coefficient,-1.1052455598045596,1.1052455598045596,negative,41,293,14
C_LOGISTIC_REGRESSION,4,1,127,impulsive,textual,coefficient,1.0984819564108992,1.0984819564108992,positive,42,28,279
C_LOGISTIC_REGRESSION,4,1,289,way,textual,coefficient,-1.095002826206513,1.095002826206513,negative,43,292,15
C_LOGISTIC_REGRESSION,4,1,68,does,textual,coefficient,1.0865198396506468,1.0865198396506468,positive,44,29,278
C_LOGISTIC_REGRESSION,4,1,165,manage,textual,coefficient,1.0757978131341808,1.0757978131341808,positive,45,30,277
C_LOGISTIC_REGRESSION,4,1,302,likes,engagement_or_format,coefficient,-1.068930828323384,1.068930828323384,negative,46,291,16
C_LOGISTIC_REGRESSION,4,1,255,tend,textual,coefficient,-1.0582688379889653,1.0582688379889653,negative,47,290,17
C_LOGISTIC_REGRESSION,4,1,105,girls,textual,coefficient,1.0502934128549508,1.0502934128549508,positive,48,31,276
C_LOGISTIC_REGRESSION,4,1,111,hard,textual,coefficient,1.039187544471155,1.039187544471155,positive,49,32,275
C_LOGISTIC_REGRESSION,4,1,197,potential,textual,coefficient,-1.0354995382942165,1.0354995382942165,negative,50,289,18
C_LOGISTIC_REGRESSION,4,1,286,video,textual,coefficient,-1.0315046045924077,1.0315046045924077,negative,51,288,19
C_LOGISTIC_REGRESSION,4,1,273,trying,textual,coefficient,1.0283641777037003,1.0283641777037003,positive,52,33,274
C_LOGISTIC_REGRESSION,4,1,57,diagnosis,textual,coefficient,1.024887729071599,1.024887729071599,positive,53,34,273
C_LOGISTIC_REGRESSION,4,1,69,doesn,textual,coefficient,-1.0187464606412633,1.0187464606412633,negative,54,287,20
C_LOGISTIC_REGRESSION,4,1,202,protein,textual,coefficient,1.0073139861245075,1.0073139861245075,positive,55,35,272
C_LOGISTIC_REGRESSION,4,1,281,understanding,textual,coefficient,1.0035574935775984,1.0035574935775984,positive,56,36,271
C_LOGISTIC_REGRESSION,4,1,46,come,textual,coefficient,1.0014039593498336,1.0014039593498336,positive,57,37,270
C_LOGISTIC_REGRESSION,4,1,285,ve,textual,coefficient,-0.9942148814482643,0.9942148814482643,negative,58,286,21
C_LOGISTIC_REGRESSION,4,1,15,adhders,textual,coefficient,-0.9920822547036799,0.9920822547036799,negative,59,285,22
C_LOGISTIC_REGRESSION,4,1,30,best,textual,coefficient,0.9734625252706757,0.9734625252706757,positive,60,38,269
C_LOGISTIC_REGRESSION,4,1,89,executive function,textual,coefficient,0.9711133452626659,0.9711133452626659,positive,61,39,268
C_LOGISTIC_REGRESSION,4,1,192,people adhd,textual,coefficient,-0.9676705081017596,0.9676705081017596,negative,62,284,23
C_LOGISTIC_REGRESSION,4,1,52,criteria,textual,coefficient,0.9653966418453517,0.9653966418453517,positive,63,40,267
C_LOGISTIC_REGRESSION,4,1,42,child,textual,coefficient,-0.9603211853985341,0.9603211853985341,negative,64,283,24
C_LOGISTIC_REGRESSION,4,1,209,relationships,textual,coefficient,-0.9585046762273911,0.9585046762273911,negative,65,282,25
C_LOGISTIC_REGRESSION,4,1,104,getting,textual,coefficient,0.9526642068963221,0.9526642068963221,positive,66,41,266
C_LOGISTIC_REGRESSION,4,1,217,self,textual,coefficient,-0.9265310323857671,0.9265310323857671,negative,67,281,26
C_LOGISTIC_REGRESSION,4,1,54,deficit,textual,coefficient,-0.9230787138662748,0.9230787138662748,negative,68,280,27
C_LOGISTIC_REGRESSION,4,1,4,add,textual,coefficient,-0.9158878735320485,0.9158878735320485,negative,69,279,28
C_LOGISTIC_REGRESSION,4,1,65,disorders,textual,coefficient,0.9145239038762834,0.9145239038762834,positive,70,42,265
C_LOGISTIC_REGRESSION,4,1,100,food,textual,coefficient,-0.9140407559532544,0.9140407559532544,negative,71,278,29
C_LOGISTIC_REGRESSION,4,1,254,tell,textual,coefficient,-0.9130013912179727,0.9130013912179727,negative,72,277,30
C_LOGISTIC_REGRESSION,4,1,80,emotional,textual,coefficient,0.9112281869380077,0.9112281869380077,positive,73,43,264
C_LOGISTIC_REGRESSION,4,1,219,sensitive,textual,coefficient,-0.9058423050517485,0.9058423050517485,negative,74,276,31
C_LOGISTIC_REGRESSION,4,1,168,means,textual,coefficient,-0.8994470478272628,0.8994470478272628,negative,75,275,32
C_LOGISTIC_REGRESSION,4,1,267,treated,textual,coefficient,0.8973896597939084,0.8973896597939084,positive,76,44,263
C_LOGISTIC_REGRESSION,4,1,277,uh,textual,coefficient,-0.8867995046296602,0.8867995046296602,negative,77,274,33
C_LOGISTIC_REGRESSION,4,1,16,adult,textual,coefficient,0.8847959446021978,0.8847959446021978,positive,78,45,262
C_LOGISTIC_REGRESSION,4,1,28,behavioral,textual,coefficient,0.8821980657182433,0.8821980657182433,positive,79,46,261
C_LOGISTIC_REGRESSION,4,1,74,drugs,textual,coefficient,0.875456072484292,0.875456072484292,positive,80,47,260
C_LOGISTIC_REGRESSION,4,1,235,stimulants,textual,coefficient,-0.8613385190491242,0.8613385190491242,negative,81,273,34
C_LOGISTIC_REGRESSION,4,1,87,executive,textual,coefficient,0.8565020222096829,0.8565020222096829,positive,82,48,259
C_LOGISTIC_REGRESSION,4,1,90,exercise,textual,coefficient,0.8504886910626966,0.8504886910626966,positive,83,49,258
C_LOGISTIC_REGRESSION,4,1,140,kids,textual,coefficient,0.8253874440009477,0.8253874440009477,positive,84,50,257
C_LOGISTIC_REGRESSION,4,1,159,lots,textual,coefficient,0.8212511826823481,0.8212511826823481,positive,85,51,256
C_LOGISTIC_REGRESSION,4,1,167,mean,textual,coefficient,-0.8167705241538784,0.8167705241538784,negative,86,272,35
C_LOGISTIC_REGRESSION,4,1,245,support,textual,coefficient,0.811543834651114,0.811543834651114,positive,87,52,255
C_LOGISTIC_REGRESSION,4,1,72,dopamine,textual,coefficient,-0.8080472995529064,0.8080472995529064,negative,88,271,36
C_LOGISTIC_REGRESSION,4,1,43,children,textual,coefficient,-0.8043739094585345,0.8043739094585345,negative,89,270,37
C_LOGISTIC_REGRESSION,4,1,184,okay,textual,coefficient,-0.8018721263343889,0.8018721263343889,negative,90,269,38
C_LOGISTIC_REGRESSION,4,1,216,seen,textual,coefficient,0.7977262658352886,0.7977262658352886,positive,91,53,254
C_LOGISTIC_REGRESSION,4,1,243,sugar,textual,coefficient,-0.7962556035799317,0.7962556035799317,negative,92,268,39
C_LOGISTIC_REGRESSION,4,1,290,ways,textual,coefficient,0.7916558473536114,0.7916558473536114,positive,93,54,253
C_LOGISTIC_REGRESSION,4,1,29,behaviors,textual,coefficient,0.7874609516524745,0.7874609516524745,positive,94,55,252
C_LOGISTIC_REGRESSION,4,1,160,low,textual,coefficient,-0.7794909097979548,0.7794909097979548,negative,95,267,40
C_LOGISTIC_REGRESSION,4,1,126,improve,textual,coefficient,-0.7748280904738455,0.7748280904738455,negative,96,266,41
C_LOGISTIC_REGRESSION,4,1,114,health,textual,coefficient,0.772929492284363,0.772929492284363,positive,97,56,251
C_LOGISTIC_REGRESSION,4,1,210,remember,textual,coefficient,-0.7657359611151954,0.7657359611151954,negative,98,265,42
C_LOGISTIC_REGRESSION,4,1,113,having,textual,coefficient,0.7624017099376997,0.7624017099376997,positive,99,57,250
C_LOGISTIC_REGRESSION,4,1,242,stuff,textual,coefficient,-0.7600632643391432,0.7600632643391432,negative,100,264,43
C_LOGISTIC_REGRESSION,4,1,196,point,textual,coefficient,-0.7538501534456798,0.7538501534456798,negative,101,263,44
C_LOGISTIC_REGRESSION,4,1,0,10,textual,coefficient,-0.7458873240123853,0.7458873240123853,negative,102,262,45
C_LOGISTIC_REGRESSION,4,1,291,women,textual,coefficient,-0.741305658985701,0.741305658985701,negative,103,261,46
C_LOGISTIC_REGRESSION,4,1,123,hyperactivity,textual,coefficient,-0.737492741815258,0.737492741815258,negative,104,260,47
C_LOGISTIC_REGRESSION,4,1,276,typically,textual,coefficient,-0.72645331295909,0.72645331295909,negative,105,259,48
C_LOGISTIC_REGRESSION,4,1,9,adhd diagnosis,textual,coefficient,0.7260773995306874,0.7260773995306874,positive,106,58,249
C_LOGISTIC_REGRESSION,4,1,228,sit,textual,coefficient,-0.7238553810476452,0.7238553810476452,negative,107,258,49
C_LOGISTIC_REGRESSION,4,1,275,type,textual,coefficient,-0.7161818104405193,0.7161818104405193,negative,108,257,50
C_LOGISTIC_REGRESSION,4,1,81,emotions,textual,coefficient,0.7119231562504977,0.7119231562504977,positive,109,59,248
C_LOGISTIC_REGRESSION,4,1,223,sep adhd,textual,coefficient,0.7095955784132055,0.7095955784132055,positive,110,60,247
C_LOGISTIC_REGRESSION,4,1,278,um,textual,coefficient,-0.7091177903854883,0.7091177903854883,negative,111,256,51
C_LOGISTIC_REGRESSION,4,1,252,task,textual,coefficient,-0.6911788015351361,0.6911788015351361,negative,112,255,52
C_LOGISTIC_REGRESSION,4,1,182,ocd,textual,coefficient,0.685724369339966,0.685724369339966,positive,113,61,246
C_LOGISTIC_REGRESSION,4,1,63,difficulty,textual,coefficient,0.6853058052832333,0.6853058052832333,positive,114,62,245
C_LOGISTIC_REGRESSION,4,1,64,disorder,textual,coefficient,-0.6841304762998061,0.6841304762998061,negative,115,254,53
C_LOGISTIC_REGRESSION,4,1,14,adhd symptoms,textual,coefficient,0.6740749698137615,0.6740749698137615,positive,116,63,244
C_LOGISTIC_REGRESSION,4,1,132,information,textual,coefficient,-0.6717213887230077,0.6717213887230077,negative,117,253,54
C_LOGISTIC_REGRESSION,4,1,86,example,textual,coefficient,-0.6706875273467815,0.6706875273467815,negative,118,252,55
C_LOGISTIC_REGRESSION,4,1,12,adhd medication,textual,coefficient,0.6695545619205402,0.6695545619205402,positive,119,64,243
C_LOGISTIC_REGRESSION,4,1,282,use,textual,coefficient,-0.664794357576678,0.664794357576678,negative,120,251,56
C_LOGISTIC_REGRESSION,4,1,134,interesting,textual,coefficient,-0.6581875909653769,0.6581875909653769,negative,121,250,57
C_LOGISTIC_REGRESSION,4,1,13,adhd sep,textual,coefficient,-0.6558425837615726,0.6558425837615726,negative,122,249,58
C_LOGISTIC_REGRESSION,4,1,186,overwhelmed,textual,coefficient,0.6505197395608938,0.6505197395608938,positive,123,65,242
C_LOGISTIC_REGRESSION,4,1,279,unable,textual,coefficient,-0.6453103580694223,0.6453103580694223,negative,124,248,59
C_LOGISTIC_REGRESSION,4,1,21,attention,textual,coefficient,0.6448570538351974,0.6448570538351974,positive,125,66,241
C_LOGISTIC_REGRESSION,4,1,271,trouble,textual,coefficient,0.642949637844062,0.642949637844062,positive,126,67,240
C_LOGISTIC_REGRESSION,4,1,33,bit,textual,coefficient,-0.6368967198700995,0.6368967198700995,negative,127,247,60
C_LOGISTIC_REGRESSION,4,1,156,losing,textual,coefficient,0.6354521978194808,0.6354521978194808,positive,128,68,239
C_LOGISTIC_REGRESSION,4,1,135,iron,textual,coefficient,-0.6334428258982033,0.6334428258982033,negative,129,246,61
C_LOGISTIC_REGRESSION,4,1,251,talking,textual,coefficient,-0.6327597870268625,0.6327597870268625,negative,130,245,62
C_LOGISTIC_REGRESSION,4,1,246,sure,textual,coefficient,0.6311307207732806,0.6311307207732806,positive,131,69,238
C_LOGISTIC_REGRESSION,4,1,280,understand,textual,coefficient,-0.6213405745490587,0.6213405745490587,negative,132,244,63
C_LOGISTIC_REGRESSION,4,1,7,adhd autism,textual,coefficient,0.6194879272356301,0.6194879272356301,positive,133,70,237
C_LOGISTIC_REGRESSION,4,1,195,playing,textual,coefficient,-0.6158529189071867,0.6158529189071867,negative,134,243,64
C_LOGISTIC_REGRESSION,4,1,208,rejection,textual,coefficient,-0.6080977432544992,0.6080977432544992,negative,135,242,65
C_LOGISTIC_REGRESSION,4,1,150,little,textual,coefficient,-0.6033052526041848,0.6033052526041848,negative,136,241,66
C_LOGISTIC_REGRESSION,4,1,287,wait,textual,coefficient,-0.5971673754278554,0.5971673754278554,negative,137,240,67
C_LOGISTIC_REGRESSION,4,1,93,fact,textual,coefficient,0.5876392925121342,0.5876392925121342,positive,138,71,236
C_LOGISTIC_REGRESSION,4,1,224,shorts,textual,coefficient,0.5876126025503692,0.5876126025503692,positive,139,72,235
C_LOGISTIC_REGRESSION,4,1,272,try,textual,coefficient,-0.5861665826872422,0.5861665826872422,negative,140,239,68
C_LOGISTIC_REGRESSION,4,1,173,mood,textual,coefficient,-0.5810932710478998,0.5810932710478998,negative,141,238,69
C_LOGISTIC_REGRESSION,4,1,248,symptoms adhd,textual,coefficient,-0.5742189240650973,0.5742189240650973,negative,142,237,70
C_LOGISTIC_REGRESSION,4,1,79,effects,textual,coefficient,-0.5731880971994704,0.5731880971994704,negative,143,236,71
C_LOGISTIC_REGRESSION,4,1,138,just,textual,coefficient,0.5681626109083894,0.5681626109083894,positive,144,73,234
C_LOGISTIC_REGRESSION,4,1,27,behavior,textual,coefficient,-0.566479328078286,0.566479328078286,negative,145,235,72
C_LOGISTIC_REGRESSION,4,1,213,saying,textual,coefficient,0.5585469616839605,0.5585469616839605,positive,146,74,233
C_LOGISTIC_REGRESSION,4,1,53,day,textual,coefficient,0.552804656038131,0.552804656038131,positive,147,75,232
C_LOGISTIC_REGRESSION,4,1,110,happens,textual,coefficient,-0.5416059521014116,0.5416059521014116,negative,148,234,73
C_LOGISTIC_REGRESSION,4,1,183,oh,textual,coefficient,-0.5282175692485203,0.5282175692485203,negative,149,233,74
C_LOGISTIC_REGRESSION,4,1,294,wrong,textual,coefficient,-0.5280282730590947,0.5280282730590947,negative,150,232,75
C_LOGISTIC_REGRESSION,4,1,247,symptoms,textual,coefficient,0.5257629703450906,0.5257629703450906,positive,151,76,231
C_LOGISTIC_REGRESSION,4,1,256,therapy,textual,coefficient,-0.5235422172954586,0.5235422172954586,negative,152,231,76
C_LOGISTIC_REGRESSION,4,1,163,makes,textual,coefficient,-0.518839686053613,0.518839686053613,negative,153,230,77
C_LOGISTIC_REGRESSION,4,1,187,parents,textual,coefficient,0.5180775852000992,0.5180775852000992,positive,154,77,230
C_LOGISTIC_REGRESSION,4,1,303,comments,engagement_or_format,coefficient,-0.5126450392185858,0.5126450392185858,negative,155,229,78
C_LOGISTIC_REGRESSION,4,1,215,second,textual,coefficient,0.5096361449761095,0.5096361449761095,positive,156,78,229
C_LOGISTIC_REGRESSION,4,1,39,care,textual,coefficient,-0.5002631429549362,0.5002631429549362,negative,157,228,79
C_LOGISTIC_REGRESSION,4,1,139,kid,textual,coefficient,-0.49737661537871813,0.49737661537871813,negative,158,227,80
C_LOGISTIC_REGRESSION,4,1,44,class,textual,coefficient,0.49645284844836857,0.49645284844836857,positive,159,79,228
C_LOGISTIC_REGRESSION,4,1,50,constantly,textual,coefficient,-0.4922056078484573,0.4922056078484573,negative,160,226,81
C_LOGISTIC_REGRESSION,4,1,175,moving,textual,coefficient,-0.48532229899599233,0.48532229899599233,negative,161,225,82
C_LOGISTIC_REGRESSION,4,1,298,एक,textual,coefficient,-0.4811653351975185,0.4811653351975185,negative,162,224,83
C_LOGISTIC_REGRESSION,4,1,41,challenges,textual,coefficient,0.47905490961919717,0.47905490961919717,positive,163,80,227
C_LOGISTIC_REGRESSION,4,1,179,neurotypical,textual,coefficient,0.477485863587857,0.477485863587857,positive,164,81,226
C_LOGISTIC_REGRESSION,4,1,119,higher,textual,coefficient,0.47546595305056444,0.47546595305056444,positive,165,82,225
C_LOGISTIC_REGRESSION,4,1,205,real,textual,coefficient,0.47379681573598065,0.47379681573598065,positive,166,83,224
C_LOGISTIC_REGRESSION,4,1,67,doctor,textual,coefficient,-0.45915419410105535,0.45915419410105535,negative,167,223,84
C_LOGISTIC_REGRESSION,4,1,169,medication,textual,coefficient,-0.45893930096429963,0.45893930096429963,negative,168,222,85
C_LOGISTIC_REGRESSION,4,1,47,comes,textual,coefficient,-0.454708130167109,0.454708130167109,negative,169,221,86
C_LOGISTIC_REGRESSION,4,1,239,struggle,textual,coefficient,0.4462607288827288,0.4462607288827288,positive,170,84,223
C_LOGISTIC_REGRESSION,4,1,212,say,textual,coefficient,0.4307775553349633,0.4307775553349633,positive,171,85,222
C_LOGISTIC_REGRESSION,4,1,116,help,textual,coefficient,-0.4248093070598521,0.4248093070598521,negative,172,220,87
C_LOGISTIC_REGRESSION,4,1,227,signs adhd,textual,coefficient,0.4217697726027235,0.4217697726027235,positive,173,86,221
C_LOGISTIC_REGRESSION,4,1,34,blindness,textual,coefficient,-0.41520395162238316,0.41520395162238316,negative,174,219,88
C_LOGISTIC_REGRESSION,4,1,76,early,textual,coefficient,0.4112577756096856,0.4112577756096856,positive,175,87,220
C_LOGISTIC_REGRESSION,4,1,295,yeah,textual,coefficient,0.4047826180445451,0.4047826180445451,positive,176,88,219
C_LOGISTIC_REGRESSION,4,1,170,medications,textual,coefficient,0.4039867264286189,0.4039867264286189,positive,177,89,218
C_LOGISTIC_REGRESSION,4,1,231,social,textual,coefficient,0.4028995377603854,0.4028995377603854,positive,178,90,217
C_LOGISTIC_REGRESSION,4,1,18,affects,textual,coefficient,-0.3978792644523491,0.3978792644523491,negative,179,218,89
C_LOGISTIC_REGRESSION,4,1,129,inattentive,textual,coefficient,0.3960511765091924,0.3960511765091924,positive,180,91,216
C_LOGISTIC_REGRESSION,4,1,62,differently,textual,coefficient,-0.3952420892870541,0.3952420892870541,negative,181,217,90
C_LOGISTIC_REGRESSION,4,1,60,difference,textual,coefficient,0.39463608857440335,0.39463608857440335,positive,182,92,215
C_LOGISTIC_REGRESSION,4,1,157,lot,textual,coefficient,0.3914311645666027,0.3914311645666027,positive,183,93,214
C_LOGISTIC_REGRESSION,4,1,10,adhd just,textual,coefficient,-0.3884410971426287,0.3884410971426287,negative,184,216,91
C_LOGISTIC_REGRESSION,4,1,73,dr,textual,coefficient,-0.38573747384138557,0.38573747384138557,negative,185,215,92
C_LOGISTIC_REGRESSION,4,1,96,feel like,textual,coefficient,0.384576773642212,0.384576773642212,positive,186,94,213
C_LOGISTIC_REGRESSION,4,1,77,easily,textual,coefficient,0.38354685582356257,0.38354685582356257,positive,187,95,212
C_LOGISTIC_REGRESSION,4,1,25,bad,textual,coefficient,-0.37804929053750014,0.37804929053750014,negative,188,214,93
C_LOGISTIC_REGRESSION,4,1,153,long,textual,coefficient,0.3707765146827905,0.3707765146827905,positive,189,96,211
C_LOGISTIC_REGRESSION,4,1,2,activities,textual,coefficient,0.3700156923759739,0.3700156923759739,positive,190,97,210
C_LOGISTIC_REGRESSION,4,1,1,able,textual,coefficient,-0.36859032108783263,0.36859032108783263,negative,191,213,94
C_LOGISTIC_REGRESSION,4,1,37,brains,textual,coefficient,0.36784547839804355,0.36784547839804355,positive,192,98,209
C_LOGISTIC_REGRESSION,4,1,211,right,textual,coefficient,0.36496266715373127,0.36496266715373127,positive,193,99,208
C_LOGISTIC_REGRESSION,4,1,193,person,textual,coefficient,-0.3635292131421083,0.3635292131421083,negative,194,212,95
C_LOGISTIC_REGRESSION,4,1,38,called,textual,coefficient,-0.3630581437744657,0.3630581437744657,negative,195,211,96
C_LOGISTIC_REGRESSION,4,1,164,making,textual,coefficient,0.36001025673134013,0.36001025673134013,positive,196,100,207
C_LOGISTIC_REGRESSION,4,1,106,going,textual,coefficient,0.35863094748719443,0.35863094748719443,positive,197,101,206
C_LOGISTIC_REGRESSION,4,1,250,talk,textual,coefficient,-0.35529359542476796,0.35529359542476796,negative,198,210,97
C_LOGISTIC_REGRESSION,4,1,149,likely,textual,coefficient,-0.35499330136274804,0.35499330136274804,negative,199,209,98
C_LOGISTIC_REGRESSION,4,1,189,pay,textual,coefficient,-0.3513098391578521,0.3513098391578521,negative,200,208,99
C_LOGISTIC_REGRESSION,4,1,95,feel,textual,coefficient,-0.33956439244584824,0.33956439244584824,negative,201,207,100
C_LOGISTIC_REGRESSION,4,1,181,number,textual,coefficient,0.3393216125864908,0.3393216125864908,positive,202,102,205
C_LOGISTIC_REGRESSION,4,1,297,इपर,textual,coefficient,-0.3353353024003711,0.3353353024003711,negative,203,206,101
C_LOGISTIC_REGRESSION,4,1,266,treat,textual,coefficient,-0.3336866721272636,0.3336866721272636,negative,204,205,102
C_LOGISTIC_REGRESSION,4,1,133,instead,textual,coefficient,0.3321410885367783,0.3321410885367783,positive,205,103,204
C_LOGISTIC_REGRESSION,4,1,188,patients,textual,coefficient,-0.33015277783899866,0.33015277783899866,negative,206,204,103
C_LOGISTIC_REGRESSION,4,1,121,home,textual,coefficient,-0.3282408907000754,0.3282408907000754,negative,207,203,104
C_LOGISTIC_REGRESSION,4,1,82,end,textual,coefficient,0.31959303501288394,0.31959303501288394,positive,208,104,203
C_LOGISTIC_REGRESSION,4,1,61,different,textual,coefficient,0.31950857867801463,0.31950857867801463,positive,209,105,202
C_LOGISTIC_REGRESSION,4,1,122,hyperactive,textual,coefficient,-0.30151837999048253,0.30151837999048253,negative,210,202,105
C_LOGISTIC_REGRESSION,4,1,161,make,textual,coefficient,-0.296617460506979,0.296617460506979,negative,211,201,106
C_LOGISTIC_REGRESSION,4,1,268,treating,textual,coefficient,-0.2936152123695499,0.2936152123695499,negative,212,200,107
C_LOGISTIC_REGRESSION,4,1,301,hedge_score,handcrafted_linguistic,coefficient,0.2919723531158701,0.2919723531158701,positive,213,106,201
C_LOGISTIC_REGRESSION,4,1,230,small,textual,coefficient,-0.29033818493554053,0.29033818493554053,negative,214,199,108
C_LOGISTIC_REGRESSION,4,1,262,time,textual,coefficient,-0.2896468896693776,0.2896468896693776,negative,215,198,109
C_LOGISTIC_REGRESSION,4,1,194,play,textual,coefficient,0.28461370477506526,0.28461370477506526,positive,216,107,200
C_LOGISTIC_REGRESSION,4,1,233,start,textual,coefficient,-0.28396243380118225,0.28396243380118225,negative,217,197,110
C_LOGISTIC_REGRESSION,4,1,234,stimulant,textual,coefficient,-0.2812511887575308,0.2812511887575308,negative,218,196,111
C_LOGISTIC_REGRESSION,4,1,94,family,textual,coefficient,0.2797876608602093,0.2797876608602093,positive,219,108,199
C_LOGISTIC_REGRESSION,4,1,171,mental,textual,coefficient,0.2795337173354649,0.2795337173354649,positive,220,109,198
C_LOGISTIC_REGRESSION,4,1,198,present,textual,coefficient,0.27533607846226843,0.27533607846226843,positive,221,110,197
C_LOGISTIC_REGRESSION,4,1,237,strategies,textual,coefficient,-0.2746952077076841,0.2746952077076841,negative,222,195,112
C_LOGISTIC_REGRESSION,4,1,240,struggling,textual,coefficient,0.2738966571297564,0.2738966571297564,positive,223,111,196
C_LOGISTIC_REGRESSION,4,1,130,include,textual,coefficient,-0.2692646787908581,0.2692646787908581,negative,224,194,113
C_LOGISTIC_REGRESSION,4,1,305,duration_sec,engagement_or_format,coefficient,-0.2648172494786594,0.2648172494786594,negative,225,193,114
C_LOGISTIC_REGRESSION,4,1,75,dysfunction,textual,coefficient,0.26136456570931904,0.26136456570931904,positive,226,112,195
C_LOGISTIC_REGRESSION,4,1,162,make sure,textual,coefficient,0.25467232069125406,0.25467232069125406,positive,227,113,194
C_LOGISTIC_REGRESSION,4,1,284,usually,textual,coefficient,-0.25433685985600013,0.25433685985600013,negative,228,192,115
C_LOGISTIC_REGRESSION,4,1,293,works,textual,coefficient,-0.24816308300873097,0.24816308300873097,negative,229,191,116
C_LOGISTIC_REGRESSION,4,1,147,light,textual,coefficient,0.2477310673304631,0.2477310673304631,positive,230,114,193
C_LOGISTIC_REGRESSION,4,1,296,years,textual,coefficient,-0.24574072908295513,0.24574072908295513,negative,231,190,117
C_LOGISTIC_REGRESSION,4,1,144,let,textual,coefficient,0.24270421364075007,0.24270421364075007,positive,232,115,192
C_LOGISTIC_REGRESSION,4,1,32,big,textual,coefficient,0.2323960796854103,0.2323960796854103,positive,233,116,191
C_LOGISTIC_REGRESSION,4,1,190,pay attention,textual,coefficient,0.23003144881834364,0.23003144881834364,positive,234,117,190
C_LOGISTIC_REGRESSION,4,1,49,complete,textual,coefficient,0.22806376187675828,0.22806376187675828,positive,235,118,189
C_LOGISTIC_REGRESSION,4,1,120,highly,textual,coefficient,0.22795341577419603,0.22795341577419603,positive,236,119,188
C_LOGISTIC_REGRESSION,4,1,56,diagnosed,textual,coefficient,0.22693662725295646,0.22693662725295646,positive,237,120,187
C_LOGISTIC_REGRESSION,4,1,155,looking,textual,coefficient,0.22582741350025815,0.22582741350025815,positive,238,121,186
C_LOGISTIC_REGRESSION,4,1,260,think,textual,coefficient,0.22563260243581823,0.22563260243581823,positive,239,122,185
C_LOGISTIC_REGRESSION,4,1,220,sensitivity,textual,coefficient,-0.2182307864347641,0.2182307864347641,negative,240,189,118
C_LOGISTIC_REGRESSION,4,1,166,maybe,textual,coefficient,0.21511112522276946,0.21511112522276946,positive,241,123,184
C_LOGISTIC_REGRESSION,4,1,22,audhd,textual,coefficient,-0.2147624384359133,0.2147624384359133,negative,242,188,119
C_LOGISTIC_REGRESSION,4,1,244,supplements,textual,coefficient,0.21436995507078116,0.21436995507078116,positive,243,124,183
C_LOGISTIC_REGRESSION,4,1,143,lack,textual,coefficient,0.20773642053641064,0.20773642053641064,positive,244,125,182
C_LOGISTIC_REGRESSION,4,1,241,study,textual,coefficient,-0.20132821415969748,0.20132821415969748,negative,245,187,120
C_LOGISTIC_REGRESSION,4,1,151,little bit,textual,coefficient,-0.2010621402711599,0.2010621402711599,negative,246,186,121
C_LOGISTIC_REGRESSION,4,1,174,motivation,textual,coefficient,-0.2002299796124133,0.2002299796124133,negative,247,185,122
C_LOGISTIC_REGRESSION,4,1,137,issues,textual,coefficient,-0.1981882420397143,0.1981882420397143,negative,248,184,123
C_LOGISTIC_REGRESSION,4,1,97,feeling,textual,coefficient,-0.19678641001740105,0.19678641001740105,negative,249,183,124
C_LOGISTIC_REGRESSION,4,1,292,work,textual,coefficient,0.19567761626083063,0.19567761626083063,positive,250,126,181
C_LOGISTIC_REGRESSION,4,1,180,non,textual,coefficient,0.19474734666755555,0.19474734666755555,positive,251,127,180
C_LOGISTIC_REGRESSION,4,1,249,taking,textual,coefficient,-0.1920893624919022,0.1920893624919022,negative,252,182,125
C_LOGISTIC_REGRESSION,4,1,99,follow,textual,coefficient,0.19058559646266704,0.19058559646266704,positive,253,128,179
C_LOGISTIC_REGRESSION,4,1,51,control,textual,coefficient,0.1901484977826866,0.1901484977826866,positive,254,129,178
C_LOGISTIC_REGRESSION,4,1,31,better,textual,coefficient,0.19003898523621446,0.19003898523621446,positive,255,130,177
C_LOGISTIC_REGRESSION,4,1,24,autistic,textual,coefficient,0.18689755370986738,0.18689755370986738,positive,256,131,176
C_LOGISTIC_REGRESSION,4,1,154,look,textual,coefficient,0.17961186903171109,0.17961186903171109,positive,257,132,175
C_LOGISTIC_REGRESSION,4,1,102,forget,textual,coefficient,0.17543010119030988,0.17543010119030988,positive,258,133,174
C_LOGISTIC_REGRESSION,4,1,125,important,textual,coefficient,0.16819234682867154,0.16819234682867154,positive,259,134,173
C_LOGISTIC_REGRESSION,4,1,172,mind,textual,coefficient,-0.16728920153040355,0.16728920153040355,negative,260,181,126
C_LOGISTIC_REGRESSION,4,1,108,got,textual,coefficient,0.16186887246235354,0.16186887246235354,positive,261,135,172
C_LOGISTIC_REGRESSION,4,1,178,need,textual,coefficient,-0.15699708057142006,0.15699708057142006,negative,262,180,127
C_LOGISTIC_REGRESSION,4,1,283,using,textual,coefficient,-0.15463227044459282,0.15463227044459282,negative,263,179,128
C_LOGISTIC_REGRESSION,4,1,145,levels,textual,coefficient,0.15177686590505063,0.15177686590505063,positive,264,136,171
C_LOGISTIC_REGRESSION,4,1,158,lot people,textual,coefficient,0.1475397071882478,0.1475397071882478,positive,265,137,170
C_LOGISTIC_REGRESSION,4,1,258,things,textual,coefficient,-0.1473254674277903,0.1473254674277903,negative,266,178,129
C_LOGISTIC_REGRESSION,4,1,221,sensory,textual,coefficient,0.14353493331748832,0.14353493331748832,positive,267,138,169
C_LOGISTIC_REGRESSION,4,1,236,stop,textual,coefficient,0.1423475495132047,0.1423475495132047,positive,268,139,168
C_LOGISTIC_REGRESSION,4,1,91,experience,textual,coefficient,0.13715994395356718,0.13715994395356718,positive,269,140,167
C_LOGISTIC_REGRESSION,4,1,218,sense,textual,coefficient,0.1370740518774463,0.1370740518774463,positive,270,141,166
C_LOGISTIC_REGRESSION,4,1,199,probably,textual,coefficient,-0.1316164593052811,0.1316164593052811,negative,271,177,130
C_LOGISTIC_REGRESSION,4,1,6,adhd adhd,textual,coefficient,0.12741587091701903,0.12741587091701903,positive,272,142,165
C_LOGISTIC_REGRESSION,4,1,40,certain,textual,coefficient,0.12732215752398132,0.12732215752398132,positive,273,143,164
C_LOGISTIC_REGRESSION,4,1,58,did,textual,coefficient,0.12676008320524415,0.12676008320524415,positive,274,144,163
C_LOGISTIC_REGRESSION,4,1,84,especially,textual,coefficient,0.12540216846338634,0.12540216846338634,positive,275,145,162
C_LOGISTIC_REGRESSION,4,1,17,adults,textual,coefficient,-0.1222215043607898,0.1222215043607898,negative,276,176,131
C_LOGISTIC_REGRESSION,4,1,222,sep,textual,coefficient,0.11822352158077952,0.11822352158077952,positive,277,146,161
C_LOGISTIC_REGRESSION,4,1,259,things like,textual,coefficient,-0.11606431737268473,0.11606431737268473,negative,278,175,132
C_LOGISTIC_REGRESSION,4,1,203,psychiatrist,textual,coefficient,-0.11260275076184457,0.11260275076184457,negative,279,174,133
C_LOGISTIC_REGRESSION,4,1,92,explained,textual,coefficient,-0.11099323283239938,0.11099323283239938,negative,280,173,134
C_LOGISTIC_REGRESSION,4,1,83,energy,textual,coefficient,0.10477632282260503,0.10477632282260503,positive,281,147,160
C_LOGISTIC_REGRESSION,4,1,136,isn,textual,coefficient,0.10193601803142349,0.10193601803142349,positive,282,148,159
C_LOGISTIC_REGRESSION,4,1,191,people,textual,coefficient,0.08954896570182445,0.08954896570182445,positive,283,149,158
C_LOGISTIC_REGRESSION,4,1,26,based,textual,coefficient,0.08841392327507978,0.08841392327507978,positive,284,150,157
C_LOGISTIC_REGRESSION,4,1,300,certainty_score,handcrafted_linguistic,coefficient,0.08727072391402543,0.08727072391402543,positive,285,151,156
C_LOGISTIC_REGRESSION,4,1,70,doing,textual,coefficient,0.08627870852829717,0.08627870852829717,positive,286,152,155
C_LOGISTIC_REGRESSION,4,1,270,treatment,textual,coefficient,0.08496128259850828,0.08496128259850828,positive,287,153,154
C_LOGISTIC_REGRESSION,4,1,269,treating adhd,textual,coefficient,-0.08429405917426773,0.08429405917426773,negative,288,172,135
C_LOGISTIC_REGRESSION,4,1,118,high,textual,coefficient,0.08366681780785634,0.08366681780785634,positive,289,154,153
C_LOGISTIC_REGRESSION,4,1,263,times,textual,coefficient,0.07804376056223987,0.07804376056223987,positive,290,155,152
C_LOGISTIC_REGRESSION,4,1,85,everybody,textual,coefficient,-0.07433461833220355,0.07433461833220355,negative,291,171,136
C_LOGISTIC_REGRESSION,4,1,78,eating,textual,coefficient,-0.07078372901876889,0.07078372901876889,negative,292,170,137
C_LOGISTIC_REGRESSION,4,1,3,actually,textual,coefficient,-0.06360702102012793,0.06360702102012793,negative,293,169,138
C_LOGISTIC_REGRESSION,4,1,185,options,textual,coefficient,-0.060306264145894455,0.060306264145894455,negative,294,168,139
C_LOGISTIC_REGRESSION,4,1,204,question,textual,coefficient,-0.0571571393997206,0.0571571393997206,negative,295,167,140
C_LOGISTIC_REGRESSION,4,1,238,stress,textual,coefficient,-0.05432390311697631,0.05432390311697631,negative,296,166,141
C_LOGISTIC_REGRESSION,4,1,232,somebody,textual,coefficient,0.05292960767580147,0.05292960767580147,positive,297,156,151
C_LOGISTIC_REGRESSION,4,1,225,sign,textual,coefficient,0.050013976445226135,0.050013976445226135,positive,298,157,150
C_LOGISTIC_REGRESSION,4,1,264,traits,textual,coefficient,-0.04896265372663821,0.04896265372663821,negative,299,165,142
C_LOGISTIC_REGRESSION,4,1,115,hear,textual,coefficient,0.041903198930406386,0.041903198930406386,positive,300,158,149
C_LOGISTIC_REGRESSION,4,1,274,turn,textual,coefficient,0.03969926289283875,0.03969926289283875,positive,301,159,148
C_LOGISTIC_REGRESSION,4,1,66,distracted,textual,coefficient,0.0378591540395159,0.0378591540395159,positive,302,160,147
C_LOGISTIC_REGRESSION,4,1,88,executive dysfunction,textual,coefficient,0.02814542130513194,0.02814542130513194,positive,303,161,146
C_LOGISTIC_REGRESSION,4,1,109,great,textual,coefficient,0.023730594212016672,0.023730594212016672,positive,304,162,145
C_LOGISTIC_REGRESSION,4,1,261,thinking,textual,coefficient,-0.018874156544181585,0.018874156544181585,negative,305,164,143
C_LOGISTIC_REGRESSION,4,1,206,really,textual,coefficient,0.011340974941630319,0.011340974941630319,positive,306,163,144
C_LOGISTIC_REGRESSION,4,2,169,medication,textual,coefficient,3.1310699948882412,3.1310699948882412,positive,1,1,306
C_LOGISTIC_REGRESSION,4,2,277,uh,textual,coefficient,2.0869672664362904,2.0869672664362904,positive,2,2,305
C_LOGISTIC_REGRESSION,4,2,181,number,textual,coefficient,-2.0782874924686445,2.0782874924686445,negative,3,306,1
C_LOGISTIC_REGRESSION,4,2,135,iron,textual,coefficient,1.9064721628297785,1.9064721628297785,positive,4,3,304
C_LOGISTIC_REGRESSION,4,2,3,actually,textual,coefficient,1.8639371981878716,1.8639371981878716,positive,5,4,303
C_LOGISTIC_REGRESSION,4,2,117,helps,textual,coefficient,-1.7321574510177482,1.7321574510177482,negative,6,305,2
C_LOGISTIC_REGRESSION,4,2,123,hyperactivity,textual,coefficient,1.7306408706304377,1.7306408706304377,positive,7,5,302
C_LOGISTIC_REGRESSION,4,2,183,oh,textual,coefficient,1.7060770132155043,1.7060770132155043,positive,8,6,301
C_LOGISTIC_REGRESSION,4,2,71,don,textual,coefficient,1.6544632865442654,1.6544632865442654,positive,9,7,300
C_LOGISTIC_REGRESSION,4,2,279,unable,textual,coefficient,1.6032939898492564,1.6032939898492564,positive,10,8,299
C_LOGISTIC_REGRESSION,4,2,107,good,textual,coefficient,1.569682755847304,1.569682755847304,positive,11,9,298
C_LOGISTIC_REGRESSION,4,2,83,energy,textual,coefficient,-1.5590873699106942,1.5590873699106942,negative,12,304,3
C_LOGISTIC_REGRESSION,4,2,262,time,textual,coefficient,1.5504037558698152,1.5504037558698152,positive,13,10,297
C_LOGISTIC_REGRESSION,4,2,80,emotional,textual,coefficient,-1.5489667945543273,1.5489667945543273,negative,14,303,4
C_LOGISTIC_REGRESSION,4,2,293,works,textual,coefficient,-1.5467379098431588,1.5467379098431588,negative,15,302,5
C_LOGISTIC_REGRESSION,4,2,45,college,textual,coefficient,-1.5264959767333983,1.5264959767333983,negative,16,301,6
C_LOGISTIC_REGRESSION,4,2,98,focus,textual,coefficient,1.4291728962348906,1.4291728962348906,positive,17,11,296
C_LOGISTIC_REGRESSION,4,2,236,stop,textual,coefficient,-1.4268096377988424,1.4268096377988424,negative,18,300,7
C_LOGISTIC_REGRESSION,4,2,235,stimulants,textual,coefficient,1.3896946975760125,1.3896946975760125,positive,19,12,295
C_LOGISTIC_REGRESSION,4,2,258,things,textual,coefficient,-1.3677136334114763,1.3677136334114763,negative,20,299,8
C_LOGISTIC_REGRESSION,4,2,286,video,textual,coefficient,1.3202969933904853,1.3202969933904853,positive,21,13,294
C_LOGISTIC_REGRESSION,4,2,298,एक,textual,coefficient,1.308919247911654,1.308919247911654,positive,22,14,293
C_LOGISTIC_REGRESSION,4,2,139,kid,textual,coefficient,1.3073719082024378,1.3073719082024378,positive,23,15,292
C_LOGISTIC_REGRESSION,4,2,233,start,textual,coefficient,1.3019556909727639,1.3019556909727639,positive,24,16,291
C_LOGISTIC_REGRESSION,4,2,150,little,textual,coefficient,1.290388384215428,1.290388384215428,positive,25,17,290
C_LOGISTIC_REGRESSION,4,2,160,low,textual,coefficient,-1.2310935502234615,1.2310935502234615,negative,26,298,9
C_LOGISTIC_REGRESSION,4,2,142,know,textual,coefficient,-1.2211721090424497,1.2211721090424497,negative,27,297,10
C_LOGISTIC_REGRESSION,4,2,162,make sure,textual,coefficient,1.216842429252861,1.216842429252861,positive,28,18,289
C_LOGISTIC_REGRESSION,4,2,72,dopamine,textual,coefficient,-1.2055322007433305,1.2055322007433305,negative,29,296,11
C_LOGISTIC_REGRESSION,4,2,95,feel,textual,coefficient,-1.2006864011982548,1.2006864011982548,negative,30,295,12
C_LOGISTIC_REGRESSION,4,2,73,dr,textual,coefficient,1.2004017765410488,1.2004017765410488,positive,31,19,288
C_LOGISTIC_REGRESSION,4,2,294,wrong,textual,coefficient,-1.1991222027905148,1.1991222027905148,negative,32,294,13
C_LOGISTIC_REGRESSION,4,2,126,improve,textual,coefficient,1.1897459790669327,1.1897459790669327,positive,33,20,287
C_LOGISTIC_REGRESSION,4,2,39,care,textual,coefficient,1.1702606027358773,1.1702606027358773,positive,34,21,286
C_LOGISTIC_REGRESSION,4,2,25,bad,textual,coefficient,-1.1484439627243497,1.1484439627243497,negative,35,293,14
C_LOGISTIC_REGRESSION,4,2,234,stimulant,textual,coefficient,1.1466950879245408,1.1466950879245408,positive,36,22,285
C_LOGISTIC_REGRESSION,4,2,27,behavior,textual,coefficient,1.1246352526596024,1.1246352526596024,positive,37,23,284
C_LOGISTIC_REGRESSION,4,2,159,lots,textual,coefficient,-1.1154974934827302,1.1154974934827302,negative,38,292,15
C_LOGISTIC_REGRESSION,4,2,257,thing,textual,coefficient,-1.1152964690871336,1.1152964690871336,negative,39,291,16
C_LOGISTIC_REGRESSION,4,2,55,depression,textual,coefficient,1.0864404303391648,1.0864404303391648,positive,40,24,283
C_LOGISTIC_REGRESSION,4,2,275,type,textual,coefficient,1.0812356449352707,1.0812356449352707,positive,41,25,282
C_LOGISTIC_REGRESSION,4,2,239,struggle,textual,coefficient,-1.080794656106667,1.080794656106667,negative,42,290,17
C_LOGISTIC_REGRESSION,4,2,133,instead,textual,coefficient,1.0730326697275578,1.0730326697275578,positive,43,26,281
C_LOGISTIC_REGRESSION,4,2,58,did,textual,coefficient,-1.0695759636620839,1.0695759636620839,negative,44,289,18
C_LOGISTIC_REGRESSION,4,2,146,life,textual,coefficient,-1.0691547359780944,1.0691547359780944,negative,45,288,19
C_LOGISTIC_REGRESSION,4,2,268,treating,textual,coefficient,-1.0661231980333743,1.0661231980333743,negative,46,287,20
C_LOGISTIC_REGRESSION,4,2,62,differently,textual,coefficient,1.0334193897289001,1.0334193897289001,positive,47,27,280
C_LOGISTIC_REGRESSION,4,2,23,autism,textual,coefficient,-1.0268319785117674,1.0268319785117674,negative,48,286,21
C_LOGISTIC_REGRESSION,4,2,202,protein,textual,coefficient,-1.0174463198104273,1.0174463198104273,negative,49,285,22
C_LOGISTIC_REGRESSION,4,2,192,people adhd,textual,coefficient,1.014942607213659,1.014942607213659,positive,50,28,279
C_LOGISTIC_REGRESSION,4,2,289,way,textual,coefficient,1.0065114453335775,1.0065114453335775,positive,51,29,278
C_LOGISTIC_REGRESSION,4,2,35,body,textual,coefficient,-1.0029268275318357,1.0029268275318357,negative,52,284,23
C_LOGISTIC_REGRESSION,4,2,53,day,textual,coefficient,-1.0007889482406545,1.0007889482406545,negative,53,283,24
C_LOGISTIC_REGRESSION,4,2,246,sure,textual,coefficient,0.9875436762017754,0.9875436762017754,positive,54,30,277
C_LOGISTIC_REGRESSION,4,2,99,follow,textual,coefficient,0.976856351380026,0.976856351380026,positive,55,31,276
C_LOGISTIC_REGRESSION,4,2,13,adhd sep,textual,coefficient,-0.9764964069295791,0.9764964069295791,negative,56,282,25
C_LOGISTIC_REGRESSION,4,2,38,called,textual,coefficient,-0.9714069356286671,0.9714069356286671,negative,57,281,26
C_LOGISTIC_REGRESSION,4,2,232,somebody,textual,coefficient,0.9389863196584483,0.9389863196584483,positive,58,32,275
C_LOGISTIC_REGRESSION,4,2,272,try,textual,coefficient,0.9379442442625352,0.9379442442625352,positive,59,33,274
C_LOGISTIC_REGRESSION,4,2,30,best,textual,coefficient,-0.9307964359847911,0.9307964359847911,negative,60,280,27
C_LOGISTIC_REGRESSION,4,2,189,pay,textual,coefficient,-0.9239459784441696,0.9239459784441696,negative,61,279,28
C_LOGISTIC_REGRESSION,4,2,151,little bit,textual,coefficient,0.9219810405067497,0.9219810405067497,positive,62,34,273
C_LOGISTIC_REGRESSION,4,2,112,harder,textual,coefficient,-0.9211384290441162,0.9211384290441162,negative,63,278,29
C_LOGISTIC_REGRESSION,4,2,92,explained,textual,coefficient,0.9193152760139814,0.9193152760139814,positive,64,35,272
C_LOGISTIC_REGRESSION,4,2,147,light,textual,coefficient,0.9162163707275289,0.9162163707275289,positive,65,36,271
C_LOGISTIC_REGRESSION,4,2,297,इपर,textual,coefficient,0.9151460246608235,0.9151460246608235,positive,66,37,270
C_LOGISTIC_REGRESSION,4,2,91,experience,textual,coefficient,-0.9085438314015778,0.9085438314015778,negative,67,277,30
C_LOGISTIC_REGRESSION,4,2,304,views,engagement_or_format,coefficient,0.8958862379516426,0.8958862379516426,positive,68,38,269
C_LOGISTIC_REGRESSION,4,2,4,add,textual,coefficient,-0.8924964435920028,0.8924964435920028,negative,69,276,31
C_LOGISTIC_REGRESSION,4,2,20,anxiety,textual,coefficient,-0.8868757145156851,0.8868757145156851,negative,70,275,32
C_LOGISTIC_REGRESSION,4,2,116,help,textual,coefficient,-0.8761993410860212,0.8761993410860212,negative,71,274,33
C_LOGISTIC_REGRESSION,4,2,190,pay attention,textual,coefficient,-0.8580915608043622,0.8580915608043622,negative,72,273,34
C_LOGISTIC_REGRESSION,4,2,18,affects,textual,coefficient,0.8482292253937345,0.8482292253937345,positive,73,39,268
C_LOGISTIC_REGRESSION,4,2,163,makes,textual,coefficient,-0.8434191086798812,0.8434191086798812,negative,74,272,35
C_LOGISTIC_REGRESSION,4,2,273,trying,textual,coefficient,-0.8280750698019568,0.8280750698019568,negative,75,271,36
C_LOGISTIC_REGRESSION,4,2,94,family,textual,coefficient,-0.8173738842113132,0.8173738842113132,negative,76,270,37
C_LOGISTIC_REGRESSION,4,2,210,remember,textual,coefficient,0.8124695211589802,0.8124695211589802,positive,77,40,267
C_LOGISTIC_REGRESSION,4,2,291,women,textual,coefficient,0.8117140416907305,0.8117140416907305,positive,78,41,266
C_LOGISTIC_REGRESSION,4,2,8,adhd brain,textual,coefficient,0.8061295672053083,0.8061295672053083,positive,79,42,265
C_LOGISTIC_REGRESSION,4,2,41,challenges,textual,coefficient,-0.8046961486851164,0.8046961486851164,negative,80,269,38
C_LOGISTIC_REGRESSION,4,2,281,understanding,textual,coefficient,-0.8019055502109497,0.8019055502109497,negative,81,268,39
C_LOGISTIC_REGRESSION,4,2,280,understand,textual,coefficient,0.7974585949852036,0.7974585949852036,positive,82,43,264
C_LOGISTIC_REGRESSION,4,2,250,talk,textual,coefficient,0.7965702530893405,0.7965702530893405,positive,83,44,263
C_LOGISTIC_REGRESSION,4,2,179,neurotypical,textual,coefficient,-0.7962511890294506,0.7962511890294506,negative,84,267,40
C_LOGISTIC_REGRESSION,4,2,22,audhd,textual,coefficient,-0.7934712954040417,0.7934712954040417,negative,85,266,41
C_LOGISTIC_REGRESSION,4,2,145,levels,textual,coefficient,-0.7903292066842893,0.7903292066842893,negative,86,265,42
C_LOGISTIC_REGRESSION,4,2,269,treating adhd,textual,coefficient,-0.7887767659629472,0.7887767659629472,negative,87,264,43
C_LOGISTIC_REGRESSION,4,2,278,um,textual,coefficient,0.7877954198684518,0.7877954198684518,positive,88,45,262
C_LOGISTIC_REGRESSION,4,2,102,forget,textual,coefficient,-0.7780612219442707,0.7780612219442707,negative,89,263,44
C_LOGISTIC_REGRESSION,4,2,266,treat,textual,coefficient,-0.764385399490759,0.764385399490759,negative,90,262,45
C_LOGISTIC_REGRESSION,4,2,19,answer,textual,coefficient,-0.7592229874041911,0.7592229874041911,negative,91,261,46
C_LOGISTIC_REGRESSION,4,2,214,school,textual,coefficient,-0.749530921193506,0.749530921193506,negative,92,260,47
C_LOGISTIC_REGRESSION,4,2,216,seen,textual,coefficient,0.7470575474071165,0.7470575474071165,positive,93,46,261
C_LOGISTIC_REGRESSION,4,2,109,great,textual,coefficient,-0.7442882059104908,0.7442882059104908,negative,94,259,48
C_LOGISTIC_REGRESSION,4,2,132,information,textual,coefficient,-0.7407014625135886,0.7407014625135886,negative,95,258,49
C_LOGISTIC_REGRESSION,4,2,65,disorders,textual,coefficient,-0.7395227197863397,0.7395227197863397,negative,96,257,50
C_LOGISTIC_REGRESSION,4,2,290,ways,textual,coefficient,-0.7373627781239606,0.7373627781239606,negative,97,256,51
C_LOGISTIC_REGRESSION,4,2,34,blindness,textual,coefficient,0.7290849926115468,0.7290849926115468,positive,98,47,260
C_LOGISTIC_REGRESSION,4,2,60,difference,textual,coefficient,-0.7268079110358654,0.7268079110358654,negative,99,255,52
C_LOGISTIC_REGRESSION,4,2,208,rejection,textual,coefficient,-0.7216956284111623,0.7216956284111623,negative,100,254,53
C_LOGISTIC_REGRESSION,4,2,220,sensitivity,textual,coefficient,-0.7207136003854472,0.7207136003854472,negative,101,253,54
C_LOGISTIC_REGRESSION,4,2,46,come,textual,coefficient,-0.7183004088448018,0.7183004088448018,negative,102,252,55
C_LOGISTIC_REGRESSION,4,2,182,ocd,textual,coefficient,-0.7182527620031665,0.7182527620031665,negative,103,251,56
C_LOGISTIC_REGRESSION,4,2,111,hard,textual,coefficient,-0.7120763780567795,0.7120763780567795,negative,104,250,57
C_LOGISTIC_REGRESSION,4,2,248,symptoms adhd,textual,coefficient,0.7058283318290369,0.7058283318290369,positive,105,48,259
C_LOGISTIC_REGRESSION,4,2,114,health,textual,coefficient,-0.7026620649857979,0.7026620649857979,negative,106,249,58
C_LOGISTIC_REGRESSION,4,2,265,trauma,textual,coefficient,-0.7009870446874942,0.7009870446874942,negative,107,248,59
C_LOGISTIC_REGRESSION,4,2,228,sit,textual,coefficient,0.6980309474497777,0.6980309474497777,positive,108,49,258
C_LOGISTIC_REGRESSION,4,2,88,executive dysfunction,textual,coefficient,0.6939547296239336,0.6939547296239336,positive,109,50,257
C_LOGISTIC_REGRESSION,4,2,186,overwhelmed,textual,coefficient,-0.6914442640263533,0.6914442640263533,negative,110,247,60
C_LOGISTIC_REGRESSION,4,2,137,issues,textual,coefficient,0.6899220590766831,0.6899220590766831,positive,111,51,256
C_LOGISTIC_REGRESSION,4,2,285,ve,textual,coefficient,-0.6872030617951644,0.6872030617951644,negative,112,246,61
C_LOGISTIC_REGRESSION,4,2,143,lack,textual,coefficient,0.6858770722308809,0.6858770722308809,positive,113,52,255
C_LOGISTIC_REGRESSION,4,2,207,regulation,textual,coefficient,-0.6846907917928156,0.6846907917928156,negative,114,245,62
C_LOGISTIC_REGRESSION,4,2,254,tell,textual,coefficient,0.6790380190845112,0.6790380190845112,positive,115,53,254
C_LOGISTIC_REGRESSION,4,2,115,hear,textual,coefficient,0.6766668156806634,0.6766668156806634,positive,116,54,253
C_LOGISTIC_REGRESSION,4,2,153,long,textual,coefficient,-0.6710968951584868,0.6710968951584868,negative,117,244,63
C_LOGISTIC_REGRESSION,4,2,237,strategies,textual,coefficient,0.6574086163746823,0.6574086163746823,positive,118,55,252
C_LOGISTIC_REGRESSION,4,2,201,problems,textual,coefficient,-0.6570903039873022,0.6570903039873022,negative,119,243,64
C_LOGISTIC_REGRESSION,4,2,156,losing,textual,coefficient,0.6519226637382217,0.6519226637382217,positive,120,56,251
C_LOGISTIC_REGRESSION,4,2,54,deficit,textual,coefficient,0.6458375129280459,0.6458375129280459,positive,121,57,250
C_LOGISTIC_REGRESSION,4,2,176,music,textual,coefficient,-0.6441686706042857,0.6441686706042857,negative,122,242,65
C_LOGISTIC_REGRESSION,4,2,7,adhd autism,textual,coefficient,-0.63921696646365,0.63921696646365,negative,123,241,66
C_LOGISTIC_REGRESSION,4,2,74,drugs,textual,coefficient,-0.6318917087155735,0.6318917087155735,negative,124,240,67
C_LOGISTIC_REGRESSION,4,2,68,does,textual,coefficient,-0.6312727779603882,0.6312727779603882,negative,125,239,68
C_LOGISTIC_REGRESSION,4,2,105,girls,textual,coefficient,-0.6178443462999528,0.6178443462999528,negative,126,238,69
C_LOGISTIC_REGRESSION,4,2,231,social,textual,coefficient,-0.6112911350125304,0.6112911350125304,negative,127,237,70
C_LOGISTIC_REGRESSION,4,2,170,medications,textual,coefficient,0.6062131908050472,0.6062131908050472,positive,128,58,249
C_LOGISTIC_REGRESSION,4,2,184,okay,textual,coefficient,0.6034617419811691,0.6034617419811691,positive,129,59,248
C_LOGISTIC_REGRESSION,4,2,242,stuff,textual,coefficient,0.5974369433064021,0.5974369433064021,positive,130,60,247
C_LOGISTIC_REGRESSION,4,2,110,happens,textual,coefficient,0.595236114233595,0.595236114233595,positive,131,61,246
C_LOGISTIC_REGRESSION,4,2,149,likely,textual,coefficient,0.5931105789966555,0.5931105789966555,positive,132,62,245
C_LOGISTIC_REGRESSION,4,2,174,motivation,textual,coefficient,0.5914584416950522,0.5914584416950522,positive,133,63,244
C_LOGISTIC_REGRESSION,4,2,267,treated,textual,coefficient,0.5900822823542784,0.5900822823542784,positive,134,64,243
C_LOGISTIC_REGRESSION,4,2,101,foods,textual,coefficient,0.5727807857641986,0.5727807857641986,positive,135,65,242
C_LOGISTIC_REGRESSION,4,2,152,ll,textual,coefficient,0.5709819150130475,0.5709819150130475,positive,136,66,241
C_LOGISTIC_REGRESSION,4,2,96,feel like,textual,coefficient,-0.5691495917693457,0.5691495917693457,negative,137,236,71
C_LOGISTIC_REGRESSION,4,2,100,food,textual,coefficient,0.5387999401153375,0.5387999401153375,positive,138,67,240
C_LOGISTIC_REGRESSION,4,2,67,doctor,textual,coefficient,0.5361307587163792,0.5361307587163792,positive,139,68,239
C_LOGISTIC_REGRESSION,4,2,171,mental,textual,coefficient,0.5354916874737135,0.5354916874737135,positive,140,69,238
C_LOGISTIC_REGRESSION,4,2,144,let,textual,coefficient,0.5323886867000518,0.5323886867000518,positive,141,70,237
C_LOGISTIC_REGRESSION,4,2,209,relationships,textual,coefficient,-0.5286931309754435,0.5286931309754435,negative,142,235,72
C_LOGISTIC_REGRESSION,4,2,205,real,textual,coefficient,-0.5278684980063759,0.5278684980063759,negative,143,234,73
C_LOGISTIC_REGRESSION,4,2,270,treatment,textual,coefficient,0.5277233160665217,0.5277233160665217,positive,144,71,236
C_LOGISTIC_REGRESSION,4,2,292,work,textual,coefficient,-0.5266555914178628,0.5266555914178628,negative,145,233,74
C_LOGISTIC_REGRESSION,4,2,276,typically,textual,coefficient,0.5219117595890501,0.5219117595890501,positive,146,72,235
C_LOGISTIC_REGRESSION,4,2,255,tend,textual,coefficient,0.516908456073189,0.516908456073189,positive,147,73,234
C_LOGISTIC_REGRESSION,4,2,245,support,textual,coefficient,0.5165765561637427,0.5165765561637427,positive,148,74,233
C_LOGISTIC_REGRESSION,4,2,118,high,textual,coefficient,-0.5135462486544825,0.5135462486544825,negative,149,232,75
C_LOGISTIC_REGRESSION,4,2,51,control,textual,coefficient,-0.5089023259060207,0.5089023259060207,negative,150,231,76
C_LOGISTIC_REGRESSION,4,2,263,times,textual,coefficient,0.5072670935432291,0.5072670935432291,positive,151,75,232
C_LOGISTIC_REGRESSION,4,2,229,sleep,textual,coefficient,0.505582992922064,0.505582992922064,positive,152,76,231
C_LOGISTIC_REGRESSION,4,2,90,exercise,textual,coefficient,-0.48288899140742736,0.48288899140742736,negative,153,230,77
C_LOGISTIC_REGRESSION,4,2,241,study,textual,coefficient,-0.4775147780712686,0.4775147780712686,negative,154,229,78
C_LOGISTIC_REGRESSION,4,2,12,adhd medication,textual,coefficient,0.47645301102943177,0.47645301102943177,positive,155,77,230
C_LOGISTIC_REGRESSION,4,2,75,dysfunction,textual,coefficient,0.47093850685577565,0.47093850685577565,positive,156,78,229
C_LOGISTIC_REGRESSION,4,2,31,better,textual,coefficient,-0.4663120247638976,0.4663120247638976,negative,157,228,79
C_LOGISTIC_REGRESSION,4,2,296,years,textual,coefficient,-0.4610566733269159,0.4610566733269159,negative,158,227,80
C_LOGISTIC_REGRESSION,4,2,226,signs,textual,coefficient,0.4580114379972442,0.4580114379972442,positive,159,79,228
C_LOGISTIC_REGRESSION,4,2,247,symptoms,textual,coefficient,0.4525063011918269,0.4525063011918269,positive,160,80,227
C_LOGISTIC_REGRESSION,4,2,295,yeah,textual,coefficient,0.4427106133141799,0.4427106133141799,positive,161,81,226
C_LOGISTIC_REGRESSION,4,2,244,supplements,textual,coefficient,-0.44129278968628527,0.44129278968628527,negative,162,226,81
C_LOGISTIC_REGRESSION,4,2,204,question,textual,coefficient,-0.44107123488255384,0.44107123488255384,negative,163,225,82
C_LOGISTIC_REGRESSION,4,2,303,comments,engagement_or_format,coefficient,-0.4405629697466429,0.4405629697466429,negative,164,224,83
C_LOGISTIC_REGRESSION,4,2,168,means,textual,coefficient,0.43872076011919614,0.43872076011919614,positive,165,82,225
C_LOGISTIC_REGRESSION,4,2,221,sensory,textual,coefficient,0.4355543098018807,0.4355543098018807,positive,166,83,224
C_LOGISTIC_REGRESSION,4,2,188,patients,textual,coefficient,-0.42880890222475687,0.42880890222475687,negative,167,223,84
C_LOGISTIC_REGRESSION,4,2,106,going,textual,coefficient,-0.4265120666891955,0.4265120666891955,negative,168,222,85
C_LOGISTIC_REGRESSION,4,2,287,wait,textual,coefficient,0.42639213377700247,0.42639213377700247,positive,169,84,223
C_LOGISTIC_REGRESSION,4,2,121,home,textual,coefficient,0.42370144008236976,0.42370144008236976,positive,170,85,222
C_LOGISTIC_REGRESSION,4,2,256,therapy,textual,coefficient,0.416755983304869,0.416755983304869,positive,171,86,221
C_LOGISTIC_REGRESSION,4,2,191,people,textual,coefficient,-0.4165207743936489,0.4165207743936489,negative,172,221,86
C_LOGISTIC_REGRESSION,4,2,299,एड,textual,coefficient,-0.41324096805567945,0.41324096805567945,negative,173,220,87
C_LOGISTIC_REGRESSION,4,2,173,mood,textual,coefficient,-0.41039943337999163,0.41039943337999163,negative,174,219,88
C_LOGISTIC_REGRESSION,4,2,251,talking,textual,coefficient,0.40610740860503197,0.40610740860503197,positive,175,87,220
C_LOGISTIC_REGRESSION,4,2,215,second,textual,coefficient,-0.40475541722245056,0.40475541722245056,negative,176,218,89
C_LOGISTIC_REGRESSION,4,2,24,autistic,textual,coefficient,-0.40444584853211624,0.40444584853211624,negative,177,217,90
C_LOGISTIC_REGRESSION,4,2,93,fact,textual,coefficient,0.4033551323210809,0.4033551323210809,positive,178,88,219
C_LOGISTIC_REGRESSION,4,2,300,certainty_score,handcrafted_linguistic,coefficient,-0.4029483699440158,0.4029483699440158,negative,179,216,91
C_LOGISTIC_REGRESSION,4,2,15,adhders,textual,coefficient,-0.4010684793756587,0.4010684793756587,negative,180,215,92
C_LOGISTIC_REGRESSION,4,2,104,getting,textual,coefficient,0.4001160011251655,0.4001160011251655,positive,181,89,218
C_LOGISTIC_REGRESSION,4,2,78,eating,textual,coefficient,0.3975174396399001,0.3975174396399001,positive,182,90,217
C_LOGISTIC_REGRESSION,4,2,282,use,textual,coefficient,0.3961700941687331,0.3961700941687331,positive,183,91,216
C_LOGISTIC_REGRESSION,4,2,119,higher,textual,coefficient,-0.3932110805168795,0.3932110805168795,negative,184,214,93
C_LOGISTIC_REGRESSION,4,2,17,adults,textual,coefficient,-0.392912421023303,0.392912421023303,negative,185,213,94
C_LOGISTIC_REGRESSION,4,2,252,task,textual,coefficient,-0.39191119869716734,0.39191119869716734,negative,186,212,95
C_LOGISTIC_REGRESSION,4,2,33,bit,textual,coefficient,0.38659503098988374,0.38659503098988374,positive,187,92,215
C_LOGISTIC_REGRESSION,4,2,131,increase,textual,coefficient,-0.38412328366076864,0.38412328366076864,negative,188,211,96
C_LOGISTIC_REGRESSION,4,2,128,impulsivity,textual,coefficient,-0.3819333138511442,0.3819333138511442,negative,189,210,97
C_LOGISTIC_REGRESSION,4,2,50,constantly,textual,coefficient,-0.38065180814772775,0.38065180814772775,negative,190,209,98
C_LOGISTIC_REGRESSION,4,2,52,criteria,textual,coefficient,0.3764230809842798,0.3764230809842798,positive,191,93,214
C_LOGISTIC_REGRESSION,4,2,63,difficulty,textual,coefficient,-0.37317743073197795,0.37317743073197795,negative,192,208,99
C_LOGISTIC_REGRESSION,4,2,167,mean,textual,coefficient,0.3689252496539739,0.3689252496539739,positive,193,94,213
C_LOGISTIC_REGRESSION,4,2,134,interesting,textual,coefficient,0.3654410977243616,0.3654410977243616,positive,194,95,212
C_LOGISTIC_REGRESSION,4,2,164,making,textual,coefficient,0.3647645570888669,0.3647645570888669,positive,195,96,211
C_LOGISTIC_REGRESSION,4,2,127,impulsive,textual,coefficient,0.3628210812936822,0.3628210812936822,positive,196,97,210
C_LOGISTIC_REGRESSION,4,2,271,trouble,textual,coefficient,-0.3563091904525904,0.3563091904525904,negative,197,207,100
C_LOGISTIC_REGRESSION,4,2,36,brain,textual,coefficient,0.35563003389056425,0.35563003389056425,positive,198,98,209
C_LOGISTIC_REGRESSION,4,2,148,like,textual,coefficient,0.35277903228704355,0.35277903228704355,positive,199,99,208
C_LOGISTIC_REGRESSION,4,2,103,function,textual,coefficient,-0.352413290614985,0.352413290614985,negative,200,206,101
C_LOGISTIC_REGRESSION,4,2,129,inattentive,textual,coefficient,-0.3512821727440427,0.3512821727440427,negative,201,205,102
C_LOGISTIC_REGRESSION,4,2,0,10,textual,coefficient,-0.35059678054082477,0.35059678054082477,negative,202,204,103
C_LOGISTIC_REGRESSION,4,2,125,important,textual,coefficient,-0.3486833038117805,0.3486833038117805,negative,203,203,104
C_LOGISTIC_REGRESSION,4,2,283,using,textual,coefficient,0.346501539376572,0.346501539376572,positive,204,100,207
C_LOGISTIC_REGRESSION,4,2,82,end,textual,coefficient,-0.34618872069785783,0.34618872069785783,negative,205,202,105
C_LOGISTIC_REGRESSION,4,2,213,saying,textual,coefficient,-0.3450367245257708,0.3450367245257708,negative,206,201,106
C_LOGISTIC_REGRESSION,4,2,49,complete,textual,coefficient,0.33836690863472274,0.33836690863472274,positive,207,101,206
C_LOGISTIC_REGRESSION,4,2,124,impact,textual,coefficient,0.3375506142276697,0.3375506142276697,positive,208,102,205
C_LOGISTIC_REGRESSION,4,2,157,lot,textual,coefficient,-0.33705831561607186,0.33705831561607186,negative,209,200,107
C_LOGISTIC_REGRESSION,4,2,21,attention,textual,coefficient,-0.3360806068733859,0.3360806068733859,negative,210,199,108
C_LOGISTIC_REGRESSION,4,2,224,shorts,textual,coefficient,-0.33602684411299133,0.33602684411299133,negative,211,198,109
C_LOGISTIC_REGRESSION,4,2,108,got,textual,coefficient,-0.3314023179762295,0.3314023179762295,negative,212,197,110
C_LOGISTIC_REGRESSION,4,2,198,present,textual,coefficient,0.32841705902000146,0.32841705902000146,positive,213,103,204
C_LOGISTIC_REGRESSION,4,2,16,adult,textual,coefficient,-0.32381032651629826,0.32381032651629826,negative,214,196,111
C_LOGISTIC_REGRESSION,4,2,161,make,textual,coefficient,0.3210586466503234,0.3210586466503234,positive,215,104,203
C_LOGISTIC_REGRESSION,4,2,222,sep,textual,coefficient,-0.3186321407608584,0.3186321407608584,negative,216,195,112
C_LOGISTIC_REGRESSION,4,2,154,look,textual,coefficient,-0.3171156483883121,0.3171156483883121,negative,217,194,113
C_LOGISTIC_REGRESSION,4,2,47,comes,textual,coefficient,0.30210187543454564,0.30210187543454564,positive,218,105,202
C_LOGISTIC_REGRESSION,4,2,6,adhd adhd,textual,coefficient,0.30143052934294406,0.30143052934294406,positive,219,106,201
C_LOGISTIC_REGRESSION,4,2,141,kind,textual,coefficient,-0.2996456454705773,0.2996456454705773,negative,220,193,114
C_LOGISTIC_REGRESSION,4,2,288,want,textual,coefficient,0.29352806201764803,0.29352806201764803,positive,221,107,200
C_LOGISTIC_REGRESSION,4,2,136,isn,textual,coefficient,0.29302790432727394,0.29302790432727394,positive,222,108,199
C_LOGISTIC_REGRESSION,4,2,212,say,textual,coefficient,-0.2843983490100002,0.2843983490100002,negative,223,192,115
C_LOGISTIC_REGRESSION,4,2,69,doesn,textual,coefficient,-0.2835268581699368,0.2835268581699368,negative,224,191,116
C_LOGISTIC_REGRESSION,4,2,158,lot people,textual,coefficient,-0.28133166902666845,0.28133166902666845,negative,225,190,117
C_LOGISTIC_REGRESSION,4,2,44,class,textual,coefficient,-0.27295614812308344,0.27295614812308344,negative,226,189,118
C_LOGISTIC_REGRESSION,4,2,26,based,textual,coefficient,-0.27060875340275525,0.27060875340275525,negative,227,188,119
C_LOGISTIC_REGRESSION,4,2,5,adhd,textual,coefficient,-0.27009668447383667,0.27009668447383667,negative,228,187,120
C_LOGISTIC_REGRESSION,4,2,249,taking,textual,coefficient,-0.2657092819707673,0.2657092819707673,negative,229,186,121
C_LOGISTIC_REGRESSION,4,2,1,able,textual,coefficient,0.26286034682466214,0.26286034682466214,positive,230,109,198
C_LOGISTIC_REGRESSION,4,2,218,sense,textual,coefficient,-0.26020813986327884,0.26020813986327884,negative,231,185,122
C_LOGISTIC_REGRESSION,4,2,305,duration_sec,engagement_or_format,coefficient,0.2589078905107914,0.2589078905107914,positive,232,110,197
C_LOGISTIC_REGRESSION,4,2,76,early,textual,coefficient,-0.25010108783201407,0.25010108783201407,negative,233,184,123
C_LOGISTIC_REGRESSION,4,2,166,maybe,textual,coefficient,-0.24772533283171594,0.24772533283171594,negative,234,183,124
C_LOGISTIC_REGRESSION,4,2,37,brains,textual,coefficient,0.24720858964710454,0.24720858964710454,positive,235,111,196
C_LOGISTIC_REGRESSION,4,2,259,things like,textual,coefficient,0.24590343747071508,0.24590343747071508,positive,236,112,195
C_LOGISTIC_REGRESSION,4,2,85,everybody,textual,coefficient,-0.24458783676182277,0.24458783676182277,negative,237,182,125
C_LOGISTIC_REGRESSION,4,2,89,executive function,textual,coefficient,-0.2421720948406476,0.2421720948406476,negative,238,181,126
C_LOGISTIC_REGRESSION,4,2,29,behaviors,textual,coefficient,-0.24071426826907613,0.24071426826907613,negative,239,180,127
C_LOGISTIC_REGRESSION,4,2,61,different,textual,coefficient,0.23592965044544245,0.23592965044544245,positive,240,113,194
C_LOGISTIC_REGRESSION,4,2,238,stress,textual,coefficient,-0.23404433136128733,0.23404433136128733,negative,241,179,128
C_LOGISTIC_REGRESSION,4,2,200,problem,textual,coefficient,0.23286718705821416,0.23286718705821416,positive,242,114,193
C_LOGISTIC_REGRESSION,4,2,14,adhd symptoms,textual,coefficient,0.23137236089995525,0.23137236089995525,positive,243,115,192
C_LOGISTIC_REGRESSION,4,2,10,adhd just,textual,coefficient,0.23031029718080206,0.23031029718080206,positive,244,116,191
C_LOGISTIC_REGRESSION,4,2,260,think,textual,coefficient,-0.22968790429955319,0.22968790429955319,negative,245,178,129
C_LOGISTIC_REGRESSION,4,2,40,certain,textual,coefficient,-0.22713326395549918,0.22713326395549918,negative,246,177,130
C_LOGISTIC_REGRESSION,4,2,211,right,textual,coefficient,-0.21956443981857637,0.21956443981857637,negative,247,176,131
C_LOGISTIC_REGRESSION,4,2,97,feeling,textual,coefficient,0.21881986344455887,0.21881986344455887,positive,248,117,190
C_LOGISTIC_REGRESSION,4,2,302,likes,engagement_or_format,coefficient,-0.21605154799501833,0.21605154799501833,negative,249,175,132
C_LOGISTIC_REGRESSION,4,2,274,turn,textual,coefficient,0.21374138617299002,0.21374138617299002,positive,250,118,189
C_LOGISTIC_REGRESSION,4,2,140,kids,textual,coefficient,-0.21006902321276208,0.21006902321276208,negative,251,174,133
C_LOGISTIC_REGRESSION,4,2,2,activities,textual,coefficient,0.20921550664952945,0.20921550664952945,positive,252,119,188
C_LOGISTIC_REGRESSION,4,2,261,thinking,textual,coefficient,-0.20443984691064038,0.20443984691064038,negative,253,173,134
C_LOGISTIC_REGRESSION,4,2,77,easily,textual,coefficient,0.20442334878082166,0.20442334878082166,positive,254,120,187
C_LOGISTIC_REGRESSION,4,2,185,options,textual,coefficient,0.20380470946359144,0.20380470946359144,positive,255,121,186
C_LOGISTIC_REGRESSION,4,2,9,adhd diagnosis,textual,coefficient,-0.1910311228970227,0.1910311228970227,negative,256,172,135
C_LOGISTIC_REGRESSION,4,2,203,psychiatrist,textual,coefficient,-0.19037737081728823,0.19037737081728823,negative,257,171,136
C_LOGISTIC_REGRESSION,4,2,196,point,textual,coefficient,-0.1891055648402708,0.1891055648402708,negative,258,170,137
C_LOGISTIC_REGRESSION,4,2,178,need,textual,coefficient,0.18357339168749548,0.18357339168749548,positive,259,122,185
C_LOGISTIC_REGRESSION,4,2,155,looking,textual,coefficient,-0.16299005841579692,0.16299005841579692,negative,260,169,138
C_LOGISTIC_REGRESSION,4,2,177,natural,textual,coefficient,0.15257508871107003,0.15257508871107003,positive,261,123,184
C_LOGISTIC_REGRESSION,4,2,11,adhd like,textual,coefficient,-0.14407251444355224,0.14407251444355224,negative,262,168,139
C_LOGISTIC_REGRESSION,4,2,113,having,textual,coefficient,0.14035095876806675,0.14035095876806675,positive,263,124,183
C_LOGISTIC_REGRESSION,4,2,81,emotions,textual,coefficient,0.13488795196755152,0.13488795196755152,positive,264,125,182
C_LOGISTIC_REGRESSION,4,2,32,big,textual,coefficient,-0.13371814644285748,0.13371814644285748,negative,265,167,140
C_LOGISTIC_REGRESSION,4,2,199,probably,textual,coefficient,-0.13244643952250246,0.13244643952250246,negative,266,166,141
C_LOGISTIC_REGRESSION,4,2,120,highly,textual,coefficient,-0.13013123082447847,0.13013123082447847,negative,267,165,142
C_LOGISTIC_REGRESSION,4,2,219,sensitive,textual,coefficient,-0.130074883475457,0.130074883475457,negative,268,164,143
C_LOGISTIC_REGRESSION,4,2,217,self,textual,coefficient,0.12872155142880376,0.12872155142880376,positive,269,126,181
C_LOGISTIC_REGRESSION,4,2,230,small,textual,coefficient,0.1275102783977462,0.1275102783977462,positive,270,127,180
C_LOGISTIC_REGRESSION,4,2,240,struggling,textual,coefficient,0.12594893139652538,0.12594893139652538,positive,271,128,179
C_LOGISTIC_REGRESSION,4,2,193,person,textual,coefficient,0.12468277202266424,0.12468277202266424,positive,272,129,178
C_LOGISTIC_REGRESSION,4,2,138,just,textual,coefficient,0.1223506631164978,0.1223506631164978,positive,273,130,177
C_LOGISTIC_REGRESSION,4,2,57,diagnosis,textual,coefficient,-0.12034898681639372,0.12034898681639372,negative,274,163,144
C_LOGISTIC_REGRESSION,4,2,70,doing,textual,coefficient,0.11740889503184046,0.11740889503184046,positive,275,131,176
C_LOGISTIC_REGRESSION,4,2,253,tasks,textual,coefficient,-0.11527670051098175,0.11527670051098175,negative,276,162,145
C_LOGISTIC_REGRESSION,4,2,56,diagnosed,textual,coefficient,-0.10689435313974718,0.10689435313974718,negative,277,161,146
C_LOGISTIC_REGRESSION,4,2,130,include,textual,coefficient,-0.10503773357198827,0.10503773357198827,negative,278,160,147
C_LOGISTIC_REGRESSION,4,2,175,moving,textual,coefficient,0.10478704231648196,0.10478704231648196,positive,279,132,175
C_LOGISTIC_REGRESSION,4,2,284,usually,textual,coefficient,-0.10411980670421045,0.10411980670421045,negative,280,159,148
C_LOGISTIC_REGRESSION,4,2,84,especially,textual,coefficient,0.1008248981661118,0.1008248981661118,positive,281,133,174
C_LOGISTIC_REGRESSION,4,2,180,non,textual,coefficient,0.09813652783865612,0.09813652783865612,positive,282,134,173
C_LOGISTIC_REGRESSION,4,2,66,distracted,textual,coefficient,-0.09275496151101308,0.09275496151101308,negative,283,158,149
C_LOGISTIC_REGRESSION,4,2,28,behavioral,textual,coefficient,-0.07788608865552378,0.07788608865552378,negative,284,157,150
C_LOGISTIC_REGRESSION,4,2,301,hedge_score,handcrafted_linguistic,coefficient,0.0778011958638791,0.0778011958638791,positive,285,135,172
C_LOGISTIC_REGRESSION,4,2,165,manage,textual,coefficient,-0.07713332460000344,0.07713332460000344,negative,286,156,151
C_LOGISTIC_REGRESSION,4,2,42,child,textual,coefficient,0.07274086073770158,0.07274086073770158,positive,287,136,171
C_LOGISTIC_REGRESSION,4,2,225,sign,textual,coefficient,-0.06981696835715406,0.06981696835715406,negative,288,155,152
C_LOGISTIC_REGRESSION,4,2,264,traits,textual,coefficient,0.06642199422779971,0.06642199422779971,positive,289,137,170
C_LOGISTIC_REGRESSION,4,2,86,example,textual,coefficient,0.05836506748784454,0.05836506748784454,positive,290,138,169
C_LOGISTIC_REGRESSION,4,2,43,children,textual,coefficient,0.05146311248100006,0.05146311248100006,positive,291,139,168
C_LOGISTIC_REGRESSION,4,2,223,sep adhd,textual,coefficient,-0.05048743666866373,0.05048743666866373,negative,292,154,153
C_LOGISTIC_REGRESSION,4,2,48,common,textual,coefficient,-0.04460747247383521,0.04460747247383521,negative,293,153,154
C_LOGISTIC_REGRESSION,4,2,79,effects,textual,coefficient,-0.0434306475031854,0.0434306475031854,negative,294,152,155
C_LOGISTIC_REGRESSION,4,2,87,executive,textual,coefficient,-0.041161576757796,0.041161576757796,negative,295,151,156
C_LOGISTIC_REGRESSION,4,2,206,really,textual,coefficient,0.039285927543357975,0.039285927543357975,positive,296,140,167
C_LOGISTIC_REGRESSION,4,2,59,diet,textual,coefficient,-0.03915897746302016,0.03915897746302016,negative,297,150,157
C_LOGISTIC_REGRESSION,4,2,195,playing,textual,coefficient,-0.030363627382322317,0.030363627382322317,negative,298,149,158
C_LOGISTIC_REGRESSION,4,2,243,sugar,textual,coefficient,0.028774759982323865,0.028774759982323865,positive,299,141,166
C_LOGISTIC_REGRESSION,4,2,122,hyperactive,textual,coefficient,0.02570514713686241,0.02570514713686241,positive,300,142,165
C_LOGISTIC_REGRESSION,4,2,194,play,textual,coefficient,-0.024118279683792307,0.024118279683792307,negative,301,148,159
C_LOGISTIC_REGRESSION,4,2,64,disorder,textual,coefficient,-0.02167814833982037,0.02167814833982037,negative,302,147,160
C_LOGISTIC_REGRESSION,4,2,172,mind,textual,coefficient,0.019863714399609347,0.019863714399609347,positive,303,143,164
C_LOGISTIC_REGRESSION,4,2,197,potential,textual,coefficient,-0.01947402253401105,0.01947402253401105,negative,304,146,161
C_LOGISTIC_REGRESSION,4,2,187,parents,textual,coefficient,0.005009148839663622,0.005009148839663622,positive,305,144,163
C_LOGISTIC_REGRESSION,4,2,227,signs adhd,textual,coefficient,0.002957368354010964,0.002957368354010964,positive,306,145,162
C_LOGISTIC_REGRESSION,4,3,160,low,textual,coefficient,2.346985727130566,2.346985727130566,positive,1,1,306
C_LOGISTIC_REGRESSION,4,3,257,thing,textual,coefficient,2.0007714605658267,2.0007714605658267,positive,2,2,305
C_LOGISTIC_REGRESSION,4,3,59,diet,textual,coefficient,1.9584846830212095,1.9584846830212095,positive,3,3,304
C_LOGISTIC_REGRESSION,4,3,209,relationships,textual,coefficient,1.885510730220737,1.885510730220737,positive,4,4,303
C_LOGISTIC_REGRESSION,4,3,174,motivation,textual,coefficient,-1.7107335828028716,1.7107335828028716,negative,5,306,1
C_LOGISTIC_REGRESSION,4,3,83,energy,textual,coefficient,-1.6545131924087007,1.6545131924087007,negative,6,305,2
C_LOGISTIC_REGRESSION,4,3,91,experience,textual,coefficient,1.643352489664744,1.643352489664744,positive,7,5,302
C_LOGISTIC_REGRESSION,4,3,208,rejection,textual,coefficient,1.618523692877061,1.618523692877061,positive,8,6,301
C_LOGISTIC_REGRESSION,4,3,152,ll,textual,coefficient,1.6077592208850897,1.6077592208850897,positive,9,7,300
C_LOGISTIC_REGRESSION,4,3,38,called,textual,coefficient,1.5577869583566508,1.5577869583566508,positive,10,8,299
C_LOGISTIC_REGRESSION,4,3,275,type,textual,coefficient,-1.5494417696619593,1.5494417696619593,negative,11,304,3
C_LOGISTIC_REGRESSION,4,3,90,exercise,textual,coefficient,-1.5179996423423594,1.5179996423423594,negative,12,303,4
C_LOGISTIC_REGRESSION,4,3,266,treat,textual,coefficient,1.5125843730010475,1.5125843730010475,positive,13,9,298
C_LOGISTIC_REGRESSION,4,3,293,works,textual,coefficient,1.4961600387273515,1.4961600387273515,positive,14,10,297
C_LOGISTIC_REGRESSION,4,3,145,levels,textual,coefficient,1.4557088837052434,1.4557088837052434,positive,15,11,296
C_LOGISTIC_REGRESSION,4,3,295,yeah,textual,coefficient,-1.4320233503437858,1.4320233503437858,negative,16,302,5
C_LOGISTIC_REGRESSION,4,3,243,sugar,textual,coefficient,1.4305390344926725,1.4305390344926725,positive,17,12,295
C_LOGISTIC_REGRESSION,4,3,267,treated,textual,coefficient,-1.4206946358250239,1.4206946358250239,negative,18,301,6
C_LOGISTIC_REGRESSION,4,3,173,mood,textual,coefficient,1.4175225724113008,1.4175225724113008,positive,19,13,294
C_LOGISTIC_REGRESSION,4,3,98,focus,textual,coefficient,-1.4153723463059427,1.4153723463059427,negative,20,300,7
C_LOGISTIC_REGRESSION,4,3,203,psychiatrist,textual,coefficient,-1.3673265820536984,1.3673265820536984,negative,21,299,8
C_LOGISTIC_REGRESSION,4,3,238,stress,textual,coefficient,-1.3569708461476433,1.3569708461476433,negative,22,298,9
C_LOGISTIC_REGRESSION,4,3,50,constantly,textual,coefficient,1.3492498698825504,1.3492498698825504,positive,23,14,293
C_LOGISTIC_REGRESSION,4,3,196,point,textual,coefficient,1.34858397760892,1.34858397760892,positive,24,15,292
C_LOGISTIC_REGRESSION,4,3,271,trouble,textual,coefficient,-1.3454492713441106,1.3454492713441106,negative,25,297,10
C_LOGISTIC_REGRESSION,4,3,255,tend,textual,coefficient,1.3384972757264202,1.3384972757264202,positive,26,16,291
C_LOGISTIC_REGRESSION,4,3,132,information,textual,coefficient,1.3201208162326497,1.3201208162326497,positive,27,17,290
C_LOGISTIC_REGRESSION,4,3,104,getting,textual,coefficient,-1.2981220585491635,1.2981220585491635,negative,28,296,11
C_LOGISTIC_REGRESSION,4,3,195,playing,textual,coefficient,1.2961277370101933,1.2961277370101933,positive,29,18,289
C_LOGISTIC_REGRESSION,4,3,163,makes,textual,coefficient,1.2889177761499695,1.2889177761499695,positive,30,19,288
C_LOGISTIC_REGRESSION,4,3,133,instead,textual,coefficient,-1.2692002073791335,1.2692002073791335,negative,31,295,12
C_LOGISTIC_REGRESSION,4,3,302,likes,engagement_or_format,coefficient,1.2660440941931315,1.2660440941931315,positive,32,20,287
C_LOGISTIC_REGRESSION,4,3,7,adhd autism,textual,coefficient,-1.2439002306443219,1.2439002306443219,negative,33,294,13
C_LOGISTIC_REGRESSION,4,3,102,forget,textual,coefficient,1.243512851982854,1.243512851982854,positive,34,21,286
C_LOGISTIC_REGRESSION,4,3,220,sensitivity,textual,coefficient,1.2419344072871326,1.2419344072871326,positive,35,22,285
C_LOGISTIC_REGRESSION,4,3,48,common,textual,coefficient,-1.229000869413158,1.229000869413158,negative,36,293,14
C_LOGISTIC_REGRESSION,4,3,31,better,textual,coefficient,1.2009061767377718,1.2009061767377718,positive,37,23,284
C_LOGISTIC_REGRESSION,4,3,249,taking,textual,coefficient,1.1707472449759722,1.1707472449759722,positive,38,24,283
C_LOGISTIC_REGRESSION,4,3,86,example,textual,coefficient,1.1651000267414136,1.1651000267414136,positive,39,25,282
C_LOGISTIC_REGRESSION,4,3,79,effects,textual,coefficient,1.1619886418157528,1.1619886418157528,positive,40,26,281
C_LOGISTIC_REGRESSION,4,3,53,day,textual,coefficient,1.1573724899795594,1.1573724899795594,positive,41,27,280
C_LOGISTIC_REGRESSION,4,3,176,music,textual,coefficient,-1.1418179158818964,1.1418179158818964,negative,42,292,15
C_LOGISTIC_REGRESSION,4,3,254,tell,textual,coefficient,1.1387377472742561,1.1387377472742561,positive,43,28,279
C_LOGISTIC_REGRESSION,4,3,124,impact,textual,coefficient,-1.1234747726345302,1.1234747726345302,negative,44,291,16
C_LOGISTIC_REGRESSION,4,3,200,problem,textual,coefficient,1.121877466770189,1.121877466770189,positive,45,29,278
C_LOGISTIC_REGRESSION,4,3,22,audhd,textual,coefficient,1.1041205101491074,1.1041205101491074,positive,46,30,277
C_LOGISTIC_REGRESSION,4,3,101,foods,textual,coefficient,1.103579628662518,1.103579628662518,positive,47,31,276
C_LOGISTIC_REGRESSION,4,3,154,look,textual,coefficient,1.1030736590813388,1.1030736590813388,positive,48,32,275
C_LOGISTIC_REGRESSION,4,3,23,autism,textual,coefficient,-1.089674026115033,1.089674026115033,negative,49,290,17
C_LOGISTIC_REGRESSION,4,3,204,question,textual,coefficient,1.0839182667180123,1.0839182667180123,positive,50,33,274
C_LOGISTIC_REGRESSION,4,3,169,medication,textual,coefficient,-1.0787497259148597,1.0787497259148597,negative,51,289,18
C_LOGISTIC_REGRESSION,4,3,286,video,textual,coefficient,-1.0725128494739535,1.0725128494739535,negative,52,288,19
C_LOGISTIC_REGRESSION,4,3,282,use,textual,coefficient,1.0637412296599797,1.0637412296599797,positive,53,34,273
C_LOGISTIC_REGRESSION,4,3,246,sure,textual,coefficient,-1.0613963836968674,1.0613963836968674,negative,54,287,20
C_LOGISTIC_REGRESSION,4,3,241,study,textual,coefficient,1.0471348225294017,1.0471348225294017,positive,55,35,272
C_LOGISTIC_REGRESSION,4,3,33,bit,textual,coefficient,1.040094681218575,1.040094681218575,positive,56,36,271
C_LOGISTIC_REGRESSION,4,3,236,stop,textual,coefficient,-1.0389235404506851,1.0389235404506851,negative,57,286,21
C_LOGISTIC_REGRESSION,4,3,64,disorder,textual,coefficient,1.0374324185615464,1.0374324185615464,positive,58,37,270
C_LOGISTIC_REGRESSION,4,3,199,probably,textual,coefficient,1.0340125148101986,1.0340125148101986,positive,59,38,269
C_LOGISTIC_REGRESSION,4,3,3,actually,textual,coefficient,-1.0335396252714708,1.0335396252714708,negative,60,285,22
C_LOGISTIC_REGRESSION,4,3,139,kid,textual,coefficient,-1.025805490189879,1.025805490189879,negative,61,284,23
C_LOGISTIC_REGRESSION,4,3,51,control,textual,coefficient,1.023210935276773,1.023210935276773,positive,62,39,268
C_LOGISTIC_REGRESSION,4,3,162,make sure,textual,coefficient,-1.020570836480075,1.020570836480075,negative,63,283,24
C_LOGISTIC_REGRESSION,4,3,156,losing,textual,coefficient,-1.0098003579613277,1.0098003579613277,negative,64,282,25
C_LOGISTIC_REGRESSION,4,3,69,doesn,textual,coefficient,1.0027443556743774,1.0027443556743774,positive,65,40,267
C_LOGISTIC_REGRESSION,4,3,125,important,textual,coefficient,0.9695690231292585,0.9695690231292585,positive,66,41,266
C_LOGISTIC_REGRESSION,4,3,128,impulsivity,textual,coefficient,-0.9535922164045312,0.9535922164045312,negative,67,281,26
C_LOGISTIC_REGRESSION,4,3,193,person,textual,coefficient,0.9519890903991329,0.9519890903991329,positive,68,42,265
C_LOGISTIC_REGRESSION,4,3,135,iron,textual,coefficient,-0.9482324203136966,0.9482324203136966,negative,69,280,27
C_LOGISTIC_REGRESSION,4,3,75,dysfunction,textual,coefficient,-0.9432498615999279,0.9432498615999279,negative,70,279,28
C_LOGISTIC_REGRESSION,4,3,216,seen,textual,coefficient,-0.9349612915250121,0.9349612915250121,negative,71,278,29
C_LOGISTIC_REGRESSION,4,3,175,moving,textual,coefficient,0.9337534610420317,0.9337534610420317,positive,72,43,264
C_LOGISTIC_REGRESSION,4,3,143,lack,textual,coefficient,-0.9290811218015206,0.9290811218015206,negative,73,277,30
C_LOGISTIC_REGRESSION,4,3,120,highly,textual,coefficient,-0.926179962679016,0.926179962679016,negative,74,276,31
C_LOGISTIC_REGRESSION,4,3,58,did,textual,coefficient,0.9175932790591852,0.9175932790591852,positive,75,44,263
C_LOGISTIC_REGRESSION,4,3,265,trauma,textual,coefficient,-0.9175305476323006,0.9175305476323006,negative,76,275,32
C_LOGISTIC_REGRESSION,4,3,294,wrong,textual,coefficient,-0.9142699633539373,0.9142699633539373,negative,77,274,33
C_LOGISTIC_REGRESSION,4,3,72,dopamine,textual,coefficient,0.8927342747946175,0.8927342747946175,positive,78,45,262
C_LOGISTIC_REGRESSION,4,3,229,sleep,textual,coefficient,-0.8884035018671559,0.8884035018671559,negative,79,273,34
C_LOGISTIC_REGRESSION,4,3,100,food,textual,coefficient,0.8757337712868536,0.8757337712868536,positive,80,46,261
C_LOGISTIC_REGRESSION,4,3,71,don,textual,coefficient,-0.8544712706061863,0.8544712706061863,negative,81,272,35
C_LOGISTIC_REGRESSION,4,3,130,include,textual,coefficient,0.8344705665964335,0.8344705665964335,positive,82,47,260
C_LOGISTIC_REGRESSION,4,3,244,supplements,textual,coefficient,0.8265427435039504,0.8265427435039504,positive,83,48,259
C_LOGISTIC_REGRESSION,4,3,272,try,textual,coefficient,-0.8169632929814373,0.8169632929814373,negative,84,271,36
C_LOGISTIC_REGRESSION,4,3,11,adhd like,textual,coefficient,-0.8165396745386735,0.8165396745386735,negative,85,270,37
C_LOGISTIC_REGRESSION,4,3,73,dr,textual,coefficient,-0.8161234556068072,0.8161234556068072,negative,86,269,38
C_LOGISTIC_REGRESSION,4,3,20,anxiety,textual,coefficient,-0.8065505025212646,0.8065505025212646,negative,87,268,39
C_LOGISTIC_REGRESSION,4,3,52,criteria,textual,coefficient,-0.8064722698335289,0.8064722698335289,negative,88,267,40
C_LOGISTIC_REGRESSION,4,3,179,neurotypical,textual,coefficient,0.7955818036185747,0.7955818036185747,positive,89,49,258
C_LOGISTIC_REGRESSION,4,3,226,signs,textual,coefficient,-0.7947575973710973,0.7947575973710973,negative,90,266,41
C_LOGISTIC_REGRESSION,4,3,262,time,textual,coefficient,-0.7786028936168359,0.7786028936168359,negative,91,265,42
C_LOGISTIC_REGRESSION,4,3,147,light,textual,coefficient,-0.7758476412031758,0.7758476412031758,negative,92,264,43
C_LOGISTIC_REGRESSION,4,3,233,start,textual,coefficient,-0.7740071494276037,0.7740071494276037,negative,93,263,44
C_LOGISTIC_REGRESSION,4,3,54,deficit,textual,coefficient,0.7673239889803468,0.7673239889803468,positive,94,50,257
C_LOGISTIC_REGRESSION,4,3,122,hyperactive,textual,coefficient,0.7622517997520052,0.7622517997520052,positive,95,51,256
C_LOGISTIC_REGRESSION,4,3,252,task,textual,coefficient,0.7567703967468289,0.7567703967468289,positive,96,52,255
C_LOGISTIC_REGRESSION,4,3,99,follow,textual,coefficient,-0.7546286051869178,0.7546286051869178,negative,97,262,45
C_LOGISTIC_REGRESSION,4,3,304,views,engagement_or_format,coefficient,-0.750536181746689,0.750536181746689,negative,98,261,46
C_LOGISTIC_REGRESSION,4,3,276,typically,textual,coefficient,0.7283890662751863,0.7283890662751863,positive,99,53,254
C_LOGISTIC_REGRESSION,4,3,127,impulsive,textual,coefficient,-0.7266625386895856,0.7266625386895856,negative,100,260,47
C_LOGISTIC_REGRESSION,4,3,183,oh,textual,coefficient,-0.7234794234398896,0.7234794234398896,negative,101,259,48
C_LOGISTIC_REGRESSION,4,3,298,एक,textual,coefficient,-0.7169165153407905,0.7169165153407905,negative,102,258,49
C_LOGISTIC_REGRESSION,4,3,119,higher,textual,coefficient,-0.705417529649777,0.705417529649777,negative,103,257,50
C_LOGISTIC_REGRESSION,4,3,153,long,textual,coefficient,0.6989690735222589,0.6989690735222589,positive,104,54,253
C_LOGISTIC_REGRESSION,4,3,234,stimulant,textual,coefficient,-0.6920302005931774,0.6920302005931774,negative,105,256,51
C_LOGISTIC_REGRESSION,4,3,70,doing,textual,coefficient,-0.6909713951775214,0.6909713951775214,negative,106,255,52
C_LOGISTIC_REGRESSION,4,3,201,problems,textual,coefficient,-0.6873508503548879,0.6873508503548879,negative,107,254,53
C_LOGISTIC_REGRESSION,4,3,184,okay,textual,coefficient,0.6734983593750797,0.6734983593750797,positive,108,55,252
C_LOGISTIC_REGRESSION,4,3,45,college,textual,coefficient,0.6713456363157868,0.6713456363157868,positive,109,56,251
C_LOGISTIC_REGRESSION,4,3,67,doctor,textual,coefficient,0.6652317308625312,0.6652317308625312,positive,110,57,250
C_LOGISTIC_REGRESSION,4,3,61,different,textual,coefficient,-0.665003587039201,0.665003587039201,negative,111,253,54
C_LOGISTIC_REGRESSION,4,3,211,right,textual,coefficient,-0.6646251356000481,0.6646251356000481,negative,112,252,55
C_LOGISTIC_REGRESSION,4,3,96,feel like,textual,coefficient,0.6606057942038011,0.6606057942038011,positive,113,58,249
C_LOGISTIC_REGRESSION,4,3,186,overwhelmed,textual,coefficient,0.6576329779396263,0.6576329779396263,positive,114,59,248
C_LOGISTIC_REGRESSION,4,3,129,inattentive,textual,coefficient,0.6562093018808413,0.6562093018808413,positive,115,60,247
C_LOGISTIC_REGRESSION,4,3,172,mind,textual,coefficient,0.6418684018753809,0.6418684018753809,positive,116,61,246
C_LOGISTIC_REGRESSION,4,3,245,support,textual,coefficient,-0.6309401662061634,0.6309401662061634,negative,117,251,56
C_LOGISTIC_REGRESSION,4,3,289,way,textual,coefficient,-0.6266708282540153,0.6266708282540153,negative,118,250,57
C_LOGISTIC_REGRESSION,4,3,165,manage,textual,coefficient,-0.6089046645630442,0.6089046645630442,negative,119,249,58
C_LOGISTIC_REGRESSION,4,3,299,एड,textual,coefficient,-0.608749830885301,0.608749830885301,negative,120,248,59
C_LOGISTIC_REGRESSION,4,3,253,tasks,textual,coefficient,-0.6029956447050399,0.6029956447050399,negative,121,247,60
C_LOGISTIC_REGRESSION,4,3,138,just,textual,coefficient,0.5997951503051698,0.5997951503051698,positive,122,62,245
C_LOGISTIC_REGRESSION,4,3,214,school,textual,coefficient,-0.5960458693328964,0.5960458693328964,negative,123,246,61
C_LOGISTIC_REGRESSION,4,3,131,increase,textual,coefficient,0.5944935562445635,0.5944935562445635,positive,124,63,244
C_LOGISTIC_REGRESSION,4,3,27,behavior,textual,coefficient,-0.5917661212582883,0.5917661212582883,negative,125,245,62
C_LOGISTIC_REGRESSION,4,3,126,improve,textual,coefficient,-0.589828838939052,0.589828838939052,negative,126,244,63
C_LOGISTIC_REGRESSION,4,3,159,lots,textual,coefficient,0.5865038674950647,0.5865038674950647,positive,127,64,243
C_LOGISTIC_REGRESSION,4,3,170,medications,textual,coefficient,-0.582796251032013,0.582796251032013,negative,128,243,64
C_LOGISTIC_REGRESSION,4,3,24,autistic,textual,coefficient,-0.5824059013870684,0.5824059013870684,negative,129,242,65
C_LOGISTIC_REGRESSION,4,3,140,kids,textual,coefficient,-0.5787288220839235,0.5787288220839235,negative,130,241,66
C_LOGISTIC_REGRESSION,4,3,35,body,textual,coefficient,0.5774635327747628,0.5774635327747628,positive,131,65,242
C_LOGISTIC_REGRESSION,4,3,290,ways,textual,coefficient,-0.5716318051656228,0.5716318051656228,negative,132,240,67
C_LOGISTIC_REGRESSION,4,3,279,unable,textual,coefficient,-0.5710325676102062,0.5710325676102062,negative,133,239,68
C_LOGISTIC_REGRESSION,4,3,4,add,textual,coefficient,0.5709590586066835,0.5709590586066835,positive,134,66,241
C_LOGISTIC_REGRESSION,4,3,41,challenges,textual,coefficient,0.5643267418427022,0.5643267418427022,positive,135,67,240
C_LOGISTIC_REGRESSION,4,3,110,happens,textual,coefficient,0.5616200520369989,0.5616200520369989,positive,136,68,239
C_LOGISTIC_REGRESSION,4,3,28,behavioral,textual,coefficient,-0.5587616060637595,0.5587616060637595,negative,137,238,69
C_LOGISTIC_REGRESSION,4,3,10,adhd just,textual,coefficient,0.5580884928273324,0.5580884928273324,positive,138,69,238
C_LOGISTIC_REGRESSION,4,3,258,things,textual,coefficient,0.549543017322845,0.549543017322845,positive,139,70,237
C_LOGISTIC_REGRESSION,4,3,85,everybody,textual,coefficient,-0.5485786897583945,0.5485786897583945,negative,140,237,70
C_LOGISTIC_REGRESSION,4,3,84,especially,textual,coefficient,-0.5458279589270701,0.5458279589270701,negative,141,236,71
C_LOGISTIC_REGRESSION,4,3,215,second,textual,coefficient,0.5447786804920431,0.5447786804920431,positive,142,71,236
C_LOGISTIC_REGRESSION,4,3,117,helps,textual,coefficient,0.5420442371393062,0.5420442371393062,positive,143,72,235
C_LOGISTIC_REGRESSION,4,3,123,hyperactivity,textual,coefficient,-0.5396572881402348,0.5396572881402348,negative,144,235,72
C_LOGISTIC_REGRESSION,4,3,292,work,textual,coefficient,0.5382850398247973,0.5382850398247973,positive,145,73,234
C_LOGISTIC_REGRESSION,4,3,250,talk,textual,coefficient,-0.5214736488411275,0.5214736488411275,negative,146,234,73
C_LOGISTIC_REGRESSION,4,3,111,hard,textual,coefficient,0.5143839624482404,0.5143839624482404,positive,147,74,233
C_LOGISTIC_REGRESSION,4,3,224,shorts,textual,coefficient,-0.5115036038551404,0.5115036038551404,negative,148,233,74
C_LOGISTIC_REGRESSION,4,3,297,इपर,textual,coefficient,-0.5071345182843761,0.5071345182843761,negative,149,232,75
C_LOGISTIC_REGRESSION,4,3,178,need,textual,coefficient,0.5067829225596914,0.5067829225596914,positive,150,75,232
C_LOGISTIC_REGRESSION,4,3,74,drugs,textual,coefficient,0.5063222538786738,0.5063222538786738,positive,151,76,231
C_LOGISTIC_REGRESSION,4,3,287,wait,textual,coefficient,0.4972353155034704,0.4972353155034704,positive,152,77,230
C_LOGISTIC_REGRESSION,4,3,2,activities,textual,coefficient,-0.48778813376644353,0.48778813376644353,negative,153,231,76
C_LOGISTIC_REGRESSION,4,3,134,interesting,textual,coefficient,-0.4871568258952105,0.4871568258952105,negative,154,230,77
C_LOGISTIC_REGRESSION,4,3,248,symptoms adhd,textual,coefficient,0.4786716591495057,0.4786716591495057,positive,155,78,229
C_LOGISTIC_REGRESSION,4,3,12,adhd medication,textual,coefficient,-0.47717487951467286,0.47717487951467286,negative,156,229,78
C_LOGISTIC_REGRESSION,4,3,242,stuff,textual,coefficient,0.4762375038336054,0.4762375038336054,positive,157,79,228
C_LOGISTIC_REGRESSION,4,3,108,got,textual,coefficient,0.47578501386945965,0.47578501386945965,positive,158,80,227
C_LOGISTIC_REGRESSION,4,3,62,differently,textual,coefficient,-0.4737993021315351,0.4737993021315351,negative,159,228,79
C_LOGISTIC_REGRESSION,4,3,78,eating,textual,coefficient,-0.4726489136467639,0.4726489136467639,negative,160,227,80
C_LOGISTIC_REGRESSION,4,3,66,distracted,textual,coefficient,0.4722674005203881,0.4722674005203881,positive,161,81,226
C_LOGISTIC_REGRESSION,4,3,198,present,textual,coefficient,-0.46582617502532886,0.46582617502532886,negative,162,226,81
C_LOGISTIC_REGRESSION,4,3,291,women,textual,coefficient,0.4614901375227985,0.4614901375227985,positive,163,82,225
C_LOGISTIC_REGRESSION,4,3,217,self,textual,coefficient,0.45732332323882546,0.45732332323882546,positive,164,83,224
C_LOGISTIC_REGRESSION,4,3,232,somebody,textual,coefficient,-0.45419173282749475,0.45419173282749475,negative,165,225,82
C_LOGISTIC_REGRESSION,4,3,210,remember,textual,coefficient,0.44813613570977795,0.44813613570977795,positive,166,84,223
C_LOGISTIC_REGRESSION,4,3,171,mental,textual,coefficient,-0.4424992679205197,0.4424992679205197,negative,167,224,83
C_LOGISTIC_REGRESSION,4,3,47,comes,textual,coefficient,0.4417672412128248,0.4417672412128248,positive,168,85,222
C_LOGISTIC_REGRESSION,4,3,157,lot,textual,coefficient,-0.4406112194465419,0.4406112194465419,negative,169,223,84
C_LOGISTIC_REGRESSION,4,3,56,diagnosed,textual,coefficient,0.43943146575981207,0.43943146575981207,positive,170,86,221
C_LOGISTIC_REGRESSION,4,3,13,adhd sep,textual,coefficient,0.43728983508069125,0.43728983508069125,positive,171,87,220
C_LOGISTIC_REGRESSION,4,3,103,function,textual,coefficient,-0.43623771594752353,0.43623771594752353,negative,172,222,85
C_LOGISTIC_REGRESSION,4,3,106,going,textual,coefficient,-0.4323176879393821,0.4323176879393821,negative,173,221,86
C_LOGISTIC_REGRESSION,4,3,268,treating,textual,coefficient,0.42654248312973614,0.42654248312973614,positive,174,88,219
C_LOGISTIC_REGRESSION,4,3,65,disorders,textual,coefficient,0.42033616141084484,0.42033616141084484,positive,175,89,218
C_LOGISTIC_REGRESSION,4,3,89,executive function,textual,coefficient,-0.41356202349329874,0.41356202349329874,negative,176,220,87
C_LOGISTIC_REGRESSION,4,3,228,sit,textual,coefficient,-0.4132516081231742,0.4132516081231742,negative,177,219,88
C_LOGISTIC_REGRESSION,4,3,93,fact,textual,coefficient,-0.40460936763127536,0.40460936763127536,negative,178,218,89
C_LOGISTIC_REGRESSION,4,3,25,bad,textual,coefficient,-0.3963253195991345,0.3963253195991345,negative,179,217,90
C_LOGISTIC_REGRESSION,4,3,118,high,textual,coefficient,0.3956410653030642,0.3956410653030642,positive,180,90,217
C_LOGISTIC_REGRESSION,4,3,92,explained,textual,coefficient,-0.3948664306120296,0.3948664306120296,negative,181,216,91
C_LOGISTIC_REGRESSION,4,3,105,girls,textual,coefficient,-0.3907228457391563,0.3907228457391563,negative,182,215,92
C_LOGISTIC_REGRESSION,4,3,39,care,textual,coefficient,-0.3872606758353531,0.3872606758353531,negative,183,214,93
C_LOGISTIC_REGRESSION,4,3,121,home,textual,coefficient,-0.38479795467337136,0.38479795467337136,negative,184,213,94
C_LOGISTIC_REGRESSION,4,3,26,based,textual,coefficient,0.3782345215962626,0.3782345215962626,positive,185,91,216
C_LOGISTIC_REGRESSION,4,3,247,symptoms,textual,coefficient,0.3780362788766519,0.3780362788766519,positive,186,92,215
C_LOGISTIC_REGRESSION,4,3,164,making,textual,coefficient,-0.37523981953212016,0.37523981953212016,negative,187,212,95
C_LOGISTIC_REGRESSION,4,3,273,trying,textual,coefficient,0.37089767472596286,0.37089767472596286,positive,188,93,214
C_LOGISTIC_REGRESSION,4,3,97,feeling,textual,coefficient,0.36090548434534436,0.36090548434534436,positive,189,94,213
C_LOGISTIC_REGRESSION,4,3,190,pay attention,textual,coefficient,-0.3462612904132726,0.3462612904132726,negative,190,211,96
C_LOGISTIC_REGRESSION,4,3,251,talking,textual,coefficient,0.3423718747629018,0.3423718747629018,positive,191,95,212
C_LOGISTIC_REGRESSION,4,3,227,signs adhd,textual,coefficient,0.3417117254453301,0.3417117254453301,positive,192,96,211
C_LOGISTIC_REGRESSION,4,3,113,having,textual,coefficient,-0.34130140478397053,0.34130140478397053,negative,193,210,97
C_LOGISTIC_REGRESSION,4,3,303,comments,engagement_or_format,coefficient,-0.340588585005489,0.340588585005489,negative,194,209,98
C_LOGISTIC_REGRESSION,4,3,235,stimulants,textual,coefficient,-0.33567609302576196,0.33567609302576196,negative,195,208,99
C_LOGISTIC_REGRESSION,4,3,177,natural,textual,coefficient,0.33459950300117786,0.33459950300117786,positive,196,97,210
C_LOGISTIC_REGRESSION,4,3,94,family,textual,coefficient,0.3317447492979349,0.3317447492979349,positive,197,98,209
C_LOGISTIC_REGRESSION,4,3,261,thinking,textual,coefficient,0.3293650821064708,0.3293650821064708,positive,198,99,208
C_LOGISTIC_REGRESSION,4,3,263,times,textual,coefficient,-0.32910592726034427,0.32910592726034427,negative,199,207,100
C_LOGISTIC_REGRESSION,4,3,194,play,textual,coefficient,-0.32830698838982314,0.32830698838982314,negative,200,206,101
C_LOGISTIC_REGRESSION,4,3,8,adhd brain,textual,coefficient,-0.32473441440944156,0.32473441440944156,negative,201,205,102
C_LOGISTIC_REGRESSION,4,3,95,feel,textual,coefficient,-0.31922665750707313,0.31922665750707313,negative,202,204,103
C_LOGISTIC_REGRESSION,4,3,158,lot people,textual,coefficient,0.3164524510343691,0.3164524510343691,positive,203,100,207
C_LOGISTIC_REGRESSION,4,3,148,like,textual,coefficient,0.315884267149868,0.315884267149868,positive,204,101,206
C_LOGISTIC_REGRESSION,4,3,21,attention,textual,coefficient,-0.3146025371626765,0.3146025371626765,negative,205,203,104
C_LOGISTIC_REGRESSION,4,3,114,health,textual,coefficient,0.30773101761799293,0.30773101761799293,positive,206,102,205
C_LOGISTIC_REGRESSION,4,3,269,treating adhd,textual,coefficient,0.30044517927636166,0.30044517927636166,positive,207,103,204
C_LOGISTIC_REGRESSION,4,3,283,using,textual,coefficient,0.3001085202690688,0.3001085202690688,positive,208,104,203
C_LOGISTIC_REGRESSION,4,3,301,hedge_score,handcrafted_linguistic,coefficient,-0.2987895905983983,0.2987895905983983,negative,209,202,105
C_LOGISTIC_REGRESSION,4,3,37,brains,textual,coefficient,-0.2874870416330615,0.2874870416330615,negative,210,201,106
C_LOGISTIC_REGRESSION,4,3,32,big,textual,coefficient,0.2874134146785713,0.2874134146785713,positive,211,105,202
C_LOGISTIC_REGRESSION,4,3,76,early,textual,coefficient,-0.28204259002395743,0.28204259002395743,negative,212,200,107
C_LOGISTIC_REGRESSION,4,3,197,potential,textual,coefficient,-0.2806120500337328,0.2806120500337328,negative,213,199,108
C_LOGISTIC_REGRESSION,4,3,1,able,textual,coefficient,0.26675702979125576,0.26675702979125576,positive,214,106,201
C_LOGISTIC_REGRESSION,4,3,60,difference,textual,coefficient,0.2647069514132837,0.2647069514132837,positive,215,107,200
C_LOGISTIC_REGRESSION,4,3,88,executive dysfunction,textual,coefficient,-0.2637203779219467,0.2637203779219467,negative,216,198,109
C_LOGISTIC_REGRESSION,4,3,280,understand,textual,coefficient,-0.2633917182343074,0.2633917182343074,negative,217,197,110
C_LOGISTIC_REGRESSION,4,3,155,looking,textual,coefficient,-0.262503746219551,0.262503746219551,negative,218,196,111
C_LOGISTIC_REGRESSION,4,3,259,things like,textual,coefficient,-0.2609718697761757,0.2609718697761757,negative,219,195,112
C_LOGISTIC_REGRESSION,4,3,142,know,textual,coefficient,-0.25898257224458165,0.25898257224458165,negative,220,194,113
C_LOGISTIC_REGRESSION,4,3,264,traits,textual,coefficient,0.25606808204617226,0.25606808204617226,positive,221,108,199
C_LOGISTIC_REGRESSION,4,3,77,easily,textual,coefficient,-0.2552545760700781,0.2552545760700781,negative,222,193,114
C_LOGISTIC_REGRESSION,4,3,166,maybe,textual,coefficient,-0.2537234792317752,0.2537234792317752,negative,223,192,115
C_LOGISTIC_REGRESSION,4,3,46,come,textual,coefficient,0.2504222596953385,0.2504222596953385,positive,224,109,198
C_LOGISTIC_REGRESSION,4,3,81,emotions,textual,coefficient,-0.2496516274989724,0.2496516274989724,negative,225,191,116
C_LOGISTIC_REGRESSION,4,3,34,blindness,textual,coefficient,0.2477383073761051,0.2477383073761051,positive,226,110,197
C_LOGISTIC_REGRESSION,4,3,260,think,textual,coefficient,-0.24677736613049617,0.24677736613049617,negative,227,190,117
C_LOGISTIC_REGRESSION,4,3,278,um,textual,coefficient,-0.2464957485070303,0.2464957485070303,negative,228,189,118
C_LOGISTIC_REGRESSION,4,3,6,adhd adhd,textual,coefficient,-0.2416881557229826,0.2416881557229826,negative,229,188,119
C_LOGISTIC_REGRESSION,4,3,144,let,textual,coefficient,-0.24008747526882618,0.24008747526882618,negative,230,187,120
C_LOGISTIC_REGRESSION,4,3,221,sensory,textual,coefficient,-0.2342685866606518,0.2342685866606518,negative,231,186,121
C_LOGISTIC_REGRESSION,4,3,218,sense,textual,coefficient,0.23401671334049595,0.23401671334049595,positive,232,111,196
C_LOGISTIC_REGRESSION,4,3,18,affects,textual,coefficient,-0.22368636618426788,0.22368636618426788,negative,233,185,122
C_LOGISTIC_REGRESSION,4,3,181,number,textual,coefficient,0.22223324463452723,0.22223324463452723,positive,234,112,195
C_LOGISTIC_REGRESSION,4,3,284,usually,textual,coefficient,-0.21528532523864538,0.21528532523864538,negative,235,184,123
C_LOGISTIC_REGRESSION,4,3,161,make,textual,coefficient,0.20853611590167911,0.20853611590167911,positive,236,113,194
C_LOGISTIC_REGRESSION,4,3,17,adults,textual,coefficient,-0.2040382847084407,0.2040382847084407,negative,237,183,124
C_LOGISTIC_REGRESSION,4,3,281,understanding,textual,coefficient,0.19992346664726127,0.19992346664726127,positive,238,114,193
C_LOGISTIC_REGRESSION,4,3,237,strategies,textual,coefficient,0.1990212319177163,0.1990212319177163,positive,239,115,192
C_LOGISTIC_REGRESSION,4,3,222,sep,textual,coefficient,0.19872365671229564,0.19872365671229564,positive,240,116,191
C_LOGISTIC_REGRESSION,4,3,49,complete,textual,coefficient,-0.19045262021684736,0.19045262021684736,negative,241,182,125
C_LOGISTIC_REGRESSION,4,3,44,class,textual,coefficient,0.18868481082095795,0.18868481082095795,positive,242,117,190
C_LOGISTIC_REGRESSION,4,3,151,little bit,textual,coefficient,-0.1838072182539674,0.1838072182539674,negative,243,181,126
C_LOGISTIC_REGRESSION,4,3,206,really,textual,coefficient,-0.18367138561797186,0.18367138561797186,negative,244,180,127
C_LOGISTIC_REGRESSION,4,3,191,people,textual,coefficient,-0.1813194520672773,0.1813194520672773,negative,245,179,128
C_LOGISTIC_REGRESSION,4,3,205,real,textual,coefficient,0.18058054697169756,0.18058054697169756,positive,246,118,189
C_LOGISTIC_REGRESSION,4,3,207,regulation,textual,coefficient,-0.1788147271722866,0.1788147271722866,negative,247,178,129
C_LOGISTIC_REGRESSION,4,3,223,sep adhd,textual,coefficient,-0.17327394059789997,0.17327394059789997,negative,248,177,130
C_LOGISTIC_REGRESSION,4,3,256,therapy,textual,coefficient,-0.17190054908572727,0.17190054908572727,negative,249,176,131
C_LOGISTIC_REGRESSION,4,3,182,ocd,textual,coefficient,0.1709601762847648,0.1709601762847648,positive,250,119,188
C_LOGISTIC_REGRESSION,4,3,29,behaviors,textual,coefficient,-0.17092093503441597,0.17092093503441597,negative,251,175,132
C_LOGISTIC_REGRESSION,4,3,57,diagnosis,textual,coefficient,0.16984637489192583,0.16984637489192583,positive,252,120,187
C_LOGISTIC_REGRESSION,4,3,225,sign,textual,coefficient,-0.16806202317354624,0.16806202317354624,negative,253,174,133
C_LOGISTIC_REGRESSION,4,3,141,kind,textual,coefficient,-0.1650682521076162,0.1650682521076162,negative,254,173,134
C_LOGISTIC_REGRESSION,4,3,231,social,textual,coefficient,0.16420540467555336,0.16420540467555336,positive,255,121,186
C_LOGISTIC_REGRESSION,4,3,212,say,textual,coefficient,-0.163045796651722,0.163045796651722,negative,256,172,135
C_LOGISTIC_REGRESSION,4,3,80,emotional,textual,coefficient,-0.16186333105266254,0.16186333105266254,negative,257,171,136
C_LOGISTIC_REGRESSION,4,3,189,pay,textual,coefficient,0.1520468753715555,0.1520468753715555,positive,258,122,185
C_LOGISTIC_REGRESSION,4,3,202,protein,textual,coefficient,-0.1519311046800612,0.1519311046800612,negative,259,170,137
C_LOGISTIC_REGRESSION,4,3,107,good,textual,coefficient,0.14008497190388378,0.14008497190388378,positive,260,123,184
C_LOGISTIC_REGRESSION,4,3,87,executive,textual,coefficient,-0.13268299448271864,0.13268299448271864,negative,261,169,138
C_LOGISTIC_REGRESSION,4,3,112,harder,textual,coefficient,-0.1283447535888553,0.1283447535888553,negative,262,168,139
C_LOGISTIC_REGRESSION,4,3,55,depression,textual,coefficient,-0.1274015648987925,0.1274015648987925,negative,263,167,140
C_LOGISTIC_REGRESSION,4,3,213,saying,textual,coefficient,0.12118322459232979,0.12118322459232979,positive,264,124,183
C_LOGISTIC_REGRESSION,4,3,285,ve,textual,coefficient,-0.1210431460262862,0.1210431460262862,negative,265,166,141
C_LOGISTIC_REGRESSION,4,3,239,struggle,textual,coefficient,0.1125514065793625,0.1125514065793625,positive,266,125,182
C_LOGISTIC_REGRESSION,4,3,0,10,textual,coefficient,0.1118509326161904,0.1118509326161904,positive,267,126,181
C_LOGISTIC_REGRESSION,4,3,288,want,textual,coefficient,0.11131470114651498,0.11131470114651498,positive,268,127,180
C_LOGISTIC_REGRESSION,4,3,82,end,textual,coefficient,0.10995113696194873,0.10995113696194873,positive,269,128,179
C_LOGISTIC_REGRESSION,4,3,43,children,textual,coefficient,0.10622024830469085,0.10622024830469085,positive,270,129,178
C_LOGISTIC_REGRESSION,4,3,277,uh,textual,coefficient,0.10611203364079229,0.10611203364079229,positive,271,130,177
C_LOGISTIC_REGRESSION,4,3,19,answer,textual,coefficient,-0.10231036279235814,0.10231036279235814,negative,272,165,142
C_LOGISTIC_REGRESSION,4,3,42,child,textual,coefficient,-0.10096251702756213,0.10096251702756213,negative,273,164,143
C_LOGISTIC_REGRESSION,4,3,115,hear,textual,coefficient,-0.09859618439751561,0.09859618439751561,negative,274,163,144
C_LOGISTIC_REGRESSION,4,3,167,mean,textual,coefficient,0.09831875913527954,0.09831875913527954,positive,275,131,176
C_LOGISTIC_REGRESSION,4,3,149,likely,textual,coefficient,0.09678725249934342,0.09678725249934342,positive,276,132,175
C_LOGISTIC_REGRESSION,4,3,16,adult,textual,coefficient,-0.09291200260671645,0.09291200260671645,negative,277,162,145
C_LOGISTIC_REGRESSION,4,3,296,years,textual,coefficient,-0.08790877543434593,0.08790877543434593,negative,278,161,146
C_LOGISTIC_REGRESSION,4,3,146,life,textual,coefficient,-0.08262700119152144,0.08262700119152144,negative,279,160,147
C_LOGISTIC_REGRESSION,4,3,136,isn,textual,coefficient,-0.07338902900475389,0.07338902900475389,negative,280,159,148
C_LOGISTIC_REGRESSION,4,3,192,people adhd,textual,coefficient,-0.07108470475247228,0.07108470475247228,negative,281,158,149
C_LOGISTIC_REGRESSION,4,3,116,help,textual,coefficient,0.06194103060184323,0.06194103060184323,positive,282,133,174
C_LOGISTIC_REGRESSION,4,3,15,adhders,textual,coefficient,-0.05793405678289733,0.05793405678289733,negative,283,157,150
C_LOGISTIC_REGRESSION,4,3,168,means,textual,coefficient,-0.05333638207809402,0.05333638207809402,negative,284,156,151
C_LOGISTIC_REGRESSION,4,3,240,struggling,textual,coefficient,-0.05174441711406834,0.05174441711406834,negative,285,155,152
C_LOGISTIC_REGRESSION,4,3,137,issues,textual,coefficient,0.05137232200615454,0.05137232200615454,positive,286,134,173
C_LOGISTIC_REGRESSION,4,3,68,does,textual,coefficient,-0.05135630318263835,0.05135630318263835,negative,287,154,153
C_LOGISTIC_REGRESSION,4,3,185,options,textual,coefficient,0.051038149519462506,0.051038149519462506,positive,288,135,172
C_LOGISTIC_REGRESSION,4,3,274,turn,textual,coefficient,0.050251320062945914,0.050251320062945914,positive,289,136,171
C_LOGISTIC_REGRESSION,4,3,188,patients,textual,coefficient,0.04605921999335961,0.04605921999335961,positive,290,137,170
C_LOGISTIC_REGRESSION,4,3,63,difficulty,textual,coefficient,-0.04536458133479563,0.04536458133479563,negative,291,153,154
C_LOGISTIC_REGRESSION,4,3,14,adhd symptoms,textual,coefficient,-0.044794190265637766,0.044794190265637766,negative,292,152,155
C_LOGISTIC_REGRESSION,4,3,305,duration_sec,engagement_or_format,coefficient,0.042376437103720375,0.042376437103720375,positive,293,138,169
C_LOGISTIC_REGRESSION,4,3,187,parents,textual,coefficient,0.04037505011753866,0.04037505011753866,positive,294,139,168
C_LOGISTIC_REGRESSION,4,3,300,certainty_score,handcrafted_linguistic,coefficient,0.03902191029590931,0.03902191029590931,positive,295,140,167
C_LOGISTIC_REGRESSION,4,3,40,certain,textual,coefficient,0.03797514812130636,0.03797514812130636,positive,296,141,166
C_LOGISTIC_REGRESSION,4,3,30,best,textual,coefficient,-0.03291236467730685,0.03291236467730685,negative,297,151,156
C_LOGISTIC_REGRESSION,4,3,36,brain,textual,coefficient,0.031380889392190046,0.031380889392190046,positive,298,142,165
C_LOGISTIC_REGRESSION,4,3,5,adhd,textual,coefficient,0.02661304601445081,0.02661304601445081,positive,299,143,164
C_LOGISTIC_REGRESSION,4,3,219,sensitive,textual,coefficient,0.022230981520328097,0.022230981520328097,positive,300,144,163
C_LOGISTIC_REGRESSION,4,3,230,small,textual,coefficient,-0.015948025961031155,0.015948025961031155,negative,301,150,157
C_LOGISTIC_REGRESSION,4,3,9,adhd diagnosis,textual,coefficient,-0.011386423972251222,0.011386423972251222,negative,302,149,158
C_LOGISTIC_REGRESSION,4,3,180,non,textual,coefficient,-0.011207297733900865,0.011207297733900865,negative,303,148,159
C_LOGISTIC_REGRESSION,4,3,270,treatment,textual,coefficient,-0.00998215840621726,0.00998215840621726,negative,304,147,160
C_LOGISTIC_REGRESSION,4,3,150,little,textual,coefficient,0.009111026791627092,0.009111026791627092,positive,305,145,162
C_LOGISTIC_REGRESSION,4,3,109,great,textual,coefficient,-0.0012361434414044723,0.0012361434414044723,negative,306,146,161
C_LOGISTIC_REGRESSION,4,4,83,energy,textual,coefficient,3.108824239496784,3.108824239496784,positive,1,1,306
C_LOGISTIC_REGRESSION,4,4,294,wrong,textual,coefficient,2.6414204392035487,2.6414204392035487,positive,2,2,305
C_LOGISTIC_REGRESSION,4,4,236,stop,textual,coefficient,2.3233856287363204,2.3233856287363204,positive,3,3,304
C_LOGISTIC_REGRESSION,4,4,25,bad,textual,coefficient,1.922818572860987,1.922818572860987,positive,4,4,303
C_LOGISTIC_REGRESSION,4,4,148,like,textual,coefficient,-1.870030802480903,1.870030802480903,negative,5,306,1
C_LOGISTIC_REGRESSION,4,4,95,feel,textual,coefficient,1.8594774511511736,1.8594774511511736,positive,6,5,302
C_LOGISTIC_REGRESSION,4,4,285,ve,textual,coefficient,1.802461089269715,1.802461089269715,positive,7,6,301
C_LOGISTIC_REGRESSION,4,4,203,psychiatrist,textual,coefficient,1.6703067036328312,1.6703067036328312,positive,8,7,300
C_LOGISTIC_REGRESSION,4,4,238,stress,textual,coefficient,1.6453390806259072,1.6453390806259072,positive,9,8,299
C_LOGISTIC_REGRESSION,4,4,169,medication,textual,coefficient,-1.5933809680090827,1.5933809680090827,negative,10,305,2
C_LOGISTIC_REGRESSION,4,4,35,body,textual,coefficient,1.5307088545616332,1.5307088545616332,positive,11,9,298
C_LOGISTIC_REGRESSION,4,4,181,number,textual,coefficient,1.5167326352476245,1.5167326352476245,positive,12,10,297
C_LOGISTIC_REGRESSION,4,4,98,focus,textual,coefficient,-1.4582052625184176,1.4582052625184176,negative,13,304,3
C_LOGISTIC_REGRESSION,4,4,15,adhders,textual,coefficient,1.451084790862232,1.451084790862232,positive,14,11,296
C_LOGISTIC_REGRESSION,4,4,36,brain,textual,coefficient,1.429216079932971,1.429216079932971,positive,15,12,295
C_LOGISTIC_REGRESSION,4,4,304,views,engagement_or_format,coefficient,-1.3637858989521434,1.3637858989521434,negative,16,303,4
C_LOGISTIC_REGRESSION,4,4,247,symptoms,textual,coefficient,-1.3563055504135717,1.3563055504135717,negative,17,302,5
C_LOGISTIC_REGRESSION,4,4,197,potential,textual,coefficient,1.3355856108619588,1.3355856108619588,positive,18,13,294
C_LOGISTIC_REGRESSION,4,4,174,motivation,textual,coefficient,1.319505120720232,1.319505120720232,positive,19,14,293
C_LOGISTIC_REGRESSION,4,4,277,uh,textual,coefficient,-1.3062797954474286,1.3062797954474286,negative,20,301,6
C_LOGISTIC_REGRESSION,4,4,303,comments,engagement_or_format,coefficient,1.2937965939707081,1.2937965939707081,positive,21,15,292
C_LOGISTIC_REGRESSION,4,4,138,just,textual,coefficient,-1.2903084243300558,1.2903084243300558,negative,22,300,7
C_LOGISTIC_REGRESSION,4,4,7,adhd autism,textual,coefficient,1.2636292698723413,1.2636292698723413,positive,23,16,291
C_LOGISTIC_REGRESSION,4,4,116,help,textual,coefficient,1.2390676175440305,1.2390676175440305,positive,24,17,290
C_LOGISTIC_REGRESSION,4,4,4,add,textual,coefficient,1.2374252585173677,1.2374252585173677,positive,25,18,289
C_LOGISTIC_REGRESSION,4,4,226,signs,textual,coefficient,-1.2351878297475751,1.2351878297475751,negative,26,299,8
C_LOGISTIC_REGRESSION,4,4,13,adhd sep,textual,coefficient,1.1950491556104588,1.1950491556104588,positive,27,19,288
C_LOGISTIC_REGRESSION,4,4,275,type,textual,coefficient,1.1843879351672086,1.1843879351672086,positive,28,20,287
C_LOGISTIC_REGRESSION,4,4,90,exercise,textual,coefficient,1.1503999426870892,1.1503999426870892,positive,29,21,286
C_LOGISTIC_REGRESSION,4,4,189,pay,textual,coefficient,1.1232089422304687,1.1232089422304687,positive,30,22,285
C_LOGISTIC_REGRESSION,4,4,72,dopamine,textual,coefficient,1.1208452255016212,1.1208452255016212,positive,31,23,284
C_LOGISTIC_REGRESSION,4,4,57,diagnosis,textual,coefficient,-1.0743851171471306,1.0743851171471306,negative,32,298,9
C_LOGISTIC_REGRESSION,4,4,271,trouble,textual,coefficient,1.05880882395264,1.05880882395264,positive,33,24,283
C_LOGISTIC_REGRESSION,4,4,219,sensitive,textual,coefficient,1.013686207006878,1.013686207006878,positive,34,25,282
C_LOGISTIC_REGRESSION,4,4,42,child,textual,coefficient,0.988542841688394,0.988542841688394,positive,35,26,281
C_LOGISTIC_REGRESSION,4,4,288,want,textual,coefficient,0.984709157294461,0.984709157294461,positive,36,27,280
C_LOGISTIC_REGRESSION,4,4,0,10,textual,coefficient,0.9846331719370207,0.9846331719370207,positive,37,28,279
C_LOGISTIC_REGRESSION,4,4,190,pay attention,textual,coefficient,0.974321402399291,0.974321402399291,positive,38,29,278
C_LOGISTIC_REGRESSION,4,4,154,look,textual,coefficient,-0.9655698797247397,0.9655698797247397,negative,39,297,10
C_LOGISTIC_REGRESSION,4,4,258,things,textual,coefficient,0.9654960835164206,0.9654960835164206,positive,40,30,277
C_LOGISTIC_REGRESSION,4,4,5,adhd,textual,coefficient,-0.9426655642393402,0.9426655642393402,negative,41,296,11
C_LOGISTIC_REGRESSION,4,4,268,treating,textual,coefficient,0.9331959272731868,0.9331959272731868,positive,42,31,276
C_LOGISTIC_REGRESSION,4,4,31,better,textual,coefficient,-0.9246331372100893,0.9246331372100893,negative,43,295,12
C_LOGISTIC_REGRESSION,4,4,152,ll,textual,coefficient,-0.9241684158348717,0.9241684158348717,negative,44,294,13
C_LOGISTIC_REGRESSION,4,4,131,increase,textual,coefficient,0.9188543235118671,0.9188543235118671,positive,45,32,275
C_LOGISTIC_REGRESSION,4,4,254,tell,textual,coefficient,-0.9047743751407961,0.9047743751407961,negative,46,293,14
C_LOGISTIC_REGRESSION,4,4,257,thing,textual,coefficient,0.890063096827684,0.890063096827684,positive,47,33,274
C_LOGISTIC_REGRESSION,4,4,229,sleep,textual,coefficient,-0.8868555690457982,0.8868555690457982,negative,48,292,15
C_LOGISTIC_REGRESSION,4,4,91,experience,textual,coefficient,-0.8719686022167341,0.8719686022167341,negative,49,291,16
C_LOGISTIC_REGRESSION,4,4,85,everybody,textual,coefficient,0.8675011448524215,0.8675011448524215,positive,50,34,273
C_LOGISTIC_REGRESSION,4,4,14,adhd symptoms,textual,coefficient,-0.8606531404480797,0.8606531404480797,negative,51,290,17
C_LOGISTIC_REGRESSION,4,4,111,hard,textual,coefficient,-0.8414951288626139,0.8414951288626139,negative,52,289,18
C_LOGISTIC_REGRESSION,4,4,141,kind,textual,coefficient,-0.8299571092931056,0.8299571092931056,negative,53,288,19
C_LOGISTIC_REGRESSION,4,4,120,highly,textual,coefficient,0.828357777729299,0.828357777729299,positive,54,35,272
C_LOGISTIC_REGRESSION,4,4,145,levels,textual,coefficient,-0.8171565429260051,0.8171565429260051,negative,55,287,20
C_LOGISTIC_REGRESSION,4,4,24,autistic,textual,coefficient,0.7999541962093194,0.7999541962093194,positive,56,36,271
C_LOGISTIC_REGRESSION,4,4,80,emotional,textual,coefficient,0.799601938668986,0.799601938668986,positive,57,37,270
C_LOGISTIC_REGRESSION,4,4,255,tend,textual,coefficient,-0.7971368938106412,0.7971368938106412,negative,58,286,21
C_LOGISTIC_REGRESSION,4,4,282,use,textual,coefficient,-0.7951169662520335,0.7951169662520335,negative,59,285,22
C_LOGISTIC_REGRESSION,4,4,296,years,textual,coefficient,0.7947061778442168,0.7947061778442168,positive,60,38,269
C_LOGISTIC_REGRESSION,4,4,33,bit,textual,coefficient,-0.7897929923383583,0.7897929923383583,negative,61,284,23
C_LOGISTIC_REGRESSION,4,4,125,important,textual,coefficient,-0.7890780661461485,0.7890780661461485,negative,62,283,24
C_LOGISTIC_REGRESSION,4,4,286,video,textual,coefficient,0.783720460675875,0.783720460675875,positive,63,39,268
C_LOGISTIC_REGRESSION,4,4,134,interesting,textual,coefficient,0.7799033191362277,0.7799033191362277,positive,64,40,267
C_LOGISTIC_REGRESSION,4,4,199,probably,textual,coefficient,-0.7699496159824185,0.7699496159824185,negative,65,282,25
C_LOGISTIC_REGRESSION,4,4,3,actually,textual,coefficient,-0.7667905518962745,0.7667905518962745,negative,66,281,26
C_LOGISTIC_REGRESSION,4,4,227,signs adhd,textual,coefficient,-0.7664388664020646,0.7664388664020646,negative,67,280,27
C_LOGISTIC_REGRESSION,4,4,74,drugs,textual,coefficient,-0.7498866176473932,0.7498866176473932,negative,68,279,28
C_LOGISTIC_REGRESSION,4,4,67,doctor,textual,coefficient,-0.7422082954778582,0.7422082954778582,negative,69,278,29
C_LOGISTIC_REGRESSION,4,4,127,impulsive,textual,coefficient,-0.7346404990149957,0.7346404990149957,negative,70,277,30
C_LOGISTIC_REGRESSION,4,4,109,great,textual,coefficient,0.7217937551398795,0.7217937551398795,positive,71,41,266
C_LOGISTIC_REGRESSION,4,4,17,adults,textual,coefficient,0.7191722100925345,0.7191722100925345,positive,72,42,265
C_LOGISTIC_REGRESSION,4,4,289,way,textual,coefficient,0.715162209126952,0.715162209126952,positive,73,43,264
C_LOGISTIC_REGRESSION,4,4,193,person,textual,coefficient,-0.7131426492796887,0.7131426492796887,negative,74,276,31
C_LOGISTIC_REGRESSION,4,4,249,taking,textual,coefficient,-0.7129486005132994,0.7129486005132994,negative,75,275,32
C_LOGISTIC_REGRESSION,4,4,188,patients,textual,coefficient,0.7129024600703957,0.7129024600703957,positive,76,44,263
C_LOGISTIC_REGRESSION,4,4,53,day,textual,coefficient,-0.7093881977770341,0.7093881977770341,negative,77,274,33
C_LOGISTIC_REGRESSION,4,4,51,control,textual,coefficient,-0.7044571071534391,0.7044571071534391,negative,78,273,34
C_LOGISTIC_REGRESSION,4,4,129,inattentive,textual,coefficient,-0.7009783056459905,0.7009783056459905,negative,79,272,35
C_LOGISTIC_REGRESSION,4,4,245,support,textual,coefficient,-0.6971802246086946,0.6971802246086946,negative,80,271,36
C_LOGISTIC_REGRESSION,4,4,150,little,textual,coefficient,-0.6961941584028678,0.6961941584028678,negative,81,270,37
C_LOGISTIC_REGRESSION,4,4,87,executive,textual,coefficient,-0.6826574509691681,0.6826574509691681,negative,82,269,38
C_LOGISTIC_REGRESSION,4,4,253,tasks,textual,coefficient,-0.6764612161518305,0.6764612161518305,negative,83,268,39
C_LOGISTIC_REGRESSION,4,4,12,adhd medication,textual,coefficient,-0.6688326934352968,0.6688326934352968,negative,84,267,40
C_LOGISTIC_REGRESSION,4,4,214,school,textual,coefficient,-0.668048168527537,0.668048168527537,negative,85,266,41
C_LOGISTIC_REGRESSION,4,4,243,sugar,textual,coefficient,-0.6630581908950629,0.6630581908950629,negative,86,265,42
C_LOGISTIC_REGRESSION,4,4,48,common,textual,coefficient,-0.6616700509718237,0.6616700509718237,negative,87,264,43
C_LOGISTIC_REGRESSION,4,4,8,adhd brain,textual,coefficient,0.6607531243804504,0.6607531243804504,positive,88,45,262
C_LOGISTIC_REGRESSION,4,4,176,music,textual,coefficient,0.652286249856596,0.652286249856596,positive,89,46,261
C_LOGISTIC_REGRESSION,4,4,195,playing,textual,coefficient,-0.6499111907206856,0.6499111907206856,negative,90,263,44
C_LOGISTIC_REGRESSION,4,4,215,second,textual,coefficient,-0.6496594082457005,0.6496594082457005,negative,91,262,45
C_LOGISTIC_REGRESSION,4,4,43,children,textual,coefficient,0.646690548672845,0.646690548672845,positive,92,47,260
C_LOGISTIC_REGRESSION,4,4,102,forget,textual,coefficient,-0.6408817312288975,0.6408817312288975,negative,93,261,46
C_LOGISTIC_REGRESSION,4,4,177,natural,textual,coefficient,0.6403113269079292,0.6403113269079292,positive,94,48,259
C_LOGISTIC_REGRESSION,4,4,119,higher,textual,coefficient,0.6231626571160931,0.6231626571160931,positive,95,49,258
C_LOGISTIC_REGRESSION,4,4,115,hear,textual,coefficient,-0.6199738302135553,0.6199738302135553,negative,96,260,47
C_LOGISTIC_REGRESSION,4,4,186,overwhelmed,textual,coefficient,-0.6167084534741654,0.6167084534741654,negative,97,259,48
C_LOGISTIC_REGRESSION,4,4,110,happens,textual,coefficient,-0.6152502141691817,0.6152502141691817,negative,98,258,49
C_LOGISTIC_REGRESSION,4,4,71,don,textual,coefficient,0.6147604698183685,0.6147604698183685,positive,99,50,257
C_LOGISTIC_REGRESSION,4,4,248,symptoms adhd,textual,coefficient,-0.6102810669134463,0.6102810669134463,negative,100,257,50
C_LOGISTIC_REGRESSION,4,4,216,seen,textual,coefficient,-0.6098225217173932,0.6098225217173932,negative,101,256,51
C_LOGISTIC_REGRESSION,4,4,270,treatment,textual,coefficient,-0.6027024402588121,0.6027024402588121,negative,102,255,52
C_LOGISTIC_REGRESSION,4,4,244,supplements,textual,coefficient,-0.5996199088884471,0.5996199088884471,negative,103,254,53
C_LOGISTIC_REGRESSION,4,4,81,emotions,textual,coefficient,-0.5971594807190769,0.5971594807190769,negative,104,253,54
C_LOGISTIC_REGRESSION,4,4,65,disorders,textual,coefficient,-0.595337345500788,0.595337345500788,negative,105,252,55
C_LOGISTIC_REGRESSION,4,4,93,fact,textual,coefficient,-0.5863850572019398,0.5863850572019398,negative,106,251,56
C_LOGISTIC_REGRESSION,4,4,204,question,textual,coefficient,-0.5856898924357388,0.5856898924357388,negative,107,250,57
C_LOGISTIC_REGRESSION,4,4,295,yeah,textual,coefficient,0.5845301189850628,0.5845301189850628,positive,108,51,256
C_LOGISTIC_REGRESSION,4,4,237,strategies,textual,coefficient,-0.5817346405847139,0.5817346405847139,negative,109,249,58
C_LOGISTIC_REGRESSION,4,4,19,answer,textual,coefficient,-0.5761404837866622,0.5761404837866622,negative,110,248,59
C_LOGISTIC_REGRESSION,4,4,284,usually,textual,coefficient,0.5737419917988559,0.5737419917988559,positive,111,52,255
C_LOGISTIC_REGRESSION,4,4,269,treating adhd,textual,coefficient,0.5726256458608537,0.5726256458608537,positive,112,53,254
C_LOGISTIC_REGRESSION,4,4,273,trying,textual,coefficient,-0.5711867826277055,0.5711867826277055,negative,113,247,60
C_LOGISTIC_REGRESSION,4,4,187,parents,textual,coefficient,-0.5634617841573013,0.5634617841573013,negative,114,246,61
C_LOGISTIC_REGRESSION,4,4,34,blindness,textual,coefficient,-0.5616193483652688,0.5616193483652688,negative,115,245,62
C_LOGISTIC_REGRESSION,4,4,113,having,textual,coefficient,-0.5614512639217958,0.5614512639217958,negative,116,244,63
C_LOGISTIC_REGRESSION,4,4,56,diagnosed,textual,coefficient,-0.559473739873021,0.559473739873021,negative,117,243,64
C_LOGISTIC_REGRESSION,4,4,246,sure,textual,coefficient,-0.5572780132781878,0.5572780132781878,negative,118,242,65
C_LOGISTIC_REGRESSION,4,4,175,moving,textual,coefficient,-0.5532182043625191,0.5532182043625191,negative,119,241,66
C_LOGISTIC_REGRESSION,4,4,86,example,textual,coefficient,-0.5527775668824753,0.5527775668824753,negative,120,240,67
C_LOGISTIC_REGRESSION,4,4,79,effects,textual,coefficient,-0.5453698971130976,0.5453698971130976,negative,121,239,68
C_LOGISTIC_REGRESSION,4,4,137,issues,textual,coefficient,-0.5431061390431232,0.5431061390431232,negative,122,238,69
C_LOGISTIC_REGRESSION,4,4,232,somebody,textual,coefficient,-0.5377241945067551,0.5377241945067551,negative,123,237,70
C_LOGISTIC_REGRESSION,4,4,151,little bit,textual,coefficient,-0.5371116819816221,0.5371116819816221,negative,124,236,71
C_LOGISTIC_REGRESSION,4,4,52,criteria,textual,coefficient,-0.5353474529961014,0.5353474529961014,negative,125,235,72
C_LOGISTIC_REGRESSION,4,4,144,let,textual,coefficient,-0.5350054250719743,0.5350054250719743,negative,126,234,73
C_LOGISTIC_REGRESSION,4,4,46,come,textual,coefficient,-0.533525810200373,0.533525810200373,negative,127,233,74
C_LOGISTIC_REGRESSION,4,4,178,need,textual,coefficient,-0.5333592336757658,0.5333592336757658,negative,128,232,75
C_LOGISTIC_REGRESSION,4,4,291,women,textual,coefficient,-0.5318985202278272,0.5318985202278272,negative,129,231,76
C_LOGISTIC_REGRESSION,4,4,276,typically,textual,coefficient,-0.5238475129051456,0.5238475129051456,negative,130,230,77
C_LOGISTIC_REGRESSION,4,4,9,adhd diagnosis,textual,coefficient,-0.5236598526614137,0.5236598526614137,negative,131,229,78
C_LOGISTIC_REGRESSION,4,4,239,struggle,textual,coefficient,0.5219825206445741,0.5219825206445741,positive,132,54,253
C_LOGISTIC_REGRESSION,4,4,211,right,textual,coefficient,0.519226908264893,0.519226908264893,positive,133,55,252
C_LOGISTIC_REGRESSION,4,4,290,ways,textual,coefficient,0.5173387359359737,0.5173387359359737,positive,134,56,251
C_LOGISTIC_REGRESSION,4,4,168,means,textual,coefficient,0.5140626697861602,0.5140626697861602,positive,135,57,250
C_LOGISTIC_REGRESSION,4,4,191,people,textual,coefficient,0.5082912607591014,0.5082912607591014,positive,136,58,249
C_LOGISTIC_REGRESSION,4,4,100,food,textual,coefficient,-0.5004929554489385,0.5004929554489385,negative,137,228,79
C_LOGISTIC_REGRESSION,4,4,101,foods,textual,coefficient,-0.5002385083695827,0.5002385083695827,negative,138,227,80
C_LOGISTIC_REGRESSION,4,4,106,going,textual,coefficient,0.5001988071413818,0.5001988071413818,positive,139,59,248
C_LOGISTIC_REGRESSION,4,4,210,remember,textual,coefficient,-0.49486969575356426,0.49486969575356426,negative,140,226,81
C_LOGISTIC_REGRESSION,4,4,172,mind,textual,coefficient,-0.4944429147445869,0.4944429147445869,negative,141,225,82
C_LOGISTIC_REGRESSION,4,4,283,using,textual,coefficient,-0.49197778920104795,0.49197778920104795,negative,142,224,83
C_LOGISTIC_REGRESSION,4,4,54,deficit,textual,coefficient,-0.49008278804211725,0.49008278804211725,negative,143,223,84
C_LOGISTIC_REGRESSION,4,4,70,doing,textual,coefficient,0.4872837916173827,0.4872837916173827,positive,144,60,247
C_LOGISTIC_REGRESSION,4,4,122,hyperactive,textual,coefficient,-0.4864385668983845,0.4864385668983845,negative,145,222,85
C_LOGISTIC_REGRESSION,4,4,223,sep adhd,textual,coefficient,-0.4858342011466413,0.4858342011466413,negative,146,221,86
C_LOGISTIC_REGRESSION,4,4,262,time,textual,coefficient,-0.4821539725836044,0.4821539725836044,negative,147,220,87
C_LOGISTIC_REGRESSION,4,4,23,autism,textual,coefficient,0.4812049453044759,0.4812049453044759,positive,148,61,246
C_LOGISTIC_REGRESSION,4,4,179,neurotypical,textual,coefficient,-0.47681647817698203,0.47681647817698203,negative,149,219,88
C_LOGISTIC_REGRESSION,4,4,50,constantly,textual,coefficient,-0.47639245388636436,0.47639245388636436,negative,150,218,89
C_LOGISTIC_REGRESSION,4,4,96,feel like,textual,coefficient,-0.4760329760766696,0.4760329760766696,negative,151,217,90
C_LOGISTIC_REGRESSION,4,4,107,good,textual,coefficient,-0.47582381420653175,0.47582381420653175,negative,152,216,91
C_LOGISTIC_REGRESSION,4,4,184,okay,textual,coefficient,-0.47508797502186095,0.47508797502186095,negative,153,215,92
C_LOGISTIC_REGRESSION,4,4,16,adult,textual,coefficient,-0.46807361547918347,0.46807361547918347,negative,154,214,93
C_LOGISTIC_REGRESSION,4,4,272,try,textual,coefficient,0.46518563140614505,0.46518563140614505,positive,155,62,245
C_LOGISTIC_REGRESSION,4,4,130,include,textual,coefficient,-0.46016815423358776,0.46016815423358776,negative,156,213,94
C_LOGISTIC_REGRESSION,4,4,88,executive dysfunction,textual,coefficient,-0.4583797730071162,0.4583797730071162,negative,157,212,95
C_LOGISTIC_REGRESSION,4,4,124,impact,textual,coefficient,-0.45508410233739893,0.45508410233739893,negative,158,211,96
C_LOGISTIC_REGRESSION,4,4,112,harder,textual,coefficient,-0.45489015354447204,0.45489015354447204,negative,159,210,97
C_LOGISTIC_REGRESSION,4,4,183,oh,textual,coefficient,-0.4543800205270944,0.4543800205270944,negative,160,209,98
C_LOGISTIC_REGRESSION,4,4,123,hyperactivity,textual,coefficient,-0.45349084067494455,0.45349084067494455,negative,161,208,99
C_LOGISTIC_REGRESSION,4,4,162,make sure,textual,coefficient,-0.4509439134640395,0.4509439134640395,negative,162,207,100
C_LOGISTIC_REGRESSION,4,4,11,adhd like,textual,coefficient,-0.44497864788538766,0.44497864788538766,negative,163,206,101
C_LOGISTIC_REGRESSION,4,4,228,sit,textual,coefficient,0.43907604172104076,0.43907604172104076,positive,164,63,244
C_LOGISTIC_REGRESSION,4,4,170,medications,textual,coefficient,-0.42740366620165293,0.42740366620165293,negative,165,205,102
C_LOGISTIC_REGRESSION,4,4,173,mood,textual,coefficient,-0.4260298679834094,0.4260298679834094,negative,166,204,103
C_LOGISTIC_REGRESSION,4,4,66,distracted,textual,coefficient,-0.4173715930488914,0.4173715930488914,negative,167,203,104
C_LOGISTIC_REGRESSION,4,4,266,treat,textual,coefficient,-0.41451230138302536,0.41451230138302536,negative,168,202,105
C_LOGISTIC_REGRESSION,4,4,92,explained,textual,coefficient,-0.4134556125695523,0.4134556125695523,negative,169,201,106
C_LOGISTIC_REGRESSION,4,4,99,follow,textual,coefficient,-0.4128133426557737,0.4128133426557737,negative,170,200,107
C_LOGISTIC_REGRESSION,4,4,44,class,textual,coefficient,-0.4121815111462427,0.4121815111462427,negative,171,199,108
C_LOGISTIC_REGRESSION,4,4,196,point,textual,coefficient,-0.40562825932297103,0.40562825932297103,negative,172,198,109
C_LOGISTIC_REGRESSION,4,4,68,does,textual,coefficient,-0.40389075850761963,0.40389075850761963,negative,173,197,110
C_LOGISTIC_REGRESSION,4,4,281,understanding,textual,coefficient,-0.4015754100139076,0.4015754100139076,negative,174,196,111
C_LOGISTIC_REGRESSION,4,4,10,adhd just,textual,coefficient,-0.39995769286550564,0.39995769286550564,negative,175,195,112
C_LOGISTIC_REGRESSION,4,4,153,long,textual,coefficient,-0.39864869304656136,0.39864869304656136,negative,176,194,113
C_LOGISTIC_REGRESSION,4,4,209,relationships,textual,coefficient,-0.39831292301790094,0.39831292301790094,negative,177,193,114
C_LOGISTIC_REGRESSION,4,4,207,regulation,textual,coefficient,-0.39499637622883427,0.39499637622883427,negative,178,192,115
C_LOGISTIC_REGRESSION,4,4,165,manage,textual,coefficient,-0.38975982397113446,0.38975982397113446,negative,179,191,116
C_LOGISTIC_REGRESSION,4,4,147,light,textual,coefficient,-0.38809979685481716,0.38809979685481716,negative,180,190,117
C_LOGISTIC_REGRESSION,4,4,279,unable,textual,coefficient,-0.3869510641696288,0.3869510641696288,negative,181,189,118
C_LOGISTIC_REGRESSION,4,4,157,lot,textual,coefficient,0.38623837049601173,0.38623837049601173,positive,182,64,243
C_LOGISTIC_REGRESSION,4,4,32,big,textual,coefficient,-0.3860913479211236,0.3860913479211236,negative,183,188,119
C_LOGISTIC_REGRESSION,4,4,97,feeling,textual,coefficient,-0.3829389377725025,0.3829389377725025,negative,184,187,120
C_LOGISTIC_REGRESSION,4,4,114,health,textual,coefficient,-0.37799844491655804,0.37799844491655804,negative,185,186,121
C_LOGISTIC_REGRESSION,4,4,49,complete,textual,coefficient,-0.3759780502946334,0.3759780502946334,negative,186,185,122
C_LOGISTIC_REGRESSION,4,4,29,behaviors,textual,coefficient,-0.37582574834898297,0.37582574834898297,negative,187,184,123
C_LOGISTIC_REGRESSION,4,4,171,mental,textual,coefficient,-0.3725261368886604,0.3725261368886604,negative,188,183,124
C_LOGISTIC_REGRESSION,4,4,128,impulsivity,textual,coefficient,-0.37233668111415835,0.37233668111415835,negative,189,182,125
C_LOGISTIC_REGRESSION,4,4,241,study,textual,coefficient,-0.3682918302984367,0.3682918302984367,negative,190,181,126
C_LOGISTIC_REGRESSION,4,4,164,making,textual,coefficient,-0.34953499428808604,0.34953499428808604,negative,191,180,127
C_LOGISTIC_REGRESSION,4,4,167,mean,textual,coefficient,0.3495265153646266,0.3495265153646266,positive,192,65,242
C_LOGISTIC_REGRESSION,4,4,240,struggling,textual,coefficient,-0.3481011714122125,0.3481011714122125,negative,193,179,128
C_LOGISTIC_REGRESSION,4,4,221,sensory,textual,coefficient,-0.3448206564587186,0.3448206564587186,negative,194,178,129
C_LOGISTIC_REGRESSION,4,4,299,एड,textual,coefficient,-0.34116268460185645,0.34116268460185645,negative,195,177,130
C_LOGISTIC_REGRESSION,4,4,103,function,textual,coefficient,-0.3411016281148005,0.3411016281148005,negative,196,176,131
C_LOGISTIC_REGRESSION,4,4,217,self,textual,coefficient,0.3404861577181381,0.3404861577181381,positive,197,66,241
C_LOGISTIC_REGRESSION,4,4,160,low,textual,coefficient,-0.33640126710915247,0.33640126710915247,negative,198,175,132
C_LOGISTIC_REGRESSION,4,4,149,likely,textual,coefficient,-0.33490453013325017,0.33490453013325017,negative,199,174,133
C_LOGISTIC_REGRESSION,4,4,213,saying,textual,coefficient,-0.33469346175051995,0.33469346175051995,negative,200,173,134
C_LOGISTIC_REGRESSION,4,4,77,easily,textual,coefficient,-0.33271562853430603,0.33271562853430603,negative,201,172,135
C_LOGISTIC_REGRESSION,4,4,64,disorder,textual,coefficient,-0.3316237939219239,0.3316237939219239,negative,202,171,136
C_LOGISTIC_REGRESSION,4,4,37,brains,textual,coefficient,-0.3275670264120882,0.3275670264120882,negative,203,170,137
C_LOGISTIC_REGRESSION,4,4,287,wait,textual,coefficient,-0.326460073852617,0.326460073852617,negative,204,169,138
C_LOGISTIC_REGRESSION,4,4,252,task,textual,coefficient,0.326319603485477,0.326319603485477,positive,205,67,240
C_LOGISTIC_REGRESSION,4,4,135,iron,textual,coefficient,-0.3247969166178774,0.3247969166178774,negative,206,168,139
C_LOGISTIC_REGRESSION,4,4,136,isn,textual,coefficient,-0.3215748933539439,0.3215748933539439,negative,207,167,140
C_LOGISTIC_REGRESSION,4,4,84,especially,textual,coefficient,0.3196008922975732,0.3196008922975732,positive,208,68,239
C_LOGISTIC_REGRESSION,4,4,89,executive function,textual,coefficient,-0.3153792269287212,0.3153792269287212,negative,209,166,141
C_LOGISTIC_REGRESSION,4,4,242,stuff,textual,coefficient,-0.31361118280086314,0.31361118280086314,negative,210,165,142
C_LOGISTIC_REGRESSION,4,4,45,college,textual,coefficient,-0.30807271246609397,0.30807271246609397,negative,211,164,143
C_LOGISTIC_REGRESSION,4,4,108,got,textual,coefficient,-0.30625156835558426,0.30625156835558426,negative,212,163,144
C_LOGISTIC_REGRESSION,4,4,274,turn,textual,coefficient,-0.3036919691287749,0.3036919691287749,negative,213,162,145
C_LOGISTIC_REGRESSION,4,4,220,sensitivity,textual,coefficient,-0.3029900204669232,0.3029900204669232,negative,214,161,146
C_LOGISTIC_REGRESSION,4,4,69,doesn,textual,coefficient,0.2995289631368247,0.2995289631368247,positive,215,69,238
C_LOGISTIC_REGRESSION,4,4,293,works,textual,coefficient,0.298740954124543,0.298740954124543,positive,216,70,237
C_LOGISTIC_REGRESSION,4,4,159,lots,textual,coefficient,-0.29225755669468245,0.29225755669468245,negative,217,160,147
C_LOGISTIC_REGRESSION,4,4,121,home,textual,coefficient,0.289337405291077,0.289337405291077,positive,218,71,236
C_LOGISTIC_REGRESSION,4,4,47,comes,textual,coefficient,-0.28916098648026045,0.28916098648026045,negative,219,159,148
C_LOGISTIC_REGRESSION,4,4,208,rejection,textual,coefficient,-0.2887303212113957,0.2887303212113957,negative,220,158,149
C_LOGISTIC_REGRESSION,4,4,166,maybe,textual,coefficient,0.28633768684072125,0.28633768684072125,positive,221,72,235
C_LOGISTIC_REGRESSION,4,4,39,care,textual,coefficient,-0.2827367839455896,0.2827367839455896,negative,222,157,150
C_LOGISTIC_REGRESSION,4,4,142,know,textual,coefficient,0.2826028062985639,0.2826028062985639,positive,223,73,234
C_LOGISTIC_REGRESSION,4,4,180,non,textual,coefficient,-0.2816765767723103,0.2816765767723103,negative,224,156,151
C_LOGISTIC_REGRESSION,4,4,256,therapy,textual,coefficient,0.2786867830763171,0.2786867830763171,positive,225,74,233
C_LOGISTIC_REGRESSION,4,4,156,losing,textual,coefficient,-0.27757450359637365,0.27757450359637365,negative,226,155,152
C_LOGISTIC_REGRESSION,4,4,300,certainty_score,handcrafted_linguistic,coefficient,0.27665573573408336,0.27665573573408336,positive,227,75,232
C_LOGISTIC_REGRESSION,4,4,264,traits,textual,coefficient,-0.27352742254733425,0.27352742254733425,negative,228,154,153
C_LOGISTIC_REGRESSION,4,4,63,difficulty,textual,coefficient,-0.26676379321645927,0.26676379321645927,negative,229,153,154
C_LOGISTIC_REGRESSION,4,4,224,shorts,textual,coefficient,0.2599178454177624,0.2599178454177624,positive,230,76,231
C_LOGISTIC_REGRESSION,4,4,263,times,textual,coefficient,-0.25620492684512447,0.25620492684512447,negative,231,152,155
C_LOGISTIC_REGRESSION,4,4,260,think,textual,coefficient,0.25083266799423115,0.25083266799423115,positive,232,77,230
C_LOGISTIC_REGRESSION,4,4,28,behavioral,textual,coefficient,-0.24555037099896057,0.24555037099896057,negative,233,151,156
C_LOGISTIC_REGRESSION,4,4,233,start,textual,coefficient,-0.2439861077439779,0.2439861077439779,negative,234,150,157
C_LOGISTIC_REGRESSION,4,4,41,challenges,textual,coefficient,-0.2386855027767827,0.2386855027767827,negative,235,149,158
C_LOGISTIC_REGRESSION,4,4,161,make,textual,coefficient,-0.2329773020450234,0.2329773020450234,negative,236,148,159
C_LOGISTIC_REGRESSION,4,4,18,affects,textual,coefficient,-0.22666359475711684,0.22666359475711684,negative,237,147,160
C_LOGISTIC_REGRESSION,4,4,38,called,textual,coefficient,-0.2233218789535172,0.2233218789535172,negative,238,146,161
C_LOGISTIC_REGRESSION,4,4,139,kid,textual,coefficient,0.2158101973661605,0.2158101973661605,positive,239,78,229
C_LOGISTIC_REGRESSION,4,4,75,dysfunction,textual,coefficient,0.2109467890348347,0.2109467890348347,positive,240,79,228
C_LOGISTIC_REGRESSION,4,4,292,work,textual,coefficient,-0.20730706466776333,0.20730706466776333,negative,241,145,162
C_LOGISTIC_REGRESSION,4,4,94,family,textual,coefficient,0.20584147405316916,0.20584147405316916,positive,242,80,227
C_LOGISTIC_REGRESSION,4,4,265,trauma,textual,coefficient,0.20160519058343562,0.20160519058343562,positive,243,81,226
C_LOGISTIC_REGRESSION,4,4,155,looking,textual,coefficient,0.19966639113509,0.19966639113509,positive,244,82,225
C_LOGISTIC_REGRESSION,4,4,55,depression,textual,coefficient,0.198991744003662,0.198991744003662,positive,245,83,224
C_LOGISTIC_REGRESSION,4,4,26,based,textual,coefficient,-0.19603969146858602,0.19603969146858602,negative,246,144,163
C_LOGISTIC_REGRESSION,4,4,185,options,textual,coefficient,-0.19453659483715965,0.19453659483715965,negative,247,143,164
C_LOGISTIC_REGRESSION,4,4,146,life,textual,coefficient,-0.19297126893133104,0.19297126893133104,negative,248,142,165
C_LOGISTIC_REGRESSION,4,4,235,stimulants,textual,coefficient,-0.19268008550112728,0.19268008550112728,negative,249,141,166
C_LOGISTIC_REGRESSION,4,4,20,anxiety,textual,coefficient,0.19182892349827246,0.19182892349827246,positive,250,84,223
C_LOGISTIC_REGRESSION,4,4,225,sign,textual,coefficient,0.18786501508547426,0.18786501508547426,positive,251,85,222
C_LOGISTIC_REGRESSION,4,4,6,adhd adhd,textual,coefficient,-0.18715824453698063,0.18715824453698063,negative,252,140,167
C_LOGISTIC_REGRESSION,4,4,158,lot people,textual,coefficient,-0.18266048919594868,0.18266048919594868,negative,253,139,168
C_LOGISTIC_REGRESSION,4,4,230,small,textual,coefficient,0.17877593249882592,0.17877593249882592,positive,254,86,221
C_LOGISTIC_REGRESSION,4,4,126,improve,textual,coefficient,0.17491095034596404,0.17491095034596404,positive,255,87,220
C_LOGISTIC_REGRESSION,4,4,234,stimulant,textual,coefficient,-0.17341369857383201,0.17341369857383201,negative,256,138,169
C_LOGISTIC_REGRESSION,4,4,278,um,textual,coefficient,0.16781811902407073,0.16781811902407073,positive,257,88,219
C_LOGISTIC_REGRESSION,4,4,62,differently,textual,coefficient,-0.16437799831031044,0.16437799831031044,negative,258,137,170
C_LOGISTIC_REGRESSION,4,4,202,protein,textual,coefficient,0.16206343836598064,0.16206343836598064,positive,259,89,218
C_LOGISTIC_REGRESSION,4,4,1,able,textual,coefficient,-0.16102705552808563,0.16102705552808563,negative,260,136,171
C_LOGISTIC_REGRESSION,4,4,78,eating,textual,coefficient,0.14591520302563238,0.14591520302563238,positive,261,90,217
C_LOGISTIC_REGRESSION,4,4,182,ocd,textual,coefficient,-0.13843178362156316,0.13843178362156316,negative,262,135,172
C_LOGISTIC_REGRESSION,4,4,198,present,textual,coefficient,-0.13792696245693933,0.13792696245693933,negative,263,134,173
C_LOGISTIC_REGRESSION,4,4,133,instead,textual,coefficient,-0.13597355088520358,0.13597355088520358,negative,264,133,174
C_LOGISTIC_REGRESSION,4,4,206,really,textual,coefficient,0.13304448313298364,0.13304448313298364,positive,265,91,216
C_LOGISTIC_REGRESSION,4,4,259,things like,textual,coefficient,0.1311327496781457,0.1311327496781457,positive,266,92,215
C_LOGISTIC_REGRESSION,4,4,205,real,textual,coefficient,-0.12650886470130257,0.12650886470130257,negative,267,132,175
C_LOGISTIC_REGRESSION,4,4,76,early,textual,coefficient,0.1208859022462871,0.1208859022462871,positive,268,93,214
C_LOGISTIC_REGRESSION,4,4,251,talking,textual,coefficient,-0.11571949634107102,0.11571949634107102,negative,269,131,176
C_LOGISTIC_REGRESSION,4,4,218,sense,textual,coefficient,-0.11088262535466299,0.11088262535466299,negative,270,130,177
C_LOGISTIC_REGRESSION,4,4,298,एक,textual,coefficient,-0.11083739737334687,0.11083739737334687,negative,271,129,178
C_LOGISTIC_REGRESSION,4,4,61,different,textual,coefficient,0.10956535791574393,0.10956535791574393,positive,272,94,213
C_LOGISTIC_REGRESSION,4,4,261,thinking,textual,coefficient,-0.1060510786516486,0.1060510786516486,negative,273,128,179
C_LOGISTIC_REGRESSION,4,4,200,problem,textual,coefficient,0.09654838090173522,0.09654838090173522,positive,274,95,212
C_LOGISTIC_REGRESSION,4,4,22,audhd,textual,coefficient,-0.09588677630915393,0.09588677630915393,negative,275,127,180
C_LOGISTIC_REGRESSION,4,4,132,information,textual,coefficient,0.09230203500394724,0.09230203500394724,positive,276,96,211
C_LOGISTIC_REGRESSION,4,4,2,activities,textual,coefficient,-0.09144306525906029,0.09144306525906029,negative,277,126,181
C_LOGISTIC_REGRESSION,4,4,201,problems,textual,coefficient,-0.09052424389672473,0.09052424389672473,negative,278,125,182
C_LOGISTIC_REGRESSION,4,4,280,understand,textual,coefficient,0.08727369779816314,0.08727369779816314,positive,279,97,210
C_LOGISTIC_REGRESSION,4,4,82,end,textual,coefficient,-0.08335545127697531,0.08335545127697531,negative,280,124,183
C_LOGISTIC_REGRESSION,4,4,59,diet,textual,coefficient,-0.08168360372812605,0.08168360372812605,negative,281,123,184
C_LOGISTIC_REGRESSION,4,4,250,talk,textual,coefficient,0.08019699117655411,0.08019699117655411,positive,282,98,209
C_LOGISTIC_REGRESSION,4,4,163,makes,textual,coefficient,0.07334101858352449,0.07334101858352449,positive,283,99,208
C_LOGISTIC_REGRESSION,4,4,297,इपर,textual,coefficient,-0.07267620397607685,0.07267620397607685,negative,284,122,185
C_LOGISTIC_REGRESSION,4,4,301,hedge_score,handcrafted_linguistic,coefficient,-0.07098395838134038,0.07098395838134038,negative,285,121,186
C_LOGISTIC_REGRESSION,4,4,194,play,textual,coefficient,0.06781156329855054,0.06781156329855054,positive,286,100,207
C_LOGISTIC_REGRESSION,4,4,60,difference,textual,coefficient,0.06746487104817787,0.06746487104817787,positive,287,101,206
C_LOGISTIC_REGRESSION,4,4,267,treated,textual,coefficient,-0.06677730632316284,0.06677730632316284,negative,288,120,187
C_LOGISTIC_REGRESSION,4,4,40,certain,textual,coefficient,0.06183595831021187,0.06183595831021187,positive,289,102,205
C_LOGISTIC_REGRESSION,4,4,104,getting,textual,coefficient,-0.05465814947232335,0.05465814947232335,negative,290,119,188
C_LOGISTIC_REGRESSION,4,4,231,social,textual,coefficient,0.044186192576592655,0.044186192576592655,positive,291,103,204
C_LOGISTIC_REGRESSION,4,4,105,girls,textual,coefficient,-0.041726220815842534,0.041726220815842534,negative,292,118,189
C_LOGISTIC_REGRESSION,4,4,117,helps,textual,coefficient,-0.04123788145320948,0.04123788145320948,negative,293,117,190
C_LOGISTIC_REGRESSION,4,4,140,kids,textual,coefficient,-0.036589598704260665,0.036589598704260665,negative,294,116,191
C_LOGISTIC_REGRESSION,4,4,305,duration_sec,engagement_or_format,coefficient,-0.03646707813584907,0.03646707813584907,negative,295,115,192
C_LOGISTIC_REGRESSION,4,4,143,lack,textual,coefficient,0.03546762903423011,0.03546762903423011,positive,296,104,203
C_LOGISTIC_REGRESSION,4,4,118,high,textual,coefficient,0.03423836554356221,0.03423836554356221,positive,297,105,202
C_LOGISTIC_REGRESSION,4,4,27,behavior,textual,coefficient,0.03361019667697173,0.03361019667697173,positive,298,106,201
C_LOGISTIC_REGRESSION,4,4,58,did,textual,coefficient,0.02522260139765479,0.02522260139765479,positive,299,107,200
C_LOGISTIC_REGRESSION,4,4,192,people adhd,textual,coefficient,0.023812605640570028,0.023812605640570028,positive,300,108,199
C_LOGISTIC_REGRESSION,4,4,302,likes,engagement_or_format,coefficient,0.018938282125267953,0.018938282125267953,positive,301,109,198
C_LOGISTIC_REGRESSION,4,4,212,say,textual,coefficient,0.016666590326756915,0.016666590326756915,positive,302,110,197
C_LOGISTIC_REGRESSION,4,4,30,best,textual,coefficient,-0.009753724608577147,0.009753724608577147,negative,303,114,193
C_LOGISTIC_REGRESSION,4,4,21,attention,textual,coefficient,0.005826090200863458,0.005826090200863458,positive,304,111,196
C_LOGISTIC_REGRESSION,4,4,222,sep,textual,coefficient,0.0016849624677835679,0.0016849624677835679,positive,305,112,195
C_LOGISTIC_REGRESSION,4,4,73,dr,textual,coefficient,0.0014591529071410975,0.0014591529071410975,positive,306,113,194
C_LOGISTIC_REGRESSION,5,1,201,problems,textual,coefficient,2.3607838901721885,2.3607838901721885,positive,1,1,306
C_LOGISTIC_REGRESSION,5,1,71,don,textual,coefficient,-2.1459850032763157,2.1459850032763157,negative,2,306,1
C_LOGISTIC_REGRESSION,5,1,48,common,textual,coefficient,2.138661881990645,2.138661881990645,positive,3,2,305
C_LOGISTIC_REGRESSION,5,1,35,brain,textual,coefficient,-1.9386046518760671,1.9386046518760671,negative,4,305,2
C_LOGISTIC_REGRESSION,5,1,7,adhd,textual,coefficient,1.8639764505112884,1.8639764505112884,positive,5,3,304
C_LOGISTIC_REGRESSION,5,1,54,depression,textual,coefficient,-1.7998852532625618,1.7998852532625618,negative,6,304,3
C_LOGISTIC_REGRESSION,5,1,28,autism,textual,coefficient,1.7832727395822052,1.7832727395822052,positive,7,4,303
C_LOGISTIC_REGRESSION,5,1,287,want,textual,coefficient,-1.698439329580091,1.698439329580091,negative,8,303,4
C_LOGISTIC_REGRESSION,5,1,59,diet,textual,coefficient,-1.670578353000678,1.670578353000678,negative,9,302,5
C_LOGISTIC_REGRESSION,5,1,218,school,textual,coefficient,1.6681288130570167,1.6681288130570167,positive,10,5,302
C_LOGISTIC_REGRESSION,5,1,200,problem,textual,coefficient,-1.5714051838629084,1.5714051838629084,negative,11,301,6
C_LOGISTIC_REGRESSION,5,1,114,harder,textual,coefficient,1.5635819741876693,1.5635819741876693,positive,12,6,301
C_LOGISTIC_REGRESSION,5,1,249,symptoms,textual,coefficient,1.5520039060993598,1.5520039060993598,positive,13,7,300
C_LOGISTIC_REGRESSION,5,1,203,psychologist,textual,coefficient,1.4935727006846402,1.4935727006846402,positive,14,8,299
C_LOGISTIC_REGRESSION,5,1,279,uh,textual,coefficient,-1.4914008357300093,1.4914008357300093,negative,15,300,7
C_LOGISTIC_REGRESSION,5,1,12,adhd medication,textual,coefficient,1.430394635992017,1.430394635992017,positive,16,9,298
C_LOGISTIC_REGRESSION,5,1,255,tasks,textual,coefficient,1.4208522226225058,1.4208522226225058,positive,17,10,297
C_LOGISTIC_REGRESSION,5,1,45,college,textual,coefficient,1.3864747565546962,1.3864747565546962,positive,18,11,296
C_LOGISTIC_REGRESSION,5,1,304,views,engagement_or_format,coefficient,1.3719817594958654,1.3719817594958654,positive,19,12,295
C_LOGISTIC_REGRESSION,5,1,299,एड,textual,coefficient,1.3122244744599432,1.3122244744599432,positive,20,13,294
C_LOGISTIC_REGRESSION,5,1,120,helps,textual,coefficient,1.2686106177112106,1.2686106177112106,positive,21,14,293
C_LOGISTIC_REGRESSION,5,1,15,adhd symptoms,textual,coefficient,1.2431148714429305,1.2431148714429305,positive,22,15,292
C_LOGISTIC_REGRESSION,5,1,260,thing,textual,coefficient,-1.2386974127375068,1.2386974127375068,negative,23,299,8
C_LOGISTIC_REGRESSION,5,1,108,girls,textual,coefficient,1.2286643319027253,1.2286643319027253,positive,24,16,291
C_LOGISTIC_REGRESSION,5,1,227,sep adhd,textual,coefficient,1.2266275864437568,1.2266275864437568,positive,25,17,290
C_LOGISTIC_REGRESSION,5,1,109,going,textual,coefficient,1.213178466586136,1.213178466586136,positive,26,18,289
C_LOGISTIC_REGRESSION,5,1,247,support,textual,coefficient,1.1980689930878834,1.1980689930878834,positive,27,19,288
C_LOGISTIC_REGRESSION,5,1,145,know,textual,coefficient,1.1911474460399998,1.1911474460399998,positive,28,20,287
C_LOGISTIC_REGRESSION,5,1,14,adhd sep,textual,coefficient,-1.1728523230178145,1.1728523230178145,negative,29,298,9
C_LOGISTIC_REGRESSION,5,1,233,sleep,textual,coefficient,1.1685547631226836,1.1685547631226836,positive,30,21,286
C_LOGISTIC_REGRESSION,5,1,224,sensitivity,textual,coefficient,-1.1673319499381005,1.1673319499381005,negative,31,297,10
C_LOGISTIC_REGRESSION,5,1,284,ve,textual,coefficient,-1.150238458667811,1.150238458667811,negative,32,296,11
C_LOGISTIC_REGRESSION,5,1,23,answer,textual,coefficient,1.1499528449316108,1.1499528449316108,positive,33,22,285
C_LOGISTIC_REGRESSION,5,1,268,trauma,textual,coefficient,1.133932607361862,1.133932607361862,positive,34,23,284
C_LOGISTIC_REGRESSION,5,1,187,overwhelmed,textual,coefficient,1.1245518303202584,1.1245518303202584,positive,35,24,283
C_LOGISTIC_REGRESSION,5,1,9,adhd autism,textual,coefficient,1.1228094152917387,1.1228094152917387,positive,36,25,282
C_LOGISTIC_REGRESSION,5,1,131,impulsivity,textual,coefficient,1.1223527343065367,1.1223527343065367,positive,37,26,281
C_LOGISTIC_REGRESSION,5,1,43,child,textual,coefficient,-1.1131799461296568,1.1131799461296568,negative,38,295,12
C_LOGISTIC_REGRESSION,5,1,69,doesn,textual,coefficient,-1.097768752290105,1.097768752290105,negative,39,294,13
C_LOGISTIC_REGRESSION,5,1,163,low,textual,coefficient,-1.0760039133460195,1.0760039133460195,negative,40,293,14
C_LOGISTIC_REGRESSION,5,1,151,life,textual,coefficient,1.071038470733347,1.071038470733347,positive,41,27,280
C_LOGISTIC_REGRESSION,5,1,204,quickly,textual,coefficient,1.0609068885396398,1.0609068885396398,positive,42,28,279
C_LOGISTIC_REGRESSION,5,1,75,drugs,textual,coefficient,1.0572517907876675,1.0572517907876675,positive,43,29,278
C_LOGISTIC_REGRESSION,5,1,17,adhders,textual,coefficient,-1.0420830774878416,1.0420830774878416,negative,44,292,15
C_LOGISTIC_REGRESSION,5,1,303,comments,engagement_or_format,coefficient,-1.039893569928084,1.039893569928084,negative,45,291,16
C_LOGISTIC_REGRESSION,5,1,280,um,textual,coefficient,-1.0391356736148007,1.0391356736148007,negative,46,290,17
C_LOGISTIC_REGRESSION,5,1,236,start,textual,coefficient,1.0335373778218087,1.0335373778218087,positive,47,30,277
C_LOGISTIC_REGRESSION,5,1,188,patients,textual,coefficient,-1.0286398569095283,1.0286398569095283,negative,48,289,18
C_LOGISTIC_REGRESSION,5,1,230,signs,textual,coefficient,1.0209390255093536,1.0209390255093536,positive,49,31,276
C_LOGISTIC_REGRESSION,5,1,116,health,textual,coefficient,1.0172552203058796,1.0172552203058796,positive,50,32,275
C_LOGISTIC_REGRESSION,5,1,223,sensitive,textual,coefficient,-1.0044252344896922,1.0044252344896922,negative,51,288,19
C_LOGISTIC_REGRESSION,5,1,56,diagnosis,textual,coefficient,1.0011599936151718,1.0011599936151718,positive,52,33,274
C_LOGISTIC_REGRESSION,5,1,101,focus,textual,coefficient,1.0003912855258354,1.0003912855258354,positive,53,34,273
C_LOGISTIC_REGRESSION,5,1,133,increase,textual,coefficient,-0.9879316522575434,0.9879316522575434,negative,54,287,20
C_LOGISTIC_REGRESSION,5,1,78,easily,textual,coefficient,0.9852672471890928,0.9852672471890928,positive,55,35,272
C_LOGISTIC_REGRESSION,5,1,127,impact,textual,coefficient,0.9834344361772821,0.9834344361772821,positive,56,36,271
C_LOGISTIC_REGRESSION,5,1,41,changes,textual,coefficient,0.9798154520395967,0.9798154520395967,positive,57,37,270
C_LOGISTIC_REGRESSION,5,1,155,ll,textual,coefficient,-0.9683692806492313,0.9683692806492313,negative,58,286,21
C_LOGISTIC_REGRESSION,5,1,18,adult,textual,coefficient,0.9641069583619085,0.9641069583619085,positive,59,38,269
C_LOGISTIC_REGRESSION,5,1,172,means,textual,coefficient,-0.9611770624139427,0.9611770624139427,negative,60,285,22
C_LOGISTIC_REGRESSION,5,1,296,years,textual,coefficient,-0.9560943048184279,0.9560943048184279,negative,61,284,23
C_LOGISTIC_REGRESSION,5,1,113,hard,textual,coefficient,0.9527962156304292,0.9527962156304292,positive,62,39,268
C_LOGISTIC_REGRESSION,5,1,181,need,textual,coefficient,-0.9434701814044003,0.9434701814044003,negative,63,283,24
C_LOGISTIC_REGRESSION,5,1,68,does,textual,coefficient,0.9305001610088437,0.9305001610088437,positive,64,40,267
C_LOGISTIC_REGRESSION,5,1,104,foods,textual,coefficient,-0.9188397544118753,0.9188397544118753,negative,65,282,25
C_LOGISTIC_REGRESSION,5,1,196,point,textual,coefficient,-0.9089351209785113,0.9089351209785113,negative,66,281,26
C_LOGISTIC_REGRESSION,5,1,254,task,textual,coefficient,-0.8961824446035157,0.8961824446035157,negative,67,280,27
C_LOGISTIC_REGRESSION,5,1,288,way,textual,coefficient,-0.8888260936602033,0.8888260936602033,negative,68,279,28
C_LOGISTIC_REGRESSION,5,1,126,hyperactivity,textual,coefficient,-0.8887737397737853,0.8887737397737853,negative,69,278,29
C_LOGISTIC_REGRESSION,5,1,293,world,textual,coefficient,-0.8849445341301968,0.8849445341301968,negative,70,277,30
C_LOGISTIC_REGRESSION,5,1,168,manage,textual,coefficient,0.8807597993840153,0.8807597993840153,positive,71,41,266
C_LOGISTIC_REGRESSION,5,1,231,signs adhd,textual,coefficient,-0.8805667795981647,0.8805667795981647,negative,72,276,31
C_LOGISTIC_REGRESSION,5,1,212,relationships,textual,coefficient,-0.874741839674203,0.874741839674203,negative,73,275,32
C_LOGISTIC_REGRESSION,5,1,258,term,textual,coefficient,0.864044067931573,0.864044067931573,positive,74,42,265
C_LOGISTIC_REGRESSION,5,1,73,dopamine,textual,coefficient,-0.8615285933300434,0.8615285933300434,negative,75,274,33
C_LOGISTIC_REGRESSION,5,1,25,anxiety,textual,coefficient,0.8571339918154447,0.8571339918154447,positive,76,43,264
C_LOGISTIC_REGRESSION,5,1,298,एक,textual,coefficient,-0.8322653664476614,0.8322653664476614,negative,77,273,34
C_LOGISTIC_REGRESSION,5,1,191,people adhd,textual,coefficient,-0.8313680719895985,0.8313680719895985,negative,78,272,35
C_LOGISTIC_REGRESSION,5,1,10,adhd brain,textual,coefficient,-0.8291152460460062,0.8291152460460062,negative,79,271,36
C_LOGISTIC_REGRESSION,5,1,259,therapy,textual,coefficient,-0.8274244262396664,0.8274244262396664,negative,80,270,37
C_LOGISTIC_REGRESSION,5,1,302,likes,engagement_or_format,coefficient,-0.8235706042230377,0.8235706042230377,negative,81,269,38
C_LOGISTIC_REGRESSION,5,1,53,deficit,textual,coefficient,-0.8050789755327701,0.8050789755327701,negative,82,268,39
C_LOGISTIC_REGRESSION,5,1,221,self,textual,coefficient,-0.7915786765210423,0.7915786765210423,negative,83,267,40
C_LOGISTIC_REGRESSION,5,1,34,body,textual,coefficient,-0.7907181594320378,0.7907181594320378,negative,84,266,41
C_LOGISTIC_REGRESSION,5,1,273,treatment,textual,coefficient,0.7878722382013236,0.7878722382013236,positive,85,44,263
C_LOGISTIC_REGRESSION,5,1,103,food,textual,coefficient,-0.7872284579830078,0.7872284579830078,negative,86,265,42
C_LOGISTIC_REGRESSION,5,1,124,home,textual,coefficient,-0.7827301531188848,0.7827301531188848,negative,87,264,43
C_LOGISTIC_REGRESSION,5,1,90,exercise,textual,coefficient,0.7788405825209546,0.7788405825209546,positive,88,45,262
C_LOGISTIC_REGRESSION,5,1,130,impulsive,textual,coefficient,0.7772151684002436,0.7772151684002436,positive,89,46,261
C_LOGISTIC_REGRESSION,5,1,282,use,textual,coefficient,-0.7755214625555135,0.7755214625555135,negative,90,263,44
C_LOGISTIC_REGRESSION,5,1,274,trouble,textual,coefficient,0.7747780040485799,0.7747780040485799,positive,91,47,260
C_LOGISTIC_REGRESSION,5,1,11,adhd diagnosis,textual,coefficient,0.7592174378865966,0.7592174378865966,positive,92,48,259
C_LOGISTIC_REGRESSION,5,1,24,answer sep,textual,coefficient,0.7540445745604961,0.7540445745604961,positive,93,49,258
C_LOGISTIC_REGRESSION,5,1,74,dr,textual,coefficient,-0.7369422502659291,0.7369422502659291,negative,94,262,45
C_LOGISTIC_REGRESSION,5,1,209,regulation,textual,coefficient,0.7353889608074106,0.7353889608074106,positive,95,50,257
C_LOGISTIC_REGRESSION,5,1,195,playing,textual,coefficient,-0.7301234373416645,0.7301234373416645,negative,96,261,46
C_LOGISTIC_REGRESSION,5,1,199,probably,textual,coefficient,-0.725753168615808,0.725753168615808,negative,97,260,47
C_LOGISTIC_REGRESSION,5,1,138,issues,textual,coefficient,-0.718264672808988,0.718264672808988,negative,98,259,48
C_LOGISTIC_REGRESSION,5,1,16,adhd women,textual,coefficient,-0.7172713558710796,0.7172713558710796,negative,99,258,49
C_LOGISTIC_REGRESSION,5,1,118,help,textual,coefficient,-0.7162378819107593,0.7162378819107593,negative,100,257,50
C_LOGISTIC_REGRESSION,5,1,161,lots,textual,coefficient,0.7128894728422605,0.7128894728422605,positive,101,51,256
C_LOGISTIC_REGRESSION,5,1,5,add,textual,coefficient,0.7082696813820939,0.7082696813820939,positive,102,52,255
C_LOGISTIC_REGRESSION,5,1,88,example,textual,coefficient,-0.7073781768268165,0.7073781768268165,negative,103,256,51
C_LOGISTIC_REGRESSION,5,1,213,remember,textual,coefficient,-0.7046615359509367,0.7046615359509367,negative,104,255,52
C_LOGISTIC_REGRESSION,5,1,95,family,textual,coefficient,0.7041781544396178,0.7041781544396178,positive,105,53,254
C_LOGISTIC_REGRESSION,5,1,169,management,textual,coefficient,0.6948639531916062,0.6948639531916062,positive,106,54,253
C_LOGISTIC_REGRESSION,5,1,62,differently,textual,coefficient,-0.689695160356313,0.689695160356313,negative,107,254,53
C_LOGISTIC_REGRESSION,5,1,257,tend,textual,coefficient,-0.6880431531852681,0.6880431531852681,negative,108,253,54
C_LOGISTIC_REGRESSION,5,1,136,intense,textual,coefficient,-0.6816217544177966,0.6816217544177966,negative,109,252,55
C_LOGISTIC_REGRESSION,5,1,117,hear,textual,coefficient,0.6765537050116054,0.6765537050116054,positive,110,55,252
C_LOGISTIC_REGRESSION,5,1,297,इपर,textual,coefficient,-0.6735735838036478,0.6735735838036478,negative,111,251,56
C_LOGISTIC_REGRESSION,5,1,51,criteria,textual,coefficient,0.6530656485501832,0.6530656485501832,positive,112,56,251
C_LOGISTIC_REGRESSION,5,1,219,second,textual,coefficient,0.6479750833000095,0.6479750833000095,positive,113,57,250
C_LOGISTIC_REGRESSION,5,1,102,follow,textual,coefficient,0.6457652142751125,0.6457652142751125,positive,114,58,249
C_LOGISTIC_REGRESSION,5,1,58,did,textual,coefficient,0.6303398411031419,0.6303398411031419,positive,115,59,248
C_LOGISTIC_REGRESSION,5,1,42,check,textual,coefficient,0.630331504533972,0.630331504533972,positive,116,60,247
C_LOGISTIC_REGRESSION,5,1,139,job,textual,coefficient,0.6223695582121697,0.6223695582121697,positive,117,61,246
C_LOGISTIC_REGRESSION,5,1,93,experts answer,textual,coefficient,0.615232571222305,0.615232571222305,positive,118,62,245
C_LOGISTIC_REGRESSION,5,1,208,reduce,textual,coefficient,-0.6142824639394504,0.6142824639394504,negative,119,250,57
C_LOGISTIC_REGRESSION,5,1,29,autistic,textual,coefficient,-0.6133232877103877,0.6133232877103877,negative,120,249,58
C_LOGISTIC_REGRESSION,5,1,40,challenges,textual,coefficient,0.6116086972365534,0.6116086972365534,positive,121,63,244
C_LOGISTIC_REGRESSION,5,1,245,sugar,textual,coefficient,-0.6106456425096893,0.6106456425096893,negative,122,248,59
C_LOGISTIC_REGRESSION,5,1,263,think,textual,coefficient,0.6105736212230137,0.6105736212230137,positive,123,64,243
C_LOGISTIC_REGRESSION,5,1,270,treated,textual,coefficient,0.6060026412547806,0.6060026412547806,positive,124,65,242
C_LOGISTIC_REGRESSION,5,1,144,kind,textual,coefficient,0.6059269253647095,0.6059269253647095,positive,125,66,241
C_LOGISTIC_REGRESSION,5,1,13,adhd real,textual,coefficient,0.5981983653681097,0.5981983653681097,positive,126,67,240
C_LOGISTIC_REGRESSION,5,1,98,feel like,textual,coefficient,0.5968832235870889,0.5968832235870889,positive,127,68,239
C_LOGISTIC_REGRESSION,5,1,243,struggling,textual,coefficient,-0.5909503369085898,0.5909503369085898,negative,128,247,60
C_LOGISTIC_REGRESSION,5,1,96,fast,textual,coefficient,-0.5871370825333265,0.5871370825333265,negative,129,246,61
C_LOGISTIC_REGRESSION,5,1,0,10,textual,coefficient,-0.5856322528872381,0.5856322528872381,negative,130,245,62
C_LOGISTIC_REGRESSION,5,1,175,meds,textual,coefficient,0.5826608474423275,0.5826608474423275,positive,131,69,238
C_LOGISTIC_REGRESSION,5,1,194,physical,textual,coefficient,-0.5777826614069693,0.5777826614069693,negative,132,244,63
C_LOGISTIC_REGRESSION,5,1,238,stimulants,textual,coefficient,-0.5744389454299036,0.5744389454299036,negative,133,243,64
C_LOGISTIC_REGRESSION,5,1,269,treat,textual,coefficient,-0.5701120409266754,0.5701120409266754,negative,134,242,65
C_LOGISTIC_REGRESSION,5,1,210,rejection,textual,coefficient,-0.5671208194350964,0.5671208194350964,negative,135,241,66
C_LOGISTIC_REGRESSION,5,1,183,number,textual,coefficient,0.562671962725279,0.562671962725279,positive,136,70,237
C_LOGISTIC_REGRESSION,5,1,193,phone,textual,coefficient,0.5614136351257618,0.5614136351257618,positive,137,71,236
C_LOGISTIC_REGRESSION,5,1,261,things,textual,coefficient,-0.5601406862870588,0.5601406862870588,negative,138,240,67
C_LOGISTIC_REGRESSION,5,1,84,end,textual,coefficient,0.5584554814712902,0.5584554814712902,positive,139,72,235
C_LOGISTIC_REGRESSION,5,1,281,understand,textual,coefficient,-0.5569338425693697,0.5569338425693697,negative,140,239,68
C_LOGISTIC_REGRESSION,5,1,47,comes,textual,coefficient,-0.5545467000549059,0.5545467000549059,negative,141,238,69
C_LOGISTIC_REGRESSION,5,1,185,okay,textual,coefficient,-0.541069125331575,0.541069125331575,negative,142,237,70
C_LOGISTIC_REGRESSION,5,1,115,having,textual,coefficient,0.5391600113223358,0.5391600113223358,positive,143,73,234
C_LOGISTIC_REGRESSION,5,1,217,saying,textual,coefficient,-0.5379703876803174,0.5379703876803174,negative,144,236,71
C_LOGISTIC_REGRESSION,5,1,143,kids,textual,coefficient,0.5330576189193865,0.5330576189193865,positive,145,74,233
C_LOGISTIC_REGRESSION,5,1,228,shorts,textual,coefficient,0.5321462218361871,0.5321462218361871,positive,146,75,232
C_LOGISTIC_REGRESSION,5,1,64,disorder,textual,coefficient,-0.526037355502898,0.526037355502898,negative,147,235,72
C_LOGISTIC_REGRESSION,5,1,198,potential,textual,coefficient,-0.5255530836605243,0.5255530836605243,negative,148,234,73
C_LOGISTIC_REGRESSION,5,1,89,executive,textual,coefficient,0.524211163621429,0.524211163621429,positive,149,76,231
C_LOGISTIC_REGRESSION,5,1,19,adults,textual,coefficient,0.5182255154617471,0.5182255154617471,positive,150,77,230
C_LOGISTIC_REGRESSION,5,1,85,energy,textual,coefficient,-0.5117823569215642,0.5117823569215642,negative,151,233,74
C_LOGISTIC_REGRESSION,5,1,61,different,textual,coefficient,-0.5095003555376649,0.5095003555376649,negative,152,232,75
C_LOGISTIC_REGRESSION,5,1,232,sit,textual,coefficient,-0.5043188816163047,0.5043188816163047,negative,153,231,76
C_LOGISTIC_REGRESSION,5,1,110,good,textual,coefficient,-0.5037743320298032,0.5037743320298032,negative,154,230,77
C_LOGISTIC_REGRESSION,5,1,171,mean,textual,coefficient,-0.500756976328394,0.500756976328394,negative,155,229,78
C_LOGISTIC_REGRESSION,5,1,283,usually,textual,coefficient,-0.5002144484225248,0.5002144484225248,negative,156,228,79
C_LOGISTIC_REGRESSION,5,1,91,experience,textual,coefficient,0.4981984014400021,0.4981984014400021,positive,157,78,229
C_LOGISTIC_REGRESSION,5,1,65,disorders,textual,coefficient,0.4975518085490165,0.4975518085490165,positive,158,79,228
C_LOGISTIC_REGRESSION,5,1,6,adderall,textual,coefficient,-0.4967281446407909,0.4967281446407909,negative,159,227,80
C_LOGISTIC_REGRESSION,5,1,135,instead,textual,coefficient,-0.491632533368217,0.491632533368217,negative,160,226,81
C_LOGISTIC_REGRESSION,5,1,55,diagnosed,textual,coefficient,-0.48964375992853143,0.48964375992853143,negative,161,225,82
C_LOGISTIC_REGRESSION,5,1,92,experts,textual,coefficient,0.4878121885652861,0.4878121885652861,positive,162,80,227
C_LOGISTIC_REGRESSION,5,1,36,brains,textual,coefficient,0.48571922592849404,0.48571922592849404,positive,163,81,226
C_LOGISTIC_REGRESSION,5,1,289,ways,textual,coefficient,0.4844645432561655,0.4844645432561655,positive,164,82,225
C_LOGISTIC_REGRESSION,5,1,8,adhd adhd,textual,coefficient,-0.4838248674856536,0.4838248674856536,negative,165,224,83
C_LOGISTIC_REGRESSION,5,1,106,friend,textual,coefficient,-0.48100298444471207,0.48100298444471207,negative,166,223,84
C_LOGISTIC_REGRESSION,5,1,86,especially,textual,coefficient,0.47345296608914383,0.47345296608914383,positive,167,83,224
C_LOGISTIC_REGRESSION,5,1,80,eating,textual,coefficient,-0.4715611563246435,0.4715611563246435,negative,168,222,85
C_LOGISTIC_REGRESSION,5,1,189,pay,textual,coefficient,-0.4670932945558031,0.4670932945558031,negative,169,221,86
C_LOGISTIC_REGRESSION,5,1,97,feel,textual,coefficient,-0.46666977443442315,0.46666977443442315,negative,170,220,87
C_LOGISTIC_REGRESSION,5,1,176,mental,textual,coefficient,0.45945495747463033,0.45945495747463033,positive,171,84,223
C_LOGISTIC_REGRESSION,5,1,253,talking,textual,coefficient,-0.4579990272727311,0.4579990272727311,negative,172,219,88
C_LOGISTIC_REGRESSION,5,1,174,medications,textual,coefficient,0.453613090107728,0.453613090107728,positive,173,85,222
C_LOGISTIC_REGRESSION,5,1,76,dysfunction,textual,coefficient,0.4535613312456122,0.4535613312456122,positive,174,86,221
C_LOGISTIC_REGRESSION,5,1,148,lead,textual,coefficient,-0.4524549844681141,0.4524549844681141,negative,175,218,89
C_LOGISTIC_REGRESSION,5,1,276,trying,textual,coefficient,0.45208774290386283,0.45208774290386283,positive,176,87,220
C_LOGISTIC_REGRESSION,5,1,241,structure,textual,coefficient,0.45054540255370373,0.45054540255370373,positive,177,88,219
C_LOGISTIC_REGRESSION,5,1,100,feelings,textual,coefficient,0.4474916189965123,0.4474916189965123,positive,178,89,218
C_LOGISTIC_REGRESSION,5,1,267,traits,textual,coefficient,-0.437939451670772,0.437939451670772,negative,179,217,90
C_LOGISTIC_REGRESSION,5,1,271,treating,textual,coefficient,-0.43787927275762034,0.43787927275762034,negative,180,216,91
C_LOGISTIC_REGRESSION,5,1,26,attention,textual,coefficient,0.4327970630875525,0.4327970630875525,positive,181,90,217
C_LOGISTIC_REGRESSION,5,1,244,study,textual,coefficient,-0.43099860279792757,0.43099860279792757,negative,182,215,92
C_LOGISTIC_REGRESSION,5,1,67,doctor,textual,coefficient,-0.4276841418966124,0.4276841418966124,negative,183,214,93
C_LOGISTIC_REGRESSION,5,1,31,better,textual,coefficient,0.41970698188642624,0.41970698188642624,positive,184,91,216
C_LOGISTIC_REGRESSION,5,1,292,works,textual,coefficient,-0.4160308393644806,0.4160308393644806,negative,185,213,94
C_LOGISTIC_REGRESSION,5,1,266,times,textual,coefficient,0.4154977312400816,0.4154977312400816,positive,186,92,215
C_LOGISTIC_REGRESSION,5,1,112,happens,textual,coefficient,-0.40745132545258494,0.40745132545258494,negative,187,212,95
C_LOGISTIC_REGRESSION,5,1,30,behavior,textual,coefficient,-0.39968610541473676,0.39968610541473676,negative,188,211,96
C_LOGISTIC_REGRESSION,5,1,60,difference,textual,coefficient,0.3983500388069441,0.3983500388069441,positive,189,93,214
C_LOGISTIC_REGRESSION,5,1,162,love,textual,coefficient,0.39544095010342784,0.39544095010342784,positive,190,94,213
C_LOGISTIC_REGRESSION,5,1,239,stop,textual,coefficient,-0.39267265854432826,0.39267265854432826,negative,191,210,97
C_LOGISTIC_REGRESSION,5,1,121,high,textual,coefficient,0.39011466146005225,0.39011466146005225,positive,192,95,212
C_LOGISTIC_REGRESSION,5,1,286,wait,textual,coefficient,-0.3879832144721266,0.3879832144721266,negative,193,209,98
C_LOGISTIC_REGRESSION,5,1,134,information,textual,coefficient,-0.38750257767788004,0.38750257767788004,negative,194,208,99
C_LOGISTIC_REGRESSION,5,1,242,struggle,textual,coefficient,0.3865144980534308,0.3865144980534308,positive,195,96,211
C_LOGISTIC_REGRESSION,5,1,190,people,textual,coefficient,-0.3830266282836547,0.3830266282836547,negative,196,207,100
C_LOGISTIC_REGRESSION,5,1,1,able,textual,coefficient,-0.38136824850068707,0.38136824850068707,negative,197,206,101
C_LOGISTIC_REGRESSION,5,1,57,diagnostic,textual,coefficient,-0.37928155302447036,0.37928155302447036,negative,198,205,102
C_LOGISTIC_REGRESSION,5,1,154,little,textual,coefficient,-0.36862996908665335,0.36862996908665335,negative,199,204,103
C_LOGISTIC_REGRESSION,5,1,82,emotional,textual,coefficient,0.3661971271809247,0.3661971271809247,positive,200,97,210
C_LOGISTIC_REGRESSION,5,1,295,yeah,textual,coefficient,0.36518545700522737,0.36518545700522737,positive,201,98,209
C_LOGISTIC_REGRESSION,5,1,275,try,textual,coefficient,-0.36504932191841843,0.36504932191841843,negative,202,203,104
C_LOGISTIC_REGRESSION,5,1,291,work,textual,coefficient,-0.3623537018161083,0.3623537018161083,negative,203,202,105
C_LOGISTIC_REGRESSION,5,1,125,hyperactive,textual,coefficient,-0.3620326096905995,0.3620326096905995,negative,204,201,106
C_LOGISTIC_REGRESSION,5,1,182,non,textual,coefficient,0.36071450334593297,0.36071450334593297,positive,205,99,208
C_LOGISTIC_REGRESSION,5,1,234,small,textual,coefficient,-0.3524427798377402,0.3524427798377402,negative,206,200,107
C_LOGISTIC_REGRESSION,5,1,237,stimulant,textual,coefficient,-0.3425640891829673,0.3425640891829673,negative,207,199,108
C_LOGISTIC_REGRESSION,5,1,79,eat,textual,coefficient,-0.34234831882521666,0.34234831882521666,negative,208,198,109
C_LOGISTIC_REGRESSION,5,1,158,look,textual,coefficient,-0.33460130622784956,0.33460130622784956,negative,209,197,110
C_LOGISTIC_REGRESSION,5,1,81,effects,textual,coefficient,-0.3341708859214385,0.3341708859214385,negative,210,196,111
C_LOGISTIC_REGRESSION,5,1,142,kid,textual,coefficient,-0.33389828841665886,0.33389828841665886,negative,211,195,112
C_LOGISTIC_REGRESSION,5,1,294,worse,textual,coefficient,-0.332505791884164,0.332505791884164,negative,212,194,113
C_LOGISTIC_REGRESSION,5,1,149,let,textual,coefficient,-0.32606591598407136,0.32606591598407136,negative,213,193,114
C_LOGISTIC_REGRESSION,5,1,3,activity,textual,coefficient,0.31899322743721875,0.31899322743721875,positive,214,100,207
C_LOGISTIC_REGRESSION,5,1,197,poor,textual,coefficient,0.31203915384144026,0.31203915384144026,positive,215,101,206
C_LOGISTIC_REGRESSION,5,1,107,getting,textual,coefficient,0.3097945505455537,0.3097945505455537,positive,216,102,205
C_LOGISTIC_REGRESSION,5,1,63,difficulty,textual,coefficient,0.3064356010535392,0.3064356010535392,positive,217,103,204
C_LOGISTIC_REGRESSION,5,1,77,early,textual,coefficient,0.30246103540015445,0.30246103540015445,positive,218,104,203
C_LOGISTIC_REGRESSION,5,1,50,control,textual,coefficient,-0.29827877742738373,0.29827877742738373,negative,219,192,115
C_LOGISTIC_REGRESSION,5,1,170,maybe,textual,coefficient,0.296529866975646,0.296529866975646,positive,220,105,202
C_LOGISTIC_REGRESSION,5,1,179,moving,textual,coefficient,-0.29578719122517,0.29578719122517,negative,221,191,116
C_LOGISTIC_REGRESSION,5,1,27,audhd,textual,coefficient,0.2954019124549009,0.2954019124549009,positive,222,106,201
C_LOGISTIC_REGRESSION,5,1,4,actually,textual,coefficient,-0.2920264340268746,0.2920264340268746,negative,223,190,117
C_LOGISTIC_REGRESSION,5,1,256,tell,textual,coefficient,-0.2908286437443632,0.2908286437443632,negative,224,189,118
C_LOGISTIC_REGRESSION,5,1,250,symptoms adhd,textual,coefficient,0.28343288838788966,0.28343288838788966,positive,225,107,200
C_LOGISTIC_REGRESSION,5,1,128,important,textual,coefficient,-0.26914962421567556,0.26914962421567556,negative,226,188,119
C_LOGISTIC_REGRESSION,5,1,252,talk,textual,coefficient,-0.2658927251145896,0.2658927251145896,negative,227,187,120
C_LOGISTIC_REGRESSION,5,1,2,absolutely,textual,coefficient,0.261749803413832,0.261749803413832,positive,228,108,199
C_LOGISTIC_REGRESSION,5,1,265,time,textual,coefficient,0.2591545067954016,0.2591545067954016,positive,229,109,198
C_LOGISTIC_REGRESSION,5,1,141,key,textual,coefficient,0.2587537469767369,0.2587537469767369,positive,230,110,197
C_LOGISTIC_REGRESSION,5,1,52,day,textual,coefficient,0.25102677876597945,0.25102677876597945,positive,231,111,196
C_LOGISTIC_REGRESSION,5,1,165,make sure,textual,coefficient,-0.24508230910642056,0.24508230910642056,negative,232,186,121
C_LOGISTIC_REGRESSION,5,1,214,right,textual,coefficient,-0.238329392666578,0.238329392666578,negative,233,185,122
C_LOGISTIC_REGRESSION,5,1,147,late,textual,coefficient,0.2277929140469081,0.2277929140469081,positive,234,112,195
C_LOGISTIC_REGRESSION,5,1,202,psychiatrist,textual,coefficient,0.22676146505104447,0.22676146505104447,positive,235,113,194
C_LOGISTIC_REGRESSION,5,1,157,long term,textual,coefficient,-0.22133351756691497,0.22133351756691497,negative,236,184,123
C_LOGISTIC_REGRESSION,5,1,72,don know,textual,coefficient,-0.21878353211578458,0.21878353211578458,negative,237,183,124
C_LOGISTIC_REGRESSION,5,1,150,levels,textual,coefficient,0.21549690567129504,0.21549690567129504,positive,238,114,193
C_LOGISTIC_REGRESSION,5,1,137,isn,textual,coefficient,0.2083538162489024,0.2083538162489024,positive,239,115,192
C_LOGISTIC_REGRESSION,5,1,21,affects,textual,coefficient,-0.2073122211007403,0.2073122211007403,negative,240,182,125
C_LOGISTIC_REGRESSION,5,1,178,motivation,textual,coefficient,-0.20072249584622162,0.20072249584622162,negative,241,181,126
C_LOGISTIC_REGRESSION,5,1,285,video,textual,coefficient,-0.1964826366804561,0.1964826366804561,negative,242,180,127
C_LOGISTIC_REGRESSION,5,1,211,rejection sensitivity,textual,coefficient,-0.18748996280501115,0.18748996280501115,negative,243,179,128
C_LOGISTIC_REGRESSION,5,1,66,distracted,textual,coefficient,-0.18431784145131402,0.18431784145131402,negative,244,178,129
C_LOGISTIC_REGRESSION,5,1,173,medication,textual,coefficient,0.181427321046231,0.181427321046231,positive,245,116,191
C_LOGISTIC_REGRESSION,5,1,159,looking,textual,coefficient,0.1811167315814745,0.1811167315814745,positive,246,117,190
C_LOGISTIC_REGRESSION,5,1,105,forget,textual,coefficient,0.1708677898551159,0.1708677898551159,positive,247,118,189
C_LOGISTIC_REGRESSION,5,1,229,shown,textual,coefficient,-0.16742766598232114,0.16742766598232114,negative,248,177,130
C_LOGISTIC_REGRESSION,5,1,301,hedge_score,handcrafted_linguistic,coefficient,0.16644606584303698,0.16644606584303698,positive,249,119,188
C_LOGISTIC_REGRESSION,5,1,246,supplements,textual,coefficient,0.1636685855032076,0.1636685855032076,positive,250,120,187
C_LOGISTIC_REGRESSION,5,1,222,sense,textual,coefficient,-0.16043852067034262,0.16043852067034262,negative,251,176,131
C_LOGISTIC_REGRESSION,5,1,156,long,textual,coefficient,-0.15924064102083207,0.15924064102083207,negative,252,175,132
C_LOGISTIC_REGRESSION,5,1,46,come,textual,coefficient,0.15746630175839502,0.15746630175839502,positive,253,121,186
C_LOGISTIC_REGRESSION,5,1,226,sep,textual,coefficient,0.15361445267473733,0.15361445267473733,positive,254,122,185
C_LOGISTIC_REGRESSION,5,1,262,things like,textual,coefficient,0.15337339031560687,0.15337339031560687,positive,255,123,184
C_LOGISTIC_REGRESSION,5,1,129,improve,textual,coefficient,-0.15218186479746562,0.15218186479746562,negative,256,174,133
C_LOGISTIC_REGRESSION,5,1,123,highly,textual,coefficient,0.14807588977736405,0.14807588977736405,positive,257,124,183
C_LOGISTIC_REGRESSION,5,1,160,lot,textual,coefficient,0.14758119074589762,0.14758119074589762,positive,258,125,182
C_LOGISTIC_REGRESSION,5,1,83,emotions,textual,coefficient,-0.14658190321449494,0.14658190321449494,negative,259,173,134
C_LOGISTIC_REGRESSION,5,1,290,women,textual,coefficient,-0.14422758918372983,0.14422758918372983,negative,260,172,135
C_LOGISTIC_REGRESSION,5,1,20,affect,textual,coefficient,-0.14105060144112155,0.14105060144112155,negative,261,171,136
C_LOGISTIC_REGRESSION,5,1,240,strategies,textual,coefficient,-0.13849396782259335,0.13849396782259335,negative,262,170,137
C_LOGISTIC_REGRESSION,5,1,215,running,textual,coefficient,0.13593711273116763,0.13593711273116763,positive,263,126,181
C_LOGISTIC_REGRESSION,5,1,235,social,textual,coefficient,0.13232111047804124,0.13232111047804124,positive,264,127,180
C_LOGISTIC_REGRESSION,5,1,32,big,textual,coefficient,0.1306086603706812,0.1306086603706812,positive,265,128,179
C_LOGISTIC_REGRESSION,5,1,44,children,textual,coefficient,-0.12456354272277892,0.12456354272277892,negative,266,169,138
C_LOGISTIC_REGRESSION,5,1,184,oh,textual,coefficient,-0.12406125302254987,0.12406125302254987,negative,267,168,139
C_LOGISTIC_REGRESSION,5,1,132,inattentive,textual,coefficient,0.1213520050214559,0.1213520050214559,positive,268,129,178
C_LOGISTIC_REGRESSION,5,1,220,seen,textual,coefficient,0.1210022176636818,0.1210022176636818,positive,269,130,177
C_LOGISTIC_REGRESSION,5,1,37,called,textual,coefficient,-0.11842424874314594,0.11842424874314594,negative,270,167,140
C_LOGISTIC_REGRESSION,5,1,99,feeling,textual,coefficient,-0.10682951044230281,0.10682951044230281,negative,271,166,141
C_LOGISTIC_REGRESSION,5,1,180,music,textual,coefficient,0.10351489013351708,0.10351489013351708,positive,272,131,176
C_LOGISTIC_REGRESSION,5,1,39,certain,textual,coefficient,0.10131483649358587,0.10131483649358587,positive,273,132,175
C_LOGISTIC_REGRESSION,5,1,225,sensory,textual,coefficient,0.09261530294714523,0.09261530294714523,positive,274,133,174
C_LOGISTIC_REGRESSION,5,1,300,certainty_score,handcrafted_linguistic,coefficient,0.09036625825844209,0.09036625825844209,positive,275,134,173
C_LOGISTIC_REGRESSION,5,1,119,helpful,textual,coefficient,0.08248792193721546,0.08248792193721546,positive,276,135,172
C_LOGISTIC_REGRESSION,5,1,94,fact,textual,coefficient,0.08090012766582826,0.08090012766582826,positive,277,136,171
C_LOGISTIC_REGRESSION,5,1,205,real,textual,coefficient,0.08056674823500475,0.08056674823500475,positive,278,137,170
C_LOGISTIC_REGRESSION,5,1,164,make,textual,coefficient,0.07657203694484016,0.07657203694484016,positive,279,138,169
C_LOGISTIC_REGRESSION,5,1,248,sure,textual,coefficient,-0.06823937760642136,0.06823937760642136,negative,280,165,142
C_LOGISTIC_REGRESSION,5,1,140,just,textual,coefficient,-0.06643995742040482,0.06643995742040482,negative,281,164,143
C_LOGISTIC_REGRESSION,5,1,152,like,textual,coefficient,0.06516095963735662,0.06516095963735662,positive,282,139,168
C_LOGISTIC_REGRESSION,5,1,272,treating adhd,textual,coefficient,-0.06439747267206099,0.06439747267206099,negative,283,163,144
C_LOGISTIC_REGRESSION,5,1,264,thinking,textual,coefficient,0.05958493231610443,0.05958493231610443,positive,284,140,167
C_LOGISTIC_REGRESSION,5,1,278,types,textual,coefficient,0.05850670528499143,0.05850670528499143,positive,285,141,166
C_LOGISTIC_REGRESSION,5,1,186,options,textual,coefficient,-0.05765661461551407,0.05765661461551407,negative,286,162,145
C_LOGISTIC_REGRESSION,5,1,153,likely,textual,coefficient,-0.050942854745126415,0.050942854745126415,negative,287,161,146
C_LOGISTIC_REGRESSION,5,1,22,anger,textual,coefficient,-0.04997010648879136,0.04997010648879136,negative,288,160,147
C_LOGISTIC_REGRESSION,5,1,206,really,textual,coefficient,0.045851237386618025,0.045851237386618025,positive,289,142,165
C_LOGISTIC_REGRESSION,5,1,49,constantly,textual,coefficient,-0.04013795372538555,0.04013795372538555,negative,290,159,148
C_LOGISTIC_REGRESSION,5,1,38,care,textual,coefficient,-0.03835489715287705,0.03835489715287705,negative,291,158,149
C_LOGISTIC_REGRESSION,5,1,146,lack,textual,coefficient,0.035923061694052454,0.035923061694052454,positive,292,143,164
C_LOGISTIC_REGRESSION,5,1,166,makes,textual,coefficient,0.0359049201997612,0.0359049201997612,positive,293,144,163
C_LOGISTIC_REGRESSION,5,1,111,got,textual,coefficient,0.034247733704046254,0.034247733704046254,positive,294,145,162
C_LOGISTIC_REGRESSION,5,1,177,mind,textual,coefficient,-0.03123178000210705,0.03123178000210705,negative,295,157,150
C_LOGISTIC_REGRESSION,5,1,33,bit,textual,coefficient,0.02517756872624165,0.02517756872624165,positive,296,146,161
C_LOGISTIC_REGRESSION,5,1,305,duration_sec,engagement_or_format,coefficient,-0.025113545943194728,0.025113545943194728,negative,297,156,151
C_LOGISTIC_REGRESSION,5,1,207,recommend,textual,coefficient,-0.022887967766911384,0.022887967766911384,negative,298,155,152
C_LOGISTIC_REGRESSION,5,1,70,doing,textual,coefficient,-0.0204203033631681,0.0204203033631681,negative,299,154,153
C_LOGISTIC_REGRESSION,5,1,277,type,textual,coefficient,0.01858061266026563,0.01858061266026563,positive,300,147,160
C_LOGISTIC_REGRESSION,5,1,251,taking,textual,coefficient,-0.017381929300220193,0.017381929300220193,negative,301,153,154
C_LOGISTIC_REGRESSION,5,1,87,everybody,textual,coefficient,0.007348633915952717,0.007348633915952717,positive,302,148,159
C_LOGISTIC_REGRESSION,5,1,216,say,textual,coefficient,-0.003930209807694954,0.003930209807694954,negative,303,152,155
C_LOGISTIC_REGRESSION,5,1,122,higher,textual,coefficient,-0.003640191669336143,0.003640191669336143,negative,304,151,156
C_LOGISTIC_REGRESSION,5,1,167,making,textual,coefficient,0.0013340753612328432,0.0013340753612328432,positive,305,149,158
C_LOGISTIC_REGRESSION,5,1,192,person,textual,coefficient,0.0009195852697318651,0.0009195852697318651,positive,306,150,157
C_LOGISTIC_REGRESSION,5,2,173,medication,textual,coefficient,2.746856580568769,2.746856580568769,positive,1,1,306
C_LOGISTIC_REGRESSION,5,2,97,feel,textual,coefficient,-2.1374582762817944,2.1374582762817944,negative,2,306,1
C_LOGISTIC_REGRESSION,5,2,220,seen,textual,coefficient,2.134465594843194,2.134465594843194,positive,3,2,305
C_LOGISTIC_REGRESSION,5,2,279,uh,textual,coefficient,1.9309483380338623,1.9309483380338623,positive,4,3,304
C_LOGISTIC_REGRESSION,5,2,142,kid,textual,coefficient,1.8698029469618145,1.8698029469618145,positive,5,4,303
C_LOGISTIC_REGRESSION,5,2,120,helps,textual,coefficient,-1.8126801566234438,1.8126801566234438,negative,6,305,2
C_LOGISTIC_REGRESSION,5,2,138,issues,textual,coefficient,1.7406151885659287,1.7406151885659287,positive,7,5,302
C_LOGISTIC_REGRESSION,5,2,298,एक,textual,coefficient,1.5929608195295781,1.5929608195295781,positive,8,6,301
C_LOGISTIC_REGRESSION,5,2,28,autism,textual,coefficient,-1.5897989346790067,1.5897989346790067,negative,9,304,3
C_LOGISTIC_REGRESSION,5,2,61,different,textual,coefficient,1.5211223857387461,1.5211223857387461,positive,10,7,300
C_LOGISTIC_REGRESSION,5,2,126,hyperactivity,textual,coefficient,1.5132023887754193,1.5132023887754193,positive,11,8,299
C_LOGISTIC_REGRESSION,5,2,4,actually,textual,coefficient,1.4774819754081971,1.4774819754081971,positive,12,9,298
C_LOGISTIC_REGRESSION,5,2,292,works,textual,coefficient,-1.4354193882884114,1.4354193882884114,negative,13,303,4
C_LOGISTIC_REGRESSION,5,2,45,college,textual,coefficient,-1.414555649199442,1.414555649199442,negative,14,302,5
C_LOGISTIC_REGRESSION,5,2,103,food,textual,coefficient,1.4135148096834038,1.4135148096834038,positive,15,10,297
C_LOGISTIC_REGRESSION,5,2,149,let,textual,coefficient,1.4079013169991623,1.4079013169991623,positive,16,11,296
C_LOGISTIC_REGRESSION,5,2,242,struggle,textual,coefficient,-1.38253177749846,1.38253177749846,negative,17,301,6
C_LOGISTIC_REGRESSION,5,2,145,know,textual,coefficient,-1.3516385538133409,1.3516385538133409,negative,18,300,7
C_LOGISTIC_REGRESSION,5,2,237,stimulant,textual,coefficient,1.3457676469818018,1.3457676469818018,positive,19,12,295
C_LOGISTIC_REGRESSION,5,2,285,video,textual,coefficient,1.3343114269937373,1.3343114269937373,positive,20,13,294
C_LOGISTIC_REGRESSION,5,2,260,thing,textual,coefficient,-1.3256051072903288,1.3256051072903288,negative,21,299,8
C_LOGISTIC_REGRESSION,5,2,74,dr,textual,coefficient,1.325451444692711,1.325451444692711,positive,22,14,293
C_LOGISTIC_REGRESSION,5,2,85,energy,textual,coefficient,-1.316470641714269,1.316470641714269,negative,23,298,9
C_LOGISTIC_REGRESSION,5,2,101,focus,textual,coefficient,1.3039144384232508,1.3039144384232508,positive,24,15,292
C_LOGISTIC_REGRESSION,5,2,146,lack,textual,coefficient,1.279454630965581,1.279454630965581,positive,25,16,291
C_LOGISTIC_REGRESSION,5,2,254,task,textual,coefficient,1.2462642489680316,1.2462642489680316,positive,26,17,290
C_LOGISTIC_REGRESSION,5,2,31,better,textual,coefficient,-1.2355539873256633,1.2355539873256633,negative,27,297,10
C_LOGISTIC_REGRESSION,5,2,188,patients,textual,coefficient,1.2238627686198742,1.2238627686198742,positive,28,18,289
C_LOGISTIC_REGRESSION,5,2,297,इपर,textual,coefficient,1.2121811755229355,1.2121811755229355,positive,29,19,288
C_LOGISTIC_REGRESSION,5,2,75,drugs,textual,coefficient,-1.2062562951325526,1.2062562951325526,negative,30,296,11
C_LOGISTIC_REGRESSION,5,2,136,intense,textual,coefficient,1.204864177620229,1.204864177620229,positive,31,20,287
C_LOGISTIC_REGRESSION,5,2,224,sensitivity,textual,coefficient,1.2044318293481215,1.2044318293481215,positive,32,21,286
C_LOGISTIC_REGRESSION,5,2,165,make sure,textual,coefficient,1.18952275388909,1.18952275388909,positive,33,22,285
C_LOGISTIC_REGRESSION,5,2,73,dopamine,textual,coefficient,-1.1639058872114207,1.1639058872114207,negative,34,295,12
C_LOGISTIC_REGRESSION,5,2,184,oh,textual,coefficient,1.1428080686515882,1.1428080686515882,positive,35,23,284
C_LOGISTIC_REGRESSION,5,2,62,differently,textual,coefficient,1.13781120491949,1.13781120491949,positive,36,24,283
C_LOGISTIC_REGRESSION,5,2,201,problems,textual,coefficient,-1.1261174247917254,1.1261174247917254,negative,37,294,13
C_LOGISTIC_REGRESSION,5,2,239,stop,textual,coefficient,-1.1103244957191991,1.1103244957191991,negative,38,293,14
C_LOGISTIC_REGRESSION,5,2,261,things,textual,coefficient,-1.0975250032336983,1.0975250032336983,negative,39,292,15
C_LOGISTIC_REGRESSION,5,2,80,eating,textual,coefficient,1.0955527777410647,1.0955527777410647,positive,40,25,282
C_LOGISTIC_REGRESSION,5,2,67,doctor,textual,coefficient,1.0894724488846645,1.0894724488846645,positive,41,26,281
C_LOGISTIC_REGRESSION,5,2,123,highly,textual,coefficient,-1.076709946995092,1.076709946995092,negative,42,291,16
C_LOGISTIC_REGRESSION,5,2,280,um,textual,coefficient,1.0626786795025414,1.0626786795025414,positive,43,27,280
C_LOGISTIC_REGRESSION,5,2,218,school,textual,coefficient,-1.054851319238411,1.054851319238411,negative,44,290,17
C_LOGISTIC_REGRESSION,5,2,208,reduce,textual,coefficient,-1.0520789617742667,1.0520789617742667,negative,45,289,18
C_LOGISTIC_REGRESSION,5,2,58,did,textual,coefficient,-1.0413149865444808,1.0413149865444808,negative,46,288,19
C_LOGISTIC_REGRESSION,5,2,68,does,textual,coefficient,-1.0340856116103347,1.0340856116103347,negative,47,287,20
C_LOGISTIC_REGRESSION,5,2,304,views,engagement_or_format,coefficient,1.026808368818427,1.026808368818427,positive,48,28,279
C_LOGISTIC_REGRESSION,5,2,53,deficit,textual,coefficient,1.0170241445083223,1.0170241445083223,positive,49,29,278
C_LOGISTIC_REGRESSION,5,2,258,term,textual,coefficient,-1.0168257845946607,1.0168257845946607,negative,50,286,21
C_LOGISTIC_REGRESSION,5,2,233,sleep,textual,coefficient,-1.0139622139704416,1.0139622139704416,negative,51,285,22
C_LOGISTIC_REGRESSION,5,2,163,low,textual,coefficient,-0.9955553104325279,0.9955553104325279,negative,52,284,23
C_LOGISTIC_REGRESSION,5,2,269,treat,textual,coefficient,-0.9771281574595646,0.9771281574595646,negative,53,283,24
C_LOGISTIC_REGRESSION,5,2,274,trouble,textual,coefficient,-0.976360058349054,0.976360058349054,negative,54,282,25
C_LOGISTIC_REGRESSION,5,2,71,don,textual,coefficient,0.9686327948067979,0.9686327948067979,positive,55,30,277
C_LOGISTIC_REGRESSION,5,2,154,little,textual,coefficient,0.9663411922304791,0.9663411922304791,positive,56,31,276
C_LOGISTIC_REGRESSION,5,2,82,emotional,textual,coefficient,-0.9599827163562183,0.9599827163562183,negative,57,281,26
C_LOGISTIC_REGRESSION,5,2,191,people adhd,textual,coefficient,0.9420376198445516,0.9420376198445516,positive,58,32,275
C_LOGISTIC_REGRESSION,5,2,238,stimulants,textual,coefficient,0.9285624383875467,0.9285624383875467,positive,59,33,274
C_LOGISTIC_REGRESSION,5,2,107,getting,textual,coefficient,0.9197519575417714,0.9197519575417714,positive,60,34,273
C_LOGISTIC_REGRESSION,5,2,27,audhd,textual,coefficient,-0.9169380127407435,0.9169380127407435,negative,61,280,27
C_LOGISTIC_REGRESSION,5,2,37,called,textual,coefficient,-0.9042379430123043,0.9042379430123043,negative,62,279,28
C_LOGISTIC_REGRESSION,5,2,281,understand,textual,coefficient,0.8998793994504762,0.8998793994504762,positive,63,35,272
C_LOGISTIC_REGRESSION,5,2,271,treating,textual,coefficient,-0.8979324926394457,0.8979324926394457,negative,64,278,29
C_LOGISTIC_REGRESSION,5,2,175,meds,textual,coefficient,-0.8941487512425412,0.8941487512425412,negative,65,277,30
C_LOGISTIC_REGRESSION,5,2,248,sure,textual,coefficient,0.8851626222812273,0.8851626222812273,positive,66,36,271
C_LOGISTIC_REGRESSION,5,2,54,depression,textual,coefficient,0.8774306997815173,0.8774306997815173,positive,67,37,270
C_LOGISTIC_REGRESSION,5,2,135,instead,textual,coefficient,0.8769401400335183,0.8769401400335183,positive,68,38,269
C_LOGISTIC_REGRESSION,5,2,257,tend,textual,coefficient,0.8696079123989173,0.8696079123989173,positive,69,39,268
C_LOGISTIC_REGRESSION,5,2,161,lots,textual,coefficient,-0.8519936641713955,0.8519936641713955,negative,70,276,31
C_LOGISTIC_REGRESSION,5,2,150,levels,textual,coefficient,-0.8512995940932426,0.8512995940932426,negative,71,275,32
C_LOGISTIC_REGRESSION,5,2,19,adults,textual,coefficient,-0.8438136665697058,0.8438136665697058,negative,72,274,33
C_LOGISTIC_REGRESSION,5,2,91,experience,textual,coefficient,-0.8399518227487416,0.8399518227487416,negative,73,273,34
C_LOGISTIC_REGRESSION,5,2,108,girls,textual,coefficient,-0.8289540805891897,0.8289540805891897,negative,74,272,35
C_LOGISTIC_REGRESSION,5,2,87,everybody,textual,coefficient,-0.8247721941281349,0.8247721941281349,negative,75,271,36
C_LOGISTIC_REGRESSION,5,2,222,sense,textual,coefficient,-0.8233593549844631,0.8233593549844631,negative,76,270,37
C_LOGISTIC_REGRESSION,5,2,265,time,textual,coefficient,0.8219811427197073,0.8219811427197073,positive,77,40,267
C_LOGISTIC_REGRESSION,5,2,98,feel like,textual,coefficient,-0.8186087348511034,0.8186087348511034,negative,78,269,38
C_LOGISTIC_REGRESSION,5,2,192,person,textual,coefficient,-0.8175688420721745,0.8175688420721745,negative,79,268,39
C_LOGISTIC_REGRESSION,5,2,250,symptoms adhd,textual,coefficient,0.8072156268058739,0.8072156268058739,positive,80,41,266
C_LOGISTIC_REGRESSION,5,2,23,answer,textual,coefficient,-0.8059308498861479,0.8059308498861479,negative,81,267,40
C_LOGISTIC_REGRESSION,5,2,95,family,textual,coefficient,-0.8003069321005849,0.8003069321005849,negative,82,266,41
C_LOGISTIC_REGRESSION,5,2,162,love,textual,coefficient,-0.7670204648130297,0.7670204648130297,negative,83,265,42
C_LOGISTIC_REGRESSION,5,2,231,signs adhd,textual,coefficient,-0.7601483769869366,0.7601483769869366,negative,84,264,43
C_LOGISTIC_REGRESSION,5,2,157,long term,textual,coefficient,-0.7593550627814926,0.7593550627814926,negative,85,263,44
C_LOGISTIC_REGRESSION,5,2,57,diagnostic,textual,coefficient,0.7567301500891538,0.7567301500891538,positive,86,42,265
C_LOGISTIC_REGRESSION,5,2,156,long,textual,coefficient,-0.7554684703112099,0.7554684703112099,negative,87,262,45
C_LOGISTIC_REGRESSION,5,2,34,body,textual,coefficient,-0.7538333455580848,0.7538333455580848,negative,88,261,46
C_LOGISTIC_REGRESSION,5,2,151,life,textual,coefficient,-0.7534548654040732,0.7534548654040732,negative,89,260,47
C_LOGISTIC_REGRESSION,5,2,18,adult,textual,coefficient,-0.7490641872104286,0.7490641872104286,negative,90,259,48
C_LOGISTIC_REGRESSION,5,2,253,talking,textual,coefficient,0.7458411638786671,0.7458411638786671,positive,91,43,264
C_LOGISTIC_REGRESSION,5,2,22,anger,textual,coefficient,-0.7434138159121294,0.7434138159121294,negative,92,258,49
C_LOGISTIC_REGRESSION,5,2,55,diagnosed,textual,coefficient,0.7412623079750308,0.7412623079750308,positive,93,44,263
C_LOGISTIC_REGRESSION,5,2,147,late,textual,coefficient,-0.7387229080094798,0.7387229080094798,negative,94,257,50
C_LOGISTIC_REGRESSION,5,2,263,think,textual,coefficient,-0.736072224636174,0.736072224636174,negative,95,256,51
C_LOGISTIC_REGRESSION,5,2,293,world,textual,coefficient,-0.7317694254903347,0.7317694254903347,negative,96,255,52
C_LOGISTIC_REGRESSION,5,2,291,work,textual,coefficient,-0.7208804769529231,0.7208804769529231,negative,97,254,53
C_LOGISTIC_REGRESSION,5,2,259,therapy,textual,coefficient,0.7178868295308548,0.7178868295308548,positive,98,45,262
C_LOGISTIC_REGRESSION,5,2,302,likes,engagement_or_format,coefficient,-0.7141014863129559,0.7141014863129559,negative,99,253,54
C_LOGISTIC_REGRESSION,5,2,277,type,textual,coefficient,0.7067246279502071,0.7067246279502071,positive,100,46,261
C_LOGISTIC_REGRESSION,5,2,213,remember,textual,coefficient,0.7001759688825865,0.7001759688825865,positive,101,47,260
C_LOGISTIC_REGRESSION,5,2,111,got,textual,coefficient,-0.6999429201580804,0.6999429201580804,negative,102,252,55
C_LOGISTIC_REGRESSION,5,2,246,supplements,textual,coefficient,-0.6959658281667903,0.6959658281667903,negative,103,251,56
C_LOGISTIC_REGRESSION,5,2,46,come,textual,coefficient,-0.6921873920335174,0.6921873920335174,negative,104,250,57
C_LOGISTIC_REGRESSION,5,2,114,harder,textual,coefficient,-0.6911298771133522,0.6911298771133522,negative,105,249,58
C_LOGISTIC_REGRESSION,5,2,7,adhd,textual,coefficient,-0.6904749675673745,0.6904749675673745,negative,106,248,59
C_LOGISTIC_REGRESSION,5,2,20,affect,textual,coefficient,0.6879586871811553,0.6879586871811553,positive,107,48,259
C_LOGISTIC_REGRESSION,5,2,272,treating adhd,textual,coefficient,-0.6819003827301138,0.6819003827301138,negative,108,247,60
C_LOGISTIC_REGRESSION,5,2,268,trauma,textual,coefficient,-0.6802884502634146,0.6802884502634146,negative,109,246,61
C_LOGISTIC_REGRESSION,5,2,236,start,textual,coefficient,0.6796716993695159,0.6796716993695159,positive,110,49,258
C_LOGISTIC_REGRESSION,5,2,305,duration_sec,engagement_or_format,coefficient,0.679566361885583,0.679566361885583,positive,111,50,257
C_LOGISTIC_REGRESSION,5,2,137,isn,textual,coefficient,-0.6725308283147025,0.6725308283147025,negative,112,245,62
C_LOGISTIC_REGRESSION,5,2,216,say,textual,coefficient,-0.670513717375782,0.670513717375782,negative,113,244,63
C_LOGISTIC_REGRESSION,5,2,106,friend,textual,coefficient,-0.6698543514475883,0.6698543514475883,negative,114,243,64
C_LOGISTIC_REGRESSION,5,2,128,important,textual,coefficient,-0.6661410884175746,0.6661410884175746,negative,115,242,65
C_LOGISTIC_REGRESSION,5,2,60,difference,textual,coefficient,-0.6649866314113964,0.6649866314113964,negative,116,241,66
C_LOGISTIC_REGRESSION,5,2,118,help,textual,coefficient,-0.6510450438890281,0.6510450438890281,negative,117,240,67
C_LOGISTIC_REGRESSION,5,2,9,adhd autism,textual,coefficient,-0.645401367343342,0.645401367343342,negative,118,239,68
C_LOGISTIC_REGRESSION,5,2,51,criteria,textual,coefficient,0.6431215045168951,0.6431215045168951,positive,119,51,256
C_LOGISTIC_REGRESSION,5,2,252,talk,textual,coefficient,0.6285875865001194,0.6285875865001194,positive,120,52,255
C_LOGISTIC_REGRESSION,5,2,121,high,textual,coefficient,-0.6277365884781911,0.6277365884781911,negative,121,238,69
C_LOGISTIC_REGRESSION,5,2,24,answer sep,textual,coefficient,-0.6273272647200769,0.6273272647200769,negative,122,237,70
C_LOGISTIC_REGRESSION,5,2,287,want,textual,coefficient,0.624040212709685,0.624040212709685,positive,123,53,254
C_LOGISTIC_REGRESSION,5,2,166,makes,textual,coefficient,-0.6217839514749093,0.6217839514749093,negative,124,236,71
C_LOGISTIC_REGRESSION,5,2,113,hard,textual,coefficient,-0.6215534920667819,0.6215534920667819,negative,125,235,72
C_LOGISTIC_REGRESSION,5,2,234,small,textual,coefficient,0.621333113729417,0.621333113729417,positive,126,54,253
C_LOGISTIC_REGRESSION,5,2,202,psychiatrist,textual,coefficient,-0.6111139328979164,0.6111139328979164,negative,127,234,73
C_LOGISTIC_REGRESSION,5,2,93,experts answer,textual,coefficient,-0.6081398868584925,0.6081398868584925,negative,128,233,74
C_LOGISTIC_REGRESSION,5,2,266,times,textual,coefficient,0.5892059966157341,0.5892059966157341,positive,129,55,252
C_LOGISTIC_REGRESSION,5,2,278,types,textual,coefficient,0.5869455648757791,0.5869455648757791,positive,130,56,251
C_LOGISTIC_REGRESSION,5,2,69,doesn,textual,coefficient,-0.5823176415289028,0.5823176415289028,negative,131,232,75
C_LOGISTIC_REGRESSION,5,2,296,years,textual,coefficient,-0.5769578667720705,0.5769578667720705,negative,132,231,76
C_LOGISTIC_REGRESSION,5,2,244,study,textual,coefficient,-0.5676352919864737,0.5676352919864737,negative,133,230,77
C_LOGISTIC_REGRESSION,5,2,140,just,textual,coefficient,-0.5665473916140514,0.5665473916140514,negative,134,229,78
C_LOGISTIC_REGRESSION,5,2,52,day,textual,coefficient,-0.5631698102933315,0.5631698102933315,negative,135,228,79
C_LOGISTIC_REGRESSION,5,2,116,health,textual,coefficient,-0.555366912720892,0.555366912720892,negative,136,227,80
C_LOGISTIC_REGRESSION,5,2,158,look,textual,coefficient,0.5523612296490304,0.5523612296490304,positive,137,57,250
C_LOGISTIC_REGRESSION,5,2,164,make,textual,coefficient,0.5480589845627812,0.5480589845627812,positive,138,58,249
C_LOGISTIC_REGRESSION,5,2,223,sensitive,textual,coefficient,-0.5479460881769416,0.5479460881769416,negative,139,226,81
C_LOGISTIC_REGRESSION,5,2,288,way,textual,coefficient,0.5413157604030132,0.5413157604030132,positive,140,59,248
C_LOGISTIC_REGRESSION,5,2,152,like,textual,coefficient,0.5410648267854822,0.5410648267854822,positive,141,60,247
C_LOGISTIC_REGRESSION,5,2,153,likely,textual,coefficient,0.537708637588725,0.537708637588725,positive,142,61,246
C_LOGISTIC_REGRESSION,5,2,42,check,textual,coefficient,-0.5349560640295211,0.5349560640295211,negative,143,225,82
C_LOGISTIC_REGRESSION,5,2,232,sit,textual,coefficient,0.5340618661158741,0.5340618661158741,positive,144,62,245
C_LOGISTIC_REGRESSION,5,2,94,fact,textual,coefficient,0.5336607311276964,0.5336607311276964,positive,145,63,244
C_LOGISTIC_REGRESSION,5,2,5,add,textual,coefficient,-0.5223265015126205,0.5223265015126205,negative,146,224,83
C_LOGISTIC_REGRESSION,5,2,79,eat,textual,coefficient,0.5157858127778375,0.5157858127778375,positive,147,64,243
C_LOGISTIC_REGRESSION,5,2,10,adhd brain,textual,coefficient,0.5120474292224921,0.5120474292224921,positive,148,65,242
C_LOGISTIC_REGRESSION,5,2,172,means,textual,coefficient,0.5091611180703636,0.5091611180703636,positive,149,66,241
C_LOGISTIC_REGRESSION,5,2,70,doing,textual,coefficient,0.5059087309099838,0.5059087309099838,positive,150,67,240
C_LOGISTIC_REGRESSION,5,2,180,music,textual,coefficient,0.5011230132784807,0.5011230132784807,positive,151,68,239
C_LOGISTIC_REGRESSION,5,2,64,disorder,textual,coefficient,0.4966005710444584,0.4966005710444584,positive,152,69,238
C_LOGISTIC_REGRESSION,5,2,124,home,textual,coefficient,-0.49466549531859316,0.49466549531859316,negative,153,223,84
C_LOGISTIC_REGRESSION,5,2,289,ways,textual,coefficient,-0.4945874110806675,0.4945874110806675,negative,154,222,85
C_LOGISTIC_REGRESSION,5,2,83,emotions,textual,coefficient,0.49246724814685866,0.49246724814685866,positive,155,70,237
C_LOGISTIC_REGRESSION,5,2,203,psychologist,textual,coefficient,-0.48518229159446796,0.48518229159446796,negative,156,221,86
C_LOGISTIC_REGRESSION,5,2,76,dysfunction,textual,coefficient,0.4827865142183273,0.4827865142183273,positive,157,71,236
C_LOGISTIC_REGRESSION,5,2,134,information,textual,coefficient,-0.48190218135206503,0.48190218135206503,negative,158,220,87
C_LOGISTIC_REGRESSION,5,2,119,helpful,textual,coefficient,-0.48164950902074244,0.48164950902074244,negative,159,219,88
C_LOGISTIC_REGRESSION,5,2,100,feelings,textual,coefficient,0.48045245347980475,0.48045245347980475,positive,160,72,235
C_LOGISTIC_REGRESSION,5,2,21,affects,textual,coefficient,0.4785032656043507,0.4785032656043507,positive,161,73,234
C_LOGISTIC_REGRESSION,5,2,170,maybe,textual,coefficient,-0.4773949121964193,0.4773949121964193,negative,162,218,89
C_LOGISTIC_REGRESSION,5,2,186,options,textual,coefficient,0.4743871187229582,0.4743871187229582,positive,163,74,233
C_LOGISTIC_REGRESSION,5,2,86,especially,textual,coefficient,0.47367024498153404,0.47367024498153404,positive,164,75,232
C_LOGISTIC_REGRESSION,5,2,230,signs,textual,coefficient,-0.4710392175595272,0.4710392175595272,negative,165,217,90
C_LOGISTIC_REGRESSION,5,2,212,relationships,textual,coefficient,-0.4657143383476493,0.4657143383476493,negative,166,216,91
C_LOGISTIC_REGRESSION,5,2,284,ve,textual,coefficient,-0.4655380853915408,0.4655380853915408,negative,167,215,92
C_LOGISTIC_REGRESSION,5,2,178,motivation,textual,coefficient,0.4653091358394338,0.4653091358394338,positive,168,76,231
C_LOGISTIC_REGRESSION,5,2,221,self,textual,coefficient,0.4630267389903224,0.4630267389903224,positive,169,77,230
C_LOGISTIC_REGRESSION,5,2,110,good,textual,coefficient,0.4619181157213134,0.4619181157213134,positive,170,78,229
C_LOGISTIC_REGRESSION,5,2,109,going,textual,coefficient,-0.45154924146063113,0.45154924146063113,negative,171,214,93
C_LOGISTIC_REGRESSION,5,2,148,lead,textual,coefficient,0.4504485151570121,0.4504485151570121,positive,172,79,228
C_LOGISTIC_REGRESSION,5,2,40,challenges,textual,coefficient,-0.445980746949128,0.445980746949128,negative,173,213,94
C_LOGISTIC_REGRESSION,5,2,15,adhd symptoms,textual,coefficient,-0.4406314535870378,0.4406314535870378,negative,174,212,95
C_LOGISTIC_REGRESSION,5,2,139,job,textual,coefficient,0.43239195751978027,0.43239195751978027,positive,175,80,227
C_LOGISTIC_REGRESSION,5,2,204,quickly,textual,coefficient,-0.42528267861458957,0.42528267861458957,negative,176,211,96
C_LOGISTIC_REGRESSION,5,2,39,certain,textual,coefficient,-0.42445145519524297,0.42445145519524297,negative,177,210,97
C_LOGISTIC_REGRESSION,5,2,2,absolutely,textual,coefficient,-0.41640894980549836,0.41640894980549836,negative,178,209,98
C_LOGISTIC_REGRESSION,5,2,17,adhders,textual,coefficient,-0.4157782783234665,0.4157782783234665,negative,179,208,99
C_LOGISTIC_REGRESSION,5,2,167,making,textual,coefficient,0.41379049115270294,0.41379049115270294,positive,180,81,226
C_LOGISTIC_REGRESSION,5,2,219,second,textual,coefficient,-0.40581886886805313,0.40581886886805313,negative,181,207,100
C_LOGISTIC_REGRESSION,5,2,44,children,textual,coefficient,-0.40442827350025495,0.40442827350025495,negative,182,206,101
C_LOGISTIC_REGRESSION,5,2,65,disorders,textual,coefficient,-0.4013696610540085,0.4013696610540085,negative,183,205,102
C_LOGISTIC_REGRESSION,5,2,225,sensory,textual,coefficient,0.40046725206379297,0.40046725206379297,positive,184,82,225
C_LOGISTIC_REGRESSION,5,2,199,probably,textual,coefficient,0.3999873504841606,0.3999873504841606,positive,185,83,224
C_LOGISTIC_REGRESSION,5,2,256,tell,textual,coefficient,0.3938725198864486,0.3938725198864486,positive,186,84,223
C_LOGISTIC_REGRESSION,5,2,174,medications,textual,coefficient,0.3904088685393717,0.3904088685393717,positive,187,85,222
C_LOGISTIC_REGRESSION,5,2,300,certainty_score,handcrafted_linguistic,coefficient,-0.3883619213733982,0.3883619213733982,negative,188,204,103
C_LOGISTIC_REGRESSION,5,2,125,hyperactive,textual,coefficient,-0.38524302418938383,0.38524302418938383,negative,189,203,104
C_LOGISTIC_REGRESSION,5,2,30,behavior,textual,coefficient,0.3840019629808243,0.3840019629808243,positive,190,86,221
C_LOGISTIC_REGRESSION,5,2,267,traits,textual,coefficient,0.38033451828797854,0.38033451828797854,positive,191,87,220
C_LOGISTIC_REGRESSION,5,2,255,tasks,textual,coefficient,0.3770331146477652,0.3770331146477652,positive,192,88,219
C_LOGISTIC_REGRESSION,5,2,26,attention,textual,coefficient,-0.37631003241093586,0.37631003241093586,negative,193,202,105
C_LOGISTIC_REGRESSION,5,2,187,overwhelmed,textual,coefficient,-0.37625116376806395,0.37625116376806395,negative,194,201,106
C_LOGISTIC_REGRESSION,5,2,47,comes,textual,coefficient,0.37269633289315346,0.37269633289315346,positive,195,89,218
C_LOGISTIC_REGRESSION,5,2,282,use,textual,coefficient,0.3689695481729675,0.3689695481729675,positive,196,90,217
C_LOGISTIC_REGRESSION,5,2,41,changes,textual,coefficient,-0.3679244720544353,0.3679244720544353,negative,197,200,107
C_LOGISTIC_REGRESSION,5,2,228,shorts,textual,coefficient,-0.3499495452013818,0.3499495452013818,negative,198,199,108
C_LOGISTIC_REGRESSION,5,2,160,lot,textual,coefficient,0.3405630049015565,0.3405630049015565,positive,199,91,216
C_LOGISTIC_REGRESSION,5,2,217,saying,textual,coefficient,-0.3397332643449009,0.3397332643449009,negative,200,198,109
C_LOGISTIC_REGRESSION,5,2,189,pay,textual,coefficient,-0.3394883925776626,0.3394883925776626,negative,201,197,110
C_LOGISTIC_REGRESSION,5,2,77,early,textual,coefficient,-0.33805840758586214,0.33805840758586214,negative,202,196,111
C_LOGISTIC_REGRESSION,5,2,96,fast,textual,coefficient,0.3354549747831702,0.3354549747831702,positive,203,92,215
C_LOGISTIC_REGRESSION,5,2,235,social,textual,coefficient,-0.3298785943320556,0.3298785943320556,negative,204,195,112
C_LOGISTIC_REGRESSION,5,2,243,struggling,textual,coefficient,0.3294065287238614,0.3294065287238614,positive,205,93,214
C_LOGISTIC_REGRESSION,5,2,13,adhd real,textual,coefficient,-0.32651899897206427,0.32651899897206427,negative,206,194,113
C_LOGISTIC_REGRESSION,5,2,275,try,textual,coefficient,0.32477882542715497,0.32477882542715497,positive,207,94,213
C_LOGISTIC_REGRESSION,5,2,12,adhd medication,textual,coefficient,-0.32429674626282046,0.32429674626282046,negative,208,193,114
C_LOGISTIC_REGRESSION,5,2,6,adderall,textual,coefficient,0.3239563735330281,0.3239563735330281,positive,209,95,212
C_LOGISTIC_REGRESSION,5,2,131,impulsivity,textual,coefficient,-0.3217789497504161,0.3217789497504161,negative,210,192,115
C_LOGISTIC_REGRESSION,5,2,25,anxiety,textual,coefficient,0.31628246710968067,0.31628246710968067,positive,211,96,211
C_LOGISTIC_REGRESSION,5,2,270,treated,textual,coefficient,0.3135020094604197,0.3135020094604197,positive,212,97,210
C_LOGISTIC_REGRESSION,5,2,214,right,textual,coefficient,0.31286557546776894,0.31286557546776894,positive,213,98,209
C_LOGISTIC_REGRESSION,5,2,207,recommend,textual,coefficient,-0.31098215036590643,0.31098215036590643,negative,214,191,116
C_LOGISTIC_REGRESSION,5,2,8,adhd adhd,textual,coefficient,0.3105932437854368,0.3105932437854368,positive,215,99,208
C_LOGISTIC_REGRESSION,5,2,229,shown,textual,coefficient,-0.30194051816213396,0.30194051816213396,negative,216,190,117
C_LOGISTIC_REGRESSION,5,2,90,exercise,textual,coefficient,-0.2992042757711323,0.2992042757711323,negative,217,189,118
C_LOGISTIC_REGRESSION,5,2,155,ll,textual,coefficient,0.2915979315090888,0.2915979315090888,positive,218,100,207
C_LOGISTIC_REGRESSION,5,2,171,mean,textual,coefficient,0.2904213066575378,0.2904213066575378,positive,219,101,206
C_LOGISTIC_REGRESSION,5,2,290,women,textual,coefficient,-0.2795970758233788,0.2795970758233788,negative,220,188,119
C_LOGISTIC_REGRESSION,5,2,92,experts,textual,coefficient,-0.27926174964951117,0.27926174964951117,negative,221,187,120
C_LOGISTIC_REGRESSION,5,2,226,sep,textual,coefficient,-0.2786646961333804,0.2786646961333804,negative,222,186,121
C_LOGISTIC_REGRESSION,5,2,185,okay,textual,coefficient,0.2638804121973228,0.2638804121973228,positive,223,102,205
C_LOGISTIC_REGRESSION,5,2,227,sep adhd,textual,coefficient,-0.263212274057353,0.263212274057353,negative,224,185,122
C_LOGISTIC_REGRESSION,5,2,169,management,textual,coefficient,-0.26229157737227143,0.26229157737227143,negative,225,184,123
C_LOGISTIC_REGRESSION,5,2,1,able,textual,coefficient,-0.25807514184528285,0.25807514184528285,negative,226,183,124
C_LOGISTIC_REGRESSION,5,2,72,don know,textual,coefficient,-0.25708092252019,0.25708092252019,negative,227,182,125
C_LOGISTIC_REGRESSION,5,2,301,hedge_score,handcrafted_linguistic,coefficient,0.2569943228578411,0.2569943228578411,positive,228,103,204
C_LOGISTIC_REGRESSION,5,2,129,improve,textual,coefficient,0.2541908797838901,0.2541908797838901,positive,229,104,203
C_LOGISTIC_REGRESSION,5,2,286,wait,textual,coefficient,0.2517545968633304,0.2517545968633304,positive,230,105,202
C_LOGISTIC_REGRESSION,5,2,127,impact,textual,coefficient,0.24869212143180613,0.24869212143180613,positive,231,106,201
C_LOGISTIC_REGRESSION,5,2,190,people,textual,coefficient,-0.2442444393241785,0.2442444393241785,negative,232,181,126
C_LOGISTIC_REGRESSION,5,2,181,need,textual,coefficient,0.24326124906151242,0.24326124906151242,positive,233,107,200
C_LOGISTIC_REGRESSION,5,2,240,strategies,textual,coefficient,-0.24321663926664977,0.24321663926664977,negative,234,180,127
C_LOGISTIC_REGRESSION,5,2,299,एड,textual,coefficient,-0.23749539914972953,0.23749539914972953,negative,235,179,128
C_LOGISTIC_REGRESSION,5,2,59,diet,textual,coefficient,-0.23737159776255112,0.23737159776255112,negative,236,178,129
C_LOGISTIC_REGRESSION,5,2,29,autistic,textual,coefficient,-0.229518961607295,0.229518961607295,negative,237,177,130
C_LOGISTIC_REGRESSION,5,2,209,regulation,textual,coefficient,0.2267901000816983,0.2267901000816983,positive,238,108,199
C_LOGISTIC_REGRESSION,5,2,197,poor,textual,coefficient,-0.22294787294307167,0.22294787294307167,negative,239,176,131
C_LOGISTIC_REGRESSION,5,2,283,usually,textual,coefficient,-0.22245132182757132,0.22245132182757132,negative,240,175,132
C_LOGISTIC_REGRESSION,5,2,122,higher,textual,coefficient,-0.21882085598089318,0.21882085598089318,negative,241,174,133
C_LOGISTIC_REGRESSION,5,2,117,hear,textual,coefficient,-0.2154985898462638,0.2154985898462638,negative,242,173,134
C_LOGISTIC_REGRESSION,5,2,182,non,textual,coefficient,0.208479618785502,0.208479618785502,positive,243,109,198
C_LOGISTIC_REGRESSION,5,2,43,child,textual,coefficient,-0.19755455109546285,0.19755455109546285,negative,244,172,135
C_LOGISTIC_REGRESSION,5,2,104,foods,textual,coefficient,-0.19029420512048806,0.19029420512048806,negative,245,171,136
C_LOGISTIC_REGRESSION,5,2,245,sugar,textual,coefficient,-0.1873597202825372,0.1873597202825372,negative,246,170,137
C_LOGISTIC_REGRESSION,5,2,183,number,textual,coefficient,0.1864277211850927,0.1864277211850927,positive,247,110,197
C_LOGISTIC_REGRESSION,5,2,215,running,textual,coefficient,-0.18487299637121224,0.18487299637121224,negative,248,169,138
C_LOGISTIC_REGRESSION,5,2,205,real,textual,coefficient,-0.18425599848637725,0.18425599848637725,negative,249,168,139
C_LOGISTIC_REGRESSION,5,2,130,impulsive,textual,coefficient,0.18216943166220143,0.18216943166220143,positive,250,111,196
C_LOGISTIC_REGRESSION,5,2,143,kids,textual,coefficient,0.178847155314603,0.178847155314603,positive,251,112,195
C_LOGISTIC_REGRESSION,5,2,105,forget,textual,coefficient,-0.17752363764500764,0.17752363764500764,negative,252,167,140
C_LOGISTIC_REGRESSION,5,2,194,physical,textual,coefficient,-0.17231675656840398,0.17231675656840398,negative,253,166,141
C_LOGISTIC_REGRESSION,5,2,133,increase,textual,coefficient,0.1719653776095862,0.1719653776095862,positive,254,113,194
C_LOGISTIC_REGRESSION,5,2,141,key,textual,coefficient,0.1709153083157791,0.1709153083157791,positive,255,114,193
C_LOGISTIC_REGRESSION,5,2,241,structure,textual,coefficient,-0.1690945671866345,0.1690945671866345,negative,256,165,142
C_LOGISTIC_REGRESSION,5,2,211,rejection sensitivity,textual,coefficient,-0.1685995100552601,0.1685995100552601,negative,257,164,143
C_LOGISTIC_REGRESSION,5,2,144,kind,textual,coefficient,0.16455391241097897,0.16455391241097897,positive,258,115,192
C_LOGISTIC_REGRESSION,5,2,159,looking,textual,coefficient,-0.16234111754058247,0.16234111754058247,negative,259,163,144
C_LOGISTIC_REGRESSION,5,2,14,adhd sep,textual,coefficient,-0.1606609370339575,0.1606609370339575,negative,260,162,145
C_LOGISTIC_REGRESSION,5,2,177,mind,textual,coefficient,0.14267713170287558,0.14267713170287558,positive,261,116,191
C_LOGISTIC_REGRESSION,5,2,84,end,textual,coefficient,0.13866902368234432,0.13866902368234432,positive,262,117,190
C_LOGISTIC_REGRESSION,5,2,99,feeling,textual,coefficient,0.13803352760804236,0.13803352760804236,positive,263,118,189
C_LOGISTIC_REGRESSION,5,2,176,mental,textual,coefficient,0.13732969876143136,0.13732969876143136,positive,264,119,188
C_LOGISTIC_REGRESSION,5,2,198,potential,textual,coefficient,-0.1367937894719221,0.1367937894719221,negative,265,161,146
C_LOGISTIC_REGRESSION,5,2,11,adhd diagnosis,textual,coefficient,0.13460119998968187,0.13460119998968187,positive,266,120,187
C_LOGISTIC_REGRESSION,5,2,112,happens,textual,coefficient,0.13209382744551196,0.13209382744551196,positive,267,121,186
C_LOGISTIC_REGRESSION,5,2,16,adhd women,textual,coefficient,0.12178371840682889,0.12178371840682889,positive,268,122,185
C_LOGISTIC_REGRESSION,5,2,56,diagnosis,textual,coefficient,0.11944982355183363,0.11944982355183363,positive,269,123,184
C_LOGISTIC_REGRESSION,5,2,0,10,textual,coefficient,-0.11864211998950237,0.11864211998950237,negative,270,160,147
C_LOGISTIC_REGRESSION,5,2,38,care,textual,coefficient,0.11771928073747376,0.11771928073747376,positive,271,124,183
C_LOGISTIC_REGRESSION,5,2,262,things like,textual,coefficient,0.11517456002449883,0.11517456002449883,positive,272,125,182
C_LOGISTIC_REGRESSION,5,2,179,moving,textual,coefficient,-0.10396746544934553,0.10396746544934553,negative,273,159,148
C_LOGISTIC_REGRESSION,5,2,115,having,textual,coefficient,0.10378443313842027,0.10378443313842027,positive,274,126,181
C_LOGISTIC_REGRESSION,5,2,36,brains,textual,coefficient,0.10334381512143963,0.10334381512143963,positive,275,127,180
C_LOGISTIC_REGRESSION,5,2,295,yeah,textual,coefficient,0.0920119233260991,0.0920119233260991,positive,276,128,179
C_LOGISTIC_REGRESSION,5,2,195,playing,textual,coefficient,0.08754013523455156,0.08754013523455156,positive,277,129,178
C_LOGISTIC_REGRESSION,5,2,89,executive,textual,coefficient,0.08657915001512638,0.08657915001512638,positive,278,130,177
C_LOGISTIC_REGRESSION,5,2,132,inattentive,textual,coefficient,-0.08648024840565746,0.08648024840565746,negative,279,158,149
C_LOGISTIC_REGRESSION,5,2,63,difficulty,textual,coefficient,-0.08574297435289187,0.08574297435289187,negative,280,157,150
C_LOGISTIC_REGRESSION,5,2,251,taking,textual,coefficient,-0.07984724072824438,0.07984724072824438,negative,281,156,151
C_LOGISTIC_REGRESSION,5,2,200,problem,textual,coefficient,0.07377559873981107,0.07377559873981107,positive,282,131,176
C_LOGISTIC_REGRESSION,5,2,168,manage,textual,coefficient,0.06784682647015387,0.06784682647015387,positive,283,132,175
C_LOGISTIC_REGRESSION,5,2,49,constantly,textual,coefficient,-0.06539914821860941,0.06539914821860941,negative,284,155,152
C_LOGISTIC_REGRESSION,5,2,50,control,textual,coefficient,0.05854263979746133,0.05854263979746133,positive,285,133,174
C_LOGISTIC_REGRESSION,5,2,33,bit,textual,coefficient,0.05803185396407834,0.05803185396407834,positive,286,134,173
C_LOGISTIC_REGRESSION,5,2,294,worse,textual,coefficient,0.0543033231092443,0.0543033231092443,positive,287,135,172
C_LOGISTIC_REGRESSION,5,2,276,trying,textual,coefficient,-0.05112484883144814,0.05112484883144814,negative,288,154,153
C_LOGISTIC_REGRESSION,5,2,88,example,textual,coefficient,-0.050453588864792516,0.050453588864792516,negative,289,153,154
C_LOGISTIC_REGRESSION,5,2,206,really,textual,coefficient,0.044082649209715066,0.044082649209715066,positive,290,136,171
C_LOGISTIC_REGRESSION,5,2,66,distracted,textual,coefficient,-0.04390254352861272,0.04390254352861272,negative,291,152,155
C_LOGISTIC_REGRESSION,5,2,3,activity,textual,coefficient,0.037954864395406726,0.037954864395406726,positive,292,137,170
C_LOGISTIC_REGRESSION,5,2,249,symptoms,textual,coefficient,0.030654414684221653,0.030654414684221653,positive,293,138,169
C_LOGISTIC_REGRESSION,5,2,32,big,textual,coefficient,0.030022990109824604,0.030022990109824604,positive,294,139,168
C_LOGISTIC_REGRESSION,5,2,196,point,textual,coefficient,0.025808067990725228,0.025808067990725228,positive,295,140,167
C_LOGISTIC_REGRESSION,5,2,247,support,textual,coefficient,-0.024130003411979545,0.024130003411979545,negative,296,151,156
C_LOGISTIC_REGRESSION,5,2,48,common,textual,coefficient,-0.020506970150920647,0.020506970150920647,negative,297,150,157
C_LOGISTIC_REGRESSION,5,2,273,treatment,textual,coefficient,0.019374317628880595,0.019374317628880595,positive,298,141,166
C_LOGISTIC_REGRESSION,5,2,35,brain,textual,coefficient,-0.012618892792835588,0.012618892792835588,negative,299,149,158
C_LOGISTIC_REGRESSION,5,2,78,easily,textual,coefficient,-0.01259002407166984,0.01259002407166984,negative,300,148,159
C_LOGISTIC_REGRESSION,5,2,81,effects,textual,coefficient,-0.012376246769996865,0.012376246769996865,negative,301,147,160
C_LOGISTIC_REGRESSION,5,2,264,thinking,textual,coefficient,0.008441197445663972,0.008441197445663972,positive,302,142,165
C_LOGISTIC_REGRESSION,5,2,193,phone,textual,coefficient,-0.007070019784161701,0.007070019784161701,negative,303,146,161
C_LOGISTIC_REGRESSION,5,2,210,rejection,textual,coefficient,-0.007042617832991426,0.007042617832991426,negative,304,145,162
C_LOGISTIC_REGRESSION,5,2,303,comments,engagement_or_format,coefficient,0.003894448574326392,0.003894448574326392,positive,305,143,164
C_LOGISTIC_REGRESSION,5,2,102,follow,textual,coefficient,5.601650395750508e-05,5.601650395750508e-05,positive,306,144,163
C_LOGISTIC_REGRESSION,5,3,269,treat,textual,coefficient,2.2322966690081345,2.2322966690081345,positive,1,1,306
C_LOGISTIC_REGRESSION,5,3,163,low,textual,coefficient,2.114406752910145,2.114406752910145,positive,2,2,305
C_LOGISTIC_REGRESSION,5,3,178,motivation,textual,coefficient,-1.9279735824534956,1.9279735824534956,negative,3,306,1
C_LOGISTIC_REGRESSION,5,3,59,diet,textual,coefficient,1.8658593944905133,1.8658593944905133,positive,4,3,304
C_LOGISTIC_REGRESSION,5,3,212,relationships,textual,coefficient,1.7964623398824908,1.7964623398824908,positive,5,4,303
C_LOGISTIC_REGRESSION,5,3,277,type,textual,coefficient,-1.7148041328040082,1.7148041328040082,negative,6,305,2
C_LOGISTIC_REGRESSION,5,3,128,important,textual,coefficient,1.6130465077234117,1.6130465077234117,positive,7,5,302
C_LOGISTIC_REGRESSION,5,3,37,called,textual,coefficient,1.5936151670770866,1.5936151670770866,positive,8,6,301
C_LOGISTIC_REGRESSION,5,3,104,foods,textual,coefficient,1.5553227257526325,1.5553227257526325,positive,9,7,300
C_LOGISTIC_REGRESSION,5,3,192,person,textual,coefficient,1.5549148128381203,1.5549148128381203,positive,10,8,299
C_LOGISTIC_REGRESSION,5,3,9,adhd autism,textual,coefficient,-1.546291126246046,1.546291126246046,negative,11,304,3
C_LOGISTIC_REGRESSION,5,3,156,long,textual,coefficient,1.5366060543092033,1.5366060543092033,positive,12,9,298
C_LOGISTIC_REGRESSION,5,3,90,exercise,textual,coefficient,-1.5109989082747193,1.5109989082747193,negative,13,303,4
C_LOGISTIC_REGRESSION,5,3,244,study,textual,coefficient,1.4688425382834183,1.4688425382834183,positive,14,10,297
C_LOGISTIC_REGRESSION,5,3,5,add,textual,coefficient,-1.4571092744971808,1.4571092744971808,negative,15,302,5
C_LOGISTIC_REGRESSION,5,3,292,works,textual,coefficient,1.4444310555573507,1.4444310555573507,positive,16,11,296
C_LOGISTIC_REGRESSION,5,3,48,common,textual,coefficient,-1.4275049244696931,1.4275049244696931,negative,17,301,6
C_LOGISTIC_REGRESSION,5,3,200,problem,textual,coefficient,1.393418860565821,1.393418860565821,positive,18,12,295
C_LOGISTIC_REGRESSION,5,3,140,just,textual,coefficient,1.3929729909526558,1.3929729909526558,positive,19,13,294
C_LOGISTIC_REGRESSION,5,3,118,help,textual,coefficient,1.3807863621142078,1.3807863621142078,positive,20,14,293
C_LOGISTIC_REGRESSION,5,3,260,thing,textual,coefficient,1.3789095913460458,1.3789095913460458,positive,21,15,292
C_LOGISTIC_REGRESSION,5,3,25,anxiety,textual,coefficient,-1.3679821162345964,1.3679821162345964,negative,22,300,7
C_LOGISTIC_REGRESSION,5,3,274,trouble,textual,coefficient,-1.3549984195640792,1.3549984195640792,negative,23,299,8
C_LOGISTIC_REGRESSION,5,3,220,seen,textual,coefficient,-1.3258946128020435,1.3258946128020435,negative,24,298,9
C_LOGISTIC_REGRESSION,5,3,196,point,textual,coefficient,1.3125429946022744,1.3125429946022744,positive,25,16,291
C_LOGISTIC_REGRESSION,5,3,125,hyperactive,textual,coefficient,1.2809930700219159,1.2809930700219159,positive,26,17,290
C_LOGISTIC_REGRESSION,5,3,16,adhd women,textual,coefficient,1.2783155506516408,1.2783155506516408,positive,27,18,289
C_LOGISTIC_REGRESSION,5,3,255,tasks,textual,coefficient,-1.2560002245984174,1.2560002245984174,negative,28,297,10
C_LOGISTIC_REGRESSION,5,3,150,levels,textual,coefficient,1.2553994123047492,1.2553994123047492,positive,29,19,288
C_LOGISTIC_REGRESSION,5,3,155,ll,textual,coefficient,1.214658026858109,1.214658026858109,positive,30,20,287
C_LOGISTIC_REGRESSION,5,3,245,sugar,textual,coefficient,1.214522047509584,1.214522047509584,positive,31,21,286
C_LOGISTIC_REGRESSION,5,3,157,long term,textual,coefficient,1.2018685150060044,1.2018685150060044,positive,32,22,285
C_LOGISTIC_REGRESSION,5,3,88,example,textual,coefficient,1.198310164801751,1.198310164801751,positive,33,23,284
C_LOGISTIC_REGRESSION,5,3,208,reduce,textual,coefficient,1.1879776368859745,1.1879776368859745,positive,34,24,283
C_LOGISTIC_REGRESSION,5,3,181,need,textual,coefficient,1.1805568246807534,1.1805568246807534,positive,35,25,282
C_LOGISTIC_REGRESSION,5,3,61,different,textual,coefficient,-1.1652954601896441,1.1652954601896441,negative,36,296,11
C_LOGISTIC_REGRESSION,5,3,290,women,textual,coefficient,1.1456896034654867,1.1456896034654867,positive,37,26,281
C_LOGISTIC_REGRESSION,5,3,282,use,textual,coefficient,1.138804060697964,1.138804060697964,positive,38,27,280
C_LOGISTIC_REGRESSION,5,3,70,doing,textual,coefficient,-1.1259528533571097,1.1259528533571097,negative,39,295,12
C_LOGISTIC_REGRESSION,5,3,293,world,textual,coefficient,1.1257517052365604,1.1257517052365604,positive,40,28,279
C_LOGISTIC_REGRESSION,5,3,71,don,textual,coefficient,-1.1224892182390787,1.1224892182390787,negative,41,294,13
C_LOGISTIC_REGRESSION,5,3,173,medication,textual,coefficient,-1.0978894692252585,1.0978894692252585,negative,42,293,14
C_LOGISTIC_REGRESSION,5,3,199,probably,textual,coefficient,1.093989314740791,1.093989314740791,positive,43,29,278
C_LOGISTIC_REGRESSION,5,3,285,video,textual,coefficient,-1.0904798306685548,1.0904798306685548,negative,44,292,15
C_LOGISTIC_REGRESSION,5,3,96,fast,textual,coefficient,1.0863805725896407,1.0863805725896407,positive,45,30,277
C_LOGISTIC_REGRESSION,5,3,4,actually,textual,coefficient,-1.0635443542186507,1.0635443542186507,negative,46,291,16
C_LOGISTIC_REGRESSION,5,3,76,dysfunction,textual,coefficient,-1.045337024497743,1.045337024497743,negative,47,290,17
C_LOGISTIC_REGRESSION,5,3,46,come,textual,coefficient,1.0445055177622928,1.0445055177622928,positive,48,31,276
C_LOGISTIC_REGRESSION,5,3,85,energy,textual,coefficient,-1.04157493085935,1.04157493085935,negative,49,289,18
C_LOGISTIC_REGRESSION,5,3,31,better,textual,coefficient,1.035055569925029,1.035055569925029,positive,50,32,275
C_LOGISTIC_REGRESSION,5,3,54,depression,textual,coefficient,1.0303855477966124,1.0303855477966124,positive,51,33,274
C_LOGISTIC_REGRESSION,5,3,275,try,textual,coefficient,-1.0295025059825635,1.0295025059825635,negative,52,288,19
C_LOGISTIC_REGRESSION,5,3,107,getting,textual,coefficient,-1.0295015088234933,1.0295015088234933,negative,53,287,20
C_LOGISTIC_REGRESSION,5,3,302,likes,engagement_or_format,coefficient,1.0255567480742964,1.0255567480742964,positive,54,34,273
C_LOGISTIC_REGRESSION,5,3,179,moving,textual,coefficient,1.0210932032818207,1.0210932032818207,positive,55,35,272
C_LOGISTIC_REGRESSION,5,3,147,late,textual,coefficient,1.0198080118971091,1.0198080118971091,positive,56,36,271
C_LOGISTIC_REGRESSION,5,3,34,body,textual,coefficient,1.017572601602327,1.017572601602327,positive,57,37,270
C_LOGISTIC_REGRESSION,5,3,270,treated,textual,coefficient,-1.0129213019718655,1.0129213019718655,negative,58,286,21
C_LOGISTIC_REGRESSION,5,3,91,experience,textual,coefficient,1.0101026147070058,1.0101026147070058,positive,59,38,269
C_LOGISTIC_REGRESSION,5,3,291,work,textual,coefficient,0.989588987427816,0.989588987427816,positive,60,39,268
C_LOGISTIC_REGRESSION,5,3,214,right,textual,coefficient,-0.9877067118068964,0.9877067118068964,negative,61,285,22
C_LOGISTIC_REGRESSION,5,3,180,music,textual,coefficient,-0.9854192428644778,0.9854192428644778,negative,62,284,23
C_LOGISTIC_REGRESSION,5,3,195,playing,textual,coefficient,0.9841184541706992,0.9841184541706992,positive,63,40,267
C_LOGISTIC_REGRESSION,5,3,69,doesn,textual,coefficient,0.9823364303700887,0.9823364303700887,positive,64,41,266
C_LOGISTIC_REGRESSION,5,3,109,going,textual,coefficient,-0.9413578272617423,0.9413578272617423,negative,65,283,24
C_LOGISTIC_REGRESSION,5,3,86,especially,textual,coefficient,-0.939400666200005,0.939400666200005,negative,66,282,25
C_LOGISTIC_REGRESSION,5,3,73,dopamine,textual,coefficient,0.9319560895457379,0.9319560895457379,positive,67,42,265
C_LOGISTIC_REGRESSION,5,3,146,lack,textual,coefficient,-0.9283517954243328,0.9283517954243328,negative,68,281,26
C_LOGISTIC_REGRESSION,5,3,236,start,textual,coefficient,-0.917592914356838,0.917592914356838,negative,69,280,27
C_LOGISTIC_REGRESSION,5,3,265,time,textual,coefficient,-0.9175910036074667,0.9175910036074667,negative,70,279,28
C_LOGISTIC_REGRESSION,5,3,246,supplements,textual,coefficient,0.9090933310928054,0.9090933310928054,positive,71,43,264
C_LOGISTIC_REGRESSION,5,3,112,happens,textual,coefficient,0.9082865240043269,0.9082865240043269,positive,72,44,263
C_LOGISTIC_REGRESSION,5,3,254,task,textual,coefficient,-0.8660044975717828,0.8660044975717828,negative,73,278,29
C_LOGISTIC_REGRESSION,5,3,258,term,textual,coefficient,0.8643418844513402,0.8643418844513402,positive,74,45,262
C_LOGISTIC_REGRESSION,5,3,193,phone,textual,coefficient,-0.8627255836310392,0.8627255836310392,negative,75,277,30
C_LOGISTIC_REGRESSION,5,3,119,helpful,textual,coefficient,0.8472070065133874,0.8472070065133874,positive,76,46,261
C_LOGISTIC_REGRESSION,5,3,210,rejection,textual,coefficient,0.8370106208771979,0.8370106208771979,positive,77,47,260
C_LOGISTIC_REGRESSION,5,3,295,yeah,textual,coefficient,-0.8108892536826814,0.8108892536826814,negative,78,276,31
C_LOGISTIC_REGRESSION,5,3,217,saying,textual,coefficient,0.8090486740117946,0.8090486740117946,positive,79,48,259
C_LOGISTIC_REGRESSION,5,3,127,impact,textual,coefficient,-0.8078338328187963,0.8078338328187963,negative,80,275,32
C_LOGISTIC_REGRESSION,5,3,229,shown,textual,coefficient,0.7902155413409342,0.7902155413409342,positive,81,49,258
C_LOGISTIC_REGRESSION,5,3,81,effects,textual,coefficient,0.7780155407095548,0.7780155407095548,positive,82,50,257
C_LOGISTIC_REGRESSION,5,3,27,audhd,textual,coefficient,0.7737044664580478,0.7737044664580478,positive,83,51,256
C_LOGISTIC_REGRESSION,5,3,97,feel,textual,coefficient,0.7682058093804004,0.7682058093804004,positive,84,52,255
C_LOGISTIC_REGRESSION,5,3,239,stop,textual,coefficient,-0.7643333023074299,0.7643333023074299,negative,85,274,33
C_LOGISTIC_REGRESSION,5,3,98,feel like,textual,coefficient,0.7592745458364544,0.7592745458364544,positive,86,53,254
C_LOGISTIC_REGRESSION,5,3,49,constantly,textual,coefficient,0.7521563984209729,0.7521563984209729,positive,87,54,253
C_LOGISTIC_REGRESSION,5,3,251,taking,textual,coefficient,0.7453871872308248,0.7453871872308248,positive,88,55,252
C_LOGISTIC_REGRESSION,5,3,294,worse,textual,coefficient,0.740826765502701,0.740826765502701,positive,89,56,251
C_LOGISTIC_REGRESSION,5,3,43,child,textual,coefficient,0.7368684003136918,0.7368684003136918,positive,90,57,250
C_LOGISTIC_REGRESSION,5,3,110,good,textual,coefficient,0.7321161589801166,0.7321161589801166,positive,91,58,249
C_LOGISTIC_REGRESSION,5,3,299,एड,textual,coefficient,-0.7287279769292127,0.7287279769292127,negative,92,273,34
C_LOGISTIC_REGRESSION,5,3,194,physical,textual,coefficient,-0.728668311956931,0.728668311956931,negative,93,272,35
C_LOGISTIC_REGRESSION,5,3,10,adhd brain,textual,coefficient,-0.7259630972017004,0.7259630972017004,negative,94,271,36
C_LOGISTIC_REGRESSION,5,3,268,trauma,textual,coefficient,-0.7254282148722359,0.7254282148722359,negative,95,270,37
C_LOGISTIC_REGRESSION,5,3,183,number,textual,coefficient,0.7212879796433103,0.7212879796433103,positive,96,59,248
C_LOGISTIC_REGRESSION,5,3,28,autism,textual,coefficient,-0.7200215627011824,0.7200215627011824,negative,97,269,38
C_LOGISTIC_REGRESSION,5,3,201,problems,textual,coefficient,-0.7186568939489678,0.7186568939489678,negative,98,268,39
C_LOGISTIC_REGRESSION,5,3,26,attention,textual,coefficient,-0.7155798446884714,0.7155798446884714,negative,99,267,40
C_LOGISTIC_REGRESSION,5,3,216,say,textual,coefficient,0.7122254985028229,0.7122254985028229,positive,100,60,247
C_LOGISTIC_REGRESSION,5,3,230,signs,textual,coefficient,-0.7115922581314895,0.7115922581314895,negative,101,266,41
C_LOGISTIC_REGRESSION,5,3,231,signs adhd,textual,coefficient,0.70818866342848,0.70818866342848,positive,102,61,246
C_LOGISTIC_REGRESSION,5,3,203,psychologist,textual,coefficient,-0.7074497875587181,0.7074497875587181,negative,103,265,42
C_LOGISTIC_REGRESSION,5,3,202,psychiatrist,textual,coefficient,-0.7031363011230123,0.7031363011230123,negative,104,264,43
C_LOGISTIC_REGRESSION,5,3,240,strategies,textual,coefficient,0.6936373543612658,0.6936373543612658,positive,105,62,245
C_LOGISTIC_REGRESSION,5,3,13,adhd real,textual,coefficient,0.693575976172529,0.693575976172529,positive,106,63,244
C_LOGISTIC_REGRESSION,5,3,152,like,textual,coefficient,-0.6932891912986299,0.6932891912986299,negative,107,263,44
C_LOGISTIC_REGRESSION,5,3,298,एक,textual,coefficient,-0.6847769009106404,0.6847769009106404,negative,108,262,45
C_LOGISTIC_REGRESSION,5,3,279,uh,textual,coefficient,0.6838030380669959,0.6838030380669959,positive,109,64,243
C_LOGISTIC_REGRESSION,5,3,197,poor,textual,coefficient,-0.6806435986401044,0.6806435986401044,negative,110,261,46
C_LOGISTIC_REGRESSION,5,3,75,drugs,textual,coefficient,0.6714954441472533,0.6714954441472533,positive,111,65,242
C_LOGISTIC_REGRESSION,5,3,51,criteria,textual,coefficient,-0.670786234407279,0.670786234407279,negative,112,260,47
C_LOGISTIC_REGRESSION,5,3,234,small,textual,coefficient,-0.6674783823087767,0.6674783823087767,negative,113,259,48
C_LOGISTIC_REGRESSION,5,3,205,real,textual,coefficient,0.6497564578781372,0.6497564578781372,positive,114,66,241
C_LOGISTIC_REGRESSION,5,3,304,views,engagement_or_format,coefficient,-0.6427092329259011,0.6427092329259011,negative,115,258,49
C_LOGISTIC_REGRESSION,5,3,6,adderall,textual,coefficient,0.640427783075824,0.640427783075824,positive,116,67,240
C_LOGISTIC_REGRESSION,5,3,165,make sure,textual,coefficient,-0.6375335170388253,0.6375335170388253,negative,117,257,50
C_LOGISTIC_REGRESSION,5,3,168,manage,textual,coefficient,-0.631110880329625,0.631110880329625,negative,118,256,51
C_LOGISTIC_REGRESSION,5,3,33,bit,textual,coefficient,0.6261652010652538,0.6261652010652538,positive,119,68,239
C_LOGISTIC_REGRESSION,5,3,123,highly,textual,coefficient,-0.622608957311234,0.622608957311234,negative,120,255,52
C_LOGISTIC_REGRESSION,5,3,65,disorders,textual,coefficient,0.6176938278050552,0.6176938278050552,positive,121,69,238
C_LOGISTIC_REGRESSION,5,3,84,end,textual,coefficient,-0.6164597961268297,0.6164597961268297,negative,122,254,53
C_LOGISTIC_REGRESSION,5,3,289,ways,textual,coefficient,0.6122084808198729,0.6122084808198729,positive,123,70,237
C_LOGISTIC_REGRESSION,5,3,134,information,textual,coefficient,0.611872275698449,0.611872275698449,positive,124,71,236
C_LOGISTIC_REGRESSION,5,3,78,easily,textual,coefficient,-0.6088821395181022,0.6088821395181022,negative,125,253,54
C_LOGISTIC_REGRESSION,5,3,50,control,textual,coefficient,0.6078603316344501,0.6078603316344501,positive,126,72,235
C_LOGISTIC_REGRESSION,5,3,286,wait,textual,coefficient,0.6077339439621972,0.6077339439621972,positive,127,73,234
C_LOGISTIC_REGRESSION,5,3,142,kid,textual,coefficient,-0.5995323021252882,0.5995323021252882,negative,128,252,55
C_LOGISTIC_REGRESSION,5,3,14,adhd sep,textual,coefficient,0.5941520736489453,0.5941520736489453,positive,129,74,233
C_LOGISTIC_REGRESSION,5,3,124,home,textual,coefficient,0.5931668735107091,0.5931668735107091,positive,130,75,232
C_LOGISTIC_REGRESSION,5,3,2,absolutely,textual,coefficient,0.5927704343717655,0.5927704343717655,positive,131,76,231
C_LOGISTIC_REGRESSION,5,3,129,improve,textual,coefficient,-0.591375476669574,0.591375476669574,negative,132,251,56
C_LOGISTIC_REGRESSION,5,3,243,struggling,textual,coefficient,0.5842662660414277,0.5842662660414277,positive,133,77,230
C_LOGISTIC_REGRESSION,5,3,66,distracted,textual,coefficient,0.574307276363152,0.574307276363152,positive,134,78,229
C_LOGISTIC_REGRESSION,5,3,252,talk,textual,coefficient,-0.5684751703448868,0.5684751703448868,negative,135,250,57
C_LOGISTIC_REGRESSION,5,3,158,look,textual,coefficient,0.564765924499217,0.564765924499217,positive,136,79,228
C_LOGISTIC_REGRESSION,5,3,164,make,textual,coefficient,-0.5593656476198986,0.5593656476198986,negative,137,249,58
C_LOGISTIC_REGRESSION,5,3,99,feeling,textual,coefficient,-0.5530020334299922,0.5530020334299922,negative,138,248,59
C_LOGISTIC_REGRESSION,5,3,237,stimulant,textual,coefficient,-0.5520191154520169,0.5520191154520169,negative,139,247,60
C_LOGISTIC_REGRESSION,5,3,12,adhd medication,textual,coefficient,-0.5487652784647051,0.5487652784647051,negative,140,246,61
C_LOGISTIC_REGRESSION,5,3,166,makes,textual,coefficient,0.5473162580536033,0.5473162580536033,positive,141,80,227
C_LOGISTIC_REGRESSION,5,3,58,did,textual,coefficient,0.5418412155092737,0.5418412155092737,positive,142,81,226
C_LOGISTIC_REGRESSION,5,3,198,potential,textual,coefficient,-0.5396271218845914,0.5396271218845914,negative,143,245,62
C_LOGISTIC_REGRESSION,5,3,149,let,textual,coefficient,-0.5389044630964783,0.5389044630964783,negative,144,244,63
C_LOGISTIC_REGRESSION,5,3,139,job,textual,coefficient,-0.5338413964741682,0.5338413964741682,negative,145,243,64
C_LOGISTIC_REGRESSION,5,3,131,impulsivity,textual,coefficient,-0.5293262918983885,0.5293262918983885,negative,146,242,65
C_LOGISTIC_REGRESSION,5,3,101,focus,textual,coefficient,-0.5287595403988732,0.5287595403988732,negative,147,241,66
C_LOGISTIC_REGRESSION,5,3,188,patients,textual,coefficient,-0.5286012099587941,0.5286012099587941,negative,148,240,67
C_LOGISTIC_REGRESSION,5,3,204,quickly,textual,coefficient,-0.5243356642415893,0.5243356642415893,negative,149,239,68
C_LOGISTIC_REGRESSION,5,3,175,meds,textual,coefficient,0.5239739449531733,0.5239739449531733,positive,150,82,225
C_LOGISTIC_REGRESSION,5,3,113,hard,textual,coefficient,0.5227047061584674,0.5227047061584674,positive,151,83,224
C_LOGISTIC_REGRESSION,5,3,227,sep adhd,textual,coefficient,-0.5175624860194487,0.5175624860194487,negative,152,238,69
C_LOGISTIC_REGRESSION,5,3,261,things,textual,coefficient,0.5164607551411226,0.5164607551411226,positive,153,84,223
C_LOGISTIC_REGRESSION,5,3,256,tell,textual,coefficient,0.5122759094570672,0.5122759094570672,positive,154,85,222
C_LOGISTIC_REGRESSION,5,3,262,things like,textual,coefficient,-0.5110973419688501,0.5110973419688501,negative,155,237,70
C_LOGISTIC_REGRESSION,5,3,185,okay,textual,coefficient,0.5055044556705545,0.5055044556705545,positive,156,86,221
C_LOGISTIC_REGRESSION,5,3,211,rejection sensitivity,textual,coefficient,0.4993138207908166,0.4993138207908166,positive,157,87,220
C_LOGISTIC_REGRESSION,5,3,135,instead,textual,coefficient,-0.4954565284393901,0.4954565284393901,negative,158,236,71
C_LOGISTIC_REGRESSION,5,3,273,treatment,textual,coefficient,-0.4951427129224344,0.4951427129224344,negative,159,235,72
C_LOGISTIC_REGRESSION,5,3,0,10,textual,coefficient,0.4932832674616345,0.4932832674616345,positive,160,88,219
C_LOGISTIC_REGRESSION,5,3,297,इपर,textual,coefficient,-0.4898780314908218,0.4898780314908218,negative,161,234,73
C_LOGISTIC_REGRESSION,5,3,296,years,textual,coefficient,0.48847390677245117,0.48847390677245117,positive,162,89,218
C_LOGISTIC_REGRESSION,5,3,281,understand,textual,coefficient,-0.48411341783387424,0.48411341783387424,negative,163,233,74
C_LOGISTIC_REGRESSION,5,3,161,lots,textual,coefficient,0.47230666150718886,0.47230666150718886,positive,164,90,217
C_LOGISTIC_REGRESSION,5,3,288,way,textual,coefficient,-0.4659010637734758,0.4659010637734758,negative,165,232,75
C_LOGISTIC_REGRESSION,5,3,247,support,textual,coefficient,-0.458980607177546,0.458980607177546,negative,166,231,76
C_LOGISTIC_REGRESSION,5,3,41,changes,textual,coefficient,-0.4587824893553448,0.4587824893553448,negative,167,230,77
C_LOGISTIC_REGRESSION,5,3,64,disorder,textual,coefficient,0.4583586609731673,0.4583586609731673,positive,168,91,216
C_LOGISTIC_REGRESSION,5,3,120,helps,textual,coefficient,0.44749349471012373,0.44749349471012373,positive,169,92,215
C_LOGISTIC_REGRESSION,5,3,209,regulation,textual,coefficient,-0.44212161303573033,0.44212161303573033,negative,170,229,78
C_LOGISTIC_REGRESSION,5,3,100,feelings,textual,coefficient,-0.4272700001904886,0.4272700001904886,negative,171,228,79
C_LOGISTIC_REGRESSION,5,3,7,adhd,textual,coefficient,-0.4245944568324078,0.4245944568324078,negative,172,227,80
C_LOGISTIC_REGRESSION,5,3,80,eating,textual,coefficient,-0.42091157007018,0.42091157007018,negative,173,226,81
C_LOGISTIC_REGRESSION,5,3,284,ve,textual,coefficient,-0.4188740032188229,0.4188740032188229,negative,174,225,82
C_LOGISTIC_REGRESSION,5,3,52,day,textual,coefficient,0.4168036375758978,0.4168036375758978,positive,175,93,214
C_LOGISTIC_REGRESSION,5,3,74,dr,textual,coefficient,-0.4097873924309244,0.4097873924309244,negative,176,224,83
C_LOGISTIC_REGRESSION,5,3,184,oh,textual,coefficient,-0.40781159228302405,0.40781159228302405,negative,177,223,84
C_LOGISTIC_REGRESSION,5,3,130,impulsive,textual,coefficient,-0.3973829399715219,0.3973829399715219,negative,178,222,85
C_LOGISTIC_REGRESSION,5,3,103,food,textual,coefficient,-0.3964392581869559,0.3964392581869559,negative,179,221,86
C_LOGISTIC_REGRESSION,5,3,132,inattentive,textual,coefficient,0.39296220523681785,0.39296220523681785,positive,180,94,213
C_LOGISTIC_REGRESSION,5,3,55,diagnosed,textual,coefficient,0.38971869491380945,0.38971869491380945,positive,181,95,212
C_LOGISTIC_REGRESSION,5,3,8,adhd adhd,textual,coefficient,-0.38739131080983663,0.38739131080983663,negative,182,220,87
C_LOGISTIC_REGRESSION,5,3,174,medications,textual,coefficient,-0.38726692757574865,0.38726692757574865,negative,183,219,88
C_LOGISTIC_REGRESSION,5,3,68,does,textual,coefficient,0.3870471531149838,0.3870471531149838,positive,184,96,211
C_LOGISTIC_REGRESSION,5,3,22,anger,textual,coefficient,0.38229525076777743,0.38229525076777743,positive,185,97,210
C_LOGISTIC_REGRESSION,5,3,215,running,textual,coefficient,0.37688271484511493,0.37688271484511493,positive,186,98,209
C_LOGISTIC_REGRESSION,5,3,72,don know,textual,coefficient,-0.3759887548946676,0.3759887548946676,negative,187,218,89
C_LOGISTIC_REGRESSION,5,3,108,girls,textual,coefficient,-0.37490278913739256,0.37490278913739256,negative,188,217,90
C_LOGISTIC_REGRESSION,5,3,267,traits,textual,coefficient,0.36835046630610324,0.36835046630610324,positive,189,99,208
C_LOGISTIC_REGRESSION,5,3,171,mean,textual,coefficient,-0.3674292404485605,0.3674292404485605,negative,190,216,91
C_LOGISTIC_REGRESSION,5,3,117,hear,textual,coefficient,-0.3656738805479074,0.3656738805479074,negative,191,215,92
C_LOGISTIC_REGRESSION,5,3,79,eat,textual,coefficient,-0.35848059068603627,0.35848059068603627,negative,192,214,93
C_LOGISTIC_REGRESSION,5,3,257,tend,textual,coefficient,0.3509418332123442,0.3509418332123442,positive,193,100,207
C_LOGISTIC_REGRESSION,5,3,114,harder,textual,coefficient,-0.3508937859264608,0.3508937859264608,negative,194,213,94
C_LOGISTIC_REGRESSION,5,3,249,symptoms,textual,coefficient,-0.34707240640266185,0.34707240640266185,negative,195,212,95
C_LOGISTIC_REGRESSION,5,3,44,children,textual,coefficient,-0.34695656452718643,0.34695656452718643,negative,196,211,96
C_LOGISTIC_REGRESSION,5,3,232,sit,textual,coefficient,-0.3465062110346207,0.3465062110346207,negative,197,210,97
C_LOGISTIC_REGRESSION,5,3,219,second,textual,coefficient,0.34196371816091675,0.34196371816091675,positive,198,101,206
C_LOGISTIC_REGRESSION,5,3,280,um,textual,coefficient,-0.3381314104558798,0.3381314104558798,negative,199,209,98
C_LOGISTIC_REGRESSION,5,3,82,emotional,textual,coefficient,-0.3349515435735166,0.3349515435735166,negative,200,208,99
C_LOGISTIC_REGRESSION,5,3,116,health,textual,coefficient,-0.3293697484288549,0.3293697484288549,negative,201,207,100
C_LOGISTIC_REGRESSION,5,3,122,higher,textual,coefficient,-0.31949595224454275,0.31949595224454275,negative,202,206,101
C_LOGISTIC_REGRESSION,5,3,263,think,textual,coefficient,-0.3144842326082156,0.3144842326082156,negative,203,205,102
C_LOGISTIC_REGRESSION,5,3,303,comments,engagement_or_format,coefficient,-0.3136192830694204,0.3136192830694204,negative,204,204,103
C_LOGISTIC_REGRESSION,5,3,177,mind,textual,coefficient,0.31227527418075823,0.31227527418075823,positive,205,102,205
C_LOGISTIC_REGRESSION,5,3,15,adhd symptoms,textual,coefficient,-0.30993306716606794,0.30993306716606794,negative,206,203,104
C_LOGISTIC_REGRESSION,5,3,126,hyperactivity,textual,coefficient,-0.3054695651347143,0.3054695651347143,negative,207,202,105
C_LOGISTIC_REGRESSION,5,3,1,able,textual,coefficient,0.30509112406239863,0.30509112406239863,positive,208,103,204
C_LOGISTIC_REGRESSION,5,3,89,executive,textual,coefficient,-0.3046647128907938,0.3046647128907938,negative,209,201,106
C_LOGISTIC_REGRESSION,5,3,102,follow,textual,coefficient,-0.2958748031429113,0.2958748031429113,negative,210,200,107
C_LOGISTIC_REGRESSION,5,3,62,differently,textual,coefficient,-0.29484725572197173,0.29484725572197173,negative,211,199,108
C_LOGISTIC_REGRESSION,5,3,133,increase,textual,coefficient,0.2926870114213333,0.2926870114213333,positive,212,104,203
C_LOGISTIC_REGRESSION,5,3,176,mental,textual,coefficient,-0.2903969603912336,0.2903969603912336,negative,213,198,109
C_LOGISTIC_REGRESSION,5,3,190,people,textual,coefficient,0.2743353771759051,0.2743353771759051,positive,214,105,202
C_LOGISTIC_REGRESSION,5,3,20,affect,textual,coefficient,-0.26690935617721717,0.26690935617721717,negative,215,197,110
C_LOGISTIC_REGRESSION,5,3,266,times,textual,coefficient,-0.2608670586392766,0.2608670586392766,negative,216,196,111
C_LOGISTIC_REGRESSION,5,3,207,recommend,textual,coefficient,-0.25944103714477745,0.25944103714477745,negative,217,195,112
C_LOGISTIC_REGRESSION,5,3,38,care,textual,coefficient,0.2584837603945674,0.2584837603945674,positive,218,106,201
C_LOGISTIC_REGRESSION,5,3,87,everybody,textual,coefficient,0.24687118840677993,0.24687118840677993,positive,219,107,200
C_LOGISTIC_REGRESSION,5,3,225,sensory,textual,coefficient,-0.24278646207638543,0.24278646207638543,negative,220,194,113
C_LOGISTIC_REGRESSION,5,3,221,self,textual,coefficient,-0.24088876179701585,0.24088876179701585,negative,221,193,114
C_LOGISTIC_REGRESSION,5,3,159,looking,textual,coefficient,-0.2390062283056337,0.2390062283056337,negative,222,192,115
C_LOGISTIC_REGRESSION,5,3,56,diagnosis,textual,coefficient,0.238529876862241,0.238529876862241,positive,223,108,199
C_LOGISTIC_REGRESSION,5,3,143,kids,textual,coefficient,-0.23829587604845873,0.23829587604845873,negative,224,191,116
C_LOGISTIC_REGRESSION,5,3,18,adult,textual,coefficient,0.2357695336598897,0.2357695336598897,positive,225,109,198
C_LOGISTIC_REGRESSION,5,3,95,family,textual,coefficient,-0.23216288317183353,0.23216288317183353,negative,226,190,117
C_LOGISTIC_REGRESSION,5,3,182,non,textual,coefficient,-0.2320874244729329,0.2320874244729329,negative,227,189,118
C_LOGISTIC_REGRESSION,5,3,238,stimulants,textual,coefficient,0.2286396150583164,0.2286396150583164,positive,228,110,197
C_LOGISTIC_REGRESSION,5,3,35,brain,textual,coefficient,0.22655321548311638,0.22655321548311638,positive,229,111,196
C_LOGISTIC_REGRESSION,5,3,233,sleep,textual,coefficient,0.22412995533560948,0.22412995533560948,positive,230,112,195
C_LOGISTIC_REGRESSION,5,3,278,types,textual,coefficient,-0.2238715888286242,0.2238715888286242,negative,231,188,119
C_LOGISTIC_REGRESSION,5,3,145,know,textual,coefficient,-0.22334912005581162,0.22334912005581162,negative,232,187,120
C_LOGISTIC_REGRESSION,5,3,60,difference,textual,coefficient,0.21981582623571863,0.21981582623571863,positive,233,113,194
C_LOGISTIC_REGRESSION,5,3,162,love,textual,coefficient,0.21410125000086208,0.21410125000086208,positive,234,114,193
C_LOGISTIC_REGRESSION,5,3,83,emotions,textual,coefficient,0.20764397463917333,0.20764397463917333,positive,235,115,192
C_LOGISTIC_REGRESSION,5,3,17,adhders,textual,coefficient,-0.20742782907202018,0.20742782907202018,negative,236,186,121
C_LOGISTIC_REGRESSION,5,3,301,hedge_score,handcrafted_linguistic,coefficient,-0.2064842483370348,0.2064842483370348,negative,237,185,122
C_LOGISTIC_REGRESSION,5,3,19,adults,textual,coefficient,-0.2064036518080148,0.2064036518080148,negative,238,184,123
C_LOGISTIC_REGRESSION,5,3,32,big,textual,coefficient,-0.20281185143516353,0.20281185143516353,negative,239,183,124
C_LOGISTIC_REGRESSION,5,3,213,remember,textual,coefficient,0.19689515491438786,0.19689515491438786,positive,240,116,191
C_LOGISTIC_REGRESSION,5,3,45,college,textual,coefficient,0.19663798715092945,0.19663798715092945,positive,241,117,190
C_LOGISTIC_REGRESSION,5,3,253,talking,textual,coefficient,-0.1941196862168126,0.1941196862168126,negative,242,182,125
C_LOGISTIC_REGRESSION,5,3,154,little,textual,coefficient,0.19253636160137239,0.19253636160137239,positive,243,118,189
C_LOGISTIC_REGRESSION,5,3,172,means,textual,coefficient,0.19160754679346165,0.19160754679346165,positive,244,119,188
C_LOGISTIC_REGRESSION,5,3,186,options,textual,coefficient,-0.1902539630841204,0.1902539630841204,negative,245,181,126
C_LOGISTIC_REGRESSION,5,3,170,maybe,textual,coefficient,-0.18730376360067633,0.18730376360067633,negative,246,180,127
C_LOGISTIC_REGRESSION,5,3,169,management,textual,coefficient,-0.18313948112145012,0.18313948112145012,negative,247,179,128
C_LOGISTIC_REGRESSION,5,3,121,high,textual,coefficient,0.1804451480994993,0.1804451480994993,positive,248,120,187
C_LOGISTIC_REGRESSION,5,3,206,really,textual,coefficient,-0.18031267119715777,0.18031267119715777,negative,249,178,129
C_LOGISTIC_REGRESSION,5,3,30,behavior,textual,coefficient,-0.18012923078590512,0.18012923078590512,negative,250,177,130
C_LOGISTIC_REGRESSION,5,3,153,likely,textual,coefficient,-0.1722265136053811,0.1722265136053811,negative,251,176,131
C_LOGISTIC_REGRESSION,5,3,189,pay,textual,coefficient,-0.1688839697919554,0.1688839697919554,negative,252,175,132
C_LOGISTIC_REGRESSION,5,3,11,adhd diagnosis,textual,coefficient,-0.16759997737112292,0.16759997737112292,negative,253,174,133
C_LOGISTIC_REGRESSION,5,3,106,friend,textual,coefficient,-0.16726176583517854,0.16726176583517854,negative,254,173,134
C_LOGISTIC_REGRESSION,5,3,67,doctor,textual,coefficient,0.16326921698430713,0.16326921698430713,positive,255,121,186
C_LOGISTIC_REGRESSION,5,3,93,experts answer,textual,coefficient,0.16118593780914425,0.16118593780914425,positive,256,122,185
C_LOGISTIC_REGRESSION,5,3,242,struggle,textual,coefficient,0.1564817484395073,0.1564817484395073,positive,257,123,184
C_LOGISTIC_REGRESSION,5,3,36,brains,textual,coefficient,-0.15109092683037278,0.15109092683037278,negative,258,172,135
C_LOGISTIC_REGRESSION,5,3,224,sensitivity,textual,coefficient,0.14810984175975495,0.14810984175975495,positive,259,124,183
C_LOGISTIC_REGRESSION,5,3,40,challenges,textual,coefficient,0.14805434968810433,0.14805434968810433,positive,260,125,182
C_LOGISTIC_REGRESSION,5,3,42,check,textual,coefficient,-0.1468266819404234,0.1468266819404234,negative,261,171,136
C_LOGISTIC_REGRESSION,5,3,187,overwhelmed,textual,coefficient,-0.14549005525444478,0.14549005525444478,negative,262,170,137
C_LOGISTIC_REGRESSION,5,3,138,issues,textual,coefficient,-0.1355949073335752,0.1355949073335752,negative,263,169,138
C_LOGISTIC_REGRESSION,5,3,29,autistic,textual,coefficient,-0.13518262783229104,0.13518262783229104,negative,264,168,139
C_LOGISTIC_REGRESSION,5,3,300,certainty_score,handcrafted_linguistic,coefficient,-0.1347884225439952,0.1347884225439952,negative,265,167,140
C_LOGISTIC_REGRESSION,5,3,264,thinking,textual,coefficient,-0.1269554325106996,0.1269554325106996,negative,266,166,141
C_LOGISTIC_REGRESSION,5,3,53,deficit,textual,coefficient,-0.12443279321993357,0.12443279321993357,negative,267,165,142
C_LOGISTIC_REGRESSION,5,3,137,isn,textual,coefficient,0.12430775931121911,0.12430775931121911,positive,268,126,181
C_LOGISTIC_REGRESSION,5,3,259,therapy,textual,coefficient,-0.12283988058713705,0.12283988058713705,negative,269,164,143
C_LOGISTIC_REGRESSION,5,3,94,fact,textual,coefficient,-0.12224612693632529,0.12224612693632529,negative,270,163,144
C_LOGISTIC_REGRESSION,5,3,248,sure,textual,coefficient,-0.12023463707345144,0.12023463707345144,negative,271,162,145
C_LOGISTIC_REGRESSION,5,3,148,lead,textual,coefficient,-0.11893334555411676,0.11893334555411676,negative,272,161,146
C_LOGISTIC_REGRESSION,5,3,39,certain,textual,coefficient,0.11610456081753197,0.11610456081753197,positive,273,127,180
C_LOGISTIC_REGRESSION,5,3,235,social,textual,coefficient,-0.11610451447221688,0.11610451447221688,negative,274,160,147
C_LOGISTIC_REGRESSION,5,3,283,usually,textual,coefficient,0.11333668190340576,0.11333668190340576,positive,275,128,179
C_LOGISTIC_REGRESSION,5,3,222,sense,textual,coefficient,0.10762630835956308,0.10762630835956308,positive,276,129,178
C_LOGISTIC_REGRESSION,5,3,136,intense,textual,coefficient,0.10655269758484053,0.10655269758484053,positive,277,130,177
C_LOGISTIC_REGRESSION,5,3,21,affects,textual,coefficient,-0.10097396841590521,0.10097396841590521,negative,278,159,148
C_LOGISTIC_REGRESSION,5,3,250,symptoms adhd,textual,coefficient,-0.10000449908227653,0.10000449908227653,negative,279,158,149
C_LOGISTIC_REGRESSION,5,3,57,diagnostic,textual,coefficient,-0.09692325323040005,0.09692325323040005,negative,280,157,150
C_LOGISTIC_REGRESSION,5,3,111,got,textual,coefficient,0.09533646668300833,0.09533646668300833,positive,281,131,176
C_LOGISTIC_REGRESSION,5,3,144,kind,textual,coefficient,-0.08674583866885514,0.08674583866885514,negative,282,156,151
C_LOGISTIC_REGRESSION,5,3,228,shorts,textual,coefficient,-0.07910610758696258,0.07910610758696258,negative,283,155,152
C_LOGISTIC_REGRESSION,5,3,241,structure,textual,coefficient,0.07827691165559235,0.07827691165559235,positive,284,132,175
C_LOGISTIC_REGRESSION,5,3,271,treating,textual,coefficient,0.07605659274875193,0.07605659274875193,positive,285,133,174
C_LOGISTIC_REGRESSION,5,3,160,lot,textual,coefficient,0.0740624940921312,0.0740624940921312,positive,286,134,173
C_LOGISTIC_REGRESSION,5,3,77,early,textual,coefficient,-0.07320992347414478,0.07320992347414478,negative,287,154,153
C_LOGISTIC_REGRESSION,5,3,218,school,textual,coefficient,-0.054905327179796785,0.054905327179796785,negative,288,153,154
C_LOGISTIC_REGRESSION,5,3,305,duration_sec,engagement_or_format,coefficient,-0.05351022387534735,0.05351022387534735,negative,289,152,155
C_LOGISTIC_REGRESSION,5,3,223,sensitive,textual,coefficient,0.053460759232456495,0.053460759232456495,positive,290,135,172
C_LOGISTIC_REGRESSION,5,3,167,making,textual,coefficient,-0.05214096094819626,0.05214096094819626,negative,291,151,156
C_LOGISTIC_REGRESSION,5,3,24,answer sep,textual,coefficient,0.04376344425071568,0.04376344425071568,positive,292,136,171
C_LOGISTIC_REGRESSION,5,3,226,sep,textual,coefficient,0.04185667744176319,0.04185667744176319,positive,293,137,170
C_LOGISTIC_REGRESSION,5,3,191,people adhd,textual,coefficient,0.04115240485187266,0.04115240485187266,positive,294,138,169
C_LOGISTIC_REGRESSION,5,3,3,activity,textual,coefficient,-0.03962241889284732,0.03962241889284732,negative,295,150,157
C_LOGISTIC_REGRESSION,5,3,47,comes,textual,coefficient,-0.03477747312393081,0.03477747312393081,negative,296,149,158
C_LOGISTIC_REGRESSION,5,3,105,forget,textual,coefficient,0.03385194539132942,0.03385194539132942,positive,297,139,168
C_LOGISTIC_REGRESSION,5,3,63,difficulty,textual,coefficient,-0.03185365070593689,0.03185365070593689,negative,298,148,159
C_LOGISTIC_REGRESSION,5,3,115,having,textual,coefficient,0.02652783008804624,0.02652783008804624,positive,299,140,167
C_LOGISTIC_REGRESSION,5,3,23,answer,textual,coefficient,0.02333764044264875,0.02333764044264875,positive,300,141,166
C_LOGISTIC_REGRESSION,5,3,151,life,textual,coefficient,-0.019794838869643443,0.019794838869643443,negative,301,147,160
C_LOGISTIC_REGRESSION,5,3,287,want,textual,coefficient,0.016984287883965554,0.016984287883965554,positive,302,142,165
C_LOGISTIC_REGRESSION,5,3,272,treating adhd,textual,coefficient,0.015474860581354387,0.015474860581354387,positive,303,143,164
C_LOGISTIC_REGRESSION,5,3,92,experts,textual,coefficient,-0.012169846540747367,0.012169846540747367,negative,304,146,161
C_LOGISTIC_REGRESSION,5,3,141,key,textual,coefficient,-0.00419440175620765,0.00419440175620765,negative,305,145,162
C_LOGISTIC_REGRESSION,5,3,276,trying,textual,coefficient,-0.0004760864768501099,0.0004760864768501099,negative,306,144,163
C_LOGISTIC_REGRESSION,5,4,85,energy,textual,coefficient,2.8698279294951776,2.8698279294951776,positive,1,1,306
C_LOGISTIC_REGRESSION,5,4,71,don,textual,coefficient,2.299841426708602,2.299841426708602,positive,2,2,305
C_LOGISTIC_REGRESSION,5,4,239,stop,textual,coefficient,2.267330456570959,2.267330456570959,positive,3,3,304
C_LOGISTIC_REGRESSION,5,4,284,ve,textual,coefficient,2.034650547278176,2.034650547278176,positive,4,4,303
C_LOGISTIC_REGRESSION,5,4,97,feel,textual,coefficient,1.835922241335816,1.835922241335816,positive,5,5,302
C_LOGISTIC_REGRESSION,5,4,173,medication,textual,coefficient,-1.8303944323897345,1.8303944323897345,negative,6,306,1
C_LOGISTIC_REGRESSION,5,4,101,focus,textual,coefficient,-1.775546183550212,1.775546183550212,negative,7,305,2
C_LOGISTIC_REGRESSION,5,4,304,views,engagement_or_format,coefficient,-1.7560808953883769,1.7560808953883769,negative,8,304,3
C_LOGISTIC_REGRESSION,5,4,35,brain,textual,coefficient,1.7246703291857879,1.7246703291857879,positive,9,6,301
C_LOGISTIC_REGRESSION,5,4,17,adhders,textual,coefficient,1.6652891848833253,1.6652891848833253,positive,10,7,300
C_LOGISTIC_REGRESSION,5,4,178,motivation,textual,coefficient,1.6633869424602805,1.6633869424602805,positive,11,8,299
C_LOGISTIC_REGRESSION,5,4,274,trouble,textual,coefficient,1.5565804738645532,1.5565804738645532,positive,12,9,298
C_LOGISTIC_REGRESSION,5,4,123,highly,textual,coefficient,1.5512430145289653,1.5512430145289653,positive,13,10,297
C_LOGISTIC_REGRESSION,5,4,223,sensitive,textual,coefficient,1.4989105634341766,1.4989105634341766,positive,14,11,296
C_LOGISTIC_REGRESSION,5,4,194,physical,textual,coefficient,1.4787677299323052,1.4787677299323052,positive,15,12,295
C_LOGISTIC_REGRESSION,5,4,183,number,textual,coefficient,-1.4703876635536788,1.4703876635536788,negative,16,303,4
C_LOGISTIC_REGRESSION,5,4,56,diagnosis,textual,coefficient,-1.3591396940292466,1.3591396940292466,negative,17,302,5
C_LOGISTIC_REGRESSION,5,4,303,comments,engagement_or_format,coefficient,1.349618404423186,1.349618404423186,positive,18,13,294
C_LOGISTIC_REGRESSION,5,4,106,friend,textual,coefficient,1.3181191017274814,1.3181191017274814,positive,19,14,293
C_LOGISTIC_REGRESSION,5,4,5,add,textual,coefficient,1.2711660946277037,1.2711660946277037,positive,20,15,292
C_LOGISTIC_REGRESSION,5,4,271,treating,textual,coefficient,1.259755172648314,1.259755172648314,positive,21,16,291
C_LOGISTIC_REGRESSION,5,4,249,symptoms,textual,coefficient,-1.2355859143809167,1.2355859143809167,negative,22,301,6
C_LOGISTIC_REGRESSION,5,4,198,potential,textual,coefficient,1.2019739950170365,1.2019739950170365,positive,23,17,290
C_LOGISTIC_REGRESSION,5,4,260,thing,textual,coefficient,1.1853929286817837,1.1853929286817837,positive,24,18,289
C_LOGISTIC_REGRESSION,5,4,261,things,textual,coefficient,1.1412049343796318,1.1412049343796318,positive,25,19,288
C_LOGISTIC_REGRESSION,5,4,279,uh,textual,coefficient,-1.1233505403708501,1.1233505403708501,negative,26,300,7
C_LOGISTIC_REGRESSION,5,4,73,dopamine,textual,coefficient,1.0934783909957322,1.0934783909957322,positive,27,20,287
C_LOGISTIC_REGRESSION,5,4,202,psychiatrist,textual,coefficient,1.0874887689698847,1.0874887689698847,positive,28,21,286
C_LOGISTIC_REGRESSION,5,4,275,try,textual,coefficient,1.069773002473829,1.069773002473829,positive,29,22,285
C_LOGISTIC_REGRESSION,5,4,9,adhd autism,textual,coefficient,1.0688830782976482,1.0688830782976482,positive,30,23,284
C_LOGISTIC_REGRESSION,5,4,287,want,textual,coefficient,1.057414828986439,1.057414828986439,positive,31,24,283
C_LOGISTIC_REGRESSION,5,4,296,years,textual,coefficient,1.044578264818046,1.044578264818046,positive,32,25,282
C_LOGISTIC_REGRESSION,5,4,10,adhd brain,textual,coefficient,1.0430309140252092,1.0430309140252092,positive,33,26,281
C_LOGISTIC_REGRESSION,5,4,90,exercise,textual,coefficient,1.0313626015248936,1.0313626015248936,positive,34,27,280
C_LOGISTIC_REGRESSION,5,4,250,symptoms adhd,textual,coefficient,-0.9906440161114857,0.9906440161114857,negative,35,299,8
C_LOGISTIC_REGRESSION,5,4,277,type,textual,coefficient,0.9894988921935393,0.9894988921935393,positive,36,28,279
C_LOGISTIC_REGRESSION,5,4,29,autistic,textual,coefficient,0.978024877149975,0.978024877149975,positive,37,29,278
C_LOGISTIC_REGRESSION,5,4,189,pay,textual,coefficient,0.9754656569254231,0.9754656569254231,positive,38,30,277
C_LOGISTIC_REGRESSION,5,4,13,adhd real,textual,coefficient,-0.9652553425685743,0.9652553425685743,negative,39,298,9
C_LOGISTIC_REGRESSION,5,4,142,kid,textual,coefficient,-0.9363723564198687,0.9363723564198687,negative,40,297,10
C_LOGISTIC_REGRESSION,5,4,231,signs adhd,textual,coefficient,0.9325264931566226,0.9325264931566226,positive,41,31,276
C_LOGISTIC_REGRESSION,5,4,220,seen,textual,coefficient,-0.9295731997048303,0.9295731997048303,negative,42,296,11
C_LOGISTIC_REGRESSION,5,4,82,emotional,textual,coefficient,0.9287371327488096,0.9287371327488096,positive,43,32,275
C_LOGISTIC_REGRESSION,5,4,214,right,textual,coefficient,0.9131705290057092,0.9131705290057092,positive,44,33,274
C_LOGISTIC_REGRESSION,5,4,138,issues,textual,coefficient,-0.8867556084233659,0.8867556084233659,negative,45,295,12
C_LOGISTIC_REGRESSION,5,4,222,sense,textual,coefficient,0.8761715672952438,0.8761715672952438,positive,46,34,273
C_LOGISTIC_REGRESSION,5,4,44,children,textual,coefficient,0.8759483807502214,0.8759483807502214,positive,47,35,272
C_LOGISTIC_REGRESSION,5,4,113,hard,textual,coefficient,-0.8539474297221126,0.8539474297221126,negative,48,294,13
C_LOGISTIC_REGRESSION,5,4,72,don know,textual,coefficient,0.8518532095306408,0.8518532095306408,positive,49,36,271
C_LOGISTIC_REGRESSION,5,4,242,struggle,textual,coefficient,0.83953553100552,0.83953553100552,positive,50,37,270
C_LOGISTIC_REGRESSION,5,4,96,fast,textual,coefficient,-0.8346984648394827,0.8346984648394827,negative,51,293,14
C_LOGISTIC_REGRESSION,5,4,67,doctor,textual,coefficient,-0.8250575239723578,0.8250575239723578,negative,52,292,15
C_LOGISTIC_REGRESSION,5,4,288,way,textual,coefficient,0.813411397030662,0.813411397030662,positive,53,38,269
C_LOGISTIC_REGRESSION,5,4,236,start,textual,coefficient,-0.7956161628344872,0.7956161628344872,negative,54,291,16
C_LOGISTIC_REGRESSION,5,4,154,little,textual,coefficient,-0.7902475847451988,0.7902475847451988,negative,55,290,17
C_LOGISTIC_REGRESSION,5,4,158,look,textual,coefficient,-0.7825258479203997,0.7825258479203997,negative,56,289,18
C_LOGISTIC_REGRESSION,5,4,199,probably,textual,coefficient,-0.768223496609142,0.768223496609142,negative,57,288,19
C_LOGISTIC_REGRESSION,5,4,140,just,textual,coefficient,-0.7599856419182004,0.7599856419182004,negative,58,287,20
C_LOGISTIC_REGRESSION,5,4,7,adhd,textual,coefficient,-0.7489070261115051,0.7489070261115051,negative,59,286,21
C_LOGISTIC_REGRESSION,5,4,266,times,textual,coefficient,-0.7438366692165383,0.7438366692165383,negative,60,285,22
C_LOGISTIC_REGRESSION,5,4,14,adhd sep,textual,coefficient,0.7393611864028254,0.7393611864028254,positive,61,39,268
C_LOGISTIC_REGRESSION,5,4,192,person,textual,coefficient,-0.7382655560356816,0.7382655560356816,negative,62,284,23
C_LOGISTIC_REGRESSION,5,4,282,use,textual,coefficient,-0.732252146315422,0.732252146315422,negative,63,283,24
C_LOGISTIC_REGRESSION,5,4,272,treating adhd,textual,coefficient,0.7308229948208226,0.7308229948208226,positive,64,40,267
C_LOGISTIC_REGRESSION,5,4,11,adhd diagnosis,textual,coefficient,-0.7262186605051547,0.7262186605051547,negative,65,282,25
C_LOGISTIC_REGRESSION,5,4,290,women,textual,coefficient,-0.7218649384583807,0.7218649384583807,negative,66,281,26
C_LOGISTIC_REGRESSION,5,4,247,support,textual,coefficient,-0.7149583824983562,0.7149583824983562,negative,67,280,27
C_LOGISTIC_REGRESSION,5,4,65,disorders,textual,coefficient,-0.7138759753000643,0.7138759753000643,negative,68,279,28
C_LOGISTIC_REGRESSION,5,4,258,term,textual,coefficient,-0.7115601677882505,0.7115601677882505,negative,69,278,29
C_LOGISTIC_REGRESSION,5,4,33,bit,textual,coefficient,-0.7093746237555734,0.7093746237555734,negative,70,277,30
C_LOGISTIC_REGRESSION,5,4,69,doesn,textual,coefficient,0.6977499634489216,0.6977499634489216,positive,71,41,266
C_LOGISTIC_REGRESSION,5,4,248,sure,textual,coefficient,-0.6966886076013529,0.6966886076013529,negative,72,276,31
C_LOGISTIC_REGRESSION,5,4,48,common,textual,coefficient,-0.6906499873700228,0.6906499873700228,negative,73,275,32
C_LOGISTIC_REGRESSION,5,4,110,good,textual,coefficient,-0.6902599426716283,0.6902599426716283,negative,74,274,33
C_LOGISTIC_REGRESSION,5,4,269,treat,textual,coefficient,-0.685056470621893,0.685056470621893,negative,75,273,34
C_LOGISTIC_REGRESSION,5,4,124,home,textual,coefficient,0.6842287749267668,0.6842287749267668,positive,76,42,265
C_LOGISTIC_REGRESSION,5,4,144,kind,textual,coefficient,-0.6837349991068333,0.6837349991068333,negative,77,272,35
C_LOGISTIC_REGRESSION,5,4,16,adhd women,textual,coefficient,-0.6828279131873923,0.6828279131873923,negative,78,271,36
C_LOGISTIC_REGRESSION,5,4,128,important,textual,coefficient,-0.6777557950901619,0.6777557950901619,negative,79,270,37
C_LOGISTIC_REGRESSION,5,4,115,having,textual,coefficient,-0.6694722745488018,0.6694722745488018,negative,80,269,38
C_LOGISTIC_REGRESSION,5,4,91,experience,textual,coefficient,-0.6683491933982665,0.6683491933982665,negative,81,268,39
C_LOGISTIC_REGRESSION,5,4,26,attention,textual,coefficient,0.6590928140118538,0.6590928140118538,positive,82,43,264
C_LOGISTIC_REGRESSION,5,4,251,taking,textual,coefficient,-0.6481580172023583,0.6481580172023583,negative,83,267,40
C_LOGISTIC_REGRESSION,5,4,49,constantly,textual,coefficient,-0.6466192964769777,0.6466192964769777,negative,84,266,41
C_LOGISTIC_REGRESSION,5,4,55,diagnosed,textual,coefficient,-0.6413372429603094,0.6413372429603094,negative,85,265,42
C_LOGISTIC_REGRESSION,5,4,70,doing,textual,coefficient,0.6404644258102938,0.6404644258102938,positive,86,44,263
C_LOGISTIC_REGRESSION,5,4,112,happens,textual,coefficient,-0.6329290259972535,0.6329290259972535,negative,87,264,43
C_LOGISTIC_REGRESSION,5,4,136,intense,textual,coefficient,-0.6297951207872721,0.6297951207872721,negative,88,263,44
C_LOGISTIC_REGRESSION,5,4,51,criteria,textual,coefficient,-0.6254009186597985,0.6254009186597985,negative,89,262,45
C_LOGISTIC_REGRESSION,5,4,156,long,textual,coefficient,-0.6218969429771615,0.6218969429771615,negative,90,261,46
C_LOGISTIC_REGRESSION,5,4,179,moving,textual,coefficient,-0.6213385466073047,0.6213385466073047,negative,91,260,47
C_LOGISTIC_REGRESSION,5,4,150,levels,textual,coefficient,-0.6195967238828047,0.6195967238828047,negative,92,259,48
C_LOGISTIC_REGRESSION,5,4,256,tell,textual,coefficient,-0.6153197855991505,0.6153197855991505,negative,93,258,49
C_LOGISTIC_REGRESSION,5,4,184,oh,textual,coefficient,-0.6109352233460114,0.6109352233460114,negative,94,257,50
C_LOGISTIC_REGRESSION,5,4,283,usually,textual,coefficient,0.6093290883466911,0.6093290883466911,positive,95,45,262
C_LOGISTIC_REGRESSION,5,4,187,overwhelmed,textual,coefficient,-0.6028106112977448,0.6028106112977448,negative,96,256,51
C_LOGISTIC_REGRESSION,5,4,289,ways,textual,coefficient,-0.6020856129953708,0.6020856129953708,negative,97,255,52
C_LOGISTIC_REGRESSION,5,4,305,duration_sec,engagement_or_format,coefficient,-0.6009425920670411,0.6009425920670411,negative,98,254,53
C_LOGISTIC_REGRESSION,5,4,207,recommend,textual,coefficient,0.5933111552775961,0.5933111552775961,positive,99,46,261
C_LOGISTIC_REGRESSION,5,4,197,poor,textual,coefficient,0.5915523177417371,0.5915523177417371,positive,100,47,260
C_LOGISTIC_REGRESSION,5,4,219,second,textual,coefficient,-0.5841199325928764,0.5841199325928764,negative,101,253,54
C_LOGISTIC_REGRESSION,5,4,238,stimulants,textual,coefficient,-0.582763108015961,0.582763108015961,negative,102,252,55
C_LOGISTIC_REGRESSION,5,4,171,mean,textual,coefficient,0.5777649101194181,0.5777649101194181,positive,103,48,259
C_LOGISTIC_REGRESSION,5,4,43,child,textual,coefficient,0.5738660969114242,0.5738660969114242,positive,104,49,258
C_LOGISTIC_REGRESSION,5,4,37,called,textual,coefficient,-0.5709529753216359,0.5709529753216359,negative,105,251,56
C_LOGISTIC_REGRESSION,5,4,87,everybody,textual,coefficient,0.5705523718054029,0.5705523718054029,positive,106,50,257
C_LOGISTIC_REGRESSION,5,4,111,got,textual,coefficient,0.570358719771026,0.570358719771026,positive,107,51,256
C_LOGISTIC_REGRESSION,5,4,221,self,textual,coefficient,0.569440699327738,0.569440699327738,positive,108,52,255
C_LOGISTIC_REGRESSION,5,4,160,lot,textual,coefficient,-0.5622066897395848,0.5622066897395848,negative,109,250,57
C_LOGISTIC_REGRESSION,5,4,130,impulsive,textual,coefficient,-0.5620016600909239,0.5620016600909239,negative,110,249,58
C_LOGISTIC_REGRESSION,5,4,8,adhd adhd,textual,coefficient,0.5606229345100564,0.5606229345100564,positive,111,53,254
C_LOGISTIC_REGRESSION,5,4,218,school,textual,coefficient,-0.5583721666388071,0.5583721666388071,negative,112,248,59
C_LOGISTIC_REGRESSION,5,4,12,adhd medication,textual,coefficient,-0.5573326112644915,0.5573326112644915,negative,113,247,60
C_LOGISTIC_REGRESSION,5,4,83,emotions,textual,coefficient,-0.5535293195715351,0.5535293195715351,negative,114,246,61
C_LOGISTIC_REGRESSION,5,4,205,real,textual,coefficient,-0.5460672076267653,0.5460672076267653,negative,115,245,62
C_LOGISTIC_REGRESSION,5,4,149,let,textual,coefficient,-0.5429309379186101,0.5429309379186101,negative,116,244,63
C_LOGISTIC_REGRESSION,5,4,122,higher,textual,coefficient,0.5419569998947716,0.5419569998947716,positive,117,54,253
C_LOGISTIC_REGRESSION,5,4,255,tasks,textual,coefficient,-0.5418851126718548,0.5418851126718548,negative,118,243,64
C_LOGISTIC_REGRESSION,5,4,155,ll,textual,coefficient,-0.5378866777179698,0.5378866777179698,negative,119,242,65
C_LOGISTIC_REGRESSION,5,4,98,feel like,textual,coefficient,-0.5375490345724413,0.5375490345724413,negative,120,241,66
C_LOGISTIC_REGRESSION,5,4,125,hyperactive,textual,coefficient,-0.5337174361419298,0.5337174361419298,negative,121,240,67
C_LOGISTIC_REGRESSION,5,4,257,tend,textual,coefficient,-0.5325065924259941,0.5325065924259941,negative,122,239,68
C_LOGISTIC_REGRESSION,5,4,19,adults,textual,coefficient,0.5319918029159729,0.5319918029159729,positive,123,55,252
C_LOGISTIC_REGRESSION,5,4,34,body,textual,coefficient,0.5269789033877964,0.5269789033877964,positive,124,56,251
C_LOGISTIC_REGRESSION,5,4,28,autism,textual,coefficient,0.5265477577979816,0.5265477577979816,positive,125,57,250
C_LOGISTIC_REGRESSION,5,4,133,increase,textual,coefficient,0.5232792632266255,0.5232792632266255,positive,126,58,249
C_LOGISTIC_REGRESSION,5,4,75,drugs,textual,coefficient,-0.522490939802371,0.522490939802371,negative,127,238,69
C_LOGISTIC_REGRESSION,5,4,99,feeling,textual,coefficient,0.5217980162642523,0.5217980162642523,positive,128,59,248
C_LOGISTIC_REGRESSION,5,4,114,harder,textual,coefficient,-0.5215583111478571,0.5215583111478571,negative,129,237,70
C_LOGISTIC_REGRESSION,5,4,139,job,textual,coefficient,-0.5209201192577825,0.5209201192577825,negative,130,236,71
C_LOGISTIC_REGRESSION,5,4,209,regulation,textual,coefficient,-0.5200574478533793,0.5200574478533793,negative,131,235,72
C_LOGISTIC_REGRESSION,5,4,201,problems,textual,coefficient,-0.5160095714314905,0.5160095714314905,negative,132,234,73
C_LOGISTIC_REGRESSION,5,4,254,task,textual,coefficient,0.5159226932072685,0.5159226932072685,positive,133,60,247
C_LOGISTIC_REGRESSION,5,4,302,likes,engagement_or_format,coefficient,0.5121153424617046,0.5121153424617046,positive,134,61,246
C_LOGISTIC_REGRESSION,5,4,46,come,textual,coefficient,-0.5097844274871733,0.5097844274871733,negative,135,233,74
C_LOGISTIC_REGRESSION,5,4,147,late,textual,coefficient,-0.5088780179345376,0.5088780179345376,negative,136,232,75
C_LOGISTIC_REGRESSION,5,4,100,feelings,textual,coefficient,-0.5006740722858278,0.5006740722858278,negative,137,231,76
C_LOGISTIC_REGRESSION,5,4,15,adhd symptoms,textual,coefficient,-0.4925503506898191,0.4925503506898191,negative,138,230,77
C_LOGISTIC_REGRESSION,5,4,94,fact,textual,coefficient,-0.49231473185719943,0.49231473185719943,negative,139,229,78
C_LOGISTIC_REGRESSION,5,4,293,world,textual,coefficient,0.49096225438397023,0.49096225438397023,positive,140,62,245
C_LOGISTIC_REGRESSION,5,4,129,improve,textual,coefficient,0.4893664616831485,0.4893664616831485,positive,141,63,244
C_LOGISTIC_REGRESSION,5,4,181,need,textual,coefficient,-0.4803478923378618,0.4803478923378618,negative,142,228,79
C_LOGISTIC_REGRESSION,5,4,208,reduce,textual,coefficient,0.4783837888277456,0.4783837888277456,positive,143,64,243
C_LOGISTIC_REGRESSION,5,4,143,kids,textual,coefficient,-0.4736088981855296,0.4736088981855296,negative,144,227,80
C_LOGISTIC_REGRESSION,5,4,286,wait,textual,coefficient,-0.47150532635339965,0.47150532635339965,negative,145,226,81
C_LOGISTIC_REGRESSION,5,4,244,study,textual,coefficient,-0.4702086434990161,0.4702086434990161,negative,146,225,82
C_LOGISTIC_REGRESSION,5,4,6,adderall,textual,coefficient,-0.46765601196806167,0.46765601196806167,negative,147,224,83
C_LOGISTIC_REGRESSION,5,4,294,worse,textual,coefficient,-0.4626242967277816,0.4626242967277816,negative,148,223,84
C_LOGISTIC_REGRESSION,5,4,174,medications,textual,coefficient,-0.45675503107134957,0.45675503107134957,negative,149,222,85
C_LOGISTIC_REGRESSION,5,4,212,relationships,textual,coefficient,-0.4560061618606396,0.4560061618606396,negative,150,221,86
C_LOGISTIC_REGRESSION,5,4,237,stimulant,textual,coefficient,-0.4511844423468177,0.4511844423468177,negative,151,220,87
C_LOGISTIC_REGRESSION,5,4,18,adult,textual,coefficient,-0.45081230481137063,0.45081230481137063,negative,152,219,88
C_LOGISTIC_REGRESSION,5,4,119,helpful,textual,coefficient,-0.44804541942986115,0.44804541942986115,negative,153,218,89
C_LOGISTIC_REGRESSION,5,4,104,foods,textual,coefficient,-0.44618876622026604,0.44618876622026604,negative,154,217,90
C_LOGISTIC_REGRESSION,5,4,227,sep adhd,textual,coefficient,-0.445852826366951,0.445852826366951,negative,155,216,91
C_LOGISTIC_REGRESSION,5,4,88,example,textual,coefficient,-0.4404783991101377,0.4404783991101377,negative,156,215,92
C_LOGISTIC_REGRESSION,5,4,263,think,textual,coefficient,0.4399828360213748,0.4399828360213748,positive,157,65,242
C_LOGISTIC_REGRESSION,5,4,2,absolutely,textual,coefficient,-0.4381112879801019,0.4381112879801019,negative,158,214,93
C_LOGISTIC_REGRESSION,5,4,36,brains,textual,coefficient,-0.43797211421956117,0.43797211421956117,negative,159,213,94
C_LOGISTIC_REGRESSION,5,4,300,certainty_score,handcrafted_linguistic,coefficient,0.43278408565894566,0.43278408565894566,positive,160,66,241
C_LOGISTIC_REGRESSION,5,4,81,effects,textual,coefficient,-0.4314684080181178,0.4314684080181178,negative,161,212,95
C_LOGISTIC_REGRESSION,5,4,196,point,textual,coefficient,-0.42941594161449104,0.42941594161449104,negative,162,211,96
C_LOGISTIC_REGRESSION,5,4,64,disorder,textual,coefficient,-0.42892187651472863,0.42892187651472863,negative,163,210,97
C_LOGISTIC_REGRESSION,5,4,132,inattentive,textual,coefficient,-0.42783396185261524,0.42783396185261524,negative,164,209,98
C_LOGISTIC_REGRESSION,5,4,141,key,textual,coefficient,-0.42547465353630803,0.42547465353630803,negative,165,208,99
C_LOGISTIC_REGRESSION,5,4,127,impact,textual,coefficient,-0.4242927247902908,0.4242927247902908,negative,166,207,100
C_LOGISTIC_REGRESSION,5,4,177,mind,textual,coefficient,-0.4237206258815259,0.4237206258815259,negative,167,206,101
C_LOGISTIC_REGRESSION,5,4,278,types,textual,coefficient,-0.42158068133214727,0.42158068133214727,negative,168,205,102
C_LOGISTIC_REGRESSION,5,4,245,sugar,textual,coefficient,-0.41651668471735703,0.41651668471735703,negative,169,204,103
C_LOGISTIC_REGRESSION,5,4,22,anger,textual,coefficient,0.4110886716331442,0.4110886716331442,positive,170,67,240
C_LOGISTIC_REGRESSION,5,4,292,works,textual,coefficient,0.40701917209554156,0.40701917209554156,positive,171,68,239
C_LOGISTIC_REGRESSION,5,4,276,trying,textual,coefficient,-0.4004868075955647,0.4004868075955647,negative,172,203,104
C_LOGISTIC_REGRESSION,5,4,234,small,textual,coefficient,0.3985880484171002,0.3985880484171002,positive,173,69,238
C_LOGISTIC_REGRESSION,5,4,146,lack,textual,coefficient,-0.38702589723530134,0.38702589723530134,negative,174,202,105
C_LOGISTIC_REGRESSION,5,4,145,know,textual,coefficient,0.3838402278291512,0.3838402278291512,positive,175,70,237
C_LOGISTIC_REGRESSION,5,4,180,music,textual,coefficient,0.3807813394524807,0.3807813394524807,positive,176,71,236
C_LOGISTIC_REGRESSION,5,4,233,sleep,textual,coefficient,-0.3787225044878501,0.3787225044878501,negative,177,201,106
C_LOGISTIC_REGRESSION,5,4,246,supplements,textual,coefficient,-0.37679608842922374,0.37679608842922374,negative,178,200,107
C_LOGISTIC_REGRESSION,5,4,170,maybe,textual,coefficient,0.36816880882145087,0.36816880882145087,positive,179,72,235
C_LOGISTIC_REGRESSION,5,4,50,control,textual,coefficient,-0.3681241940045279,0.3681241940045279,negative,180,199,108
C_LOGISTIC_REGRESSION,5,4,23,answer,textual,coefficient,-0.36735963548810974,0.36735963548810974,negative,181,198,109
C_LOGISTIC_REGRESSION,5,4,78,easily,textual,coefficient,-0.3637950835993198,0.3637950835993198,negative,182,197,110
C_LOGISTIC_REGRESSION,5,4,167,making,textual,coefficient,-0.3629836055657397,0.3629836055657397,negative,183,196,111
C_LOGISTIC_REGRESSION,5,4,241,structure,textual,coefficient,-0.3597277470226613,0.3597277470226613,negative,184,195,112
C_LOGISTIC_REGRESSION,5,4,295,yeah,textual,coefficient,0.3536918733513541,0.3536918733513541,positive,185,73,234
C_LOGISTIC_REGRESSION,5,4,190,people,textual,coefficient,0.35293569043192846,0.35293569043192846,positive,186,74,233
C_LOGISTIC_REGRESSION,5,4,102,follow,textual,coefficient,-0.3499464276361582,0.3499464276361582,negative,187,194,113
C_LOGISTIC_REGRESSION,5,4,66,distracted,textual,coefficient,-0.346086891383225,0.346086891383225,negative,188,193,114
C_LOGISTIC_REGRESSION,5,4,299,एड,textual,coefficient,-0.3460010983809991,0.3460010983809991,negative,189,192,115
C_LOGISTIC_REGRESSION,5,4,195,playing,textual,coefficient,-0.34153515206358614,0.34153515206358614,negative,190,191,116
C_LOGISTIC_REGRESSION,5,4,137,isn,textual,coefficient,0.3398692527545827,0.3398692527545827,positive,191,75,232
C_LOGISTIC_REGRESSION,5,4,38,care,textual,coefficient,-0.33784814397916524,0.33784814397916524,negative,192,190,117
C_LOGISTIC_REGRESSION,5,4,182,non,textual,coefficient,-0.33710669765850126,0.33710669765850126,negative,193,189,118
C_LOGISTIC_REGRESSION,5,4,1,able,textual,coefficient,0.33435226628357145,0.33435226628357145,positive,194,76,231
C_LOGISTIC_REGRESSION,5,4,188,patients,textual,coefficient,0.33337829824844845,0.33337829824844845,positive,195,77,230
C_LOGISTIC_REGRESSION,5,4,161,lots,textual,coefficient,-0.33320247017805493,0.33320247017805493,negative,196,188,119
C_LOGISTIC_REGRESSION,5,4,95,family,textual,coefficient,0.32829166083280215,0.32829166083280215,positive,197,78,229
C_LOGISTIC_REGRESSION,5,4,215,running,textual,coefficient,-0.3279468312050713,0.3279468312050713,negative,198,187,120
C_LOGISTIC_REGRESSION,5,4,243,struggling,textual,coefficient,-0.32272245785670056,0.32272245785670056,negative,199,186,121
C_LOGISTIC_REGRESSION,5,4,229,shown,textual,coefficient,-0.32084735719648083,0.32084735719648083,negative,200,185,122
C_LOGISTIC_REGRESSION,5,4,126,hyperactivity,textual,coefficient,-0.31895908386692007,0.31895908386692007,negative,201,184,123
C_LOGISTIC_REGRESSION,5,4,168,manage,textual,coefficient,-0.3174957455245461,0.3174957455245461,negative,202,183,124
C_LOGISTIC_REGRESSION,5,4,3,activity,textual,coefficient,-0.31732567293977826,0.31732567293977826,negative,203,182,125
C_LOGISTIC_REGRESSION,5,4,232,sit,textual,coefficient,0.3167632265350522,0.3167632265350522,positive,204,79,228
C_LOGISTIC_REGRESSION,5,4,280,um,textual,coefficient,0.3145884045681385,0.3145884045681385,positive,205,80,227
C_LOGISTIC_REGRESSION,5,4,153,likely,textual,coefficient,-0.3145392692382188,0.3145392692382188,negative,206,181,126
C_LOGISTIC_REGRESSION,5,4,40,challenges,textual,coefficient,-0.31368229997552843,0.31368229997552843,negative,207,180,127
C_LOGISTIC_REGRESSION,5,4,235,social,textual,coefficient,0.3136619983262323,0.3136619983262323,positive,208,81,226
C_LOGISTIC_REGRESSION,5,4,273,treatment,textual,coefficient,-0.3121038429077701,0.3121038429077701,negative,209,179,128
C_LOGISTIC_REGRESSION,5,4,240,strategies,textual,coefficient,-0.31192674727202196,0.31192674727202196,negative,210,178,129
C_LOGISTIC_REGRESSION,5,4,267,traits,textual,coefficient,-0.310745532923309,0.310745532923309,negative,211,177,130
C_LOGISTIC_REGRESSION,5,4,193,phone,textual,coefficient,0.3083819682894363,0.3083819682894363,positive,212,82,225
C_LOGISTIC_REGRESSION,5,4,165,make sure,textual,coefficient,-0.3069069277438409,0.3069069277438409,negative,213,176,131
C_LOGISTIC_REGRESSION,5,4,176,mental,textual,coefficient,-0.30638769584482944,0.30638769584482944,negative,214,175,132
C_LOGISTIC_REGRESSION,5,4,89,executive,textual,coefficient,-0.30612560074575995,0.30612560074575995,negative,215,174,133
C_LOGISTIC_REGRESSION,5,4,203,psychologist,textual,coefficient,-0.30094062153145246,0.30094062153145246,negative,216,173,134
C_LOGISTIC_REGRESSION,5,4,151,life,textual,coefficient,-0.2977887664596313,0.2977887664596313,negative,217,172,135
C_LOGISTIC_REGRESSION,5,4,68,does,textual,coefficient,-0.28346170251349123,0.28346170251349123,negative,218,171,136
C_LOGISTIC_REGRESSION,5,4,57,diagnostic,textual,coefficient,-0.28052534383428185,0.28052534383428185,negative,219,170,137
C_LOGISTIC_REGRESSION,5,4,20,affect,textual,coefficient,-0.27999872956281563,0.27999872956281563,negative,220,169,138
C_LOGISTIC_REGRESSION,5,4,268,trauma,textual,coefficient,0.2717840577737915,0.2717840577737915,positive,221,83,224
C_LOGISTIC_REGRESSION,5,4,131,impulsivity,textual,coefficient,-0.2712474926577311,0.2712474926577311,negative,222,168,139
C_LOGISTIC_REGRESSION,5,4,210,rejection,textual,coefficient,-0.2628471836091103,0.2628471836091103,negative,223,167,140
C_LOGISTIC_REGRESSION,5,4,172,means,textual,coefficient,0.26040839755011697,0.26040839755011697,positive,224,84,223
C_LOGISTIC_REGRESSION,5,4,134,information,textual,coefficient,0.257532483331495,0.257532483331495,positive,225,85,222
C_LOGISTIC_REGRESSION,5,4,225,sensory,textual,coefficient,-0.2502960929345528,0.2502960929345528,negative,226,166,141
C_LOGISTIC_REGRESSION,5,4,169,management,textual,coefficient,-0.24943289469788485,0.24943289469788485,negative,227,165,142
C_LOGISTIC_REGRESSION,5,4,262,things like,textual,coefficient,0.24254939162874525,0.24254939162874525,positive,228,86,221
C_LOGISTIC_REGRESSION,5,4,259,therapy,textual,coefficient,0.23237747729594793,0.23237747729594793,positive,229,87,220
C_LOGISTIC_REGRESSION,5,4,103,food,textual,coefficient,-0.22984709351343846,0.22984709351343846,negative,230,164,143
C_LOGISTIC_REGRESSION,5,4,185,okay,textual,coefficient,-0.22831574253630132,0.22831574253630132,negative,231,163,144
C_LOGISTIC_REGRESSION,5,4,186,options,textual,coefficient,-0.22647654102332354,0.22647654102332354,negative,232,162,145
C_LOGISTIC_REGRESSION,5,4,157,long term,textual,coefficient,-0.2211799346576,0.2211799346576,negative,233,161,146
C_LOGISTIC_REGRESSION,5,4,159,looking,textual,coefficient,0.22023061426474125,0.22023061426474125,positive,234,88,219
C_LOGISTIC_REGRESSION,5,4,31,better,textual,coefficient,-0.21920856448579074,0.21920856448579074,negative,235,160,147
C_LOGISTIC_REGRESSION,5,4,301,hedge_score,handcrafted_linguistic,coefficient,-0.2169561403638477,0.2169561403638477,negative,236,159,148
C_LOGISTIC_REGRESSION,5,4,47,comes,textual,coefficient,0.2166278402856808,0.2166278402856808,positive,237,89,218
C_LOGISTIC_REGRESSION,5,4,175,meds,textual,coefficient,-0.21248604115295808,0.21248604115295808,negative,238,158,149
C_LOGISTIC_REGRESSION,5,4,0,10,textual,coefficient,0.2109911054151047,0.2109911054151047,positive,239,90,217
C_LOGISTIC_REGRESSION,5,4,39,certain,textual,coefficient,0.20703205788412646,0.20703205788412646,positive,240,91,216
C_LOGISTIC_REGRESSION,5,4,252,talk,textual,coefficient,0.2057803089593593,0.2057803089593593,positive,241,92,215
C_LOGISTIC_REGRESSION,5,4,80,eating,textual,coefficient,-0.2030800513462442,0.2030800513462442,negative,242,157,150
C_LOGISTIC_REGRESSION,5,4,107,getting,textual,coefficient,-0.20004499926383018,0.20004499926383018,negative,243,156,151
C_LOGISTIC_REGRESSION,5,4,92,experts,textual,coefficient,-0.19638059237502722,0.19638059237502722,negative,244,155,152
C_LOGISTIC_REGRESSION,5,4,30,behavior,textual,coefficient,0.19581337321981757,0.19581337321981757,positive,245,93,214
C_LOGISTIC_REGRESSION,5,4,25,anxiety,textual,coefficient,0.19456565730947128,0.19456565730947128,positive,246,94,213
C_LOGISTIC_REGRESSION,5,4,213,remember,textual,coefficient,-0.19240958784603854,0.19240958784603854,negative,247,154,153
C_LOGISTIC_REGRESSION,5,4,63,difficulty,textual,coefficient,-0.18883897599471058,0.18883897599471058,negative,248,153,154
C_LOGISTIC_REGRESSION,5,4,224,sensitivity,textual,coefficient,-0.1852097211697716,0.1852097211697716,negative,249,152,155
C_LOGISTIC_REGRESSION,5,4,79,eat,textual,coefficient,0.18504309673341765,0.18504309673341765,positive,250,95,212
C_LOGISTIC_REGRESSION,5,4,109,going,textual,coefficient,0.1797286021362369,0.1797286021362369,positive,251,96,211
C_LOGISTIC_REGRESSION,5,4,74,dr,textual,coefficient,-0.17872180199585613,0.17872180199585613,negative,252,151,156
C_LOGISTIC_REGRESSION,5,4,24,answer sep,textual,coefficient,-0.17048075409113492,0.17048075409113492,negative,253,150,157
C_LOGISTIC_REGRESSION,5,4,21,affects,textual,coefficient,-0.17021707608770528,0.17021707608770528,negative,254,149,158
C_LOGISTIC_REGRESSION,5,4,45,college,textual,coefficient,-0.16855709450618617,0.16855709450618617,negative,255,148,159
C_LOGISTIC_REGRESSION,5,4,93,experts answer,textual,coefficient,-0.1682786221729563,0.1682786221729563,negative,256,147,160
C_LOGISTIC_REGRESSION,5,4,265,time,textual,coefficient,-0.16354464590764062,0.16354464590764062,negative,257,146,161
C_LOGISTIC_REGRESSION,5,4,230,signs,textual,coefficient,0.16169245018166448,0.16169245018166448,positive,258,97,210
C_LOGISTIC_REGRESSION,5,4,162,love,textual,coefficient,0.15747826470873771,0.15747826470873771,positive,259,98,209
C_LOGISTIC_REGRESSION,5,4,61,different,textual,coefficient,0.15367342998856032,0.15367342998856032,positive,260,99,208
C_LOGISTIC_REGRESSION,5,4,62,differently,textual,coefficient,-0.15326878884120057,0.15326878884120057,negative,261,145,162
C_LOGISTIC_REGRESSION,5,4,41,changes,textual,coefficient,-0.15310849062982004,0.15310849062982004,negative,262,144,163
C_LOGISTIC_REGRESSION,5,4,27,audhd,textual,coefficient,-0.15216836617220514,0.15216836617220514,negative,263,143,164
C_LOGISTIC_REGRESSION,5,4,191,people adhd,textual,coefficient,-0.15182195270682414,0.15182195270682414,negative,264,142,165
C_LOGISTIC_REGRESSION,5,4,211,rejection sensitivity,textual,coefficient,-0.14322434793054503,0.14322434793054503,negative,265,141,166
C_LOGISTIC_REGRESSION,5,4,281,understand,textual,coefficient,0.14116786095276615,0.14116786095276615,positive,266,100,207
C_LOGISTIC_REGRESSION,5,4,116,health,textual,coefficient,-0.1325185591561326,0.1325185591561326,negative,267,140,167
C_LOGISTIC_REGRESSION,5,4,58,did,textual,coefficient,-0.1308660700679366,0.1308660700679366,negative,268,139,168
C_LOGISTIC_REGRESSION,5,4,4,actually,textual,coefficient,-0.1219111871626734,0.1219111871626734,negative,269,138,169
C_LOGISTIC_REGRESSION,5,4,148,lead,textual,coefficient,0.12093981486521849,0.12093981486521849,positive,270,101,206
C_LOGISTIC_REGRESSION,5,4,204,quickly,textual,coefficient,-0.11128854568345649,0.11128854568345649,negative,271,137,170
C_LOGISTIC_REGRESSION,5,4,135,instead,textual,coefficient,0.1101489217740869,0.1101489217740869,positive,272,102,205
C_LOGISTIC_REGRESSION,5,4,76,dysfunction,textual,coefficient,0.10898917903380333,0.10898917903380333,positive,273,103,204
C_LOGISTIC_REGRESSION,5,4,77,early,textual,coefficient,0.1088072956598517,0.1088072956598517,positive,274,104,203
C_LOGISTIC_REGRESSION,5,4,54,depression,textual,coefficient,-0.10793099431556656,0.10793099431556656,negative,275,136,171
C_LOGISTIC_REGRESSION,5,4,52,day,textual,coefficient,-0.10466060604854625,0.10466060604854625,negative,276,135,172
C_LOGISTIC_REGRESSION,5,4,200,problem,textual,coefficient,0.10421072455727684,0.10421072455727684,positive,277,105,202
C_LOGISTIC_REGRESSION,5,4,228,shorts,textual,coefficient,-0.10309056904784215,0.10309056904784215,negative,278,134,173
C_LOGISTIC_REGRESSION,5,4,120,helps,textual,coefficient,0.09657604420210532,0.09657604420210532,positive,279,106,201
C_LOGISTIC_REGRESSION,5,4,117,hear,textual,coefficient,-0.09538123461743434,0.09538123461743434,negative,280,133,174
C_LOGISTIC_REGRESSION,5,4,253,talking,textual,coefficient,-0.09372245038912455,0.09372245038912455,negative,281,132,175
C_LOGISTIC_REGRESSION,5,4,291,work,textual,coefficient,0.09364519134121731,0.09364519134121731,positive,282,107,200
C_LOGISTIC_REGRESSION,5,4,270,treated,textual,coefficient,0.09341665125666784,0.09341665125666784,positive,283,108,199
C_LOGISTIC_REGRESSION,5,4,206,really,textual,coefficient,0.09037878460082426,0.09037878460082426,positive,284,109,198
C_LOGISTIC_REGRESSION,5,4,53,deficit,textual,coefficient,-0.08751237575561699,0.08751237575561699,negative,285,131,176
C_LOGISTIC_REGRESSION,5,4,152,like,textual,coefficient,0.08706340487579488,0.08706340487579488,positive,286,110,197
C_LOGISTIC_REGRESSION,5,4,226,sep,textual,coefficient,0.08319356601688022,0.08319356601688022,positive,287,111,196
C_LOGISTIC_REGRESSION,5,4,84,end,textual,coefficient,-0.0806647090268053,0.0806647090268053,negative,288,130,177
C_LOGISTIC_REGRESSION,5,4,298,एक,textual,coefficient,-0.07591855217127644,0.07591855217127644,negative,289,129,178
C_LOGISTIC_REGRESSION,5,4,217,saying,textual,coefficient,0.06865497801342137,0.06865497801342137,positive,290,112,195
C_LOGISTIC_REGRESSION,5,4,164,make,textual,coefficient,-0.06526537388772412,0.06526537388772412,negative,291,128,179
C_LOGISTIC_REGRESSION,5,4,264,thinking,textual,coefficient,0.05892930274893107,0.05892930274893107,positive,292,113,194
C_LOGISTIC_REGRESSION,5,4,121,high,textual,coefficient,0.05717677891864089,0.05717677891864089,positive,293,114,193
C_LOGISTIC_REGRESSION,5,4,42,check,textual,coefficient,0.05145124143597128,0.05145124143597128,positive,294,115,192
C_LOGISTIC_REGRESSION,5,4,297,इपर,textual,coefficient,-0.04872956022846728,0.04872956022846728,negative,295,127,180
C_LOGISTIC_REGRESSION,5,4,285,video,textual,coefficient,-0.04734895964472505,0.04734895964472505,negative,296,126,181
C_LOGISTIC_REGRESSION,5,4,60,difference,textual,coefficient,0.04682076636873269,0.04682076636873269,positive,297,116,191
C_LOGISTIC_REGRESSION,5,4,163,low,textual,coefficient,-0.042847529131600795,0.042847529131600795,negative,298,125,182
C_LOGISTIC_REGRESSION,5,4,32,big,textual,coefficient,0.04218020095465762,0.04218020095465762,positive,299,117,190
C_LOGISTIC_REGRESSION,5,4,59,diet,textual,coefficient,0.04209055627271727,0.04209055627271727,positive,300,118,189
C_LOGISTIC_REGRESSION,5,4,166,makes,textual,coefficient,0.03856277322154814,0.03856277322154814,positive,301,119,188
C_LOGISTIC_REGRESSION,5,4,216,say,textual,coefficient,-0.03778157131934542,0.03778157131934542,negative,302,124,183
C_LOGISTIC_REGRESSION,5,4,105,forget,textual,coefficient,-0.027196097601437777,0.027196097601437777,negative,303,123,184
C_LOGISTIC_REGRESSION,5,4,108,girls,textual,coefficient,-0.02480746217614061,0.02480746217614061,negative,304,122,185
C_LOGISTIC_REGRESSION,5,4,118,help,textual,coefficient,-0.013503436314420802,0.013503436314420802,negative,305,121,186
C_LOGISTIC_REGRESSION,5,4,86,especially,textual,coefficient,-0.007722544870672266,0.007722544870672266,negative,306,120,187
