condition,fold,class_label,feature_index,feature,feature_group,weight_type,weight,absolute_weight,direction,absolute_rank,positive_rank,negative_rank
C_LOGISTIC_REGRESSION,final_training_fit,1,45,common,textual,coefficient,2.3872866689415746,2.3872866689415746,positive,1,1,306
C_LOGISTIC_REGRESSION,final_training_fit,1,69,don,textual,coefficient,-2.2359810712694985,2.2359810712694985,negative,2,306,1
C_LOGISTIC_REGRESSION,final_training_fit,1,128,impulsivity,textual,coefficient,2.0112807667711112,2.0112807667711112,positive,3,2,305
C_LOGISTIC_REGRESSION,final_training_fit,1,34,brain,textual,coefficient,-1.9827211366867032,1.9827211366867032,negative,4,305,2
C_LOGISTIC_REGRESSION,final_training_fit,1,204,problems,textual,coefficient,1.9769626013420987,1.9769626013420987,positive,5,3,304
C_LOGISTIC_REGRESSION,final_training_fit,1,57,diet,textual,coefficient,-1.9483841480445567,1.9483841480445567,negative,6,304,3
C_LOGISTIC_REGRESSION,final_training_fit,1,218,school,textual,coefficient,1.90590280227199,1.90590280227199,positive,7,4,303
C_LOGISTIC_REGRESSION,final_training_fit,1,112,harder,textual,coefficient,1.8811132186565978,1.8811132186565978,positive,8,5,302
C_LOGISTIC_REGRESSION,final_training_fit,1,5,adhd,textual,coefficient,1.8679701508385542,1.8679701508385542,positive,9,6,301
C_LOGISTIC_REGRESSION,final_training_fit,1,29,best,textual,coefficient,1.7633432259258328,1.7633432259258328,positive,10,7,300
C_LOGISTIC_REGRESSION,final_training_fit,1,24,autism,textual,coefficient,1.7628888735034347,1.7628888735034347,positive,11,8,299
C_LOGISTIC_REGRESSION,final_training_fit,1,261,thing,textual,coefficient,-1.7611185684103174,1.7611185684103174,negative,12,303,4
C_LOGISTIC_REGRESSION,final_training_fit,1,52,depression,textual,coefficient,-1.7507008622031006,1.7507008622031006,negative,13,302,5
C_LOGISTIC_REGRESSION,final_training_fit,1,256,tasks,textual,coefficient,1.7499985762453913,1.7499985762453913,positive,14,9,298
C_LOGISTIC_REGRESSION,final_training_fit,1,11,adhd medication,textual,coefficient,1.7036188072514058,1.7036188072514058,positive,15,10,297
C_LOGISTIC_REGRESSION,final_training_fit,1,19,answer,textual,coefficient,1.6083393502997028,1.6083393502997028,positive,16,11,296
C_LOGISTIC_REGRESSION,final_training_fit,1,203,problem,textual,coefficient,-1.5928888590519321,1.5928888590519321,negative,17,301,6
C_LOGISTIC_REGRESSION,final_training_fit,1,104,function,textual,coefficient,1.5564181445731031,1.5564181445731031,positive,18,12,295
C_LOGISTIC_REGRESSION,final_training_fit,1,288,want,textual,coefficient,-1.5466440402190909,1.5466440402190909,negative,19,300,7
C_LOGISTIC_REGRESSION,final_training_fit,1,42,college,textual,coefficient,1.5377668140475775,1.5377668140475775,positive,20,13,294
C_LOGISTIC_REGRESSION,final_training_fit,1,142,know,textual,coefficient,1.498471066938066,1.498471066938066,positive,21,14,293
C_LOGISTIC_REGRESSION,final_training_fit,1,40,child,textual,coefficient,-1.4724780699641233,1.4724780699641233,negative,22,299,8
C_LOGISTIC_REGRESSION,final_training_fit,1,54,diagnosis,textual,coefficient,1.4386203331619256,1.4386203331619256,positive,23,15,292
C_LOGISTIC_REGRESSION,final_training_fit,1,148,life,textual,coefficient,1.3955677421384904,1.3955677421384904,positive,24,16,291
C_LOGISTIC_REGRESSION,final_training_fit,1,230,signs,textual,coefficient,1.391952815937568,1.391952815937568,positive,25,17,290
C_LOGISTIC_REGRESSION,final_training_fit,1,124,impact,textual,coefficient,1.3667304376079064,1.3667304376079064,positive,26,18,289
C_LOGISTIC_REGRESSION,final_training_fit,1,101,foods,textual,coefficient,-1.3549971028904249,1.3549971028904249,negative,27,298,9
C_LOGISTIC_REGRESSION,final_training_fit,1,281,understanding,textual,coefficient,1.3548276326896684,1.3548276326896684,positive,28,19,288
C_LOGISTIC_REGRESSION,final_training_fit,1,131,increase,textual,coefficient,-1.3447563583879178,1.3447563583879178,negative,29,297,10
C_LOGISTIC_REGRESSION,final_training_fit,1,304,views,engagement_or_format,coefficient,1.3419966049278969,1.3419966049278969,positive,30,20,287
C_LOGISTIC_REGRESSION,final_training_fit,1,285,ve,textual,coefficient,-1.3395907152874196,1.3395907152874196,negative,31,296,11
C_LOGISTIC_REGRESSION,final_training_fit,1,207,quickly,textual,coefficient,1.3199536062348807,1.3199536062348807,positive,32,21,286
C_LOGISTIC_REGRESSION,final_training_fit,1,289,way,textual,coefficient,-1.3147706708594458,1.3147706708594458,negative,33,295,12
C_LOGISTIC_REGRESSION,final_training_fit,1,179,natural,textual,coefficient,-1.311296039954504,1.311296039954504,negative,34,294,13
C_LOGISTIC_REGRESSION,final_training_fit,1,98,focus,textual,coefficient,1.3039416539834374,1.3039416539834374,positive,35,22,285
C_LOGISTIC_REGRESSION,final_training_fit,1,21,anxiety,textual,coefficient,1.2943556667987441,1.2943556667987441,positive,36,23,284
C_LOGISTIC_REGRESSION,final_training_fit,1,224,sensitivity,textual,coefficient,-1.2829446781050402,1.2829446781050402,negative,37,293,14
C_LOGISTIC_REGRESSION,final_training_fit,1,14,adhd symptoms,textual,coefficient,1.2683810940733153,1.2683810940733153,positive,38,24,283
C_LOGISTIC_REGRESSION,final_training_fit,1,233,sleep,textual,coefficient,1.262250731153302,1.262250731153302,positive,39,25,282
C_LOGISTIC_REGRESSION,final_training_fit,1,107,good,textual,coefficient,-1.2530467087094341,1.2530467087094341,negative,40,292,15
C_LOGISTIC_REGRESSION,final_training_fit,1,178,music,textual,coefficient,1.2418165825282668,1.2418165825282668,positive,41,26,281
C_LOGISTIC_REGRESSION,final_training_fit,1,227,sep adhd,textual,coefficient,1.21831158703819,1.21831158703819,positive,42,27,280
C_LOGISTIC_REGRESSION,final_training_fit,1,277,uh,textual,coefficient,-1.2175354139867123,1.2175354139867123,negative,43,291,16
C_LOGISTIC_REGRESSION,final_training_fit,1,9,adhd diagnosis,textual,coefficient,1.1857907467766715,1.1857907467766715,positive,44,28,279
C_LOGISTIC_REGRESSION,final_training_fit,1,105,getting,textual,coefficient,1.178046375018793,1.178046375018793,positive,45,29,278
C_LOGISTIC_REGRESSION,final_training_fit,1,114,health,textual,coefficient,1.1755852836351408,1.1755852836351408,positive,46,30,277
C_LOGISTIC_REGRESSION,final_training_fit,1,169,means,textual,coefficient,-1.1743228464523505,1.1743228464523505,negative,47,290,17
C_LOGISTIC_REGRESSION,final_training_fit,1,100,food,textual,coefficient,-1.1632102304132224,1.1632102304132224,negative,48,289,18
C_LOGISTIC_REGRESSION,final_training_fit,1,160,low,textual,coefficient,-1.1620566540959227,1.1620566540959227,negative,49,288,19
C_LOGISTIC_REGRESSION,final_training_fit,1,111,hard,textual,coefficient,1.1600328229275971,1.1600328229275971,positive,50,31,276
C_LOGISTIC_REGRESSION,final_training_fit,1,12,adhd real,textual,coefficient,1.1520787935975625,1.1520787935975625,positive,51,32,275
C_LOGISTIC_REGRESSION,final_training_fit,1,221,self,textual,coefficient,-1.1473775221157836,1.1473775221157836,negative,52,287,20
C_LOGISTIC_REGRESSION,final_training_fit,1,141,kind,textual,coefficient,1.1459794108578456,1.1459794108578456,positive,53,33,274
C_LOGISTIC_REGRESSION,final_training_fit,1,153,ll,textual,coefficient,-1.141735902902035,1.141735902902035,negative,54,286,21
C_LOGISTIC_REGRESSION,final_training_fit,1,248,support,textual,coefficient,1.1386433121014459,1.1386433121014459,positive,55,34,273
C_LOGISTIC_REGRESSION,final_training_fit,1,66,does,textual,coefficient,1.136617852317121,1.136617852317121,positive,56,35,272
C_LOGISTIC_REGRESSION,final_training_fit,1,213,relationships,textual,coefficient,-1.135455144485945,1.135455144485945,negative,57,285,22
C_LOGISTIC_REGRESSION,final_training_fit,1,211,regulation,textual,coefficient,1.1324759679323102,1.1324759679323102,positive,58,36,271
C_LOGISTIC_REGRESSION,final_training_fit,1,15,adhd women,textual,coefficient,-1.123344392468426,1.123344392468426,negative,59,284,23
C_LOGISTIC_REGRESSION,final_training_fit,1,8,adhd brain,textual,coefficient,-1.106959197094275,1.106959197094275,negative,60,283,24
C_LOGISTIC_REGRESSION,final_training_fit,1,194,people adhd,textual,coefficient,-1.106300016852465,1.106300016852465,negative,61,282,25
C_LOGISTIC_REGRESSION,final_training_fit,1,259,term,textual,coefficient,1.1013165662686801,1.1013165662686801,positive,62,37,270
C_LOGISTIC_REGRESSION,final_training_fit,1,67,doesn,textual,coefficient,-1.0957787533110748,1.0957787533110748,negative,63,281,26
C_LOGISTIC_REGRESSION,final_training_fit,1,33,body,textual,coefficient,-1.0941002244161333,1.0941002244161333,negative,64,280,27
C_LOGISTIC_REGRESSION,final_training_fit,1,302,likes,engagement_or_format,coefficient,-1.0893947771191341,1.0893947771191341,negative,65,279,28
C_LOGISTIC_REGRESSION,final_training_fit,1,165,manage,textual,coefficient,1.0837014733963672,1.0837014733963672,positive,66,38,269
C_LOGISTIC_REGRESSION,final_training_fit,1,127,impulsive,textual,coefficient,1.06491793638243,1.06491793638243,positive,67,39,268
C_LOGISTIC_REGRESSION,final_training_fit,1,86,executive,textual,coefficient,1.0271974503440815,1.0271974503440815,positive,68,40,267
C_LOGISTIC_REGRESSION,final_training_fit,1,118,helps,textual,coefficient,1.0224524935137387,1.0224524935137387,positive,69,41,266
C_LOGISTIC_REGRESSION,final_training_fit,1,214,remember,textual,coefficient,-1.0218539495014618,1.0218539495014618,negative,70,278,29
C_LOGISTIC_REGRESSION,final_training_fit,1,49,criteria,textual,coefficient,1.0140691344494899,1.0140691344494899,positive,71,42,265
C_LOGISTIC_REGRESSION,final_training_fit,1,257,tell,textual,coefficient,-0.9701480238474234,0.9701480238474234,negative,72,277,30
C_LOGISTIC_REGRESSION,final_training_fit,1,72,drugs,textual,coefficient,0.968058926226922,0.968058926226922,positive,73,43,264
C_LOGISTIC_REGRESSION,final_training_fit,1,16,adult,textual,coefficient,0.9617964486417253,0.9617964486417253,positive,74,44,263
C_LOGISTIC_REGRESSION,final_training_fit,1,286,video,textual,coefficient,-0.958472790040899,0.958472790040899,negative,75,276,31
C_LOGISTIC_REGRESSION,final_training_fit,1,70,dopamine,textual,coefficient,-0.9543411857114408,0.9543411857114408,negative,76,275,32
C_LOGISTIC_REGRESSION,final_training_fit,1,116,help,textual,coefficient,-0.9410651160034579,0.9410651160034579,negative,77,274,33
C_LOGISTIC_REGRESSION,final_training_fit,1,294,world,textual,coefficient,-0.9404030711048535,0.9404030711048535,negative,78,273,34
C_LOGISTIC_REGRESSION,final_training_fit,1,134,intense,textual,coefficient,-0.9295865207739185,0.9295865207739185,negative,79,272,35
C_LOGISTIC_REGRESSION,final_training_fit,1,0,10,textual,coefficient,-0.908185826987961,0.908185826987961,negative,80,271,36
C_LOGISTIC_REGRESSION,final_training_fit,1,58,difference,textual,coefficient,0.9024262355504611,0.9024262355504611,positive,81,45,262
C_LOGISTIC_REGRESSION,final_training_fit,1,255,task,textual,coefficient,-0.9006662349580286,0.9006662349580286,negative,82,270,37
C_LOGISTIC_REGRESSION,final_training_fit,1,186,okay,textual,coefficient,-0.9002711280951607,0.9002711280951607,negative,83,269,38
C_LOGISTIC_REGRESSION,final_training_fit,1,158,lots,textual,coefficient,0.8976196800829862,0.8976196800829862,positive,84,46,261
C_LOGISTIC_REGRESSION,final_training_fit,1,250,symptoms,textual,coefficient,0.8940310888530496,0.8940310888530496,positive,85,47,260
C_LOGISTIC_REGRESSION,final_training_fit,1,297,years,textual,coefficient,-0.882954590721588,0.882954590721588,negative,86,268,39
C_LOGISTIC_REGRESSION,final_training_fit,1,51,deficit,textual,coefficient,-0.8793924465899946,0.8793924465899946,negative,87,267,40
C_LOGISTIC_REGRESSION,final_training_fit,1,190,patients,textual,coefficient,-0.8739600715800842,0.8739600715800842,negative,88,266,41
C_LOGISTIC_REGRESSION,final_training_fit,1,43,come,textual,coefficient,0.873239616574631,0.873239616574631,positive,89,48,259
C_LOGISTIC_REGRESSION,final_training_fit,1,7,adhd autism,textual,coefficient,0.8633780279851035,0.8633780279851035,positive,90,49,258
C_LOGISTIC_REGRESSION,final_training_fit,1,140,kids,textual,coefficient,0.8565286385818192,0.8565286385818192,positive,91,50,257
C_LOGISTIC_REGRESSION,final_training_fit,1,96,feel like,textual,coefficient,0.8503153372205128,0.8503153372205128,positive,92,51,256
C_LOGISTIC_REGRESSION,final_training_fit,1,205,protein,textual,coefficient,0.8498366645678637,0.8498366645678637,positive,93,52,255
C_LOGISTIC_REGRESSION,final_training_fit,1,13,adhd sep,textual,coefficient,-0.847271588988316,0.847271588988316,negative,94,265,42
C_LOGISTIC_REGRESSION,final_training_fit,1,246,stuff,textual,coefficient,-0.8464416709299412,0.8464416709299412,negative,95,264,43
C_LOGISTIC_REGRESSION,final_training_fit,1,106,going,textual,coefficient,0.845549000443273,0.845549000443273,positive,96,53,254
C_LOGISTIC_REGRESSION,final_training_fit,1,2,activity,textual,coefficient,0.8434205251328638,0.8434205251328638,positive,97,54,253
C_LOGISTIC_REGRESSION,final_training_fit,1,282,use,textual,coefficient,-0.8431615292356616,0.8431615292356616,negative,98,263,44
C_LOGISTIC_REGRESSION,final_training_fit,1,212,rejection,textual,coefficient,-0.8392419980693605,0.8392419980693605,negative,99,262,45
C_LOGISTIC_REGRESSION,final_training_fit,1,85,example,textual,coefficient,-0.8374274467442104,0.8374274467442104,negative,100,261,46
C_LOGISTIC_REGRESSION,final_training_fit,1,272,trouble,textual,coefficient,0.8259614908625008,0.8259614908625008,positive,101,55,252
C_LOGISTIC_REGRESSION,final_training_fit,1,274,trying,textual,coefficient,0.8208927097068824,0.8208927097068824,positive,102,56,251
C_LOGISTIC_REGRESSION,final_training_fit,1,144,late,textual,coefficient,0.8063367170254018,0.8063367170254018,positive,103,57,250
C_LOGISTIC_REGRESSION,final_training_fit,1,168,mean,textual,coefficient,-0.8046574233249196,0.8046574233249196,negative,104,260,47
C_LOGISTIC_REGRESSION,final_training_fit,1,121,home,textual,coefficient,-0.7919228526299659,0.7919228526299659,negative,105,259,48
C_LOGISTIC_REGRESSION,final_training_fit,1,181,neurotypical,textual,coefficient,0.7827227099029452,0.7827227099029452,positive,106,58,249
C_LOGISTIC_REGRESSION,final_training_fit,1,198,point,textual,coefficient,-0.7798847811715678,0.7798847811715678,negative,107,258,49
C_LOGISTIC_REGRESSION,final_training_fit,1,22,attention,textual,coefficient,0.778308723152733,0.778308723152733,positive,108,59,248
C_LOGISTIC_REGRESSION,final_training_fit,1,197,physical,textual,coefficient,-0.7763811618044386,0.7763811618044386,negative,109,257,50
C_LOGISTIC_REGRESSION,final_training_fit,1,188,overwhelmed,textual,coefficient,0.7715147868549571,0.7715147868549571,positive,110,60,247
C_LOGISTIC_REGRESSION,final_training_fit,1,46,condition,textual,coefficient,0.7709034374036366,0.7709034374036366,positive,111,61,246
C_LOGISTIC_REGRESSION,final_training_fit,1,303,comments,engagement_or_format,coefficient,-0.7639648493963468,0.7639648493963468,negative,112,256,51
C_LOGISTIC_REGRESSION,final_training_fit,1,75,easily,textual,coefficient,0.7624909365972888,0.7624909365972888,positive,113,62,245
C_LOGISTIC_REGRESSION,final_training_fit,1,123,hyperactivity,textual,coefficient,-0.7611058899916535,0.7611058899916535,negative,114,255,52
C_LOGISTIC_REGRESSION,final_training_fit,1,151,little,textual,coefficient,-0.7594198909827101,0.7594198909827101,negative,115,254,53
C_LOGISTIC_REGRESSION,final_training_fit,1,74,early,textual,coefficient,0.7463168128856988,0.7463168128856988,positive,116,63,244
C_LOGISTIC_REGRESSION,final_training_fit,1,136,issues,textual,coefficient,-0.7411945163790593,0.7411945163790593,negative,117,253,54
C_LOGISTIC_REGRESSION,final_training_fit,1,88,experience,textual,coefficient,0.7410747609110682,0.7410747609110682,positive,118,64,243
C_LOGISTIC_REGRESSION,final_training_fit,1,236,start,textual,coefficient,0.7352701235572009,0.7352701235572009,positive,119,65,242
C_LOGISTIC_REGRESSION,final_training_fit,1,166,management,textual,coefficient,0.7329611903904097,0.7329611903904097,positive,120,66,241
C_LOGISTIC_REGRESSION,final_training_fit,1,79,emotional,textual,coefficient,0.719362861444515,0.719362861444515,positive,121,67,240
C_LOGISTIC_REGRESSION,final_training_fit,1,35,brains,textual,coefficient,0.7115535924404454,0.7115535924404454,positive,122,68,239
C_LOGISTIC_REGRESSION,final_training_fit,1,20,answer sep,textual,coefficient,0.7041572117933164,0.7041572117933164,positive,123,69,238
C_LOGISTIC_REGRESSION,final_training_fit,1,87,exercise,textual,coefficient,0.7037858684621352,0.7037858684621352,positive,124,70,237
C_LOGISTIC_REGRESSION,final_training_fit,1,110,happens,textual,coefficient,-0.7030698000847194,0.7030698000847194,negative,125,252,55
C_LOGISTIC_REGRESSION,final_training_fit,1,27,behavior,textual,coefficient,-0.6989899240761107,0.6989899240761107,negative,126,251,56
C_LOGISTIC_REGRESSION,final_training_fit,1,296,yeah,textual,coefficient,0.6976102212981963,0.6976102212981963,positive,127,71,236
C_LOGISTIC_REGRESSION,final_training_fit,1,171,medications,textual,coefficient,0.6944880372791946,0.6944880372791946,positive,128,72,235
C_LOGISTIC_REGRESSION,final_training_fit,1,269,treated,textual,coefficient,0.6885489216095152,0.6885489216095152,positive,129,73,234
C_LOGISTIC_REGRESSION,final_training_fit,1,61,difficulty,textual,coefficient,0.6833135903861056,0.6833135903861056,positive,130,74,233
C_LOGISTIC_REGRESSION,final_training_fit,1,223,sensitive,textual,coefficient,-0.67925068245768,0.67925068245768,negative,131,250,57
C_LOGISTIC_REGRESSION,final_training_fit,1,145,lead,textual,coefficient,-0.6739195923927865,0.6739195923927865,negative,132,249,58
C_LOGISTIC_REGRESSION,final_training_fit,1,172,meds,textual,coefficient,0.6721547215863006,0.6721547215863006,positive,133,75,232
C_LOGISTIC_REGRESSION,final_training_fit,1,220,seen,textual,coefficient,0.6704448634071226,0.6704448634071226,positive,134,76,231
C_LOGISTIC_REGRESSION,final_training_fit,1,113,having,textual,coefficient,0.6655830783100596,0.6655830783100596,positive,135,77,230
C_LOGISTIC_REGRESSION,final_training_fit,1,71,dr,textual,coefficient,-0.6575414766505777,0.6575414766505777,negative,136,248,59
C_LOGISTIC_REGRESSION,final_training_fit,1,228,shorts,textual,coefficient,0.6531476462131425,0.6531476462131425,positive,137,78,229
C_LOGISTIC_REGRESSION,final_training_fit,1,189,parents,textual,coefficient,0.6521499362781323,0.6521499362781323,positive,138,79,228
C_LOGISTIC_REGRESSION,final_training_fit,1,268,treat,textual,coefficient,-0.6494547887766343,0.6494547887766343,negative,139,247,60
C_LOGISTIC_REGRESSION,final_training_fit,1,278,um,textual,coefficient,-0.6437519088173773,0.6437519088173773,negative,140,246,61
C_LOGISTIC_REGRESSION,final_training_fit,1,291,women,textual,coefficient,-0.6393436304611928,0.6393436304611928,negative,141,245,62
C_LOGISTIC_REGRESSION,final_training_fit,1,273,try,textual,coefficient,-0.6356926165683683,0.6356926165683683,negative,142,244,63
C_LOGISTIC_REGRESSION,final_training_fit,1,200,potential,textual,coefficient,-0.6237426589198126,0.6237426589198126,negative,143,243,64
C_LOGISTIC_REGRESSION,final_training_fit,1,231,signs adhd,textual,coefficient,-0.6201592672997607,0.6201592672997607,negative,144,242,65
C_LOGISTIC_REGRESSION,final_training_fit,1,287,wait,textual,coefficient,-0.6196694007249196,0.6196694007249196,negative,145,241,66
C_LOGISTIC_REGRESSION,final_training_fit,1,41,children,textual,coefficient,-0.6184867332723806,0.6184867332723806,negative,146,240,67
C_LOGISTIC_REGRESSION,final_training_fit,1,28,behaviors,textual,coefficient,0.6182571628095231,0.6182571628095231,positive,147,80,227
C_LOGISTIC_REGRESSION,final_training_fit,1,32,bit,textual,coefficient,-0.599259605845005,0.599259605845005,negative,148,239,68
C_LOGISTIC_REGRESSION,final_training_fit,1,182,neurotypical person,textual,coefficient,0.5940540288581247,0.5940540288581247,positive,149,81,226
C_LOGISTIC_REGRESSION,final_training_fit,1,6,adhd adhd,textual,coefficient,-0.5871257014256303,0.5871257014256303,negative,150,238,69
C_LOGISTIC_REGRESSION,final_training_fit,1,290,ways,textual,coefficient,0.5836547956419231,0.5836547956419231,positive,151,82,225
C_LOGISTIC_REGRESSION,final_training_fit,1,90,experts answer,textual,coefficient,0.5823238040579191,0.5823238040579191,positive,152,83,224
C_LOGISTIC_REGRESSION,final_training_fit,1,137,just,textual,coefficient,0.578646948587371,0.578646948587371,positive,153,84,223
C_LOGISTIC_REGRESSION,final_training_fit,1,63,disorders,textual,coefficient,0.5785315833989221,0.5785315833989221,positive,154,85,222
C_LOGISTIC_REGRESSION,final_training_fit,1,53,diagnosed,textual,coefficient,-0.5776933426610953,0.5776933426610953,negative,155,237,70
C_LOGISTIC_REGRESSION,final_training_fit,1,44,comes,textual,coefficient,-0.577387284430356,0.577387284430356,negative,156,236,71
C_LOGISTIC_REGRESSION,final_training_fit,1,235,social,textual,coefficient,0.5707793016529316,0.5707793016529316,positive,157,86,221
C_LOGISTIC_REGRESSION,final_training_fit,1,37,care,textual,coefficient,-0.5676744791555443,0.5676744791555443,negative,158,235,72
C_LOGISTIC_REGRESSION,final_training_fit,1,284,usually,textual,coefficient,-0.5661712523517538,0.5661712523517538,negative,159,234,73
C_LOGISTIC_REGRESSION,final_training_fit,1,254,talking,textual,coefficient,-0.5568481522373868,0.5568481522373868,negative,160,233,74
C_LOGISTIC_REGRESSION,final_training_fit,1,185,oh,textual,coefficient,-0.5554817900573877,0.5554817900573877,negative,161,232,75
C_LOGISTIC_REGRESSION,final_training_fit,1,237,stimulant,textual,coefficient,-0.5453449983256812,0.5453449983256812,negative,162,231,76
C_LOGISTIC_REGRESSION,final_training_fit,1,260,therapy,textual,coefficient,-0.530778554213353,0.530778554213353,negative,163,230,77
C_LOGISTIC_REGRESSION,final_training_fit,1,62,disorder,textual,coefficient,-0.5241258026579122,0.5241258026579122,negative,164,229,78
C_LOGISTIC_REGRESSION,final_training_fit,1,78,effects,textual,coefficient,-0.5215294247154253,0.5215294247154253,negative,165,228,79
C_LOGISTIC_REGRESSION,final_training_fit,1,271,treatment,textual,coefficient,0.5155011028485195,0.5155011028485195,positive,166,87,220
C_LOGISTIC_REGRESSION,final_training_fit,1,299,एक,textual,coefficient,-0.5050053232758622,0.5050053232758622,negative,167,227,80
C_LOGISTIC_REGRESSION,final_training_fit,1,180,need,textual,coefficient,-0.5006948460681175,0.5006948460681175,negative,168,226,81
C_LOGISTIC_REGRESSION,final_training_fit,1,242,struggle,textual,coefficient,0.5002455946863179,0.5002455946863179,positive,169,88,219
C_LOGISTIC_REGRESSION,final_training_fit,1,65,doctor,textual,coefficient,-0.49138021595450154,0.49138021595450154,negative,170,225,82
C_LOGISTIC_REGRESSION,final_training_fit,1,18,affects,textual,coefficient,-0.4895432958328886,0.4895432958328886,negative,171,224,83
C_LOGISTIC_REGRESSION,final_training_fit,1,238,stimulants,textual,coefficient,-0.48595654630801544,0.48595654630801544,negative,172,223,84
C_LOGISTIC_REGRESSION,final_training_fit,1,258,tend,textual,coefficient,-0.4818163258582668,0.4818163258582668,negative,173,222,85
C_LOGISTIC_REGRESSION,final_training_fit,1,232,sit,textual,coefficient,-0.48167271135667206,0.48167271135667206,negative,174,221,86
C_LOGISTIC_REGRESSION,final_training_fit,1,275,turn,textual,coefficient,0.4808235130010121,0.4808235130010121,positive,175,89,218
C_LOGISTIC_REGRESSION,final_training_fit,1,103,friend,textual,coefficient,-0.47437964691308393,0.47437964691308393,negative,176,220,87
C_LOGISTIC_REGRESSION,final_training_fit,1,56,did,textual,coefficient,0.46344141604339495,0.46344141604339495,positive,177,90,217
C_LOGISTIC_REGRESSION,final_training_fit,1,149,like,textual,coefficient,0.4628630183850604,0.4628630183850604,positive,178,91,216
C_LOGISTIC_REGRESSION,final_training_fit,1,208,real,textual,coefficient,0.46051424969647653,0.46051424969647653,positive,179,92,215
C_LOGISTIC_REGRESSION,final_training_fit,1,264,think,textual,coefficient,0.45718099822938024,0.45718099822938024,positive,180,93,214
C_LOGISTIC_REGRESSION,final_training_fit,1,276,type,textual,coefficient,-0.4479260748202151,0.4479260748202151,negative,181,219,88
C_LOGISTIC_REGRESSION,final_training_fit,1,17,adults,textual,coefficient,0.44775760338252485,0.44775760338252485,positive,182,94,213
C_LOGISTIC_REGRESSION,final_training_fit,1,234,small,textual,coefficient,-0.44326394910185113,0.44326394910185113,negative,183,218,89
C_LOGISTIC_REGRESSION,final_training_fit,1,126,improve,textual,coefficient,-0.44182380790960607,0.44182380790960607,negative,184,217,90
C_LOGISTIC_REGRESSION,final_training_fit,1,175,mood,textual,coefficient,-0.4415287357756148,0.4415287357756148,negative,185,216,91
C_LOGISTIC_REGRESSION,final_training_fit,1,76,eat,textual,coefficient,-0.43935663345617604,0.43935663345617604,negative,186,215,92
C_LOGISTIC_REGRESSION,final_training_fit,1,295,wrong,textual,coefficient,-0.438417426200354,0.438417426200354,negative,187,214,93
C_LOGISTIC_REGRESSION,final_training_fit,1,89,experts,textual,coefficient,0.4283446703978329,0.4283446703978329,positive,188,95,212
C_LOGISTIC_REGRESSION,final_training_fit,1,173,mental,textual,coefficient,0.42348688348313096,0.42348688348313096,positive,189,96,211
C_LOGISTIC_REGRESSION,final_training_fit,1,243,struggles,textual,coefficient,0.41881445821035246,0.41881445821035246,positive,190,97,210
C_LOGISTIC_REGRESSION,final_training_fit,1,245,study,textual,coefficient,-0.40605977434457124,0.40605977434457124,negative,191,213,94
C_LOGISTIC_REGRESSION,final_training_fit,1,81,end,textual,coefficient,0.4056069231397882,0.4056069231397882,positive,192,98,209
C_LOGISTIC_REGRESSION,final_training_fit,1,25,autistic,textual,coefficient,-0.3988372890777173,0.3988372890777173,negative,193,212,95
C_LOGISTIC_REGRESSION,final_training_fit,1,26,bad,textual,coefficient,-0.3905608749158022,0.3905608749158022,negative,194,211,96
C_LOGISTIC_REGRESSION,final_training_fit,1,240,strategies,textual,coefficient,-0.3863079431334292,0.3863079431334292,negative,195,210,97
C_LOGISTIC_REGRESSION,final_training_fit,1,55,diagnostic,textual,coefficient,-0.3840893071196877,0.3840893071196877,negative,196,209,98
C_LOGISTIC_REGRESSION,final_training_fit,1,253,talk,textual,coefficient,-0.3801348638716218,0.3801348638716218,negative,197,208,99
C_LOGISTIC_REGRESSION,final_training_fit,1,36,called,textual,coefficient,-0.378159939822754,0.378159939822754,negative,198,207,100
C_LOGISTIC_REGRESSION,final_training_fit,1,39,challenges,textual,coefficient,0.3653832684744835,0.3653832684744835,positive,199,99,208
C_LOGISTIC_REGRESSION,final_training_fit,1,183,non,textual,coefficient,0.36346829214435306,0.36346829214435306,positive,200,100,207
C_LOGISTIC_REGRESSION,final_training_fit,1,60,differently,textual,coefficient,-0.35340165861455347,0.35340165861455347,negative,201,206,101
C_LOGISTIC_REGRESSION,final_training_fit,1,199,poor,textual,coefficient,0.3480881249794402,0.3480881249794402,positive,202,101,206
C_LOGISTIC_REGRESSION,final_training_fit,1,206,psychiatrist,textual,coefficient,-0.34524682308098315,0.34524682308098315,negative,203,205,102
C_LOGISTIC_REGRESSION,final_training_fit,1,202,probably,textual,coefficient,-0.34324959204854655,0.34324959204854655,negative,204,204,103
C_LOGISTIC_REGRESSION,final_training_fit,1,83,especially,textual,coefficient,0.34210456800612044,0.34210456800612044,positive,205,102,205
C_LOGISTIC_REGRESSION,final_training_fit,1,50,day,textual,coefficient,0.3295919835679925,0.3295919835679925,positive,206,103,204
C_LOGISTIC_REGRESSION,final_training_fit,1,192,pay attention,textual,coefficient,0.3274344989266317,0.3274344989266317,positive,207,104,203
C_LOGISTIC_REGRESSION,final_training_fit,1,280,understand,textual,coefficient,-0.3238867859691944,0.3238867859691944,negative,208,203,104
C_LOGISTIC_REGRESSION,final_training_fit,1,219,second,textual,coefficient,0.3235383891708102,0.3235383891708102,positive,209,105,202
C_LOGISTIC_REGRESSION,final_training_fit,1,31,big,textual,coefficient,-0.318800900024191,0.318800900024191,negative,210,202,105
C_LOGISTIC_REGRESSION,final_training_fit,1,225,sensory,textual,coefficient,0.3142743646583392,0.3142743646583392,positive,211,106,201
C_LOGISTIC_REGRESSION,final_training_fit,1,216,say,textual,coefficient,0.3090879839370151,0.3090879839370151,positive,212,107,200
C_LOGISTIC_REGRESSION,final_training_fit,1,1,able,textual,coefficient,-0.30183032532610926,0.30183032532610926,negative,213,201,106
C_LOGISTIC_REGRESSION,final_training_fit,1,249,sure,textual,coefficient,0.3004687233451914,0.3004687233451914,positive,214,108,199
C_LOGISTIC_REGRESSION,final_training_fit,1,95,feel,textual,coefficient,-0.2951892943760665,0.2951892943760665,negative,215,200,107
C_LOGISTIC_REGRESSION,final_training_fit,1,73,dysfunction,textual,coefficient,0.2899027436198465,0.2899027436198465,positive,216,109,198
C_LOGISTIC_REGRESSION,final_training_fit,1,196,phone,textual,coefficient,0.28904876059150797,0.28904876059150797,positive,217,110,197
C_LOGISTIC_REGRESSION,final_training_fit,1,247,sugar,textual,coefficient,-0.2858728158406051,0.2858728158406051,negative,218,199,108
C_LOGISTIC_REGRESSION,final_training_fit,1,122,hyperactive,textual,coefficient,-0.28114190234141834,0.28114190234141834,negative,219,198,109
C_LOGISTIC_REGRESSION,final_training_fit,1,102,forget,textual,coefficient,0.2809803317360874,0.2809803317360874,positive,220,111,196
C_LOGISTIC_REGRESSION,final_training_fit,1,3,actually,textual,coefficient,-0.2786838796092176,0.2786838796092176,negative,221,197,110
C_LOGISTIC_REGRESSION,final_training_fit,1,266,time,textual,coefficient,-0.27497180043096897,0.27497180043096897,negative,222,196,111
C_LOGISTIC_REGRESSION,final_training_fit,1,215,right,textual,coefficient,-0.2744044361084165,0.2744044361084165,negative,223,195,112
C_LOGISTIC_REGRESSION,final_training_fit,1,177,moving,textual,coefficient,-0.2740105391354923,0.2740105391354923,negative,224,194,113
C_LOGISTIC_REGRESSION,final_training_fit,1,94,family,textual,coefficient,0.27198858786238667,0.27198858786238667,positive,225,112,195
C_LOGISTIC_REGRESSION,final_training_fit,1,176,motivation,textual,coefficient,-0.2704052676658925,0.2704052676658925,negative,226,193,114
C_LOGISTIC_REGRESSION,final_training_fit,1,97,feeling,textual,coefficient,-0.26403823382031466,0.26403823382031466,negative,227,192,115
C_LOGISTIC_REGRESSION,final_training_fit,1,298,इपर,textual,coefficient,-0.26326153855802403,0.26326153855802403,negative,228,191,116
C_LOGISTIC_REGRESSION,final_training_fit,1,139,kid,textual,coefficient,-0.25081470089783786,0.25081470089783786,negative,229,190,117
C_LOGISTIC_REGRESSION,final_training_fit,1,270,treating,textual,coefficient,-0.24657224972538092,0.24657224972538092,negative,230,189,118
C_LOGISTIC_REGRESSION,final_training_fit,1,109,great,textual,coefficient,-0.23722311977998192,0.23722311977998192,negative,231,188,119
C_LOGISTIC_REGRESSION,final_training_fit,1,301,hedge_score,handcrafted_linguistic,coefficient,0.23395259501676274,0.23395259501676274,positive,232,113,194
C_LOGISTIC_REGRESSION,final_training_fit,1,38,certain,textual,coefficient,0.2330771690393957,0.2330771690393957,positive,233,114,193
C_LOGISTIC_REGRESSION,final_training_fit,1,157,lot,textual,coefficient,0.23009750180943073,0.23009750180943073,positive,234,115,192
C_LOGISTIC_REGRESSION,final_training_fit,1,10,adhd just,textual,coefficient,-0.2300388235556901,0.2300388235556901,negative,235,187,120
C_LOGISTIC_REGRESSION,final_training_fit,1,184,number,textual,coefficient,0.2295559125339987,0.2295559125339987,positive,236,116,191
C_LOGISTIC_REGRESSION,final_training_fit,1,170,medication,textual,coefficient,0.2262015803151483,0.2262015803151483,positive,237,117,190
C_LOGISTIC_REGRESSION,final_training_fit,1,117,helpful,textual,coefficient,0.22386924353991428,0.22386924353991428,positive,238,118,189
C_LOGISTIC_REGRESSION,final_training_fit,1,167,maybe,textual,coefficient,0.2230696003964389,0.2230696003964389,positive,239,119,188
C_LOGISTIC_REGRESSION,final_training_fit,1,162,make sure,textual,coefficient,0.2212963512438823,0.2212963512438823,positive,240,120,187
C_LOGISTIC_REGRESSION,final_training_fit,1,279,unable,textual,coefficient,-0.22124548798429136,0.22124548798429136,negative,241,186,121
C_LOGISTIC_REGRESSION,final_training_fit,1,265,thinking,textual,coefficient,0.21874966333483162,0.21874966333483162,positive,242,121,186
C_LOGISTIC_REGRESSION,final_training_fit,1,48,control,textual,coefficient,0.21772750854076228,0.21772750854076228,positive,243,122,185
C_LOGISTIC_REGRESSION,final_training_fit,1,241,structure,textual,coefficient,0.2119539258491811,0.2119539258491811,positive,244,123,184
C_LOGISTIC_REGRESSION,final_training_fit,1,161,make,textual,coefficient,-0.2110116077758716,0.2110116077758716,negative,245,185,122
C_LOGISTIC_REGRESSION,final_training_fit,1,263,things like,textual,coefficient,0.2101289172799812,0.2101289172799812,positive,246,124,183
C_LOGISTIC_REGRESSION,final_training_fit,1,217,saying,textual,coefficient,0.20716759725662295,0.20716759725662295,positive,247,125,182
C_LOGISTIC_REGRESSION,final_training_fit,1,191,pay,textual,coefficient,-0.19707056583452842,0.19707056583452842,negative,248,184,123
C_LOGISTIC_REGRESSION,final_training_fit,1,30,better,textual,coefficient,0.19028554005363715,0.19028554005363715,positive,249,126,181
C_LOGISTIC_REGRESSION,final_training_fit,1,152,little bit,textual,coefficient,-0.18971461505751452,0.18971461505751452,negative,250,183,124
C_LOGISTIC_REGRESSION,final_training_fit,1,132,information,textual,coefficient,-0.18811585227104158,0.18811585227104158,negative,251,182,125
C_LOGISTIC_REGRESSION,final_training_fit,1,283,using,textual,coefficient,-0.1871913987580265,0.1871913987580265,negative,252,181,126
C_LOGISTIC_REGRESSION,final_training_fit,1,59,different,textual,coefficient,-0.18396243746074273,0.18396243746074273,negative,253,180,127
C_LOGISTIC_REGRESSION,final_training_fit,1,68,doing,textual,coefficient,0.18221421843760569,0.18221421843760569,positive,254,127,180
C_LOGISTIC_REGRESSION,final_training_fit,1,267,times,textual,coefficient,0.17557253063114173,0.17557253063114173,positive,255,128,179
C_LOGISTIC_REGRESSION,final_training_fit,1,159,love,textual,coefficient,0.16891112029227803,0.16891112029227803,positive,256,129,178
C_LOGISTIC_REGRESSION,final_training_fit,1,129,inattention,textual,coefficient,0.16679715043063598,0.16679715043063598,positive,257,130,177
C_LOGISTIC_REGRESSION,final_training_fit,1,222,sense,textual,coefficient,0.16193941809814488,0.16193941809814488,positive,258,131,176
C_LOGISTIC_REGRESSION,final_training_fit,1,174,mind,textual,coefficient,-0.16051495951751282,0.16051495951751282,negative,259,179,128
C_LOGISTIC_REGRESSION,final_training_fit,1,262,things,textual,coefficient,-0.15924728672554475,0.15924728672554475,negative,260,178,129
C_LOGISTIC_REGRESSION,final_training_fit,1,209,really,textual,coefficient,0.15385788522912996,0.15385788522912996,positive,261,132,175
C_LOGISTIC_REGRESSION,final_training_fit,1,226,sep,textual,coefficient,0.15282071645360723,0.15282071645360723,positive,262,133,174
C_LOGISTIC_REGRESSION,final_training_fit,1,229,sign,textual,coefficient,0.14572404998479177,0.14572404998479177,positive,263,134,173
C_LOGISTIC_REGRESSION,final_training_fit,1,293,works,textual,coefficient,-0.1423213119349309,0.1423213119349309,negative,264,177,130
C_LOGISTIC_REGRESSION,final_training_fit,1,305,duration_sec,engagement_or_format,coefficient,-0.1334302436612283,0.1334302436612283,negative,265,176,131
C_LOGISTIC_REGRESSION,final_training_fit,1,120,highly,textual,coefficient,0.1280207980374421,0.1280207980374421,positive,266,135,172
C_LOGISTIC_REGRESSION,final_training_fit,1,84,everybody,textual,coefficient,-0.1269678689712173,0.1269678689712173,negative,267,175,132
C_LOGISTIC_REGRESSION,final_training_fit,1,80,emotions,textual,coefficient,0.1267701689227655,0.1267701689227655,positive,268,136,171
C_LOGISTIC_REGRESSION,final_training_fit,1,251,symptoms adhd,textual,coefficient,-0.12288012394718498,0.12288012394718498,negative,269,174,133
C_LOGISTIC_REGRESSION,final_training_fit,1,119,high,textual,coefficient,0.114540137121433,0.114540137121433,positive,270,137,170
C_LOGISTIC_REGRESSION,final_training_fit,1,99,follow,textual,coefficient,0.11444886031327209,0.11444886031327209,positive,271,138,169
C_LOGISTIC_REGRESSION,final_training_fit,1,252,taking,textual,coefficient,0.11217753010642509,0.11217753010642509,positive,272,139,168
C_LOGISTIC_REGRESSION,final_training_fit,1,292,work,textual,coefficient,0.11204435078324981,0.11204435078324981,positive,273,140,167
C_LOGISTIC_REGRESSION,final_training_fit,1,125,important,textual,coefficient,-0.10828598997405081,0.10828598997405081,negative,274,173,134
C_LOGISTIC_REGRESSION,final_training_fit,1,47,constantly,textual,coefficient,-0.1063655997217115,0.1063655997217115,negative,275,172,135
C_LOGISTIC_REGRESSION,final_training_fit,1,193,people,textual,coefficient,0.09462038286171907,0.09462038286171907,positive,276,141,166
C_LOGISTIC_REGRESSION,final_training_fit,1,138,key,textual,coefficient,0.08717698086163896,0.08717698086163896,positive,277,142,165
C_LOGISTIC_REGRESSION,final_training_fit,1,163,makes,textual,coefficient,0.08422851865899972,0.08422851865899972,positive,278,143,164
C_LOGISTIC_REGRESSION,final_training_fit,1,164,making,textual,coefficient,0.08411882479691819,0.08411882479691819,positive,279,144,163
C_LOGISTIC_REGRESSION,final_training_fit,1,4,add,textual,coefficient,0.0704857289137126,0.0704857289137126,positive,280,145,162
C_LOGISTIC_REGRESSION,final_training_fit,1,93,fact,textual,coefficient,0.0681170424267831,0.0681170424267831,positive,281,146,161
C_LOGISTIC_REGRESSION,final_training_fit,1,195,person,textual,coefficient,0.0676872552368962,0.0676872552368962,positive,282,147,160
C_LOGISTIC_REGRESSION,final_training_fit,1,244,struggling,textual,coefficient,0.06533417098421986,0.06533417098421986,positive,283,148,159
C_LOGISTIC_REGRESSION,final_training_fit,1,187,options,textual,coefficient,-0.06489894767388929,0.06489894767388929,negative,284,171,136
C_LOGISTIC_REGRESSION,final_training_fit,1,154,long,textual,coefficient,-0.05688936628114445,0.05688936628114445,negative,285,170,137
C_LOGISTIC_REGRESSION,final_training_fit,1,300,certainty_score,handcrafted_linguistic,coefficient,0.053500552027717634,0.053500552027717634,positive,286,149,158
C_LOGISTIC_REGRESSION,final_training_fit,1,77,eating,textual,coefficient,-0.05344682064972709,0.05344682064972709,negative,287,169,138
C_LOGISTIC_REGRESSION,final_training_fit,1,156,looking,textual,coefficient,-0.049694543363620315,0.049694543363620315,negative,288,168,139
C_LOGISTIC_REGRESSION,final_training_fit,1,108,got,textual,coefficient,0.04968633775350977,0.04968633775350977,positive,289,150,157
C_LOGISTIC_REGRESSION,final_training_fit,1,135,isn,textual,coefficient,0.048291601120312964,0.048291601120312964,positive,290,151,156
C_LOGISTIC_REGRESSION,final_training_fit,1,91,explain,textual,coefficient,-0.04681470189548587,0.04681470189548587,negative,291,167,140
C_LOGISTIC_REGRESSION,final_training_fit,1,23,audhd,textual,coefficient,0.044541655404993566,0.044541655404993566,positive,292,152,155
C_LOGISTIC_REGRESSION,final_training_fit,1,130,inattentive,textual,coefficient,-0.04351338618191168,0.04351338618191168,negative,293,166,141
C_LOGISTIC_REGRESSION,final_training_fit,1,210,recommend,textual,coefficient,-0.0422740832786478,0.0422740832786478,negative,294,165,142
C_LOGISTIC_REGRESSION,final_training_fit,1,115,hear,textual,coefficient,0.04168791484470001,0.04168791484470001,positive,295,153,154
C_LOGISTIC_REGRESSION,final_training_fit,1,155,look,textual,coefficient,-0.03839918693188198,0.03839918693188198,negative,296,164,143
C_LOGISTIC_REGRESSION,final_training_fit,1,133,instead,textual,coefficient,0.03779733088650244,0.03779733088650244,positive,297,154,153
C_LOGISTIC_REGRESSION,final_training_fit,1,147,levels,textual,coefficient,0.03493629679678437,0.03493629679678437,positive,298,155,152
C_LOGISTIC_REGRESSION,final_training_fit,1,143,lack,textual,coefficient,0.03456282182140392,0.03456282182140392,positive,299,156,151
C_LOGISTIC_REGRESSION,final_training_fit,1,146,let,textual,coefficient,0.03408126465576856,0.03408126465576856,positive,300,157,150
C_LOGISTIC_REGRESSION,final_training_fit,1,239,stop,textual,coefficient,-0.03361115074572302,0.03361115074572302,negative,301,163,144
C_LOGISTIC_REGRESSION,final_training_fit,1,82,energy,textual,coefficient,0.03315294594521872,0.03315294594521872,positive,302,158,149
C_LOGISTIC_REGRESSION,final_training_fit,1,201,present,textual,coefficient,0.03009483744852317,0.03009483744852317,positive,303,159,148
C_LOGISTIC_REGRESSION,final_training_fit,1,150,likely,textual,coefficient,0.020521180206302267,0.020521180206302267,positive,304,160,147
C_LOGISTIC_REGRESSION,final_training_fit,1,92,explained,textual,coefficient,0.019607790101364108,0.019607790101364108,positive,305,161,146
C_LOGISTIC_REGRESSION,final_training_fit,1,64,distracted,textual,coefficient,0.011941333890490569,0.011941333890490569,positive,306,162,145
C_LOGISTIC_REGRESSION,final_training_fit,2,170,medication,textual,coefficient,2.857948779726882,2.857948779726882,positive,1,1,306
C_LOGISTIC_REGRESSION,final_training_fit,2,95,feel,textual,coefficient,-2.261977409532469,2.261977409532469,negative,2,306,1
C_LOGISTIC_REGRESSION,final_training_fit,2,262,things,textual,coefficient,-1.957832156134407,1.957832156134407,negative,3,305,2
C_LOGISTIC_REGRESSION,final_training_fit,2,286,video,textual,coefficient,1.94992863458836,1.94992863458836,positive,4,2,305
C_LOGISTIC_REGRESSION,final_training_fit,2,98,focus,textual,coefficient,1.8971990024930545,1.8971990024930545,positive,5,3,304
C_LOGISTIC_REGRESSION,final_training_fit,2,107,good,textual,coefficient,1.883200066766393,1.883200066766393,positive,6,4,303
C_LOGISTIC_REGRESSION,final_training_fit,2,277,uh,textual,coefficient,1.7960472203529876,1.7960472203529876,positive,7,5,302
C_LOGISTIC_REGRESSION,final_training_fit,2,142,know,textual,coefficient,-1.795524187220219,1.795524187220219,negative,8,304,3
C_LOGISTIC_REGRESSION,final_training_fit,2,237,stimulant,textual,coefficient,1.7848674311638875,1.7848674311638875,positive,9,6,301
C_LOGISTIC_REGRESSION,final_training_fit,2,266,time,textual,coefficient,1.757543724861698,1.757543724861698,positive,10,7,300
C_LOGISTIC_REGRESSION,final_training_fit,2,118,helps,textual,coefficient,-1.7460352554945628,1.7460352554945628,negative,11,303,4
C_LOGISTIC_REGRESSION,final_training_fit,2,185,oh,textual,coefficient,1.7323228939649973,1.7323228939649973,positive,12,8,299
C_LOGISTIC_REGRESSION,final_training_fit,2,82,energy,textual,coefficient,-1.7320656673098325,1.7320656673098325,negative,13,302,5
C_LOGISTIC_REGRESSION,final_training_fit,2,26,bad,textual,coefficient,-1.6869208549345314,1.6869208549345314,negative,14,301,6
C_LOGISTIC_REGRESSION,final_training_fit,2,136,issues,textual,coefficient,1.6642757618361503,1.6642757618361503,positive,15,9,298
C_LOGISTIC_REGRESSION,final_training_fit,2,139,kid,textual,coefficient,1.6605477863781857,1.6605477863781857,positive,16,10,297
C_LOGISTIC_REGRESSION,final_training_fit,2,194,people adhd,textual,coefficient,1.6108045361100511,1.6108045361100511,positive,17,11,296
C_LOGISTIC_REGRESSION,final_training_fit,2,220,seen,textual,coefficient,1.5855574783576787,1.5855574783576787,positive,18,12,295
C_LOGISTIC_REGRESSION,final_training_fit,2,289,way,textual,coefficient,1.5605929524363784,1.5605929524363784,positive,19,13,294
C_LOGISTIC_REGRESSION,final_training_fit,2,242,struggle,textual,coefficient,-1.5408491934450832,1.5408491934450832,negative,20,300,7
C_LOGISTIC_REGRESSION,final_training_fit,2,42,college,textual,coefficient,-1.5400683352011832,1.5400683352011832,negative,21,299,8
C_LOGISTIC_REGRESSION,final_training_fit,2,293,works,textual,coefficient,-1.5201575773526013,1.5201575773526013,negative,22,298,9
C_LOGISTIC_REGRESSION,final_training_fit,2,3,actually,textual,coefficient,1.4895921264419558,1.4895921264419558,positive,23,14,293
C_LOGISTIC_REGRESSION,final_training_fit,2,299,एक,textual,coefficient,1.4683986366886583,1.4683986366886583,positive,24,15,292
C_LOGISTIC_REGRESSION,final_training_fit,2,295,wrong,textual,coefficient,-1.4645982092622378,1.4645982092622378,negative,25,297,10
C_LOGISTIC_REGRESSION,final_training_fit,2,151,little,textual,coefficient,1.4463850315319546,1.4463850315319546,positive,26,16,291
C_LOGISTIC_REGRESSION,final_training_fit,2,71,dr,textual,coefficient,1.4436465824530162,1.4436465824530162,positive,27,17,290
C_LOGISTIC_REGRESSION,final_training_fit,2,279,unable,textual,coefficient,1.4381421157114702,1.4381421157114702,positive,28,18,289
C_LOGISTIC_REGRESSION,final_training_fit,2,29,best,textual,coefficient,-1.4236977044193593,1.4236977044193593,negative,29,296,11
C_LOGISTIC_REGRESSION,final_training_fit,2,33,body,textual,coefficient,-1.4031617479634633,1.4031617479634633,negative,30,295,12
C_LOGISTIC_REGRESSION,final_training_fit,2,239,stop,textual,coefficient,-1.3657009471100927,1.3657009471100927,negative,31,294,13
C_LOGISTIC_REGRESSION,final_training_fit,2,101,foods,textual,coefficient,1.330291254561807,1.330291254561807,positive,32,19,288
C_LOGISTIC_REGRESSION,final_training_fit,2,259,term,textual,coefficient,-1.312630550296008,1.312630550296008,negative,33,293,14
C_LOGISTIC_REGRESSION,final_training_fit,2,114,health,textual,coefficient,-1.307999035513501,1.307999035513501,negative,34,292,15
C_LOGISTIC_REGRESSION,final_training_fit,2,123,hyperactivity,textual,coefficient,1.3011158398148843,1.3011158398148843,positive,35,20,287
C_LOGISTIC_REGRESSION,final_training_fit,2,154,long,textual,coefficient,-1.2987938752257475,1.2987938752257475,negative,36,291,16
C_LOGISTIC_REGRESSION,final_training_fit,2,24,autism,textual,coefficient,-1.2850071682418798,1.2850071682418798,negative,37,290,17
C_LOGISTIC_REGRESSION,final_training_fit,2,160,low,textual,coefficient,-1.2754435661631656,1.2754435661631656,negative,38,289,18
C_LOGISTIC_REGRESSION,final_training_fit,2,100,food,textual,coefficient,1.2593119456168862,1.2593119456168862,positive,39,21,286
C_LOGISTIC_REGRESSION,final_training_fit,2,79,emotional,textual,coefficient,-1.2405400486017333,1.2405400486017333,negative,40,288,19
C_LOGISTIC_REGRESSION,final_training_fit,2,69,don,textual,coefficient,1.2340699506531896,1.2340699506531896,positive,41,22,285
C_LOGISTIC_REGRESSION,final_training_fit,2,144,late,textual,coefficient,-1.2183817514041635,1.2183817514041635,negative,42,287,20
C_LOGISTIC_REGRESSION,final_training_fit,2,270,treating,textual,coefficient,-1.217917983152458,1.217917983152458,negative,43,286,21
C_LOGISTIC_REGRESSION,final_training_fit,2,218,school,textual,coefficient,-1.2171666507995222,1.2171666507995222,negative,44,285,22
C_LOGISTIC_REGRESSION,final_training_fit,2,134,intense,textual,coefficient,1.214116639128015,1.214116639128015,positive,45,23,284
C_LOGISTIC_REGRESSION,final_training_fit,2,148,life,textual,coefficient,-1.2125270486618658,1.2125270486618658,negative,46,284,23
C_LOGISTIC_REGRESSION,final_training_fit,2,56,did,textual,coefficient,-1.2122340473946087,1.2122340473946087,negative,47,283,24
C_LOGISTIC_REGRESSION,final_training_fit,2,273,try,textual,coefficient,1.2095955564102356,1.2095955564102356,positive,48,24,283
C_LOGISTIC_REGRESSION,final_training_fit,2,251,symptoms adhd,textual,coefficient,1.2010737442576789,1.2010737442576789,positive,49,25,282
C_LOGISTIC_REGRESSION,final_training_fit,2,116,help,textual,coefficient,-1.1737567654336512,1.1737567654336512,negative,50,282,25
C_LOGISTIC_REGRESSION,final_training_fit,2,268,treat,textual,coefficient,-1.1375959946747733,1.1375959946747733,negative,51,281,26
C_LOGISTIC_REGRESSION,final_training_fit,2,88,experience,textual,coefficient,-1.1271502759129413,1.1271502759129413,negative,52,280,27
C_LOGISTIC_REGRESSION,final_training_fit,2,133,instead,textual,coefficient,1.1262182673360117,1.1262182673360117,positive,53,26,281
C_LOGISTIC_REGRESSION,final_training_fit,2,261,thing,textual,coefficient,-1.1235467893329694,1.1235467893329694,negative,54,279,28
C_LOGISTIC_REGRESSION,final_training_fit,2,238,stimulants,textual,coefficient,1.118600618832309,1.118600618832309,positive,55,27,280
C_LOGISTIC_REGRESSION,final_training_fit,2,36,called,textual,coefficient,-1.1162977831636318,1.1162977831636318,negative,56,278,29
C_LOGISTIC_REGRESSION,final_training_fit,2,143,lack,textual,coefficient,1.1121556959727394,1.1121556959727394,positive,57,28,279
C_LOGISTIC_REGRESSION,final_training_fit,2,18,affects,textual,coefficient,1.1054484508679359,1.1054484508679359,positive,58,29,278
C_LOGISTIC_REGRESSION,final_training_fit,2,281,understanding,textual,coefficient,-1.0952494306142473,1.0952494306142473,negative,59,277,30
C_LOGISTIC_REGRESSION,final_training_fit,2,13,adhd sep,textual,coefficient,-1.0882131059152536,1.0882131059152536,negative,60,276,31
C_LOGISTIC_REGRESSION,final_training_fit,2,60,differently,textual,coefficient,1.0757129628083317,1.0757129628083317,positive,61,30,277
C_LOGISTIC_REGRESSION,final_training_fit,2,70,dopamine,textual,coefficient,-1.071081492662116,1.071081492662116,negative,62,275,32
C_LOGISTIC_REGRESSION,final_training_fit,2,4,add,textual,coefficient,-1.0534831361146428,1.0534831361146428,negative,63,274,33
C_LOGISTIC_REGRESSION,final_training_fit,2,77,eating,textual,coefficient,1.0408045165388533,1.0408045165388533,positive,64,31,276
C_LOGISTIC_REGRESSION,final_training_fit,2,37,care,textual,coefficient,1.036041660499247,1.036041660499247,positive,65,32,275
C_LOGISTIC_REGRESSION,final_training_fit,2,19,answer,textual,coefficient,-1.0099662000030751,1.0099662000030751,negative,66,273,34
C_LOGISTIC_REGRESSION,final_training_fit,2,162,make sure,textual,coefficient,1.0081397158499674,1.0081397158499674,positive,67,33,274
C_LOGISTIC_REGRESSION,final_training_fit,2,304,views,engagement_or_format,coefficient,1.0078505355640506,1.0078505355640506,positive,68,34,273
C_LOGISTIC_REGRESSION,final_training_fit,2,158,lots,textual,coefficient,-1.0033560339454013,1.0033560339454013,negative,69,272,35
C_LOGISTIC_REGRESSION,final_training_fit,2,96,feel like,textual,coefficient,-0.9997702795605411,0.9997702795605411,negative,70,271,36
C_LOGISTIC_REGRESSION,final_training_fit,2,52,depression,textual,coefficient,0.9962823947886561,0.9962823947886561,positive,71,35,272
C_LOGISTIC_REGRESSION,final_training_fit,2,204,problems,textual,coefficient,-0.960216312815854,0.960216312815854,negative,72,270,37
C_LOGISTIC_REGRESSION,final_training_fit,2,58,difference,textual,coefficient,-0.9522143147451793,0.9522143147451793,negative,73,269,38
C_LOGISTIC_REGRESSION,final_training_fit,2,23,audhd,textual,coefficient,-0.9379806722167849,0.9379806722167849,negative,74,268,39
C_LOGISTIC_REGRESSION,final_training_fit,2,298,इपर,textual,coefficient,0.937900519256345,0.937900519256345,positive,75,36,271
C_LOGISTIC_REGRESSION,final_training_fit,2,205,protein,textual,coefficient,-0.9368833964177288,0.9368833964177288,negative,76,267,40
C_LOGISTIC_REGRESSION,final_training_fit,2,164,making,textual,coefficient,0.9339769780942393,0.9339769780942393,positive,77,37,270
C_LOGISTIC_REGRESSION,final_training_fit,2,112,harder,textual,coefficient,-0.923430459664008,0.923430459664008,negative,78,266,41
C_LOGISTIC_REGRESSION,final_training_fit,2,276,type,textual,coefficient,0.9215781009601498,0.9215781009601498,positive,79,38,269
C_LOGISTIC_REGRESSION,final_training_fit,2,66,does,textual,coefficient,-0.9094610505881423,0.9094610505881423,negative,80,265,42
C_LOGISTIC_REGRESSION,final_training_fit,2,65,doctor,textual,coefficient,0.9031627356163202,0.9031627356163202,positive,81,39,268
C_LOGISTIC_REGRESSION,final_training_fit,2,102,forget,textual,coefficient,-0.8984466599921749,0.8984466599921749,negative,82,264,43
C_LOGISTIC_REGRESSION,final_training_fit,2,43,come,textual,coefficient,-0.8924891565137435,0.8924891565137435,negative,83,263,44
C_LOGISTIC_REGRESSION,final_training_fit,2,72,drugs,textual,coefficient,-0.8671063197957237,0.8671063197957237,negative,84,262,45
C_LOGISTIC_REGRESSION,final_training_fit,2,99,follow,textual,coefficient,0.8663964129543245,0.8663964129543245,positive,85,40,267
C_LOGISTIC_REGRESSION,final_training_fit,2,290,ways,textual,coefficient,-0.8614489347290554,0.8614489347290554,negative,86,261,46
C_LOGISTIC_REGRESSION,final_training_fit,2,181,neurotypical,textual,coefficient,-0.8599936505230888,0.8599936505230888,negative,87,260,47
C_LOGISTIC_REGRESSION,final_training_fit,2,94,family,textual,coefficient,-0.8598538141094577,0.8598538141094577,negative,88,259,48
C_LOGISTIC_REGRESSION,final_training_fit,2,280,understand,textual,coefficient,0.854065699403454,0.854065699403454,positive,89,41,266
C_LOGISTIC_REGRESSION,final_training_fit,2,27,behavior,textual,coefficient,0.8511002077037565,0.8511002077037565,positive,90,42,265
C_LOGISTIC_REGRESSION,final_training_fit,2,146,let,textual,coefficient,0.8498959589939352,0.8498959589939352,positive,91,43,264
C_LOGISTIC_REGRESSION,final_training_fit,2,131,increase,textual,coefficient,0.8485955271278441,0.8485955271278441,positive,92,44,263
C_LOGISTIC_REGRESSION,final_training_fit,2,221,self,textual,coefficient,0.8340336040142389,0.8340336040142389,positive,93,45,262
C_LOGISTIC_REGRESSION,final_training_fit,2,257,tell,textual,coefficient,0.8330762435889436,0.8330762435889436,positive,94,46,261
C_LOGISTIC_REGRESSION,final_training_fit,2,8,adhd brain,textual,coefficient,0.82928639061555,0.82928639061555,positive,95,47,260
C_LOGISTIC_REGRESSION,final_training_fit,2,163,makes,textual,coefficient,-0.8179316459985092,0.8179316459985092,negative,96,258,49
C_LOGISTIC_REGRESSION,final_training_fit,2,126,improve,textual,coefficient,0.8151852731274994,0.8151852731274994,positive,97,48,259
C_LOGISTIC_REGRESSION,final_training_fit,2,169,means,textual,coefficient,0.8121874998609089,0.8121874998609089,positive,98,49,258
C_LOGISTIC_REGRESSION,final_training_fit,2,92,explained,textual,coefficient,0.80399814265296,0.80399814265296,positive,99,50,257
C_LOGISTIC_REGRESSION,final_training_fit,2,152,little bit,textual,coefficient,0.8015282377338488,0.8015282377338488,positive,100,51,256
C_LOGISTIC_REGRESSION,final_training_fit,2,294,world,textual,coefficient,-0.7998242101941184,0.7998242101941184,negative,101,257,50
C_LOGISTIC_REGRESSION,final_training_fit,2,278,um,textual,coefficient,0.7987070628722694,0.7987070628722694,positive,102,52,255
C_LOGISTIC_REGRESSION,final_training_fit,2,17,adults,textual,coefficient,-0.7984871265424655,0.7984871265424655,negative,103,256,51
C_LOGISTIC_REGRESSION,final_training_fit,2,172,meds,textual,coefficient,-0.7961559726584001,0.7961559726584001,negative,104,255,52
C_LOGISTIC_REGRESSION,final_training_fit,2,254,talking,textual,coefficient,0.7940533291565103,0.7940533291565103,positive,105,53,254
C_LOGISTIC_REGRESSION,final_training_fit,2,288,want,textual,coefficient,0.7938193645947134,0.7938193645947134,positive,106,54,253
C_LOGISTIC_REGRESSION,final_training_fit,2,111,hard,textual,coefficient,-0.7923922802880772,0.7923922802880772,negative,107,254,53
C_LOGISTIC_REGRESSION,final_training_fit,2,91,explain,textual,coefficient,-0.7867979375655435,0.7867979375655435,negative,108,253,54
C_LOGISTIC_REGRESSION,final_training_fit,2,231,signs adhd,textual,coefficient,-0.7842736865238376,0.7842736865238376,negative,109,252,55
C_LOGISTIC_REGRESSION,final_training_fit,2,223,sensitive,textual,coefficient,-0.7816705477240925,0.7816705477240925,negative,110,251,56
C_LOGISTIC_REGRESSION,final_training_fit,2,132,information,textual,coefficient,-0.7770749783250399,0.7770749783250399,negative,111,250,57
C_LOGISTIC_REGRESSION,final_training_fit,2,186,okay,textual,coefficient,0.7751672938352427,0.7751672938352427,positive,112,55,252
C_LOGISTIC_REGRESSION,final_training_fit,2,103,friend,textual,coefficient,-0.7667557655289728,0.7667557655289728,negative,113,249,58
C_LOGISTIC_REGRESSION,final_training_fit,2,214,remember,textual,coefficient,0.7578995905414028,0.7578995905414028,positive,114,56,251
C_LOGISTIC_REGRESSION,final_training_fit,2,191,pay,textual,coefficient,-0.7566041646711749,0.7566041646711749,negative,115,248,59
C_LOGISTIC_REGRESSION,final_training_fit,2,63,disorders,textual,coefficient,-0.7523595468269636,0.7523595468269636,negative,116,247,60
C_LOGISTIC_REGRESSION,final_training_fit,2,59,different,textual,coefficient,0.7514799432626719,0.7514799432626719,positive,117,57,250
C_LOGISTIC_REGRESSION,final_training_fit,2,80,emotions,textual,coefficient,0.7504485355938053,0.7504485355938053,positive,118,58,249
C_LOGISTIC_REGRESSION,final_training_fit,2,222,sense,textual,coefficient,-0.7378869411729684,0.7378869411729684,negative,119,246,61
C_LOGISTIC_REGRESSION,final_training_fit,2,125,important,textual,coefficient,-0.7294566829189234,0.7294566829189234,negative,120,245,62
C_LOGISTIC_REGRESSION,final_training_fit,2,245,study,textual,coefficient,-0.7199886181638295,0.7199886181638295,negative,121,244,63
C_LOGISTIC_REGRESSION,final_training_fit,2,119,high,textual,coefficient,-0.7153579420249508,0.7153579420249508,negative,122,243,64
C_LOGISTIC_REGRESSION,final_training_fit,2,147,levels,textual,coefficient,-0.7080110499032798,0.7080110499032798,negative,123,242,65
C_LOGISTIC_REGRESSION,final_training_fit,2,55,diagnostic,textual,coefficient,0.7054583453525533,0.7054583453525533,positive,124,59,248
C_LOGISTIC_REGRESSION,final_training_fit,2,236,start,textual,coefficient,0.7050432096853976,0.7050432096853976,positive,125,60,247
C_LOGISTIC_REGRESSION,final_training_fit,2,51,deficit,textual,coefficient,0.7029661957807816,0.7029661957807816,positive,126,61,246
C_LOGISTIC_REGRESSION,final_training_fit,2,249,sure,textual,coefficient,0.7001272770553593,0.7001272770553593,positive,127,62,245
C_LOGISTIC_REGRESSION,final_training_fit,2,219,second,textual,coefficient,-0.6952367769774213,0.6952367769774213,negative,128,241,66
C_LOGISTIC_REGRESSION,final_training_fit,2,168,mean,textual,coefficient,0.690005557097688,0.690005557097688,positive,129,63,244
C_LOGISTIC_REGRESSION,final_training_fit,2,192,pay attention,textual,coefficient,-0.6866294057358532,0.6866294057358532,negative,130,240,67
C_LOGISTIC_REGRESSION,final_training_fit,2,283,using,textual,coefficient,0.6733901615383325,0.6733901615383325,positive,131,64,243
C_LOGISTIC_REGRESSION,final_training_fit,2,272,trouble,textual,coefficient,-0.6696856448033675,0.6696856448033675,negative,132,239,68
C_LOGISTIC_REGRESSION,final_training_fit,2,50,day,textual,coefficient,-0.6627752206292918,0.6627752206292918,negative,133,238,69
C_LOGISTIC_REGRESSION,final_training_fit,2,93,fact,textual,coefficient,0.6522881073407283,0.6522881073407283,positive,134,65,242
C_LOGISTIC_REGRESSION,final_training_fit,2,217,saying,textual,coefficient,-0.6475940249626487,0.6475940249626487,negative,135,237,70
C_LOGISTIC_REGRESSION,final_training_fit,2,22,attention,textual,coefficient,-0.6427772924502576,0.6427772924502576,negative,136,236,71
C_LOGISTIC_REGRESSION,final_training_fit,2,110,happens,textual,coefficient,0.6376954733544733,0.6376954733544733,positive,137,66,241
C_LOGISTIC_REGRESSION,final_training_fit,2,255,task,textual,coefficient,0.6296759987010963,0.6296759987010963,positive,138,67,240
C_LOGISTIC_REGRESSION,final_training_fit,2,105,getting,textual,coefficient,0.6201371160004734,0.6201371160004734,positive,139,68,239
C_LOGISTIC_REGRESSION,final_training_fit,2,188,overwhelmed,textual,coefficient,-0.6198418218691543,0.6198418218691543,negative,140,235,72
C_LOGISTIC_REGRESSION,final_training_fit,2,30,better,textual,coefficient,-0.6192881348369494,0.6192881348369494,negative,141,234,73
C_LOGISTIC_REGRESSION,final_training_fit,2,302,likes,engagement_or_format,coefficient,-0.6143160790523853,0.6143160790523853,negative,142,233,74
C_LOGISTIC_REGRESSION,final_training_fit,2,176,motivation,textual,coefficient,0.6037079753824388,0.6037079753824388,positive,143,69,238
C_LOGISTIC_REGRESSION,final_training_fit,2,246,stuff,textual,coefficient,0.5985349955894048,0.5985349955894048,positive,144,70,237
C_LOGISTIC_REGRESSION,final_training_fit,2,97,feeling,textual,coefficient,0.598066591466787,0.598066591466787,positive,145,71,236
C_LOGISTIC_REGRESSION,final_training_fit,2,108,got,textual,coefficient,-0.5975196796147977,0.5975196796147977,negative,146,232,75
C_LOGISTIC_REGRESSION,final_training_fit,2,74,early,textual,coefficient,-0.5964449415468471,0.5964449415468471,negative,147,231,76
C_LOGISTIC_REGRESSION,final_training_fit,2,15,adhd women,textual,coefficient,0.593234158247291,0.593234158247291,positive,148,72,235
C_LOGISTIC_REGRESSION,final_training_fit,2,232,sit,textual,coefficient,0.5925360099293607,0.5925360099293607,positive,149,73,234
C_LOGISTIC_REGRESSION,final_training_fit,2,297,years,textual,coefficient,-0.5900722990743741,0.5900722990743741,negative,150,230,77
C_LOGISTIC_REGRESSION,final_training_fit,2,109,great,textual,coefficient,-0.5844687158328665,0.5844687158328665,negative,151,229,78
C_LOGISTIC_REGRESSION,final_training_fit,2,84,everybody,textual,coefficient,-0.5839683422424711,0.5839683422424711,negative,152,228,79
C_LOGISTIC_REGRESSION,final_training_fit,2,184,number,textual,coefficient,-0.5831236614947419,0.5831236614947419,negative,153,227,80
C_LOGISTIC_REGRESSION,final_training_fit,2,201,present,textual,coefficient,0.5706573468936863,0.5706573468936863,positive,154,74,233
C_LOGISTIC_REGRESSION,final_training_fit,2,274,trying,textual,coefficient,-0.5692761386937959,0.5692761386937959,negative,155,226,81
C_LOGISTIC_REGRESSION,final_training_fit,2,180,need,textual,coefficient,0.5688505993095321,0.5688505993095321,positive,156,75,232
C_LOGISTIC_REGRESSION,final_training_fit,2,235,social,textual,coefficient,-0.5687477224475938,0.5687477224475938,negative,157,225,82
C_LOGISTIC_REGRESSION,final_training_fit,2,253,talk,textual,coefficient,0.5658826734544212,0.5658826734544212,positive,158,76,231
C_LOGISTIC_REGRESSION,final_training_fit,2,216,say,textual,coefficient,-0.5611236140970335,0.5611236140970335,negative,159,224,83
C_LOGISTIC_REGRESSION,final_training_fit,2,49,criteria,textual,coefficient,0.557661559531921,0.557661559531921,positive,160,77,230
C_LOGISTIC_REGRESSION,final_training_fit,2,115,hear,textual,coefficient,0.5535881837371617,0.5535881837371617,positive,161,78,229
C_LOGISTIC_REGRESSION,final_training_fit,2,269,treated,textual,coefficient,0.5506131351713168,0.5506131351713168,positive,162,79,228
C_LOGISTIC_REGRESSION,final_training_fit,2,305,duration_sec,engagement_or_format,coefficient,0.5459564732577743,0.5459564732577743,positive,163,80,227
C_LOGISTIC_REGRESSION,final_training_fit,2,207,quickly,textual,coefficient,-0.5449107204570827,0.5449107204570827,negative,164,223,84
C_LOGISTIC_REGRESSION,final_training_fit,2,39,challenges,textual,coefficient,-0.5423841084585179,0.5423841084585179,negative,165,222,85
C_LOGISTIC_REGRESSION,final_training_fit,2,182,neurotypical person,textual,coefficient,-0.5332388409188056,0.5332388409188056,negative,166,221,86
C_LOGISTIC_REGRESSION,final_training_fit,2,228,shorts,textual,coefficient,-0.5244865788296307,0.5244865788296307,negative,167,220,87
C_LOGISTIC_REGRESSION,final_training_fit,2,209,really,textual,coefficient,0.5226227578469562,0.5226227578469562,positive,168,81,226
C_LOGISTIC_REGRESSION,final_training_fit,2,250,symptoms,textual,coefficient,0.5075548037392603,0.5075548037392603,positive,169,82,225
C_LOGISTIC_REGRESSION,final_training_fit,2,16,adult,textual,coefficient,-0.49647360756344083,0.49647360756344083,negative,170,219,88
C_LOGISTIC_REGRESSION,final_training_fit,2,193,people,textual,coefficient,-0.4810318656495456,0.4810318656495456,negative,171,218,89
C_LOGISTIC_REGRESSION,final_training_fit,2,195,person,textual,coefficient,-0.4744854668528023,0.4744854668528023,negative,172,217,90
C_LOGISTIC_REGRESSION,final_training_fit,2,171,medications,textual,coefficient,0.47050297607892627,0.47050297607892627,positive,173,83,224
C_LOGISTIC_REGRESSION,final_training_fit,2,287,wait,textual,coefficient,0.4694033146016531,0.4694033146016531,positive,174,84,223
C_LOGISTIC_REGRESSION,final_training_fit,2,190,patients,textual,coefficient,0.4677746137523536,0.4677746137523536,positive,175,85,222
C_LOGISTIC_REGRESSION,final_training_fit,2,224,sensitivity,textual,coefficient,0.46713208924680677,0.46713208924680677,positive,176,86,221
C_LOGISTIC_REGRESSION,final_training_fit,2,129,inattention,textual,coefficient,0.46695307252636714,0.46695307252636714,positive,177,87,220
C_LOGISTIC_REGRESSION,final_training_fit,2,106,going,textual,coefficient,-0.46562275067518055,0.46562275067518055,negative,178,216,91
C_LOGISTIC_REGRESSION,final_training_fit,2,117,helpful,textual,coefficient,-0.4648348990516759,0.4648348990516759,negative,179,215,92
C_LOGISTIC_REGRESSION,final_training_fit,2,227,sep adhd,textual,coefficient,-0.4642612708327137,0.4642612708327137,negative,180,214,93
C_LOGISTIC_REGRESSION,final_training_fit,2,38,certain,textual,coefficient,-0.46018598238220854,0.46018598238220854,negative,181,213,94
C_LOGISTIC_REGRESSION,final_training_fit,2,5,adhd,textual,coefficient,-0.4592477108835467,0.4592477108835467,negative,182,212,95
C_LOGISTIC_REGRESSION,final_training_fit,2,187,options,textual,coefficient,0.4526395840029336,0.4526395840029336,positive,183,88,219
C_LOGISTIC_REGRESSION,final_training_fit,2,300,certainty_score,handcrafted_linguistic,coefficient,-0.43508949529232555,0.43508949529232555,negative,184,211,96
C_LOGISTIC_REGRESSION,final_training_fit,2,11,adhd medication,textual,coefficient,-0.41762347219886486,0.41762347219886486,negative,185,210,97
C_LOGISTIC_REGRESSION,final_training_fit,2,233,sleep,textual,coefficient,-0.4161306614367933,0.4161306614367933,negative,186,209,98
C_LOGISTIC_REGRESSION,final_training_fit,2,113,having,textual,coefficient,0.41442416060932274,0.41442416060932274,positive,187,89,218
C_LOGISTIC_REGRESSION,final_training_fit,2,167,maybe,textual,coefficient,-0.4139039022581808,0.4139039022581808,negative,188,208,99
C_LOGISTIC_REGRESSION,final_training_fit,2,291,women,textual,coefficient,0.4117339248067272,0.4117339248067272,positive,189,90,217
C_LOGISTIC_REGRESSION,final_training_fit,2,135,isn,textual,coefficient,-0.40723161170687133,0.40723161170687133,negative,190,207,100
C_LOGISTIC_REGRESSION,final_training_fit,2,157,lot,textual,coefficient,-0.4017563218085864,0.4017563218085864,negative,191,206,101
C_LOGISTIC_REGRESSION,final_training_fit,2,128,impulsivity,textual,coefficient,-0.4012926334835387,0.4012926334835387,negative,192,205,102
C_LOGISTIC_REGRESSION,final_training_fit,2,213,relationships,textual,coefficient,-0.40007942436544736,0.40007942436544736,negative,193,204,103
C_LOGISTIC_REGRESSION,final_training_fit,2,20,answer sep,textual,coefficient,-0.39010730854868425,0.39010730854868425,negative,194,203,104
C_LOGISTIC_REGRESSION,final_training_fit,2,75,easily,textual,coefficient,0.38774912483302365,0.38774912483302365,positive,195,91,216
C_LOGISTIC_REGRESSION,final_training_fit,2,267,times,textual,coefficient,0.3870116996291171,0.3870116996291171,positive,196,92,215
C_LOGISTIC_REGRESSION,final_training_fit,2,76,eat,textual,coefficient,0.38592731936357566,0.38592731936357566,positive,197,93,214
C_LOGISTIC_REGRESSION,final_training_fit,2,159,love,textual,coefficient,-0.38385865904997896,0.38385865904997896,negative,198,202,105
C_LOGISTIC_REGRESSION,final_training_fit,2,175,mood,textual,coefficient,-0.38288186792283563,0.38288186792283563,negative,199,201,106
C_LOGISTIC_REGRESSION,final_training_fit,2,248,support,textual,coefficient,0.38254579700932473,0.38254579700932473,positive,200,94,213
C_LOGISTIC_REGRESSION,final_training_fit,2,0,10,textual,coefficient,-0.3753273814269436,0.3753273814269436,negative,201,200,107
C_LOGISTIC_REGRESSION,final_training_fit,2,208,real,textual,coefficient,-0.37294237320085377,0.37294237320085377,negative,202,199,108
C_LOGISTIC_REGRESSION,final_training_fit,2,199,poor,textual,coefficient,-0.37286580358137406,0.37286580358137406,negative,203,198,109
C_LOGISTIC_REGRESSION,final_training_fit,2,212,rejection,textual,coefficient,-0.37094873815114643,0.37094873815114643,negative,204,197,110
C_LOGISTIC_REGRESSION,final_training_fit,2,6,adhd adhd,textual,coefficient,0.37076412573483014,0.37076412573483014,positive,205,95,212
C_LOGISTIC_REGRESSION,final_training_fit,2,7,adhd autism,textual,coefficient,-0.367651265412224,0.367651265412224,negative,206,196,111
C_LOGISTIC_REGRESSION,final_training_fit,2,90,experts answer,textual,coefficient,-0.35623875500882834,0.35623875500882834,negative,207,195,112
C_LOGISTIC_REGRESSION,final_training_fit,2,210,recommend,textual,coefficient,-0.3560687595010722,0.3560687595010722,negative,208,194,113
C_LOGISTIC_REGRESSION,final_training_fit,2,260,therapy,textual,coefficient,0.3552292900858101,0.3552292900858101,positive,209,96,211
C_LOGISTIC_REGRESSION,final_training_fit,2,252,taking,textual,coefficient,-0.3532021305472509,0.3532021305472509,negative,210,193,114
C_LOGISTIC_REGRESSION,final_training_fit,2,149,like,textual,coefficient,0.3531127627658829,0.3531127627658829,positive,211,97,210
C_LOGISTIC_REGRESSION,final_training_fit,2,153,ll,textual,coefficient,0.3514672960532912,0.3514672960532912,positive,212,98,209
C_LOGISTIC_REGRESSION,final_training_fit,2,301,hedge_score,handcrafted_linguistic,coefficient,0.34546735574147636,0.34546735574147636,positive,213,99,208
C_LOGISTIC_REGRESSION,final_training_fit,2,263,things like,textual,coefficient,0.34052280441928634,0.34052280441928634,positive,214,100,207
C_LOGISTIC_REGRESSION,final_training_fit,2,86,executive,textual,coefficient,0.338616458975156,0.338616458975156,positive,215,101,206
C_LOGISTIC_REGRESSION,final_training_fit,2,35,brains,textual,coefficient,0.33143245539064853,0.33143245539064853,positive,216,102,205
C_LOGISTIC_REGRESSION,final_training_fit,2,150,likely,textual,coefficient,0.32707145023508466,0.32707145023508466,positive,217,103,204
C_LOGISTIC_REGRESSION,final_training_fit,2,67,doesn,textual,coefficient,-0.3266846594748614,0.3266846594748614,negative,218,192,115
C_LOGISTIC_REGRESSION,final_training_fit,2,53,diagnosed,textual,coefficient,0.32547973262855234,0.32547973262855234,positive,219,104,203
C_LOGISTIC_REGRESSION,final_training_fit,2,130,inattentive,textual,coefficient,-0.3195483437205146,0.3195483437205146,negative,220,191,116
C_LOGISTIC_REGRESSION,final_training_fit,2,226,sep,textual,coefficient,-0.31813036247640103,0.31813036247640103,negative,221,190,117
C_LOGISTIC_REGRESSION,final_training_fit,2,240,strategies,textual,coefficient,0.31755352922282815,0.31755352922282815,positive,222,105,202
C_LOGISTIC_REGRESSION,final_training_fit,2,296,yeah,textual,coefficient,0.3148484846460427,0.3148484846460427,positive,223,106,201
C_LOGISTIC_REGRESSION,final_training_fit,2,225,sensory,textual,coefficient,0.31275451862719233,0.31275451862719233,positive,224,107,200
C_LOGISTIC_REGRESSION,final_training_fit,2,83,especially,textual,coefficient,0.3005895631911131,0.3005895631911131,positive,225,108,199
C_LOGISTIC_REGRESSION,final_training_fit,2,85,example,textual,coefficient,-0.29928238134255497,0.29928238134255497,negative,226,189,118
C_LOGISTIC_REGRESSION,final_training_fit,2,127,impulsive,textual,coefficient,0.2899899480809547,0.2899899480809547,positive,227,109,198
C_LOGISTIC_REGRESSION,final_training_fit,2,282,use,textual,coefficient,0.28886208437592276,0.28886208437592276,positive,228,110,197
C_LOGISTIC_REGRESSION,final_training_fit,2,155,look,textual,coefficient,0.2872590760829993,0.2872590760829993,positive,229,111,196
C_LOGISTIC_REGRESSION,final_training_fit,2,44,comes,textual,coefficient,0.28535408834622694,0.28535408834622694,positive,230,112,195
C_LOGISTIC_REGRESSION,final_training_fit,2,206,psychiatrist,textual,coefficient,-0.2792841412280304,0.2792841412280304,negative,231,188,119
C_LOGISTIC_REGRESSION,final_training_fit,2,202,probably,textual,coefficient,0.26924669811615204,0.26924669811615204,positive,232,113,194
C_LOGISTIC_REGRESSION,final_training_fit,2,292,work,textual,coefficient,-0.26893107986019704,0.26893107986019704,negative,233,187,120
C_LOGISTIC_REGRESSION,final_training_fit,2,145,lead,textual,coefficient,0.2685466286989259,0.2685466286989259,positive,234,114,193
C_LOGISTIC_REGRESSION,final_training_fit,2,81,end,textual,coefficient,-0.2650787942386057,0.2650787942386057,negative,235,186,121
C_LOGISTIC_REGRESSION,final_training_fit,2,234,small,textual,coefficient,0.2604527192343659,0.2604527192343659,positive,236,115,192
C_LOGISTIC_REGRESSION,final_training_fit,2,12,adhd real,textual,coefficient,-0.25561255049668175,0.25561255049668175,negative,237,185,122
C_LOGISTIC_REGRESSION,final_training_fit,2,141,kind,textual,coefficient,-0.25242011023826005,0.25242011023826005,negative,238,184,123
C_LOGISTIC_REGRESSION,final_training_fit,2,32,bit,textual,coefficient,0.25225969881926136,0.25225969881926136,positive,239,116,191
C_LOGISTIC_REGRESSION,final_training_fit,2,197,physical,textual,coefficient,-0.24792100700621517,0.24792100700621517,negative,240,183,124
C_LOGISTIC_REGRESSION,final_training_fit,2,73,dysfunction,textual,coefficient,0.2470765194505632,0.2470765194505632,positive,241,117,190
C_LOGISTIC_REGRESSION,final_training_fit,2,137,just,textual,coefficient,-0.2465568827197241,0.2465568827197241,negative,242,182,125
C_LOGISTIC_REGRESSION,final_training_fit,2,247,sugar,textual,coefficient,-0.2442465924232196,0.2442465924232196,negative,243,181,126
C_LOGISTIC_REGRESSION,final_training_fit,2,10,adhd just,textual,coefficient,0.24047936962031854,0.24047936962031854,positive,244,118,189
C_LOGISTIC_REGRESSION,final_training_fit,2,47,constantly,textual,coefficient,-0.23622250174118758,0.23622250174118758,negative,245,180,127
C_LOGISTIC_REGRESSION,final_training_fit,2,179,natural,textual,coefficient,0.23032247980244588,0.23032247980244588,positive,246,119,188
C_LOGISTIC_REGRESSION,final_training_fit,2,166,management,textual,coefficient,-0.2250429328341151,0.2250429328341151,negative,247,179,128
C_LOGISTIC_REGRESSION,final_training_fit,2,62,disorder,textual,coefficient,-0.2226009958772818,0.2226009958772818,negative,248,178,129
C_LOGISTIC_REGRESSION,final_training_fit,2,61,difficulty,textual,coefficient,-0.21229824022681423,0.21229824022681423,negative,249,177,130
C_LOGISTIC_REGRESSION,final_training_fit,2,2,activity,textual,coefficient,0.21081637863232675,0.21081637863232675,positive,250,120,187
C_LOGISTIC_REGRESSION,final_training_fit,2,1,able,textual,coefficient,-0.20876098789434455,0.20876098789434455,negative,251,176,131
C_LOGISTIC_REGRESSION,final_training_fit,2,122,hyperactive,textual,coefficient,-0.20757417478557963,0.20757417478557963,negative,252,175,132
C_LOGISTIC_REGRESSION,final_training_fit,2,275,turn,textual,coefficient,0.20263679176994867,0.20263679176994867,positive,253,121,186
C_LOGISTIC_REGRESSION,final_training_fit,2,303,comments,engagement_or_format,coefficient,-0.20199437450477453,0.20199437450477453,negative,254,174,133
C_LOGISTIC_REGRESSION,final_training_fit,2,173,mental,textual,coefficient,0.1934743023863639,0.1934743023863639,positive,255,122,185
C_LOGISTIC_REGRESSION,final_training_fit,2,285,ve,textual,coefficient,-0.19153342405727486,0.19153342405727486,negative,256,173,134
C_LOGISTIC_REGRESSION,final_training_fit,2,54,diagnosis,textual,coefficient,0.1892918626167958,0.1892918626167958,positive,257,123,184
C_LOGISTIC_REGRESSION,final_training_fit,2,230,signs,textual,coefficient,-0.1873649006302848,0.1873649006302848,negative,258,172,135
C_LOGISTIC_REGRESSION,final_training_fit,2,28,behaviors,textual,coefficient,0.18610193789830362,0.18610193789830362,positive,259,124,183
C_LOGISTIC_REGRESSION,final_training_fit,2,196,phone,textual,coefficient,0.1858529316186173,0.1858529316186173,positive,260,125,182
C_LOGISTIC_REGRESSION,final_training_fit,2,87,exercise,textual,coefficient,-0.18284393550358735,0.18284393550358735,negative,261,171,136
C_LOGISTIC_REGRESSION,final_training_fit,2,189,parents,textual,coefficient,-0.1797872400143116,0.1797872400143116,negative,262,170,137
C_LOGISTIC_REGRESSION,final_training_fit,2,41,children,textual,coefficient,-0.17836427746018976,0.17836427746018976,negative,263,169,138
C_LOGISTIC_REGRESSION,final_training_fit,2,9,adhd diagnosis,textual,coefficient,-0.17381875668361157,0.17381875668361157,negative,264,168,139
C_LOGISTIC_REGRESSION,final_training_fit,2,244,struggling,textual,coefficient,0.1734099945036909,0.1734099945036909,positive,265,126,181
C_LOGISTIC_REGRESSION,final_training_fit,2,57,diet,textual,coefficient,-0.16954061423892683,0.16954061423892683,negative,266,167,140
C_LOGISTIC_REGRESSION,final_training_fit,2,40,child,textual,coefficient,-0.1686689420465687,0.1686689420465687,negative,267,166,141
C_LOGISTIC_REGRESSION,final_training_fit,2,284,usually,textual,coefficient,-0.16182978379145097,0.16182978379145097,negative,268,165,142
C_LOGISTIC_REGRESSION,final_training_fit,2,243,struggles,textual,coefficient,-0.15812408943477788,0.15812408943477788,negative,269,164,143
C_LOGISTIC_REGRESSION,final_training_fit,2,161,make,textual,coefficient,0.15332309174529687,0.15332309174529687,positive,270,127,180
C_LOGISTIC_REGRESSION,final_training_fit,2,178,music,textual,coefficient,-0.15211764570190955,0.15211764570190955,negative,271,163,144
C_LOGISTIC_REGRESSION,final_training_fit,2,256,tasks,textual,coefficient,-0.15026669943733517,0.15026669943733517,negative,272,162,145
C_LOGISTIC_REGRESSION,final_training_fit,2,120,highly,textual,coefficient,0.14434232413054304,0.14434232413054304,positive,273,128,179
C_LOGISTIC_REGRESSION,final_training_fit,2,45,common,textual,coefficient,-0.142198504671344,0.142198504671344,negative,274,161,146
C_LOGISTIC_REGRESSION,final_training_fit,2,215,right,textual,coefficient,0.13929792073336478,0.13929792073336478,positive,275,129,178
C_LOGISTIC_REGRESSION,final_training_fit,2,165,manage,textual,coefficient,-0.12998241603520563,0.12998241603520563,negative,276,160,147
C_LOGISTIC_REGRESSION,final_training_fit,2,241,structure,textual,coefficient,0.12730766850828695,0.12730766850828695,positive,277,130,177
C_LOGISTIC_REGRESSION,final_training_fit,2,265,thinking,textual,coefficient,-0.12305120064065413,0.12305120064065413,negative,278,159,148
C_LOGISTIC_REGRESSION,final_training_fit,2,229,sign,textual,coefficient,-0.12198008691188102,0.12198008691188102,negative,279,158,149
C_LOGISTIC_REGRESSION,final_training_fit,2,21,anxiety,textual,coefficient,-0.12135513051623728,0.12135513051623728,negative,280,157,150
C_LOGISTIC_REGRESSION,final_training_fit,2,68,doing,textual,coefficient,-0.11840012526044358,0.11840012526044358,negative,281,156,151
C_LOGISTIC_REGRESSION,final_training_fit,2,34,brain,textual,coefficient,0.11697350620146948,0.11697350620146948,positive,282,131,176
C_LOGISTIC_REGRESSION,final_training_fit,2,264,think,textual,coefficient,-0.1030930869321131,0.1030930869321131,negative,283,155,152
C_LOGISTIC_REGRESSION,final_training_fit,2,177,moving,textual,coefficient,-0.10278452516309503,0.10278452516309503,negative,284,154,153
C_LOGISTIC_REGRESSION,final_training_fit,2,64,distracted,textual,coefficient,-0.09986660759067771,0.09986660759067771,negative,285,153,154
C_LOGISTIC_REGRESSION,final_training_fit,2,258,tend,textual,coefficient,0.0958250281933482,0.0958250281933482,positive,286,132,175
C_LOGISTIC_REGRESSION,final_training_fit,2,25,autistic,textual,coefficient,-0.09435065995183119,0.09435065995183119,negative,287,152,155
C_LOGISTIC_REGRESSION,final_training_fit,2,48,control,textual,coefficient,-0.08970903457992664,0.08970903457992664,negative,288,151,156
C_LOGISTIC_REGRESSION,final_training_fit,2,156,looking,textual,coefficient,-0.08750130859816535,0.08750130859816535,negative,289,150,157
C_LOGISTIC_REGRESSION,final_training_fit,2,46,condition,textual,coefficient,0.08733253547348276,0.08733253547348276,positive,290,133,174
C_LOGISTIC_REGRESSION,final_training_fit,2,200,potential,textual,coefficient,-0.08706315169065379,0.08706315169065379,negative,291,149,158
C_LOGISTIC_REGRESSION,final_training_fit,2,78,effects,textual,coefficient,-0.07836994840557879,0.07836994840557879,negative,292,148,159
C_LOGISTIC_REGRESSION,final_training_fit,2,121,home,textual,coefficient,0.0783113391462751,0.0783113391462751,positive,293,134,173
C_LOGISTIC_REGRESSION,final_training_fit,2,198,point,textual,coefficient,-0.07221209944843932,0.07221209944843932,negative,294,147,160
C_LOGISTIC_REGRESSION,final_training_fit,2,140,kids,textual,coefficient,-0.06551857826065013,0.06551857826065013,negative,295,146,161
C_LOGISTIC_REGRESSION,final_training_fit,2,31,big,textual,coefficient,-0.06509218732804714,0.06509218732804714,negative,296,145,162
C_LOGISTIC_REGRESSION,final_training_fit,2,174,mind,textual,coefficient,-0.063823912053929,0.063823912053929,negative,297,144,163
C_LOGISTIC_REGRESSION,final_training_fit,2,14,adhd symptoms,textual,coefficient,-0.061505499616893194,0.061505499616893194,negative,298,143,164
C_LOGISTIC_REGRESSION,final_training_fit,2,203,problem,textual,coefficient,0.05714181012173967,0.05714181012173967,positive,299,135,172
C_LOGISTIC_REGRESSION,final_training_fit,2,183,non,textual,coefficient,0.05241820895955675,0.05241820895955675,positive,300,136,171
C_LOGISTIC_REGRESSION,final_training_fit,2,124,impact,textual,coefficient,-0.04354163487072507,0.04354163487072507,negative,301,142,165
C_LOGISTIC_REGRESSION,final_training_fit,2,138,key,textual,coefficient,0.03189039887527896,0.03189039887527896,positive,302,137,170
C_LOGISTIC_REGRESSION,final_training_fit,2,89,experts,textual,coefficient,-0.022514264890438198,0.022514264890438198,negative,303,141,166
C_LOGISTIC_REGRESSION,final_training_fit,2,211,regulation,textual,coefficient,-0.0066125107824693274,0.0066125107824693274,negative,304,140,167
C_LOGISTIC_REGRESSION,final_training_fit,2,271,treatment,textual,coefficient,0.003982891801216241,0.003982891801216241,positive,305,138,169
C_LOGISTIC_REGRESSION,final_training_fit,2,104,function,textual,coefficient,-0.0018060418034763057,0.0018060418034763057,negative,306,139,168
C_LOGISTIC_REGRESSION,final_training_fit,3,160,low,textual,coefficient,2.7934329221594947,2.7934329221594947,positive,1,1,306
C_LOGISTIC_REGRESSION,final_training_fit,3,268,treat,textual,coefficient,2.5190083331126427,2.5190083331126427,positive,2,2,305
C_LOGISTIC_REGRESSION,final_training_fit,3,57,diet,textual,coefficient,2.312743277999264,2.312743277999264,positive,3,3,304
C_LOGISTIC_REGRESSION,final_training_fit,3,213,relationships,textual,coefficient,2.01418909558165,2.01418909558165,positive,4,4,303
C_LOGISTIC_REGRESSION,final_training_fit,3,261,thing,textual,coefficient,1.9972939101267606,1.9972939101267606,positive,5,5,302
C_LOGISTIC_REGRESSION,final_training_fit,3,125,important,textual,coefficient,1.9759696415528731,1.9759696415528731,positive,6,6,301
C_LOGISTIC_REGRESSION,final_training_fit,3,154,long,textual,coefficient,1.9148730563716494,1.9148730563716494,positive,7,7,300
C_LOGISTIC_REGRESSION,final_training_fit,3,105,getting,textual,coefficient,-1.887299277087711,1.887299277087711,negative,8,306,1
C_LOGISTIC_REGRESSION,final_training_fit,3,85,example,textual,coefficient,1.8539671198292442,1.8539671198292442,positive,9,8,299
C_LOGISTIC_REGRESSION,final_training_fit,3,276,type,textual,coefficient,-1.7586695505032972,1.7586695505032972,negative,10,305,2
C_LOGISTIC_REGRESSION,final_training_fit,3,153,ll,textual,coefficient,1.7467813742666,1.7467813742666,positive,11,9,298
C_LOGISTIC_REGRESSION,final_training_fit,3,245,study,textual,coefficient,1.742039364047976,1.742039364047976,positive,12,10,297
C_LOGISTIC_REGRESSION,final_training_fit,3,176,motivation,textual,coefficient,-1.644327952491285,1.644327952491285,negative,13,304,3
C_LOGISTIC_REGRESSION,final_training_fit,3,286,video,textual,coefficient,-1.6249271071344087,1.6249271071344087,negative,14,303,4
C_LOGISTIC_REGRESSION,final_training_fit,3,36,called,textual,coefficient,1.6148622501058763,1.6148622501058763,positive,15,11,296
C_LOGISTIC_REGRESSION,final_training_fit,3,7,adhd autism,textual,coefficient,-1.6055916605998053,1.6055916605998053,negative,16,302,5
C_LOGISTIC_REGRESSION,final_training_fit,3,212,rejection,textual,coefficient,1.549589598804571,1.549589598804571,positive,17,12,295
C_LOGISTIC_REGRESSION,final_training_fit,3,147,levels,textual,coefficient,1.542996907105743,1.542996907105743,positive,18,13,294
C_LOGISTIC_REGRESSION,final_training_fit,3,203,problem,textual,coefficient,1.4908093090135273,1.4908093090135273,positive,19,14,293
C_LOGISTIC_REGRESSION,final_training_fit,3,87,exercise,textual,coefficient,-1.4810662288841026,1.4810662288841026,negative,20,301,6
C_LOGISTIC_REGRESSION,final_training_fit,3,293,works,textual,coefficient,1.4046713367759582,1.4046713367759582,positive,21,15,292
C_LOGISTIC_REGRESSION,final_training_fit,3,45,common,textual,coefficient,-1.4011106721159934,1.4011106721159934,negative,22,300,7
C_LOGISTIC_REGRESSION,final_training_fit,3,21,anxiety,textual,coefficient,-1.3835052110431216,1.3835052110431216,negative,23,299,8
C_LOGISTIC_REGRESSION,final_training_fit,3,294,world,textual,coefficient,1.3820387631739999,1.3820387631739999,positive,24,16,291
C_LOGISTIC_REGRESSION,final_training_fit,3,272,trouble,textual,coefficient,-1.3608759257285188,1.3608759257285188,negative,25,298,9
C_LOGISTIC_REGRESSION,final_training_fit,3,302,likes,engagement_or_format,coefficient,1.3475846226622363,1.3475846226622363,positive,26,17,290
C_LOGISTIC_REGRESSION,final_training_fit,3,247,sugar,textual,coefficient,1.3431123597444194,1.3431123597444194,positive,27,18,289
C_LOGISTIC_REGRESSION,final_training_fit,3,206,psychiatrist,textual,coefficient,-1.3291052752365755,1.3291052752365755,negative,28,297,10
C_LOGISTIC_REGRESSION,final_training_fit,3,220,seen,textual,coefficient,-1.314510285587186,1.314510285587186,negative,29,296,11
C_LOGISTIC_REGRESSION,final_training_fit,3,120,highly,textual,coefficient,-1.313754851245993,1.313754851245993,negative,30,295,12
C_LOGISTIC_REGRESSION,final_training_fit,3,198,point,textual,coefficient,1.3095562945154775,1.3095562945154775,positive,31,19,288
C_LOGISTIC_REGRESSION,final_training_fit,3,258,tend,textual,coefficient,1.3071644833546001,1.3071644833546001,positive,32,20,287
C_LOGISTIC_REGRESSION,final_training_fit,3,282,use,textual,coefficient,1.307041824788078,1.307041824788078,positive,33,21,286
C_LOGISTIC_REGRESSION,final_training_fit,3,82,energy,textual,coefficient,-1.2614613147359959,1.2614613147359959,negative,34,294,13
C_LOGISTIC_REGRESSION,final_training_fit,3,30,better,textual,coefficient,1.2597728594616096,1.2597728594616096,positive,35,22,285
C_LOGISTIC_REGRESSION,final_training_fit,3,175,mood,textual,coefficient,1.2588038842146732,1.2588038842146732,positive,36,23,284
C_LOGISTIC_REGRESSION,final_training_fit,3,239,stop,textual,coefficient,-1.258150204152986,1.258150204152986,negative,37,293,14
C_LOGISTIC_REGRESSION,final_training_fit,3,178,music,textual,coefficient,-1.2422925510177443,1.2422925510177443,negative,38,292,15
C_LOGISTIC_REGRESSION,final_training_fit,3,197,physical,textual,coefficient,-1.2366643504871373,1.2366643504871373,negative,39,291,16
C_LOGISTIC_REGRESSION,final_training_fit,3,32,bit,textual,coefficient,1.2328033988725073,1.2328033988725073,positive,40,24,283
C_LOGISTIC_REGRESSION,final_training_fit,3,78,effects,textual,coefficient,1.2326141238620765,1.2326141238620765,positive,41,25,282
C_LOGISTIC_REGRESSION,final_training_fit,3,143,lack,textual,coefficient,-1.2310900608667117,1.2310900608667117,negative,42,290,17
C_LOGISTIC_REGRESSION,final_training_fit,3,195,person,textual,coefficient,1.2268125792207196,1.2268125792207196,positive,43,26,281
C_LOGISTIC_REGRESSION,final_training_fit,3,62,disorder,textual,coefficient,1.221312165322596,1.221312165322596,positive,44,27,280
C_LOGISTIC_REGRESSION,final_training_fit,3,47,constantly,textual,coefficient,1.2136914504885772,1.2136914504885772,positive,45,28,279
C_LOGISTIC_REGRESSION,final_training_fit,3,15,adhd women,textual,coefficient,1.2060555006313223,1.2060555006313223,positive,46,29,278
C_LOGISTIC_REGRESSION,final_training_fit,3,170,medication,textual,coefficient,-1.1856533210211857,1.1856533210211857,negative,47,289,18
C_LOGISTIC_REGRESSION,final_training_fit,3,269,treated,textual,coefficient,-1.1784706469206754,1.1784706469206754,negative,48,288,19
C_LOGISTIC_REGRESSION,final_training_fit,3,98,focus,textual,coefficient,-1.1544786862324643,1.1544786862324643,negative,49,287,20
C_LOGISTIC_REGRESSION,final_training_fit,3,23,audhd,textual,coefficient,1.1521899089917331,1.1521899089917331,positive,50,30,277
C_LOGISTIC_REGRESSION,final_training_fit,3,266,time,textual,coefficient,-1.1506087424097091,1.1506087424097091,negative,51,286,21
C_LOGISTIC_REGRESSION,final_training_fit,3,259,term,textual,coefficient,1.1499580767192692,1.1499580767192692,positive,52,31,276
C_LOGISTIC_REGRESSION,final_training_fit,3,224,sensitivity,textual,coefficient,1.1471496681230233,1.1471496681230233,positive,53,32,275
C_LOGISTIC_REGRESSION,final_training_fit,3,88,experience,textual,coefficient,1.1436411353891283,1.1436411353891283,positive,54,33,274
C_LOGISTIC_REGRESSION,final_training_fit,3,77,eating,textual,coefficient,-1.1403229050901655,1.1403229050901655,negative,55,285,22
C_LOGISTIC_REGRESSION,final_training_fit,3,139,kid,textual,coefficient,-1.1364732886331526,1.1364732886331526,negative,56,284,23
C_LOGISTIC_REGRESSION,final_training_fit,3,219,second,textual,coefficient,1.1142431025001571,1.1142431025001571,positive,57,34,273
C_LOGISTIC_REGRESSION,final_training_fit,3,128,impulsivity,textual,coefficient,-1.0921444144749641,1.0921444144749641,negative,58,283,24
C_LOGISTIC_REGRESSION,final_training_fit,3,202,probably,textual,coefficient,1.0836316707313614,1.0836316707313614,positive,59,35,272
C_LOGISTIC_REGRESSION,final_training_fit,3,70,dopamine,textual,coefficient,1.0768273784387432,1.0768273784387432,positive,60,36,271
C_LOGISTIC_REGRESSION,final_training_fit,3,177,moving,textual,coefficient,1.075226828328641,1.075226828328641,positive,61,37,270
C_LOGISTIC_REGRESSION,final_training_fit,3,50,day,textual,coefficient,1.0751940650750138,1.0751940650750138,positive,62,38,269
C_LOGISTIC_REGRESSION,final_training_fit,3,291,women,textual,coefficient,1.0719287651030989,1.0719287651030989,positive,63,39,268
C_LOGISTIC_REGRESSION,final_training_fit,3,257,tell,textual,coefficient,1.0707398363569636,1.0707398363569636,positive,64,40,267
C_LOGISTIC_REGRESSION,final_training_fit,3,273,try,textual,coefficient,-1.0625251481316265,1.0625251481316265,negative,65,282,25
C_LOGISTIC_REGRESSION,final_training_fit,3,122,hyperactive,textual,coefficient,1.0602074739046239,1.0602074739046239,positive,66,41,266
C_LOGISTIC_REGRESSION,final_training_fit,3,130,inattentive,textual,coefficient,1.0533534816504424,1.0533534816504424,positive,67,42,265
C_LOGISTIC_REGRESSION,final_training_fit,3,73,dysfunction,textual,coefficient,-1.0413972845070407,1.0413972845070407,negative,68,281,26
C_LOGISTIC_REGRESSION,final_training_fit,3,137,just,textual,coefficient,1.014277784777167,1.014277784777167,positive,69,43,264
C_LOGISTIC_REGRESSION,final_training_fit,3,102,forget,textual,coefficient,1.0070382140095953,1.0070382140095953,positive,70,44,263
C_LOGISTIC_REGRESSION,final_training_fit,3,296,yeah,textual,coefficient,-1.0018460771804378,1.0018460771804378,negative,71,280,27
C_LOGISTIC_REGRESSION,final_training_fit,3,295,wrong,textual,coefficient,-0.994864409509453,0.994864409509453,negative,72,279,28
C_LOGISTIC_REGRESSION,final_training_fit,3,53,diagnosed,textual,coefficient,0.98618669042481,0.98618669042481,positive,73,45,262
C_LOGISTIC_REGRESSION,final_training_fit,3,104,function,textual,coefficient,-0.9643414116984204,0.9643414116984204,negative,74,278,29
C_LOGISTIC_REGRESSION,final_training_fit,3,3,actually,textual,coefficient,-0.9639644846725864,0.9639644846725864,negative,75,277,30
C_LOGISTIC_REGRESSION,final_training_fit,3,49,criteria,textual,coefficient,-0.9623447406858635,0.9623447406858635,negative,76,276,31
C_LOGISTIC_REGRESSION,final_training_fit,3,106,going,textual,coefficient,-0.9573489840323333,0.9573489840323333,negative,77,275,32
C_LOGISTIC_REGRESSION,final_training_fit,3,96,feel like,textual,coefficient,0.9503051462469811,0.9503051462469811,positive,78,46,261
C_LOGISTIC_REGRESSION,final_training_fit,3,144,late,textual,coefficient,0.9392342913839109,0.9392342913839109,positive,79,47,260
C_LOGISTIC_REGRESSION,final_training_fit,3,230,signs,textual,coefficient,-0.9386603964316644,0.9386603964316644,negative,80,274,33
C_LOGISTIC_REGRESSION,final_training_fit,3,69,don,textual,coefficient,-0.9311532541900635,0.9311532541900635,negative,81,273,34
C_LOGISTIC_REGRESSION,final_training_fit,3,124,impact,textual,coefficient,-0.9289955399485015,0.9289955399485015,negative,82,272,35
C_LOGISTIC_REGRESSION,final_training_fit,3,83,especially,textual,coefficient,-0.9176971446024592,0.9176971446024592,negative,83,271,36
C_LOGISTIC_REGRESSION,final_training_fit,3,117,helpful,textual,coefficient,0.9035608642391175,0.9035608642391175,positive,84,48,259
C_LOGISTIC_REGRESSION,final_training_fit,3,252,taking,textual,coefficient,0.8971613051380786,0.8971613051380786,positive,85,49,258
C_LOGISTIC_REGRESSION,final_training_fit,3,132,information,textual,coefficient,0.8687378563328217,0.8687378563328217,positive,86,50,257
C_LOGISTIC_REGRESSION,final_training_fit,3,56,did,textual,coefficient,0.8627692719778453,0.8627692719778453,positive,87,51,256
C_LOGISTIC_REGRESSION,final_training_fit,3,204,problems,textual,coefficient,-0.8423280926857398,0.8423280926857398,negative,88,270,37
C_LOGISTIC_REGRESSION,final_training_fit,3,299,एक,textual,coefficient,-0.8384293516860878,0.8384293516860878,negative,89,269,38
C_LOGISTIC_REGRESSION,final_training_fit,3,277,uh,textual,coefficient,0.8352472049908575,0.8352472049908575,positive,90,52,255
C_LOGISTIC_REGRESSION,final_training_fit,3,196,phone,textual,coefficient,-0.8319443552590445,0.8319443552590445,negative,91,268,39
C_LOGISTIC_REGRESSION,final_training_fit,3,68,doing,textual,coefficient,-0.8241012521123394,0.8241012521123394,negative,92,267,40
C_LOGISTIC_REGRESSION,final_training_fit,3,67,doesn,textual,coefficient,0.8234973564950002,0.8234973564950002,positive,93,53,254
C_LOGISTIC_REGRESSION,final_training_fit,3,162,make sure,textual,coefficient,-0.8230225733089637,0.8230225733089637,negative,94,266,41
C_LOGISTIC_REGRESSION,final_training_fit,3,304,views,engagement_or_format,coefficient,-0.8228395571729819,0.8228395571729819,negative,95,265,42
C_LOGISTIC_REGRESSION,final_training_fit,3,63,disorders,textual,coefficient,0.8215575792158626,0.8215575792158626,positive,96,54,253
C_LOGISTIC_REGRESSION,final_training_fit,3,116,help,textual,coefficient,0.8141058670471079,0.8141058670471079,positive,97,55,252
C_LOGISTIC_REGRESSION,final_training_fit,3,5,adhd,textual,coefficient,-0.8024613774821883,0.8024613774821883,negative,98,264,43
C_LOGISTIC_REGRESSION,final_training_fit,3,199,poor,textual,coefficient,-0.7815155166458082,0.7815155166458082,negative,99,263,44
C_LOGISTIC_REGRESSION,final_training_fit,3,236,start,textual,coefficient,-0.7728700167222463,0.7728700167222463,negative,100,262,45
C_LOGISTIC_REGRESSION,final_training_fit,3,181,neurotypical,textual,coefficient,0.7707104022600642,0.7707104022600642,positive,101,56,251
C_LOGISTIC_REGRESSION,final_training_fit,3,180,need,textual,coefficient,0.7682297034348737,0.7682297034348737,positive,102,57,250
C_LOGISTIC_REGRESSION,final_training_fit,3,163,makes,textual,coefficient,0.7672782944712526,0.7672782944712526,positive,103,58,249
C_LOGISTIC_REGRESSION,final_training_fit,3,110,happens,textual,coefficient,0.7670124889908837,0.7670124889908837,positive,104,59,248
C_LOGISTIC_REGRESSION,final_training_fit,3,279,unable,textual,coefficient,-0.7435114689692155,0.7435114689692155,negative,105,261,46
C_LOGISTIC_REGRESSION,final_training_fit,3,101,foods,textual,coefficient,0.7386897520372614,0.7386897520372614,positive,106,60,247
C_LOGISTIC_REGRESSION,final_training_fit,3,133,instead,textual,coefficient,-0.7372541199426265,0.7372541199426265,negative,107,260,47
C_LOGISTIC_REGRESSION,final_training_fit,3,289,way,textual,coefficient,-0.7355520150172727,0.7355520150172727,negative,108,259,48
C_LOGISTIC_REGRESSION,final_training_fit,3,287,wait,textual,coefficient,0.7333502926648977,0.7333502926648977,positive,109,61,246
C_LOGISTIC_REGRESSION,final_training_fit,3,174,mind,textual,coefficient,0.7233064225941094,0.7233064225941094,positive,110,62,245
C_LOGISTIC_REGRESSION,final_training_fit,3,155,look,textual,coefficient,0.7118347972648471,0.7118347972648471,positive,111,63,244
C_LOGISTIC_REGRESSION,final_training_fit,3,256,tasks,textual,coefficient,-0.7116990878579191,0.7116990878579191,negative,112,258,49
C_LOGISTIC_REGRESSION,final_training_fit,3,59,different,textual,coefficient,-0.702223334094288,0.702223334094288,negative,113,257,50
C_LOGISTIC_REGRESSION,final_training_fit,3,40,child,textual,coefficient,0.7019935580135063,0.7019935580135063,positive,114,64,243
C_LOGISTIC_REGRESSION,final_training_fit,3,33,body,textual,coefficient,0.699005509110373,0.699005509110373,positive,115,65,242
C_LOGISTIC_REGRESSION,final_training_fit,3,215,right,textual,coefficient,-0.6983402535573902,0.6983402535573902,negative,116,256,51
C_LOGISTIC_REGRESSION,final_training_fit,3,24,autism,textual,coefficient,-0.6966307890483698,0.6966307890483698,negative,117,255,52
C_LOGISTIC_REGRESSION,final_training_fit,3,118,helps,textual,coefficient,0.6856778632884177,0.6856778632884177,positive,118,66,241
C_LOGISTIC_REGRESSION,final_training_fit,3,126,improve,textual,coefficient,-0.674526417416392,0.674526417416392,negative,119,254,53
C_LOGISTIC_REGRESSION,final_training_fit,3,285,ve,textual,coefficient,-0.6730008327631815,0.6730008327631815,negative,120,253,54
C_LOGISTIC_REGRESSION,final_training_fit,3,179,natural,textual,coefficient,0.6726939376408407,0.6726939376408407,positive,121,67,240
C_LOGISTIC_REGRESSION,final_training_fit,3,48,control,textual,coefficient,0.6721253520286026,0.6721253520286026,positive,122,68,239
C_LOGISTIC_REGRESSION,final_training_fit,3,171,medications,textual,coefficient,-0.6648480233991914,0.6648480233991914,negative,123,252,55
C_LOGISTIC_REGRESSION,final_training_fit,3,186,okay,textual,coefficient,0.6577043981648244,0.6577043981648244,positive,124,69,238
C_LOGISTIC_REGRESSION,final_training_fit,3,237,stimulant,textual,coefficient,-0.6561527875486909,0.6561527875486909,negative,125,251,56
C_LOGISTIC_REGRESSION,final_training_fit,3,52,depression,textual,coefficient,0.6489070435465327,0.6489070435465327,positive,126,70,237
C_LOGISTIC_REGRESSION,final_training_fit,3,263,things like,textual,coefficient,-0.6472780418696614,0.6472780418696614,negative,127,250,57
C_LOGISTIC_REGRESSION,final_training_fit,3,72,drugs,textual,coefficient,0.6449996225570496,0.6449996225570496,positive,128,71,236
C_LOGISTIC_REGRESSION,final_training_fit,3,231,signs adhd,textual,coefficient,0.6440678127264728,0.6440678127264728,positive,129,72,235
C_LOGISTIC_REGRESSION,final_training_fit,3,43,come,textual,coefficient,0.6433930794426361,0.6433930794426361,positive,130,73,234
C_LOGISTIC_REGRESSION,final_training_fit,3,11,adhd medication,textual,coefficient,-0.6322110832567887,0.6322110832567887,negative,131,249,58
C_LOGISTIC_REGRESSION,final_training_fit,3,140,kids,textual,coefficient,-0.631102613317954,0.631102613317954,negative,132,248,59
C_LOGISTIC_REGRESSION,final_training_fit,3,207,quickly,textual,coefficient,-0.6255662409871122,0.6255662409871122,negative,133,247,60
C_LOGISTIC_REGRESSION,final_training_fit,3,65,doctor,textual,coefficient,0.6247193142737605,0.6247193142737605,positive,134,74,233
C_LOGISTIC_REGRESSION,final_training_fit,3,34,brain,textual,coefficient,0.6193485601895657,0.6193485601895657,positive,135,75,232
C_LOGISTIC_REGRESSION,final_training_fit,3,246,stuff,textual,coefficient,0.6165614258442386,0.6165614258442386,positive,136,76,231
C_LOGISTIC_REGRESSION,final_training_fit,3,75,easily,textual,coefficient,-0.6147162195568793,0.6147162195568793,negative,137,246,61
C_LOGISTIC_REGRESSION,final_training_fit,3,209,really,textual,coefficient,-0.6087235271763792,0.6087235271763792,negative,138,245,62
C_LOGISTIC_REGRESSION,final_training_fit,3,127,impulsive,textual,coefficient,-0.6054233782036891,0.6054233782036891,negative,139,244,63
C_LOGISTIC_REGRESSION,final_training_fit,3,188,overwhelmed,textual,coefficient,0.6023031248713437,0.6023031248713437,positive,140,77,230
C_LOGISTIC_REGRESSION,final_training_fit,3,248,support,textual,coefficient,-0.601253322192876,0.601253322192876,negative,141,243,64
C_LOGISTIC_REGRESSION,final_training_fit,3,298,इपर,textual,coefficient,-0.5958662674135708,0.5958662674135708,negative,142,242,65
C_LOGISTIC_REGRESSION,final_training_fit,3,297,years,textual,coefficient,0.5922396776802588,0.5922396776802588,positive,143,78,229
C_LOGISTIC_REGRESSION,final_training_fit,3,64,distracted,textual,coefficient,0.5737324913842723,0.5737324913842723,positive,144,79,228
C_LOGISTIC_REGRESSION,final_training_fit,3,86,executive,textual,coefficient,-0.5712549136507055,0.5712549136507055,negative,145,241,66
C_LOGISTIC_REGRESSION,final_training_fit,3,111,hard,textual,coefficient,0.5632315220499973,0.5632315220499973,positive,146,80,227
C_LOGISTIC_REGRESSION,final_training_fit,3,71,dr,textual,coefficient,-0.559017132230242,0.559017132230242,negative,147,240,67
C_LOGISTIC_REGRESSION,final_training_fit,3,185,oh,textual,coefficient,-0.5543607926374873,0.5543607926374873,negative,148,239,68
C_LOGISTIC_REGRESSION,final_training_fit,3,81,end,textual,coefficient,-0.5526910299941767,0.5526910299941767,negative,149,238,69
C_LOGISTIC_REGRESSION,final_training_fit,3,51,deficit,textual,coefficient,0.5521894361346825,0.5521894361346825,positive,150,81,226
C_LOGISTIC_REGRESSION,final_training_fit,3,211,regulation,textual,coefficient,-0.5441928215297193,0.5441928215297193,negative,151,237,70
C_LOGISTIC_REGRESSION,final_training_fit,3,60,differently,textual,coefficient,-0.5422499936013859,0.5422499936013859,negative,152,236,71
C_LOGISTIC_REGRESSION,final_training_fit,3,264,think,textual,coefficient,-0.5385795545187276,0.5385795545187276,negative,153,235,72
C_LOGISTIC_REGRESSION,final_training_fit,3,164,making,textual,coefficient,-0.534842126578873,0.534842126578873,negative,154,234,73
C_LOGISTIC_REGRESSION,final_training_fit,3,114,health,textual,coefficient,0.5345068238880952,0.5345068238880952,positive,155,82,225
C_LOGISTIC_REGRESSION,final_training_fit,3,100,food,textual,coefficient,0.5278259436432805,0.5278259436432805,positive,156,83,224
C_LOGISTIC_REGRESSION,final_training_fit,3,14,adhd symptoms,textual,coefficient,-0.5256579086303528,0.5256579086303528,negative,157,233,74
C_LOGISTIC_REGRESSION,final_training_fit,3,158,lots,textual,coefficient,0.5238405747095649,0.5238405747095649,positive,158,84,223
C_LOGISTIC_REGRESSION,final_training_fit,3,39,challenges,textual,coefficient,0.521713402900663,0.521713402900663,positive,159,85,222
C_LOGISTIC_REGRESSION,final_training_fit,3,262,things,textual,coefficient,0.5213599316500078,0.5213599316500078,positive,160,86,221
C_LOGISTIC_REGRESSION,final_training_fit,3,172,meds,textual,coefficient,0.5201039109385405,0.5201039109385405,positive,161,87,220
C_LOGISTIC_REGRESSION,final_training_fit,3,240,strategies,textual,coefficient,0.5023671271106969,0.5023671271106969,positive,162,88,219
C_LOGISTIC_REGRESSION,final_training_fit,3,99,follow,textual,coefficient,-0.500322233106329,0.500322233106329,negative,163,232,75
C_LOGISTIC_REGRESSION,final_training_fit,3,214,remember,textual,coefficient,0.4949104353843514,0.4949104353843514,positive,164,89,218
C_LOGISTIC_REGRESSION,final_training_fit,3,95,feel,textual,coefficient,0.49279598645971506,0.49279598645971506,positive,165,90,217
C_LOGISTIC_REGRESSION,final_training_fit,3,2,activity,textual,coefficient,-0.4904015807217711,0.4904015807217711,negative,166,231,76
C_LOGISTIC_REGRESSION,final_training_fit,3,145,lead,textual,coefficient,0.48752594132290855,0.48752594132290855,positive,167,91,216
C_LOGISTIC_REGRESSION,final_training_fit,3,280,understand,textual,coefficient,-0.4827709114161818,0.4827709114161818,negative,168,230,77
C_LOGISTIC_REGRESSION,final_training_fit,3,119,high,textual,coefficient,0.47296429688048136,0.47296429688048136,positive,169,92,215
C_LOGISTIC_REGRESSION,final_training_fit,3,46,condition,textual,coefficient,-0.472370456603664,0.472370456603664,negative,170,229,78
C_LOGISTIC_REGRESSION,final_training_fit,3,267,times,textual,coefficient,-0.470284340778569,0.470284340778569,negative,171,228,79
C_LOGISTIC_REGRESSION,final_training_fit,3,10,adhd just,textual,coefficient,0.45973932084238267,0.45973932084238267,positive,172,93,214
C_LOGISTIC_REGRESSION,final_training_fit,3,28,behaviors,textual,coefficient,-0.4562274509081988,0.4562274509081988,negative,173,227,80
C_LOGISTIC_REGRESSION,final_training_fit,3,182,neurotypical person,textual,coefficient,0.4498472977966611,0.4498472977966611,positive,174,94,213
C_LOGISTIC_REGRESSION,final_training_fit,3,165,manage,textual,coefficient,-0.44533217740692266,0.44533217740692266,negative,175,226,81
C_LOGISTIC_REGRESSION,final_training_fit,3,97,feeling,textual,coefficient,-0.4449537578695227,0.4449537578695227,negative,176,225,82
C_LOGISTIC_REGRESSION,final_training_fit,3,227,sep adhd,textual,coefficient,-0.4302566463524933,0.4302566463524933,negative,177,224,83
C_LOGISTIC_REGRESSION,final_training_fit,3,208,real,textual,coefficient,0.42662813523222837,0.42662813523222837,positive,178,95,212
C_LOGISTIC_REGRESSION,final_training_fit,3,292,work,textual,coefficient,0.4193326047998289,0.4193326047998289,positive,179,96,211
C_LOGISTIC_REGRESSION,final_training_fit,3,109,great,textual,coefficient,-0.4128045889440942,0.4128045889440942,negative,180,223,84
C_LOGISTIC_REGRESSION,final_training_fit,3,13,adhd sep,textual,coefficient,0.4107592250877359,0.4107592250877359,positive,181,97,210
C_LOGISTIC_REGRESSION,final_training_fit,3,94,family,textual,coefficient,0.40827387240149027,0.40827387240149027,positive,182,98,209
C_LOGISTIC_REGRESSION,final_training_fit,3,29,best,textual,coefficient,-0.38689580342408286,0.38689580342408286,negative,183,222,85
C_LOGISTIC_REGRESSION,final_training_fit,3,6,adhd adhd,textual,coefficient,-0.38642301692310554,0.38642301692310554,negative,184,221,86
C_LOGISTIC_REGRESSION,final_training_fit,3,129,inattention,textual,coefficient,-0.3833489668507569,0.3833489668507569,negative,185,220,87
C_LOGISTIC_REGRESSION,final_training_fit,3,115,hear,textual,coefficient,-0.3823844298322311,0.3823844298322311,negative,186,219,88
C_LOGISTIC_REGRESSION,final_training_fit,3,274,trying,textual,coefficient,0.38040320355104706,0.38040320355104706,positive,187,99,208
C_LOGISTIC_REGRESSION,final_training_fit,3,222,sense,textual,coefficient,-0.3800698234187158,0.3800698234187158,negative,188,218,89
C_LOGISTIC_REGRESSION,final_training_fit,3,112,harder,textual,coefficient,-0.3783949355568625,0.3783949355568625,negative,189,217,90
C_LOGISTIC_REGRESSION,final_training_fit,3,92,explained,textual,coefficient,-0.37646596594474907,0.37646596594474907,negative,190,216,91
C_LOGISTIC_REGRESSION,final_training_fit,3,200,potential,textual,coefficient,-0.37008845211809643,0.37008845211809643,negative,191,215,92
C_LOGISTIC_REGRESSION,final_training_fit,3,216,say,textual,coefficient,0.36832356881121475,0.36832356881121475,positive,192,100,207
C_LOGISTIC_REGRESSION,final_training_fit,3,18,affects,textual,coefficient,-0.36604818775401093,0.36604818775401093,negative,193,214,93
C_LOGISTIC_REGRESSION,final_training_fit,3,232,sit,textual,coefficient,-0.3580283208315941,0.3580283208315941,negative,194,213,94
C_LOGISTIC_REGRESSION,final_training_fit,3,134,intense,textual,coefficient,0.3567062129954337,0.3567062129954337,positive,195,101,206
C_LOGISTIC_REGRESSION,final_training_fit,3,255,task,textual,coefficient,0.35605803246582884,0.35605803246582884,positive,196,102,205
C_LOGISTIC_REGRESSION,final_training_fit,3,193,people,textual,coefficient,-0.3546014489098082,0.3546014489098082,negative,197,212,95
C_LOGISTIC_REGRESSION,final_training_fit,3,303,comments,engagement_or_format,coefficient,-0.35218336868044564,0.35218336868044564,negative,198,211,96
C_LOGISTIC_REGRESSION,final_training_fit,3,192,pay attention,textual,coefficient,-0.34830373432215883,0.34830373432215883,negative,199,210,97
C_LOGISTIC_REGRESSION,final_training_fit,3,157,lot,textual,coefficient,-0.34821043475332164,0.34821043475332164,negative,200,209,98
C_LOGISTIC_REGRESSION,final_training_fit,3,138,key,textual,coefficient,0.34439295172870554,0.34439295172870554,positive,201,103,204
C_LOGISTIC_REGRESSION,final_training_fit,3,103,friend,textual,coefficient,-0.3407908725186238,0.3407908725186238,negative,202,208,99
C_LOGISTIC_REGRESSION,final_training_fit,3,278,um,textual,coefficient,-0.33597930329028824,0.33597930329028824,negative,203,207,100
C_LOGISTIC_REGRESSION,final_training_fit,3,210,recommend,textual,coefficient,-0.33425358403309663,0.33425358403309663,negative,204,206,101
C_LOGISTIC_REGRESSION,final_training_fit,3,9,adhd diagnosis,textual,coefficient,-0.3323725809769569,0.3323725809769569,negative,205,205,102
C_LOGISTIC_REGRESSION,final_training_fit,3,113,having,textual,coefficient,-0.332202798118888,0.332202798118888,negative,206,204,103
C_LOGISTIC_REGRESSION,final_training_fit,3,149,like,textual,coefficient,-0.31942727886839567,0.31942727886839567,negative,207,203,104
C_LOGISTIC_REGRESSION,final_training_fit,3,25,autistic,textual,coefficient,-0.31733134305600985,0.31733134305600985,negative,208,202,105
C_LOGISTIC_REGRESSION,final_training_fit,3,161,make,textual,coefficient,0.31569405778693155,0.31569405778693155,positive,209,104,203
C_LOGISTIC_REGRESSION,final_training_fit,3,194,people adhd,textual,coefficient,-0.3149742670212137,0.3149742670212137,negative,210,201,106
C_LOGISTIC_REGRESSION,final_training_fit,3,27,behavior,textual,coefficient,-0.31036486229025323,0.31036486229025323,negative,211,200,107
C_LOGISTIC_REGRESSION,final_training_fit,3,275,turn,textual,coefficient,-0.30701672741973846,0.30701672741973846,negative,212,199,108
C_LOGISTIC_REGRESSION,final_training_fit,3,8,adhd brain,textual,coefficient,-0.28701750173363216,0.28701750173363216,negative,213,198,109
C_LOGISTIC_REGRESSION,final_training_fit,3,169,means,textual,coefficient,-0.2869570927635775,0.2869570927635775,negative,214,197,110
C_LOGISTIC_REGRESSION,final_training_fit,3,173,mental,textual,coefficient,-0.2812008111926542,0.2812008111926542,negative,215,196,111
C_LOGISTIC_REGRESSION,final_training_fit,3,79,emotional,textual,coefficient,-0.27782293155225624,0.27782293155225624,negative,216,195,112
C_LOGISTIC_REGRESSION,final_training_fit,3,223,sensitive,textual,coefficient,0.2759066816542232,0.2759066816542232,positive,217,105,202
C_LOGISTIC_REGRESSION,final_training_fit,3,17,adults,textual,coefficient,-0.2743382288066803,0.2743382288066803,negative,218,194,113
C_LOGISTIC_REGRESSION,final_training_fit,3,253,talk,textual,coefficient,-0.27102728390926856,0.27102728390926856,negative,219,193,114
C_LOGISTIC_REGRESSION,final_training_fit,3,93,fact,textual,coefficient,-0.2674576363059198,0.2674576363059198,negative,220,192,115
C_LOGISTIC_REGRESSION,final_training_fit,3,301,hedge_score,handcrafted_linguistic,coefficient,-0.261504667910497,0.261504667910497,negative,221,191,116
C_LOGISTIC_REGRESSION,final_training_fit,3,22,attention,textual,coefficient,-0.259421518650538,0.259421518650538,negative,222,190,117
C_LOGISTIC_REGRESSION,final_training_fit,3,201,present,textual,coefficient,-0.24742577540831098,0.24742577540831098,negative,223,189,118
C_LOGISTIC_REGRESSION,final_training_fit,3,35,brains,textual,coefficient,-0.24063828706565443,0.24063828706565443,negative,224,188,119
C_LOGISTIC_REGRESSION,final_training_fit,3,54,diagnosis,textual,coefficient,-0.23270226000395244,0.23270226000395244,negative,225,187,120
C_LOGISTIC_REGRESSION,final_training_fit,3,42,college,textual,coefficient,0.23233795199936105,0.23233795199936105,positive,226,106,201
C_LOGISTIC_REGRESSION,final_training_fit,3,74,early,textual,coefficient,-0.22930920124898077,0.22930920124898077,negative,227,186,121
C_LOGISTIC_REGRESSION,final_training_fit,3,217,saying,textual,coefficient,0.21925914827219573,0.21925914827219573,positive,228,107,200
C_LOGISTIC_REGRESSION,final_training_fit,3,187,options,textual,coefficient,-0.21440451557948617,0.21440451557948617,negative,229,185,122
C_LOGISTIC_REGRESSION,final_training_fit,3,229,sign,textual,coefficient,-0.2018093701954855,0.2018093701954855,negative,230,184,123
C_LOGISTIC_REGRESSION,final_training_fit,3,184,number,textual,coefficient,-0.1884115442814762,0.1884115442814762,negative,231,183,124
C_LOGISTIC_REGRESSION,final_training_fit,3,107,good,textual,coefficient,0.18217793649262523,0.18217793649262523,positive,232,108,199
C_LOGISTIC_REGRESSION,final_training_fit,3,89,experts,textual,coefficient,-0.18155980774201916,0.18155980774201916,negative,233,182,125
C_LOGISTIC_REGRESSION,final_training_fit,3,270,treating,textual,coefficient,0.1788014436106566,0.1788014436106566,positive,234,109,198
C_LOGISTIC_REGRESSION,final_training_fit,3,284,usually,textual,coefficient,0.17778590278386266,0.17778590278386266,positive,235,110,197
C_LOGISTIC_REGRESSION,final_training_fit,3,108,got,textual,coefficient,-0.17702505796784176,0.17702505796784176,negative,236,181,126
C_LOGISTIC_REGRESSION,final_training_fit,3,244,struggling,textual,coefficient,0.17556042226230656,0.17556042226230656,positive,237,111,196
C_LOGISTIC_REGRESSION,final_training_fit,3,281,understanding,textual,coefficient,0.1724277117527806,0.1724277117527806,positive,238,112,195
C_LOGISTIC_REGRESSION,final_training_fit,3,168,mean,textual,coefficient,-0.17166874259228346,0.17166874259228346,negative,239,180,127
C_LOGISTIC_REGRESSION,final_training_fit,3,84,everybody,textual,coefficient,-0.1691686074215122,0.1691686074215122,negative,240,179,128
C_LOGISTIC_REGRESSION,final_training_fit,3,249,sure,textual,coefficient,-0.16781243947953375,0.16781243947953375,negative,241,178,129
C_LOGISTIC_REGRESSION,final_training_fit,3,225,sensory,textual,coefficient,-0.15672504618685312,0.15672504618685312,negative,242,177,130
C_LOGISTIC_REGRESSION,final_training_fit,3,151,little,textual,coefficient,0.15325784857814653,0.15325784857814653,positive,243,113,194
C_LOGISTIC_REGRESSION,final_training_fit,3,235,social,textual,coefficient,0.14669402430132325,0.14669402430132325,positive,244,114,193
C_LOGISTIC_REGRESSION,final_training_fit,3,142,know,textual,coefficient,-0.14334932826899655,0.14334932826899655,negative,245,176,131
C_LOGISTIC_REGRESSION,final_training_fit,3,31,big,textual,coefficient,0.1413537009429281,0.1413537009429281,positive,246,115,192
C_LOGISTIC_REGRESSION,final_training_fit,3,0,10,textual,coefficient,0.1387602795944954,0.1387602795944954,positive,247,116,191
C_LOGISTIC_REGRESSION,final_training_fit,3,251,symptoms adhd,textual,coefficient,-0.13872361310980535,0.13872361310980535,negative,248,175,132
C_LOGISTIC_REGRESSION,final_training_fit,3,159,love,textual,coefficient,0.13732374154337815,0.13732374154337815,positive,249,117,190
C_LOGISTIC_REGRESSION,final_training_fit,3,1,able,textual,coefficient,0.13654485899931332,0.13654485899931332,positive,250,118,189
C_LOGISTIC_REGRESSION,final_training_fit,3,191,pay,textual,coefficient,0.1352224858664679,0.1352224858664679,positive,251,119,188
C_LOGISTIC_REGRESSION,final_training_fit,3,38,certain,textual,coefficient,0.1317316393568669,0.1317316393568669,positive,252,120,187
C_LOGISTIC_REGRESSION,final_training_fit,3,66,does,textual,coefficient,0.12362586803076993,0.12362586803076993,positive,253,121,186
C_LOGISTIC_REGRESSION,final_training_fit,3,131,increase,textual,coefficient,0.12043114686027387,0.12043114686027387,positive,254,122,185
C_LOGISTIC_REGRESSION,final_training_fit,3,146,let,textual,coefficient,-0.11799563016668817,0.11799563016668817,negative,255,174,133
C_LOGISTIC_REGRESSION,final_training_fit,3,135,isn,textual,coefficient,0.11781592777735755,0.11781592777735755,positive,256,123,184
C_LOGISTIC_REGRESSION,final_training_fit,3,271,treatment,textual,coefficient,0.11629584737379797,0.11629584737379797,positive,257,124,183
C_LOGISTIC_REGRESSION,final_training_fit,3,150,likely,textual,coefficient,-0.11538526109921839,0.11538526109921839,negative,258,173,134
C_LOGISTIC_REGRESSION,final_training_fit,3,80,emotions,textual,coefficient,-0.10948369921143067,0.10948369921143067,negative,259,172,135
C_LOGISTIC_REGRESSION,final_training_fit,3,290,ways,textual,coefficient,0.10767929221241977,0.10767929221241977,positive,260,125,182
C_LOGISTIC_REGRESSION,final_training_fit,3,123,hyperactivity,textual,coefficient,0.10268202869754643,0.10268202869754643,positive,261,126,181
C_LOGISTIC_REGRESSION,final_training_fit,3,167,maybe,textual,coefficient,-0.09975547985677419,0.09975547985677419,negative,262,171,136
C_LOGISTIC_REGRESSION,final_training_fit,3,20,answer sep,textual,coefficient,-0.09919123142259428,0.09919123142259428,negative,263,170,137
C_LOGISTIC_REGRESSION,final_training_fit,3,205,protein,textual,coefficient,0.09497764410440401,0.09497764410440401,positive,264,127,180
C_LOGISTIC_REGRESSION,final_training_fit,3,37,care,textual,coefficient,-0.09052967862490251,0.09052967862490251,negative,265,169,138
C_LOGISTIC_REGRESSION,final_training_fit,3,243,struggles,textual,coefficient,0.08886004209787729,0.08886004209787729,positive,266,128,179
C_LOGISTIC_REGRESSION,final_training_fit,3,4,add,textual,coefficient,-0.08783981051484843,0.08783981051484843,negative,267,168,139
C_LOGISTIC_REGRESSION,final_training_fit,3,166,management,textual,coefficient,-0.086955993727673,0.086955993727673,negative,268,167,140
C_LOGISTIC_REGRESSION,final_training_fit,3,238,stimulants,textual,coefficient,-0.07899496268160291,0.07899496268160291,negative,269,166,141
C_LOGISTIC_REGRESSION,final_training_fit,3,218,school,textual,coefficient,0.07740865096953639,0.07740865096953639,positive,270,129,178
C_LOGISTIC_REGRESSION,final_training_fit,3,183,non,textual,coefficient,-0.07723552523020313,0.07723552523020313,negative,271,165,142
C_LOGISTIC_REGRESSION,final_training_fit,3,26,bad,textual,coefficient,0.0768334432982754,0.0768334432982754,positive,272,130,177
C_LOGISTIC_REGRESSION,final_training_fit,3,241,structure,textual,coefficient,0.07349973276153164,0.07349973276153164,positive,273,131,176
C_LOGISTIC_REGRESSION,final_training_fit,3,300,certainty_score,handcrafted_linguistic,coefficient,-0.07224641502855512,0.07224641502855512,negative,274,164,143
C_LOGISTIC_REGRESSION,final_training_fit,3,136,issues,textual,coefficient,0.06987312010878952,0.06987312010878952,positive,275,132,175
C_LOGISTIC_REGRESSION,final_training_fit,3,91,explain,textual,coefficient,0.06769554609480627,0.06769554609480627,positive,276,133,174
C_LOGISTIC_REGRESSION,final_training_fit,3,283,using,textual,coefficient,0.0673829527900008,0.0673829527900008,positive,277,134,173
C_LOGISTIC_REGRESSION,final_training_fit,3,156,looking,textual,coefficient,-0.06715210644822615,0.06715210644822615,negative,278,163,144
C_LOGISTIC_REGRESSION,final_training_fit,3,228,shorts,textual,coefficient,-0.06306417069137461,0.06306417069137461,negative,279,162,145
C_LOGISTIC_REGRESSION,final_training_fit,3,141,kind,textual,coefficient,-0.05392568671706383,0.05392568671706383,negative,280,161,146
C_LOGISTIC_REGRESSION,final_training_fit,3,254,talking,textual,coefficient,-0.053805962647542324,0.053805962647542324,negative,281,160,147
C_LOGISTIC_REGRESSION,final_training_fit,3,305,duration_sec,engagement_or_format,coefficient,-0.051608424068409466,0.051608424068409466,negative,282,159,148
C_LOGISTIC_REGRESSION,final_training_fit,3,190,patients,textual,coefficient,-0.05077149955356549,0.05077149955356549,negative,283,158,149
C_LOGISTIC_REGRESSION,final_training_fit,3,242,struggle,textual,coefficient,0.049093936365638496,0.049093936365638496,positive,284,135,172
C_LOGISTIC_REGRESSION,final_training_fit,3,16,adult,textual,coefficient,-0.04768416769243629,0.04768416769243629,negative,285,157,150
C_LOGISTIC_REGRESSION,final_training_fit,3,44,comes,textual,coefficient,0.046574112849539516,0.046574112849539516,positive,286,136,171
C_LOGISTIC_REGRESSION,final_training_fit,3,234,small,textual,coefficient,-0.0412984763592969,0.0412984763592969,negative,287,156,151
C_LOGISTIC_REGRESSION,final_training_fit,3,12,adhd real,textual,coefficient,-0.03912488758463436,0.03912488758463436,negative,288,155,152
C_LOGISTIC_REGRESSION,final_training_fit,3,221,self,textual,coefficient,-0.0388834047882251,0.0388834047882251,negative,289,154,153
C_LOGISTIC_REGRESSION,final_training_fit,3,250,symptoms,textual,coefficient,0.03497946323090724,0.03497946323090724,positive,290,137,170
C_LOGISTIC_REGRESSION,final_training_fit,3,148,life,textual,coefficient,-0.031805538235104874,0.031805538235104874,negative,291,153,154
C_LOGISTIC_REGRESSION,final_training_fit,3,226,sep,textual,coefficient,0.029012882769313488,0.029012882769313488,positive,292,138,169
C_LOGISTIC_REGRESSION,final_training_fit,3,233,sleep,textual,coefficient,-0.027835410733346486,0.027835410733346486,negative,293,152,155
C_LOGISTIC_REGRESSION,final_training_fit,3,76,eat,textual,coefficient,0.025595941100525946,0.025595941100525946,positive,294,139,168
C_LOGISTIC_REGRESSION,final_training_fit,3,41,children,textual,coefficient,-0.022560365418433554,0.022560365418433554,negative,295,151,156
C_LOGISTIC_REGRESSION,final_training_fit,3,55,diagnostic,textual,coefficient,-0.01879700153301476,0.01879700153301476,negative,296,150,157
C_LOGISTIC_REGRESSION,final_training_fit,3,58,difference,textual,coefficient,0.018234704188880034,0.018234704188880034,positive,297,140,167
C_LOGISTIC_REGRESSION,final_training_fit,3,260,therapy,textual,coefficient,-0.01774523565536337,0.01774523565536337,negative,298,149,158
C_LOGISTIC_REGRESSION,final_training_fit,3,90,experts answer,textual,coefficient,-0.015526422061608936,0.015526422061608936,negative,299,148,159
C_LOGISTIC_REGRESSION,final_training_fit,3,288,want,textual,coefficient,-0.015015129097582212,0.015015129097582212,negative,300,147,160
C_LOGISTIC_REGRESSION,final_training_fit,3,152,little bit,textual,coefficient,0.014556881031476268,0.014556881031476268,positive,301,141,166
C_LOGISTIC_REGRESSION,final_training_fit,3,265,thinking,textual,coefficient,-0.014472375428599497,0.014472375428599497,negative,302,146,161
C_LOGISTIC_REGRESSION,final_training_fit,3,61,difficulty,textual,coefficient,0.011774439428712282,0.011774439428712282,positive,303,142,165
C_LOGISTIC_REGRESSION,final_training_fit,3,189,parents,textual,coefficient,0.010806316221945986,0.010806316221945986,positive,304,143,164
C_LOGISTIC_REGRESSION,final_training_fit,3,121,home,textual,coefficient,0.005715826997261683,0.005715826997261683,positive,305,144,163
C_LOGISTIC_REGRESSION,final_training_fit,3,19,answer,textual,coefficient,-0.001025433523973642,0.001025433523973642,negative,306,145,162
C_LOGISTIC_REGRESSION,final_training_fit,4,82,energy,textual,coefficient,2.960374036100615,2.960374036100615,positive,1,1,306
C_LOGISTIC_REGRESSION,final_training_fit,4,295,wrong,textual,coefficient,2.897880044972042,2.897880044972042,positive,2,2,305
C_LOGISTIC_REGRESSION,final_training_fit,4,239,stop,textual,coefficient,2.6574623020088075,2.6574623020088075,positive,3,3,304
C_LOGISTIC_REGRESSION,final_training_fit,4,197,physical,textual,coefficient,2.2609665192977926,2.2609665192977926,positive,4,4,303
C_LOGISTIC_REGRESSION,final_training_fit,4,285,ve,textual,coefficient,2.2041249721078775,2.2041249721078775,positive,5,5,302
C_LOGISTIC_REGRESSION,final_training_fit,4,95,feel,textual,coefficient,2.06437071744882,2.06437071744882,positive,6,6,301
C_LOGISTIC_REGRESSION,final_training_fit,4,98,focus,textual,coefficient,-2.046661970244032,2.046661970244032,negative,7,306,1
C_LOGISTIC_REGRESSION,final_training_fit,4,26,bad,textual,coefficient,2.0006482865520554,2.0006482865520554,positive,8,7,300
C_LOGISTIC_REGRESSION,final_training_fit,4,206,psychiatrist,textual,coefficient,1.9536362395455897,1.9536362395455897,positive,9,8,299
C_LOGISTIC_REGRESSION,final_training_fit,4,69,don,textual,coefficient,1.9330643748063685,1.9330643748063685,positive,10,9,298
C_LOGISTIC_REGRESSION,final_training_fit,4,170,medication,textual,coefficient,-1.8984970390208429,1.8984970390208429,negative,11,305,2
C_LOGISTIC_REGRESSION,final_training_fit,4,33,body,textual,coefficient,1.7982564632692155,1.7982564632692155,positive,12,10,297
C_LOGISTIC_REGRESSION,final_training_fit,4,262,things,textual,coefficient,1.5957195112099434,1.5957195112099434,positive,13,11,296
C_LOGISTIC_REGRESSION,final_training_fit,4,103,friend,textual,coefficient,1.5819262849606808,1.5819262849606808,positive,14,12,295
C_LOGISTIC_REGRESSION,final_training_fit,4,304,views,engagement_or_format,coefficient,-1.5270075833189638,1.5270075833189638,negative,15,304,3
C_LOGISTIC_REGRESSION,final_training_fit,4,13,adhd sep,textual,coefficient,1.5247254698158252,1.5247254698158252,positive,16,13,294
C_LOGISTIC_REGRESSION,final_training_fit,4,250,symptoms,textual,coefficient,-1.4365653558232185,1.4365653558232185,negative,17,303,4
C_LOGISTIC_REGRESSION,final_training_fit,4,277,uh,textual,coefficient,-1.4137590113571337,1.4137590113571337,negative,18,302,5
C_LOGISTIC_REGRESSION,final_training_fit,4,54,diagnosis,textual,coefficient,-1.395209935774769,1.395209935774769,negative,19,301,6
C_LOGISTIC_REGRESSION,final_training_fit,4,137,just,textual,coefficient,-1.3463678506448136,1.3463678506448136,negative,20,300,7
C_LOGISTIC_REGRESSION,final_training_fit,4,303,comments,engagement_or_format,coefficient,1.3181425925815746,1.3181425925815746,positive,21,14,293
C_LOGISTIC_REGRESSION,final_training_fit,4,176,motivation,textual,coefficient,1.3110252447747412,1.3110252447747412,positive,22,15,292
C_LOGISTIC_REGRESSION,final_training_fit,4,116,help,textual,coefficient,1.3007160143900005,1.3007160143900005,positive,23,16,291
C_LOGISTIC_REGRESSION,final_training_fit,4,270,treating,textual,coefficient,1.2856887892671764,1.2856887892671764,positive,24,17,290
C_LOGISTIC_REGRESSION,final_training_fit,4,276,type,textual,coefficient,1.285017524363361,1.285017524363361,positive,25,18,289
C_LOGISTIC_REGRESSION,final_training_fit,4,34,brain,textual,coefficient,1.246399070295671,1.246399070295671,positive,26,19,288
C_LOGISTIC_REGRESSION,final_training_fit,4,109,great,textual,coefficient,1.2344964245569443,1.2344964245569443,positive,27,20,287
C_LOGISTIC_REGRESSION,final_training_fit,4,272,trouble,textual,coefficient,1.2046000796693859,1.2046000796693859,positive,28,21,286
C_LOGISTIC_REGRESSION,final_training_fit,4,223,sensitive,textual,coefficient,1.1850145485275494,1.1850145485275494,positive,29,22,285
C_LOGISTIC_REGRESSION,final_training_fit,4,0,10,textual,coefficient,1.1447529288204057,1.1447529288204057,positive,30,23,284
C_LOGISTIC_REGRESSION,final_training_fit,4,125,important,textual,coefficient,-1.1382269686598967,1.1382269686598967,negative,31,299,8
C_LOGISTIC_REGRESSION,final_training_fit,4,7,adhd autism,textual,coefficient,1.1098648980269248,1.1098648980269248,positive,32,24,283
C_LOGISTIC_REGRESSION,final_training_fit,4,200,potential,textual,coefficient,1.0808942627285634,1.0808942627285634,positive,33,25,282
C_LOGISTIC_REGRESSION,final_training_fit,4,4,add,textual,coefficient,1.0708372177157819,1.0708372177157819,positive,34,26,281
C_LOGISTIC_REGRESSION,final_training_fit,4,120,highly,textual,coefficient,1.041391729078006,1.041391729078006,positive,35,27,280
C_LOGISTIC_REGRESSION,final_training_fit,4,65,doctor,textual,coefficient,-1.0365018339355825,1.0365018339355825,negative,36,298,9
C_LOGISTIC_REGRESSION,final_training_fit,4,202,probably,textual,coefficient,-1.00962877679897,1.00962877679897,negative,37,297,10
C_LOGISTIC_REGRESSION,final_training_fit,4,136,issues,textual,coefficient,-0.9929543655658825,0.9929543655658825,negative,38,296,11
C_LOGISTIC_REGRESSION,final_training_fit,4,242,struggle,textual,coefficient,0.9915096623931253,0.9915096623931253,positive,39,28,279
C_LOGISTIC_REGRESSION,final_training_fit,4,155,look,textual,coefficient,-0.9606946864159632,0.9606946864159632,negative,40,295,12
C_LOGISTIC_REGRESSION,final_training_fit,4,87,exercise,textual,coefficient,0.9601242959255519,0.9601242959255519,positive,41,29,278
C_LOGISTIC_REGRESSION,final_training_fit,4,153,ll,textual,coefficient,-0.9565127674178602,0.9565127674178602,negative,42,294,13
C_LOGISTIC_REGRESSION,final_training_fit,4,222,sense,textual,coefficient,0.9560173464935365,0.9560173464935365,positive,43,30,277
C_LOGISTIC_REGRESSION,final_training_fit,4,70,dopamine,textual,coefficient,0.9485952999348131,0.9485952999348131,positive,44,31,276
C_LOGISTIC_REGRESSION,final_training_fit,4,220,seen,textual,coefficient,-0.9414920561776212,0.9414920561776212,negative,45,293,14
C_LOGISTIC_REGRESSION,final_training_fit,4,251,symptoms adhd,textual,coefficient,-0.9394700072006863,0.9394700072006863,negative,46,292,15
C_LOGISTIC_REGRESSION,final_training_fit,4,40,child,textual,coefficient,0.9391534539971832,0.9391534539971832,positive,47,32,275
C_LOGISTIC_REGRESSION,final_training_fit,4,259,term,textual,coefficient,-0.9386440926919382,0.9386440926919382,negative,48,291,16
C_LOGISTIC_REGRESSION,final_training_fit,4,257,tell,textual,coefficient,-0.9336680560984834,0.9336680560984834,negative,49,290,17
C_LOGISTIC_REGRESSION,final_training_fit,4,111,hard,textual,coefficient,-0.9308720646895211,0.9308720646895211,negative,50,289,18
C_LOGISTIC_REGRESSION,final_training_fit,4,258,tend,textual,coefficient,-0.9211731856896834,0.9211731856896834,negative,51,288,19
C_LOGISTIC_REGRESSION,final_training_fit,4,248,support,textual,coefficient,-0.9199357869178914,0.9199357869178914,negative,52,287,20
C_LOGISTIC_REGRESSION,final_training_fit,4,256,tasks,textual,coefficient,-0.8880327889501358,0.8880327889501358,negative,53,286,21
C_LOGISTIC_REGRESSION,final_training_fit,4,261,thing,textual,coefficient,0.8873714476165305,0.8873714476165305,positive,54,33,274
C_LOGISTIC_REGRESSION,final_training_fit,4,32,bit,textual,coefficient,-0.8858034918467651,0.8858034918467651,negative,55,285,22
C_LOGISTIC_REGRESSION,final_training_fit,4,297,years,textual,coefficient,0.8807872121157035,0.8807872121157035,positive,56,34,273
C_LOGISTIC_REGRESSION,final_training_fit,4,84,everybody,textual,coefficient,0.8801048186351994,0.8801048186351994,positive,57,35,272
C_LOGISTIC_REGRESSION,final_training_fit,4,47,constantly,textual,coefficient,-0.8711033490256784,0.8711033490256784,negative,58,284,23
C_LOGISTIC_REGRESSION,final_training_fit,4,147,levels,textual,coefficient,-0.8699221539992475,0.8699221539992475,negative,59,283,24
C_LOGISTIC_REGRESSION,final_training_fit,4,12,adhd real,textual,coefficient,-0.8573413555162505,0.8573413555162505,negative,60,282,25
C_LOGISTIC_REGRESSION,final_training_fit,4,291,women,textual,coefficient,-0.8443190594486328,0.8443190594486328,negative,61,281,26
C_LOGISTIC_REGRESSION,final_training_fit,4,45,common,textual,coefficient,-0.8439774921542418,0.8439774921542418,negative,62,280,27
C_LOGISTIC_REGRESSION,final_training_fit,4,151,little,textual,coefficient,-0.8402229891273891,0.8402229891273891,negative,63,279,28
C_LOGISTIC_REGRESSION,final_training_fit,4,141,kind,textual,coefficient,-0.839633613902519,0.839633613902519,negative,64,278,29
C_LOGISTIC_REGRESSION,final_training_fit,4,180,need,textual,coefficient,-0.8363854566762887,0.8363854566762887,negative,65,277,30
C_LOGISTIC_REGRESSION,final_training_fit,4,215,right,textual,coefficient,0.833446768932443,0.833446768932443,positive,66,36,271
C_LOGISTIC_REGRESSION,final_training_fit,4,249,sure,textual,coefficient,-0.8327835609210182,0.8327835609210182,negative,67,276,31
C_LOGISTIC_REGRESSION,final_training_fit,4,30,better,textual,coefficient,-0.8307702646783,0.8307702646783,negative,68,275,32
C_LOGISTIC_REGRESSION,final_training_fit,4,195,person,textual,coefficient,-0.8200143676048105,0.8200143676048105,negative,69,274,33
C_LOGISTIC_REGRESSION,final_training_fit,4,41,children,textual,coefficient,0.8194113761510036,0.8194113761510036,positive,70,37,270
C_LOGISTIC_REGRESSION,final_training_fit,4,191,pay,textual,coefficient,0.8184522446392359,0.8184522446392359,positive,71,38,269
C_LOGISTIC_REGRESSION,final_training_fit,4,233,sleep,textual,coefficient,-0.8182846589831648,0.8182846589831648,negative,72,273,34
C_LOGISTIC_REGRESSION,final_training_fit,4,247,sugar,textual,coefficient,-0.8129929514805901,0.8129929514805901,negative,73,272,35
C_LOGISTIC_REGRESSION,final_training_fit,4,107,good,textual,coefficient,-0.8123312945495876,0.8123312945495876,negative,74,271,36
C_LOGISTIC_REGRESSION,final_training_fit,4,25,autistic,textual,coefficient,0.8105192920855575,0.8105192920855575,positive,75,39,268
C_LOGISTIC_REGRESSION,final_training_fit,4,199,poor,textual,coefficient,0.8062931952477429,0.8062931952477429,positive,76,40,267
C_LOGISTIC_REGRESSION,final_training_fit,4,35,brains,textual,coefficient,-0.80234776076544,0.80234776076544,negative,77,270,37
C_LOGISTIC_REGRESSION,final_training_fit,4,96,feel like,textual,coefficient,-0.8008502039069518,0.8008502039069518,negative,78,269,38
C_LOGISTIC_REGRESSION,final_training_fit,4,48,control,textual,coefficient,-0.8001438259894398,0.8001438259894398,negative,79,268,39
C_LOGISTIC_REGRESSION,final_training_fit,4,79,emotional,textual,coefficient,0.7990001187094734,0.7990001187094734,positive,80,41,266
C_LOGISTIC_REGRESSION,final_training_fit,4,86,executive,textual,coefficient,-0.7945589956685306,0.7945589956685306,negative,81,267,40
C_LOGISTIC_REGRESSION,final_training_fit,4,288,want,textual,coefficient,0.7678398047219619,0.7678398047219619,positive,82,42,265
C_LOGISTIC_REGRESSION,final_training_fit,4,80,emotions,textual,coefficient,-0.7677350053051407,0.7677350053051407,negative,83,266,41
C_LOGISTIC_REGRESSION,final_training_fit,4,218,school,textual,coefficient,-0.7661448024420047,0.7661448024420047,negative,84,265,42
C_LOGISTIC_REGRESSION,final_training_fit,4,146,let,textual,coefficient,-0.7659815934830162,0.7659815934830162,negative,85,264,43
C_LOGISTIC_REGRESSION,final_training_fit,4,91,explain,textual,coefficient,0.7659170933662244,0.7659170933662244,positive,86,43,264
C_LOGISTIC_REGRESSION,final_training_fit,4,231,signs adhd,textual,coefficient,0.7603651410971233,0.7603651410971233,positive,87,44,263
C_LOGISTIC_REGRESSION,final_training_fit,4,68,doing,textual,coefficient,0.7602871589351753,0.7602871589351753,positive,88,45,262
C_LOGISTIC_REGRESSION,final_training_fit,4,88,experience,textual,coefficient,-0.7575656203872534,0.7575656203872534,negative,89,263,44
C_LOGISTIC_REGRESSION,final_training_fit,4,188,overwhelmed,textual,coefficient,-0.7539760898571457,0.7539760898571457,negative,90,262,45
C_LOGISTIC_REGRESSION,final_training_fit,4,282,use,textual,coefficient,-0.7527423799283375,0.7527423799283375,negative,91,261,46
C_LOGISTIC_REGRESSION,final_training_fit,4,127,impulsive,textual,coefficient,-0.7494845062596919,0.7494845062596919,negative,92,260,47
C_LOGISTIC_REGRESSION,final_training_fit,4,113,having,textual,coefficient,-0.7478044408004947,0.7478044408004947,negative,93,259,48
C_LOGISTIC_REGRESSION,final_training_fit,4,72,drugs,textual,coefficient,-0.745952228988246,0.745952228988246,negative,94,258,49
C_LOGISTIC_REGRESSION,final_training_fit,4,219,second,textual,coefficient,-0.7425447146935453,0.7425447146935453,negative,95,257,50
C_LOGISTIC_REGRESSION,final_training_fit,4,50,day,textual,coefficient,-0.7420108280137117,0.7420108280137117,negative,96,256,51
C_LOGISTIC_REGRESSION,final_training_fit,4,193,people,textual,coefficient,0.7410129316976318,0.7410129316976318,positive,97,46,261
C_LOGISTIC_REGRESSION,final_training_fit,4,53,diagnosed,textual,coefficient,-0.733973080392266,0.733973080392266,negative,98,255,52
C_LOGISTIC_REGRESSION,final_training_fit,4,210,recommend,textual,coefficient,0.7325964268128151,0.7325964268128151,positive,99,47,260
C_LOGISTIC_REGRESSION,final_training_fit,4,268,treat,textual,coefficient,-0.7319575496612324,0.7319575496612324,negative,100,254,53
C_LOGISTIC_REGRESSION,final_training_fit,4,108,got,textual,coefficient,0.7248583998291296,0.7248583998291296,positive,101,48,259
C_LOGISTIC_REGRESSION,final_training_fit,4,85,example,textual,coefficient,-0.7172572917424815,0.7172572917424815,negative,102,253,54
C_LOGISTIC_REGRESSION,final_training_fit,4,101,foods,textual,coefficient,-0.7139839037086477,0.7139839037086477,negative,103,252,55
C_LOGISTIC_REGRESSION,final_training_fit,4,121,home,textual,coefficient,0.7078956864864296,0.7078956864864296,positive,104,49,258
C_LOGISTIC_REGRESSION,final_training_fit,4,192,pay attention,textual,coefficient,0.7074986411313801,0.7074986411313801,positive,105,50,257
C_LOGISTIC_REGRESSION,final_training_fit,4,110,happens,textual,coefficient,-0.7016381622606391,0.7016381622606391,negative,106,251,56
C_LOGISTIC_REGRESSION,final_training_fit,4,177,moving,textual,coefficient,-0.6984317640300539,0.6984317640300539,negative,107,250,57
C_LOGISTIC_REGRESSION,final_training_fit,4,181,neurotypical,textual,coefficient,-0.6934394616399224,0.6934394616399224,negative,108,249,58
C_LOGISTIC_REGRESSION,final_training_fit,4,130,inattentive,textual,coefficient,-0.6902917517480173,0.6902917517480173,negative,109,248,59
C_LOGISTIC_REGRESSION,final_training_fit,4,14,adhd symptoms,textual,coefficient,-0.6812176858260727,0.6812176858260727,negative,110,247,60
C_LOGISTIC_REGRESSION,final_training_fit,4,9,adhd diagnosis,textual,coefficient,-0.6795994091161001,0.6795994091161001,negative,111,246,61
C_LOGISTIC_REGRESSION,final_training_fit,4,15,adhd women,textual,coefficient,-0.6759452664101886,0.6759452664101886,negative,112,245,62
C_LOGISTIC_REGRESSION,final_training_fit,4,236,start,textual,coefficient,-0.6674433165203504,0.6674433165203504,negative,113,244,63
C_LOGISTIC_REGRESSION,final_training_fit,4,117,helpful,textual,coefficient,-0.6625952087273558,0.6625952087273558,negative,114,243,64
C_LOGISTIC_REGRESSION,final_training_fit,4,252,taking,textual,coefficient,-0.656136704697252,0.656136704697252,negative,115,242,65
C_LOGISTIC_REGRESSION,final_training_fit,4,11,adhd medication,textual,coefficient,-0.653784251795756,0.653784251795756,negative,116,241,66
C_LOGISTIC_REGRESSION,final_training_fit,4,169,means,textual,coefficient,0.6490924393550196,0.6490924393550196,positive,117,51,256
C_LOGISTIC_REGRESSION,final_training_fit,4,63,disorders,textual,coefficient,-0.6477296157878235,0.6477296157878235,negative,118,240,67
C_LOGISTIC_REGRESSION,final_training_fit,4,123,hyperactivity,textual,coefficient,-0.6426919785207793,0.6426919785207793,negative,119,239,68
C_LOGISTIC_REGRESSION,final_training_fit,4,134,intense,textual,coefficient,-0.6412363313495298,0.6412363313495298,negative,120,238,69
C_LOGISTIC_REGRESSION,final_training_fit,4,271,treatment,textual,coefficient,-0.635779842023533,0.635779842023533,negative,121,237,70
C_LOGISTIC_REGRESSION,final_training_fit,4,286,video,textual,coefficient,0.6334712625869477,0.6334712625869477,positive,122,52,255
C_LOGISTIC_REGRESSION,final_training_fit,4,78,effects,textual,coefficient,-0.6327147507410744,0.6327147507410744,negative,123,236,71
C_LOGISTIC_REGRESSION,final_training_fit,4,274,trying,textual,coefficient,-0.6320197745641342,0.6320197745641342,negative,124,235,72
C_LOGISTIC_REGRESSION,final_training_fit,4,152,little bit,textual,coefficient,-0.6263705037078117,0.6263705037078117,negative,125,234,73
C_LOGISTIC_REGRESSION,final_training_fit,4,17,adults,textual,coefficient,0.6250677519666212,0.6250677519666212,positive,126,53,254
C_LOGISTIC_REGRESSION,final_training_fit,4,43,come,textual,coefficient,-0.6241435395035199,0.6241435395035199,negative,127,233,74
C_LOGISTIC_REGRESSION,final_training_fit,4,100,food,textual,coefficient,-0.6239276588469371,0.6239276588469371,negative,128,232,75
C_LOGISTIC_REGRESSION,final_training_fit,4,185,oh,textual,coefficient,-0.6224803112701268,0.6224803112701268,negative,129,231,76
C_LOGISTIC_REGRESSION,final_training_fit,4,245,study,textual,coefficient,-0.615990971539575,0.615990971539575,negative,130,230,77
C_LOGISTIC_REGRESSION,final_training_fit,4,49,criteria,textual,coefficient,-0.6093859532955478,0.6093859532955478,negative,131,229,78
C_LOGISTIC_REGRESSION,final_training_fit,4,5,adhd,textual,coefficient,-0.6062610624728132,0.6062610624728132,negative,132,228,79
C_LOGISTIC_REGRESSION,final_training_fit,4,6,adhd adhd,textual,coefficient,0.6027845926139065,0.6027845926139065,positive,133,54,253
C_LOGISTIC_REGRESSION,final_training_fit,4,67,doesn,textual,coefficient,0.5989660562909357,0.5989660562909357,positive,134,55,252
C_LOGISTIC_REGRESSION,final_training_fit,4,19,answer,textual,coefficient,-0.5973477167726522,0.5973477167726522,negative,135,227,80
C_LOGISTIC_REGRESSION,final_training_fit,4,104,function,textual,coefficient,-0.5902706910712016,0.5902706910712016,negative,136,226,81
C_LOGISTIC_REGRESSION,final_training_fit,4,237,stimulant,textual,coefficient,-0.5833696452895115,0.5833696452895115,negative,137,225,82
C_LOGISTIC_REGRESSION,final_training_fit,4,287,wait,textual,coefficient,-0.5830842065416322,0.5830842065416322,negative,138,224,83
C_LOGISTIC_REGRESSION,final_training_fit,4,211,regulation,textual,coefficient,-0.5816706356201196,0.5816706356201196,negative,139,223,84
C_LOGISTIC_REGRESSION,final_training_fit,4,112,harder,textual,coefficient,-0.5792878234357274,0.5792878234357274,negative,140,222,85
C_LOGISTIC_REGRESSION,final_training_fit,4,106,going,textual,coefficient,0.5774227342642407,0.5774227342642407,positive,141,56,251
C_LOGISTIC_REGRESSION,final_training_fit,4,122,hyperactive,textual,coefficient,-0.571491396777625,0.571491396777625,negative,142,221,86
C_LOGISTIC_REGRESSION,final_training_fit,4,8,adhd brain,textual,coefficient,0.5646903082123561,0.5646903082123561,positive,143,57,250
C_LOGISTIC_REGRESSION,final_training_fit,4,2,activity,textual,coefficient,-0.5638353230434183,0.5638353230434183,negative,144,220,87
C_LOGISTIC_REGRESSION,final_training_fit,4,154,long,textual,coefficient,-0.5591898148647604,0.5591898148647604,negative,145,219,88
C_LOGISTIC_REGRESSION,final_training_fit,4,238,stimulants,textual,coefficient,-0.5536491098426957,0.5536491098426957,negative,146,218,89
C_LOGISTIC_REGRESSION,final_training_fit,4,283,using,textual,coefficient,-0.5535817155703047,0.5535817155703047,negative,147,217,90
C_LOGISTIC_REGRESSION,final_training_fit,4,284,usually,textual,coefficient,0.5502151333593428,0.5502151333593428,positive,148,58,249
C_LOGISTIC_REGRESSION,final_training_fit,4,184,number,textual,coefficient,0.5419792932422207,0.5419792932422207,positive,149,59,248
C_LOGISTIC_REGRESSION,final_training_fit,4,75,easily,textual,coefficient,-0.53552384187343,0.53552384187343,negative,150,216,91
C_LOGISTIC_REGRESSION,final_training_fit,4,186,okay,textual,coefficient,-0.5326005639049085,0.5326005639049085,negative,151,215,92
C_LOGISTIC_REGRESSION,final_training_fit,4,144,late,textual,coefficient,-0.5271892570051494,0.5271892570051494,negative,152,214,93
C_LOGISTIC_REGRESSION,final_training_fit,4,157,lot,textual,coefficient,0.5198692547524776,0.5198692547524776,positive,153,60,247
C_LOGISTIC_REGRESSION,final_training_fit,4,128,impulsivity,textual,coefficient,-0.5178437188126099,0.5178437188126099,negative,154,213,94
C_LOGISTIC_REGRESSION,final_training_fit,4,208,real,textual,coefficient,-0.5142000117278493,0.5142000117278493,negative,155,212,95
C_LOGISTIC_REGRESSION,final_training_fit,4,182,neurotypical person,textual,coefficient,-0.5106624857359793,0.5106624857359793,negative,156,211,96
C_LOGISTIC_REGRESSION,final_training_fit,4,165,manage,textual,coefficient,-0.5083868799542388,0.5083868799542388,negative,157,210,97
C_LOGISTIC_REGRESSION,final_training_fit,4,73,dysfunction,textual,coefficient,0.504418021436632,0.504418021436632,positive,158,61,246
C_LOGISTIC_REGRESSION,final_training_fit,4,171,medications,textual,coefficient,-0.5001429899589321,0.5001429899589321,negative,159,209,98
C_LOGISTIC_REGRESSION,final_training_fit,4,174,mind,textual,coefficient,-0.4989675510226693,0.4989675510226693,negative,160,208,99
C_LOGISTIC_REGRESSION,final_training_fit,4,149,like,textual,coefficient,-0.49654850228254654,0.49654850228254654,negative,161,207,100
C_LOGISTIC_REGRESSION,final_training_fit,4,289,way,textual,coefficient,0.4897297334403377,0.4897297334403377,positive,162,62,245
C_LOGISTIC_REGRESSION,final_training_fit,4,273,try,textual,coefficient,0.4886222082897608,0.4886222082897608,positive,163,63,244
C_LOGISTIC_REGRESSION,final_training_fit,4,64,distracted,textual,coefficient,-0.48580721768408575,0.48580721768408575,negative,164,206,101
C_LOGISTIC_REGRESSION,final_training_fit,4,164,making,textual,coefficient,-0.4832536763122847,0.4832536763122847,negative,165,205,102
C_LOGISTIC_REGRESSION,final_training_fit,4,189,parents,textual,coefficient,-0.48316901248576655,0.48316901248576655,negative,166,204,103
C_LOGISTIC_REGRESSION,final_training_fit,4,61,difficulty,textual,coefficient,-0.4827897895880054,0.4827897895880054,negative,167,203,104
C_LOGISTIC_REGRESSION,final_training_fit,4,99,follow,textual,coefficient,-0.4805230401612658,0.4805230401612658,negative,168,202,105
C_LOGISTIC_REGRESSION,final_training_fit,4,213,relationships,textual,coefficient,-0.4786545267302622,0.4786545267302622,negative,169,201,106
C_LOGISTIC_REGRESSION,final_training_fit,4,62,disorder,textual,coefficient,-0.47458536678739904,0.47458536678739904,negative,170,200,107
C_LOGISTIC_REGRESSION,final_training_fit,4,279,unable,textual,coefficient,-0.47338515875796405,0.47338515875796405,negative,171,199,108
C_LOGISTIC_REGRESSION,final_training_fit,4,225,sensory,textual,coefficient,-0.47030383709867807,0.47030383709867807,negative,172,198,109
C_LOGISTIC_REGRESSION,final_training_fit,4,10,adhd just,textual,coefficient,-0.47017986690701125,0.47017986690701125,negative,173,197,110
C_LOGISTIC_REGRESSION,final_training_fit,4,138,key,textual,coefficient,-0.4634603314656234,0.4634603314656234,negative,174,196,111
C_LOGISTIC_REGRESSION,final_training_fit,4,198,point,textual,coefficient,-0.4574594138954711,0.4574594138954711,negative,175,195,112
C_LOGISTIC_REGRESSION,final_training_fit,4,190,patients,textual,coefficient,0.4569569573812972,0.4569569573812972,positive,176,64,243
C_LOGISTIC_REGRESSION,final_training_fit,4,300,certainty_score,handcrafted_linguistic,coefficient,0.4538353582931579,0.4538353582931579,positive,177,65,242
C_LOGISTIC_REGRESSION,final_training_fit,4,93,fact,textual,coefficient,-0.45294751346159334,0.45294751346159334,negative,178,194,113
C_LOGISTIC_REGRESSION,final_training_fit,4,92,explained,textual,coefficient,-0.4471399668095744,0.4471399668095744,negative,179,193,114
C_LOGISTIC_REGRESSION,final_training_fit,4,142,know,textual,coefficient,0.44040244855115107,0.44040244855115107,positive,180,66,241
C_LOGISTIC_REGRESSION,final_training_fit,4,175,mood,textual,coefficient,-0.4343932805162272,0.4343932805162272,negative,181,192,115
C_LOGISTIC_REGRESSION,final_training_fit,4,240,strategies,textual,coefficient,-0.4336127132000964,0.4336127132000964,negative,182,191,116
C_LOGISTIC_REGRESSION,final_training_fit,4,281,understanding,textual,coefficient,-0.43200591382820475,0.43200591382820475,negative,183,190,117
C_LOGISTIC_REGRESSION,final_training_fit,4,133,instead,textual,coefficient,-0.42676147827989064,0.42676147827989064,negative,184,189,118
C_LOGISTIC_REGRESSION,final_training_fit,4,166,management,textual,coefficient,-0.4209622638286209,0.4209622638286209,negative,185,188,119
C_LOGISTIC_REGRESSION,final_training_fit,4,158,lots,textual,coefficient,-0.4181042208471501,0.4181042208471501,negative,186,187,120
C_LOGISTIC_REGRESSION,final_training_fit,4,16,adult,textual,coefficient,-0.41763867338584976,0.41763867338584976,negative,187,186,121
C_LOGISTIC_REGRESSION,final_training_fit,4,244,struggling,textual,coefficient,-0.4143045877502171,0.4143045877502171,negative,188,185,122
C_LOGISTIC_REGRESSION,final_training_fit,4,241,structure,textual,coefficient,-0.41276132711899965,0.41276132711899965,negative,189,184,123
C_LOGISTIC_REGRESSION,final_training_fit,4,81,end,textual,coefficient,0.41216290109299336,0.41216290109299336,positive,190,67,240
C_LOGISTIC_REGRESSION,final_training_fit,4,179,natural,textual,coefficient,0.4082796225112186,0.4082796225112186,positive,191,68,239
C_LOGISTIC_REGRESSION,final_training_fit,4,162,make sure,textual,coefficient,-0.4064134937848859,0.4064134937848859,negative,192,183,124
C_LOGISTIC_REGRESSION,final_training_fit,4,114,health,textual,coefficient,-0.40209307200972944,0.40209307200972944,negative,193,182,125
C_LOGISTIC_REGRESSION,final_training_fit,4,172,meds,textual,coefficient,-0.39610265986644316,0.39610265986644316,negative,194,181,126
C_LOGISTIC_REGRESSION,final_training_fit,4,124,impact,textual,coefficient,-0.3941932627886787,0.3941932627886787,negative,195,180,127
C_LOGISTIC_REGRESSION,final_training_fit,4,102,forget,textual,coefficient,-0.3895718857535048,0.3895718857535048,negative,196,179,128
C_LOGISTIC_REGRESSION,final_training_fit,4,46,condition,textual,coefficient,-0.385865516273457,0.385865516273457,negative,197,178,129
C_LOGISTIC_REGRESSION,final_training_fit,4,37,care,textual,coefficient,-0.3778375027187997,0.3778375027187997,negative,198,177,130
C_LOGISTIC_REGRESSION,final_training_fit,4,275,turn,textual,coefficient,-0.37644357735122125,0.37644357735122125,negative,199,176,131
C_LOGISTIC_REGRESSION,final_training_fit,4,51,deficit,textual,coefficient,-0.3757631853254683,0.3757631853254683,negative,200,175,132
C_LOGISTIC_REGRESSION,final_training_fit,4,131,increase,textual,coefficient,0.3757296843997984,0.3757296843997984,positive,201,69,238
C_LOGISTIC_REGRESSION,final_training_fit,4,1,able,textual,coefficient,0.3740464542211397,0.3740464542211397,positive,202,70,237
C_LOGISTIC_REGRESSION,final_training_fit,4,246,stuff,textual,coefficient,-0.3686547505037031,0.3686547505037031,negative,203,174,133
C_LOGISTIC_REGRESSION,final_training_fit,4,305,duration_sec,engagement_or_format,coefficient,-0.36091780552813085,0.36091780552813085,negative,204,173,134
C_LOGISTIC_REGRESSION,final_training_fit,4,294,world,textual,coefficient,0.3581885181249701,0.3581885181249701,positive,205,71,236
C_LOGISTIC_REGRESSION,final_training_fit,4,196,phone,textual,coefficient,0.35704266304891724,0.35704266304891724,positive,206,72,235
C_LOGISTIC_REGRESSION,final_training_fit,4,302,likes,engagement_or_format,coefficient,0.35612623350929057,0.35612623350929057,positive,207,73,234
C_LOGISTIC_REGRESSION,final_training_fit,4,160,low,textual,coefficient,-0.3559327019004105,0.3559327019004105,negative,208,172,135
C_LOGISTIC_REGRESSION,final_training_fit,4,201,present,textual,coefficient,-0.35332640893389716,0.35332640893389716,negative,209,171,136
C_LOGISTIC_REGRESSION,final_training_fit,4,221,self,textual,coefficient,0.3522273228897695,0.3522273228897695,positive,210,74,233
C_LOGISTIC_REGRESSION,final_training_fit,4,66,does,textual,coefficient,-0.35078266975974803,0.35078266975974803,negative,211,170,137
C_LOGISTIC_REGRESSION,final_training_fit,4,243,struggles,textual,coefficient,-0.3495504108734508,0.3495504108734508,negative,212,169,138
C_LOGISTIC_REGRESSION,final_training_fit,4,28,behaviors,textual,coefficient,-0.3481316497996265,0.3481316497996265,negative,213,168,139
C_LOGISTIC_REGRESSION,final_training_fit,4,39,challenges,textual,coefficient,-0.3447125629166304,0.3447125629166304,negative,214,167,140
C_LOGISTIC_REGRESSION,final_training_fit,4,212,rejection,textual,coefficient,-0.33939886258406177,0.33939886258406177,negative,215,166,141
C_LOGISTIC_REGRESSION,final_training_fit,4,183,non,textual,coefficient,-0.33865097587370613,0.33865097587370613,negative,216,165,142
C_LOGISTIC_REGRESSION,final_training_fit,4,173,mental,textual,coefficient,-0.3357603746768409,0.3357603746768409,negative,217,164,143
C_LOGISTIC_REGRESSION,final_training_fit,4,266,time,textual,coefficient,-0.3319631820210205,0.3319631820210205,negative,218,163,144
C_LOGISTIC_REGRESSION,final_training_fit,4,224,sensitivity,textual,coefficient,-0.3313370792647902,0.3313370792647902,negative,219,162,145
C_LOGISTIC_REGRESSION,final_training_fit,4,227,sep adhd,textual,coefficient,-0.3237936698529809,0.3237936698529809,negative,220,161,146
C_LOGISTIC_REGRESSION,final_training_fit,4,301,hedge_score,handcrafted_linguistic,coefficient,-0.31791528284773807,0.31791528284773807,negative,221,160,147
C_LOGISTIC_REGRESSION,final_training_fit,4,55,diagnostic,textual,coefficient,-0.3025720366998517,0.3025720366998517,negative,222,159,148
C_LOGISTIC_REGRESSION,final_training_fit,4,126,improve,textual,coefficient,0.3011649521984975,0.3011649521984975,positive,223,75,232
C_LOGISTIC_REGRESSION,final_training_fit,4,167,maybe,textual,coefficient,0.2905897817185167,0.2905897817185167,positive,224,76,231
C_LOGISTIC_REGRESSION,final_training_fit,4,168,mean,textual,coefficient,0.28632060881951277,0.28632060881951277,positive,225,77,230
C_LOGISTIC_REGRESSION,final_training_fit,4,83,especially,textual,coefficient,0.2750030134052256,0.2750030134052256,positive,226,78,229
C_LOGISTIC_REGRESSION,final_training_fit,4,139,kid,textual,coefficient,-0.2732597968471945,0.2732597968471945,negative,227,158,149
C_LOGISTIC_REGRESSION,final_training_fit,4,230,signs,textual,coefficient,-0.26592751887561916,0.26592751887561916,negative,228,157,150
C_LOGISTIC_REGRESSION,final_training_fit,4,292,work,textual,coefficient,-0.26244587572288064,0.26244587572288064,negative,229,156,151
C_LOGISTIC_REGRESSION,final_training_fit,4,23,audhd,textual,coefficient,-0.25875089217994396,0.25875089217994396,negative,230,155,152
C_LOGISTIC_REGRESSION,final_training_fit,4,161,make,textual,coefficient,-0.2580055417563566,0.2580055417563566,negative,231,154,153
C_LOGISTIC_REGRESSION,final_training_fit,4,293,works,textual,coefficient,0.2578075525115741,0.2578075525115741,positive,232,79,228
C_LOGISTIC_REGRESSION,final_training_fit,4,129,inattention,textual,coefficient,-0.2504012561062462,0.2504012561062462,negative,233,153,154
C_LOGISTIC_REGRESSION,final_training_fit,4,18,affects,textual,coefficient,-0.24985696728103948,0.24985696728103948,negative,234,152,155
C_LOGISTIC_REGRESSION,final_training_fit,4,232,sit,textual,coefficient,0.24716502225890594,0.24716502225890594,positive,235,80,227
C_LOGISTIC_REGRESSION,final_training_fit,4,3,actually,textual,coefficient,-0.24694376216015293,0.24694376216015293,negative,236,151,156
C_LOGISTIC_REGRESSION,final_training_fit,4,44,comes,textual,coefficient,0.2454590832345906,0.2454590832345906,positive,237,81,226
C_LOGISTIC_REGRESSION,final_training_fit,4,31,big,textual,coefficient,0.2425393864093105,0.2425393864093105,positive,238,82,225
C_LOGISTIC_REGRESSION,final_training_fit,4,135,isn,textual,coefficient,0.24112408280920075,0.24112408280920075,positive,239,83,224
C_LOGISTIC_REGRESSION,final_training_fit,4,150,likely,textual,coefficient,-0.23220736934216818,0.23220736934216818,negative,240,150,157
C_LOGISTIC_REGRESSION,final_training_fit,4,214,remember,textual,coefficient,-0.23095607642429025,0.23095607642429025,negative,241,149,158
C_LOGISTIC_REGRESSION,final_training_fit,4,42,college,textual,coefficient,-0.23003643084575848,0.23003643084575848,negative,242,148,159
C_LOGISTIC_REGRESSION,final_training_fit,4,71,dr,textual,coefficient,-0.22708797357219745,0.22708797357219745,negative,243,147,160
C_LOGISTIC_REGRESSION,final_training_fit,4,89,experts,textual,coefficient,-0.2242705977653761,0.2242705977653761,negative,244,146,161
C_LOGISTIC_REGRESSION,final_training_fit,4,234,small,textual,coefficient,0.22410970622678156,0.22410970622678156,positive,245,84,223
C_LOGISTIC_REGRESSION,final_training_fit,4,217,saying,textual,coefficient,0.22116727943382705,0.22116727943382705,positive,246,85,222
C_LOGISTIC_REGRESSION,final_training_fit,4,24,autism,textual,coefficient,0.2187490837868105,0.2187490837868105,positive,247,86,221
C_LOGISTIC_REGRESSION,final_training_fit,4,20,answer sep,textual,coefficient,-0.21485867182203736,0.21485867182203736,negative,248,145,162
C_LOGISTIC_REGRESSION,final_training_fit,4,115,hear,textual,coefficient,-0.21289166874963014,0.21289166874963014,negative,249,144,163
C_LOGISTIC_REGRESSION,final_training_fit,4,90,experts answer,textual,coefficient,-0.2105586269874804,0.2105586269874804,negative,250,143,164
C_LOGISTIC_REGRESSION,final_training_fit,4,21,anxiety,textual,coefficient,0.21050467476061707,0.21050467476061707,positive,251,87,220
C_LOGISTIC_REGRESSION,final_training_fit,4,156,looking,textual,coefficient,0.20434795841001155,0.20434795841001155,positive,252,88,219
C_LOGISTIC_REGRESSION,final_training_fit,4,57,diet,textual,coefficient,-0.19481851571577558,0.19481851571577558,negative,253,142,165
C_LOGISTIC_REGRESSION,final_training_fit,4,260,therapy,textual,coefficient,0.193294499782905,0.193294499782905,positive,254,89,218
C_LOGISTIC_REGRESSION,final_training_fit,4,194,people adhd,textual,coefficient,-0.1895302522363734,0.1895302522363734,negative,255,141,166
C_LOGISTIC_REGRESSION,final_training_fit,4,264,think,textual,coefficient,0.18449164322146036,0.18449164322146036,positive,256,90,217
C_LOGISTIC_REGRESSION,final_training_fit,4,254,talking,textual,coefficient,-0.1833992142715803,0.1833992142715803,negative,257,140,167
C_LOGISTIC_REGRESSION,final_training_fit,4,278,um,textual,coefficient,0.18102414923539673,0.18102414923539673,positive,258,91,216
C_LOGISTIC_REGRESSION,final_training_fit,4,60,differently,textual,coefficient,-0.1800613105923931,0.1800613105923931,negative,259,139,168
C_LOGISTIC_REGRESSION,final_training_fit,4,94,family,textual,coefficient,0.17959135384558145,0.17959135384558145,positive,260,92,215
C_LOGISTIC_REGRESSION,final_training_fit,4,229,sign,textual,coefficient,0.1780654071225739,0.1780654071225739,positive,261,93,214
C_LOGISTIC_REGRESSION,final_training_fit,4,204,problems,textual,coefficient,-0.1744181958405106,0.1744181958405106,negative,262,138,169
C_LOGISTIC_REGRESSION,final_training_fit,4,187,options,textual,coefficient,-0.17333612074955865,0.17333612074955865,negative,263,137,170
C_LOGISTIC_REGRESSION,final_training_fit,4,290,ways,textual,coefficient,0.17011484687471357,0.17011484687471357,positive,264,94,213
C_LOGISTIC_REGRESSION,final_training_fit,4,140,kids,textual,coefficient,-0.15990744700321466,0.15990744700321466,negative,265,136,171
C_LOGISTIC_REGRESSION,final_training_fit,4,27,behavior,textual,coefficient,0.15825457866260811,0.15825457866260811,positive,266,95,212
C_LOGISTIC_REGRESSION,final_training_fit,4,77,eating,textual,coefficient,0.1529652092010411,0.1529652092010411,positive,267,96,211
C_LOGISTIC_REGRESSION,final_training_fit,4,178,music,textual,coefficient,0.15259361419138412,0.15259361419138412,positive,268,97,210
C_LOGISTIC_REGRESSION,final_training_fit,4,148,life,textual,coefficient,-0.15123515524151468,0.15123515524151468,negative,269,135,172
C_LOGISTIC_REGRESSION,final_training_fit,4,207,quickly,textual,coefficient,-0.14947664479068634,0.14947664479068634,negative,270,134,173
C_LOGISTIC_REGRESSION,final_training_fit,4,235,social,textual,coefficient,-0.14872560350665867,0.14872560350665867,negative,271,133,174
C_LOGISTIC_REGRESSION,final_training_fit,4,226,sep,textual,coefficient,0.13629676325348,0.13629676325348,positive,272,98,209
C_LOGISTIC_REGRESSION,final_training_fit,4,59,different,textual,coefficient,0.13470582829236127,0.13470582829236127,positive,273,99,208
C_LOGISTIC_REGRESSION,final_training_fit,4,119,high,textual,coefficient,0.1278535080230359,0.1278535080230359,positive,274,100,207
C_LOGISTIC_REGRESSION,final_training_fit,4,299,एक,textual,coefficient,-0.12496396172671194,0.12496396172671194,negative,275,132,175
C_LOGISTIC_REGRESSION,final_training_fit,4,22,attention,textual,coefficient,0.12389008794806575,0.12389008794806575,positive,276,101,206
C_LOGISTIC_REGRESSION,final_training_fit,4,36,called,textual,coefficient,-0.12040452711949134,0.12040452711949134,negative,277,131,176
C_LOGISTIC_REGRESSION,final_training_fit,4,216,say,textual,coefficient,-0.11628793865119649,0.11628793865119649,negative,278,130,177
C_LOGISTIC_REGRESSION,final_training_fit,4,56,did,textual,coefficient,-0.11397664062663095,0.11397664062663095,negative,279,129,178
C_LOGISTIC_REGRESSION,final_training_fit,4,97,feeling,textual,coefficient,0.11092540022305102,0.11092540022305102,positive,280,102,205
C_LOGISTIC_REGRESSION,final_training_fit,4,52,depression,textual,coefficient,0.10551142386791552,0.10551142386791552,positive,281,103,204
C_LOGISTIC_REGRESSION,final_training_fit,4,263,things like,textual,coefficient,0.0966263201703929,0.0966263201703929,positive,282,104,203
C_LOGISTIC_REGRESSION,final_training_fit,4,132,information,textual,coefficient,0.09645297426325984,0.09645297426325984,positive,283,105,202
C_LOGISTIC_REGRESSION,final_training_fit,4,38,certain,textual,coefficient,0.0953771739859458,0.0953771739859458,positive,284,106,201
C_LOGISTIC_REGRESSION,final_training_fit,4,267,times,textual,coefficient,-0.09229988948169118,0.09229988948169118,negative,285,128,179
C_LOGISTIC_REGRESSION,final_training_fit,4,105,getting,textual,coefficient,0.08911578606844825,0.08911578606844825,positive,286,107,200
C_LOGISTIC_REGRESSION,final_training_fit,4,253,talk,textual,coefficient,0.08527947432646935,0.08527947432646935,positive,287,108,199
C_LOGISTIC_REGRESSION,final_training_fit,4,255,task,textual,coefficient,-0.0850677962088963,0.0850677962088963,negative,288,127,180
C_LOGISTIC_REGRESSION,final_training_fit,4,143,lack,textual,coefficient,0.0843715430725705,0.0843715430725705,positive,289,109,198
C_LOGISTIC_REGRESSION,final_training_fit,4,145,lead,textual,coefficient,-0.08215297762904737,0.08215297762904737,negative,290,126,181
C_LOGISTIC_REGRESSION,final_training_fit,4,265,thinking,textual,coefficient,-0.08122608726557835,0.08122608726557835,negative,291,125,182
C_LOGISTIC_REGRESSION,final_training_fit,4,74,early,textual,coefficient,0.07943732991012714,0.07943732991012714,positive,292,110,197
C_LOGISTIC_REGRESSION,final_training_fit,4,298,इपर,textual,coefficient,-0.07877271328474995,0.07877271328474995,negative,293,124,183
C_LOGISTIC_REGRESSION,final_training_fit,4,159,love,textual,coefficient,0.07762379721432378,0.07762379721432378,positive,294,111,196
C_LOGISTIC_REGRESSION,final_training_fit,4,209,really,textual,coefficient,-0.06775711589970701,0.06775711589970701,negative,295,123,184
C_LOGISTIC_REGRESSION,final_training_fit,4,228,shorts,textual,coefficient,-0.06559689669213636,0.06559689669213636,negative,296,122,185
C_LOGISTIC_REGRESSION,final_training_fit,4,269,treated,textual,coefficient,-0.0606914098601604,0.0606914098601604,negative,297,121,186
C_LOGISTIC_REGRESSION,final_training_fit,4,280,understand,textual,coefficient,-0.04740800201807832,0.04740800201807832,negative,298,120,187
C_LOGISTIC_REGRESSION,final_training_fit,4,29,best,textual,coefficient,0.0472502819176057,0.0472502819176057,positive,299,112,195
C_LOGISTIC_REGRESSION,final_training_fit,4,203,problem,textual,coefficient,0.04493773991666283,0.04493773991666283,positive,300,113,194
C_LOGISTIC_REGRESSION,final_training_fit,4,118,helps,textual,coefficient,0.037904898692410226,0.037904898692410226,positive,301,114,193
C_LOGISTIC_REGRESSION,final_training_fit,4,163,makes,textual,coefficient,-0.033575167131743924,0.033575167131743924,negative,302,119,188
C_LOGISTIC_REGRESSION,final_training_fit,4,58,difference,textual,coefficient,0.03155337500584107,0.03155337500584107,positive,303,115,192
C_LOGISTIC_REGRESSION,final_training_fit,4,76,eat,textual,coefficient,0.027833372992074196,0.027833372992074196,positive,304,116,191
C_LOGISTIC_REGRESSION,final_training_fit,4,296,yeah,textual,coefficient,-0.010612628763797061,0.010612628763797061,negative,305,118,189
C_LOGISTIC_REGRESSION,final_training_fit,4,205,protein,textual,coefficient,-0.00793091225453786,0.00793091225453786,negative,306,117,190
